{"type": "FeatureCollection", "crs": {"type": "name", "properties": {"name": "EPSG:32628_local_enu_m_section_centroid", "lng0": -17.79846406630219, "lat0": 28.604146480290062}}, "features": [{"type": "Feature", "geometry": {"type": "Polygon", "coordinates": [[[2798.8900944093093, 853.5439058898539], [2824.8871277724006, 851.3656166024032], [2824.8871277724006, 911.1948791331142], [2729.792716259812, 898.9624658898747], [2742.6934997332987, 847.0873458895447], [2798.8900944093093, 853.5439058898539]]]}, "properties": {"name": "", "kind": "scrub", "category": "parque", "extrude": false}}, {"type": "Feature", "geometry": {"type": "Polygon", "coordinates": [[[2791.7555702156333, 596.3947058897019], [2758.8194790749835, 596.8399858897641], [2760.4809436131986, 591.1626658898604], [2761.7514753188316, 585.4853458895611], [2770.7429304671878, 546.8573058897975], [2772.697594629753, 538.2856658896869], [2779.1479863664963, 513.2386658896464], [2790.3873053017683, 459.4711058897441], [2804.851820105238, 437.207105889796], [2824.8871277724006, 443.19549028700305], [2824.8871277724006, 734.3900735863335], [2768.2996002638074, 725.9711858896213], [2715.3282014563424, 718.4014258897497], [2714.253136166827, 704.1524658897355], [2724.2219233964656, 698.0298658897696], [2727.3493860564313, 695.2468658896771], [2762.826540608347, 696.5827058898639], [2821.1732658633878, 693.4657458898237], [2812.2795439232636, 648.7151058896985], [2808.7611484303684, 635.3567058898088], [2801.626624236693, 610.6436658897161], [2804.167687648305, 599.9569458898043], [2791.7555702156333, 596.3947058897019]]]}, "properties": {"name": "", "kind": "farmland", "category": "parque", "extrude": false}}, {"type": "Feature", "geometry": {"type": "Polygon", "coordinates": [[[2389.583418752362, 1118.8194658896589], [2445.7800134283725, 1123.4949058897191], [2443.1412168088746, 1092.3253058897128], [2428.676702005405, 1048.3539058895976], [2462.1991923944074, 1044.9029858896097], [2466.499453552468, 1068.0575458896824], [2522.500581812014, 1090.098905889797], [2544.97921968221, 1103.7912658896346], [2557.5868035313465, 1107.353505889737], [2556.9026710744142, 1129.951465889633], [2563.070722432012, 1140.6381858899404], [2301.619933891381, 1140.6381858899404], [2389.583418752362, 1118.8194658896589]]]}, "properties": {"name": "", "kind": "scrub", "category": "parque", "extrude": false}}, {"type": "Feature", "geometry": {"type": "Polygon", "coordinates": [[[1625.1142647443742, 1119.1534258896068], [1616.3627402193174, 1140.6381858899404], [1583.2711792529105, 1140.6381858899404], [1585.2391158265136, 1114.7006258897752], [1625.1142647443742, 1119.1534258896068]]]}, "properties": {"name": "", "kind": "scrub", "category": "parque", "extrude": false}}, {"type": "Feature", "geometry": {"type": "Polygon", "coordinates": [[[1653.065962270031, 1013.6220658898843], [1649.2543671527856, 1029.652145889752], [1646.9087701576377, 1039.4483058895394], [1646.8110369494052, 1066.721705889891], [1647.00650336587, 1096.4441458895963], [1642.7062422078097, 1117.3723058897533], [1635.1562900233687, 1140.6381858899404], [1616.3627402193174, 1140.6381858899404], [1625.1142647443742, 1119.1534258896068], [1630.587324399488, 1105.795025889717], [1630.880524023838, 1104.2365458896968], [1633.4215874354506, 1089.3196658897868], [1636.1581172631809, 1059.2632658897382], [1634.2034531006157, 1047.24070588964], [1634.2034531006157, 1031.0993058896577], [1631.1737236485353, 1009.837185889553], [1653.065962270031, 1013.6220658898843]]]}, "properties": {"name": "", "kind": "scrub", "category": "parque", "extrude": false}}, {"type": "Feature", "geometry": {"type": "Polygon", "coordinates": [[[1642.7062422078097, 1117.3723058897533], [1647.00650336587, 1096.4441458895963], [1663.718881956255, 1097.000745889773], [1698.7073704677027, 1102.5667458895623], [1715.6152154745525, 1106.0176658895502], [1713.9537509363374, 1133.402385889621], [1715.5671245308577, 1140.6381858899404], [1635.1562900233687, 1140.6381858899404], [1642.7062422078097, 1117.3723058897533]]]}, "properties": {"name": "", "kind": "orchard", "category": "parque", "extrude": false}}, {"type": "Feature", "geometry": {"type": "Polygon", "coordinates": [[[1874.7669004092725, 1140.6381858899404], [1819.0159421189833, 1140.6381858899404], [1821.3625466733658, 1138.745745889577], [1830.5494682374922, 1120.377945889679], [1834.1655969386202, 1113.1421458897553], [1847.4573132443422, 1107.1308658895082], [1874.7669004092725, 1140.6381858899404]]]}, "properties": {"name": "", "kind": "scrub", "category": "parque", "extrude": false}}, {"type": "Feature", "geometry": {"type": "Polygon", "coordinates": [[[1787.6445898675508, 1122.9383058895426], [1789.794720446581, 1128.281665889894], [1791.065252152214, 1133.7363458895688], [1793.7760627147477, 1140.6381858899404], [1781.1203386832638, 1140.6381858899404], [1787.6445898675508, 1122.9383058895426]]]}, "properties": {"name": "", "kind": "scrub", "category": "parque", "extrude": false}}, {"type": "Feature", "geometry": {"type": "Polygon", "coordinates": [[[1847.4573132443422, 1107.1308658895082], [1871.1087496122857, 1102.5667458895623], [1877.2659417246791, 1101.4535458896044], [1892.5123221933136, 1097.334705889721], [1893.8805871071788, 1085.6461058895702], [1922.7118835062329, 1094.2177458896806], [1951.7386463214045, 1075.0707058897726], [1967.2782264143896, 1127.1684658895406], [1981.3268239565066, 1140.6381858899404], [1874.7669004092725, 1140.6381858899404], [1847.4573132443422, 1107.1308658895082]]]}, "properties": {"name": "", "kind": "scrub", "category": "parque", "extrude": false}}, {"type": "Feature", "geometry": {"type": "Polygon", "coordinates": [[[1824.880942165914, 1085.0895058897888], [1830.5494682374922, 1120.377945889679], [1821.3625466733658, 1138.745745889577], [1819.0159421189833, 1140.6381858899404], [1793.7760627147477, 1140.6381858899404], [1791.065252152214, 1133.7363458895688], [1789.794720446581, 1128.281665889894], [1787.6445898675508, 1122.9383058895426], [1796.0496457668596, 1070.172625889879], [1832.797332024755, 1067.3896258897867], [1824.880942165914, 1085.0895058897888]]]}, "properties": {"name": "", "kind": "orchard", "category": "parque", "extrude": false}}, {"type": "Feature", "geometry": {"type": "Polygon", "coordinates": [[[1212.9733260518112, 1095.219625889524], [1179.7440352868116, 1081.8612258896342], [1229.6857046421965, 1024.3087858897961], [1232.5199676781592, 1027.3144258897219], [1235.7451635463572, 1028.872905889742], [1242.1955552831007, 1029.2068658896897], [1248.6459470198442, 1028.5389458897941], [1258.614734249483, 1027.3144258897219], [1276.2067117132656, 1028.5389458897941], [1281.2888385357965, 1032.5464658895633], [1285.0027004448098, 1037.333225889738], [1290.5734933085027, 1039.2256658897059], [1289.00976197852, 1050.2463458895656], [1281.972970992729, 1083.976305889831], [1285.882299318207, 1096.5554658897108], [1301.7150790355417, 1101.3422258898854], [1304.35387565504, 1106.0176658895502], [1254.6076727157727, 1107.353505889737], [1254.7196352799465, 1140.6381858899404], [1240.0201782499348, 1140.6381858899404], [1212.9733260518112, 1095.219625889524]]]}, "properties": {"name": "", "kind": "orchard", "category": "parque", "extrude": false}}, {"type": "Feature", "geometry": {"type": "Polygon", "coordinates": [[[1373.0603209719548, 1018.1861858898301], [1394.268427136518, 1076.9631458897406], [1395.050292801683, 1079.078225889542], [1397.5913562129485, 1096.221505889763], [1371.4965896416247, 1106.4629458896125], [1347.9428864819135, 1108.1327458897472], [1343.740358532433, 1088.2064658898291], [1324.6823829465527, 1086.8706258896423], [1321.3594538701223, 1106.3516258898935], [1304.35387565504, 1106.0176658895502], [1301.7150790355417, 1101.3422258898854], [1285.882299318207, 1096.5554658897108], [1282.168437409194, 1082.8631058898732], [1289.00976197852, 1050.2463458895656], [1373.0603209719548, 1018.1861858898301]]]}, "properties": {"name": "", "kind": "farmland", "category": "parque", "extrude": false}}, {"type": "Feature", "geometry": {"type": "Polygon", "coordinates": [[[2627.9547133864767, 1134.7382258898076], [2636.091580128438, 1140.6381858899404], [2610.073214429734, 1140.6381858899404], [2610.2650027144614, 1132.511825889892], [2627.9547133864767, 1134.7382258898076]]]}, "properties": {"name": "", "kind": "farmland", "category": "parque", "extrude": false}}, {"type": "Feature", "geometry": {"type": "Polygon", "coordinates": [[[2556.9026710744142, 1129.951465889633], [2557.5868035313465, 1107.353505889737], [2544.97921968221, 1103.7912658896346], [2522.500581812014, 1090.098905889797], [2466.499453552468, 1068.0575458896824], [2462.1991923944074, 1044.9029858896097], [2535.108165660803, 1039.2256658897059], [2565.6986598063054, 1039.0030258898726], [2602.5440792720856, 1038.8917058897582], [2603.5214113533684, 1050.5803058895135], [2605.280609099816, 1071.731105889899], [2607.430739678499, 1097.7799858897831], [2610.2650027144614, 1132.511825889892], [2610.073214429734, 1140.6381858899404], [2563.070722432012, 1140.6381858899404], [2556.9026710744142, 1129.951465889633]]]}, "properties": {"name": "", "kind": "farmland", "category": "parque", "extrude": false}}, {"type": "Feature", "geometry": {"type": "Polygon", "coordinates": [[[2705.163947810586, 1048.01994588965], [2707.900477638316, 1059.5972258896861], [2712.689404836844, 1080.3027458896142], [2716.4032667458573, 1096.221505889763], [2692.849563585799, 1098.3365858895643], [2693.631429250964, 1123.9401858897813], [2690.8948994232337, 1129.0609058895084], [2683.150706169258, 1140.6381858899404], [2636.091580128438, 1140.6381858899404], [2627.9547133864767, 1134.7382258898076], [2610.2650027144614, 1132.511825889892], [2607.430739678499, 1097.7799858897831], [2605.280609099816, 1071.731105889899], [2603.5214113533684, 1050.5803058895135], [2602.5440792720856, 1038.8917058897582], [2702.9160840236705, 1038.2237858898625], [2705.163947810586, 1048.01994588965]]]}, "properties": {"name": "", "kind": "farmland", "category": "parque", "extrude": false}}, {"type": "Feature", "geometry": {"type": "Polygon", "coordinates": [[[2234.969483487679, 1070.172625889879], [2238.29241256411, 1063.0481458896743], [2251.584128870179, 1053.6972658895536], [2252.365994535344, 1049.3557858898366], [2270.4466380395943, 1034.6615458897602], [2279.926759228418, 1028.093665889732], [2311.005919414388, 1015.06922588979], [2314.3288484908185, 1013.3994258896554], [2363.781851805735, 989.0203458895105], [2414.6031200341704, 981.4505858896389], [2420.564845730446, 1006.1636258897316], [2422.812709517362, 1016.4050658895812], [2425.6469725533248, 1029.5408258896375], [2428.676702005405, 1048.3539058895976], [2400.8227376876334, 1046.5727858897442], [2387.5310213815637, 1048.1312658897643], [2348.2422717127506, 1056.0349858895838], [2285.4975520917637, 1070.283945889598], [2235.2626831120288, 1078.5216258897608], [2234.969483487679, 1070.172625889879]]]}, "properties": {"name": "", "kind": "farmland", "category": "parque", "extrude": false}}, {"type": "Feature", "geometry": {"type": "Polygon", "coordinates": [[[-4044.0959393666467, 912.5435058895978], [-3999.23639683414, 922.562305889614], [-3962.781910200942, 913.7680258896701], [-3961.413645287076, 931.4679058896724], [-3993.9588035951433, 970.3185858896649], [-3986.3356133606526, 988.5750658898438], [-3978.907889542627, 999.9297058896512], [-3962.6841769927096, 1025.421985889754], [-3984.6741488224375, 1055.701025889636], [-4016.9261075061545, 1097.2233858896063], [-4030.1200906039912, 1075.515985889835], [-4023.6696988672484, 1064.940585889642], [-4030.1200906039912, 1053.9199058897825], [-4015.362376176172, 1006.4975858896794], [-4034.3226185534727, 986.459985889647], [-4044.9755382400435, 967.2016258896247], [-4057.3876556727155, 956.4035858895984], [-4076.250164842131, 920.3359058896983], [-4044.0959393666467, 912.5435058895978]]]}, "properties": {"name": "", "kind": "scrub", "category": "parque", "extrude": false}}, {"type": "Feature", "geometry": {"type": "Polygon", "coordinates": [[[-1260.5564385601522, 645.486825889544], [-1221.365422099224, 680.4413058898817], [-1182.9562713034609, 747.3446258898405], [-1155.8841726508545, 819.9252658897029], [-1100.9581096808236, 863.3400658896413], [-1142.2992567204349, 894.5096658896477], [-1170.641887078674, 935.5867458895559], [-1192.1431928679347, 968.3148258895825], [-1226.5452821303347, 941.1527458897408], [-1254.8879124885739, 938.147105889815], [-1313.821036992315, 852.3193858897816], [-1362.1012418094845, 820.3705458897651], [-1467.750839800065, 858.8872658898099], [-1565.0931150995693, 937.1452258895761], [-1620.9965101508826, 978.1109858897653], [-1676.8999052025433, 896.2907858898967], [-1607.313861012578, 854.323145889864], [-1589.4286839244453, 810.2404258896345], [-1581.414560857372, 789.7575458895399], [-1535.968619076165, 764.4879058896661], [-1526.9771639281562, 752.0200658899007], [-1450.1588623362825, 737.1031858895954], [-1413.6066424948522, 720.0712258898842], [-1351.2528557067956, 687.6771058898055], [-1260.5564385601522, 645.486825889544]]]}, "properties": {"name": "", "kind": "farmland", "category": "parque", "extrude": false}}, {"type": "Feature", "geometry": {"type": "Polygon", "coordinates": [[[840.2188702362942, 598.5097858898986], [865.6295043506852, 647.1566258896785], [866.3136368076179, 677.4356658895604], [910.6845132996568, 682.7790258895163], [952.7097927962008, 692.2412258897514], [992.7804081305263, 694.2449858898337], [1050.6384673444052, 739.3295858895111], [1021.7094377374658, 773.170865889891], [926.8104926413417, 841.2987058895266], [746.4927236379177, 882.8210658898925], [745.4176583484026, 855.1023858898741], [747.665522135318, 824.155425889701], [754.3113802885264, 792.2065858896844], [723.329953310442, 772.2803058897665], [668.1106907160613, 714.8391858896473], [657.0668381972546, 677.2130258897271], [640.4521928147547, 645.1528658895961], [650.4209800440462, 618.6587058896499], [711.2110355021201, 616.4323058897343], [757.634309364957, 596.5060258898163], [790.7658669217242, 594.3909458896195], [842.6622004396744, 537.9517058897392], [840.2188702362942, 598.5097858898986]]]}, "properties": {"name": "", "kind": "farmland", "category": "parque", "extrude": false}}, {"type": "Feature", "geometry": {"type": "Polygon", "coordinates": [[[-252.73159630340405, 635.3567058898088], [-253.3179955521042, 629.4567458896762], [-225.2685648182151, 597.8418658896076], [-211.29271605556036, 602.1833458897199], [-208.36071981136513, 613.5379858895274], [-205.13552394316702, 620.2171858896701], [-205.33099035928467, 633.6869058896742], [-209.2403186847626, 648.0471858898029], [-209.7289847252303, 663.5206658898894], [-212.27004813684303, 673.2055058895623], [-225.17083161032988, 683.1129858898596], [-233.2826878852886, 688.2337058895866], [-255.370392922902, 685.1167458895465], [-256.6409246285347, 659.0678658896626], [-255.95679217160216, 643.9283458895238], [-252.73159630340405, 635.3567058898088]]]}, "properties": {"name": "", "kind": "wood", "category": "parque", "extrude": false}}, {"type": "Feature", "geometry": {"type": "Polygon", "coordinates": [[[965.0241770209873, 603.2965458896779], [1014.5749135437896, 621.7756658896901], [1007.1471897257636, 642.815145889566], [1012.9134490055745, 654.8377058896644], [1031.7759581749897, 667.7508258898876], [1052.0067322582702, 675.3205858897592], [1072.2375063415507, 704.5977458897977], [1060.118588533229, 716.0637058897196], [1052.2999318826203, 728.0862658898182], [1050.6384673444052, 739.3295858895111], [992.7804081305263, 694.2449858898337], [952.7097927962008, 692.2412258897514], [910.6845132996568, 682.7790258895163], [866.3136368076179, 677.4356658895604], [865.6295043506852, 647.1566258896785], [840.2188702362942, 598.5097858898986], [842.6622004396744, 537.9517058897392], [959.6488505737591, 541.2913058896128], [965.0241770209873, 603.2965458896779]]]}, "properties": {"name": "", "kind": "scrub", "category": "parque", "extrude": false}}, {"type": "Feature", "geometry": {"type": "Polygon", "coordinates": [[[1038.9104823686657, 616.6549458895677], [1029.2348947637245, 619.3266258895455], [1014.5749135437896, 621.7756658896901], [965.0241770209873, 603.2965458896779], [959.6488505737591, 541.2913058896128], [1074.094437296231, 537.6177458897914], [1082.6949596116574, 584.92874588978], [1072.1397731336654, 621.1077458897945], [1038.9104823686657, 616.6549458895677]]]}, "properties": {"name": "", "kind": "farmland", "category": "parque", "extrude": false}}, {"type": "Feature", "geometry": {"type": "Polygon", "coordinates": [[[258.99948147557865, 371.8622658898573], [262.61561017635927, 364.06986588975684], [318.32353881155495, 386.33386588970495], [352.82336128218753, 392.79042588961875], [374.71559990368326, 398.02246588985565], [390.25517999666806, 403.3658258898116], [415.2748812784767, 402.14130588973933], [431.9872598692091, 394.3489058896388], [468.3440132941745, 390.3413858898696], [510.46702599929796, 385.3319858898615], [541.2529865605702, 384.2187858895082], [567.640952756244, 384.66406588957045], [591.8787883732349, 387.4470658896628], [626.4763440517527, 397.465865889679], [673.583750371522, 415.94498588969134], [702.8059796028114, 420.843065889585], [732.3214084587981, 424.96190588986406], [759.9799063601047, 431.3071458896634], [784.9996076419134, 432.7543058895691], [802.2983854813459, 432.4203458896213], [820.9654282342964, 423.1807858896151], [848.5261929277177, 405.48090588961287], [870.9070975896813, 386.8904658898816], [899.2497279482676, 368.18870588964046], [910.0981140506094, 369.74718588966056], [904.9182540198459, 395.12814588964886], [892.6038697950594, 385.4433058895805], [879.2144202811048, 395.12814588964886], [864.5544390611701, 412.7167058895367], [839.632470987594, 430.6392258897678], [824.0928908946092, 448.4504258898845], [820.3790289855962, 458.35790588978625], [768.6781618837636, 460.58430588970197], [711.5042351264702, 441.548585889513], [668.1106907160613, 430.52790588965337], [632.9267357884961, 425.40718588953087], [632.0471369154459, 425.2958658898119], [623.3488813914398, 424.96190588986406], [609.2752994205525, 420.2864658898038], [590.2173238346725, 411.269545889631], [587.7739936316394, 410.0450258895587], [559.6268296895179, 401.9186658895104], [532.0660649964437, 404.92430588983166], [507.1440969225202, 410.6016258897354], [478.80146656428104, 415.72234588985793], [460.9162894761484, 418.28270588972146], [442.0537803067331, 418.8393058898981], [419.2819428118398, 420.95438588969944], [405.79476008965287, 419.95250588985596], [392.89397661651327, 421.84494588982386], [368.4606745834047, 419.84118588974155], [341.0953763064482, 415.38838588951467], [277.37332460452626, 385.10934588963266], [289.88317524543055, 382.77162588960255], [258.99948147557865, 371.8622658898573]]]}, "properties": {"name": "", "kind": "scrub", "category": "parque", "extrude": false}}, {"type": "Feature", "geometry": {"type": "Polygon", "coordinates": [[[-4107.720257860683, 380.3225858898534], [-4064.8153794907416, 471.3823458897282], [-4111.727319394046, 523.4801058898915], [-4154.241264931752, 464.602711424194], [-4154.241264931752, 309.61271460808973], [-4107.720257860683, 380.3225858898534]]]}, "properties": {"name": "", "kind": "forest", "category": "parque", "extrude": false}}, {"type": "Feature", "geometry": {"type": "Polygon", "coordinates": [[[1743.1759801676267, 959.9658258897009], [1755.9790304328812, 1068.725465889578], [1755.392631184181, 1097.7799858897831], [1754.0243662703158, 1116.147785889681], [1733.1094597301028, 1112.0289458897973], [1715.6152154745525, 1106.0176658895502], [1716.3970811393704, 1076.5178658896784], [1696.45950668044, 1075.2933458896061], [1678.4765963844222, 1064.2726658897463], [1660.2982196715923, 1040.5615058898927], [1668.2146095304333, 1019.0767458895591], [1679.8448612982875, 992.4712658898941], [1690.8887138170942, 973.435545889705], [1700.955234254618, 971.4317858896227], [1705.2554954123314, 963.4167458896889], [1712.292286397775, 958.5186658897952], [1743.1759801676267, 959.9658258897009]]]}, "properties": {"name": "", "kind": "farmland", "category": "parque", "extrude": false}}, {"type": "Feature", "geometry": {"type": "Polygon", "coordinates": [[[1631.1737236485353, 1009.837185889553], [1634.2034531006157, 1031.0993058896577], [1634.2034531006157, 1047.24070588964], [1613.0930801439376, 1047.24070588964], [1591.982707187607, 1051.6935058898666], [1591.0053751063242, 1034.1049458895834], [1577.9091252163726, 1012.6201858896454], [1562.0763454990376, 986.6826258898759], [1586.0209814913314, 991.2467458898218], [1598.2376325078856, 988.1297858897815], [1601.756028000781, 985.1241458898558], [1608.7928189862246, 987.6845058897193], [1621.8890688758288, 991.5807058897695], [1629.80545873467, 991.1354258897073], [1631.1737236485353, 1009.837185889553]]]}, "properties": {"name": "", "kind": "farmland", "category": "parque", "extrude": false}}, {"type": "Feature", "geometry": {"type": "Polygon", "coordinates": [[[1050.7362005526375, 1062.9368258895597], [1040.9628797394635, 984.4562258895646], [1032.5578238401547, 893.1738258898565], [1106.5418623960657, 860.4457458898299], [1133.613961048672, 885.2701058896416], [1158.2427294978982, 921.1151458897084], [1139.380220328483, 973.435545889705], [1145.4396792326438, 999.2617858897556], [1172.0231118444353, 1021.4144658895893], [1173.1959103418358, 1048.6878658895455], [1165.4749868994595, 1076.0725858896162], [1149.0558079334244, 1134.9608658896411], [1126.6386874112738, 1140.6381858899404], [1060.4354108761056, 1140.6381858899404], [1050.7362005526375, 1062.9368258895597]]]}, "properties": {"name": "", "kind": "wood", "category": "parque", "extrude": false}}, {"type": "Feature", "geometry": {"type": "Polygon", "coordinates": [[[1577.9091252163726, 1012.6201858896454], [1561.6854126664552, 1023.7521858896195], [1537.1543774254615, 1026.3125458898785], [1527.576523028405, 975.4393058897874], [1562.0763454990376, 986.6826258898759], [1577.9091252163726, 1012.6201858896454]]]}, "properties": {"name": "", "kind": "farmland", "category": "parque", "extrude": false}}, {"type": "Feature", "geometry": {"type": "Polygon", "coordinates": [[[1206.327467898603, 914.3246258898467], [1214.6347905900266, 913.990665889899], [1219.4237177885548, 918.7774258896782], [1222.648913656753, 922.3396658897807], [1227.5355740635134, 919.7793058895217], [1232.1290348455768, 925.0113458897586], [1245.6162175677637, 920.0019458897505], [1250.991544014992, 923.1189058897907], [1256.1714040461027, 921.2264658898227], [1258.1260682086681, 924.5660658896963], [1296.9261518370138, 932.6924258897446], [1305.6244073606726, 937.367865889805], [1298.3921499591113, 974.9940258897252], [1290.5734933085027, 1039.2256658897059], [1285.0027004448098, 1037.333225889738], [1281.2888385357965, 1032.5464658895633], [1276.2067117132656, 1028.5389458897941], [1258.614734249483, 1027.3144258897219], [1248.6459470198442, 1028.5389458897941], [1242.1955552831007, 1029.2068658896897], [1235.7451635463572, 1028.872905889742], [1232.5199676781592, 1027.3144258897219], [1229.6857046421965, 1024.3087858897961], [1229.0993053934963, 1015.8484658898], [1229.3925050178464, 1004.3825058898781], [1228.3174397283312, 993.4731458897375], [1225.7763763170656, 986.0147058895848], [1224.799044235783, 984.2335858897313], [1221.08518232677, 977.4430658898698], [1217.957719666457, 970.5412258898937], [1214.243857757444, 964.0846658895845], [1202.9068056142871, 938.4810658897628], [1200.756675035257, 931.5792258897868], [1199.3884101213919, 924.7887058895298], [1197.042813126244, 917.7755458898348], [1196.260947461079, 914.6585858897946], [1206.327467898603, 914.3246258898467]]]}, "properties": {"name": "", "kind": "orchard", "category": "parque", "extrude": false}}, {"type": "Feature", "geometry": {"type": "Polygon", "coordinates": [[[1951.7386463214045, 1075.0707058897726], [1922.7118835062329, 1094.2177458896806], [1893.8805871071788, 1085.6461058895702], [1877.559141349029, 1075.9612658898973], [1848.434645325625, 1066.2764258898287], [1832.797332024755, 1067.3896258897867], [1796.0496457668596, 1070.172625889879], [1755.9790304328812, 1068.725465889578], [1743.1759801676267, 959.9658258897009], [1745.7170435792395, 887.9417858896195], [1787.7423230757834, 847.9779058896692], [1803.0864367526503, 797.9952258897026], [1830.5494682374922, 814.4705858896326], [1899.2559135544072, 844.5269858896812], [1951.7386463214045, 1075.0707058897726]]]}, "properties": {"name": "", "kind": "scrub", "category": "parque", "extrude": false}}, {"type": "Feature", "geometry": {"type": "Polygon", "coordinates": [[[1473.2368593070746, 777.7349858898368], [1487.310441278309, 777.2897058897746], [1514.8712059713832, 777.1783858896601], [1511.6460101028379, 818.1441458898495], [1521.2238644998943, 840.2968258896831], [1536.1770453441789, 879.25882588979], [1564.4219424941857, 871.4664258896896], [1561.58767945857, 952.730025889777], [1562.0763454990376, 986.6826258898759], [1527.576523028405, 975.4393058897874], [1500.797624000496, 976.4411858896308], [1479.100851795118, 978.4449458897132], [1431.016113394066, 989.6882658898016], [1373.0603209719548, 1018.1861858898301], [1350.2884834770616, 968.3148258895825], [1366.6099292352112, 917.3302658897726], [1382.7359085768962, 882.9323858896114], [1436.6846394656443, 878.9248658898423], [1448.0216916091483, 866.0117458896193], [1416.4538653823638, 782.4104258898972], [1473.2368593070746, 777.7349858898368]]]}, "properties": {"name": "", "kind": "scrub", "category": "parque", "extrude": false}}, {"type": "Feature", "geometry": {"type": "Polygon", "coordinates": [[[1607.326820864127, 849.3137458898559], [1613.2885465604024, 846.0854658897013], [1619.5434718806812, 843.0798258897755], [1627.8507945717577, 840.2968258896831], [1636.0603840549486, 839.0723058896108], [1644.5631731624896, 838.738345889663], [1652.9682290617984, 840.1855058895687], [1647.29970299022, 847.1986658896592], [1641.728910126527, 854.8797458896452], [1630.6850576077202, 870.0192658897839], [1627.2643953230572, 877.1437458895933], [1625.309731160492, 885.381425889756], [1607.8154869049417, 889.6115858897541], [1599.8990970461007, 862.5608258896312], [1597.1625672183704, 853.5439058898539], [1607.326820864127, 849.3137458898559]]]}, "properties": {"name": "", "kind": "park", "category": "parque", "extrude": false}}, {"type": "Feature", "geometry": {"type": "Polygon", "coordinates": [[[1712.292286397775, 958.5186658897952], [1713.07415206294, 948.3885458896646], [1708.1874916565266, 936.6999458895139], [1675.6423333484593, 952.730025889777], [1667.2372774491505, 925.122665889873], [1662.1551506262722, 918.8887458897926], [1654.2387607674314, 915.3265058896902], [1638.8946470909113, 917.4415858898869], [1630.0986583590202, 899.6303858897703], [1627.0689289069396, 892.6172258896798], [1625.309731160492, 885.381425889756], [1627.2643953230572, 877.1437458895933], [1630.6850576077202, 870.0192658897839], [1641.728910126527, 854.8797458896452], [1647.29970299022, 847.1986658896592], [1652.9682290617984, 840.1855058895687], [1657.7571562603266, 833.8402658897694], [1688.6408500298314, 792.3179058897989], [1713.7582845198724, 806.6781858895321], [1727.7341332828744, 768.3841058897162], [1750.896903610003, 766.7143058895817], [1803.0864367526503, 797.9952258897026], [1787.7423230757834, 847.9779058896692], [1745.7170435792395, 887.9417858896195], [1743.1759801676267, 959.9658258897009], [1712.292286397775, 958.5186658897952]]]}, "properties": {"name": "", "kind": "orchard", "category": "parque", "extrude": false}}, {"type": "Feature", "geometry": {"type": "Polygon", "coordinates": [[[1310.6088009756656, 832.3931058898637], [1311.9770658895306, 845.3062258896912], [1315.2999949659613, 863.5627058898701], [1316.277327047244, 870.0192658897839], [1316.6682598798266, 877.2550658897078], [1314.8113289251464, 890.5021458898785], [1302.2037450763569, 916.5510258897625], [1305.6244073606726, 937.367865889805], [1296.9261518370138, 932.6924258897446], [1258.1260682086681, 924.5660658896963], [1256.1714040461027, 921.2264658898227], [1250.991544014992, 923.1189058897907], [1245.6162175677637, 920.0019458897505], [1232.1290348455768, 925.0113458897586], [1227.5355740635134, 919.7793058895217], [1222.648913656753, 922.3396658897807], [1219.4237177885548, 918.7774258896782], [1214.6347905900266, 913.990665889899], [1206.327467898603, 914.3246258898467], [1196.260947461079, 914.6585858897946], [1158.2427294978982, 921.1151458897084], [1133.613961048672, 885.2701058896416], [1131.0728976370594, 818.3667858896829], [1150.0331400147072, 775.3972658898067], [1310.6088009756656, 832.3931058898637]]]}, "properties": {"name": "", "kind": "scrub", "category": "parque", "extrude": false}}, {"type": "Feature", "geometry": {"type": "Polygon", "coordinates": [[[1093.2501460899964, 790.53678588955], [1131.0728976370594, 818.3667858896829], [1133.613961048672, 885.2701058896416], [1106.5418623960657, 860.4457458898299], [1057.3820587054986, 815.2498258896426], [1093.2501460899964, 790.53678588955]]]}, "properties": {"name": "", "kind": "wood", "category": "parque", "extrude": false}}, {"type": "Feature", "geometry": {"type": "Polygon", "coordinates": [[[1627.0689289069396, 664.4112258896184], [1620.6185371701963, 676.0998258897691], [1603.0265597064138, 707.492065889609], [1599.9968302543332, 714.3939058895851], [1595.0124366396874, 725.4145858898402], [1588.073378862129, 744.2276658898003], [1583.8708509126484, 757.8087058895234], [1582.2093863744328, 777.4010258898891], [1583.6753844961834, 790.7594258897789], [1591.1031083142095, 814.1366258896848], [1595.5988358883876, 834.1742258897171], [1596.6739011779027, 846.7533858895969], [1597.1625672183704, 853.5439058898539], [1599.8990970461007, 862.5608258896312], [1607.8154869049417, 889.6115858897541], [1614.6568114742677, 914.7699058895136], [1622.964134165344, 945.4942258898532], [1626.971195698707, 961.524305889721], [1629.80545873467, 979.1128658896088], [1629.80545873467, 991.1354258897073], [1621.8890688758288, 991.5807058897695], [1608.7928189862246, 987.6845058897193], [1600.1922966704508, 984.3449058898457], [1597.9444328835355, 952.6187058896626], [1586.3141811156813, 953.7319058896205], [1561.58767945857, 952.730025889777], [1564.4219424941857, 871.4664258896896], [1536.1770453441789, 879.25882588979], [1530.2153196482504, 864.787225889547], [1521.2238644998943, 840.2968258896831], [1511.6460101028379, 818.1441458898495], [1514.8712059713832, 777.1783858896601], [1487.310441278309, 777.2897058897746], [1488.7764394000594, 650.6075458896664], [1630.0986583590202, 658.2886258896525], [1627.0689289069396, 664.4112258896184]]]}, "properties": {"name": "", "kind": "farmland", "category": "parque", "extrude": false}}, {"type": "Feature", "geometry": {"type": "Polygon", "coordinates": [[[1883.129934212722, 761.9275458898026], [1937.5673311422854, 778.7368658896803], [1899.2559135544072, 844.5269858896812], [1830.5494682374922, 814.4705858896326], [1846.4799811630596, 791.31602588956], [1793.215382731244, 771.1671058898087], [1820.8738806325507, 734.0975458896696], [1883.129934212722, 761.9275458898026]]]}, "properties": {"name": "", "kind": "scrub", "category": "parque", "extrude": false}}, {"type": "Feature", "geometry": {"type": "Polygon", "coordinates": [[[1343.740358532433, 735.6560258896898], [1329.764509769431, 779.070825889628], [1322.5322523675225, 800.3329458897327], [1314.9090621333787, 818.7007458896306], [1313.7362636356313, 821.483745889723], [1310.6088009756656, 832.3931058898637], [1150.0331400147072, 775.3972658898067], [1118.6607802043875, 764.3765858895516], [1140.3575524097655, 754.4691058896499], [1155.2130000458178, 742.3352258898324], [1153.5515355076025, 724.6353458898301], [1200.3657422026745, 650.6075458896664], [1230.1743706830111, 698.8091058897795], [1286.7618981912574, 718.5127458898642], [1324.7801161547852, 725.6372258896736], [1354.5887446347747, 714.3939058895851], [1343.740358532433, 735.6560258896898]]]}, "properties": {"name": "", "kind": "farmland", "category": "parque", "extrude": false}}, {"type": "Feature", "geometry": {"type": "Polygon", "coordinates": [[[1097.648140455942, 715.9523858896051], [1121.690509656468, 723.4108258897578], [1147.6875430195591, 715.395785889824], [1153.5515355076025, 724.6353458898301], [1155.2130000458178, 742.3352258898324], [1140.3575524097655, 754.4691058896499], [1118.6607802043875, 764.3765858895516], [1104.7826646496178, 761.4822658897402], [1069.9896425546353, 745.1182258895292], [1050.6384673444052, 739.3295858895111], [1052.2999318826203, 728.0862658898182], [1060.118588533229, 716.0637058897196], [1072.2375063415507, 704.5977458897977], [1097.648140455942, 715.9523858896051]]]}, "properties": {"name": "", "kind": "wood", "category": "parque", "extrude": false}}, {"type": "Feature", "geometry": {"type": "Polygon", "coordinates": [[[1430.6251805614836, 659.958425889787], [1456.7199471328072, 665.8583858895241], [1473.2368593070746, 777.7349858898368], [1416.4538653823638, 782.4104258898972], [1386.8407033184917, 729.7560658895571], [1354.5887446347747, 714.3939058895851], [1366.9031288595615, 690.3487858897835], [1386.6452369023743, 677.7696258895082], [1403.553081908877, 661.7395458896406], [1403.553081908877, 646.9339858898451], [1430.6251805614836, 659.958425889787]]]}, "properties": {"name": "", "kind": "scrub", "category": "parque", "extrude": false}}, {"type": "Feature", "geometry": {"type": "Polygon", "coordinates": [[[1655.4115592651788, 677.1017058896126], [1674.5672680589441, 680.8865858895484], [1683.167790374718, 685.2280658896609], [1698.2187044268878, 698.5864658895507], [1711.021754692142, 705.82226588987], [1727.929599698992, 713.5033458898561], [1705.3532286205636, 753.5785458895253], [1599.9968302543332, 714.3939058895851], [1603.0265597064138, 707.492065889609], [1620.6185371701963, 676.0998258897691], [1627.0689289069396, 664.4112258896184], [1655.4115592651788, 677.1017058896126]]]}, "properties": {"name": "", "kind": "scrub", "category": "parque", "extrude": false}}, {"type": "Feature", "geometry": {"type": "Polygon", "coordinates": [[[1199.4861433296244, 627.4529858895938], [1200.2680089944422, 648.6037858895841], [1200.3657422026745, 650.6075458896664], [1153.5515355076025, 724.6353458898301], [1147.6875430195591, 715.395785889824], [1121.690509656468, 723.4108258897578], [1097.648140455942, 715.9523858896051], [1072.2375063415507, 704.5977458897977], [1116.9993156661722, 658.399945889767], [1113.8718530058593, 616.2096658899009], [1160.5883264930462, 614.6511858898807], [1199.4861433296244, 627.4529858895938]]]}, "properties": {"name": "", "kind": "farmland", "category": "parque", "extrude": false}}, {"type": "Feature", "geometry": {"type": "Polygon", "coordinates": [[[1752.2651685238682, 682.7790258895163], [1727.929599698992, 713.5033458898561], [1711.021754692142, 705.82226588987], [1698.2187044268878, 698.5864658895507], [1683.167790374718, 685.2280658896609], [1674.5672680589441, 680.8865858895484], [1655.4115592651788, 677.1017058896126], [1627.0689289069396, 664.4112258896184], [1657.8548894685591, 611.4229058897262], [1752.2651685238682, 682.7790258895163]]]}, "properties": {"name": "", "kind": "scrub", "category": "parque", "extrude": false}}, {"type": "Feature", "geometry": {"type": "Polygon", "coordinates": [[[1116.9993156661722, 658.399945889767], [1072.2375063415507, 704.5977458897977], [1052.0067322582702, 675.3205858897592], [1031.7759581749897, 667.7508258898876], [1012.9134490055745, 654.8377058896644], [1007.1471897257636, 642.815145889566], [1014.5749135437896, 621.7756658896901], [1029.2348947637245, 619.3266258895455], [1038.9104823686657, 616.6549458895677], [1072.1397731336654, 621.1077458897945], [1113.8718530058593, 616.2096658899009], [1116.9993156661722, 658.399945889767]]]}, "properties": {"name": "", "kind": "wood", "category": "parque", "extrude": false}}, {"type": "Feature", "geometry": {"type": "Polygon", "coordinates": [[[2449.8848081699684, 973.8808258897673], [2510.6748636280417, 960.8563858898253], [2518.2003206543004, 1039.3369858898204], [2462.1991923944074, 1044.9029858896097], [2428.676702005405, 1048.3539058895976], [2422.812709517362, 1016.4050658895812], [2414.6031200341704, 981.4505858896389], [2449.8848081699684, 973.8808258897673]]]}, "properties": {"name": "", "kind": "scrub", "category": "parque", "extrude": false}}, {"type": "Feature", "geometry": {"type": "Polygon", "coordinates": [[[2007.4465749566004, 780.1840258895859], [2064.425035297429, 765.267145889676], [2159.128513977435, 745.5635058895915], [2286.865817005629, 743.003145889728], [2490.835022377344, 783.3009858896262], [2593.9435569563116, 803.5612258898874], [2552.4069435002357, 811.6875858895402], [2516.2456564913878, 841.1873858898076], [2502.465274144851, 874.5833858897298], [2510.6748636280417, 960.8563858898253], [2449.8848081699684, 973.8808258897673], [2414.6031200341704, 981.4505858896389], [2363.781851805735, 989.0203458895105], [2314.3288484908185, 1013.3994258896554], [2311.005919414388, 1015.06922588979], [2279.926759228418, 1028.093665889732], [2270.4466380395943, 1034.6615458897602], [2252.365994535344, 1049.3557858898366], [2251.584128870179, 1053.6972658895536], [2238.29241256411, 1063.0481458896743], [2234.969483487679, 1070.172625889879], [2235.2626831120288, 1078.5216258897608], [2297.421003483968, 1067.2783058896723], [2387.5310213815637, 1048.1312658897643], [2400.8227376876334, 1046.5727858897442], [2428.676702005405, 1048.3539058895976], [2443.1412168088746, 1092.3253058897128], [2445.7800134283725, 1123.4949058897191], [2389.583418752362, 1118.8194658896589], [2301.619933891381, 1140.6381858899404], [1981.3268239565066, 1140.6381858899404], [1967.2782264143896, 1127.1684658895406], [1951.7386463214045, 1075.0707058897726], [1899.2559135544072, 844.5269858896812], [1937.5673311422854, 778.7368658896803], [2007.4465749566004, 780.1840258895859]]]}, "properties": {"name": "", "kind": "scrub", "category": "parque", "extrude": false}}, {"type": "Feature", "geometry": {"type": "Polygon", "coordinates": [[[2626.2932488482616, 502.21798588978686], [2659.229339988564, 488.3029858897204], [2685.8127726003554, 494.31426588957197], [2686.790104681638, 513.3499858897609], [2687.6697035550355, 528.9347858895665], [2689.6243677176008, 559.1025058897294], [2692.4586307535637, 604.2984258895212], [2695.0974273730612, 645.7094658897728], [2697.1498247438594, 655.5056258895602], [2673.0097223351013, 653.8358258898211], [2635.1869707880383, 645.1528658895961], [2630.495776797742, 644.1509858897527], [2622.090720898433, 636.4699058897667], [2609.1899374249465, 632.6850258898309], [2601.762213606921, 630.2359858896863], [2590.4251614637637, 623.890745889887], [2556.218538617481, 641.924585889837], [2528.169107883592, 656.7301458896325], [2480.182102690773, 682.1111058896207], [2476.077307949177, 728.9768258895471], [2288.7227479603093, 705.0430258898599], [2282.0768898074484, 630.569945889634], [2266.0486436736483, 583.0363058898121], [2310.9081862061553, 572.4609058896192], [2310.7127197900377, 557.6553458898238], [2311.299119038738, 545.5214658896108], [2315.892579820801, 534.7234258895845], [2348.6332045453332, 488.5256258895538], [2377.5622341522726, 455.68622588980827], [2388.606086671079, 425.96378588970754], [2415.775918531918, 384.88670588979926], [2427.5039035076575, 363.95854588964244], [2436.202159031316, 347.03790588965023], [2507.7428673838467, 385.99990588975714], [2521.230050106381, 414.94310588984786], [2485.1664963054186, 439.54482588982614], [2571.6603855022336, 466.3729458897201], [2587.1999655952186, 490.9746658896984], [2600.8826147338705, 499.2123458898611], [2626.2932488482616, 502.21798588978686]]]}, "properties": {"name": "", "kind": "farmland", "category": "parque", "extrude": false}}, {"type": "Feature", "geometry": {"type": "Polygon", "coordinates": [[[2772.2089285892853, 337.01910588963403], [2770.4497308428377, 265.77430588956275], [2810.1294133442334, 260.9875458897835], [2824.8871277724006, 274.1586843007626], [2824.8871277724006, 424.42967317073555], [2804.851820105238, 437.207105889796], [2796.2512977894644, 448.2277858896556], [2790.3873053017683, 459.4711058897441], [2785.7938445193577, 485.0747058895658], [2779.1479863664963, 513.2386658896464], [2770.7429304671878, 546.8573058897975], [2761.7514753188316, 585.4853458895611], [2738.3932385755857, 668.1961058895542], [2736.0476415804374, 676.3224658896025], [2733.897511001407, 684.1148658897031], [2730.672315132862, 689.5695458897734], [2727.3493860564313, 695.2468658896771], [2724.2219233964656, 698.0298658897696], [2714.253136166827, 704.1524658897355], [2712.4939384203794, 695.3581858897916], [2708.2914104708984, 683.335625889693], [2703.20928364802, 671.3130658895944], [2697.540757576442, 656.7301458896325], [2695.390626997412, 646.8226658897306], [2692.4586307535637, 604.2984258895212], [2689.6243677176008, 559.1025058897294], [2675.159852914131, 308.1872258896577], [2772.2089285892853, 337.01910588963403]]]}, "properties": {"name": "", "kind": "farmland", "category": "parque", "extrude": false}}, {"type": "Feature", "geometry": {"type": "Polygon", "coordinates": [[[2403.7547339314815, 289.70810588964537], [2408.445927921777, 305.51554588967974], [2401.995536185381, 301.73066588974393], [2398.574873900718, 310.74758588952125], [2391.733549331392, 315.4230258895815], [2382.6443609751504, 312.75134588960356], [2385.7718236354635, 293.93826588964345], [2389.1924859197793, 273.0101058898821], [2391.4403497070416, 259.65170588959677], [2397.8907414437854, 254.3083458896409], [2406.4912637592115, 254.0857058898075], [2403.7547339314815, 289.70810588964537]]]}, "properties": {"name": "", "kind": "scrub", "category": "parque", "extrude": false}}, {"type": "Feature", "geometry": {"type": "Polygon", "coordinates": [[[2562.3757307298747, 199.2049458895518], [2609.092204216714, 220.91234588971872], [2578.9903761123746, 273.23274588971543], [2578.2085104472094, 302.39858588963955], [2569.0215888827356, 327.44558588968005], [2552.700143124586, 328.0021858898567], [2530.6124380869724, 368.4113458898693], [2507.7428673838467, 385.99990588975714], [2436.202159031316, 347.03790588965023], [2450.373474210436, 313.1966258896658], [2449.3961421291533, 306.4061058898042], [2452.4258715812334, 303.95706588965965], [2526.214443721027, 172.15418588982445], [2562.3757307298747, 199.2049458895518]]]}, "properties": {"name": "", "kind": "scrub", "category": "parque", "extrude": false}}, {"type": "Feature", "geometry": {"type": "Polygon", "coordinates": [[[2725.101522269516, 142.43174588972366], [2742.6934997332987, 140.53930588975575], [2743.4753653984635, 134.97330588957098], [2757.2557477450005, 136.75442588981994], [2770.254264426373, 138.2015858897256], [2747.873359764409, 209.223745889568], [2814.2342080858293, 236.1631858895764], [2810.1294133442334, 260.9875458897835], [2770.4497308428377, 265.77430588956275], [2772.2089285892853, 337.01910588963403], [2675.159852914131, 308.1872258896577], [2672.7165227107507, 265.6629858898438], [2672.325589878168, 259.20642588953456], [2670.0777260912528, 221.24630588966653], [2672.4233230864006, 202.54454588982085], [2684.8354405190726, 170.7070258895233], [2701.547819109805, 136.75442588981994], [2725.101522269516, 142.43174588972366]]]}, "properties": {"name": "", "kind": "farmland", "category": "parque", "extrude": false}}, {"type": "Feature", "geometry": {"type": "Polygon", "coordinates": [[[2656.4928101608334, 61.27946588975064], [2583.583836894438, 160.3542658895593], [2562.3757307298747, 199.2049458895518], [2526.214443721027, 172.15418588982445], [2550.8432121702526, 134.52802588950874], [2553.9706748305657, 129.7412658897295], [2556.1208054092485, 126.2903458897415], [2585.6362342652355, 77.64350588956617], [2611.1446015875117, 33.894745889679996], [2656.4928101608334, 61.27946588975064]]]}, "properties": {"name": "", "kind": "farmland", "category": "parque", "extrude": false}}, {"type": "Feature", "geometry": {"type": "Polygon", "coordinates": [[[2740.445635946383, -137.31541411032438], [2748.948425053577, -104.4760141101834], [2728.326718137714, -95.68173411023949], [2722.0717928174354, -116.3872541101675], [2709.8551418008815, -117.16649411017755], [2702.7206176072054, -89.89309411022134], [2682.7830431482753, -88.89121411037792], [2678.5805151987943, -92.34213411036592], [2673.0097223351013, -95.90437411046835], [2690.8948994232337, -140.65501411019795], [2691.969964712749, -143.3266941101759], [2715.5236678724596, -142.32481411033248], [2737.513639702188, -146.22101411038273], [2740.445635946383, -137.31541411032438]]]}, "properties": {"name": "", "kind": "farmland", "category": "parque", "extrude": false}}, {"type": "Feature", "geometry": {"type": "Polygon", "coordinates": [[[2716.0123339132747, -204.88665411017877], [2725.8833879346807, -199.87725411017067], [2731.0632479654446, -174.27365411034899], [2737.513639702188, -146.22101411038273], [2715.5236678724596, -142.32481411033248], [2691.969964712749, -143.3266941101759], [2705.5548806431684, -178.61513411046147], [2708.1936772626664, -189.6358141103211], [2710.5392742578138, -201.881014110253], [2716.0123339132747, -204.88665411017877]]]}, "properties": {"name": "", "kind": "scrub", "category": "parque", "extrude": false}}, {"type": "Feature", "geometry": {"type": "Polygon", "coordinates": [[[1443.0372979945025, 647.9358658896886], [1477.2439208404378, 649.6056658898231], [1476.8529880078554, 659.2905058898914], [1456.7199471328072, 665.8583858895241], [1430.6251805614836, 659.958425889787], [1403.553081908877, 646.9339858898451], [1398.2754886698813, 634.0208658896221], [1396.3208245073156, 620.8851058895657], [1401.5984177463117, 619.43794588966], [1405.116813239207, 616.766265889682], [1443.0372979945025, 647.9358658896886]]]}, "properties": {"name": "", "kind": "scrub", "category": "parque", "extrude": false}}, {"type": "Feature", "geometry": {"type": "Polygon", "coordinates": [[[1823.903610084631, 488.970905889616], [1832.1131995678222, 493.9803058896241], [1820.8738806325507, 521.6989858896426], [1807.0934982860135, 542.4045058895706], [1798.5907091784725, 562.2194658897696], [1758.324627428029, 567.8967858896733], [1749.8218383204878, 571.0137458897135], [1744.6419782897244, 575.4665458895449], [1775.427938851344, 622.109625889638], [1752.2651685238682, 647.7132258898552], [1721.2837415461308, 614.0945858897041], [1701.541633503318, 591.4966258898082], [1684.7315217047008, 572.3495858899003], [1701.8348331276682, 566.0043458897054], [1716.2016147232528, 560.1043858895729], [1725.0953366633764, 560.9949458896973], [1754.1220994785483, 520.2518258897369], [1823.903610084631, 488.970905889616]]]}, "properties": {"name": "", "kind": "farmland", "category": "parque", "extrude": false}}, {"type": "Feature", "geometry": {"type": "Polygon", "coordinates": [[[1449.6831561473637, 383.66218588972697], [1480.175917084633, 410.6016258897354], [1522.5921294137595, 452.0126658895914], [1579.9615225871703, 495.98406588970647], [1604.8834906607467, 516.2443058895723], [1674.9582008915268, 561.2175858895307], [1684.7315217047008, 572.3495858899003], [1701.541633503318, 591.4966258898082], [1721.2837415461308, 614.0945858897041], [1752.2651685238682, 647.7132258898552], [1769.7594127794182, 662.4074658895361], [1752.2651685238682, 682.7790258895163], [1712.3900196060072, 655.8395858895079], [1657.8548894685591, 611.4229058897262], [1628.4371938208049, 568.5647058895689], [1613.7772126008701, 548.7497458897654], [1606.3494887828442, 539.1762258898115], [1588.9529777355265, 523.9253858895584], [1524.2535939519746, 478.9521058895998], [1490.8288367708572, 449.11834588978013], [1471.3799283527417, 440.99198588973184], [1424.17478882474, 398.3564258898035], [1429.9410481045509, 375.98110588974095], [1449.6831561473637, 383.66218588972697]]]}, "properties": {"name": "", "kind": "scrub", "category": "parque", "extrude": false}}, {"type": "Feature", "geometry": {"type": "Polygon", "coordinates": [[[1130.2910319722416, 456.13150588987054], [1154.1379347563027, 520.2518258897369], [1161.858858198679, 587.0438258895813], [1160.5883264930462, 614.6511858898807], [1113.8718530058593, 616.2096658899009], [1072.1397731336654, 621.1077458897945], [1082.6949596116574, 584.92874588978], [1074.094437296231, 537.6177458897914], [1043.3084767346115, 484.62942588989904], [1056.0137937916334, 395.2394658897633], [1130.2910319722416, 456.13150588987054]]]}, "properties": {"name": "", "kind": "farmland", "category": "parque", "extrude": false}}, {"type": "Feature", "geometry": {"type": "Polygon", "coordinates": [[[1471.3799283527417, 440.99198588973184], [1452.9083520155616, 449.78626588967575], [1428.7682496071504, 478.9521058895998], [1402.7712162440591, 556.8761058898137], [1376.0900504240353, 516.0216658897389], [1380.8789776225633, 473.05214588986274], [1393.779761095703, 434.86938588976585], [1411.469471767718, 414.16386588983784], [1424.17478882474, 398.3564258898035], [1471.3799283527417, 440.99198588973184]]]}, "properties": {"name": "", "kind": "scrub", "category": "parque", "extrude": false}}, {"type": "Feature", "geometry": {"type": "Polygon", "coordinates": [[[1744.6419782897244, 575.4665458895449], [1749.8218383204878, 571.0137458897135], [1758.324627428029, 567.8967858896733], [1798.5907091784725, 562.2194658897696], [1807.0934982860135, 542.4045058895706], [1820.8738806325507, 521.6989858896426], [1832.1131995678222, 493.9803058896241], [1823.903610084631, 488.970905889616], [1820.2874813838505, 469.15594588981253], [1832.9927984408723, 458.69186588973406], [1823.8058768763985, 417.61478588982584], [1840.9091882997134, 407.7073058895286], [1862.8014269212094, 379.9886258895101], [1888.114327827368, 365.1830658897147], [1884.5959323344725, 347.81714588966025], [1919.0957548051053, 321.76826588977633], [1944.604122127729, 328.5587858896379], [1968.3532917035575, 312.75134588960356], [2012.1377689468961, 345.4794258896301], [2031.5866773650116, 398.1337858895746], [2021.2269573031376, 446.78062588974996], [1970.1124894500051, 508.897185889534], [1906.1949713316183, 553.4251858898257], [1864.560624667657, 598.2871458896698], [1798.8839088028226, 640.4774258895359], [1775.427938851344, 622.109625889638], [1744.6419782897244, 575.4665458895449]]]}, "properties": {"name": "", "kind": "wood", "category": "parque", "extrude": false}}, {"type": "Feature", "geometry": {"type": "Polygon", "coordinates": [[[1604.8834906607467, 516.2443058895723], [1579.9615225871703, 495.98406588970647], [1522.5921294137595, 452.0126658895914], [1480.175917084633, 410.6016258897354], [1449.6831561473637, 383.66218588972697], [1429.9410481045509, 375.98110588974095], [1415.5742665093137, 356.5001058898852], [1431.2115798105308, 345.702065889859], [1456.3290143002248, 356.72274588971857], [1508.1276146102896, 372.19622588980513], [1533.049582683866, 368.52266588958827], [1566.6698062814482, 363.4019458898612], [1647.5929026145702, 368.96794588965054], [1648.0815686553851, 381.99238588959247], [1655.6070256812964, 424.96190588986406], [1662.252883834505, 453.79378588984036], [1635.2785183897836, 450.67682588980017], [1632.2487889377032, 480.28794588978656], [1667.9214099060832, 477.838905889642], [1672.3194042720288, 537.9517058897392], [1674.9582008915268, 561.2175858895307], [1604.8834906607467, 516.2443058895723]]]}, "properties": {"name": "", "kind": "farmland", "category": "parque", "extrude": false}}, {"type": "Feature", "geometry": {"type": "Polygon", "coordinates": [[[1781.0964649229225, 291.71186588972773], [1793.8995151881766, 306.2947858896898], [1779.239533968242, 323.88334588957764], [1772.6914090236135, 338.13230588959186], [1777.9690022626094, 360.5076258896544], [1763.3090210426749, 384.10746588978924], [1767.804748616853, 405.0356258895506], [1768.9775471146006, 423.51474588956296], [1772.9846086479638, 436.65050588961935], [1772.593675815381, 441.88254588985626], [1746.8898420766398, 433.53354588957916], [1736.5301220147658, 431.86374588984006], [1725.8772023281942, 438.54294588958726], [1719.8177434240333, 447.33722588953117], [1703.1053648336483, 464.4805058897522], [1704.6690961636311, 428.4128258898521], [1694.2116428935246, 398.69038588975127], [1683.754189623418, 335.90590588967615], [1696.75270630479, 288.92886588963535], [1720.5018758809658, 296.94390588956924], [1743.3714465837443, 314.8664258898003], [1765.165951997355, 296.16466588955916], [1788.2309891165983, 276.3497058897556], [1781.0964649229225, 291.71186588972773]]]}, "properties": {"name": "", "kind": "wood", "category": "parque", "extrude": false}}, {"type": "Feature", "geometry": {"type": "Polygon", "coordinates": [[[1869.1540854497202, 144.1015458898582], [1884.3027327101227, 145.54870588976385], [1895.248852021044, 152.227905889511], [1905.022172834218, 161.80142588986044], [1922.6141502980006, 166.81082588986854], [1940.8902602187156, 168.14666588965977], [1942.2585251325809, 154.34298588970776], [1945.1905213764292, 159.90898588989253], [1961.1210343019961, 193.8615858895959], [1967.0827599979248, 216.125585889544], [1968.45102491179, 224.02930588975892], [1963.5643645053767, 235.6065858897952], [1960.2414354285986, 251.41402588982956], [1957.5049056008686, 267.8893858897595], [1958.677704098616, 281.69306588971153], [1948.2202508285095, 285.7005858898762], [1908.9315011593487, 314.75510588968586], [1919.0957548051053, 321.76826588977633], [1884.5959323344725, 347.81714588966025], [1888.114327827368, 365.1830658897147], [1862.8014269212094, 379.9886258895101], [1840.9091882997134, 407.7073058895286], [1823.8058768763985, 417.61478588982584], [1832.9927984408723, 458.69186588973406], [1820.2874813838505, 469.15594588981253], [1823.903610084631, 488.970905889616], [1754.1220994785483, 520.2518258897369], [1761.3543568801097, 493.08974588989514], [1768.0002150333178, 479.06342588971427], [1779.4350003847069, 473.83138588987276], [1780.7055320903396, 464.3691858896378], [1788.3287223244836, 448.1164658895412], [1772.593675815381, 441.88254588985626], [1772.9846086479638, 436.65050588961935], [1768.9775471146006, 423.51474588956296], [1767.804748616853, 405.0356258895506], [1763.3090210426749, 384.10746588978924], [1777.9690022626094, 360.5076258896544], [1772.6914090236135, 338.13230588959186], [1779.239533968242, 323.88334588957764], [1793.8995151881766, 306.2947858896898], [1781.0964649229225, 291.71186588972773], [1788.2309891165983, 276.3497058897556], [1814.8144217283898, 263.54790588964704], [1831.038134278307, 246.07066588987365], [1821.3625466733658, 228.7047458898192], [1809.536828489394, 213.6765458897949], [1806.409365829081, 197.86910588976056], [1855.764635935766, 189.5201058898789], [1850.7802423207727, 174.8258658898024], [1840.2250558427809, 164.69574588967177], [1869.1540854497202, 144.1015458898582]]]}, "properties": {"name": "", "kind": "scrub", "category": "parque", "extrude": false}}, {"type": "Feature", "geometry": {"type": "Polygon", "coordinates": [[[1858.4034325552639, 620.1058658895556], [1898.2785814731244, 596.9513058898785], [1922.0277510493004, 578.2495458896374], [1944.8973217520788, 557.9893058897716], [1979.592610638829, 522.0329458895903], [2014.3856327338115, 487.96902588977264], [2033.7368079440419, 465.59370588971007], [2047.2239906662292, 437.4297458896294], [2051.817451448292, 414.49782588978564], [2051.3287854078244, 390.11874588964076], [2044.2919944223809, 366.07362588983915], [2036.0824049391897, 350.7114658898671], [2034.323207192742, 346.03602588980675], [2022.5952222170029, 334.9040258898327], [2010.574037616566, 323.43806588951537], [2007.1533753322506, 320.09846588964183], [2009.4989723273982, 312.9739858898324], [2036.6688041878901, 291.6005458896133], [2071.8527591154552, 293.38166588986223], [2104.4956506314074, 281.13646588953486], [2131.9586821165963, 237.27638588953425], [2166.556237795461, 182.17298588984065], [2170.172366496242, 167.9240258898264], [2165.969838546414, 152.227905889511], [2155.219185651957, 137.64498588954893], [2165.5789057138313, 140.87326588970356], [2177.893289938618, 146.3279458897739], [2188.057543584375, 150.66942588988638], [2190.207674163405, 139.4261058897979], [2196.2671330675657, 142.5430658898381], [2210.4384482466853, 145.77134588959723], [2222.7528324711247, 142.43174588972366], [2231.646554411249, 134.52802588950874], [2238.29241256411, 123.84130588959692], [2244.742804300853, 106.03010588987573], [2247.283867712466, 97.23582588953633], [2250.606796788896, 86.66042588973895], [2250.997729621479, 78.97934588975289], [2249.238531875031, 68.40394588956002], [2245.4269367577854, 59.94362588956392], [2236.8264144423592, 50.14746588977658], [2220.700435100327, 31.89098588959766], [2193.4328700316028, 6.621345889723784], [2211.220313911503, -29.55765411029077], [2178.6751556037834, -51.82165411023888], [2142.416135386703, -76.53469411033157], [2144.761732381851, -92.67609411031373], [2146.0322640874833, -102.24961411026769], [2147.1073293769987, -109.26277411035812], [2152.2871894081095, -168.7076541101642], [2197.146731940616, -167.03785411042517], [2207.897384835073, -172.04725411043327], [2219.1367037703444, -151.23041411039083], [2237.8037465236416, -114.27217411036622], [2259.3050523125553, -78.64977411013285], [2296.4436714026856, -50.59713411016659], [2350.392402291434, -18.64829411015009], [2372.4801073293943, 4.394945889808071], [2392.906347828792, 38.68150588985472], [2412.2575230390225, 71.07562588953797], [2416.655517404968, 87.7736258896968], [2418.8056479839984, 96.2339458896929], [2418.4147151514157, 123.28470588981574], [2412.1597898307905, 180.61450588982055], [2409.3255267951745, 216.4595458898873], [2408.7391275464743, 224.9198658898834], [2408.445927921777, 228.81606588953815], [2406.4912637592115, 254.0857058898075], [2397.8907414437854, 254.3083458896409], [2391.4403497070416, 259.65170588959677], [2389.1924859197793, 273.0101058898821], [2385.7718236354635, 293.93826588964345], [2382.6443609751504, 312.75134588960356], [2381.276096061286, 321.65694588966187], [2370.9163759994112, 328.11350588957566], [2359.67705706414, 358.16990588962426], [2348.5354713371007, 380.4339058895724], [2353.031198911279, 387.3357458895484], [2359.7747902723722, 391.8998658898897], [2373.3597062024446, 394.12626588980544], [2397.1088757786206, 395.0168258895344], [2387.5310213815637, 409.82238588972535], [2380.5919636043527, 423.51474588956296], [2388.606086671079, 425.96378588970754], [2377.5622341522726, 455.68622588980827], [2348.6332045453332, 488.5256258895538], [2315.892579820801, 534.7234258895845], [2311.299119038738, 545.5214658896108], [2310.7127197900377, 563.2213458896131], [2310.9081862061553, 572.4609058896192], [2266.0486436736483, 583.0363058898121], [2282.0768898074484, 630.569945889634], [2288.7227479603093, 705.0430258898599], [2476.077307949177, 728.9768258895471], [2529.244173173107, 735.7673458898041], [2532.2739026251875, 736.101305889752], [2631.3753756707924, 773.8387858897865], [2621.3088552332683, 808.9045858898432], [2593.9435569563116, 803.5612258898874], [2490.835022377344, 783.3009858896262], [2286.865817005629, 743.003145889728], [2159.128513977435, 745.5635058895915], [2064.425035297429, 765.267145889676], [2007.4465749566004, 780.1840258895859], [1937.5673311422854, 778.7368658896803], [1883.129934212722, 761.9275458898026], [1820.8738806325507, 734.0975458896696], [1765.0682187891225, 692.2412258897514], [1800.5453733410377, 654.9490258897789], [1858.4034325552639, 620.1058658895556]]]}, "properties": {"name": "", "kind": "scrub", "category": "parque", "extrude": false}}, {"type": "Feature", "geometry": {"type": "Polygon", "coordinates": [[[1968.3532917035575, 312.75134588960356], [1944.604122127729, 328.5587858896379], [1919.0957548051053, 321.76826588977633], [1908.9315011593487, 314.75510588968586], [1948.2202508285095, 285.7005858898762], [1968.3532917035575, 312.75134588960356]]]}, "properties": {"name": "", "kind": "farmland", "category": "parque", "extrude": false}}, {"type": "Feature", "geometry": {"type": "Polygon", "coordinates": [[[1507.7366817777072, 236.94242588958645], [1510.3754783972051, 260.43094588960685], [1512.721075392353, 281.91570588954494], [1474.8983238452897, 288.1496258896253], [1465.418202656466, 301.0627458898483], [1457.40407958974, 291.6005458896133], [1463.4635384939006, 266.7761858898017], [1478.8076521707678, 249.52158588986165], [1490.242437522157, 241.06126588986555], [1507.7366817777072, 236.94242588958645]]]}, "properties": {"name": "", "kind": "orchard", "category": "parque", "extrude": false}}, {"type": "Feature", "geometry": {"type": "Polygon", "coordinates": [[[1510.3754783972051, 260.43094588960685], [1507.7366817777072, 236.94242588958645], [1496.301896426318, 221.02366588983315], [1421.6337254134744, 192.85970588975246], [1405.410012863557, 218.3519858898552], [1389.0885671054073, 243.7329458898435], [1385.9611044454416, 223.13874588963444], [1365.4371307374638, 223.25006588974887], [1383.0291082012463, 204.2143458895599], [1411.2740053516004, 187.18238588984875], [1415.7697329254313, 178.16546588967597], [1426.8135854445852, 170.1504258897421], [1444.210096491903, 162.46934588975606], [1468.2524656924288, 175.7164258895314], [1489.3628386487596, 178.94470588968602], [1519.1714671290963, 178.2767858897904], [1537.4475770498116, 180.1692258897583], [1550.543826939416, 186.51446588955764], [1560.9035470016374, 194.8634658898348], [1569.8950021496464, 202.0992658897586], [1578.8864572976552, 209.33506588968243], [1581.232054292803, 215.90294588971062], [1579.7660561710527, 228.59342588970478], [1574.4884629317096, 243.28766588978127], [1573.6088640586595, 256.7573858897855], [1577.22499275944, 266.66486588968723], [1582.7957856231333, 273.7893458898921], [1589.7348434003443, 282.80626588966936], [1606.7404216154266, 303.40046588987843], [1596.5761679696702, 323.99466588969204], [1575.5635282212247, 333.67950588976043], [1540.184106877542, 353.383145889845], [1533.049582683866, 368.52266588958827], [1508.1276146102896, 372.19622588980513], [1456.3290143002248, 356.72274588971857], [1431.2115798105308, 345.702065889859], [1415.5742665093137, 356.5001058898852], [1401.3052181219616, 337.3530658895818], [1396.3208245073156, 320.76638588953745], [1378.0447145866005, 303.62310588971184], [1378.6311138353008, 258.6498258897534], [1428.1818503584502, 244.40086588973912], [1425.73852015507, 236.05186588985745], [1415.671999717546, 226.03306588984125], [1433.2639771813285, 225.8104258896124], [1440.9849006237048, 232.7122658895884], [1448.0216916091483, 236.1631858895764], [1439.7143689177246, 262.32338588957475], [1437.1733055064594, 277.4629058897135], [1442.9395647862702, 292.71374588957116], [1457.40407958974, 291.6005458896133], [1465.418202656466, 301.0627458898483], [1474.8983238452897, 288.1496258896253], [1512.721075392353, 281.91570588954494], [1510.3754783972051, 260.43094588960685]]]}, "properties": {"name": "", "kind": "scrub", "category": "parque", "extrude": false}}, {"type": "Feature", "geometry": {"type": "Polygon", "coordinates": [[[1385.9611044454416, 223.13874588963444], [1389.0885671054073, 243.7329458898435], [1376.7741828809678, 246.29330588970703], [1378.6311138353008, 258.6498258897534], [1378.0447145866005, 303.62310588971184], [1360.7459367471681, 302.06462588969174], [1354.8819442594722, 268.000705889874], [1360.5504703310505, 250.8574258896529], [1365.4371307374638, 223.25006588974887], [1385.9611044454416, 223.13874588963444]]]}, "properties": {"name": "", "kind": "scrub", "category": "parque", "extrude": false}}, {"type": "Feature", "geometry": {"type": "Polygon", "coordinates": [[[1456.3290143002248, 236.27450588969083], [1465.2227362403482, 234.9386658898996], [1473.8232585557748, 232.3783058896406], [1490.535637146507, 227.7028658895803], [1496.301896426318, 221.02366588983315], [1507.7366817777072, 236.94242588958645], [1490.242437522157, 241.06126588986555], [1478.8076521707678, 249.52158588986165], [1463.4635384939006, 266.7761858898017], [1457.40407958974, 291.6005458896133], [1442.9395647862702, 292.71374588957116], [1437.1733055064594, 277.4629058897135], [1439.7143689177246, 262.32338588957475], [1444.6010293244854, 249.07630588979941], [1448.0216916091483, 236.1631858895764], [1456.3290143002248, 236.27450588969083]]]}, "properties": {"name": "", "kind": "orchard", "category": "parque", "extrude": false}}, {"type": "Feature", "geometry": {"type": "Polygon", "coordinates": [[[1606.7404216154266, 303.40046588987843], [1589.7348434003443, 282.80626588966936], [1582.7957856231333, 273.7893458898921], [1577.22499275944, 266.66486588968723], [1573.6088640586595, 256.7573858897855], [1574.1952633073595, 244.17822588951026], [1574.4884629317096, 243.28766588978127], [1579.7660561710527, 228.59342588970478], [1581.232054292803, 215.90294588971062], [1578.8864572976552, 209.33506588968243], [1560.9035470016374, 194.8634658898348], [1563.2491439967853, 192.41442588969022], [1564.9106085350004, 187.40502588968212], [1567.451671946266, 186.18050588960983], [1569.6018025252963, 189.07482588981665], [1574.1952633073595, 190.07670588966008], [1585.8255150752136, 188.6295458897544], [1592.2759068119572, 186.62578588967207], [1596.5761679696702, 185.40126588959978], [1607.5222872805916, 179.94658588952944], [1617.6865409263482, 176.82962588988474], [1619.5434718806812, 191.7465058897946], [1620.4230707537313, 198.75966588988504], [1606.056289158494, 203.43510588954985], [1603.2220261225311, 211.4501458898792], [1603.9061585794639, 222.6934658895722], [1604.5902910363964, 234.38206588972292], [1602.9288264981813, 245.2914258898636], [1601.3650951681984, 256.42342588983763], [1603.0265597064138, 268.6686258897696], [1606.1540223667266, 277.35158588959905], [1614.950011098618, 296.16466588955916], [1627.5575949474073, 306.0721458898564], [1632.6397217702856, 298.61370588970374], [1637.1354493444637, 286.70246588971963], [1643.7813074973249, 314.08718588979025], [1645.2473056194224, 329.67198588959576], [1642.1198429591093, 332.90026588975036], [1606.7404216154266, 303.40046588987843]]]}, "properties": {"name": "", "kind": "scrub", "category": "parque", "extrude": false}}, {"type": "Feature", "geometry": {"type": "Polygon", "coordinates": [[[1632.6397217702856, 298.61370588970374], [1627.5575949474073, 306.0721458898564], [1614.950011098618, 296.16466588955916], [1606.1540223667266, 277.35158588959905], [1603.0265597064138, 268.6686258897696], [1601.3650951681984, 256.42342588983763], [1602.9288264981813, 245.2914258898636], [1604.5902910363964, 234.38206588972292], [1603.9061585794639, 222.6934658895722], [1603.2220261225311, 211.4501458898792], [1606.056289158494, 203.43510588954985], [1620.4230707537313, 198.75966588988504], [1622.1822685001791, 213.3425858898471], [1627.8507945717577, 248.18574588967493], [1637.1354493444637, 286.70246588971963], [1632.6397217702856, 298.61370588970374]]]}, "properties": {"name": "", "kind": "farmland", "category": "parque", "extrude": false}}, {"type": "Feature", "geometry": {"type": "Polygon", "coordinates": [[[1389.0885671054073, 243.7329458898435], [1425.73852015507, 236.05186588985745], [1428.1818503584502, 244.40086588973912], [1378.6311138353008, 258.6498258897534], [1376.7741828809678, 246.29330588970703], [1389.0885671054073, 243.7329458898435]]]}, "properties": {"name": "", "kind": "orchard", "category": "parque", "extrude": false}}, {"type": "Feature", "geometry": {"type": "Polygon", "coordinates": [[[1804.552434874401, 173.37870588989674], [1840.2250558427809, 164.69574588967177], [1850.7802423207727, 174.8258658898024], [1855.764635935766, 189.5201058898789], [1806.409365829081, 197.86910588976056], [1809.536828489394, 213.6765458897949], [1821.3625466733658, 228.7047458898192], [1831.038134278307, 246.07066588987365], [1814.8144217283898, 263.54790588964704], [1788.2309891165983, 276.3497058897556], [1745.2283775384246, 209.33506588968243], [1749.03997265567, 203.54642588966428], [1759.4974259257767, 200.54078588973852], [1768.0002150333178, 190.85594588967012], [1778.8486011356597, 183.50882588963188], [1804.552434874401, 173.37870588989674]]]}, "properties": {"name": "", "kind": "wood", "category": "parque", "extrude": false}}, {"type": "Feature", "geometry": {"type": "Polygon", "coordinates": [[[1496.301896426318, 221.02366588983315], [1490.535637146507, 227.7028658895803], [1473.8232585557748, 232.3783058896406], [1465.2227362403482, 234.9386658898996], [1456.3290143002248, 236.27450588969083], [1448.0216916091483, 236.1631858895764], [1440.9849006237048, 232.7122658895884], [1433.2639771813285, 225.8104258896124], [1415.671999717546, 226.03306588984125], [1425.73852015507, 236.05186588985745], [1389.0885671054073, 243.7329458898435], [1405.410012863557, 218.3519858898552], [1421.6337254134744, 192.85970588975246], [1496.301896426318, 221.02366588983315]]]}, "properties": {"name": "", "kind": "scrub", "category": "parque", "extrude": false}}, {"type": "Feature", "geometry": {"type": "Polygon", "coordinates": [[[2804.851820105238, 437.207105889796], [2824.8871277724006, 424.42967317073555], [2824.8871277724006, 443.19549028700305], [2804.851820105238, 437.207105889796]]]}, "properties": {"name": "", "kind": "farmland", "category": "parque", "extrude": false}}, {"type": "Feature", "geometry": {"type": "Polygon", "coordinates": [[[2810.1294133442334, 260.9875458897835], [2814.2342080858293, 236.1631858895764], [2824.8871277724006, 215.01481116174574], [2824.8871277724006, 274.1586843007626], [2810.1294133442334, 260.9875458897835]]]}, "properties": {"name": "", "kind": "farmland", "category": "parque", "extrude": false}}, {"type": "Feature", "geometry": {"type": "Polygon", "coordinates": [[[2822.639263985138, 141.6525058897136], [2804.754086897005, 141.98646588966142], [2780.6139844885943, 139.31478588968346], [2770.254264426373, 138.2015858897256], [2757.2557477450005, 136.75442588981994], [2743.4753653984635, 134.97330588957098], [2747.971092972294, 103.58106588973115], [2752.4668205464727, 71.85486588954802], [2786.1847773519403, 86.88306588957232], [2809.152081262951, 97.01318588970295], [2824.8871277724006, 101.26978438971335], [2824.8871277724006, 133.0175662811753], [2822.639263985138, 141.6525058897136]]]}, "properties": {"name": "", "kind": "farmland", "category": "parque", "extrude": false}}, {"type": "Feature", "geometry": {"type": "Polygon", "coordinates": [[[2822.639263985138, 141.6525058897136], [2824.8871277724006, 133.0175662811753], [2824.8871277724006, 141.9888534500545], [2822.639263985138, 141.6525058897136]]]}, "properties": {"name": "", "kind": "scrub", "category": "parque", "extrude": false}}, {"type": "Feature", "geometry": {"type": "Polygon", "coordinates": [[[2755.8874828311355, -139.09653411017786], [2777.388788620049, -136.0908941102521], [2800.9424917797596, -140.98897411014576], [2824.8871277724006, -153.5889659233449], [2824.8871277724006, -122.17964647030442], [2816.97073791356, -91.78553411018925], [2773.3817270866857, -90.44969411039801], [2756.6693484963002, -99.4666141101753], [2748.948425053577, -104.4760141101834], [2740.445635946383, -137.31541411032438], [2755.8874828311355, -139.09653411017786]]]}, "properties": {"name": "", "kind": "scrub", "category": "parque", "extrude": false}}, {"type": "Feature", "geometry": {"type": "Polygon", "coordinates": [[[2816.97073791356, -91.78553411018925], [2824.8871277724006, -122.17964647030442], [2824.8871277724006, -92.85793478989632], [2816.97073791356, -91.78553411018925]]]}, "properties": {"name": "", "kind": "farmland", "category": "parque", "extrude": false}}, {"type": "Feature", "geometry": {"type": "Polygon", "coordinates": [[[2800.9424917797596, -140.98897411014576], [2777.388788620049, -136.0908941102521], [2755.8874828311355, -139.09653411017786], [2740.445635946383, -137.31541411032438], [2737.513639702188, -146.22101411038273], [2731.0632479654446, -174.27365411034899], [2732.9201789201247, -188.29997411013437], [2765.269870811727, -176.8340141102125], [2799.671960074127, -172.7151741103289], [2820.29366698999, -177.724574110337], [2824.8871277724006, -181.4099161542822], [2824.8871277724006, -153.5889659233449], [2800.9424917797596, -140.98897411014576]]]}, "properties": {"name": "", "kind": "scrub", "category": "parque", "extrude": false}}, {"type": "Feature", "geometry": {"type": "Polygon", "coordinates": [[[2726.567520391614, -531.4995341101531], [2728.228984929829, -568.6804141104067], [2758.0376134098187, -565.6747741104809], [2786.1847773519403, -562.780454110274], [2818.632202451775, -559.1068941104527], [2810.1294133442334, -526.6014541102595], [2821.1732658633878, -521.5920541102514], [2824.8871277724006, -519.6004223594227], [2824.8871277724006, -501.46707389502865], [2813.7455420453616, -500.3299341101467], [2789.214506804021, -504.11481411047805], [2772.8930610458706, -497.65825411016874], [2759.6013447401488, -481.7394941104155], [2725.4924551020986, -497.324294110221], [2726.3720539751484, -528.4938941102274], [2726.567520391614, -531.4995341101531]]]}, "properties": {"name": "", "kind": "farmland", "category": "parque", "extrude": false}}, {"type": "Feature", "geometry": {"type": "Polygon", "coordinates": [[[2799.1832940336594, -448.9000941102745], [2789.8009060527206, -442.55485411047516], [2790.582771717886, -450.3472541101802], [2786.8689098088726, -450.90385411035686], [2779.343452782614, -450.68121411012794], [2773.0885274623356, -452.6849741102103], [2761.9469417352966, -459.69813411030077], [2751.8804212977725, -467.15657411045345], [2743.5730986063486, -472.3886141102949], [2734.87484308269, -474.05841411042945], [2725.003789061284, -474.8376541104395], [2725.4924551020986, -497.324294110221], [2759.6013447401488, -481.7394941104155], [2772.8930610458706, -497.65825411016874], [2789.214506804021, -504.11481411047805], [2813.7455420453616, -500.3299341101467], [2824.8871277724006, -501.46707389502865], [2824.8871277724006, -456.0833378276782], [2799.1832940336594, -448.9000941102745]]]}, "properties": {"name": "", "kind": "scrub", "category": "parque", "extrude": false}}, {"type": "Feature", "geometry": {"type": "Polygon", "coordinates": [[[2810.1294133442334, -526.6014541102595], [2818.632202451775, -559.1068941104527], [2824.8871277724006, -558.6335894951236], [2824.8871277724006, -519.0599754073103], [2810.1294133442334, -526.6014541102595]]]}, "properties": {"name": "", "kind": "scrub", "category": "parque", "extrude": false}}, {"type": "Feature", "geometry": {"type": "Polygon", "coordinates": [[[2824.0075288990033, -558.550294110276], [2818.632202451775, -559.1068941104527], [2786.1847773519403, -562.780454110274], [2758.0376134098187, -565.6747741104809], [2728.228984929829, -568.6804141104067], [2728.326718137714, -592.0576141103127], [2728.7176509702967, -614.5442541104896], [2728.8153841785293, -620.2215741103932], [2725.394721893866, -635.5837341103654], [2719.6284626140555, -645.6025341103816], [2726.665253599499, -648.2742141103596], [2734.4839102501073, -647.7176141101829], [2760.0900107806165, -645.4912141102672], [2763.9993391060943, -645.1572541103194], [2785.402911686775, -640.9270941103214], [2824.8871277724006, -635.9711570049775], [2824.8871277724006, -558.4895741100697], [2824.0075288990033, -558.550294110276]]]}, "properties": {"name": "", "kind": "farmland", "category": "parque", "extrude": false}}, {"type": "Feature", "geometry": {"type": "Polygon", "coordinates": [[[2785.402911686775, -640.9270941103214], [2763.9993391060943, -645.1572541103194], [2760.0900107806165, -645.4912141102672], [2761.1650760701314, -658.2930141103758], [2757.646680577583, -659.0722541103858], [2754.714684333388, -702.1530941103764], [2768.39733347204, -700.2606541104085], [2772.7953278379855, -697.477654110316], [2777.681988244399, -695.6965341104626], [2780.5162512803618, -694.0267341103281], [2781.7867829859947, -694.9172941104525], [2784.034646773257, -695.6965341104626], [2786.0870441437078, -699.1474541104506], [2786.673443392755, -698.1455741102117], [2793.4170347538484, -704.2681741101776], [2788.8235739714382, -708.3870141104568], [2792.1465030478685, -714.8435741103706], [2824.8871277724006, -732.1765684766718], [2824.8871277724006, -635.9711570049775], [2785.402911686775, -640.9270941103214]]]}, "properties": {"name": "", "kind": "farmland", "category": "parque", "extrude": false}}, {"type": "Feature", "geometry": {"type": "Polygon", "coordinates": [[[2824.8871277724006, -734.6459366969625], [2824.8871277724006, -732.1765684766718], [2792.1465030478685, -714.8435741103706], [2785.6961113114726, -722.3020141101277], [2779.9298520316615, -730.2057341103426], [2774.0658595436184, -734.7698541102885], [2770.9383968833054, -739.3339741102343], [2770.7429304671878, -740.1132141102444], [2769.57013196944, -744.8999741104192], [2784.5233128137247, -764.2696541101604], [2824.8871277724006, -734.6459366969625]]]}, "properties": {"name": "", "kind": "farmland", "category": "parque", "extrude": false}}, {"type": "Feature", "geometry": {"type": "Polygon", "coordinates": [[[2819.0231352843575, -786.9789341101707], [2816.97073791356, -842.3049741104887], [2824.8871277724006, -889.3669688479065], [2824.8871277724006, -773.1842044616191], [2819.0231352843575, -786.9789341101707]]]}, "properties": {"name": "", "kind": "scrub", "category": "parque", "extrude": false}}, {"type": "Feature", "geometry": {"type": "Polygon", "coordinates": [[[2824.8871277724006, -998.3605708667216], [2824.8871277724006, -910.4081359414281], [2787.5530422658053, -932.0288941101768], [2801.3334246123422, -954.5155341103538], [2814.5274077101794, -982.9021341102679], [2820.4891334064546, -1000.8246541101034], [2824.8871277724006, -998.3605708667216]]]}, "properties": {"name": "", "kind": "vineyard", "category": "parque", "extrude": false}}, {"type": "Feature", "geometry": {"type": "Polygon", "coordinates": [[[2820.4891334064546, -1000.8246541101034], [2824.496194939818, -1016.186814110471], [2824.8871277724006, -1017.7452941108867], [2824.8871277724006, -998.3605708667216], [2820.4891334064546, -1000.8246541101034]]]}, "properties": {"name": "", "kind": "scrub", "category": "parque", "extrude": false}}, {"type": "Feature", "geometry": {"type": "Polygon", "coordinates": [[[2779.245719574729, -1072.0694541101748], [2783.6437139406744, -1065.2789341103132], [2788.8235739714382, -1056.9299341104315], [2791.951036631751, -1052.4771341102046], [2793.6125011699664, -1049.3601741101643], [2789.898639260953, -1042.6809741104173], [2785.8915777275897, -1036.0017741102747], [2778.463853909564, -1041.6790941101783], [2773.9681263353855, -1044.128134110323], [2766.6381357255923, -1043.6828541102607], [2762.0446749435287, -1047.8016941101444], [2767.908667431225, -1056.9299341104315], [2771.524796132353, -1066.1694941104377], [2770.9383968833054, -1070.622294110269], [2777.0955889956986, -1070.2883341103213], [2779.245719574729, -1072.0694541101748]]]}, "properties": {"name": "", "kind": "garden", "category": "parque", "extrude": false}}, {"type": "Feature", "geometry": {"type": "Polygon", "coordinates": [[[2796.544497413814, -1177.6008141102925], [2814.3319412940614, -1173.2593341101801], [2824.8871277724006, -1168.8224369671125], [2824.8871277724006, -1041.726802681656], [2793.6125011699664, -1049.3601741101643], [2788.8235739714382, -1056.9299341104315], [2783.6437139406744, -1065.2789341103132], [2779.245719574729, -1072.0694541101748], [2777.0955889956986, -1070.2883341103213], [2770.9383968833054, -1070.622294110269], [2762.826540608347, -1095.891934110143], [2768.69053309639, -1099.7881341101931], [2779.1479863664963, -1102.0145341101088], [2780.320784864244, -1106.6899741101693], [2778.6593203256816, -1110.6974941103338], [2772.502128213636, -1115.2616141102797], [2766.54040251736, -1119.0464941102155], [2783.1550478998593, -1141.6444541101114], [2757.060281328536, -1185.8384941104553], [2796.544497413814, -1177.6008141102925]]]}, "properties": {"name": "", "kind": "scrub", "category": "parque", "extrude": false}}, {"type": "Feature", "geometry": {"type": "Polygon", "coordinates": [[[2738.002305743003, -1362.3920141104156], [2701.547819109805, -1342.0204541104354], [2682.3993307113333, -1368.5146141103817], [2727.153919640314, -1368.5146141103817], [2736.733449216814, -1367.978577883451], [2744.3664296730735, -1366.6889283053015], [2738.002305743003, -1362.3920141104156]]]}, "properties": {"name": "", "kind": "farmland", "category": "parque", "extrude": false}}, {"type": "Feature", "geometry": {"type": "Polygon", "coordinates": [[[1666.846344616568, 154.56562588954114], [1665.9667457435178, 167.03346588970192], [1672.7103371046112, 210.7822258895881], [1718.5472117184006, 193.3049858898147], [1720.8928087135484, 195.64270588984485], [1732.5230604814026, 207.3313058896001], [1741.6122488376438, 214.5671058895239], [1708.7738909052266, 242.1744658898234], [1697.9255048025377, 260.20830588977344], [1677.4992643027922, 272.00822588964314], [1637.1354493444637, 286.70246588971963], [1627.8507945717577, 248.18574588967493], [1622.1822685001791, 213.3425858898471], [1620.4230707537313, 198.75966588988504], [1619.5434718806812, 191.7465058897946], [1617.6865409263482, 176.82962588988474], [1606.1540223667266, 140.87326588970356], [1629.4145259020875, 138.31290588984004], [1638.6991806744466, 138.2015858897256], [1638.9923802987967, 154.89958588988443], [1649.8407664014858, 157.2373058895191], [1655.8024920977614, 149.89018588987634], [1666.846344616568, 154.56562588954114]]]}, "properties": {"name": "", "kind": "farmland", "category": "parque", "extrude": false}}, {"type": "Feature", "geometry": {"type": "Polygon", "coordinates": [[[2157.9557154796876, 180.1692258897583], [2104.2024510070573, 267.2214658898639], [2052.2083842808747, 233.3801858898795], [2107.525380083488, 148.10906588962737], [2157.9557154796876, 180.1692258897583]]]}, "properties": {"name": "", "kind": "pitch", "category": "parque", "extrude": false}}, {"type": "Feature", "geometry": {"type": "Polygon", "coordinates": [[[2099.218057392412, 128.40542588954278], [2089.4447365792375, 146.43926588988833], [2091.3994007418028, 150.66942588988638], [2049.374121245259, 219.13122588986525], [2043.4123955489833, 228.59342588970478], [2041.1645317620678, 233.93678588966068], [2040.871332137718, 239.39146588973102], [2040.6758657212533, 245.40274588958255], [2043.8033283815657, 251.5253458895485], [2048.2013227475113, 264.1045058898237], [2054.5539812760226, 269.8931458898419], [2060.1247741397156, 274.90254588985], [2080.9419474716965, 283.91946588962725], [2104.4956506314074, 281.13646588953486], [2071.8527591154552, 293.38166588986223], [2036.6688041878901, 291.6005458896133], [2008.4239070378833, 310.74758588952125], [1973.2399521103182, 122.50546588980569], [1974.510483815951, 116.49418588955868], [1978.0288793088464, 110.26026588987378], [1982.1336740504416, 106.80934588988578], [1991.027395990218, 104.47162588985563], [2050.0582537018445, 101.68862588976324], [2064.522768505661, 102.24522588954443], [2079.0850165173633, 103.24710588978334], [2104.1047177988253, 105.02822588963681], [2105.47298271269, 111.93006588961282], [2099.218057392412, 128.40542588954278]]]}, "properties": {"name": "", "kind": "scrub", "category": "parque", "extrude": false}}, {"type": "Feature", "geometry": {"type": "Polygon", "coordinates": [[[1763.8954202917223, 169.59382588956544], [1778.8486011356597, 183.50882588963188], [1768.0002150333178, 190.85594588967012], [1759.4974259257767, 200.54078588973852], [1749.03997265567, 203.54642588966428], [1745.2283775384246, 209.33506588968243], [1741.6122488376438, 214.5671058895239], [1732.5230604814026, 207.3313058896001], [1720.8928087135484, 195.64270588984485], [1701.541633503318, 175.49378588969802], [1722.4565400435315, 165.58630588979625], [1733.3049261462204, 154.34298588970776], [1763.8954202917223, 169.59382588956544]]]}, "properties": {"name": "", "kind": "farmland", "category": "parque", "extrude": false}}, {"type": "Feature", "geometry": {"type": "Polygon", "coordinates": [[[1417.528930671879, 119.05454588981769], [1429.9410481045509, 142.43174588972366], [1439.6166357098396, 159.90898588989253], [1444.210096491903, 162.46934588975606], [1426.8135854445852, 170.1504258897421], [1415.7697329254313, 178.16546588967597], [1411.2740053516004, 187.18238588984875], [1383.0291082012463, 204.2143458895599], [1359.5731382497677, 164.02782588977615], [1352.2431476396268, 142.65438588955703], [1357.9116737115526, 127.29222588958493], [1360.941403163633, 117.8300258897454], [1363.7756661992487, 104.80558588980344], [1401.7938841627765, 89.77738588977914], [1417.528930671879, 119.05454588981769]]]}, "properties": {"name": "", "kind": "farmland", "category": "parque", "extrude": false}}, {"type": "Feature", "geometry": {"type": "Polygon", "coordinates": [[[2247.283867712466, 97.23582588953633], [2244.742804300853, 106.03010588987573], [2238.29241256411, 123.84130588959692], [2231.646554411249, 134.52802588950874], [2222.7528324711247, 142.43174588972366], [2210.4384482466853, 145.77134588959723], [2208.288317667655, 136.19782588964327], [2184.5391480914795, 126.2903458897415], [2191.1850062446874, 117.49606588979759], [2199.1013961031813, 109.25838588963487], [2210.2429818302203, 108.25650588979144], [2220.407235475977, 106.2527458897091], [2222.3618996385426, 98.46034588960862], [2221.3845675572597, 88.77550588954023], [2247.283867712466, 97.23582588953633]]]}, "properties": {"name": "", "kind": "scrub", "category": "parque", "extrude": false}}, {"type": "Feature", "geometry": {"type": "Polygon", "coordinates": [[[1536.8611778011116, 132.41294588970746], [1537.4475770498116, 180.1692258897583], [1519.1714671290963, 178.2767858897904], [1489.3628386487596, 178.94470588968602], [1468.2524656924288, 175.7164258895314], [1444.210096491903, 162.46934588975606], [1439.6166357098396, 159.90898588989253], [1429.9410481045509, 142.43174588972366], [1417.528930671879, 119.05454588981769], [1401.7938841627765, 89.77738588977914], [1396.5162909234334, 79.86990588987737], [1446.4579602788183, 52.3738658896923], [1467.8615328598462, 43.913545889696195], [1490.0469711056921, 35.119265889752285], [1514.5780063470331, 25.545745889798326], [1540.3795732936596, 54.2663058896602], [1551.325692604581, 66.40018588987317], [1588.562044902944, 62.94926588988517], [1591.5917743550244, 77.30954588961836], [1592.4713732280748, 82.4302658897409], [1594.7192370153375, 96.34526588980734], [1598.8240317565856, 115.26966588988188], [1536.8611778011116, 132.41294588970746]]]}, "properties": {"name": "", "kind": "farmland", "category": "parque", "extrude": false}}, {"type": "Feature", "geometry": {"type": "Polygon", "coordinates": [[[2148.8665271234463, 74.19258588957817], [2155.5123852763077, 73.96994588974479], [2158.05344868792, 70.40770588964236], [2161.2786445561183, 69.51714588951788], [2164.0151743838487, 71.52090588960021], [2166.263038170764, 73.07938588962031], [2169.195034414959, 73.85862588963036], [2173.2020959483225, 70.8529858897046], [2175.84089256782, 69.96242588958012], [2179.3592880607157, 71.40958588988127], [2181.607151847631, 73.63598588979698], [2184.3436816753615, 74.08126588985922], [2188.4484764169574, 71.63222588971465], [2192.4555379503204, 70.74166588959017], [2194.4102021128856, 70.51902588975679], [2195.7784670267506, 67.7360258896644], [2199.492328935764, 66.62282588970655], [2201.642459514794, 67.7360258896644], [2201.446993098329, 71.96618588966246], [2201.642459514794, 76.75294588983718], [2214.2500433635837, 82.7642258896887], [2221.3845675572597, 88.77550588954023], [2222.3618996385426, 98.46034588960862], [2220.407235475977, 106.2527458897091], [2210.2429818302203, 108.25650588979144], [2199.1013961031813, 109.25838588963487], [2191.1850062446874, 117.49606588979759], [2184.5391480914795, 126.2903458897415], [2166.3607713789966, 116.93946588962092], [2148.1823946665136, 107.47726588978139], [2148.8665271234463, 74.19258588957817]]]}, "properties": {"name": "", "kind": "park", "category": "parque", "extrude": false}}, {"type": "Feature", "geometry": {"type": "Polygon", "coordinates": [[[2148.8665271234463, 74.19258588957817], [2148.1823946665136, 107.47726588978139], [2141.9274693462353, 106.2527458897091], [2132.936014197879, 102.8018258897211], [2121.8921616790726, 99.3509058897331], [2114.6599042771636, 97.792425889713], [2110.164176703333, 95.67734588951623], [2104.30018421529, 89.3321058897169], [2129.6130851214484, 72.07750588977689], [2148.8665271234463, 74.19258588957817]]]}, "properties": {"name": "", "kind": "scrub", "category": "parque", "extrude": false}}, {"type": "Feature", "geometry": {"type": "Polygon", "coordinates": [[[2098.533924935479, 38.34754588951142], [2123.455893009055, 67.51338588983103], [2109.3823110381677, 79.42462588981513], [2084.5580761724773, 50.37010588960996], [2098.533924935479, 38.34754588951142]]]}, "properties": {"name": "", "kind": "pitch", "category": "parque", "extrude": false}}, {"type": "Feature", "geometry": {"type": "Polygon", "coordinates": [[[911.6618453809396, 236.27450588969083], [913.909709167855, 350.82278588958604], [904.625054395496, 352.04730588965833], [890.160539591679, 356.5001058898852], [876.4778904533744, 356.5001058898852], [872.0798960874288, 330.22858588977243], [894.6562671658571, 323.5493858896298], [894.9494667902071, 236.38582588980526], [911.6618453809396, 236.27450588969083]]]}, "properties": {"name": "Gelände der Modellflieger,Landeplatz", "kind": "pitch", "category": "parque", "extrude": false}}, {"type": "Feature", "geometry": {"type": "Polygon", "coordinates": [[[928.6674235956747, 238.7235458898354], [932.9676847537352, 278.57610588967134], [937.9520783683809, 306.18346588957536], [934.2382164593678, 334.79270588971826], [913.909709167855, 350.82278588958604], [911.6618453809396, 236.27450588969083], [928.6674235956747, 238.7235458898354]]]}, "properties": {"name": "", "kind": "farmland", "category": "parque", "extrude": false}}, {"type": "Feature", "geometry": {"type": "Polygon", "coordinates": [[[448.69963845959415, -114.04953411013736], [460.7208230600307, -111.82313411022164], [511.24889166411583, -89.11385411021129], [511.0534252479981, -63.06497411032737], [493.9501138246833, -37.01609411044345], [485.7405243418394, -13.082294110360806], [486.52239000665725, 7.400585889733833], [454.2704313232873, 1.6119458897156846], [445.96310863186375, -46.923574110345214], [437.36258631643733, -105.81185411037012], [440.3923157685178, -112.71369411034613], [448.69963845959415, -114.04953411013736]]]}, "properties": {"name": "", "kind": "scrub", "category": "parque", "extrude": false}}, {"type": "Feature", "geometry": {"type": "Polygon", "coordinates": [[[1065.2007153561071, -219.24693411030745], [1080.8380286573245, -183.7358541101885], [1080.6425622408594, -162.58505411019826], [1063.6369840261243, -164.81145411011397], [1024.7391671895462, -148.11345411035063], [1008.7109210557464, -109.59673411030593], [1034.5124880027201, -77.20261411022719], [990.5325443432638, -84.21577411031762], [962.874046441957, -75.42149411037371], [945.5752686025246, -58.94613411044375], [878.3348214077073, -126.51737411029814], [889.3786739268612, -167.14917411014412], [893.581201876342, -196.31501411046372], [892.8970694194094, -198.20745411043163], [911.6618453809396, -233.05061411025946], [949.0936640954201, -221.80729411017097], [981.6388224034873, -239.17321411022542], [1037.5422174548005, -250.63917411014728], [1065.2007153561071, -219.24693411030745]]]}, "properties": {"name": "", "kind": "wood", "category": "parque", "extrude": false}}, {"type": "Feature", "geometry": {"type": "Polygon", "coordinates": [[[495.8070447793635, -134.42109411011756], [493.55918099244803, -126.4060541101837], [505.3848991764197, -109.4854141101915], [532.8479306612616, -83.32521411019314], [524.9315408027677, -82.99125411024534], [511.24889166411583, -89.11385411021129], [460.7208230600307, -111.82313411022164], [448.69963845959415, -114.04953411013736], [440.3923157685178, -112.71369411034613], [437.36258631643733, -105.81185411037012], [409.8018216233632, -122.39853411041452], [397.68290381469416, -172.15857411015222], [370.51307195420253, -183.95849411041738], [333.6676524884221, -227.03933411040794], [340.11804422516553, -226.48273411023126], [354.4848258204028, -230.60157411011488], [364.1604134256915, -230.93553411045818], [374.324667071448, -238.28265411010094], [379.2113274778614, -249.30333411035605], [384.78212034155456, -267.6711341102539], [500.2050391453091, -192.97541411019466], [495.8070447793635, -134.42109411011756]]]}, "properties": {"name": "", "kind": "scrub", "category": "parque", "extrude": false}}, {"type": "Feature", "geometry": {"type": "Polygon", "coordinates": [[[2175.5476929434703, -9.85401411020618], [2193.4328700316028, 6.621345889723784], [2220.700435100327, 31.89098588959766], [2228.519091750936, 40.68526588954157], [2236.8264144423592, 50.14746588977658], [2245.4269367577854, 59.94362588956392], [2249.238531875031, 68.40394588956002], [2250.997729621479, 78.97934588975289], [2250.606796788896, 86.66042588973895], [2247.283867712466, 97.23582588953633], [2221.3845675572597, 88.77550588954023], [2214.2500433635837, 82.7642258896887], [2201.642459514794, 76.75294588983718], [2201.446993098329, 71.96618588966246], [2201.642459514794, 67.7360258896644], [2199.492328935764, 66.62282588970655], [2195.7784670267506, 67.7360258896644], [2194.4102021128856, 70.51902588975679], [2192.4555379503204, 70.74166588959017], [2188.4484764169574, 71.63222588971465], [2184.3436816753615, 74.08126588985922], [2181.607151847631, 73.63598588979698], [2179.3592880607157, 71.40958588988127], [2175.84089256782, 69.96242588958012], [2173.2020959483225, 70.8529858897046], [2169.195034414959, 73.85862588963036], [2166.263038170764, 73.07938588962031], [2164.0151743838487, 71.52090588960021], [2161.2786445561183, 69.51714588951788], [2158.05344868792, 70.40770588964236], [2155.5123852763077, 73.96994588974479], [2148.8665271234463, 74.19258588957817], [2129.6130851214484, 72.07750588977689], [2139.58187235074, 65.28698588951983], [2171.3451649936424, 40.128665889760384], [2144.761732381851, 10.072265889711787], [2175.5476929434703, -9.85401411020618]]]}, "properties": {"name": "", "kind": "scrub", "category": "parque", "extrude": false}}, {"type": "Feature", "geometry": {"type": "Polygon", "coordinates": [[[2130.8836168270814, 20.64766588950917], [2153.4599879055095, 48.032385889579814], [2140.2660048076727, 58.941745889720494], [2117.6896337292446, 31.55702588964985], [2130.8836168270814, 20.64766588950917]]]}, "properties": {"name": "", "kind": "pitch", "category": "parque", "extrude": false}}, {"type": "Feature", "geometry": {"type": "Polygon", "coordinates": [[[1351.168082350459, -8.852134110362755], [1369.0532594385916, -17.42377411047329], [1386.058837653327, -14.418134110152039], [1399.1550875432786, 9.738305889763978], [1420.6563933321918, 32.67022588960771], [1446.4579602788183, 52.3738658896923], [1396.5162909234334, 79.86990588987737], [1384.7883059476942, 58.05118588959601], [1378.728847043533, 46.69654588978858], [1363.1892669505485, 14.079785889876462], [1346.476888359816, -0.057854110418844584], [1351.168082350459, -8.852134110362755]]]}, "properties": {"name": "", "kind": "scrub", "category": "parque", "extrude": false}}, {"type": "Feature", "geometry": {"type": "Polygon", "coordinates": [[[1507.8344149859395, 0.38742588964339575], [1520.5397320429615, 9.626985889649546], [1526.5991909471227, 19.08918588988456], [1527.0878569879374, 19.86842588989461], [1531.5835845617682, 36.009825889876765], [1546.2435657817027, 52.93046588986897], [1540.3795732936596, 54.2663058896602], [1514.5780063470331, 25.545745889798326], [1495.520030761153, -5.178574110145888], [1507.8344149859395, 0.38742588964339575]]]}, "properties": {"name": "", "kind": "scrub", "category": "parque", "extrude": false}}, {"type": "Feature", "geometry": {"type": "Polygon", "coordinates": [[[1582.7957856231333, 25.65706588951727], [1583.9685841205335, 34.45134588985667], [1570.2859349822288, 33.783425889565564], [1556.1146198031092, 22.985385889539316], [1550.0551608989483, 21.87218588958146], [1545.8526329491203, 2.7251458896735414], [1549.468761650248, 0.9440258898200682], [1570.3836681904613, 8.847745889639498], [1574.6839293481746, 14.302425889709838], [1582.1116531662005, 10.183585889826219], [1582.7957856231333, 25.65706588951727]]]}, "properties": {"name": "", "kind": "orchard", "category": "parque", "extrude": false}}, {"type": "Feature", "geometry": {"type": "Polygon", "coordinates": [[[1574.292996515592, -0.8370941104288931], [1570.3836681904613, 8.847745889639498], [1549.468761650248, 0.9440258898200682], [1555.5282205544092, -10.74457411033066], [1574.292996515592, -0.8370941104288931]]]}, "properties": {"name": "", "kind": "farmland", "category": "parque", "extrude": false}}, {"type": "Feature", "geometry": {"type": "Polygon", "coordinates": [[[1579.7660561710527, -3.620094110125791], [1582.1116531662005, 10.183585889826219], [1574.6839293481746, 14.302425889709838], [1570.3836681904613, 8.847745889639498], [1574.292996515592, -0.8370941104288931], [1555.5282205544092, -10.74457411033066], [1549.468761650248, 0.9440258898200682], [1545.8526329491203, 2.7251458896735414], [1546.3412989899355, -14.974734110328711], [1558.460216798257, -18.203014110483338], [1574.6839293481746, -24.54825411028267], [1579.7660561710527, -3.620094110125791]]]}, "properties": {"name": "", "kind": "scrub", "category": "parque", "extrude": false}}, {"type": "Feature", "geometry": {"type": "Polygon", "coordinates": [[[1466.688734362446, -54.048054110154595], [1480.4691167089832, -65.84797411041976], [1497.8656277563007, -85.32897411027548], [1518.5850678803963, -94.12325411021939], [1511.3528104784878, -69.74417411047], [1520.637465251194, -61.39517411019284], [1528.8470547343852, -63.287614110160746], [1531.8767841864656, -81.6554141104541], [1534.3201143894985, -99.91189411023754], [1548.5891627768508, -82.10069411012086], [1552.3030246858639, -76.08941411026933], [1556.016886594877, -70.18945411013675], [1561.4899462503377, -59.057454110162695], [1565.6924741998184, -50.48581411044765], [1571.361000271744, -38.24061411012025], [1574.6839293481746, -24.54825411028267], [1558.460216798257, -18.203014110483338], [1546.3412989899355, -14.974734110328711], [1541.7478382075249, -13.750214110256422], [1530.0198532317854, -7.516294110176034], [1507.8344149859395, 0.38742588964339575], [1495.520030761153, -5.178574110145888], [1455.9380814676422, -25.550134110126095], [1452.5174191833264, -41.35757411016044], [1466.688734362446, -54.048054110154595]]]}, "properties": {"name": "", "kind": "scrub", "category": "parque", "extrude": false}}, {"type": "Feature", "geometry": {"type": "Polygon", "coordinates": [[[1596.9671008022528, -92.45345411048035], [1591.982707187607, -85.32897411027548], [1583.8708509126484, -79.54033411025733], [1570.090468565764, -67.40645411043985], [1561.4899462503377, -59.057454110162695], [1556.016886594877, -70.18945411013675], [1573.9997968912419, -80.65353411021519], [1584.7504497856985, -89.55913411027353], [1594.3283041827547, -97.46285411048845], [1596.9671008022528, -92.45345411048035]]]}, "properties": {"name": "", "kind": "farmland", "category": "parque", "extrude": false}}, {"type": "Feature", "geometry": {"type": "Polygon", "coordinates": [[[1644.7586395786075, -106.47977411026574], [1644.367706746372, -102.36093411038212], [1623.9414662466268, -97.68549411032183], [1611.3338823974898, -94.56853411028163], [1606.056289158494, -89.67045411038796], [1600.5832295030334, -85.21765411016105], [1601.267361959966, -63.287614110160746], [1586.4119143239138, -39.799094110140345], [1571.361000271744, -38.24061411012025], [1565.6924741998184, -50.48581411044765], [1561.4899462503377, -59.057454110162695], [1570.090468565764, -67.40645411043985], [1583.8708509126484, -79.54033411025733], [1591.982707187607, -85.32897411027548], [1596.9671008022528, -92.45345411048035], [1594.3283041827547, -97.46285411048845], [1598.2376325078856, -100.69113411024759], [1606.251755574612, -118.50233411036427], [1644.7586395786075, -106.47977411026574]]]}, "properties": {"name": "", "kind": "scrub", "category": "parque", "extrude": false}}, {"type": "Feature", "geometry": {"type": "Polygon", "coordinates": [[[1558.0692839656745, -103.36281411022554], [1559.5352820877722, -100.80245411036202], [1559.1443492551896, -96.46097411024954], [1561.2944798338726, -88.11197411036787], [1552.3030246858639, -76.08941411026933], [1548.5891627768508, -82.10069411012086], [1534.3201143894985, -99.91189411023754], [1550.6415601476485, -109.26277411035812], [1558.0692839656745, -103.36281411022554]]]}, "properties": {"name": "", "kind": "farmland", "category": "parque", "extrude": false}}, {"type": "Feature", "geometry": {"type": "Polygon", "coordinates": [[[1907.7587026619483, -144.99649411031044], [1910.3974992814465, -148.22477411046506], [1913.3294955252943, -150.78513411032858], [1917.1410906425397, -152.12097411011982], [1920.073086886388, -152.56625411018206], [1924.0801484197511, -152.12097411011982], [1922.516417089768, -142.88141411011367], [1907.3677698293657, -142.32481411033248], [1907.7587026619483, -144.99649411031044]]]}, "properties": {"name": "", "kind": "playground", "category": "parque", "extrude": false}}, {"type": "Feature", "geometry": {"type": "Polygon", "coordinates": [[[1948.122517620277, -147.11157411011172], [1946.6565194985264, -168.93029411039308], [1957.016239560401, -169.5982141102887], [1958.4822376824982, -147.89081411012177], [1948.122517620277, -147.11157411011172]]]}, "properties": {"name": "", "kind": "pitch", "category": "parque", "extrude": false}}, {"type": "Feature", "geometry": {"type": "Polygon", "coordinates": [[[1958.4822376824982, -147.89081411012177], [1957.016239560401, -169.5982141102887], [1967.4736928305074, -170.37745411029874], [1969.03742416049, -148.55873411041287], [1958.4822376824982, -147.89081411012177]]]}, "properties": {"name": "", "kind": "pitch", "category": "parque", "extrude": false}}, {"type": "Feature", "geometry": {"type": "Polygon", "coordinates": [[[1627.3621285312897, -176.5000541102647], [1634.6921191410834, -153.23417411047316], [1637.5263821770461, -139.31917411040672], [1644.7586395786075, -106.47977411026574], [1611.2361491896047, -116.72121411011531], [1606.251755574612, -118.50233411036427], [1588.1711120703617, -124.8475741101636], [1574.5861961399419, -129.74565411045276], [1572.6315319773767, -148.67005411013182], [1581.0365878766854, -158.0209341102524], [1568.429004027549, -176.27741411043132], [1577.22499275944, -191.08297411022676], [1579.0819237141202, -213.1243341103415], [1586.7051139482637, -236.05625411018522], [1606.056289158494, -244.07129411011908], [1627.3621285312897, -176.5000541102647]]]}, "properties": {"name": "", "kind": "farmland", "category": "parque", "extrude": false}}, {"type": "Feature", "geometry": {"type": "Polygon", "coordinates": [[[2043.5101287572159, -213.34697411017487], [2051.2310521995923, -213.90357411035154], [2051.6219850321745, -209.11681411017682], [2066.5751658764593, -210.3413341102491], [2069.800361744657, -170.04349411035093], [2044.878393671081, -168.0397341102686], [2042.2395970515831, -201.76969411013857], [2034.0300075683922, -201.10177411024296], [2033.1504086953419, -212.45641411044588], [2043.5101287572159, -213.34697411017487]]]}, "properties": {"name": "Cemeterio Municipal", "kind": "cemetery", "category": "parque", "extrude": false}}, {"type": "Feature", "geometry": {"type": "Polygon", "coordinates": [[[1959.0686369311984, -213.1243341103415], [1965.3235622514771, -201.65837411041963], [1958.677704098616, -194.86785411016257], [1936.3945326445378, -170.37745411029874], [1934.146668857622, -230.0449741103337], [1983.1110061317243, -231.269494110406], [1986.0430023755725, -226.37141411011683], [1959.0686369311984, -213.1243341103415]]]}, "properties": {"name": "Parque Temático del Corpus Cristi", "kind": "park", "category": "parque", "extrude": false}}, {"type": "Feature", "geometry": {"type": "Polygon", "coordinates": [[[1557.7760843413246, -387.67409411021947], [1546.536765406053, -376.430774110131], [1540.5750397101244, -358.17429411034755], [1509.3981463159225, -372.868534110424], [1505.9774840312593, -392.12689411044636], [1522.3966629976417, -393.7966941101854], [1530.8994521048357, -399.9192941101513], [1543.897968786555, -394.6872541103099], [1559.7307485038898, -391.9042541102175], [1557.7760843413246, -387.67409411021947]]]}, "properties": {"name": "", "kind": "farmland", "category": "parque", "extrude": false}}, {"type": "Feature", "geometry": {"type": "Polygon", "coordinates": [[[1554.746354889244, -482.0734541103633], [1553.1826235592612, -479.1791341101565], [1542.041037831875, -478.7338541104897], [1504.4137527012767, -516.3600141104099], [1494.2494990555201, -529.6070941101852], [1516.0440044687837, -528.382574110113], [1538.131709506744, -500.2186141104278], [1579.1796569223525, -488.9752941103393], [1554.746354889244, -482.0734541103633]]]}, "properties": {"name": "", "kind": "orchard", "category": "parque", "extrude": false}}, {"type": "Feature", "geometry": {"type": "Polygon", "coordinates": [[[1559.1443492551896, -622.447974110309], [1575.5635282212247, -612.7631341102406], [1583.284451663601, -607.1971341104513], [1581.134321084918, -573.6898141104148], [1552.7916907266788, -574.6916941102581], [1547.611830695568, -592.168934110427], [1539.5977076288418, -633.9139341102309], [1559.1443492551896, -622.447974110309]]]}, "properties": {"name": "", "kind": "farmland", "category": "parque", "extrude": false}}, {"type": "Feature", "geometry": {"type": "Polygon", "coordinates": [[[2736.536307620905, -318.76701411017837], [2737.415906494303, -318.76701411017837], [2737.1227068696053, -305.7425741102364], [2727.642585680782, -305.8538941103508], [2727.935785305479, -318.87833411029277], [2736.536307620905, -318.76701411017837]]]}, "properties": {"name": "", "kind": "playground", "category": "parque", "extrude": false}}, {"type": "Feature", "geometry": {"type": "Polygon", "coordinates": [[[2266.830509338814, -336.35557411046165], [2299.180201230416, -347.9328541101024], [2316.7721786941984, -354.1667741101828], [2325.959100258672, -356.94977411027526], [2333.4845572845834, -359.1761741101909], [2349.7082698345007, -361.73653411044995], [2356.4518611955946, -360.51201411037766], [2367.0070476739334, -356.94977411027526], [2378.4418330253225, -354.7233741103595], [2394.7632787834727, -352.9422541101105], [2411.0847245416226, -353.053574110225], [2417.339649861901, -355.3912941102551], [2423.3013755578295, -359.84409411048205], [2448.027877215288, -378.4345341102133], [2455.944267074129, -381.1062141101912], [2461.612793145707, -382.8873341104402], [2466.303987136003, -385.11373411035595], [2477.934238903857, -392.46085411039417], [2526.1167105127947, -245.4071341103058], [2337.980284858762, -262.32777411029804], [2299.4734008547657, -302.1803341101339], [2247.186134504233, -327.2273341101744], [2266.830509338814, -336.35557411046165]]]}, "properties": {"name": "", "kind": "farmland", "category": "parque", "extrude": false}}, {"type": "Feature", "geometry": {"type": "Polygon", "coordinates": [[[2754.714684333388, -339.4725341101064], [2754.030551876456, -305.40861411028857], [2737.1227068696053, -305.7425741102364], [2737.415906494303, -318.76701411017837], [2737.806839326538, -339.80649411044965], [2754.714684333388, -339.4725341101064]]]}, "properties": {"name": "", "kind": "pitch", "category": "parque", "extrude": false}}, {"type": "Feature", "geometry": {"type": "Polygon", "coordinates": [[[2757.548947369351, -436.4322541101137], [2774.0658595436184, -431.6454941103345], [2789.8009060527206, -442.55485411047516], [2799.1832940336594, -448.9000941102745], [2804.558620480888, -450.4585741102946], [2808.6634152224833, -435.7643341102181], [2799.1832940336594, -421.0700941101416], [2798.4991615767267, -384.6684541102937], [2802.7016895262077, -357.9516541101186], [2796.2512977894644, -322.10661411044737], [2786.966643017105, -290.7143741102121], [2760.0900107806165, -301.95769411030057], [2754.030551876456, -305.40861411028857], [2754.714684333388, -339.4725341101064], [2737.806839326538, -339.80649411044965], [2736.9272404534877, -339.9178141101686], [2730.867781549327, -340.02913411028305], [2730.4768487167444, -346.26305411036344], [2727.642585680782, -346.151734110249], [2722.0717928174354, -347.04229411037346], [2722.2672592335534, -356.0592141101507], [2723.440057731301, -402.47965411041037], [2724.4173898125837, -445.89445411034876], [2757.548947369351, -436.4322541101137]]]}, "properties": {"name": "", "kind": "vineyard", "category": "parque", "extrude": false}}, {"type": "Feature", "geometry": {"type": "Polygon", "coordinates": [[[2774.0658595436184, -431.6454941103345], [2757.548947369351, -436.4322541101137], [2724.4173898125837, -445.89445411034876], [2725.003789061284, -474.8376541104395], [2734.87484308269, -474.05841411042945], [2743.5730986063486, -472.3886141102949], [2751.8804212977725, -467.15657411045345], [2761.9469417352966, -459.69813411030077], [2773.0885274623356, -452.6849741102103], [2779.343452782614, -450.68121411012794], [2786.8689098088726, -450.90385411035686], [2790.582771717886, -450.3472541101802], [2789.8009060527206, -442.55485411047516], [2774.0658595436184, -431.6454941103345]]]}, "properties": {"name": "", "kind": "orchard", "category": "parque", "extrude": false}}, {"type": "Feature", "geometry": {"type": "Polygon", "coordinates": [[[2725.101522269516, -478.0659341101986], [2692.4586307535637, -489.1979341101727], [2657.4701422421163, -487.4168141103192], [2611.926467252677, -474.72633411032507], [2599.7098162361226, -484.299854110279], [2603.912344185951, -495.3205341101386], [2610.0695362983442, -501.3318141103856], [2617.8881929486056, -509.0128941103717], [2655.026812038736, -503.2242541103535], [2678.6782484066794, -502.4450141103435], [2695.683826621762, -497.21297411010653], [2717.38059882714, -491.0903741101406], [2725.4924551020986, -497.324294110221], [2725.101522269516, -478.0659341101986]]]}, "properties": {"name": "", "kind": "scrub", "category": "parque", "extrude": false}}, {"type": "Feature", "geometry": {"type": "Polygon", "coordinates": [[[2728.033518513364, -577.9199741104128], [2728.228984929829, -568.6804141104067], [2727.447119264664, -545.9711341103963], [2726.567520391614, -531.4995341101531], [2726.3720539751484, -528.4938941102274], [2725.4924551020986, -497.324294110221], [2717.38059882714, -491.0903741101406], [2695.683826621762, -497.21297411010653], [2678.6782484066794, -502.4450141103435], [2655.026812038736, -503.2242541103535], [2617.8881929486056, -509.0128941103717], [2624.1431182692313, -518.9203741102734], [2625.902316015679, -529.7184141102997], [2630.3003103816245, -530.8316141102575], [2655.906410912133, -549.5333741101033], [2692.9472967940314, -576.4728141101116], [2728.033518513364, -577.9199741104128]]]}, "properties": {"name": "", "kind": "farmland", "category": "parque", "extrude": false}}, {"type": "Feature", "geometry": {"type": "Polygon", "coordinates": [[[2626.4887152643787, -540.0711741102637], [2625.902316015679, -529.7184141102997], [2624.1431182692313, -518.9203741102734], [2612.512866501377, -515.2468141104521], [2596.28915395146, -500.1072941103133], [2582.0201055644548, -498.2148541103454], [2553.0910759571684, -600.0726541102465], [2573.810516081264, -587.4934941103668], [2626.6841816804967, -582.9293741104209], [2626.4887152643787, -540.0711741102637]]]}, "properties": {"name": "", "kind": "farmland", "category": "parque", "extrude": false}}, {"type": "Feature", "geometry": {"type": "Polygon", "coordinates": [[[2662.943201897577, -696.0304941104105], [2684.542240894723, -677.1060941103359], [2715.1327350402244, -649.8326941103796], [2719.6284626140555, -645.6025341103816], [2725.394721893866, -635.5837341103654], [2728.8153841785293, -620.2215741103932], [2728.7176509702967, -614.5442541104896], [2728.326718137714, -592.0576141103127], [2728.033518513364, -577.9199741104128], [2692.9472967940314, -576.4728141101116], [2655.906410912133, -549.5333741101033], [2630.3003103816245, -530.8316141102575], [2625.902316015679, -529.7184141102997], [2626.4887152643787, -540.0711741102637], [2626.6841816804967, -582.9293741104209], [2627.759246970012, -600.1839741103609], [2631.864041711607, -615.7687741101664], [2640.464564027381, -643.2648141103515], [2647.5013550128247, -661.7439341103637], [2652.4857486274705, -679.8890941104282], [2653.2676142926352, -694.4720141103903], [2655.222278455201, -703.0436541101053], [2662.943201897577, -696.0304941104105]]]}, "properties": {"name": "", "kind": "farmland", "category": "parque", "extrude": false}}, {"type": "Feature", "geometry": {"type": "Polygon", "coordinates": [[[2778.268387493446, -711.6152941102159], [2783.545980732442, -703.2662941103342], [2786.0870441437078, -699.1474541104506], [2784.034646773257, -695.6965341104626], [2781.7867829859947, -694.9172941104525], [2780.5162512803618, -694.0267341103281], [2777.681988244399, -695.6965341104626], [2772.7953278379855, -697.477654110316], [2768.39733347204, -700.2606541104085], [2754.714684333388, -702.1530941103764], [2765.856270060427, -707.8304141102801], [2767.1268017664074, -714.5096141104227], [2778.268387493446, -711.6152941102159]]]}, "properties": {"name": "", "kind": "scrub", "category": "parque", "extrude": false}}, {"type": "Feature", "geometry": {"type": "Polygon", "coordinates": [[[384.78212034155456, -267.6711341102539], [379.2113274778614, -249.30333411035605], [374.324667071448, -238.28265411010094], [364.1604134256915, -230.93553411045818], [354.4848258204028, -230.60157411011488], [340.11804422516553, -226.48273411023126], [333.6676524884221, -227.03933411040794], [324.0897980913658, -238.171334110382], [355.2666914855678, -275.6861741101878], [384.78212034155456, -267.6711341102539]]]}, "properties": {"name": "", "kind": "farmland", "category": "parque", "extrude": false}}, {"type": "Feature", "geometry": {"type": "Polygon", "coordinates": [[[870.9070975896813, -298.618094110427], [879.1166870728723, -278.24653411044676], [911.6618453809396, -233.05061411025946], [892.8970694194094, -198.20745411043163], [885.4693456013832, -214.90545411019497], [868.5615005945333, -238.39397411021537], [860.8405771521572, -258.09761411029996], [865.6295043506852, -305.631254110122], [868.7569670109982, -312.3104541102646], [870.9070975896813, -298.618094110427]]]}, "properties": {"name": "", "kind": "scrub", "category": "parque", "extrude": false}}, {"type": "Feature", "geometry": {"type": "Polygon", "coordinates": [[[1050.4430009282873, -384.00053411039806], [1058.554857203246, -360.9572941104399], [1042.0379450289786, -324.33301411036314], [1014.6726467520222, -329.0084541104234], [1037.5422174548005, -250.63917411014728], [981.6388224034873, -239.17321411022542], [949.0936640954201, -221.80729411017097], [911.6618453809396, -233.05061411025946], [879.1166870728723, -278.24653411044676], [870.9070975896813, -298.618094110427], [868.7569670109982, -312.3104541102646], [879.3121534893372, -334.1291741101504], [910.0003808427242, -378.65717411044216], [927.8855579308569, -404.5947341102117], [933.5540840024352, -412.8324141103744], [941.2750074448115, -423.5191341102862], [948.018598805905, -428.6398541104087], [952.6120595883156, -431.7568141104489], [961.9944475689068, -432.6473741101779], [970.497236676448, -430.5322941103766], [996.1033372069569, -421.7380141104327], [1020.5366392397183, -422.4059341103283], [1025.0323668138963, -423.1851741103384], [1031.1895589262897, -402.2570141101815], [1050.4430009282873, -384.00053411039806]]]}, "properties": {"name": "", "kind": "farmland", "category": "parque", "extrude": false}}, {"type": "Feature", "geometry": {"type": "Polygon", "coordinates": [[[910.0003808427242, -378.65717411044216], [879.3121534893372, -334.1291741101504], [868.7569670109982, -312.3104541102646], [865.6295043506852, -305.631254110122], [866.8023028484329, -339.249894110273], [878.5302878241722, -364.185574110199], [891.6265377137767, -389.6778541103018], [911.8573117970572, -414.8361741104567], [927.8855579308569, -404.5947341102117], [910.0003808427242, -378.65717411044216]]]}, "properties": {"name": "", "kind": "farmland", "category": "parque", "extrude": false}}, {"type": "Feature", "geometry": {"type": "Polygon", "coordinates": [[[-3865.6351013179024, -369.41761411043603], [-3930.725417933689, -366.4119741101148], [-3926.425156775976, -394.7985741104243], [-3907.073981565746, -441.5529741102363], [-3868.9580303943326, -426.1908141102641], [-3843.254196655592, -402.14569411046256], [-3865.6351013179024, -369.41761411043603]]]}, "properties": {"name": "", "kind": "forest", "category": "parque", "extrude": false}}, {"type": "Feature", "geometry": {"type": "Polygon", "coordinates": [[[1953.204644443155, -1031.660294110162], [1962.098366383279, -1032.1055741102243], [1963.759830921494, -1024.0905341102905], [1960.1437022207133, -1000.3793741104367], [1950.3703814075398, -983.2360941102156], [1931.6056054460093, -992.141694110274], [1934.6353348980902, -1008.7283741103183], [1926.1325457905489, -1033.1074541104633], [1944.701855335614, -1041.1224941103972], [1946.8519859146443, -1031.4376541103288], [1953.204644443155, -1031.660294110162]]]}, "properties": {"name": "", "kind": "scrub", "category": "parque", "extrude": false}}, {"type": "Feature", "geometry": {"type": "Polygon", "coordinates": [[[1850.4870426964228, -1229.2532941103937], [1871.499682444868, -1241.943774110388], [1877.3636749329116, -1254.411614110153], [1889.5803259494658, -1254.5229341102677], [1889.3848595330007, -1244.7267741104802], [1893.4896542745964, -1230.1438541101227], [1895.542051645394, -1222.79673411048], [1900.9173780926224, -1211.8873741103394], [1905.9017717072684, -1201.8685741103232], [1912.254430235779, -1193.8535341103893], [1917.8252230994726, -1186.8403741102989], [1913.0362959009444, -1169.6970941104732], [1912.743096276594, -1154.44625411022], [1922.2232174654182, -1117.8219741101432], [1925.5461465418484, -1091.327814110197], [1931.0192061973096, -1071.8468141103413], [1944.7995885438463, -1052.6997741104335], [1950.468114615425, -1043.5715341101463], [1944.701855335614, -1041.1224941103972], [1926.1325457905489, -1033.1074541104633], [1908.736034743231, -1025.537694110196], [1861.726361631694, -1023.7565741103426], [1844.232117376144, -1014.5170141103365], [1835.3383954360204, -1026.873534110383], [1829.181203323627, -1029.990494110423], [1855.1782366867183, -1037.7828941101282], [1844.6230502087267, -1071.0675741103314], [1827.324272369294, -1108.805054110366], [1802.4023042957178, -1157.006614110479], [1798.7861755945898, -1214.336414110484], [1850.4870426964228, -1229.2532941103937]]]}, "properties": {"name": "", "kind": "farmland", "category": "parque", "extrude": false}}, {"type": "Feature", "geometry": {"type": "Polygon", "coordinates": [[[1891.828189736381, -1366.3995341101847], [1890.948590863331, -1360.0542941103854], [1894.3692531476465, -1358.6071341104798], [1903.4584415042352, -1358.6071341104798], [1900.4287120518075, -1344.580814110299], [1898.2785814731244, -1332.2242941102527], [1896.1284508940944, -1318.865894110363], [1895.542051645394, -1311.4074541102102], [1894.5647195641113, -1299.0509341101638], [1893.685120690714, -1287.9189341101896], [1891.3395236955662, -1272.8907341101653], [1889.678059157351, -1263.5398541104403], [1889.5803259494658, -1254.5229341102677], [1877.3636749329116, -1254.411614110153], [1871.499682444868, -1241.943774110388], [1850.4870426964228, -1229.2532941103937], [1798.7861755945898, -1214.336414110484], [1802.4023042957178, -1157.006614110479], [1827.324272369294, -1108.805054110366], [1844.6230502087267, -1071.0675741103314], [1855.1782366867183, -1037.7828941101282], [1829.181203323627, -1029.990494110423], [1788.8173883652985, -1034.220654110421], [1794.2904480207592, -1071.8468141103413], [1778.2622018869595, -1072.6260541103513], [1775.6234052674615, -1108.471094110418], [1769.8571459876507, -1157.006614110479], [1732.13212764882, -1157.2292541103125], [1740.6349167563612, -1200.9780141101985], [1746.0102432035897, -1228.4740541103836], [1746.2057096197072, -1229.6985741104559], [1753.828899853851, -1246.3965741102193], [1763.9931534996074, -1262.6492941103159], [1774.5483399779464, -1280.5718141101515], [1780.1191328416396, -1276.0076941102056], [1797.6133770971899, -1267.5473741102096], [1825.662807831079, -1284.134054110254], [1809.2436288646968, -1295.7113341102902], [1802.3045710874853, -1302.7244941103806], [1794.8768472694594, -1305.1735341101298], [1807.484431118596, -1316.0828941102704], [1824.196809708981, -1330.6658141102325], [1834.5565297708554, -1340.016694110353], [1843.157052086629, -1341.909134110321], [1852.930372899803, -1346.0279741102047], [1861.628628423462, -1351.5939741103894], [1875.7999436025812, -1363.7278541102069], [1881.7616692988572, -1366.9561341103615], [1885.3777979996376, -1368.5146141103817], [1891.4980686775705, -1368.5146141103817], [1891.828189736381, -1366.3995341101847]]]}, "properties": {"name": "", "kind": "scrub", "category": "parque", "extrude": false}}, {"type": "Feature", "geometry": {"type": "Polygon", "coordinates": [[[1917.3365570586575, -1265.6549341102416], [1931.214672613427, -1236.1551341103698], [1938.1537303909852, -1203.0930941103954], [1942.5517247569308, -1187.0630141101321], [1930.3350737403766, -1183.3894541103107], [1917.8252230994726, -1186.8403741102989], [1912.254430235779, -1193.8535341103893], [1905.9017717072684, -1201.8685741103232], [1900.9173780926224, -1211.8873741103394], [1895.542051645394, -1222.79673411048], [1893.4896542745964, -1230.1438541101227], [1903.947107544703, -1235.487214110474], [1907.7587026619483, -1243.7248941102414], [1904.3380403772853, -1257.4172541104745], [1900.1355124274573, -1263.7624941102738], [1917.3365570586575, -1265.6549341102416]]]}, "properties": {"name": "", "kind": "farmland", "category": "parque", "extrude": false}}, {"type": "Feature", "geometry": {"type": "Polygon", "coordinates": [[[1926.425745415246, -1268.5492541104484], [1938.9355960558032, -1269.1058541102298], [1943.1381240056312, -1269.6624541104063], [1931.214672613427, -1236.1551341103698], [1917.3365570586575, -1265.6549341102416], [1926.425745415246, -1268.5492541104484]]]}, "properties": {"name": "", "kind": "scrub", "category": "parque", "extrude": false}}, {"type": "Feature", "geometry": {"type": "Polygon", "coordinates": [[[1906.3904377480833, -1310.7395341103145], [1903.2629750877704, -1300.1641341101217], [1906.4881709563156, -1298.9396141104448], [1894.6624527723438, -1272.8907341101653], [1900.1355124274573, -1263.7624941102738], [1904.3380403772853, -1257.4172541104745], [1907.7587026619483, -1243.7248941102414], [1903.947107544703, -1235.487214110474], [1893.4896542745964, -1230.1438541101227], [1889.3848595330007, -1244.7267741104802], [1891.3395236955662, -1272.8907341101653], [1893.685120690714, -1287.9189341101896], [1894.5647195641113, -1299.0509341101638], [1895.542051645394, -1311.4074541102102], [1906.3904377480833, -1310.7395341103145]]]}, "properties": {"name": "", "kind": "scrub", "category": "parque", "extrude": false}}, {"type": "Feature", "geometry": {"type": "Polygon", "coordinates": [[[1957.3094391847508, -1335.6752141102406], [1951.3477134888221, -1307.8452141101077], [1943.1381240056312, -1269.6624541104063], [1938.9355960558032, -1269.1058541102298], [1937.3718647258202, -1285.2472541102118], [1933.4625364006897, -1287.0283741104608], [1925.937079374431, -1289.3660941104908], [1926.1325457905489, -1291.81513411024], [1923.298282754933, -1292.59437411025], [1906.4881709563156, -1298.9396141104448], [1903.2629750877704, -1300.1641341101217], [1906.3904377480833, -1310.7395341103145], [1908.9315011593487, -1318.9772141104772], [1915.381892896092, -1340.795934110363], [1957.3094391847508, -1335.6752141102406]]]}, "properties": {"name": "", "kind": "farmland", "category": "parque", "extrude": false}}, {"type": "Feature", "geometry": {"type": "Polygon", "coordinates": [[[2140.4614712241378, -1352.261894110285], [2141.14560368107, -1347.4751341101103], [2144.1753331331506, -1336.7884141101986], [2147.4982622095813, -1323.3186941101942], [2124.53095829857, -1317.1960941102284], [2104.3979174235224, -1317.418734110457], [2103.6160517583576, -1347.252494110277], [2140.4614712241378, -1352.261894110285]]]}, "properties": {"name": "", "kind": "farmland", "category": "parque", "extrude": false}}, {"type": "Feature", "geometry": {"type": "Polygon", "coordinates": [[[1925.8393461661988, -1367.9580141102049], [1942.063058716116, -1359.4976941102088], [1956.5275735195858, -1368.5146141103817], [2052.6754581013106, -1368.5146141103817], [2033.8345411522744, -1355.3788541103252], [2006.1760432506205, -1351.0373741102128], [1998.4551198082445, -1349.9241741102549], [1957.3094391847508, -1335.6752141102406], [1915.381892896092, -1340.795934110363], [1908.9315011593487, -1318.9772141104772], [1906.3904377480833, -1310.7395341103145], [1895.542051645394, -1311.4074541102102], [1896.1284508940944, -1318.865894110363], [1898.2785814731244, -1332.2242941102527], [1900.4287120518075, -1344.580814110299], [1903.4584415042352, -1358.6071341104798], [1905.5108388746858, -1367.846694110486], [1917.0712812119075, -1368.5146141103817], [1920.138242355881, -1368.5146141103817], [1925.8393461661988, -1367.9580141102049]]]}, "properties": {"name": "", "kind": "scrub", "category": "parque", "extrude": false}}, {"type": "Feature", "geometry": {"type": "Polygon", "coordinates": [[[2140.4614712241378, -1352.261894110285], [2103.6160517583576, -1347.252494110277], [2097.8228315933493, -1368.5146141103817], [2138.2202594357827, -1368.5146141103817], [2140.4614712241378, -1352.261894110285]]]}, "properties": {"name": "", "kind": "scrub", "category": "parque", "extrude": false}}, {"type": "Feature", "geometry": {"type": "Polygon", "coordinates": [[[2758.4285462424014, -724.7510541102723], [2750.6098895917926, -716.4020541103906], [2745.332296352796, -708.943614110238], [2741.032035195083, -700.0380141101796], [2718.846596949237, -700.3719741101274], [2717.0873992027896, -690.2418541103923], [2693.2404964183816, -692.5795741104224], [2684.542240894723, -677.1060941103359], [2662.943201897577, -696.0304941104105], [2655.222278455201, -703.0436541101053], [2637.337101367068, -719.2963741102019], [2641.148696484314, -722.0793741102943], [2646.6217561394274, -717.6265741104629], [2653.560813916986, -714.5096141104227], [2663.431867938392, -714.9548941104849], [2670.4686589238354, -719.4076941103164], [2676.919050660579, -724.5284141104389], [2697.7362239925596, -756.9225341101221], [2758.4285462424014, -724.7510541102723]]]}, "properties": {"name": "", "kind": "farmland", "category": "parque", "extrude": false}}, {"type": "Feature", "geometry": {"type": "Polygon", "coordinates": [[[2788.8235739714382, -708.3870141104568], [2783.545980732442, -703.2662941103342], [2778.268387493446, -711.6152941102159], [2767.1268017664074, -714.5096141104227], [2765.856270060427, -707.8304141102801], [2754.714684333388, -702.1530941103764], [2741.032035195083, -700.0380141101796], [2745.332296352796, -708.943614110238], [2750.6098895917926, -716.4020541103906], [2758.4285462424014, -724.7510541102723], [2697.7362239925596, -756.9225341101221], [2703.697949688488, -766.0507741104094], [2710.930207090397, -777.1827741103834], [2724.6128562287013, -772.5073341103232], [2732.9201789201247, -765.8281341101805], [2738.2955053673527, -760.7074141104534], [2749.7302907187423, -760.4847741102246], [2769.57013196944, -744.8999741104192], [2770.7429304671878, -740.1132141102444], [2774.0658595436184, -734.7698541102885], [2779.9298520316615, -730.2057341103426], [2785.6961113114726, -722.3020141101277], [2792.1465030478685, -714.8435741103706], [2788.8235739714382, -708.3870141104568]]]}, "properties": {"name": "", "kind": "vineyard", "category": "parque", "extrude": false}}]}