{"type": "FeatureCollection", "crs": {"type": "name", "properties": {"name": "EPSG:32628_local_enu_m_section_centroid", "lng0": -13.85805136403669, "lat0": 28.71059168570112}}, "features": [{"type": "Feature", "geometry": {"type": "LineString", "coordinates": [[-458.7772877947686, 1913.7784522488091], [-440.0986511319076, 1855.0014922488986], [-432.0926609219314, 1818.0432522488738], [-441.56316153630695, 1793.107572248948], [-465.87403424739307, 1755.9266922486945], [-497.40982495290314, 1708.949652249049], [-518.791676855364, 1636.369012248791], [-519.5727490709165, 1611.5446522489794], [-523.1852080682152, 1528.4999322490385], [-530.5077600896914, 1503.1189722490503], [-558.0405556900398, 1448.1268922486802], [-556.2831432050034, 1430.3156922489588], [-545.2504981593495, 1419.0723722488704], [-534.315487140748, 1397.0310122487556], [-532.3628066017802, 1385.3424122490005], [-534.9989253294216, 1360.29541224896], [-558.1381897170922, 1310.9806522488889], [-566.827618115742, 1270.4601722487619], [-565.1678396575846, 1252.0923722488642], [-570.0495410051776, 1242.073572248848], [-582.4490624281784, 1234.3924922488618], [-594.4580477433162, 1224.2623722487313], [-601.8782337916715, 1209.5681322490502], [-610.9581982981841, 1199.7719722488673], [-616.6209718613296, 1181.4041722489694], [-614.0824871605674, 1169.6042522487044], [-617.4996781039346, 1153.5741722488367], [-634.7809008745285, 1116.5046122486976], [-631.6566120119717, 1108.0442922487014], [-621.9908433436647, 1106.9310922487437], [-607.3457393008856, 1105.5952522489524], [-597.387068551768, 1097.8028522488519], [-588.6976401531183, 1086.2255722488155], [-567.9992264391574, 1077.3199722487573], [-544.957596078539, 1062.4030922488473], [-520.0609192058319, 1042.4768122489295], [-508.540104025436, 1027.3372922487906], [-503.3655005968591, 1005.5185722489048], [-490.77071112010026, 966.7792122490267], [-483.15525701781354, 954.9792922487616], [-467.24091062473997, 946.0736922487033], [-440.78208932058106, 938.5039322488317], [-422.7197943344348, 935.9435722489682], [-412.46822150450674, 941.1756122488096], [-401.8261125667158, 943.4020122487253], [-394.60119457229194, 931.71341224897], [-395.1869987340864, 891.3042522489575], [-389.9147612786304, 863.2516122489913], [-406.21964377956687, 824.2896122488843], [-433.65480535320967, 782.4332922489659], [-451.22893020444053, 765.957932249036], [-456.9893377946385, 752.265572248803], [-461.968673169284, 741.0222522487145], [-468.0219828402924, 740.6882922487666]]}, "properties": {"osm_id": null, "type": "track", "width_m": 3, "extrude": false}}, {"type": "Feature", "geometry": {"type": "LineString", "coordinates": [[-626.8725446912578, -208.98262775099354], [-610.9581982981841, -211.6543077509715], [-578.4460673230169, -196.6261077509472], [-568.2921285201412, -175.25266775112357], [-533.3391468712641, -124.37942775103252], [-510.4927845644039, -123.26622775107467], [-464.5071578700462, -99.77770775105427], [-196.89228999434044, -34.878147751177835], [110.36199282390407, 19.66865224873459], [303.775000216057, 56.960852248707], [384.2254384245498, 50.83825224874104], [638.9526147425129, 67.53625224889987], [892.8987188449235, 77.77769224874945], [1076.5483235417169, 92.24929224899256], [1297.6893945881498, 106.05297224894457], [1417.0958095506812, 114.51329224894067], [1474.5046173983824, 101.71149224883209]]}, "properties": {"osm_id": null, "type": "footway", "width_m": 2, "extrude": false}}, {"type": "Feature", "geometry": {"type": "LineString", "coordinates": [[204.48119480569204, -1689.9839077511647], [251.63842982363852, -1594.8053077510108], [300.94361343431086, -1464.8948677511435], [581.6414409216908, -1246.0397477512026], [683.3760970057656, -1165.2214277511775]]}, "properties": {"osm_id": null, "type": "footway", "width_m": 2, "extrude": false}}, {"type": "Feature", "geometry": {"type": "LineString", "coordinates": [[-65.37925568979209, -1633.5446677512844], [-66.257961932397, -1637.4408677513345], [-67.7224723367963, -1643.7861077511338], [-68.60117857922778, -1647.5709877510697], [-69.18698274102218, -1650.2426677510475]]}, "properties": {"osm_id": null, "type": "footway", "width_m": 2, "extrude": false}}, {"type": "Feature", "geometry": {"type": "LineString", "coordinates": [[-157.25287505180174, -1618.2938277510311], [-138.897677984845, -1622.1900277510813], [-66.257961932397, -1637.4408677513345], [80.68124863048291, -1667.7199077512164], [202.8214163475347, -1692.8782277509758], [211.70611280011585, -1694.659347751225], [217.0759842824509, -1694.5480277511106], [224.3009022770481, -1693.546147751267]]}, "properties": {"osm_id": null, "type": "secondary", "width_m": 9, "extrude": false}}, {"type": "Feature", "geometry": {"type": "LineString", "coordinates": [[220.39554119893901, -1706.1253077511467], [212.87772112353127, -1702.897027750992], [201.55217399706683, -1699.446107751004], [79.31437225313606, -1674.6217477511925], [-67.7224723367963, -1643.7861077511338], [-140.55745644300234, -1628.980547750943], [-157.05760699787027, -1625.7522677511838]]}, "properties": {"osm_id": null, "type": "secondary", "width_m": 9, "extrude": false}}, {"type": "Feature", "geometry": {"type": "LineString", "coordinates": [[81.36468681915635, -1664.2689877512285], [80.68124863048291, -1667.7199077512164], [79.31437225313606, -1674.6217477511925], [78.63093406446262, -1678.0726677511805], [78.14276392972066, -1680.2990677510961]]}, "properties": {"osm_id": null, "type": "footway", "width_m": 2, "extrude": false}}, {"type": "Feature", "geometry": {"type": "LineString", "coordinates": [[264.9166574890707, -1701.6725077513154], [256.91066727892104, -1700.6706277510764], [253.68874438948538, -1697.5536677510363], [249.49048123056576, -1690.095227751279], [245.09695001771468, -1685.5311077513331], [238.75073826589576, -1682.8594277509596], [230.54948000198803, -1682.6367877511263], [218.05232455210822, -1688.8707077512067], [211.60847877323684, -1691.5423877511848], [204.48119480569204, -1689.9839077511647]]}, "properties": {"osm_id": null, "type": "footway", "width_m": 2, "extrude": false}}, {"type": "Feature", "geometry": {"type": "LineString", "coordinates": [[-1006.0831053732768, 564.3574122490352], [-1011.2577088016802, 566.3611722487221], [-1015.2607039066684, 570.1460522490534], [-1017.6039205536727, 575.155452248666], [-1017.8968226344831, 580.6101322487364], [-1016.2370441763258, 585.8421722489733], [-1012.6245851790271, 589.961012248857], [-1007.8405178583132, 592.6326922488349], [-1003.0564505377724, 593.3006122487304], [-998.3700172441111, 592.2987322488871], [-994.2693881120704, 589.961012248857], [-991.1450992495138, 586.3987722487545], [-989.2900527374248, 581.945972248923], [-988.9971506566143, 577.1592122487483], [-990.2663930070823, 572.5950922488025], [-993.0001457616025, 568.5875722490333], [-996.8078728128327, 565.8045722489409], [-1001.3966720796152, 564.2460922489208], [-1006.0831053732768, 564.3574122490352]]}, "properties": {"osm_id": null, "type": "residential", "width_m": 5, "extrude": false}}, {"type": "Feature", "geometry": {"type": "LineString", "coordinates": [[-754.6754859716284, 215.48053224871722], [-759.5571873192214, 237.9671722488942], [-795.9746793723244, 385.57749224876375], [-798.3178960191552, 413.40749224889663], [-796.3652154801874, 437.22997224886484], [-752.3322693247976, 644.7304522489982]]}, "properties": {"osm_id": null, "type": "residential", "width_m": 5, "extrude": false}}, {"type": "Feature", "geometry": {"type": "LineString", "coordinates": [[-1005.1067651037929, 170.17329224881095], [-1020.4353073352453, 227.83705224876357], [-1042.598231453259, 313.33081224884904], [-1043.2816696419322, 320.6779322488873], [-1045.136716154021, 346.6154922490523], [-1042.598231453259, 381.56997224899453], [-1006.0831053732768, 564.3574122490352]]}, "properties": {"osm_id": null, "type": "residential", "width_m": 5, "extrude": false}}, {"type": "Feature", "geometry": {"type": "LineString", "coordinates": [[-789.0426634587111, 206.90889224900218], [-783.7704260032551, 187.65053224897983]]}, "properties": {"osm_id": null, "type": "service", "width_m": 3.5, "extrude": false}}, {"type": "Feature", "geometry": {"type": "LineString", "coordinates": [[-792.5574884289573, 185.53545224878306], [-797.7320918575342, 205.01645224903427]]}, "properties": {"osm_id": null, "type": "service", "width_m": 3.5, "extrude": false}}, {"type": "Feature", "geometry": {"type": "LineString", "coordinates": [[-783.7704260032551, 187.65053224897983], [-758.385578995806, 194.21841224900803], [-749.3056144892935, 191.3240922488012]]}, "properties": {"osm_id": null, "type": "service", "width_m": 3.5, "extrude": false}}, {"type": "Feature", "geometry": {"type": "LineString", "coordinates": [[-982.455670850864, 157.148852248869], [-866.1735447508892, 187.42789224875096], [-797.7320918575342, 205.01645224903427], [-789.0426634587111, 206.90889224900218], [-754.6754859716284, 215.48053224871722]]}, "properties": {"osm_id": null, "type": "residential", "width_m": 5, "extrude": false}}, {"type": "Feature", "geometry": {"type": "LineString", "coordinates": [[-847.0372754682066, 171.39781224888324], [-792.5574884289573, 185.53545224878306]]}, "properties": {"osm_id": null, "type": "service", "width_m": 3.5, "extrude": false}}, {"type": "Feature", "geometry": {"type": "LineString", "coordinates": [[-754.6754859716284, 215.48053224871722], [-692.8731469109028, 184.4222522488252], [-608.1268115166115, 136.66597224877435]]}, "properties": {"osm_id": null, "type": "residential", "width_m": 5, "extrude": false}}, {"type": "Feature", "geometry": {"type": "LineString", "coordinates": [[-864.4161322656795, 157.37149224870237], [-897.4164333755887, 156.48093224897337], [-902.4934027771133, 154.6998122487244], [-904.1531812352705, 147.35269224868617]]}, "properties": {"osm_id": null, "type": "service", "width_m": 3.5, "extrude": false}}, {"type": "Feature", "geometry": {"type": "LineString", "coordinates": [[-389.9147612786304, 863.2516122489913], [-367.6542031335645, 896.8702522487467], [-350.6658824439547, 930.6002122490122], [-319.5206278461342, 987.4847322489547], [-286.5203267363983, 1038.580612248879], [-279.3930427688535, 1053.3861722486747], [-266.99352134585274, 1090.2330922489803], [-257.23011865066667, 1111.606532248804], [-249.90756662936386, 1125.1875722489226], [-238.0938493681575, 1138.6572922489268], [-216.90726551945454, 1176.5060922486803], [-209.6823475250307, 1203.890812248751], [-200.7000170453971, 1230.7189322490403], [-192.49875878148936, 1252.4263322488118], [-182.8329901131823, 1274.9129722489888], [-183.32116024792424, 1288.382692248993], [-192.40112475461035, 1311.5372522486703], [-196.50175388647747, 1332.688052249056], [-193.96326918571523, 1351.8350922489637], [-181.95428387075083, 1402.2630522489926], [-170.531102717234, 1435.325092248967], [-161.84167431858427, 1453.1362922486883], [-147.1965702758052, 1488.202092248745], [-142.5101369819702, 1525.3829722489984], [-138.80004395779252, 1548.2035722487276], [-131.18458985550578, 1568.9090922490511], [-109.70510392616579, 1612.4352122487085], [-91.15463880527756, 1655.8500122490423], [-70.4562250913166, 1684.4592522487897], [-53.17500232089621, 1701.7138522487298], [-41.16601700575838, 1722.9759722488345], [-32.769490687919166, 1733.6626922487462], [-26.81381504378976, 1746.0192122487927], [-22.322649804059665, 1766.7247322487206], [-18.12438664514006, 1781.8642522488594], [0.23081042199012589, 1813.0338522488657], [16.633326949805603, 1825.2790522487978], [26.78726575285462, 1845.0940122489967], [38.69861704111344, 1875.2617322487642], [49.92653014052539, 1901.533252248877], [54.58633597220049, 1913.7784522488091]]}, "properties": {"osm_id": null, "type": "track", "width_m": 3, "extrude": false}}, {"type": "Feature", "geometry": {"type": "LineString", "coordinates": [[-608.1268115166115, 136.66597224877435], [-605.1001566809338, 140.5621722488246], [-600.9018935220141, 143.23385224880255], [-596.0201921744211, 144.3470522487604], [-591.1384908268282, 143.6791322488648], [-586.6473255870981, 141.34141224883464], [-583.3277686707834, 137.7791722487322], [-581.4727221586944, 133.10373224867192], [-581.1798200777106, 128.20565224877825], [-582.351428401126, 124.19813224900906], [-584.5970110210777, 120.63589224890663], [-587.7212998834609, 117.96421224892867], [-591.529026934691, 116.29441224879415], [-595.6296560667316, 115.73781224901296], [-599.7302851985988, 116.40573224890858], [-603.4403782227764, 118.18685224876205], [-606.4670330582807, 120.96985224885444], [-608.6149816513534, 124.53209224895687], [-609.5913219208373, 128.53961224872606], [-609.4936878937849, 132.7697722487241], [-608.1268115166115, 136.66597224877435]]}, "properties": {"osm_id": null, "type": "residential", "width_m": 5, "extrude": false}}, {"type": "Feature", "geometry": {"type": "LineString", "coordinates": [[-570.8306132209035, 127.76037224871601], [-581.1798200777106, 128.20565224877825]]}, "properties": {"osm_id": null, "type": "footway", "width_m": 2, "extrude": false}}, {"type": "Feature", "geometry": {"type": "LineString", "coordinates": [[-623.552987774943, -182.93374775110962], [-632.4376842275242, -182.15450775109957]]}, "properties": {"osm_id": null, "type": "footway", "width_m": 2, "extrude": false}}, {"type": "Feature", "geometry": {"type": "LineString", "coordinates": [[-622.2837454246486, -1520.8888277509616], [-618.9641885081604, -1517.771867751317], [-615.8398996457772, -1514.7662277509955], [-600.9018935220141, -1500.6285877510957], [-563.5080611994272, -1481.9268277512501], [-399.971066054627, -1354.4654277511318], [-384.3496217423639, -1322.293947751282], [-374.4885850201254, -1286.003627751153], [-332.40831940387693, -1219.7682277510899], [-285.73925452067243, -1074.6069477509693], [-279.3930427688535, -1007.9262677512395], [-284.56764619725703, -854.6386277510708], [-277.73326431069614, -785.9541877512585], [-249.22412844069038, -661.6097477511805], [-250.2981027370533, -567.9896277510467], [-235.45773064034273, -469.80538775096704], [-234.96956050560078, -438.6357877509606], [-221.39843075935806, -393.5511877512832], [-224.03454948699934, -220.4485877513109], [-232.23580775090707, -140.6321477511291], [-196.89228999434044, -34.878147751177835], [-198.35680039856632, -25.527267751057252], [-184.29750051758162, 14.881892248955353], [-159.30318961782203, 123.86417224866577], [-169.26186036693954, 208.02209224896004], [-130.40351763995332, 380.7907322489845], [-79.63382362488169, 506.69365224868716], [-73.77578200780474, 558.5687722490171], [-96.9150463954755, 617.6796922488754], [-105.79974284805667, 652.3002122488698], [-105.01867063250423, 667.662372248842], [-135.3828530145988, 730.3355322488027], [-161.54877223760036, 746.6995722490137], [-177.95128876558928, 787.3313722488597], [-178.3418248734522, 805.9218122489864], [-192.69402683542083, 825.2914922487276], [-233.30978204744343, 855.0139322488285], [-231.45473553535462, 903.5494522488893], [-241.99921044626655, 940.9529722489763], [-241.31577225759315, 955.8698522488861], [-252.05551522226315, 993.7186522490351], [-253.03185549174705, 1037.9126922489836], [-259.28043321668696, 1062.7370522487952], [-257.23011865066667, 1111.606532248804]]}, "properties": {"osm_id": null, "type": "footway", "width_m": 2, "extrude": false}}, {"type": "Feature", "geometry": {"type": "LineString", "coordinates": [[204.48119480569204, -1689.9839077511647], [203.40722050915568, -1689.7612677513312], [81.36468681915635, -1664.2689877512285], [-65.37925568979209, -1633.5446677512844], [-138.01897174224007, -1618.4051477511455], [-175.99860822662143, -1610.3901077512116], [-310.53829736650056, -1582.226147751131], [-349.2990060666078, -1574.0997877510827], [-394.89409665310245, -1564.6375877512432], [-519.1822129632269, -1537.4755077510058], [-615.8398996457772, -1514.7662277509955], [-658.1154333159573, -1506.6398677509474], [-679.3996511915392, -1501.6304677513347], [-727.0450563442275, -1491.8343077511518], [-837.0786047192624, -1466.7873077511113], [-970.8372216435891, -1437.1761877511249], [-975.8165570180611, -1426.4894677512132], [-981.2840625274488, -1419.921587751185], [-990.2663930070823, -1414.9121877511768], [-995.9291665702277, -1411.23862775096], [-998.955821405732, -1401.3311477510583], [-1015.5536059876524, -1343.2221077510435], [-1026.000446871512, -1304.0374677511031], [-1054.5095827415175, -1204.6287077509512], [-1061.2463306011996, -1206.8551077512623], [-1066.1280319487926, -1207.9683077512202], [-1074.3292902127002, -1210.1947077511359]]}, "properties": {"osm_id": null, "type": "footway", "width_m": 2, "extrude": false}}, {"type": "Feature", "geometry": {"type": "LineString", "coordinates": [[-575.8099485953755, -1541.705667751004], [-575.0288763798231, -1538.5887077509637], [-573.3690979216658, -1531.6868677509879], [-572.4903916790608, -1528.0133077511664]]}, "properties": {"osm_id": null, "type": "footway", "width_m": 2, "extrude": false}}, {"type": "Feature", "geometry": {"type": "LineString", "coordinates": [[-157.05760699787027, -1625.7522677511838], [-178.43945890033123, -1621.188147751238], [-239.94889588024628, -1608.6089877509628], [-273.4373671247241, -1601.5958277512677], [-313.0767820672628, -1593.580787751334], [-335.4349742393811, -1588.9053477512737], [-351.64222271343857, -1585.4544277512857], [-428.87073803249564, -1569.5356677511368], [-445.76142469522654, -1565.9734277510345], [-457.18460584857, -1563.413067751171], [-523.3804761221465, -1549.9433477511666], [-529.043249685292, -1548.8301477512089], [-549.1558592374587, -1544.266027751263], [-571.8069534903875, -1539.2566277512549], [-575.0288763798231, -1538.5887077509637], [-682.2310379731118, -1514.5435877511622], [-839.8123574737828, -1479.366467750991], [-964.5886439186492, -1452.2043877511492], [-972.301732047815, -1450.7572277512436], [-978.647943799634, -1450.6459077511292], [-985.2870576324367, -1452.3157077512637]]}, "properties": {"osm_id": null, "type": "secondary", "width_m": 9, "extrude": false}}, {"type": "Feature", "geometry": {"type": "LineString", "coordinates": [[-1446.0220308193116, -1427.4913477510565], [-1448.8534176008843, -1415.8027477513015], [-1452.6611446521144, -1396.544387751279], [-1451.6848043826305, -1386.0803077512005], [-1449.3415877357997, -1378.0652677512667], [-1445.240958603759, -1370.2728677511661], [-1439.6758190674927, -1362.925747751128], [-1434.0130455041738, -1358.8069077512444], [-1427.4715656984233, -1356.1352277512665], [-1421.1253539466045, -1355.2446677511418], [-1418.977405353705, -1355.2446677511418], [-1414.7791421946122, -1355.4673077509754], [-1375.6278973868154, -1364.1502677512003], [-1252.0232192655376, -1391.7576277511043], [-1234.9372645488754, -1395.5425077510401], [-1230.2508312552138, -1396.544387751279], [-1219.120552182681, -1398.993427751028], [-1195.8836537681311, -1404.2254677512651], [-1191.8806586631429, -1405.1160277509941], [-1161.4188422539958, -1412.01786775097], [-1062.1250368438045, -1433.8365877512515], [-1037.3259939979762, -1439.4025877510408], [-1027.7578593565481, -1441.5176677512375], [-1024.5359364671126, -1443.1874677509766], [-1023.1690600899392, -1445.4138677512876], [-1022.1927198202818, -1449.5327077511713], [-1020.0447712273824, -1453.9855077510028], [-1017.0181163918783, -1457.4364277509908], [-1012.2340490711642, -1461.6665877509888], [-1006.5712755080186, -1464.004307751019], [-1001.3966720796152, -1465.0061877512578], [-996.3197026780907, -1464.4495877510813], [-992.3167075729292, -1464.004307751019], [-987.6302742792676, -1462.111867751051], [-983.3343770934689, -1459.2175477512396], [-978.647943799634, -1454.430787751065], [-976.1094590988716, -1453.4289077512217], [-973.2780723172989, -1453.651547751055], [-965.3697161342017, -1455.3213477511895], [-840.5934296895086, -1483.2626677510414], [-823.7027430267779, -1487.0475477509772], [-683.0121101888378, -1518.1058277512645], [-575.8099485953755, -1541.705667751004], [-549.4487613182691, -1547.494307751022], [-537.5374100301837, -1550.165987751], [-529.8243219010179, -1551.8357877511346], [-523.9662802837676, -1553.1716277513212], [-445.3708885873636, -1569.5356677511368], [-439.7081150242181, -1570.6488677510947], [-352.423294928991, -1588.7940277511593], [-339.73087142517977, -1591.4657077511372], [-336.0207784010021, -1592.2449477511473], [-313.8578542829887, -1596.8090677510932], [-272.4610268552402, -1605.3807077512035], [-263.47869637560655, -1607.2731477511716], [-243.85425695835542, -1611.3919877510552], [-179.22053111605712, -1624.6390677512259], [-157.05760699787027, -1629.2031877511718], [-151.88300356946675, -1630.3163877511297], [-143.77937933243803, -1631.8748677511498], [-141.43616268560723, -1632.4314677513264], [-68.60117857922778, -1647.5709877510697], [78.63093406446262, -1678.0726677511805], [99.13407972431868, -1682.3028277511785], [200.7711017815144, -1703.119667751221], [209.65579823409558, -1704.9007877510744], [211.80374682716834, -1706.1253077511467], [212.78008709665224, -1707.5724677510525], [212.9753551505837, -1709.1309477510727], [212.48718501584173, -1710.4667877512593], [211.60847877323684, -1711.5799877512172], [207.99601977593824, -1714.4743077510284], [210.24160239589, -1717.5912677510687], [214.73276763562006, -1723.2685877509723], [216.78308220164038, -1725.8289477512315], [221.3718814684229, -1721.932747751181], [223.7150981152537, -1721.2648277512856], [226.54648489682643, -1721.7101077509524], [230.94001610967752, -1722.9346277510244], [235.72408343039154, -1723.045947751139], [240.99632088584755, -1721.4874677511189], [245.87802223344056, -1718.815787751141], [251.34552774265458, -1715.4761877512674], [254.4698166052112, -1714.585627751143], [257.4964714407155, -1715.1422277513195], [261.7923686265141, -1715.9214677513296]]}, "properties": {"osm_id": null, "type": "footway", "width_m": 2, "extrude": false}}, {"type": "Feature", "geometry": {"type": "LineString", "coordinates": [[-521.2325275292474, -1539.2566277512549], [-521.9159657179207, -1542.5962277511285], [-523.3804761221465, -1549.9433477511666], [-523.9662802837676, -1553.1716277513212]]}, "properties": {"osm_id": null, "type": "footway", "width_m": 2, "extrude": false}}, {"type": "Feature", "geometry": {"type": "LineString", "coordinates": [[-1001.1037699986314, 130.76601224903726], [-1007.8405178583132, 131.87921224899512], [-1013.7961935024426, 135.10749224875426], [-1018.2873587421726, 140.2282122488768], [-1020.8258434429349, 146.68477224879055], [-1021.0211114968664, 152.91869224887094], [-1019.361333038709, 158.92997224872246], [-1015.9441420953418, 164.16201224895943], [-1010.9648067208697, 168.05821224900967], [-1005.1067651037929, 170.17329224881095], [-999.4439915404739, 170.50725224875876], [-993.8788520042074, 169.17141224896753], [-988.8995166297354, 166.2770922487607], [-984.9941555516264, 162.1582522488771], [-982.455670850864, 157.148852248869], [-981.3816965543276, 151.02625224890303], [-982.1627687700535, 145.0149722490515], [-984.7988874976949, 139.44897224886674], [-988.9971506566143, 134.88485224892088], [-994.3670221389494, 131.99053224871406], [-1001.1037699986314, 130.76601224903726]]}, "properties": {"osm_id": null, "type": "tertiary", "width_m": 7, "extrude": false}}, {"type": "Feature", "geometry": {"type": "LineString", "coordinates": [[-792.7527564828888, 132.99241224895297], [-786.3089107040174, 131.99053224871406]]}, "properties": {"osm_id": null, "type": "footway", "width_m": 2, "extrude": false}}, {"type": "Feature", "geometry": {"type": "LineString", "coordinates": [[-786.3089107040174, 131.99053224871406], [-708.1040551154764, 119.07741224888653], [-605.4906927887967, 101.1548922490509]]}, "properties": {"osm_id": null, "type": "residential", "width_m": 5, "extrude": false}}, {"type": "Feature", "geometry": {"type": "LineString", "coordinates": [[-799.6847723965021, 87.46253224881784], [-868.7120294516515, 99.48509224891637], [-927.6829817306309, 109.39257224881814]]}, "properties": {"osm_id": null, "type": "footway", "width_m": 2, "extrude": false}}, {"type": "Feature", "geometry": {"type": "LineString", "coordinates": [[-804.957009851958, 21.561092248702494], [-810.5221493882245, 22.229012248993598], [-801.539818908591, 77.55505224891607], [-799.6847723965021, 87.46253224881784], [-792.7527564828888, 132.99241224895297], [-786.6994468118804, 167.94689224889524]]}, "properties": {"osm_id": null, "type": "footway", "width_m": 2, "extrude": false}}, {"type": "Feature", "geometry": {"type": "LineString", "coordinates": [[-801.539818908591, 77.55505224891607], [-794.6078029949776, 76.77581224890602]]}, "properties": {"osm_id": null, "type": "footway", "width_m": 2, "extrude": false}}, {"type": "Feature", "geometry": {"type": "LineString", "coordinates": [[-866.1735447508892, 187.42789224875096], [-864.0255961579899, 169.61669224902977], [-864.4161322656795, 157.37149224870237], [-865.0019364274738, 132.88109224883854], [-868.7120294516515, 99.48509224891637], [-876.5227516078697, 51.9514522486989], [-887.7506647072817, 4.6404522487102895], [-897.3187993485362, -28.978187751045255], [-901.6146965345083, -39.66490775095707]]}, "properties": {"osm_id": null, "type": "residential", "width_m": 5, "extrude": false}}, {"type": "Feature", "geometry": {"type": "LineString", "coordinates": [[-593.9698776084008, 42.71189224869275], [-717.184019621989, 63.75137224896406], [-794.6078029949776, 76.77581224890602]]}, "properties": {"osm_id": null, "type": "residential", "width_m": 5, "extrude": false}}, {"type": "Feature", "geometry": {"type": "LineString", "coordinates": [[-749.5985165701039, -123.04358775124129], [-747.3529339501522, -113.02478775122509], [-744.716815222511, -102.00410775096998], [-735.7344847428772, -46.3441077510997], [-726.2639841285016, 9.093252248937205], [-717.184019621989, 63.75137224896406], [-708.1040551154764, 119.07741224888653], [-699.2193586628952, 173.29025224885115], [-692.8731469109028, 184.4222522488252]]}, "properties": {"osm_id": null, "type": "residential", "width_m": 5, "extrude": false}}, {"type": "Feature", "geometry": {"type": "LineString", "coordinates": [[-960.4880147866086, 6.421572248959251], [-993.4883158963445, -0.3689477512978101], [-1007.4499817506236, 53.39861224900005]]}, "properties": {"osm_id": null, "type": "service", "width_m": 3.5, "extrude": false}}, {"type": "Feature", "geometry": {"type": "LineString", "coordinates": [[1372.2817911795655, 494.89373224881746], [1371.3054509100816, 512.3709722489864], [1371.5983529908922, 535.5255322486635], [1375.6013480960537, 581.2780522490275], [1410.4566957178783, 827.29525224881], [1417.9745157932862, 867.5930922487082], [1427.4450164074883, 902.2136122487027], [1439.356367695747, 931.71341224897], [1455.954152277494, 961.6584922489042], [1484.3656541206208, 1010.8619322488607], [1554.857421579996, 1129.529052249035], [1581.7067789918444, 1174.3910122488792], [1595.1802747112083, 1194.2059722486827], [1610.8017190236444, 1215.4680922487873], [1626.5207973627867, 1235.3943722487052], [1655.0299332327922, 1265.7847322487016], [1807.0461131971967, 1421.7440522488484], [1866.0170654763497, 1482.1908122488933], [1894.2332992655447, 1511.5792922490464], [1909.7571095509288, 1531.1716122490166], [1921.8637288929458, 1549.7620522487478], [1931.529497561253, 1566.7940122488544], [1944.2219210648907, 1594.8466522488206], [1958.867025107843, 1632.2501722489076]]}, "properties": {"osm_id": null, "type": "secondary", "width_m": 9, "extrude": false}}, {"type": "Feature", "geometry": {"type": "LineString", "coordinates": [[1427.5426504345407, 335.5948122487972], [1463.1790702720912, 360.19653224877544], [1499.3036602442103, 378.34169224883993], [1514.0463983140419, 387.3586122490127], [1532.4992294080512, 390.6982122488863], [1547.5348695586931, 389.5850122489284], [1603.3815329752892, 366.2078122490225], [1612.8520335894914, 358.63805224875534], [1618.6124411796893, 348.61925224873914], [1659.130562364833, 337.5985722488795], [1697.2078328760933, 345.6136122488134], [1723.0808500184578, 357.3022122489641], [1744.1697998401085, 359.08333224881756]]}, "properties": {"osm_id": null, "type": "track", "width_m": 3, "extrude": false}}, {"type": "Feature", "geometry": {"type": "LineString", "coordinates": [[1958.867025107843, 1632.2501722489076], [1976.5387839861264, 1678.6706122487717], [1981.8110214415824, 1693.8101322489103], [1985.9116505734496, 1707.502492248748], [1989.3288415168167, 1724.0891722487922], [1992.5507644062525, 1750.694652248853], [2004.0715795866486, 1861.79201224876], [2009.266544129558, 1913.7784522488091]]}, "properties": {"osm_id": null, "type": "secondary", "width_m": 9, "extrude": false}}, {"type": "Feature", "geometry": {"type": "LineString", "coordinates": [[1920.008682380857, -115.91910775103642], [1916.689125464542, -123.3775477511891], [1919.129976138252, -129.83410775110286], [1926.8430642674177, -134.84350775111096], [1940.5118280407128, -138.7397077511612], [1970.583108341997, -161.67162775100493], [1978.100928417405, -164.67726775132618], [1982.0062894953405, -176.9224677512581], [1989.0359394360064, -183.156387750943], [1995.1868831338938, -190.83746775132454], [1999.5804143467449, -203.5279477513187], [2019.2048537641692, -223.2315877510078], [2021.8409724918106, -230.1334277509838], [2022.817312761468, -237.92582775108428], [2021.5480704110003, -249.94838775118282], [2018.5214155754961, -259.7445477509701]]}, "properties": {"osm_id": null, "type": "footway", "width_m": 2, "extrude": false}}, {"type": "Feature", "geometry": {"type": "LineString", "coordinates": [[1993.9176407835994, -117.36626775094209], [2016.3734669825967, -118.7021077511288], [2035.5097362651059, -130.94730775106072], [2046.83528339157, -148.31322775111516], [2058.063196491156, -191.17142775127235], [2071.439058183467, -209.7618677510036], [2073.2941046955557, -229.46550775108818], [2062.2614596500753, -261.97094775128136], [2055.719979844325, -268.53882775130955], [2045.7613090952075, -278.6689477510447], [2024.672359273557, -288.4651077512275]]}, "properties": {"osm_id": null, "type": "footway", "width_m": 2, "extrude": false}}, {"type": "Feature", "geometry": {"type": "LineString", "coordinates": [[-1090.6341727138101, 565.4706122489931], [-1112.0160246162711, 604.2099722488712], [-1118.8504065028321, 619.6834522489577], [-1155.2678985561085, 649.2945722489441], [-1160.6377700384435, 664.7680522490306], [-1217.5584077514025, 668.7755722487998], [-1255.049874101042, 664.4340922486873], [-1304.7455938197506, 668.3302922487376], [-1350.8288545409873, 662.9869322487816], [-1386.8558104864007, 669.1095322487477], [-1411.7524873591078, 676.2340122489525], [-1444.1669843072227, 679.9075722487738], [-1460.3742327812802, 684.2490522488863], [-1481.6584506568622, 683.4698122488762], [-1524.5197884888364, 669.1095322487477], [-1550.099903550217, 652.1888922487553], [-1556.5437493290885, 639.1644522488134], [-1554.7863368440521, 620.12873224902], [-1547.3661507956967, 594.5251322488027], [-1507.4338337721742, 542.3160522489205], [-1501.2828900742868, 507.0276122490304], [-1495.3272144301573, 419.5300922488626]]}, "properties": {"osm_id": null, "type": "footway", "width_m": 2, "extrude": false}}, {"type": "Feature", "geometry": {"type": "LineString", "coordinates": [[-756.3352644297858, 683.024532248814], [-755.4565581871808, 673.3396922487457]]}, "properties": {"osm_id": null, "type": "footway", "width_m": 2, "extrude": false}}, {"type": "Feature", "geometry": {"type": "LineString", "coordinates": [[-752.3322693247976, 644.7304522489982], [-757.4092387263221, 645.7323322488417], [-761.9004039660522, 648.515332248934], [-765.1223268554879, 652.6341722488177], [-766.5868372597138, 657.6435722488258], [-766.1963011520243, 662.8756122486673], [-764.0483525589516, 667.662372248842], [-760.2406255078948, 671.3359322486633], [-755.4565581871808, 673.3396922487457], [-750.6724908666403, 673.6736522486934], [-745.9860575728053, 672.3378122489022], [-741.983062467817, 669.5548122488099], [-739.1516756862444, 665.5472922490407], [-737.7847993088976, 660.8718522489803], [-738.0777013897081, 655.9737722486911], [-739.9327479017968, 651.5209722488598], [-743.252304818285, 647.8474122490384], [-747.5482020040836, 645.6210122487272], [-752.3322693247976, 644.7304522489982]]}, "properties": {"osm_id": null, "type": "residential", "width_m": 5, "extrude": false}}, {"type": "Feature", "geometry": {"type": "LineString", "coordinates": [[-1011.9411469903537, 600.4250922489354], [-1007.8405178583132, 592.6326922488349]]}, "properties": {"osm_id": null, "type": "footway", "width_m": 2, "extrude": false}}, {"type": "Feature", "geometry": {"type": "LineString", "coordinates": [[1542.8484362648583, 338.1551722490562], [1540.7981216990113, 342.3853322490543], [1540.60285364508, 346.39285224882343]]}, "properties": {"osm_id": null, "type": "footway", "width_m": 2, "extrude": false}}, {"type": "Feature", "geometry": {"type": "LineString", "coordinates": [[1530.2536467880993, 341.38345224881533], [1533.085033569672, 341.8287322488776], [1540.7981216990113, 342.3853322490543], [1545.6798230466045, 342.83061224872097]]}, "properties": {"osm_id": null, "type": "footway", "width_m": 2, "extrude": false}}, {"type": "Feature", "geometry": {"type": "LineString", "coordinates": [[1532.3039613541198, 337.15329224881725], [1533.085033569672, 341.8287322488776], [1532.8897655157407, 345.8362522490422]]}, "properties": {"osm_id": null, "type": "footway", "width_m": 2, "extrude": false}}, {"type": "Feature", "geometry": {"type": "LineString", "coordinates": [[1542.8484362648583, 338.1551722490562], [1548.511209828177, 338.489132249004]]}, "properties": {"osm_id": null, "type": "footway", "width_m": 2, "extrude": false}}, {"type": "Feature", "geometry": {"type": "LineString", "coordinates": [[1526.836455844732, 336.5966922490361], [1532.3039613541198, 337.15329224881725]]}, "properties": {"osm_id": null, "type": "footway", "width_m": 2, "extrude": false}}, {"type": "Feature", "geometry": {"type": "LineString", "coordinates": [[1480.0697569346487, 158.7073322488891], [1477.9218083417493, 189.20901224899993], [1475.9691278027815, 206.24097224871107], [1472.844838940225, 222.9389722488699], [1465.6199209458011, 246.53881224900474], [1453.4156675767317, 276.37257224882444], [1427.5426504345407, 335.5948122487972], [1409.8708915562572, 375.0020922489664], [1399.4240506722244, 400.93965224873585], [1389.758282004091, 425.8753322490574], [1382.728632063425, 446.91481224893323], [1376.772956419469, 467.62033224886125], [1372.2817911795655, 494.89373224881746]]}, "properties": {"osm_id": null, "type": "secondary", "width_m": 9, "extrude": false}}, {"type": "Feature", "geometry": {"type": "LineString", "coordinates": [[1638.0416125431825, 311.9949722490578], [1606.212919756862, 314.4440122488069], [1573.6031547548157, 317.6722922489615], [1570.6741339461905, 317.5609722488471], [1569.6001596498277, 334.59293224895373]]}, "properties": {"osm_id": null, "type": "footway", "width_m": 2, "extrude": false}}, {"type": "Feature", "geometry": {"type": "LineString", "coordinates": [[1539.9194154564063, 302.198812248875], [1544.8987508308783, 316.5590922490037], [1542.8484362648583, 338.1551722490562], [1532.3039613541198, 337.15329224881725], [1534.061373839156, 314.1100522488591], [1539.9194154564063, 302.198812248875]]}, "properties": {"osm_id": null, "type": "footway", "width_m": 2, "extrude": false}}, {"type": "Feature", "geometry": {"type": "LineString", "coordinates": [[1539.9194154564063, 302.198812248875], [1508.3836247508964, 299.9724122489593], [1507.6025525351706, 320.6779322488873]]}, "properties": {"osm_id": null, "type": "footway", "width_m": 2, "extrude": false}}, {"type": "Feature", "geometry": {"type": "LineString", "coordinates": [[1799.4306590950835, 297.6346922489291], [1798.7472209064101, 308.6553722487888], [1826.0847484530002, 310.7704522489855], [1827.842160938037, 295.7422522489612]]}, "properties": {"osm_id": null, "type": "footway", "width_m": 2, "extrude": false}}, {"type": "Feature", "geometry": {"type": "LineString", "coordinates": [[1694.6693481755046, 286.8366522489029], [1693.2048377711053, 299.52713224889703], [1725.7169687462726, 312.4402522487246], [1731.0868402286076, 297.07809224875245], [1694.6693481755046, 286.8366522489029]]}, "properties": {"osm_id": null, "type": "service", "width_m": 3.5, "extrude": false}}, {"type": "Feature", "geometry": {"type": "LineString", "coordinates": [[1799.821195202773, 293.0705722489833], [1817.8834901889193, 294.8516922488368], [1827.842160938037, 295.7422522489612], [1845.0257496815784, 297.5233722488147]]}, "properties": {"osm_id": null, "type": "footway", "width_m": 2, "extrude": false}}, {"type": "Feature", "geometry": {"type": "LineString", "coordinates": [[1696.5243946875933, 271.0292122488686], [1687.9326003156493, 269.47073224884844], [1687.249162127149, 277.7084122490112], [1684.4177753454032, 277.1518122488345], [1670.3584754644182, 284.944212248935], [1668.6986970060875, 298.8592122490014], [1661.6690470655951, 298.52525224905366], [1661.0832429039742, 301.7535322488128], [1647.9026492654211, 300.9742922488027], [1644.4854583220538, 307.6534922489453], [1639.0179528126664, 307.3195322489976], [1638.0416125431825, 311.9949722490578]]}, "properties": {"osm_id": null, "type": "footway", "width_m": 2, "extrude": false}}, {"type": "Feature", "geometry": {"type": "LineString", "coordinates": [[1687.249162127149, 277.7084122490112], [1690.080548908722, 278.821612248969], [1695.450420391057, 279.71217224869804], [1697.6960030110088, 280.15745224876025], [1736.9448818456847, 281.7159322487804], [1750.418377565048, 283.8310122489771], [1759.6936101254923, 285.83477224866397], [1770.5309871172149, 291.9573722490254], [1783.809214782647, 295.296972248899], [1799.4306590950835, 297.6346922489291], [1799.821195202773, 293.0705722489833]]}, "properties": {"osm_id": null, "type": "footway", "width_m": 2, "extrude": false}}, {"type": "Feature", "geometry": {"type": "LineString", "coordinates": [[1670.3584754644182, 284.944212248935], [1599.1832698161961, 276.59521224905336]]}, "properties": {"osm_id": null, "type": "footway", "width_m": 2, "extrude": false}}, {"type": "Feature", "geometry": {"type": "LineString", "coordinates": [[1696.5243946875933, 271.0292122488686], [1695.450420391057, 279.71217224869804], [1694.6693481755046, 286.8366522489029]]}, "properties": {"osm_id": null, "type": "service", "width_m": 3.5, "extrude": false}}, {"type": "Feature", "geometry": {"type": "LineString", "coordinates": [[1736.9448818456847, 281.7159322487804], [1737.5306860073053, 272.58769224888863]]}, "properties": {"osm_id": null, "type": "footway", "width_m": 2, "extrude": false}}, {"type": "Feature", "geometry": {"type": "LineString", "coordinates": [[1539.9194154564063, 302.198812248875], [1541.8720959953741, 281.38197224883254], [1553.4905452026492, 277.263132248949], [1577.0203456981828, 278.48765224902127], [1587.7600886628527, 279.1555722489169], [1599.1832698161961, 276.59521224905336], [1599.4761718971802, 274.8140922488044], [1601.1359503553374, 249.98973224899274], [1604.943677406394, 249.65577224904493], [1624.4704827969397, 248.3199322488582], [1668.2105268713456, 251.7708522488462], [1688.4207704505645, 253.10669224903293], [1694.3764460945206, 253.21801224875188]]}, "properties": {"osm_id": null, "type": "footway", "width_m": 2, "extrude": false}}, {"type": "Feature", "geometry": {"type": "LineString", "coordinates": [[1505.8451400501342, 249.09917224886826], [1509.9457691820012, 265.6858522489126], [1508.3836247508964, 299.9724122489593]]}, "properties": {"osm_id": null, "type": "footway", "width_m": 2, "extrude": false}}, {"type": "Feature", "geometry": {"type": "LineString", "coordinates": [[1817.8834901889193, 294.8516922488368], [1820.3243408628027, 267.2443322489328]]}, "properties": {"osm_id": null, "type": "footway", "width_m": 2, "extrude": false}}, {"type": "Feature", "geometry": {"type": "LineString", "coordinates": [[1820.3243408628027, 267.2443322489328], [1798.6495868793577, 265.2405722488504], [1799.821195202773, 243.97845224874573], [1811.8301805179108, 244.8690122488702], [1832.3333261779403, 246.65013224872368], [1830.771181746662, 268.24621224877615], [1820.3243408628027, 267.2443322489328]]}, "properties": {"osm_id": null, "type": "footway", "width_m": 2, "extrude": false}}, {"type": "Feature", "geometry": {"type": "LineString", "coordinates": [[1687.9326003156493, 269.47073224884844], [1688.4207704505645, 253.10669224903293], [1690.080548908722, 230.95401224880376], [1697.2078328760933, 229.06157224883586], [1707.166503625211, 226.3898922488579], [1709.9002563799047, 227.39177224870133], [1744.3650678940398, 229.95213224896034]]}, "properties": {"osm_id": null, "type": "footway", "width_m": 2, "extrude": false}}, {"type": "Feature", "geometry": {"type": "LineString", "coordinates": [[1811.8301805179108, 244.8690122488702], [1812.3183506526527, 239.63697224902873], [1812.7088867605157, 235.7407722489785], [1813.0994228683787, 232.9577722488861]]}, "properties": {"osm_id": null, "type": "footway", "width_m": 2, "extrude": false}}, {"type": "Feature", "geometry": {"type": "LineString", "coordinates": [[1825.889480399069, 234.07097224884396], [1825.4013102643269, 240.63885224887215], [1812.3183506526527, 239.63697224902873]]}, "properties": {"osm_id": null, "type": "footway", "width_m": 2, "extrude": false}}, {"type": "Feature", "geometry": {"type": "LineString", "coordinates": [[1624.4704827969397, 248.3199322488582], [1605.822383648999, 221.49181224896424]]}, "properties": {"osm_id": null, "type": "footway", "width_m": 2, "extrude": false}}, {"type": "Feature", "geometry": {"type": "LineString", "coordinates": [[1812.7088867605157, 235.7407722489785], [1798.2590507716682, 234.62757224902063], [1798.7472209064101, 231.84457224892824]]}, "properties": {"osm_id": null, "type": "footway", "width_m": 2, "extrude": false}}, {"type": "Feature", "geometry": {"type": "LineString", "coordinates": [[1740.5573408429832, 235.62945224886406], [1744.3650678940398, 229.95213224896034]]}, "properties": {"osm_id": null, "type": "footway", "width_m": 2, "extrude": false}}, {"type": "Feature", "geometry": {"type": "LineString", "coordinates": [[1744.5603359479712, 227.6144122489302], [1744.3650678940398, 229.95213224896034]]}, "properties": {"osm_id": null, "type": "footway", "width_m": 2, "extrude": false}}, {"type": "Feature", "geometry": {"type": "LineString", "coordinates": [[1668.2105268713456, 251.7708522488462], [1670.0655733834344, 202.5674122488897]]}, "properties": {"osm_id": null, "type": "footway", "width_m": 2, "extrude": false}}, {"type": "Feature", "geometry": {"type": "LineString", "coordinates": [[1606.3105537837412, 213.14281224868708], [1582.6831192613283, 213.14281224868708]]}, "properties": {"osm_id": null, "type": "footway", "width_m": 2, "extrude": false}}, {"type": "Feature", "geometry": {"type": "LineString", "coordinates": [[1604.943677406394, 249.65577224904493], [1605.822383648999, 221.49181224896424], [1606.3105537837412, 213.14281224868708], [1606.9939919724145, 197.66933224899603], [1608.5561364036928, 175.29401224893348]]}, "properties": {"osm_id": null, "type": "footway", "width_m": 2, "extrude": false}}, {"type": "Feature", "geometry": {"type": "LineString", "coordinates": [[1690.080548908722, 230.95401224880376], [1691.9355954208108, 204.4598522488576], [1692.8143016634156, 192.32597224904012], [1699.2581474421136, 192.5486122488735]]}, "properties": {"osm_id": null, "type": "footway", "width_m": 2, "extrude": false}}, {"type": "Feature", "geometry": {"type": "LineString", "coordinates": [[1701.4060960351865, 138.11313224868002], [1701.2108279812549, 155.81301224868227], [1699.2581474421136, 192.5486122488735], [1698.5747092534402, 205.01645224903427], [1697.2078328760933, 229.06157224883586], [1696.914930795283, 230.62005224885596]]}, "properties": {"osm_id": null, "type": "service", "width_m": 3.5, "extrude": false}}, {"type": "Feature", "geometry": {"type": "LineString", "coordinates": [[1696.914930795283, 230.62005224885596], [1694.3764460945206, 253.21801224875188], [1694.2788120676416, 265.4632122486838], [1696.5243946875933, 271.0292122488686], [1701.6989981159968, 272.03109224871196], [1733.4300568754381, 273.14429224866984], [1737.5306860073053, 272.58769224888863], [1738.7999283577733, 268.1348922490572], [1741.4360470854144, 239.1916922489665], [1740.5573408429832, 235.62945224886406], [1736.9448818456847, 234.07097224884396], [1696.914930795283, 230.62005224885596]]}, "properties": {"osm_id": null, "type": "service", "width_m": 3.5, "extrude": false}}, {"type": "Feature", "geometry": {"type": "LineString", "coordinates": [[1698.5747092534402, 205.01645224903427], [1691.9355954208108, 204.4598522488576], [1670.0655733834344, 202.5674122488897]]}, "properties": {"osm_id": null, "type": "footway", "width_m": 2, "extrude": false}}, {"type": "Feature", "geometry": {"type": "LineString", "coordinates": [[1670.0655733834344, 202.5674122488897], [1659.4234644456433, 202.01081224871302]]}, "properties": {"osm_id": null, "type": "footway", "width_m": 2, "extrude": false}}, {"type": "Feature", "geometry": {"type": "LineString", "coordinates": [[1659.4234644456433, 202.01081224871302], [1638.627416704977, 199.89573224891174], [1617.929002991016, 197.78065224871497]]}, "properties": {"osm_id": null, "type": "footway", "width_m": 2, "extrude": false}}, {"type": "Feature", "geometry": {"type": "LineString", "coordinates": [[1617.929002991016, 197.78065224871497], [1606.9939919724145, 197.66933224899603]]}, "properties": {"osm_id": null, "type": "footway", "width_m": 2, "extrude": false}}, {"type": "Feature", "geometry": {"type": "LineString", "coordinates": [[1606.9939919724145, 197.66933224899603], [1583.952361611796, 196.89009224898598]]}, "properties": {"osm_id": null, "type": "footway", "width_m": 2, "extrude": false}}, {"type": "Feature", "geometry": {"type": "LineString", "coordinates": [[1639.9942930823238, 171.62045224871662], [1638.627416704977, 199.89573224891174]]}, "properties": {"osm_id": null, "type": "footway", "width_m": 2, "extrude": false}}, {"type": "Feature", "geometry": {"type": "LineString", "coordinates": [[1707.166503625211, 226.3898922488579], [1706.190163355727, 223.94085224871333], [1707.6546737601263, 202.01081224871302], [1709.1191841643522, 174.403452248809], [1703.8469467088962, 174.18081224897563], [1705.6043591941059, 146.79609224890498], [1707.3617716791423, 143.6791322488648], [1707.459405706195, 138.6697322488567]]}, "properties": {"osm_id": null, "type": "footway", "width_m": 2, "extrude": false}}, {"type": "Feature", "geometry": {"type": "LineString", "coordinates": [[1587.5648206089213, 150.35833224900742], [1585.7097740968327, 174.62609224903787], [1585.5145060430743, 177.1864522489014], [1583.952361611796, 196.89009224898598], [1582.6831192613283, 213.14281224868708]]}, "properties": {"osm_id": null, "type": "footway", "width_m": 2, "extrude": false}}, {"type": "Feature", "geometry": {"type": "LineString", "coordinates": [[1585.5145060430743, 177.1864522489014], [1602.0146565979423, 177.96569224891144], [1608.5561364036928, 175.29401224893348], [1622.9083383656614, 169.61669224902977], [1639.9942930823238, 171.62045224871662], [1658.544758203212, 172.39969224872667]]}, "properties": {"osm_id": null, "type": "footway", "width_m": 2, "extrude": false}}, {"type": "Feature", "geometry": {"type": "LineString", "coordinates": [[1555.83376184948, 158.59601224877466], [1559.739122927589, 168.61481224879086], [1585.7097740968327, 174.62609224903787]]}, "properties": {"osm_id": null, "type": "footway", "width_m": 2, "extrude": false}}, {"type": "Feature", "geometry": {"type": "LineString", "coordinates": [[1528.203332222079, 124.64341224867582], [1526.1530176560589, 132.1018522488285], [1508.5788928048278, 156.2582922487445], [1500.6705366215572, 173.62421224879895], [1498.6202220557104, 200.34101224897398]]}, "properties": {"osm_id": null, "type": "residential", "width_m": 5, "extrude": false}}, {"type": "Feature", "geometry": {"type": "LineString", "coordinates": [[1920.39921848872, 167.94689224889524], [1852.0553996222438, 166.2770922487607], [1850.6885232448972, 151.47153224896527], [1844.7328476007676, 150.80361224867417]]}, "properties": {"osm_id": null, "type": "footway", "width_m": 2, "extrude": false}}, {"type": "Feature", "geometry": {"type": "LineString", "coordinates": [[1692.8143016634156, 192.32597224904012], [1695.9385905257989, 148.4658922490395], [1647.9026492654211, 145.34893224899932], [1635.2102257616098, 144.3470522487604], [1633.745715357384, 138.78105224897112], [1629.7427202522222, 138.55841224874226], [1628.5711119288069, 141.89801224901132], [1592.739424037498, 139.44897224886674], [1556.1266639304638, 136.66597224877435], [1556.3219319843952, 131.43393224893288], [1535.6235182704343, 130.32073224897502], [1537.2832967285917, 125.97925224886254]]}, "properties": {"osm_id": null, "type": "footway", "width_m": 2, "extrude": false}}, {"type": "Feature", "geometry": {"type": "LineString", "coordinates": [[1386.3410910607238, 185.53545224878306], [1406.7466026937007, 172.73365224867447], [1442.9688266928722, 152.4734122488087], [1458.3950029513774, 145.9055322487805], [1467.2796994039584, 135.10749224875426], [1476.4572979375237, 121.52645224903111]]}, "properties": {"osm_id": null, "type": "footway", "width_m": 2, "extrude": false}}, {"type": "Feature", "geometry": {"type": "LineString", "coordinates": [[1844.7328476007676, 150.80361224867417], [1785.7618953217882, 145.46025224871826], [1763.4037031496698, 143.6791322488648], [1725.033530557599, 140.2282122488768]]}, "properties": {"osm_id": null, "type": "service", "width_m": 3.5, "extrude": false}}, {"type": "Feature", "geometry": {"type": "LineString", "coordinates": [[1480.0697569346487, 158.7073322488891], [1486.415968686641, 122.63965224898897]]}, "properties": {"osm_id": null, "type": "secondary", "width_m": 9, "extrude": false}}, {"type": "Feature", "geometry": {"type": "LineString", "coordinates": [[1476.4572979375237, 121.52645224903111], [1480.0697569346487, 158.7073322488891]]}, "properties": {"osm_id": null, "type": "secondary", "width_m": 9, "extrude": false}}, {"type": "Feature", "geometry": {"type": "LineString", "coordinates": [[1520.0997079850504, 122.97361224893677], [1528.203332222079, 124.64341224867582], [1537.2832967285917, 125.97925224886254], [1578.289588048477, 129.09621224890273], [1649.855329804389, 133.9942922487964], [1686.9562600461652, 136.88861224900322], [1701.4060960351865, 138.11313224868002], [1707.459405706195, 138.6697322488567], [1725.033530557599, 140.2282122488768]]}, "properties": {"osm_id": null, "type": "residential", "width_m": 5, "extrude": false}}, {"type": "Feature", "geometry": {"type": "LineString", "coordinates": [[1692.4237655555528, 104.16053224897666], [1732.5513506328334, 120.63589224890663], [1761.3533885836498, 133.9942922487964], [1763.4037031496698, 143.6791322488648]]}, "properties": {"osm_id": null, "type": "footway", "width_m": 2, "extrude": false}}, {"type": "Feature", "geometry": {"type": "LineString", "coordinates": [[1490.9071339263712, 120.07929224872996], [1520.0997079850504, 122.97361224893677]]}, "properties": {"osm_id": null, "type": "residential", "width_m": 5, "extrude": false}}, {"type": "Feature", "geometry": {"type": "LineString", "coordinates": [[1520.0997079850504, 122.97361224893677], [1506.2356761578237, 116.07177224896077], [1494.7148609776011, 108.50201224869366]]}, "properties": {"osm_id": null, "type": "residential", "width_m": 5, "extrude": false}}, {"type": "Feature", "geometry": {"type": "LineString", "coordinates": [[1688.0302343427018, 92.3606122487115], [1692.4237655555528, 104.16053224897666], [1700.234487711771, 128.20565224877825], [1701.4060960351865, 138.11313224868002]]}, "properties": {"osm_id": null, "type": "footway", "width_m": 2, "extrude": false}}, {"type": "Feature", "geometry": {"type": "LineString", "coordinates": [[1488.6615513065929, 100.15301224881199], [1483.7798499588262, 98.5945322487919], [1478.8981486112334, 99.15113224896857], [1474.5046173983824, 101.71149224883209], [1471.1850604820677, 106.38693224889238], [1470.403988266515, 112.17557224891053], [1471.5755965899305, 116.29441224879415], [1473.2353750480877, 118.85477224905316], [1476.4572979375237, 121.52645224903111], [1481.2413652582375, 123.19625224877015], [1486.415968686641, 122.63965224898897], [1490.9071339263712, 120.07929224872996], [1494.0314227889278, 115.62649224889853], [1495.0077630584117, 111.50765224901491], [1494.7148609776011, 108.50201224869366], [1492.8598144655125, 103.9378922487478], [1488.6615513065929, 100.15301224881199]]}, "properties": {"osm_id": null, "type": "secondary", "width_m": 9, "extrude": false}}, {"type": "Feature", "geometry": {"type": "LineString", "coordinates": [[1480.655561096443, 69.2060522490344], [1480.26502498858, 72.43433224879354], [1478.6052465304228, 82.89841224887198], [1474.5046173983824, 101.71149224883209]]}, "properties": {"osm_id": null, "type": "secondary", "width_m": 9, "extrude": false}}, {"type": "Feature", "geometry": {"type": "LineString", "coordinates": [[1686.9562600461652, 136.88861224900322], [1672.6040580841966, 112.84349224880614], [1662.3524852542687, 104.93977224898671], [1640.0919271092027, 87.6851722490467], [1602.6004607595635, 58.853292248674904], [1570.38123186538, 36.700612248841225], [1556.224297957343, 32.47045224884317]]}, "properties": {"osm_id": null, "type": "footway", "width_m": 2, "extrude": false}}, {"type": "Feature", "geometry": {"type": "LineString", "coordinates": [[1556.224297957343, 32.47045224884317], [1588.7364289323368, 70.20793224887782], [1611.5827912391971, 96.70209224882399], [1649.855329804389, 133.9942922487964]]}, "properties": {"osm_id": null, "type": "footway", "width_m": 2, "extrude": false}}, {"type": "Feature", "geometry": {"type": "LineString", "coordinates": [[1725.033530557599, 140.2282122488768], [1726.595674988704, 127.0924522488204], [1732.5513506328334, 120.63589224890663], [1764.9658475809483, 82.56445224892417], [1796.1111021785955, 25.012012248690496]]}, "properties": {"osm_id": null, "type": "footway", "width_m": 2, "extrude": false}}, {"type": "Feature", "geometry": {"type": "LineString", "coordinates": [[1588.7364289323368, 70.20793224887782], [1612.6567655357335, 78.33429224892612], [1640.0919271092027, 87.6851722490467], [1711.364766784304, 81.00597224890407], [1764.9658475809483, 82.56445224892417], [1790.545962642329, 80.56069224884183]]}, "properties": {"osm_id": null, "type": "footway", "width_m": 2, "extrude": false}}, {"type": "Feature", "geometry": {"type": "LineString", "coordinates": [[1662.3524852542687, 104.93977224898671], [1688.0302343427018, 92.3606122487115], [1711.364766784304, 81.00597224890407], [1764.1847753653958, 42.04397224879713], [1796.1111021785955, 25.012012248690496]]}, "properties": {"osm_id": null, "type": "footway", "width_m": 2, "extrude": false}}, {"type": "Feature", "geometry": {"type": "LineString", "coordinates": [[1785.7618953217882, 145.46025224871826], [1787.616941833877, 109.28125224870371], [1790.545962642329, 80.56069224884183], [1796.1111021785955, 25.012012248690496], [1800.7975354722569, 5.08573224877253], [1797.8685146638052, -24.859347751161636]]}, "properties": {"osm_id": null, "type": "footway", "width_m": 2, "extrude": false}}, {"type": "Feature", "geometry": {"type": "LineString", "coordinates": [[1489.8331596300084, 82.45313224880974], [1493.3479846002544, 71.9890522487313], [1494.6172269505487, 64.86457224892192], [1495.8864693010166, 50.170332248845426], [1496.4722734626378, 41.04209224895371], [1495.5935672200328, 35.36477224904999], [1492.2740103037181, 27.906332248897314]]}, "properties": {"osm_id": null, "type": "service", "width_m": 3.5, "extrude": false}}, {"type": "Feature", "geometry": {"type": "LineString", "coordinates": [[1484.4632881474997, 16.329052248861018], [1479.1910506922172, 29.46481224891741], [1478.5076125035437, 33.69497224891546], [1477.726540287818, 44.82697224888952], [1477.1407361261968, 53.95521224878124], [1477.1407361261968, 57.294812249050295], [1477.726540287818, 60.968372248871674], [1480.655561096443, 69.2060522490344]]}, "properties": {"osm_id": null, "type": "service", "width_m": 3.5, "extrude": false}}, {"type": "Feature", "geometry": {"type": "LineString", "coordinates": [[1484.4632881474997, 16.329052248861018], [1483.2916798240844, 31.46857224899975], [1481.4366333119956, 60.411772248695], [1480.655561096443, 69.2060522490344]]}, "properties": {"osm_id": null, "type": "secondary", "width_m": 9, "extrude": false}}, {"type": "Feature", "geometry": {"type": "LineString", "coordinates": [[1529.7654766533574, -46.3441077510997], [1530.2536467880993, -40.332827751248175], [1520.392610065861, -37.43850775104136], [1514.6322024758363, -32.763067750981065], [1510.3363052898644, -26.75178775112954], [1507.30965045436, -19.738627751039104], [1503.1113872954404, -5.37834775130591], [1501.4516088372832, 4.6404522487102895], [1500.6705366215572, 16.106412249027642], [1500.5729025946782, 21.672412248816926], [1500.5729025946782, 33.91761224874884], [1497.0580776244321, 80.00409224866516], [1497.4486137321214, 93.13985224872155], [1500.6705366215572, 102.3794122487277], [1506.430944211755, 109.39257224881814], [1512.7771559637474, 113.73405224893062], [1517.854125365272, 116.18309224867971], [1528.203332222079, 124.64341224867582]]}, "properties": {"osm_id": null, "type": "footway", "width_m": 2, "extrude": false}}, {"type": "Feature", "geometry": {"type": "LineString", "coordinates": [[1492.8598144655125, 103.9378922487478], [1490.6142318455607, 92.91721224888818], [1489.8331596300084, 82.45313224880974], [1489.2473554682138, 69.09473224891997], [1489.6378915760768, 64.75325224880748], [1492.2740103037181, 27.906332248897314], [1492.5669123845285, 23.787492249013695], [1493.5432526541858, 6.310252248844819], [1494.8124950044803, -10.053787750970713], [1496.7651755436216, -22.632947751245922], [1499.8894644060047, -39.7762277510715]]}, "properties": {"osm_id": null, "type": "secondary", "width_m": 9, "extrude": false}}, {"type": "Feature", "geometry": {"type": "LineString", "coordinates": [[1514.4369344219049, 19.446012248901212], [1523.6145329552965, 23.787492249013695], [1529.7654766533574, 29.01953224885517], [1535.6235182704343, 36.14401224866455], [1542.0673640493058, 36.81193224895566], [1556.224297957343, 32.47045224884317]]}, "properties": {"osm_id": null, "type": "service", "width_m": 3.5, "extrude": false}}, {"type": "Feature", "geometry": {"type": "LineString", "coordinates": [[1492.5669123845285, 23.787492249013695], [1500.5729025946782, 21.672412248816926], [1514.4369344219049, 19.446012248901212], [1510.1410372359328, 5.753652248668146], [1512.7771559637474, -5.712307751253718], [1516.6825170416832, -19.070707751143487], [1522.1500225510706, -26.19518775095287]]}, "properties": {"osm_id": null, "type": "service", "width_m": 3.5, "extrude": false}}, {"type": "Feature", "geometry": {"type": "LineString", "coordinates": [[1627.8876737401336, -38.32906775116584], [1613.8283738591488, -21.18578775094477], [1576.0440054286987, 0.41029224871223846], [1571.4552061619163, 23.11957224872259], [1556.224297957343, 32.47045224884317]]}, "properties": {"osm_id": null, "type": "footway", "width_m": 2, "extrude": false}}, {"type": "Feature", "geometry": {"type": "LineString", "coordinates": [[1482.6082416354109, -42.67054775127832], [1484.1703860666894, -30.647987751179784], [1485.2443603632257, -18.625427751081247], [1485.439628417157, 5.197052248886962], [1484.4632881474997, 16.329052248861018]]}, "properties": {"osm_id": null, "type": "secondary", "width_m": 9, "extrude": false}}, {"type": "Feature", "geometry": {"type": "LineString", "coordinates": [[1812.4159846797054, -28.75554775121188], [1820.129072808871, -25.749907751286116], [1824.913140129585, -26.529147751296165], [1829.4043053693151, -27.864987751087398], [1840.6322184687272, -33.09702775132436], [1845.51391981632, -34.54418775123003], [1854.3986162690746, -36.65926775103131], [1859.6708537245306, -37.54982775115579], [1867.188673799765, -38.55170775099921], [1874.413591794189, -38.77434775122808], [1894.7214694002867, -36.993227750979116], [1911.5145220359652, -35.99134775113569]]}, "properties": {"osm_id": null, "type": "footway", "width_m": 2, "extrude": false}}, {"type": "Feature", "geometry": {"type": "LineString", "coordinates": [[1797.8685146638052, -24.859347751161636], [1797.7708806367527, -62.040227751019614]]}, "properties": {"osm_id": null, "type": "track", "width_m": 3, "extrude": false}}, {"type": "Feature", "geometry": {"type": "LineString", "coordinates": [[1502.3303150798881, -42.55922775116389], [1529.7654766533574, -46.3441077510997]]}, "properties": {"osm_id": null, "type": "residential", "width_m": 5, "extrude": false}}, {"type": "Feature", "geometry": {"type": "LineString", "coordinates": [[1496.7651755436216, -37.99510775121803], [1499.8894644060047, -39.7762277510715], [1502.3303150798881, -42.55922775116389], [1503.6971914570615, -45.89882775103746], [1504.0877275649243, -49.46106775113989], [1503.3066553493718, -53.02330775124233], [1501.3539748102305, -56.14026775128252], [1496.9604435973795, -59.36854775104166], [1493.5432526541858, -60.25910775116614], [1489.930793656887, -60.036467751332765], [1486.6112367405724, -58.700627751146044], [1483.8774839858788, -56.3629077511159], [1481.9248034467375, -53.245947751075704], [1481.046097204306, -49.572387751254325], [1481.2413652582375, -46.01014775115189], [1482.6082416354109, -42.67054775127832], [1484.658556201431, -40.22150775113374], [1487.294674929246, -38.32906775116584], [1490.418963791629, -37.32718775132241], [1493.6408866810648, -37.21586775120798], [1496.7651755436216, -37.99510775121803]]}, "properties": {"osm_id": null, "type": "secondary", "width_m": 9, "extrude": false}}, {"type": "Feature", "geometry": {"type": "LineString", "coordinates": [[1529.7654766533574, -46.3441077510997], [1501.3539748102305, -56.14026775128252]]}, "properties": {"osm_id": null, "type": "residential", "width_m": 5, "extrude": false}}, {"type": "Feature", "geometry": {"type": "LineString", "coordinates": [[1510.8244754246061, -66.93830775130877], [1513.8511302601105, -58.03270775125043], [1529.7654766533574, -46.3441077510997]]}, "properties": {"osm_id": null, "type": "footway", "width_m": 2, "extrude": false}}, {"type": "Feature", "geometry": {"type": "LineString", "coordinates": [[1496.3746394357586, -92.20794775118264], [1483.8774839858788, -56.3629077511159]]}, "properties": {"osm_id": null, "type": "secondary", "width_m": 9, "extrude": false}}, {"type": "Feature", "geometry": {"type": "LineString", "coordinates": [[1817.6882221349879, -79.96274775125073], [1856.7418329159057, -69.49866775117229]]}, "properties": {"osm_id": null, "type": "footway", "width_m": 2, "extrude": false}}, {"type": "Feature", "geometry": {"type": "LineString", "coordinates": [[1496.9604435973795, -59.36854775104166], [1496.3746394357586, -92.20794775118264]]}, "properties": {"osm_id": null, "type": "secondary", "width_m": 9, "extrude": false}}, {"type": "Feature", "geometry": {"type": "LineString", "coordinates": [[-2777.5548903919166, 1499.846682016237], [-2770.5252404514245, 1494.658652249054], [-2737.622573368568, 1476.736132248823], [-2706.379684743868, 1463.711692248881], [-2666.2520996665876, 1453.1362922486883], [-2631.6896541255733, 1447.2363322489512], [-2614.70133343579, 1445.677852248931], [-2603.4734203363782, 1446.457092248941]]}, "properties": {"osm_id": null, "type": "service", "width_m": 3.5, "extrude": false}}, {"type": "Feature", "geometry": {"type": "LineString", "coordinates": [[-2712.140092334066, 1368.9783722487894], [-2736.743867125963, 1393.5800922487676], [-2777.5548903919166, 1438.123315496722]]}, "properties": {"osm_id": null, "type": "primary", "width_m": 14, "extrude": false}}, {"type": "Feature", "geometry": {"type": "LineString", "coordinates": [[-2586.094563538905, 1391.7989722489142], [-2597.810646773059, 1394.6932922487256], [-2605.426100875346, 1399.9253322489626], [-2611.088874438665, 1407.1611322488864], [-2614.4084313549793, 1415.6214522488824], [-2615.091869543653, 1424.193092248993], [-2613.4320910854954, 1432.653412248989], [-2609.429095980507, 1440.2231722488607], [-2603.4734203363782, 1446.457092248941], [-2593.124213479398, 1451.800452248897], [-2581.5057642721226, 1452.9136522488548], [-2570.2778511727106, 1449.5740522489812], [-2561.1978866660247, 1442.226932248943], [-2555.437479076, 1432.0968122488123], [-2553.875334644722, 1420.6308522488905], [-2556.804355453347, 1409.2762122486877], [-2563.736371366787, 1399.814012248848], [-2574.0855782237672, 1393.5800922487676], [-2586.094563538905, 1391.7989722489142]]}, "properties": {"osm_id": null, "type": "tertiary", "width_m": 7, "extrude": false}}, {"type": "Feature", "geometry": {"type": "LineString", "coordinates": [[-2777.5548903919166, 1474.7230955820974], [-2738.306011557241, 1434.3232122487282], [-2693.980163320867, 1384.6744922487094]]}, "properties": {"osm_id": null, "type": "primary", "width_m": 14, "extrude": false}}, {"type": "Feature", "geometry": {"type": "LineString", "coordinates": [[-2777.5548903919166, 1347.2608522491155], [-2773.844797367739, 1354.952052249004], [-2772.8684570982555, 1362.744452248709], [-2776.48091609538, 1396.36309224886], [-2777.5548903919166, 1400.6035596563274]]}, "properties": {"osm_id": null, "type": "service", "width_m": 3.5, "extrude": false}}, {"type": "Feature", "geometry": {"type": "LineString", "coordinates": [[-2636.376087419235, 1390.9084122487898], [-2629.4440715056217, 1397.476292248818], [-2622.5120555920084, 1403.5988922487838], [-2617.923256325226, 1410.9460122488222], [-2614.4084313549793, 1415.6214522488824]]}, "properties": {"osm_id": null, "type": "tertiary", "width_m": 7, "extrude": false}}, {"type": "Feature", "geometry": {"type": "LineString", "coordinates": [[-2597.810646773059, 1394.6932922487256], [-2609.429095980507, 1397.476292248818], [-2620.0712049182985, 1396.697052248808], [-2628.4677312361378, 1393.4687722490487], [-2636.376087419235, 1390.9084122487898]]}, "properties": {"osm_id": null, "type": "tertiary", "width_m": 7, "extrude": false}}, {"type": "Feature", "geometry": {"type": "LineString", "coordinates": [[-2715.2643811964494, 1343.1521322487388], [-2636.376087419235, 1390.9084122487898]]}, "properties": {"osm_id": null, "type": "tertiary", "width_m": 7, "extrude": false}}, {"type": "Feature", "geometry": {"type": "LineString", "coordinates": [[-2693.980163320867, 1384.6744922487094], [-2661.663300399805, 1345.712492248998]]}, "properties": {"osm_id": null, "type": "primary", "width_m": 14, "extrude": false}}, {"type": "Feature", "geometry": {"type": "LineString", "coordinates": [[-2684.216760625681, 1334.0238922488472], [-2712.140092334066, 1368.9783722487894]]}, "properties": {"osm_id": null, "type": "primary", "width_m": 14, "extrude": false}}, {"type": "Feature", "geometry": {"type": "LineString", "coordinates": [[-2747.385976063754, 1336.4729322489918], [-2738.794181691983, 1335.5823722488672], [-2728.0544387271398, 1338.588012248793], [-2715.2643811964494, 1343.1521322487388]]}, "properties": {"osm_id": null, "type": "tertiary", "width_m": 7, "extrude": false}}, {"type": "Feature", "geometry": {"type": "LineString", "coordinates": [[-2715.2643811964494, 1343.1521322487388], [-2721.805861002373, 1336.8068922489394], [-2727.8591706733814, 1331.2408922487548], [-2732.1550678591802, 1326.0088522489132], [-2736.158062964168, 1317.6598522490317]]}, "properties": {"osm_id": null, "type": "tertiary", "width_m": 7, "extrude": false}}, {"type": "Feature", "geometry": {"type": "LineString", "coordinates": [[-2777.5548903919166, 1340.7807573649807], [-2772.966091125134, 1342.4842122488433], [-2763.983760645674, 1343.0408122490198], [-2755.196698219972, 1340.9257322488231], [-2747.385976063754, 1336.4729322489918], [-2740.0634240422773, 1328.1239322487145], [-2736.158062964168, 1317.6598522490317], [-2735.865160883358, 1308.7542522489732], [-2738.208377530189, 1300.0712922487483], [-2742.797176796971, 1292.5015322488766]]}, "properties": {"osm_id": null, "type": "tertiary", "width_m": 7, "extrude": false}}, {"type": "Feature", "geometry": {"type": "LineString", "coordinates": [[-2742.797176796971, 1292.5015322488766], [-2750.119728818447, 1286.044972248963], [-2759.1020592979075, 1282.1487722489128], [-2768.865461993267, 1281.3695322489027], [-2777.5548903919166, 1283.4123116304113]]}, "properties": {"osm_id": null, "type": "tertiary", "width_m": 7, "extrude": false}}, {"type": "Feature", "geometry": {"type": "LineString", "coordinates": [[-2580.138887894776, 1163.1476922487905], [-2602.7899821477044, 1210.2360522489457], [-2621.3404472685925, 1244.0773322489301], [-2646.2371241413002, 1283.1506522487562], [-2684.216760625681, 1334.0238922488472]]}, "properties": {"osm_id": null, "type": "primary", "width_m": 14, "extrude": false}}, {"type": "Feature", "geometry": {"type": "LineString", "coordinates": [[-2580.138887894776, 1163.1476922487905], [-2596.346136368833, 1187.3041322487065], [-2606.0119050371404, 1205.6719322489998], [-2616.3611118941208, 1219.8095722488997], [-2634.8139429879566, 1240.8490522487755], [-2650.6306553541513, 1254.6527322487277], [-2665.3733934239826, 1265.4507722487538], [-2685.876539083839, 1277.0280522487901], [-2717.2170617355905, 1291.4996522490333], [-2728.249706781071, 1295.395852248688], [-2735.865160883358, 1294.8392522489069], [-2742.797176796971, 1292.5015322488766]]}, "properties": {"osm_id": null, "type": "service", "width_m": 3.5, "extrude": false}}, {"type": "Feature", "geometry": {"type": "LineString", "coordinates": [[-2563.736371366787, 1399.814012248848], [-2567.5440984180173, 1389.461252248884], [-2570.2778511727106, 1380.8896122487736], [-2570.3754851995895, 1366.3066922488115], [-2565.1032477441336, 1309.5334922489833], [-2558.366499884452, 1234.058532248914], [-2553.094262428996, 1197.2116122490038], [-2543.526127787741, 1158.3609322490113], [-2532.4934827422608, 1125.6328522489848], [-2520.484497427123, 1095.0198522487594], [-2499.102645524662, 1039.3598522488892], [-2484.7504435626934, 1002.4016122488647], [-2469.4219013310676, 950.5264922489301]]}, "properties": {"osm_id": null, "type": "service", "width_m": 3.5, "extrude": false}}, {"type": "Feature", "geometry": {"type": "LineString", "coordinates": [[-2567.5440984180173, 1134.0931722489809], [-2580.138887894776, 1163.1476922487905]]}, "properties": {"osm_id": null, "type": "primary", "width_m": 14, "extrude": false}}, {"type": "Feature", "geometry": {"type": "LineString", "coordinates": [[-2553.875334644722, 1420.6308522488905], [-2536.3012097933174, 1417.6252122489648], [-2522.534811993143, 1405.6026522488662], [-2552.020288132633, 1313.318372248919], [-2536.008307712507, 1199.7719722488673], [-2510.6234607048846, 1119.5102522490188], [-2496.0759906889843, 1091.2349722488236], [-2446.5755390243808, 964.4414922489966], [-2420.3119857743263, 934.0511322490001], [-2366.222734842767, 788.2219322489841], [-2239.8843039667954, 449.6978122490256], [-2238.5174275894483, 400.0490922490069], [-1996.8732108829863, -199.52042775115402], [-1971.6836319294687, -210.54110775101364], [-1944.2484703558257, -211.9882677513148], [-1929.9939024209098, -218.11086775128075], [-1926.0885413428007, -222.11838775104994]]}, "properties": {"osm_id": null, "type": "track", "width_m": 3, "extrude": false}}, {"type": "Feature", "geometry": {"type": "LineString", "coordinates": [[-2661.663300399805, 1345.712492248998], [-2629.1511694248106, 1300.8505322487583], [-2597.810646773059, 1250.533892248844], [-2567.7393664719484, 1191.3116522488713], [-2552.117922159512, 1157.0250922488246], [-2534.9343334159707, 1115.7253722486876], [-2469.4219013310676, 950.5264922489301], [-2291.3374361705405, 498.90125224898213], [-2099.7794752904765, 7.200812248969299], [-2054.3796527577397, -108.12670775133142], [-2006.8318816321037, -223.78818775118447], [-1995.11579839795, -243.2691877510402], [-1988.0861484572843, -249.05782775105834], [-1981.642302678586, -255.8483477513154]]}, "properties": {"osm_id": null, "type": "primary", "width_m": 14, "extrude": false}}, {"type": "Feature", "geometry": {"type": "LineString", "coordinates": [[-2428.0250739034923, 665.8812522489884], [-2442.084373784477, 681.466052248794], [-2465.2236381721477, 715.084692248945], [-2484.8480775895723, 721.8752122488065], [-2500.176619821025, 715.4186522488928], [-2505.937027411223, 696.048972248756], [-2501.3482281444403, 675.343452248828], [-2494.904382365569, 636.0474922487732], [-2486.312587993798, 606.6590122490157], [-2476.8420873794225, 584.5063322487865], [-2472.643824220503, 547.7707322489908], [-2475.7681130830597, 525.5067322490427], [-2476.158649190749, 511.14645224891404], [-2497.735769147315, 469.6240922489436], [-2544.502468057225, 433.6677322487624], [-2600.056229393011, 411.960332248991], [-2629.053535397759, 381.6812922487135], [-2653.657310189655, 355.743732248944], [-2676.1131363886525, 344.05513224879326], [-2693.199091105315, 344.3890922487411], [-2715.7525513311916, 353.8512922489761], [-2724.637247783946, 371.6624922486973], [-2721.6105929484415, 416.5244522489368], [-2707.746561121215, 438.23185224870826], [-2703.5482979622952, 462.27697224890534], [-2685.876539083839, 483.2051322486667], [-2662.053836507668, 493.7805322488596]]}, "properties": {"osm_id": null, "type": "track", "width_m": 3, "extrude": false}}, {"type": "Feature", "geometry": {"type": "LineString", "coordinates": [[-2015.7165780848584, -277.221787751139], [-2013.275727410975, -265.3105477511549], [-2015.3260419769956, -252.62006775116078], [-2020.7935474862093, -236.03338775111638], [-2056.5276013508123, -145.53022775102278], [-2117.5488681958122, 2.0800922488467677], [-2185.404516927546, 169.7280122487487], [-2313.890896396417, 492.88997224873515], [-2387.3116846644175, 679.9075722487738], [-2441.8891057307187, 816.3858922486693], [-2538.7420604672006, 1064.6294922487632], [-2567.5440984180173, 1134.0931722489809]]}, "properties": {"osm_id": null, "type": "primary", "width_m": 14, "extrude": false}}, {"type": "Feature", "geometry": {"type": "LineString", "coordinates": [[-1469.7470993687766, 426.32061224872416], [-1465.1583001019942, 424.87345224881847], [-1461.350573050764, 421.86781224889273], [-1458.714454323123, 417.86029224872806], [-1457.4452119728285, 413.18485224866777], [-1457.9333821075704, 408.39809224888853], [-1459.8860626465382, 404.05661224877605], [-1463.107985535974, 400.4943722486736], [-1466.7204445332725, 398.49061224898674], [-1470.8210736651397, 397.48873224874785], [-1474.9217027971804, 397.82269224869566], [-1479.5105020639628, 399.6038122489446], [-1483.2205950881405, 402.83209224870376], [-1485.6614457618502, 407.17357224881624], [-1486.442517977576, 410.62449224880424], [-1486.3448839505238, 414.18673224890665], [-1485.3685436810397, 417.6376522488947], [-1482.8300589802775, 421.7564922487783], [-1479.0223319292209, 424.76213224870406], [-1474.5311666893174, 426.32061224872416], [-1469.7470993687766, 426.32061224872416]]}, "properties": {"osm_id": null, "type": "residential", "width_m": 5, "extrude": false}}, {"type": "Feature", "geometry": {"type": "LineString", "coordinates": [[-1485.3685436810397, 417.6376522488947], [-1495.3272144301573, 419.5300922488626], [-1519.930989222054, 424.09421224880845], [-1527.0582731895988, 423.8715722489751], [-1745.2703234275798, 348.61925224873914], [-1753.9597518262294, 342.83061224872097], [-1770.3622683542185, 319.8986922488773]]}, "properties": {"osm_id": null, "type": "footway", "width_m": 2, "extrude": false}}, {"type": "Feature", "geometry": {"type": "LineString", "coordinates": [[-1485.6614457618502, 407.17357224881624], [-1515.6350920362554, 396.37553224879], [-1703.5805939190209, 332.5891722488714], [-1716.2730174226585, 327.91373224881113]]}, "properties": {"osm_id": null, "type": "residential", "width_m": 5, "extrude": false}}, {"type": "Feature", "geometry": {"type": "LineString", "coordinates": [[-1703.5805939190209, 332.5891722488714], [-1710.8055119134447, 355.4097722489962]]}, "properties": {"osm_id": null, "type": "service", "width_m": 3.5, "extrude": false}}, {"type": "Feature", "geometry": {"type": "LineString", "coordinates": [[-1775.146335674759, 292.7366122490355], [-1779.7351349415414, 292.2913322489733], [-1784.4215682353765, 293.51585224904557], [-1788.6198313942962, 296.1875322490235], [-1791.6464862298003, 300.08373224867825], [-1793.3062646879575, 304.75917224873854], [-1793.3062646879575, 309.6572522490277], [-1791.7441202566795, 314.3326922486925], [-1788.7174654211751, 318.22889224874274], [-1784.6168362891347, 321.0118922488351], [-1779.832768968594, 322.2364122489074], [-1774.951067621001, 321.7911322488452], [-1770.3622683542185, 319.8986922488773], [-1766.6521753300408, 316.44777224888924], [-1764.2113246561576, 311.8836522489434], [-1763.5278864674842, 306.7629322488209], [-1764.6018607640206, 301.7535322488128], [-1767.2379794916617, 297.3007322489814], [-1770.8504384889604, 294.40641224877453], [-1775.146335674759, 292.7366122490355]]}, "properties": {"osm_id": null, "type": "residential", "width_m": 5, "extrude": false}}, {"type": "Feature", "geometry": {"type": "LineString", "coordinates": [[-1746.6371998047532, 277.04049224872006], [-1745.0750553736484, 287.1706122488507], [-1753.4715816914877, 322.6816922489696]]}, "properties": {"osm_id": null, "type": "service", "width_m": 3.5, "extrude": false}}, {"type": "Feature", "geometry": {"type": "LineString", "coordinates": [[-1980.56832838205, 238.74641224890425], [-1989.4530248346312, 261.56701224902906], [-1989.4530248346312, 271.8084522488786], [-1987.597978322542, 281.8272522488948], [-1981.154132543671, 292.9592522488689], [-1906.7570040061864, 320.0100122489917]]}, "properties": {"osm_id": null, "type": "service", "width_m": 3.5, "extrude": false}}, {"type": "Feature", "geometry": {"type": "LineString", "coordinates": [[-1287.6596391030882, 348.5079322490202], [-1292.3460723967498, 349.3984922487492], [-1296.4467015287905, 351.73621224877934], [-1299.668624418226, 355.29845224888174], [-1301.523670930315, 359.6399322489942], [-1301.8165730111252, 364.4266922487735], [-1300.6449646877102, 369.10213224883375], [-1297.9112119330161, 373.1096522489985], [-1294.005850854907, 376.00397224880976], [-1289.4170515881247, 377.45113224871545], [-1284.5353502405317, 377.3398122489965], [-1280.0441850008015, 375.55869224874755], [-1276.2364579497448, 372.5530522488218], [-1273.7956072758616, 368.32289224882373], [-1272.8192670063777, 363.5361322490445], [-1273.4050711679988, 358.7493722488698], [-1275.5530197610715, 354.6305322489861], [-1278.774942650507, 351.2909322487171], [-1282.9732058094266, 349.1758522489158], [-1287.6596391030882, 348.5079322490202]]}, "properties": {"osm_id": null, "type": "residential", "width_m": 5, "extrude": false}}, {"type": "Feature", "geometry": {"type": "LineString", "coordinates": [[-1301.8165730111252, 364.4266922487735], [-1311.2870736255009, 358.5267322490364], [-1346.825859435999, 328.0250522489256], [-1361.6662315327096, 322.5703722488552], [-1373.1870467131057, 320.90057224872066], [-1385.1960320282433, 323.34961224886524], [-1398.1813576128652, 329.1382522488834], [-1411.0690491704343, 338.26649224877514], [-1445.4362266576907, 373.7775722488941], [-1463.107985535974, 400.4943722486736]]}, "properties": {"osm_id": null, "type": "footway", "width_m": 2, "extrude": false}}, {"type": "Feature", "geometry": {"type": "LineString", "coordinates": [[-1042.598231453259, 313.33081224884904], [-1052.3616341486184, 308.98933224873656], [-1060.953428520389, 299.52713224889703], [-1082.0423783420395, 274.70277224868994], [-1108.013029511283, 254.5538522489386], [-1137.0103355160306, 239.5256522489143], [-1164.933667224242, 231.399292248866], [-1198.1292363880827, 227.948372248878], [-1240.8929401930047, 230.95401224880376], [-1252.12085329259, 231.51061224898044]]}, "properties": {"osm_id": null, "type": "residential", "width_m": 5, "extrude": false}}, {"type": "Feature", "geometry": {"type": "LineString", "coordinates": [[-1345.4589830586522, 276.9291722490011], [-1310.0178312750331, 255.2217722488342], [-1275.6506537879504, 233.95965224872953]]}, "properties": {"osm_id": null, "type": "service", "width_m": 3.5, "extrude": false}}, {"type": "Feature", "geometry": {"type": "LineString", "coordinates": [[-1282.9732058094266, 349.1758522489158], [-1253.0971935620742, 236.0747322489263], [-1252.12085329259, 231.51061224898044], [-1237.9639193843796, 178.85625224903592], [-1234.156192333323, 164.16201224895943], [-1221.9519389642537, 114.6246122490551]]}, "properties": {"osm_id": null, "type": "residential", "width_m": 5, "extrude": false}}, {"type": "Feature", "geometry": {"type": "LineString", "coordinates": [[-1473.6524604467124, 146.01685224889493], [-1428.8384420757702, 217.37297224868513], [-1374.4562890634, 306.0950122489253]]}, "properties": {"osm_id": null, "type": "service", "width_m": 3.5, "extrude": false}}, {"type": "Feature", "geometry": {"type": "LineString", "coordinates": [[-1307.3817125473918, 339.1570522488996], [-1345.4589830586522, 276.9291722490011], [-1394.9594347234295, 195.88821224874707], [-1457.4452119728285, 97.25869224900066]]}, "properties": {"osm_id": null, "type": "service", "width_m": 3.5, "extrude": false}}, {"type": "Feature", "geometry": {"type": "LineString", "coordinates": [[-1255.8309463167677, 86.46065224897441], [-1261.6889879338448, 93.80777224901266], [-1264.715642769349, 97.48133224883404], [-1268.3281017664742, 102.15677224889433], [-1274.0885093566721, 108.9472922487559], [-1282.1921335937009, 118.52081224870986], [-1291.467366154145, 129.09621224890273], [-1300.742598714589, 136.77729224888878], [-1327.0061519648166, 153.58661224876656], [-1360.8851593171573, 174.84873224887124], [-1394.9594347234295, 195.88821224874707], [-1428.8384420757702, 217.37297224868513], [-1463.5961556707157, 238.85773224901868], [-1485.4661777079189, 252.88405224880407], [-1487.809394354923, 273.7008922488465], [-1485.9543478428343, 279.71217224869804], [-1443.3859120916702, 345.7249322489278]]}, "properties": {"osm_id": null, "type": "service", "width_m": 3.5, "extrude": false}}, {"type": "Feature", "geometry": {"type": "LineString", "coordinates": [[-1020.4353073352453, 227.83705224876357], [-1030.5892461382944, 225.83329224868123], [-1042.110061318517, 222.49369224880766], [-1078.2346512908096, 201.78817224887965], [-1105.5721788373996, 188.65241224882325], [-1138.767748001067, 178.63361224880705], [-1186.0226170458925, 169.0600922488531], [-1224.0998875573264, 165.27521224891728], [-1234.156192333323, 164.16201224895943]]}, "properties": {"osm_id": null, "type": "residential", "width_m": 5, "extrude": false}}, {"type": "Feature", "geometry": {"type": "LineString", "coordinates": [[-1429.1313441565806, 65.30985224898416], [-1360.8851593171573, 174.84873224887124], [-1310.0178312750331, 255.2217722488342], [-1285.706958563947, 293.7384922488789]]}, "properties": {"osm_id": null, "type": "service", "width_m": 3.5, "extrude": false}}, {"type": "Feature", "geometry": {"type": "LineString", "coordinates": [[-1413.6075338711967, 319.2307722489817], [-1463.5961556707157, 238.85773224901868], [-1484.7827395192453, 203.79193224896198]]}, "properties": {"osm_id": null, "type": "service", "width_m": 3.5, "extrude": false}}, {"type": "Feature", "geometry": {"type": "LineString", "coordinates": [[-1786.569516828276, 268.1348922490572], [-1845.3452010533235, 279.6008522489791], [-1867.1175890636478, 280.6027322488225], [-1901.484766550904, 276.8178522488867], [-1928.822294097494, 267.4669722487661], [-1968.6569770939645, 243.08789224901673], [-1980.56832838205, 238.74641224890425], [-2007.6129538478297, 228.2823322488258], [-2016.2047482196006, 231.84457224892824], [-2019.4266711090359, 240.52753224875772]]}, "properties": {"osm_id": null, "type": "residential", "width_m": 5, "extrude": false}}, {"type": "Feature", "geometry": {"type": "LineString", "coordinates": [[-2024.6989085643183, 255.11045224871978], [-2019.4266711090359, 240.52753224875772], [-2058.285013835849, 227.05781224875352], [-2064.6312255878415, 241.4180922488822]]}, "properties": {"osm_id": null, "type": "service", "width_m": 3.5, "extrude": false}}, {"type": "Feature", "geometry": {"type": "LineString", "coordinates": [[-1474.9217027971804, 397.82269224869566], [-1505.0906171253434, 251.4368922488984], [-1506.0669573948273, 219.93333224894414], [-1502.4544983977023, 189.65429224866668], [-1463.010351509095, 32.47045224884317]]}, "properties": {"osm_id": null, "type": "residential", "width_m": 5, "extrude": false}}, {"type": "Feature", "geometry": {"type": "LineString", "coordinates": [[-1515.6350920362554, 396.37553224879], [-1516.5137982786869, 386.3567322487738], [-1543.5584237444668, 261.4556922489146], [-1544.7300320678821, 228.95025224872143], [-1543.070253609725, 197.44669224876716], [-1538.2861862890109, 175.40533224904792], [-1500.3065498046294, 22.562972248941406]]}, "properties": {"osm_id": null, "type": "residential", "width_m": 5, "extrude": false}}, {"type": "Feature", "geometry": {"type": "LineString", "coordinates": [[-2067.364978342361, 103.60393224879999], [-2059.944792294006, 111.17369224867161], [-2034.3646772326254, 170.6185722488732], [-2025.4799807800446, 179.96945224899378], [-1932.9229232293612, 217.15033224885175], [-1895.1385547989114, 232.17853224887605], [-1797.699795900809, 209.8032122488135]]}, "properties": {"osm_id": null, "type": "residential", "width_m": 5, "extrude": false}}, {"type": "Feature", "geometry": {"type": "LineString", "coordinates": [[-1890.061585397387, 114.73593224877405], [-1896.212529095448, 119.74533224878215], [-1932.9229232293612, 217.15033224885175]]}, "properties": {"osm_id": null, "type": "residential", "width_m": 5, "extrude": false}}, {"type": "Feature", "geometry": {"type": "LineString", "coordinates": [[-1573.9226061265615, 33.91761224874884], [-1576.0705547194607, 48.38921224899195], [-1580.0735498246222, 82.6757722490386], [-1600.0885253497363, 94.92097224897051], [-1624.8875681955644, 103.60393224879999], [-1649.881879095324, 107.3888122487358], [-1676.3407003993095, 105.71901224899676], [-1755.131360149645, 87.12857224887003], [-1764.8947628448311, 127.76037224871601], [-1768.0190517073875, 153.36397224893318], [-1767.2379794916617, 178.41097224897368], [-1746.6371998047532, 277.04049224872006], [-1753.666849745419, 280.7140522489369], [-1767.2379794916617, 297.3007322489814]]}, "properties": {"osm_id": null, "type": "residential", "width_m": 5, "extrude": false}}, {"type": "Feature", "geometry": {"type": "LineString", "coordinates": [[-1776.025041917364, 34.80817224887332], [-1782.7617897770458, 45.60621224889957], [-1802.09332711366, 123.75285224894682], [-1804.14364167968, 150.69229224895523], [-1803.5578375178857, 172.39969224872667], [-1797.699795900809, 209.8032122488135], [-1786.569516828276, 268.1348922490572], [-1779.7351349415414, 292.2913322489733]]}, "properties": {"osm_id": null, "type": "residential", "width_m": 5, "extrude": false}}, {"type": "Feature", "geometry": {"type": "LineString", "coordinates": [[-1977.8345756273561, 2.9706522489712484], [-1947.5680272723139, 60.634412248923866], [-1965.7279562853394, 136.2206922487121], [-1963.7752757461978, 145.68289224894713]]}, "properties": {"osm_id": null, "type": "residential", "width_m": 5, "extrude": false}}, {"type": "Feature", "geometry": {"type": "LineString", "coordinates": [[-1261.3960858530343, 178.41097224897368], [-1254.8546060471103, 174.96005224898568], [-1249.4847345647756, 176.18457224905796], [-1237.9639193843796, 178.85625224903592]]}, "properties": {"osm_id": null, "type": "footway", "width_m": 2, "extrude": false}}, {"type": "Feature", "geometry": {"type": "LineString", "coordinates": [[-1271.8429267368938, 239.97093224897654], [-1275.6506537879504, 233.95965224872953], [-1327.0061519648166, 153.58661224876656], [-1373.382314767037, 76.9984522487394]]}, "properties": {"osm_id": null, "type": "service", "width_m": 3.5, "extrude": false}}, {"type": "Feature", "geometry": {"type": "LineString", "coordinates": [[-1268.3281017664742, 102.15677224889433], [-1300.0591605259158, 92.13797224887813], [-1317.4380173233883, 87.79649224876565], [-1291.467366154145, 129.09621224890273], [-1261.3960858530343, 178.41097224897368]]}, "properties": {"osm_id": null, "type": "service", "width_m": 3.5, "extrude": false}}, {"type": "Feature", "geometry": {"type": "LineString", "coordinates": [[-1020.8258434429349, 146.68477224879055], [-1042.7934995071903, 140.78481224905346], [-1112.601828777892, 122.97361224893677], [-1178.7976990514687, 106.83221224895462], [-1199.2032106844458, 101.26621224876985]]}, "properties": {"osm_id": null, "type": "tertiary", "width_m": 7, "extrude": false}}, {"type": "Feature", "geometry": {"type": "LineString", "coordinates": [[-1300.0591605259158, 92.13797224887813], [-1282.1921335937009, 118.52081224870986]]}, "properties": {"osm_id": null, "type": "residential", "width_m": 5, "extrude": false}}, {"type": "Feature", "geometry": {"type": "LineString", "coordinates": [[-1234.6443624680649, 86.23801224874555], [-1236.8899450880167, 92.3606122487115], [-1236.9875791148957, 98.26057224884408], [-1235.3278006567384, 103.9378922487478], [-1232.0082437404237, 108.83597224903696], [-1227.419444473641, 112.50953224885833], [-1221.9519389642537, 114.6246122490551], [-1216.1915313740556, 115.06989224872186], [-1210.5287578109103, 113.62273224881619], [-1205.5494224364381, 110.72841224900486], [-1201.644061358329, 106.49825224900681], [-1199.2032106844458, 101.26621224876985], [-1198.4221384688933, 95.25493224891832], [-1199.4961127652562, 89.35497224878574], [-1202.3274995470024, 84.12293224894427], [-1206.525762705922, 79.89277224894622], [-1211.993268215136, 77.22109224896826], [-1218.4371139940074, 76.33053224884378], [-1224.8809597728787, 77.6663722490305], [-1230.5437333360244, 81.1172922490185], [-1234.6443624680649, 86.23801224874555]]}, "properties": {"osm_id": null, "type": "tertiary", "width_m": 7, "extrude": false}}, {"type": "Feature", "geometry": {"type": "LineString", "coordinates": [[-1317.4380173233883, 87.79649224876565], [-1339.9914775494383, 82.56445224892417]]}, "properties": {"osm_id": null, "type": "residential", "width_m": 5, "extrude": false}}, {"type": "Feature", "geometry": {"type": "LineString", "coordinates": [[-1205.2565203554543, 51.50617224903215], [-988.4113464949935, 107.3888122487358]]}, "properties": {"osm_id": null, "type": "footway", "width_m": 2, "extrude": false}}, {"type": "Feature", "geometry": {"type": "LineString", "coordinates": [[-1268.132833712716, -60.48174775099952], [-1267.35176149699, -50.351627751264374], [-1261.3960858530343, -40.88942775102936], [-1246.848615837134, -29.089507751159687], [-1229.5673930665403, -21.18578775094477], [-1216.77733553585, -21.18578775094477], [-1206.8186647867326, -24.302747750984963], [-1195.7860197410787, -28.75554775121188], [-1184.265204560856, -24.970667751276068]]}, "properties": {"osm_id": null, "type": "footway", "width_m": 2, "extrude": false}}, {"type": "Feature", "geometry": {"type": "LineString", "coordinates": [[-1418.977405353705, -86.97590775094568], [-1412.0453894400919, -84.08158775113435], [-1395.4476048581714, -86.08534775121669], [-1367.8171752307705, -97.88526775108636], [-1314.6066305418155, -84.74950775102997], [-1268.132833712716, -60.48174775099952], [-1249.680002618707, -51.3535077511078], [-1230.6413673630766, -61.03834775117619], [-1224.5880576920683, -69.60998775128672], [-1222.2448410452375, -74.73070775101377], [-1223.4164493686528, -79.62878775130292], [-1240.3071360313838, -79.18350775124068], [-1294.2011189088387, -94.10038775115055], [-1302.2071091189885, -102.33806775131328], [-1324.6629353179856, -114.80590775107856], [-1340.1867456033697, -111.35498775109056], [-1350.2430503793662, -107.90406775110256], [-1361.2756954250203, -108.23802775105037], [-1383.7315216238442, -143.52646775133593]]}, "properties": {"osm_id": null, "type": "footway", "width_m": 2, "extrude": false}}, {"type": "Feature", "geometry": {"type": "LineString", "coordinates": [[-1889.866317343629, -44.00638775106955], [-1841.3422059483357, 47.609972248981904], [-1858.3305266379455, 118.74345224893872], [-1864.2862022820748, 126.64717224875815]]}, "properties": {"osm_id": null, "type": "residential", "width_m": 5, "extrude": false}}, {"type": "Feature", "geometry": {"type": "LineString", "coordinates": [[-1933.3134593372242, -20.40654775133021], [-1894.845652718101, 53.28729224888562], [-1899.8249880925732, 75.10601224877149], [-1905.7806637367025, 82.89841224887198]]}, "properties": {"osm_id": null, "type": "residential", "width_m": 5, "extrude": false}}, {"type": "Feature", "geometry": {"type": "LineString", "coordinates": [[-1840.072963598041, -69.72130775100567], [-1889.866317343629, -44.00638775106955], [-1933.3134593372242, -20.40654775133021], [-1977.8345756273561, 2.9706522489712484], [-2021.8675217827458, 25.6799322489816], [-2000.9738400150266, 66.64569224877539], [-2009.3703663328658, 103.60393224879999], [-2014.5449697614429, 112.17557224891053]]}, "properties": {"osm_id": null, "type": "residential", "width_m": 5, "extrude": false}}, {"type": "Feature", "geometry": {"type": "LineString", "coordinates": [[-1669.3110504588171, 68.98341224880554], [-1659.5476477636312, 58.519332248727096], [-1652.0298276882233, 54.06653224889567], [-1640.9971826427427, 48.27789224887752], [-1612.585680799616, 32.47045224884317], [-1594.5233858134698, 16.44037224897545], [-1574.3131422344243, -5.37834775130591], [-1559.1798680569032, -25.86122775100506], [-1544.4371299870718, -54.136507751200185], [-1539.6530626663578, -65.49114775100762], [-1534.5760932648332, -80.96462775109416]]}, "properties": {"osm_id": null, "type": "residential", "width_m": 5, "extrude": false}}, {"type": "Feature", "geometry": {"type": "LineString", "coordinates": [[-1490.7384151633748, -91.98530775095378], [-1504.309544909791, -66.49302775124653], [-1529.4014898364296, -30.87062775101316], [-1553.0289243588425, -2.5953477512135237], [-1587.0055657382356, 26.236532248762785], [-1621.0798411445078, 48.27789224887752], [-1633.088826459472, 52.39673224876114], [-1640.9971826427427, 48.27789224887752]]}, "properties": {"osm_id": null, "type": "footway", "width_m": 2, "extrude": false}}, {"type": "Feature", "geometry": {"type": "LineString", "coordinates": [[-1900.4107922543674, -186.38466775109762], [-1864.1885682551958, -118.368147751181], [-1840.072963598041, -69.72130775100567], [-1799.6524764397766, 6.532892248678195], [-1792.2322903914212, 16.663012248808826], [-1776.025041917364, 34.80817224887332], [-1754.0573858531086, 46.719412248857424], [-1726.8174923335707, 55.7363322490302], [-1669.3110504588171, 68.98341224880554], [-1648.8079047987876, 69.54001224898221], [-1635.1391410254923, 67.6475722490143], [-1620.9822071174553, 62.86081224883958], [-1604.189154481777, 53.39861224900005], [-1573.9226061265615, 33.91761224874884], [-1557.3248215448143, 25.791252248700545], [-1541.5081091784464, 21.783732248931358], [-1527.9369794322038, 20.22525224891126], [-1513.096607335493, 20.6705322489735], [-1500.3065498046294, 22.562972248941406], [-1463.010351509095, 32.47045224884317], [-1255.8309463167677, 86.46065224897441], [-1236.8899450880167, 92.3606122487115]]}, "properties": {"osm_id": null, "type": "tertiary", "width_m": 7, "extrude": false}}, {"type": "Feature", "geometry": {"type": "LineString", "coordinates": [[-1900.117890173557, -99.33242775099203], [-1926.869613558353, -151.09622775120755], [-1950.4970480807656, -149.64906775130189], [-2005.6602733086884, -11.834907751219674], [-2004.1957629044625, -2.8179877510469]]}, "properties": {"osm_id": null, "type": "residential", "width_m": 5, "extrude": false}}, {"type": "Feature", "geometry": {"type": "LineString", "coordinates": [[-1933.703995445087, -85.41742775132107], [-1924.8192989923327, -86.4193077511645], [-1900.117890173557, -99.33242775099203], [-1870.9253161148777, -114.47194775113076], [-1864.1885682551958, -118.368147751181]]}, "properties": {"osm_id": null, "type": "residential", "width_m": 5, "extrude": false}}, {"type": "Feature", "geometry": {"type": "LineString", "coordinates": [[-1446.0220308193116, -132.61710775119525], [-1438.6994787980088, -124.71338775098033], [-1424.2496428089876, -116.58702775132753], [-1413.0217297095755, -107.45878775104032], [-1410.3856109817611, -101.67014775102217], [-1410.8737811166764, -95.65886775117065], [-1418.977405353705, -86.97590775094568], [-1427.1786636176128, -84.08158775113435], [-1442.6048398759444, -85.64006775115445], [-1455.9807015684291, -90.2041877511003], [-1463.010351509095, -94.8796277511606]]}, "properties": {"osm_id": null, "type": "footway", "width_m": 2, "extrude": false}}, {"type": "Feature", "geometry": {"type": "LineString", "coordinates": [[-1533.7950210492806, -157.99806775118356], [-1539.7506966934102, -142.96986775115926], [-1542.679717501862, -124.9360277512092], [-1540.4341348820835, -102.56070775114665], [-1534.5760932648332, -80.96462775109416], [-1523.2505461383687, -118.7021077511288], [-1510.7533906886624, -160.0018277512659], [-1521.9813037880742, -164.00934775103508], [-1533.7950210492806, -157.99806775118356]]}, "properties": {"osm_id": null, "type": "residential", "width_m": 5, "extrude": false}}, {"type": "Feature", "geometry": {"type": "LineString", "coordinates": [[-1166.1052755476576, -98.44186775126303], [-1184.265204560856, -103.22862775104227], [-1199.4961127652562, -107.23614775120694], [-1254.7569720202314, -122.04170775100238], [-1255.9285803436467, -113.69270775112071], [-1243.82196100163, -103.56258775099008], [-1169.5224664910245, -84.8608277511444]]}, "properties": {"osm_id": null, "type": "service", "width_m": 3.5, "extrude": false}}, {"type": "Feature", "geometry": {"type": "LineString", "coordinates": [[-1134.4718508152685, -216.21842775131284], [-1091.9034150641046, -205.19774775105773], [-1144.039985456523, -7.716067751336055], [-1186.1202510729452, -17.95750775118563]]}, "properties": {"osm_id": null, "type": "service", "width_m": 3.5, "extrude": false}}, {"type": "Feature", "geometry": {"type": "LineString", "coordinates": [[-1018.0920906884146, -242.15598775108234], [-1086.338275527838, 7.534772248917108]]}, "properties": {"osm_id": null, "type": "footway", "width_m": 2, "extrude": false}}, {"type": "Feature", "geometry": {"type": "LineString", "coordinates": [[-1184.265204560856, -103.22862775104227], [-1175.478142135154, -134.9548277512254], [-1190.4161482587435, -138.7397077511612], [-1199.4961127652562, -107.23614775120694]]}, "properties": {"osm_id": null, "type": "service", "width_m": 3.5, "extrude": false}}, {"type": "Feature", "geometry": {"type": "LineString", "coordinates": [[-1445.240958603759, -145.6415477511372], [-1440.2616232291136, -141.96798775131583], [-1419.5632095153262, -143.30382775110706], [-1405.1133735264784, -138.29442775109897], [-1398.5718937205545, -127.83034775102053], [-1395.9357749929134, -118.368147751181], [-1395.154702777361, -110.57574775108051]]}, "properties": {"osm_id": null, "type": "footway", "width_m": 2, "extrude": false}}, {"type": "Feature", "geometry": {"type": "LineString", "coordinates": [[-1211.993268215136, 77.22109224896826], [-1207.3068349214743, 58.519332248727096], [-1205.2565203554543, 51.50617224903215], [-1186.1202510729452, -17.95750775118563], [-1184.265204560856, -24.970667751276068], [-1169.5224664910245, -84.8608277511444], [-1166.1052755476576, -98.44186775126303], [-1164.6407651434315, -104.56446775122899], [-1140.9156965941397, -191.39406775110572], [-1134.4718508152685, -216.21842775131284], [-1118.4598703951424, -279.0029077509925], [-1112.3089266970817, -302.60274775112737], [-1098.3472608429759, -357.03822775132085], [-1095.2229719804193, -368.3928677511283], [-1092.3915851988465, -376.8531877511243]]}, "properties": {"osm_id": null, "type": "tertiary", "width_m": 7, "extrude": false}}, {"type": "Feature", "geometry": {"type": "LineString", "coordinates": [[-1427.5691997254758, -235.36546775122076], [-1429.7171483183752, -224.67874775130895], [-1430.302952479996, -198.74118775114397], [-1430.693488587859, -182.93374775110962]]}, "properties": {"osm_id": null, "type": "footway", "width_m": 2, "extrude": false}}, {"type": "Feature", "geometry": {"type": "LineString", "coordinates": [[-1211.895634188257, -347.242067751138], [-1215.1175570776927, -330.09878775131244], [-1224.392789638137, -319.0781077510573], [-1221.6590368834432, -300.04238775126385], [-1233.0822180367866, -280.3387477511792], [-1243.0408887859041, -259.96718775119905], [-1250.6563428881907, -253.06534775122302], [-1271.452390629031, -242.712587751259], [-1292.1508043428182, -220.89386775097765], [-1301.523670930315, -201.52418775123635], [-1305.624300062182, -183.93562775095305], [-1322.2220846441026, -164.23198775126394], [-1330.1304408271997, -140.74346775124354], [-1339.5033074146963, -134.50954775116315], [-1355.0271177000802, -132.06050775101858], [-1368.500613419444, -134.50954775116315], [-1383.7315216238442, -143.52646775133593], [-1402.3796207717849, -151.43018775115536], [-1425.2259830784715, -160.78106775127594], [-1437.332602420662, -166.9036677512419]]}, "properties": {"osm_id": null, "type": "footway", "width_m": 2, "extrude": false}}, {"type": "Feature", "geometry": {"type": "LineString", "coordinates": [[-1250.07053872657, -339.4496677510375], [-1251.7303171847273, -327.64974775116787], [-1247.2391519448238, -322.5290277510453], [-1253.0971935620742, -315.9611477510171], [-1256.5143845052678, -307.9461077510832], [-1270.7689524403575, -296.25750775132803], [-1274.5766794914139, -286.90662775120745], [-1293.2247786393546, -266.20110775127944], [-1299.0828202564317, -258.1860677509501], [-1326.7132498838325, -241.59938775130115], [-1338.8198692260228, -229.57682775120261], [-1346.4353233281363, -218.77878775117637], [-1357.46796837379, -211.54298775125255], [-1367.8171752307705, -199.52042775115402], [-1389.9800993487838, -185.27146775113977], [-1407.5542242001882, -175.6979477511858], [-1425.2259830784715, -160.78106775127594]]}, "properties": {"osm_id": null, "type": "footway", "width_m": 2, "extrude": false}}, {"type": "Feature", "geometry": {"type": "LineString", "coordinates": [[-1250.07053872657, -339.4496677510375], [-1251.3397810768643, -344.9043477511078], [-1256.2214824244572, -344.57038775116007], [-1257.9788949096671, -339.1157077510897], [-1265.8872510927645, -334.217627751196], [-1271.452390629031, -326.6478677513244], [-1296.641969582722, -308.7253477510933], [-1304.2574236848352, -296.92542775122365], [-1308.7485889247387, -294.8103477510268], [-1336.7695546600025, -262.7501877512914], [-1378.5569181954404, -224.01082775101784], [-1406.1873478228415, -203.63926775103764], [-1430.693488587859, -182.93374775110962], [-1436.2586281241256, -176.03190775113362], [-1437.332602420662, -166.9036677512419]]}, "properties": {"osm_id": null, "type": "footway", "width_m": 2, "extrude": false}}, {"type": "Feature", "geometry": {"type": "LineString", "coordinates": [[-1864.1885682551958, -118.368147751181], [-1847.8836857540862, -124.49074775114696], [-1818.7887457224595, -124.15678775119915], [-1772.7054850010493, -157.88674775106912], [-1715.2966771531746, -183.93562775095305], [-1691.5716086038829, -175.25266775112357], [-1685.1277628250118, -164.23198775126394], [-1665.1127872998977, -161.11502775122375], [-1630.5503417588834, -139.073667751109]]}, "properties": {"osm_id": null, "type": "footway", "width_m": 2, "extrude": false}}, {"type": "Feature", "geometry": {"type": "LineString", "coordinates": [[-1521.9813037880742, -164.00934775103508], [-1526.1795669469939, -173.02626775120785], [-1538.9696244776842, -177.8130277509871], [-1553.4194604667052, -176.47718775119586], [-1573.1415339110088, -168.7961077512098], [-1603.2128142122929, -150.53962775103088], [-1616.8815779855881, -144.52834775117935], [-1630.5503417588834, -139.073667751109], [-1652.322729769034, -130.50202775099848]]}, "properties": {"osm_id": null, "type": "footway", "width_m": 2, "extrude": false}}, {"type": "Feature", "geometry": {"type": "LineString", "coordinates": [[-1490.7384151633748, -91.98530775095378], [-1478.241259713495, -88.3117477511324], [-1470.6258056112083, -89.64758775131912], [-1463.010351509095, -94.8796277511606], [-1459.5931605657279, -101.89278775125103], [-1459.8860626465382, -112.69082775127728], [-1457.2499439188969, -117.14362775110871], [-1449.9273918974209, -120.03794775131553], [-1446.9983710887955, -124.15678775119915], [-1446.0220308193116, -132.61710775119525], [-1445.240958603759, -145.6415477511372], [-1446.8031030350376, -150.3169877511975], [-1449.9273918974209, -154.88110775114336], [-1456.1759696223605, -160.3357877512137], [-1463.010351509095, -161.67162775100493], [-1475.0193368240593, -157.66410775123575], [-1479.8034041447734, -153.54526775095664], [-1485.7590797889027, -143.0811877512737], [-1493.667435972, -139.6302677512857], [-1501.2828900742868, -137.06990775102668], [-1506.45749350269, -132.83974775102863], [-1508.0196379339686, -137.84914775103672], [-1501.2828900742868, -160.11314775098484], [-1519.833355195175, -173.4715477512701], [-1535.2595314535067, -180.7073477511939], [-1540.5317689089625, -185.49410775097314], [-1548.3424910651809, -196.73742775106163]]}, "properties": {"osm_id": null, "type": "footway", "width_m": 2, "extrude": false}}, {"type": "Feature", "geometry": {"type": "LineString", "coordinates": [[-1548.3424910651809, -196.73742775106163], [-1544.1442279062612, -200.96758775105968], [-1543.1678876366038, -207.75810775131674], [-1547.073248714713, -215.1052277509595], [-1553.9076306014472, -220.00330775124866], [-1560.7420124880082, -221.3391477510399], [-1566.990590212948, -217.44294775098965], [-1569.6267089407627, -210.65242775112807], [-1569.6267089407627, -202.97134775114202], [-1565.1355437008592, -196.9600677512905], [-1557.5200895985724, -193.8431077512503], [-1552.345486170169, -193.8431077512503], [-1548.3424910651809, -196.73742775106163]]}, "properties": {"osm_id": null, "type": "footway", "width_m": 2, "extrude": false}}, {"type": "Feature", "geometry": {"type": "LineString", "coordinates": [[-1501.2828900742868, -160.11314775098484], [-1494.643776241484, -160.78106775127594], [-1481.8537187107936, -161.11502775122375], [-1475.0193368240593, -157.66410775123575]]}, "properties": {"osm_id": null, "type": "footway", "width_m": 2, "extrude": false}}, {"type": "Feature", "geometry": {"type": "LineString", "coordinates": [[-1921.6950101299497, -198.1845877509673], [-1920.6210358334129, -193.5091477513025], [-1918.082551132651, -189.39030775102339], [-1914.2748240815943, -186.38466775109762], [-1909.7836588416906, -184.82618775107753], [-1904.9019574940976, -184.82618775107753], [-1900.4107922543674, -186.38466775109762], [-1897.091235338053, -188.8337077512422], [-1894.7480186912221, -192.17330775111577], [-1893.2835082868226, -196.06950775116601], [-1892.9906062060122, -200.0770277513307], [-1893.8693124486172, -203.97322775098544], [-1895.724358960706, -207.42414775097345], [-1898.4581117153998, -210.20714775106583], [-1901.8753026585935, -212.21090775114817], [-1906.5617359524283, -213.32410775110603], [-1911.3458032729689, -212.76750775132484], [-1915.6417004589407, -210.65242775112807], [-1919.0588914021348, -207.20150775114007], [-1921.109205968155, -202.97134775114202], [-1921.6950101299497, -198.1845877509673]]}, "properties": {"osm_id": null, "type": "tertiary", "width_m": 7, "extrude": false}}, {"type": "Feature", "geometry": {"type": "LineString", "coordinates": [[-1460.9600369430746, -206.19962775129665], [-1430.302952479996, -198.74118775114397]]}, "properties": {"osm_id": null, "type": "footway", "width_m": 2, "extrude": false}}, {"type": "Feature", "geometry": {"type": "LineString", "coordinates": [[-1883.5201055916368, -228.908907751307], [-1879.5171104866486, -222.89762775105999], [-1874.537775112003, -215.7731477512506], [-1870.8276820878252, -210.54110775101364]]}, "properties": {"osm_id": null, "type": "footway", "width_m": 2, "extrude": false}}, {"type": "Feature", "geometry": {"type": "LineString", "coordinates": [[-1455.5901654607396, -212.21090775114817], [-1464.5724959401998, -223.00894775117442], [-1485.2709096541607, -236.47866775117862], [-1492.886363756274, -236.81262775112643], [-1498.4515032925406, -229.91078775115042], [-1499.1349414812141, -221.56178775126875]]}, "properties": {"osm_id": null, "type": "footway", "width_m": 2, "extrude": false}}, {"type": "Feature", "geometry": {"type": "LineString", "coordinates": [[-1915.6417004589407, -210.65242775112807], [-1926.0885413428007, -222.11838775104994], [-1945.4200786792412, -243.38050775115462]]}, "properties": {"osm_id": null, "type": "tertiary", "width_m": 7, "extrude": false}}, {"type": "Feature", "geometry": {"type": "LineString", "coordinates": [[-1569.5290749137102, -351.5835477512505], [-1569.2361728328997, -336.6666677509451], [-1576.0705547194607, -319.4120677510051], [-1622.6419855756126, -231.91454775123276], [-1633.088826459472, -202.6373877511942], [-1632.1124861899882, -187.49786775105548], [-1616.8815779855881, -144.52834775117935]]}, "properties": {"osm_id": null, "type": "footway", "width_m": 2, "extrude": false}}, {"type": "Feature", "geometry": {"type": "LineString", "coordinates": [[-1971.0001937407949, -258.85398775124116], [-1962.6036674227826, -256.62758775132545], [-1954.9882133206693, -251.61818775131735], [-1945.4200786792412, -243.38050775115462]]}, "properties": {"osm_id": null, "type": "tertiary", "width_m": 7, "extrude": false}}, {"type": "Feature", "geometry": {"type": "LineString", "coordinates": [[-1945.4200786792412, -243.38050775115462], [-1952.2544605659755, -257.4068277513355], [-1954.9882133206693, -265.1992277510405], [-1955.7692855362216, -274.1048277510988]]}, "properties": {"osm_id": null, "type": "tertiary", "width_m": 7, "extrude": false}}, {"type": "Feature", "geometry": {"type": "LineString", "coordinates": [[-1822.498838746637, -269.31806775131963], [-1818.3005755877173, -263.1954677509582], [-1813.1259721591405, -255.8483477513154], [-1809.6111471888944, -250.61630775107844]]}, "properties": {"osm_id": null, "type": "footway", "width_m": 2, "extrude": false}}, {"type": "Feature", "geometry": {"type": "LineString", "coordinates": [[-2015.7165780848584, -277.221787751139], [-2010.4443406294024, -267.7595877512995], [-2002.3407163923737, -260.63510775109467], [-1992.382045643256, -256.516267751211], [-1981.642302678586, -255.8483477513154], [-1971.0001937407949, -258.85398775124116], [-1962.1154972880406, -265.1992277510405], [-1955.7692855362216, -274.1048277510988], [-1953.6213369433224, -280.00478775123145], [-1952.6449966736648, -286.3500277510308], [-1952.8402647275966, -292.6952677512256], [-1954.3047751319955, -298.81786775119156], [-1958.405404263863, -306.8329077511254], [-1964.5563479619236, -313.4007877511536], [-1972.1718020642106, -318.0762277512139], [-1980.8612304628602, -320.413947751244], [-1989.843560942494, -320.413947751244]]}, "properties": {"osm_id": null, "type": "primary", "width_m": 13, "extrude": false}}, {"type": "Feature", "geometry": {"type": "LineString", "coordinates": [[-1494.643776241484, -160.78106775127594], [-1484.5874714654874, -179.48282775112162], [-1460.9600369430746, -206.19962775129665], [-1455.5901654607396, -212.21090775114817], [-1436.942066312799, -231.91454775123276], [-1427.5691997254758, -235.36546775122076], [-1414.0957040059386, -240.59750775106224], [-1409.9950748740714, -249.614427751235], [-1411.0690491704343, -262.4162277509481], [-1431.3769267765324, -273.77086775115106], [-1436.942066312799, -280.67270775112706], [-1437.2349683936093, -288.2424677509987], [-1432.8414371807582, -294.8103477510268], [-1437.2349683936093, -315.6271877510693], [-1443.8740822264122, -324.53278775112767], [-1462.8150834551634, -329.4308677510213], [-1489.0786367052176, -332.5478277510615], [-1497.7680651040407, -338.7817477511419], [-1501.8686942359077, -350.1363877509493], [-1501.1852560472341, -359.8212277510177], [-1499.2325755082663, -363.4947877512346]]}, "properties": {"osm_id": null, "type": "footway", "width_m": 2, "extrude": false}}, {"type": "Feature", "geometry": {"type": "LineString", "coordinates": [[-1499.2325755082663, -363.4947877512346], [-1494.057972079863, -367.6136277511182], [-1488.395198516544, -374.1815077511464], [-1485.2709096541607, -386.8719877511405], [-1486.442517977576, -401.4549077511026], [-1487.809394354923, -413.1435077512533], [-1490.5431471094432, -420.93590775095834], [-1494.155606106742, -424.49814775106074], [-1497.8656991309197, -426.7245477509765], [-1506.5551275295693, -426.8358677510909], [-1513.4871434431827, -424.943427751123], [-1521.297865599401, -420.93590775095834], [-1528.8156856748087, -415.1472677513357], [-1530.1825620519821, -410.5831477509943], [-1533.0139488337284, -405.3511077511529], [-1539.3601605855472, -403.1247077512371], [-1533.6973870224015, -384.0889877510482], [-1521.4931336533323, -373.179627751303], [-1510.4604886076784, -367.8362677509516], [-1499.2325755082663, -363.4947877512346]]}, "properties": {"osm_id": null, "type": "footway", "width_m": 2, "extrude": false}}, {"type": "Feature", "geometry": {"type": "LineString", "coordinates": [[-1989.843560942494, -320.413947751244], [-2000.6809379342162, -316.74038775102713], [-2009.5656343867975, -309.5045877511034], [-2015.5213100309268, -299.708427751316], [-2017.5716245969475, -288.4651077512275], [-2015.7165780848584, -277.221787751139]]}, "properties": {"osm_id": null, "type": "primary", "width_m": 13, "extrude": false}}, {"type": "Feature", "geometry": {"type": "LineString", "coordinates": [[-1755.2289941766974, -314.0687077510492], [-1751.0307310176042, -307.8347877509688], [-1746.051395643132, -300.2650277510972], [-1742.536570672886, -295.03298775125575]]}, "properties": {"osm_id": null, "type": "footway", "width_m": 2, "extrude": false}}, {"type": "Feature", "geometry": {"type": "LineString", "coordinates": [[-1870.8276820878252, -210.54110775101364], [-1809.6111471888944, -250.61630775107844], [-1775.9274078904848, -272.991627751141], [-1742.536570672886, -295.03298775125575], [-1710.3173417787027, -316.6290677513082], [-1681.2224017469025, -335.88742775133056], [-1659.5476477636312, -350.1363877509493], [-1612.097510664874, -381.5286277511847], [-1576.3634568004445, -404.7945077509762]]}, "properties": {"osm_id": null, "type": "footway", "width_m": 2, "extrude": false}}, {"type": "Feature", "geometry": {"type": "LineString", "coordinates": [[-1892.9906062060122, -200.0770277513307], [-1887.8160027776087, -207.6467877512023], [-1874.537775112003, -215.7731477512506], [-1813.1259721591405, -255.8483477513154], [-1746.051395643132, -300.2650277510972], [-1662.7695706530667, -354.923147751124], [-1615.0265314734993, -386.6493477513072], [-1579.6830137167592, -410.360507751161], [-1550.6857077120114, -428.9509477512877], [-1538.8719904508052, -436.9659877512215], [-1493.179265837258, -468.4695477511758], [-1480.1939402526364, -473.59026775129837]]}, "properties": {"osm_id": null, "type": "tertiary", "width_m": 7, "extrude": false}}, {"type": "Feature", "geometry": {"type": "LineString", "coordinates": [[-1488.5904665704757, -487.17130775102146], [-1497.0846269153672, -474.258187751194], [-1584.1741789564894, -417.262347751137], [-1667.4560039467283, -362.3815877512767], [-1751.0307310176042, -307.8347877509688], [-1818.3005755877173, -263.1954677509582], [-1879.5171104866486, -222.89762775105999], [-1891.2331937208023, -217.22030775115627], [-1901.8753026585935, -212.21090775114817]]}, "properties": {"osm_id": null, "type": "tertiary", "width_m": 7, "extrude": false}}, {"type": "Feature", "geometry": {"type": "LineString", "coordinates": [[-1576.0705547194607, -319.4120677510051], [-1590.2274886276712, -327.31578775122], [-1603.310448239172, -350.80430775124046], [-1609.2661238833014, -376.29658775094765], [-1612.097510664874, -381.5286277511847]]}, "properties": {"osm_id": null, "type": "footway", "width_m": 2, "extrude": false}}, {"type": "Feature", "geometry": {"type": "LineString", "coordinates": [[-1462.8150834551634, -329.4308677510213], [-1452.8564127060458, -343.2345477509733], [-1442.5072058490653, -350.1363877509493], [-1442.5072058490653, -368.3928677511283], [-1439.6758190674927, -382.6418277511425]]}, "properties": {"osm_id": null, "type": "footway", "width_m": 2, "extrude": false}}, {"type": "Feature", "geometry": {"type": "LineString", "coordinates": [[-1533.6973870224015, -384.0889877510482], [-1537.6027481003373, -382.6418277511425]]}, "properties": {"osm_id": null, "type": "footway", "width_m": 2, "extrude": false}}, {"type": "Feature", "geometry": {"type": "LineString", "coordinates": [[-1654.9588484968485, -405.90770775132955], [-1643.1451312356423, -388.0965077512128]]}, "properties": {"osm_id": null, "type": "footway", "width_m": 2, "extrude": false}}, {"type": "Feature", "geometry": {"type": "LineString", "coordinates": [[-1539.3601605855472, -403.1247077512371], [-1548.3424910651809, -423.6075877513318]]}, "properties": {"osm_id": null, "type": "footway", "width_m": 2, "extrude": false}}, {"type": "Feature", "geometry": {"type": "LineString", "coordinates": [[-1576.3634568004445, -404.7945077509762], [-1579.6830137167592, -410.360507751161], [-1584.1741789564894, -417.262347751137], [-1588.3724421155825, -423.7189077510507]]}, "properties": {"osm_id": null, "type": "footway", "width_m": 2, "extrude": false}}, {"type": "Feature", "geometry": {"type": "LineString", "coordinates": [[-1489.4691728130804, -462.56958775104323], [-1493.179265837258, -468.4695477511758], [-1497.0846269153672, -474.258187751194], [-1501.1852560472341, -481.2713477512844], [-1528.6204176208773, -462.7922277512721], [-1588.3724421155825, -423.7189077510507], [-1643.1451312356423, -388.0965077512128], [-1672.044803213511, -369.2834277512527], [-1667.4560039467283, -362.3815877512767], [-1662.7695706530667, -354.923147751124], [-1659.5476477636312, -350.1363877509493]]}, "properties": {"osm_id": null, "type": "footway", "width_m": 2, "extrude": false}}, {"type": "Feature", "geometry": {"type": "LineString", "coordinates": [[-1528.8156856748087, -415.1472677513357], [-1537.4074800465794, -430.73206775114113]]}, "properties": {"osm_id": null, "type": "footway", "width_m": 2, "extrude": false}}, {"type": "Feature", "geometry": {"type": "LineString", "coordinates": [[-1576.3634568004445, -404.7945077509762], [-1548.3424910651809, -423.6075877513318], [-1537.4074800465794, -430.73206775114113], [-1489.4691728130804, -462.56958775104323]]}, "properties": {"osm_id": null, "type": "footway", "width_m": 2, "extrude": false}}, {"type": "Feature", "geometry": {"type": "LineString", "coordinates": [[-1456.1759696223605, -512.6635877511242], [-1461.4482070778165, -514.4447077509777], [-1467.013346614083, -514.778667751321], [-1474.7264347432488, -513.1088677511865], [-1481.4631826029306, -508.8787077511884], [-1486.3448839505238, -502.644787751108], [-1488.785734624407, -495.0750277512364], [-1488.5904665704757, -487.17130775102146], [-1486.9306881123182, -482.0505877512944], [-1484.0993013307454, -477.3751477512342], [-1480.1939402526364, -473.59026775129837], [-1473.4571923929543, -469.80538775096704], [-1465.8417382906675, -468.58086775129027], [-1458.226284188381, -469.9167077510815], [-1451.3919023016465, -473.7015877510173], [-1446.3149329001221, -479.49022775103543], [-1443.2882780646178, -486.6147077512403], [-1442.8001079298758, -493.0712677511541], [-1444.0693502803438, -499.3051877512345], [-1446.9983710887955, -505.0938277512526], [-1451.489536328699, -509.7692677513129], [-1456.1759696223605, -512.6635877511242]]}, "properties": {"osm_id": null, "type": "tertiary", "width_m": 7, "extrude": false}}, {"type": "Feature", "geometry": {"type": "LineString", "coordinates": [[-1095.2229719804193, -368.3928677511283], [-1101.8620858132222, -370.0626677512628], [-1167.3745178981253, -354.36654775094735], [-1211.895634188257, -347.242067751138], [-1250.07053872657, -339.4496677510375], [-1261.1031837720504, -325.86862775131436], [-1283.0708398363058, -306.72158775101093], [-1300.156794552968, -283.12174775127164], [-1329.7399047193367, -254.06722775106644], [-1340.9678178189222, -248.2785877510483], [-1351.707560783592, -236.81262775112643], [-1355.1247517269594, -229.2428677512548], [-1370.062757850549, -219.55802775118642], [-1391.5422437800623, -200.18834775104963], [-1408.0423943349301, -192.8412277510114], [-1437.332602420662, -166.9036677512419], [-1449.9273918974209, -154.88110775114336]]}, "properties": {"osm_id": null, "type": "footway", "width_m": 2, "extrude": false}}, {"type": "Feature", "geometry": {"type": "LineString", "coordinates": [[-1028.24602949129, -362.2702677511623], [-1076.672506859531, -300.598987751045], [-1112.3089266970817, -302.60274775112737]]}, "properties": {"osm_id": null, "type": "service", "width_m": 3.5, "extrude": false}}, {"type": "Feature", "geometry": {"type": "LineString", "coordinates": [[-1092.3915851988465, -376.8531877511243], [-1087.216981770443, -376.1852677512287], [-1082.1400123689186, -376.8531877511243], [-1077.3559450482046, -378.96826775132115], [-1073.3529499432163, -382.1965477510803], [-1070.228661080833, -386.31538775096385], [-1068.5688826225023, -390.7681877511908], [-1067.9830784608814, -395.55494775097003], [-1068.5688826225023, -400.3417077511448], [-1070.4239291345912, -404.7945077509762], [-1074.2316561858213, -409.69258775126536], [-1079.4062596142246, -413.0321877511389], [-1085.6548373391647, -414.70198775127346], [-1092.196317144915, -414.03406775098233], [-1098.0543587621653, -411.36238775100435], [-1102.7407920558271, -406.9095877511729], [-1105.6698128644523, -401.1209477511548], [-1106.4508850800046, -394.9983477511888], [-1105.3769107834682, -388.98706775133735], [-1102.4478899750166, -383.6437077509859], [-1097.956724735113, -379.41354775098785], [-1092.3915851988465, -376.8531877511243]]}, "properties": {"osm_id": null, "type": "tertiary", "width_m": 7, "extrude": false}}, {"type": "Feature", "geometry": {"type": "LineString", "coordinates": [[-1105.6698128644523, -401.1209477511548], [-1128.3209071172075, -406.1303477511629], [-1240.2095020043314, -434.8509077510248], [-1264.813276796228, -440.97350775099073], [-1285.8045925909994, -446.2055477512277], [-1294.2011189088387, -448.20930775131], [-1422.5898643508303, -480.7147477511077], [-1443.2882780646178, -486.6147077512403]]}, "properties": {"osm_id": null, "type": "tertiary", "width_m": 7, "extrude": false}}, {"type": "Feature", "geometry": {"type": "LineString", "coordinates": [[-1264.813276796228, -440.97350775099073], [-1258.467065044409, -467.13370775098906], [-1209.8453196222367, -660.1625877512748], [-1197.9339683341514, -686.4341077509921], [-1183.4841323451303, -706.8056677509724], [-1168.5461262215408, -720.7206677510387], [-1150.4838312353945, -732.6319077510229], [-1135.6434591386837, -740.9809077513], [-1132.2262681953166, -742.8733477512679], [-1109.4775399155087, -754.784587751252]]}, "properties": {"osm_id": null, "type": "residential", "width_m": 5, "extrude": false}}, {"type": "Feature", "geometry": {"type": "LineString", "coordinates": [[-1183.4841323451303, -706.8056677509724], [-1166.300543601589, -695.4510277511649], [-1145.504495860749, -715.0433477511351], [-1150.4838312353945, -732.6319077510229]]}, "properties": {"osm_id": null, "type": "service", "width_m": 3.5, "extrude": false}}, {"type": "Feature", "geometry": {"type": "LineString", "coordinates": [[-1079.4062596142246, -413.0321877511389], [-1071.5955374581802, -434.51694775107694], [-1066.811470137466, -451.5489077511836], [-1064.5658875175143, -470.8072677512059], [-1063.9800833558932, -473.7015877510173], [-1065.6398618140506, -492.0693877513106], [-1072.4742437006114, -532.7011877511566], [-1087.9004199591163, -627.6571477510817], [-1104.0100344061213, -720.7206677510387], [-1109.4775399155087, -754.784587751252], [-1114.7497773709647, -786.0655077509774], [-1125.8800564434978, -850.7424277510205], [-1129.2972473866914, -871.8932277510107], [-1132.4215362492482, -898.7213477513002], [-1132.6168043031796, -924.6589077510697], [-1129.1019793329335, -954.7153077511183], [-1117.385896098606, -1009.0394677511973], [-1110.9420503197348, -1038.2053077511214], [-1106.5485191068838, -1056.9070677509671]]}, "properties": {"osm_id": null, "type": "tertiary", "width_m": 7, "extrude": false}}, {"type": "Feature", "geometry": {"type": "LineString", "coordinates": [[-1451.489536328699, -509.7692677513129], [-1451.099000220836, -527.4691477513152], [-1410.190342928003, -684.7643077512531], [-1385.1960320282433, -781.5013877510316], [-1359.9088190476732, -879.6856277511113], [-1359.1277468319474, -882.691267751037], [-1350.6335864872292, -908.9627877511498], [-1336.67192063295, -932.1173477512224], [-1320.7575742398765, -947.2568677509656], [-1307.5769806013234, -959.0567877512308], [-1221.0732327218223, -1006.8130677512817], [-1201.4487933043974, -1018.0563877509746], [-1134.374216788216, -1056.4617877513003], [-1127.3445668477236, -1060.1353477511218], [-1117.5811641525377, -1062.9183477512142]]}, "properties": {"osm_id": null, "type": "tertiary", "width_m": 7, "extrude": false}}, {"type": "Feature", "geometry": {"type": "LineString", "coordinates": [[-1442.8977419569285, -800.3144677509918], [-1393.7878264000142, -787.1787077513308]]}, "properties": {"osm_id": null, "type": "residential", "width_m": 5, "extrude": false}}, {"type": "Feature", "geometry": {"type": "LineString", "coordinates": [[-1123.536839796667, -1073.7163877512403], [-1130.6641237640383, -1067.7051077509934], [-1138.0843098123935, -1063.0296677513286], [-1225.954934069415, -1015.7186677509445], [-1282.1921335937009, -985.2169877512291], [-1313.14212013759, -966.6265477511024], [-1326.5179818300746, -955.9398277511906], [-1338.5269671450387, -944.8078277512166], [-1349.7548802446242, -929.8909477513066], [-1360.5922572363468, -910.2986277513365], [-1368.988783554186, -885.251627751296], [-1369.6722217428594, -882.0233477511414], [-1381.4859390040658, -836.7161077512351], [-1393.7878264000142, -787.1787077513308], [-1394.4712645886875, -783.9504277511762], [-1408.8234665506561, -729.960227751045], [-1419.7584775692576, -686.656747751221], [-1460.276598754401, -529.1389477510542], [-1467.013346614083, -514.778667751321]]}, "properties": {"osm_id": null, "type": "tertiary", "width_m": 7, "extrude": false}}, {"type": "Feature", "geometry": {"type": "LineString", "coordinates": [[-1568.4551006173472, -1015.1620677511632], [-1595.4997260829537, -909.8533477512742], [-1606.3371030746762, -872.1158677512396], [-1626.9378827615847, -813.5615477511625], [-1655.8375547394535, -747.4374677512138], [-1691.669242630762, -683.985067751243], [-1731.0157554924901, -627.9911077510294], [-1766.6521753300408, -583.9083877511955], [-1813.8094103478138, -530.4747877512409], [-1873.6590688695715, -462.56958775104323], [-1923.0618865072965, -400.786987751207], [-1962.798935476714, -341.119467751172], [-1975.979529115267, -328.7629477511257], [-1989.843560942494, -320.413947751244]]}, "properties": {"osm_id": null, "type": "primary", "width_m": 13, "extrude": false}}, {"type": "Feature", "geometry": {"type": "LineString", "coordinates": [[-2561.5884227738875, -507.98814775106393], [-2566.567758148533, -609.5119877510172], [-2561.4907887470085, -636.56274775114], [-2560.5144484775246, -644.243827751126], [-2569.3015109030534, -649.8098277513109], [-2611.2841424925964, -664.8380277513352], [-2642.234129036312, -663.8361477510962], [-2683.9238585448707, -672.2964677510923], [-2715.947819385123, -685.8775077512109], [-2734.986454640753, -699.2359077511007], [-2752.7558475460887, -720.2753877509765], [-2756.856476678129, -728.6243877512537], [-2757.4422808397503, -736.3054677512398], [-2755.294332246851, -768.3656277509751], [-2749.8268267374633, -803.0974677510841], [-2740.8444962580033, -835.7142277509962], [-2734.400650479132, -835.7142277509962], [-2713.8975048191023, -843.3953077509823], [-2704.1341021239164, -852.7461877511029], [-2693.5896272131777, -857.6442677509965]]}, "properties": {"osm_id": null, "type": "track", "width_m": 3, "extrude": false}}, {"type": "Feature", "geometry": {"type": "LineString", "coordinates": [[-1666.5772977041233, -794.0805477513068], [-1677.7075767766562, -760.0166277510936], [-1700.456305056464, -718.3829477510086], [-1728.1843687109176, -670.4040277511244], [-1762.0633760632584, -630.8854277512363], [-1792.427558445353, -621.757187750949], [-1845.9310052151181, -596.710187751304], [-1857.3541863684616, -603.5007077511657], [-1930.9702426903937, -818.5709477511706]]}, "properties": {"osm_id": null, "type": "service", "width_m": 3.5, "extrude": false}}, {"type": "Feature", "geometry": {"type": "LineString", "coordinates": [[-1565.3308117547906, -736.5281077510731], [-1490.0549769747013, -717.2697477510508], [-1481.7560846837412, -748.9959477512339]]}, "properties": {"osm_id": null, "type": "service", "width_m": 3.5, "extrude": false}}, {"type": "Feature", "geometry": {"type": "LineString", "coordinates": [[-1547.7566869033865, -786.0655077509774], [-1514.3658496857875, -777.1599077513146]]}, "properties": {"osm_id": null, "type": "service", "width_m": 3.5, "extrude": false}}, {"type": "Feature", "geometry": {"type": "LineString", "coordinates": [[-1196.0789218220625, -1387.3048277512728], [-1226.7360062849675, -1380.959587751078], [-1334.1334359321877, -1356.9144677512763], [-1372.0154383896902, -1348.2315077510516], [-1412.4359255477812, -1338.546667750983], [-1434.8917517467787, -1332.8693477510794], [-1441.0426954448396, -1331.088227751226], [-1453.442216867667, -1326.635427750999], [-1459.5931605657279, -1323.0731877512922], [-1469.258929234035, -1312.2751477512659], [-1473.3595583659019, -1301.699747751073], [-1598.4287468915788, -834.4897077513194], [-1646.6599562058884, -723.6149877512456], [-1674.1927518064101, -676.0813477510281], [-1713.5392646681382, -617.527027750951], [-1749.9567567212414, -572.7763877512214], [-1787.3505890438284, -530.9200677513031], [-1801.4098889249863, -517.1163877509557], [-1854.8157016676994, -455.111147751286], [-1884.8869819689833, -419.6000677511671], [-1915.251164351078, -380.3041077511124], [-1935.0708718224341, -349.2458277512203], [-1945.3224446523623, -331.3233077509892], [-1947.8609293531244, -314.7366277509448], [-1944.6390064636885, -291.69338775098663], [-1944.6390064636885, -277.6670677512013], [-1948.544367541798, -268.09354775124734], [-1945.3224446523623, -252.7313877512752], [-1941.319449547374, -246.7201077510282], [-1937.023552361402, -243.15786775132125], [-1921.0115719412759, -223.5655477509556], [-1911.4434373000213, -220.4485877513109], [-1901.0942304430412, -220.4485877513109], [-1898.1652096344155, -221.00518775109208], [-1893.2835082868226, -222.6749877512266], [-1889.0852451279031, -225.01270775125676], [-1883.5201055916368, -228.908907751307], [-1847.4931496463964, -252.84270775099415], [-1822.498838746637, -269.31806775131963], [-1782.0783515883725, -296.0348677510991], [-1755.2289941766974, -314.0687077510492], [-1727.891466630107, -331.99122775128035], [-1702.3113515685532, -348.68922775104363], [-1672.044803213511, -369.2834277512527]]}, "properties": {"osm_id": null, "type": "footway", "width_m": 2, "extrude": false}}, {"type": "Feature", "geometry": {"type": "LineString", "coordinates": [[-1954.3047751319955, -298.81786775119156], [-1954.8905792936166, -315.9611477510171], [-1953.0355327815278, -327.2044677511056], [-1946.5916870026565, -343.3458677510878], [-1914.9582622702676, -392.2153477510965], [-1862.3335217431072, -456.5583077511917], [-1802.972033356265, -524.4635077509939], [-1753.8621177993505, -574.7801477513037], [-1718.1280639347476, -619.4194677513144], [-1679.6602573156242, -679.3096277511827], [-1643.535667343505, -746.7695477513182], [-1613.073850934358, -815.5653077512449], [-1582.1238643906424, -906.6250677511197], [-1555.9579451674674, -1012.7130277510187], [-1521.1025975454695, -1145.8517477510406], [-1478.9246979021684, -1305.7072677512376], [-1473.5548264198335, -1318.3977477512317], [-1465.5488362096837, -1327.8599477510713]]}, "properties": {"osm_id": null, "type": "primary", "width_m": 13, "extrude": false}}, {"type": "Feature", "geometry": {"type": "LineString", "coordinates": [[-1536.3335057500428, -831.3727477512792], [-1502.8450345053916, -822.4671477512209]]}, "properties": {"osm_id": null, "type": "service", "width_m": 3.5, "extrude": false}}, {"type": "Feature", "geometry": {"type": "LineString", "coordinates": [[-1492.1052915407217, -1345.1145477510113], [-1498.2562352387827, -1314.0562677511193], [-1513.4871434431827, -1256.3925077511667], [-1583.9789109027313, -981.3207877511788], [-1592.3754372205706, -948.7040277512667], [-1617.1744800663987, -864.3234677511391], [-1632.893558405714, -816.4558677509739], [-1665.6985914615184, -743.763907750997], [-1689.3260259839312, -700.460427751173], [-1719.4949403120943, -654.0399877513089], [-1751.9094372602092, -611.0704677510373], [-1794.0873369035103, -561.1991077511851], [-1839.389525409368, -511.327747751333], [-1878.2478681361808, -467.8016277512802], [-1919.5470615370502, -418.26422775098035], [-1972.1718020642106, -340.78550775122426], [-1978.7132818699608, -335.9987477510495], [-1989.4530248346312, -332.43650775094704], [-2005.269737200999, -333.5497077513004]]}, "properties": {"osm_id": null, "type": "footway", "width_m": 2, "extrude": false}}, {"type": "Feature", "geometry": {"type": "LineString", "coordinates": [[-2777.5548903919166, -895.885397788377], [-2762.8121523220852, -878.5724277511533], [-2750.119728818447, -859.314067751131], [-2740.8444962580033, -835.7142277509962]]}, "properties": {"osm_id": null, "type": "track", "width_m": 3, "extrude": false}}, {"type": "Feature", "geometry": {"type": "LineString", "coordinates": [[-603.245110168845, -12.05754775105305], [-726.2639841285016, 9.093252248937205], [-804.957009851958, 21.561092248702494]]}, "properties": {"osm_id": null, "type": "residential", "width_m": 5, "extrude": false}}, {"type": "Feature", "geometry": {"type": "LineString", "coordinates": [[-964.9791800263388, 21.672412248816926], [-956.1921176008101, 6.644212248792627], [-947.2097871211763, -5.934947751087094], [-936.9582142912484, -15.842427750988861], [-933.9315594555707, -18.73674775119568], [-910.7922950680734, -34.098907751167786], [-918.7982852780497, -32.98570775120993], [-927.3900796498203, -28.198947751035206], [-934.517363617365, -27.419707751025157], [-938.3250906684218, -28.978187751045255], [-941.4493795309785, -31.093267751242024], [-944.9642045012247, -36.88190775126017], [-947.6979572559184, -42.447907751049456]]}, "properties": {"osm_id": null, "type": "residential", "width_m": 5, "extrude": false}}, {"type": "Feature", "geometry": {"type": "LineString", "coordinates": [[-934.517363617365, -27.419707751025157], [-943.7925961778093, -25.749907751286116], [-953.4583648461163, -21.965027750954818], [-950.8222461183016, -18.180147751019007], [-947.6003232288659, -15.619787751155485], [-941.8399156388415, -15.174507751093245], [-936.9582142912484, -15.842427750988861]]}, "properties": {"osm_id": null, "type": "residential", "width_m": 5, "extrude": false}}, {"type": "Feature", "geometry": {"type": "LineString", "coordinates": [[-612.6179767563415, -66.7156677510799], [-735.7344847428772, -46.3441077510997]]}, "properties": {"osm_id": null, "type": "residential", "width_m": 5, "extrude": false}}, {"type": "Feature", "geometry": {"type": "LineString", "coordinates": [[-888.922273030697, -259.6332277512512], [-894.2921445130321, -239.03902775104214], [-906.6916659360328, -195.4015877512704], [-919.384089439844, -146.75474775109507], [-924.2657907874371, -127.49638775107272], [-942.7186218812728, -60.48174775099952], [-944.5736683933618, -53.245947751075704], [-947.6979572559184, -42.447907751049456], [-953.4583648461163, -21.965027750954818], [-954.3370710887212, -18.959387751029055], [-960.4880147866086, 6.421572248959251], [-964.9791800263388, 21.672412248816926], [-967.9082008349638, 34.36289224881108], [-988.4113464949935, 107.3888122487358], [-990.6569291147717, 115.96045224884634], [-994.3670221389494, 131.99053224871406]]}, "properties": {"osm_id": null, "type": "tertiary", "width_m": 7, "extrude": false}}, {"type": "Feature", "geometry": {"type": "LineString", "coordinates": [[-976.4023611798557, -68.94206775099562], [-942.7186218812728, -60.48174775099952]]}, "properties": {"osm_id": null, "type": "service", "width_m": 3.5, "extrude": false}}, {"type": "Feature", "geometry": {"type": "LineString", "coordinates": [[-910.7922950680734, -34.098907751167786], [-901.6146965345083, -39.66490775095707], [-885.2121800065194, -48.34786775118204], [-827.119933970145, -80.96462775109416], [-769.1253219604761, -112.69082775127728], [-749.5985165701039, -123.04358775124129], [-709.8614676006862, -145.08494775096054], [-659.8728458011669, -173.36022775115566]]}, "properties": {"osm_id": null, "type": "residential", "width_m": 5, "extrude": false}}, {"type": "Feature", "geometry": {"type": "LineString", "coordinates": [[-621.7955752899067, -121.93038775128343], [-744.716815222511, -102.00410775096998]]}, "properties": {"osm_id": null, "type": "residential", "width_m": 5, "extrude": false}}, {"type": "Feature", "geometry": {"type": "LineString", "coordinates": [[-993.4883158963445, -0.3689477512978101], [-976.4023611798557, -68.94206775099562], [-958.63296827452, -136.73594775107887], [-940.9612093962365, -204.1958677512143], [-934.517363617365, -226.57118775127685]]}, "properties": {"osm_id": null, "type": "footway", "width_m": 2, "extrude": false}}, {"type": "Feature", "geometry": {"type": "LineString", "coordinates": [[-958.63296827452, -136.73594775107887], [-924.2657907874371, -127.49638775107272]]}, "properties": {"osm_id": null, "type": "service", "width_m": 3.5, "extrude": false}}, {"type": "Feature", "geometry": {"type": "LineString", "coordinates": [[-843.7177185518918, -222.3410277512788], [-886.5790563838663, -63.376067751206335], [-885.2121800065194, -48.34786775118204]]}, "properties": {"osm_id": null, "type": "residential", "width_m": 5, "extrude": false}}, {"type": "Feature", "geometry": {"type": "LineString", "coordinates": [[-796.8533856149294, -214.7712677510117], [-827.9986402125764, -94.8796277511606], [-827.119933970145, -80.96462775109416]]}, "properties": {"osm_id": null, "type": "residential", "width_m": 5, "extrude": false}}, {"type": "Feature", "geometry": {"type": "LineString", "coordinates": [[-749.6961505969829, -205.7543477512344], [-770.004028203081, -127.27374775123934], [-769.1253219604761, -112.69082775127728]]}, "properties": {"osm_id": null, "type": "residential", "width_m": 5, "extrude": false}}, {"type": "Feature", "geometry": {"type": "LineString", "coordinates": [[-703.1247197408309, -186.71862775104543], [-711.5212460588435, -155.43770775132003], [-709.8614676006862, -145.08494775096054]]}, "properties": {"osm_id": null, "type": "residential", "width_m": 5, "extrude": false}}, {"type": "Feature", "geometry": {"type": "LineString", "coordinates": [[-659.8728458011669, -173.36022775115566], [-656.1627527769894, -168.90742775132424], [-651.0857833754648, -166.34706775106523], [-645.3253757852669, -165.79046775128404], [-639.8578702758795, -167.5715877511375], [-635.4643390632018, -171.35646775107332], [-632.8282203353872, -176.47718775119586], [-632.4376842275242, -182.15450775109957], [-633.9021946319235, -187.16390775110767], [-637.0264834943067, -191.17142775127235], [-641.3223806802788, -193.95442775096924], [-646.3993500818033, -195.0676277513226], [-651.4763194833279, -194.39970775103149], [-656.0651187499369, -191.9506677512824], [-659.482309693304, -188.1657877509511], [-661.3373562053929, -183.37902775117186], [-661.5326242593243, -178.25830775104933], [-659.8728458011669, -173.36022775115566]]}, "properties": {"osm_id": null, "type": "residential", "width_m": 5, "extrude": false}}, {"type": "Feature", "geometry": {"type": "LineString", "coordinates": [[-940.9612093962365, -204.1958677512143], [-906.6916659360328, -195.4015877512704]]}, "properties": {"osm_id": null, "type": "service", "width_m": 3.5, "extrude": false}}, {"type": "Feature", "geometry": {"type": "LineString", "coordinates": [[-898.2951396181936, -292.58394775111117], [-901.4194284805768, -288.3537877511131], [-903.3721090197181, -282.6764677512094], [-903.6650111005287, -276.7765077510768], [-902.1028666692503, -270.9878677510586], [-898.9785778068671, -265.8671477513316], [-894.3897785400845, -261.97094775128136], [-888.922273030697, -259.6332277512512], [-883.0642314136201, -259.0766277510745], [-877.4014578504746, -260.07850775131345], [-872.2268544218977, -262.8615077510103], [-868.0285912629781, -266.86902775117505], [-865.2948385082843, -271.98974775129756], [-864.0255961579899, -277.6670677512013], [-864.5137662927319, -283.4557077512194], [-866.6617148856311, -288.79906775117536], [-869.8836377750669, -293.0292277511734], [-874.0819009339865, -296.1461877512136], [-878.9636022815795, -298.14994775129594], [-884.1382057101565, -298.81786775119156], [-889.410443165439, -298.0386277511815], [-894.194510486153, -295.9235477509847], [-898.2951396181936, -292.58394775111117]]}, "properties": {"osm_id": null, "type": "tertiary", "width_m": 7, "extrude": false}}, {"type": "Feature", "geometry": {"type": "LineString", "coordinates": [[-866.6617148856311, -288.79906775117536], [-695.0210955039755, -383.4210677511526]]}, "properties": {"osm_id": null, "type": "residential", "width_m": 5, "extrude": false}}, {"type": "Feature", "geometry": {"type": "LineString", "coordinates": [[-901.4194284805768, -288.3537877511131], [-916.0645325233559, -296.70278775099473], [-986.8492020637151, -337.8911877510174], [-1028.24602949129, -362.2702677511623], [-1048.5539070973882, -373.6249077509697], [-1070.228661080833, -386.31538775096385]]}, "properties": {"osm_id": null, "type": "tertiary", "width_m": 7, "extrude": false}}, {"type": "Feature", "geometry": {"type": "LineString", "coordinates": [[-1273.4050711679988, 358.7493722488698], [-1248.215492214481, 342.3853322490543], [-1214.4341188890194, 318.34021224885714], [-1202.4251335738816, 312.2176122488912], [-1186.4131531537555, 311.8836522489434], [-1170.0106366257667, 315.6685322488792], [-1155.4631666098664, 326.24393224867663], [-1138.767748001067, 350.0664122490403], [-1124.8060821469614, 377.6737722489443], [-1116.995359990743, 407.6188522488785], [-1110.1609781041823, 524.7274922490327], [-1105.0840087026577, 546.768852248752], [-1094.930069899609, 562.7989322490151], [-1090.6341727138101, 565.4706122489931], [-1074.03638813189, 576.0460122487905], [-1011.9411469903537, 600.4250922489354], [-756.3352644297858, 683.024532248814], [-491.3565152818946, 763.8428522488392], [-473.48948834967985, 766.4032122487027], [-468.0219828402924, 754.046692249052], [-468.0219828402924, 740.6882922487666], [-570.8306132209035, 127.76037224871601], [-623.552987774943, -182.93374775110962], [-626.8725446912578, -208.98262775099354], [-659.482309693304, -395.3323077511367], [-694.2400232882497, -603.723347750999], [-750.8677589203983, -943.5833077511443], [-799.7824064235546, -1235.5756677511242], [-837.0786047192624, -1466.7873077511113], [-837.469140826952, -1469.2363477512558]]}, "properties": {"osm_id": null, "type": "footway", "width_m": 2, "extrude": false}}, {"type": "Feature", "geometry": {"type": "LineString", "coordinates": [[-695.0210955039755, -383.4210677511526], [-691.79917261454, -379.0795877510401], [-687.3080073746364, -376.29658775094765], [-682.0357699191804, -375.4060277512187], [-676.763532463898, -376.5192277511766], [-672.3700012510468, -379.3022277512689], [-669.2457123884901, -383.6437077509859], [-667.9764700381958, -388.7644277511084], [-668.6599082268691, -394.1077877510644], [-670.514954738958, -397.8926677510002], [-673.4439755474098, -400.89830775132145], [-677.1540685715873, -403.0133877511227], [-681.3523317306805, -403.9039477512472], [-685.5505948896, -403.458667751185], [-689.4559559675357, -401.9001877511648], [-692.6778788569713, -399.2285077511869], [-695.1187295308547, -395.66626775108443], [-696.29033785427, -391.6587477513153], [-696.29033785427, -387.4285877513172], [-695.0210955039755, -383.4210677511526]]}, "properties": {"osm_id": null, "type": "residential", "width_m": 5, "extrude": false}}, {"type": "Feature", "geometry": {"type": "LineString", "coordinates": [[-659.482309693304, -395.3323077511367], [-668.6599082268691, -394.1077877510644]]}, "properties": {"osm_id": null, "type": "footway", "width_m": 2, "extrude": false}}, {"type": "Feature", "geometry": {"type": "LineString", "coordinates": [[-729.7788090987478, -421.60382775124947], [-724.6042056703443, -423.7189077510507], [-722.2609890235135, -422.0491077513117], [-721.968086942703, -419.8227077510005], [-724.0184015087234, -416.4831077511269], [-724.7994737242758, -413.7001077510345], [-724.1160355356024, -410.69446775110873], [-718.6485300262149, -398.4492677511769], [-716.9887515680575, -397.4473877513334], [-714.6455349212267, -398.3379477510624], [-708.8851273310288, -407.46618775095413], [-702.8318176600204, -416.2604677512935], [-703.1247197408309, -418.7095077510426], [-705.2726683339037, -419.6000677511671], [-708.1040551154764, -418.5981877513237], [-713.9620967325534, -408.9133477512553], [-716.598215460368, -408.3567477510786], [-718.5508959993359, -410.1378677513276], [-718.9414321071988, -413.4774677512012], [-717.4769217027996, -416.59442775124137], [-709.8614676006862, -422.7170277512073], [-709.1780294120127, -425.16606775095636], [-710.0567356544442, -429.1735877511211], [-709.5685655197024, -431.62262775126567], [-707.9087870615449, -433.0697877511713], [-706.1513745765085, -433.4037477511191], [-704.4915961181778, -433.1811077512857], [-702.2460134983994, -431.845267751099], [-697.3643121508064, -419.6000677511671], [-697.1690440968749, -417.1510277510225], [-697.9501163124273, -413.5887877513156], [-704.8821322260407, -405.7963877512151], [-711.6188800857226, -393.99646775094993], [-714.8408029751582, -392.2153477510965], [-717.672189756731, -392.2153477510965], [-720.0154064035617, -393.6625077510021], [-732.2196597726311, -416.8170677510747], [-732.122025745752, -419.9340277511149], [-729.7788090987478, -421.60382775124947]]}, "properties": {"osm_id": null, "type": "track", "width_m": 3, "extrude": false}}, {"type": "Feature", "geometry": {"type": "LineString", "coordinates": [[-1070.4239291345912, -404.7945077509762], [-730.1693452066107, -592.591347751025]]}, "properties": {"osm_id": null, "type": "residential", "width_m": 5, "extrude": false}}, {"type": "Feature", "geometry": {"type": "LineString", "coordinates": [[-730.1693452066107, -592.591347751025], [-726.1663501016226, -588.249867751308], [-720.8941126461666, -585.9121477512779], [-715.1337050559688, -585.8008277511634], [-709.7638335736337, -587.9159077509646], [-705.6632044415932, -592.0347477512438], [-703.4176218218148, -597.4894277513141], [-703.6128898757463, -603.2780677513323], [-705.2726683339037, -607.5082277513303], [-708.2016891423553, -610.9591477513184], [-712.0094161935855, -613.4081877510674], [-716.4029474064366, -614.5213877510253], [-720.9917466732192, -614.1874277510774], [-725.1900098321387, -612.5176277509429], [-728.6072007753324, -609.5119877510172], [-731.0480514492157, -605.7271077510813], [-732.122025745752, -601.2743077512499], [-731.8291236647681, -596.821507751023], [-730.1693452066107, -592.591347751025]]}, "properties": {"osm_id": null, "type": "residential", "width_m": 5, "extrude": false}}, {"type": "Feature", "geometry": {"type": "LineString", "coordinates": [[-694.2400232882497, -603.723347750999], [-703.6128898757463, -603.2780677513323]]}, "properties": {"osm_id": null, "type": "footway", "width_m": 2, "extrude": false}}, {"type": "Feature", "geometry": {"type": "LineString", "coordinates": [[-1000.7132338909418, -814.6747477511203], [-1008.3286879930552, -835.157627751215]]}, "properties": {"osm_id": null, "type": "service", "width_m": 3.5, "extrude": false}}, {"type": "Feature", "geometry": {"type": "LineString", "coordinates": [[-1109.4775399155087, -754.784587751252], [-1085.6548373391647, -768.1429877511418], [-1016.4323122300839, -805.8804677511764], [-1000.7132338909418, -814.6747477511203], [-995.8315325433487, -817.3464277510983], [-991.6332693842558, -819.7954677512429], [-787.2852509736748, -931.7833877512746]]}, "properties": {"osm_id": null, "type": "residential", "width_m": 5, "extrude": false}}, {"type": "Feature", "geometry": {"type": "LineString", "coordinates": [[-787.2852509736748, -931.7833877512746], [-783.4775239224447, -927.5532277512765], [-778.4005545209201, -925.1041877511319], [-772.6401469307223, -924.8815477512985], [-767.3679094754397, -926.8853077509855], [-763.16964631652, -930.7815077510356], [-760.8264296695158, -935.9022277511582], [-760.6311616157577, -941.5795477510619], [-762.5838421547256, -946.8115877512989], [-766.3915692057824, -950.9304277511825], [-771.5661726343593, -953.2681477512126], [-777.1313121706257, -953.490787751046], [-782.5011836529608, -951.5983477510781], [-786.6018127850014, -947.8134677511423], [-788.9450294318322, -942.6927477510197], [-789.2379315126426, -937.015427751116], [-787.2852509736748, -931.7833877512746]]}, "properties": {"osm_id": null, "type": "residential", "width_m": 5, "extrude": false}}, {"type": "Feature", "geometry": {"type": "LineString", "coordinates": [[-750.8677589203983, -943.5833077511443], [-760.6311616157577, -941.5795477510619]]}, "properties": {"osm_id": null, "type": "footway", "width_m": 2, "extrude": false}}, {"type": "Feature", "geometry": {"type": "LineString", "coordinates": [[1529.7654766533574, -46.3441077510997], [1627.8876737401336, -38.32906775116584], [1797.8685146638052, -24.859347751161636], [1806.0697729277128, -24.970667751276068], [1812.4159846797054, -28.75554775121188], [1815.637907569141, -32.8743877510955], [1817.78585616204, -40.55546775108155], [1817.6882221349879, -79.96274775125073], [1818.8598304584032, -143.7491077511693], [1822.3746554288227, -158.99994775102698], [1823.8391658330488, -167.12630775107527], [1827.353990803295, -175.363987751238], [1907.90206303884, -248.6125477509961], [1919.4228782190623, -252.0634677509841], [2005.5360899908742, -239.5956277512188]]}, "properties": {"osm_id": null, "type": "residential", "width_m": 5, "extrude": false}}, {"type": "Feature", "geometry": {"type": "LineString", "coordinates": [[901.0023430819521, -351.0269477510738], [919.1622720949775, -339.7836277509853], [933.6121080838251, -331.99122775128035], [958.1182488488428, -316.6290677513082], [984.3818020988966, -297.0367477509426], [1005.5683859475997, -278.3349877510969], [1020.7016601251207, -266.86902775117505], [1038.8615891383195, -254.73514775096206], [1058.9741986903125, -240.59750775106224], [1071.178452059382, -226.90514775122466], [1078.9891742156, -213.76938775116827], [1087.9715046950603, -207.09018775102564], [1104.4716552501018, -198.40722775119616], [1115.3090322416508, -189.83558775108563], [1125.2677029907682, -186.82994775115986], [1138.7411987103053, -185.3827877512542], [1157.2916638311935, -186.6073077513265], [1172.717840089525, -189.39030775102339], [1184.726825404663, -193.62046775102144], [1192.5375475608812, -194.39970775103149], [1202.4962183099988, -190.94878775104348]]}, "properties": {"osm_id": null, "type": "footway", "width_m": 2, "extrude": false}}, {"type": "Feature", "geometry": {"type": "LineString", "coordinates": [[1361.1515121070324, -524.2408677511605], [1368.1811620476983, -503.0900677511703], [1365.8379454008677, -478.26570775096314], [1369.3527703711138, -452.7734277512559], [1369.7433064788033, -435.18486775097256], [1365.4474092930047, -421.492507751135], [1356.855614921234, -404.5718677511428], [1350.997573304157, -381.8625877511324], [1349.4354288728787, -361.4910277511523], [1345.4324337677172, -342.1213477510155], [1345.8229698755802, -331.5459477512181], [1352.5597177352618, -316.74038775102713], [1362.12785237669, -301.26690775133613], [1376.0895182307956, -268.09354775124734], [1454.5872759003205, -58.366667751198236], [1481.046097204306, -49.572387751254325]]}, "properties": {"osm_id": null, "type": "footway", "width_m": 2, "extrude": false}}, {"type": "Feature", "geometry": {"type": "LineString", "coordinates": [[984.4794361259493, -917.7570677510937], [1034.9562280602104, -742.9846677509869], [1055.8499098279294, -725.1734677512657], [1069.5186736012245, -616.3025077512742], [1174.2799845208035, -402.56810775106044], [1187.8511142670463, -309.3932677509889], [1207.7684557652813, -238.14846775131315], [1202.4962183099988, -190.94878775104348], [1364.8616051312101, -65.26850775117424], [1439.2587336686945, -50.12898775103551], [1473.821179209882, -19.961267751267968], [1485.2443603632257, -18.625427751081247]]}, "properties": {"osm_id": null, "type": "footway", "width_m": 2, "extrude": false}}, {"type": "Feature", "geometry": {"type": "LineString", "coordinates": [[1361.1515121070324, -524.2408677511605], [1380.4830494436467, -511.77302775099974], [1400.4980249687608, -497.5240677509855], [1413.190448472572, -492.0693877513106], [1420.805902574859, -485.5015077512825], [1431.2527434587182, -482.6071877510756], [1454.5872759003205, -483.4977477512001], [1486.1230666058307, -487.3939477512504], [1512.191351801953, -490.95618775095727]]}, "properties": {"osm_id": null, "type": "footway", "width_m": 2, "extrude": false}}, {"type": "Feature", "geometry": {"type": "LineString", "coordinates": [[1291.4408168633831, -1241.4756277512568], [1413.9715206881244, -843.8405877510445], [1474.309349344624, -646.136267751094], [1505.0640678344084, -546.3935477509942], [1519.5139038234295, -497.74670775121433], [1528.1056981952001, -451.5489077511836], [1530.2536467880993, -406.57562775122517], [1527.3246259794741, -365.60986775103584], [1519.6115378503082, -267.9822277511329], [1508.9694289125175, -163.4527477512539], [1506.0404081040656, -113.13610775094403], [1507.407284481239, -83.97026775101992], [1510.8244754246061, -66.93830775130877]]}, "properties": {"osm_id": null, "type": "footway", "width_m": 2, "extrude": false}}, {"type": "Feature", "geometry": {"type": "LineString", "coordinates": [[683.3760970057656, -1165.2214277511775], [882.2566099071324, -1007.2583477509484], [984.4794361259493, -917.7570677510937], [1020.2134899903788, -886.4761477509728], [1184.726825404663, -763.9128277511438], [1235.3012513658032, -701.3509877512975], [1278.455491278588, -634.3363477512243], [1297.3964925073392, -601.9422277511455], [1322.0979013262884, -575.4480677511993], [1338.695685908035, -546.616187751223], [1361.1515121070324, -524.2408677511605]]}, "properties": {"osm_id": null, "type": "footway", "width_m": 2, "extrude": false}}, {"type": "Feature", "geometry": {"type": "LineString", "coordinates": [[1080.844220727689, -1626.8654677511418], [1098.7112476599036, -1612.6165077511273], [1114.7232280800297, -1599.2581077512377], [1130.6375744732768, -1584.1185877510989], [1142.451291734483, -1571.4281077511048], [1159.1467103432824, -1553.3942677511548], [1175.1586907634085, -1531.35290775104], [1192.6351815877604, -1503.3002677510738], [1202.6914863639302, -1484.1532277511658], [1213.7241314094108, -1462.000547751332], [1224.4638743740807, -1431.9441477512835], [1235.0083492849926, -1398.993427751028], [1280.7010738985398, -1249.3793477510762], [1369.3527703711138, -959.1681077509497], [1435.9391767523798, -741.7601477513101], [1502.1350470259565, -525.6880277510662], [1510.4339393169166, -497.4127477512666], [1512.191351801953, -490.95618775095727], [1517.2683212034776, -471.8091477510494], [1519.8068059042398, -451.43758775106915], [1521.5642183894495, -428.394347751111], [1519.0257336886875, -375.4060277512187], [1501.9397789720251, -170.24326775111547], [1498.132051920795, -125.60394775110481], [1496.3746394357586, -92.20794775118264]]}, "properties": {"osm_id": null, "type": "secondary", "width_m": 9, "extrude": false}}, {"type": "Feature", "geometry": {"type": "LineString", "coordinates": [[1240.2805867404486, -1409.2348677512732], [1291.4408168633831, -1241.4756277512568]]}, "properties": {"osm_id": null, "type": "footway", "width_m": 2, "extrude": false}}, {"type": "Feature", "geometry": {"type": "LineString", "coordinates": [[840.6645144254525, -1706.7932277510424], [890.3602341441613, -1708.5743477512913], [932.2452317066517, -1705.012107751189], [970.0296001371015, -1697.108387750974], [1032.90591349419, -1679.074547751024], [1084.6519477787456, -1649.3521077513187], [1125.6582390986312, -1615.7334677511676], [1164.321313771686, -1574.3224277513116], [1195.0760322616436, -1533.913267751299], [1213.1383272477897, -1502.409707750949], [1228.6621375331738, -1458.660947751063], [1240.2805867404486, -1409.2348677512732]]}, "properties": {"osm_id": null, "type": "footway", "width_m": 2, "extrude": false}}, {"type": "Feature", "geometry": {"type": "LineString", "coordinates": [[-1017.4086524997412, -1406.7858277511286], [-1020.4353073352453, -1407.3424277513052]]}, "properties": {"osm_id": null, "type": "footway", "width_m": 2, "extrude": false}}, {"type": "Feature", "geometry": {"type": "LineString", "coordinates": [[-1034.396973189351, -1425.5989077510887], [-1035.1780454049035, -1429.495107751139], [-1036.5449217822504, -1435.8403477513339], [-1037.3259939979762, -1439.4025877510408]]}, "properties": {"osm_id": null, "type": "footway", "width_m": 2, "extrude": false}}, {"type": "Feature", "geometry": {"type": "LineString", "coordinates": [[-1002.1777442951676, -1402.444347751016], [-1000.2250637561998, -1409.0122277510443], [-997.6865790554376, -1413.1310677513234], [-993.97648603126, -1416.3593477510826], [-983.92018125509, -1421.9253477512673], [-979.5266500422389, -1427.1573877511087], [-976.5976292337872, -1432.9460277511268], [-974.4496806407144, -1438.0667477512495], [-970.9348556704682, -1439.6252277512694], [-962.147793244766, -1441.5176677512375], [-837.469140826952, -1469.2363477512558]]}, "properties": {"osm_id": null, "type": "footway", "width_m": 2, "extrude": false}}, {"type": "Feature", "geometry": {"type": "LineString", "coordinates": [[-981.5769646082591, -1438.0667477512495], [-981.4793305813802, -1443.0761477512576], [-982.7485729316745, -1447.9742277511511], [-985.2870576324367, -1452.3157077512637], [-988.6066145487514, -1455.5439877510228], [-992.609609653913, -1457.881707751053], [-997.1007748936432, -1458.994907751011], [-1002.1777442951676, -1458.994907751011], [-1007.0594456427606, -1457.5477477511051], [-1011.3553428287328, -1454.8760677511273], [-1014.7725337719264, -1450.979867751077], [-1016.9204823649992, -1446.4157477511312], [-1017.7015545805517, -1441.0723877511753], [-1016.9204823649992, -1435.617707751105], [-1014.5772657179949, -1430.7196277512112], [-1010.4766365861279, -1426.4894677512132], [-1005.6925692654139, -1423.9291077509542], [-1000.3226977830789, -1422.8159077509963], [-994.9528263007438, -1423.372507751173], [-990.1687589800298, -1425.4875877509742], [-986.0681298479892, -1428.7158677511288], [-983.1391090395375, -1433.0573477512414], [-981.5769646082591, -1438.0667477512495]]}, "properties": {"osm_id": null, "type": "secondary", "width_m": 9, "extrude": false}}, {"type": "Feature", "geometry": {"type": "LineString", "coordinates": [[-962.147793244766, -1441.5176677512375], [-963.026499487371, -1445.191227751059], [-964.5886439186492, -1452.2043877511492], [-965.3697161342017, -1455.3213477511895]]}, "properties": {"osm_id": null, "type": "footway", "width_m": 2, "extrude": false}}, {"type": "Feature", "geometry": {"type": "LineString", "coordinates": [[-981.5769646082591, -1438.0667477512495], [-973.3757063443513, -1442.8535077510287], [-963.026499487371, -1445.191227751059], [-838.2502130426778, -1472.9099077510773]]}, "properties": {"osm_id": null, "type": "secondary", "width_m": 9, "extrude": false}}, {"type": "Feature", "geometry": {"type": "LineString", "coordinates": [[-837.469140826952, -1469.2363477512558], [-838.2502130426778, -1472.9099077510773], [-839.8123574737828, -1479.366467750991], [-840.5934296895086, -1483.2626677510414]]}, "properties": {"osm_id": null, "type": "footway", "width_m": 2, "extrude": false}}, {"type": "Feature", "geometry": {"type": "LineString", "coordinates": [[-838.2502130426778, -1472.9099077510773], [-680.766527568886, -1507.975707751134], [-622.2837454246486, -1520.8888277509616]]}, "properties": {"osm_id": null, "type": "secondary", "width_m": 9, "extrude": false}}, {"type": "Feature", "geometry": {"type": "LineString", "coordinates": [[-679.3996511915392, -1501.6304677513347], [-679.9854553533336, -1504.1908277511982]]}, "properties": {"osm_id": null, "type": "footway", "width_m": 2, "extrude": false}}, {"type": "Feature", "geometry": {"type": "LineString", "coordinates": [[-837.469140826952, -1469.2363477512558], [-679.9854553533336, -1504.1908277511982], [-628.434689122536, -1515.65678775112], [-618.9641885081604, -1517.771867751317], [-572.4903916790608, -1528.0133077511664], [-521.2325275292474, -1539.2566277512549], [-519.8656511519005, -1539.5905877512027], [-518.9869449092955, -1539.813227751036]]}, "properties": {"osm_id": null, "type": "footway", "width_m": 2, "extrude": false}}, {"type": "Feature", "geometry": {"type": "LineString", "coordinates": [[-622.2837454246486, -1520.8888277509616], [-573.3690979216658, -1531.6868677509879], [-569.3661028165042, -1532.5774277511123], [-548.4724210487852, -1537.2528677511725], [-526.9929351192718, -1541.4830277511705], [-521.9159657179207, -1542.5962277511285], [-455.52482739041267, -1556.3999077510805], [-444.1016462370692, -1558.848947751225], [-427.2109595743383, -1562.4111877513274], [-350.2753463360917, -1578.5525877513096], [-333.8728298081028, -1582.0035077512975], [-311.51463763615794, -1586.456307751129], [-176.87731446922632, -1614.063667751033], [-157.25287505180174, -1618.2938277510311]]}, "properties": {"osm_id": null, "type": "secondary", "width_m": 9, "extrude": false}}, {"type": "Feature", "geometry": {"type": "LineString", "coordinates": [[-353.0090990907854, -1591.6883477509705], [-352.423294928991, -1588.7940277511593], [-351.64222271343857, -1585.4544277512857], [-350.2753463360917, -1578.5525877513096], [-349.2990060666078, -1574.0997877510827]]}, "properties": {"osm_id": null, "type": "footway", "width_m": 2, "extrude": false}}, {"type": "Feature", "geometry": {"type": "LineString", "coordinates": [[-314.5412924716621, -1599.7033877513], [-313.8578542829887, -1596.8090677510932], [-313.0767820672628, -1593.580787751334], [-311.51463763615794, -1586.456307751129], [-310.53829736650056, -1582.226147751131]]}, "properties": {"osm_id": null, "type": "footway", "width_m": 2, "extrude": false}}, {"type": "Feature", "geometry": {"type": "LineString", "coordinates": [[-660.9468200975299, -1631.318267750973], [-660.0681138550985, -1627.8673477509851], [-648.7425667286341, -1579.4431477510386], [-603.0498421150869, -1590.1298677509503]]}, "properties": {"osm_id": null, "type": "service", "width_m": 3.5, "extrude": false}}, {"type": "Feature", "geometry": {"type": "LineString", "coordinates": [[-270.02017618153036, -1614.6202677512097], [-271.58232061263527, -1608.6089877509628], [-272.4610268552402, -1605.3807077512035], [-273.4373671247241, -1601.5958277512677]]}, "properties": {"osm_id": null, "type": "service", "width_m": 3.5, "extrude": false}}, {"type": "Feature", "geometry": {"type": "LineString", "coordinates": [[-239.94889588024628, -1608.6089877509628], [-243.85425695835542, -1611.3919877510552], [-247.27144790154915, -1613.618387750971], [-253.3247575725576, -1617.848547750969], [-270.02017618153036, -1614.6202677512097], [-320.4969681156181, -1605.2693877510892]]}, "properties": {"osm_id": null, "type": "service", "width_m": 3.5, "extrude": false}}, {"type": "Feature", "geometry": {"type": "LineString", "coordinates": [[-441.66079556318596, -1604.712787751308], [-438.9270428084922, -1605.3807077512035], [-344.9054748537567, -1624.9730277511737], [-342.171722099063, -1625.529627750955]]}, "properties": {"osm_id": null, "type": "residential", "width_m": 5, "extrude": false}}, {"type": "Feature", "geometry": {"type": "LineString", "coordinates": [[-270.02017618153036, -1619.5183477511034], [-270.02017618153036, -1614.6202677512097]]}, "properties": {"osm_id": null, "type": "footway", "width_m": 2, "extrude": false}}, {"type": "Feature", "geometry": {"type": "LineString", "coordinates": [[-179.90396930473054, -1627.6447077511516], [-179.22053111605712, -1624.6390677512259], [-178.43945890033123, -1621.188147751238], [-176.87731446922632, -1614.063667751033], [-175.99860822662143, -1610.3901077512116]]}, "properties": {"osm_id": null, "type": "footway", "width_m": 2, "extrude": false}}, {"type": "Feature", "geometry": {"type": "LineString", "coordinates": [[-248.73595830594843, -1624.5277477511115], [-269.8249081275989, -1621.0768277511236], [-270.02017618153036, -1619.5183477511034]]}, "properties": {"osm_id": null, "type": "footway", "width_m": 2, "extrude": false}}, {"type": "Feature", "geometry": {"type": "LineString", "coordinates": [[-142.11960087428068, -1635.3257877511378], [-141.43616268560723, -1632.4314677513264], [-140.55745644300234, -1628.980547750943], [-138.897677984845, -1622.1900277510813], [-138.01897174224007, -1618.4051477511455]]}, "properties": {"osm_id": null, "type": "footway", "width_m": 2, "extrude": false}}, {"type": "Feature", "geometry": {"type": "LineString", "coordinates": [[-530.6053941165704, -1554.9527477511747], [-444.9803524796741, -1572.652627751177], [-441.36789348237545, -1573.4318677511872], [-353.0090990907854, -1591.6883477509705], [-340.1214075330427, -1594.3600277509486], [-336.6065825627965, -1595.1392677509584], [-314.5412924716621, -1599.7033877513], [-271.58232061263527, -1608.6089877509628], [-247.27144790154915, -1613.618387750971], [-179.90396930473054, -1627.6447077511516], [-163.69672083067312, -1630.9843077510252], [-156.95997297099123, -1632.320147751212], [-153.83568410843458, -1632.9880677511076], [-142.11960087428068, -1635.3257877511378], [-69.18698274102218, -1650.2426677510475], [78.14276392972066, -1680.2990677510961], [130.86513848376015, -1690.985787751008], [200.38056567365146, -1705.4573877512512], [208.58182393773265, -1707.2385077511046], [207.80075172200677, -1711.2460277512694], [201.84507607805077, -1716.4780677511108]]}, "properties": {"osm_id": null, "type": "footway", "width_m": 2, "extrude": false}}, {"type": "Feature", "geometry": {"type": "LineString", "coordinates": [[-427.9920317898908, -1656.4765877511281], [-423.8914026580236, -1656.9218677511903], [-349.49427412036584, -1665.4935077513007], [-347.3463255274665, -1665.7161477511343]]}, "properties": {"osm_id": null, "type": "residential", "width_m": 5, "extrude": false}}, {"type": "Feature", "geometry": {"type": "LineString", "coordinates": [[-541.6380391622243, -1671.3934677510379], [-533.9249510328851, -1670.28026775108], [-529.433785793155, -1669.6123477511844], [-527.2858372002557, -1669.2783877512366]]}, "properties": {"osm_id": null, "type": "footway", "width_m": 2, "extrude": false}}, {"type": "Feature", "geometry": {"type": "LineString", "coordinates": [[-279.68594484966405, -1719.9289877510987], [-270.9965164510143, -1669.1670677511222], [-254.20346381516245, -1671.8387477511], [-246.19747360518616, -1624.9730277511737], [-248.73595830594843, -1624.5277477511115]]}, "properties": {"osm_id": null, "type": "footway", "width_m": 2, "extrude": false}}, {"type": "Feature", "geometry": {"type": "LineString", "coordinates": [[-157.25287505180174, -1618.2938277510311], [-157.05760699787027, -1625.7522677511838], [-157.05760699787027, -1629.2031877511718], [-156.95997297099123, -1632.320147751212], [-158.52211740209614, -1643.0068677511238], [-158.91265350995909, -1675.4009877512026], [-157.15524102474927, -1698.4442277511607], [-156.4718028362493, -1703.4536277511688], [-153.93331813548704, -1723.3799077510869], [-153.2498799468136, -1728.2779877509804], [-150.22322511130938, -1743.5288277512336]]}, "properties": {"osm_id": null, "type": "residential", "width_m": 5, "extrude": false}}, {"type": "Feature", "geometry": {"type": "LineString", "coordinates": [[-537.5374100301837, -1550.165987751], [-542.1262092969663, -1553.7282277511026], [-544.469425943797, -1560.6300677510785], [-532.8509767365222, -1644.6766677512583], [-529.433785793155, -1669.6123477511844], [-510.0046144296619, -1810.9887477509735], [-509.4188102680409, -1815.4415477512005], [-512.6407331573031, -1819.5603877510841]]}, "properties": {"osm_id": null, "type": "footway", "width_m": 2, "extrude": false}}, {"type": "Feature", "geometry": {"type": "LineString", "coordinates": [[-151.88300356946675, -1630.3163877511297], [-153.83568410843458, -1632.9880677511076], [-153.2498799468136, -1687.089587750958], [-152.27353967715624, -1700.0027077511809], [-151.7853695424143, -1702.785707751273], [-146.4154980600793, -1738.6307477509445], [-150.22322511130938, -1743.5288277512336]]}, "properties": {"osm_id": null, "type": "footway", "width_m": 2, "extrude": false}}, {"type": "Feature", "geometry": {"type": "LineString", "coordinates": [[-637.8075557100326, -1720.1516277513276], [-640.7365765184844, -1713.1384677512372], [-645.9111799470613, -1706.0139877510323], [-646.4969841086822, -1701.6725077513154], [-641.8105508150207, -1688.5367477512589], [-640.8342105455367, -1678.4066277511283], [-638.0028237637906, -1669.8349877510177], [-634.2927307396129, -1662.8218277513229], [-629.5086634190725, -1658.035067751148], [-625.6033023409633, -1657.3671477512526], [-622.0884773707171, -1657.8124277513148], [-607.5410073548171, -1665.8274677512486], [-601.8782337916715, -1667.2746277511542], [-588.6000061260659, -1667.94254775105], [-582.8395985358679, -1666.7180277509776], [-573.8572680564077, -1665.2708677510718], [-569.1708347625728, -1665.1595477509575], [-562.6293549568223, -1670.6142277510278], [-554.2328286389832, -1698.555547751275], [-555.6973390432091, -1704.232867751179], [-562.6293549568223, -1711.3573477509883]]}, "properties": {"osm_id": null, "type": "footway", "width_m": 2, "extrude": false}}, {"type": "Feature", "geometry": {"type": "LineString", "coordinates": [[-159.30318961782203, -1703.898907751231], [-156.4718028362493, -1703.4536277511688], [-151.7853695424143, -1702.785707751273], [-150.32085913818838, -1702.5630677510444]]}, "properties": {"osm_id": null, "type": "footway", "width_m": 2, "extrude": false}}, {"type": "Feature", "geometry": {"type": "LineString", "coordinates": [[814.9867653371929, -1690.095227751279], [823.7738277627217, -1691.0971077511224], [842.1290248298518, -1692.8782277509758], [869.9547225111842, -1694.5480277511106], [898.7567604620004, -1694.659347751225]]}, "properties": {"osm_id": null, "type": "secondary", "width_m": 9, "extrude": false}}, {"type": "Feature", "geometry": {"type": "LineString", "coordinates": [[224.3009022770481, -1693.546147751267], [228.10862932810477, -1690.7631477511748], [232.69742859488733, -1689.427307750988], [237.4814959154279, -1689.6499477512168], [241.87502712827896, -1691.5423877511848], [245.29221807164615, -1694.8819877510582], [247.44016666454544, -1699.1121477510565]]}, "properties": {"osm_id": null, "type": "secondary", "width_m": 9, "extrude": false}}, {"type": "Feature", "geometry": {"type": "LineString", "coordinates": [[203.40722050915568, -1689.7612677513312], [202.8214163475347, -1692.8782277509758], [201.55217399706683, -1699.446107751004], [200.7711017815144, -1703.119667751221], [200.38056567365146, -1705.4573877512512]]}, "properties": {"osm_id": null, "type": "footway", "width_m": 2, "extrude": false}}, {"type": "Feature", "geometry": {"type": "LineString", "coordinates": [[220.39554119893901, -1706.1253077511467], [220.20027314500751, -1701.561187751201], [221.46951549530195, -1697.108387750974], [224.3009022770481, -1693.546147751267]]}, "properties": {"osm_id": null, "type": "secondary", "width_m": 9, "extrude": false}}, {"type": "Feature", "geometry": {"type": "LineString", "coordinates": [[488.30331115545533, -1724.4931077510446], [525.5995094511632, -1707.0158677512713], [555.6707897524474, -1695.6612277510683], [577.6384458165293, -1689.2046677511546], [597.3605192608329, -1683.8613077511986], [615.1299121661687, -1680.0764277512628], [640.0265890390492, -1677.404747751285], [657.4054458365221, -1676.068907751098], [677.3227873345837, -1675.7349477511505], [698.1188350754237, -1677.2934277511704], [741.858879150003, -1681.8575477511163], [814.9867653371929, -1690.095227751279]]}, "properties": {"osm_id": null, "type": "secondary", "width_m": 9, "extrude": false}}, {"type": "Feature", "geometry": {"type": "LineString", "coordinates": [[813.1317188251041, -1703.2309877513355], [840.6645144254525, -1706.7932277510424]]}, "properties": {"osm_id": null, "type": "footway", "width_m": 2, "extrude": false}}, {"type": "Feature", "geometry": {"type": "LineString", "coordinates": [[247.44016666454544, -1699.1121477510565], [248.22123888027133, -1704.232867751179], [246.85436250292446, -1709.242267751187], [243.82770766742024, -1713.472427751185]]}, "properties": {"osm_id": null, "type": "secondary", "width_m": 9, "extrude": false}}, {"type": "Feature", "geometry": {"type": "LineString", "coordinates": [[669.7073332324703, -1740.7458277511412], [659.9439305371109, -1689.6499477512168], [659.4557604023689, -1686.8669477511244], [657.4054458365221, -1676.068907751098]]}, "properties": {"osm_id": null, "type": "residential", "width_m": 5, "extrude": false}}, {"type": "Feature", "geometry": {"type": "LineString", "coordinates": [[257.4964714407155, -1715.1422277513195], [258.1799096293889, -1711.8026277510505], [259.7420540606672, -1704.01022775095]]}, "properties": {"osm_id": null, "type": "footway", "width_m": 2, "extrude": false}}, {"type": "Feature", "geometry": {"type": "LineString", "coordinates": [[261.2065644648931, -1718.3705077510788], [261.7923686265141, -1715.9214677513296], [262.57344084223996, -1712.0252677512794], [264.03795124646587, -1705.6800277510845], [264.9166574890707, -1701.6725077513154]]}, "properties": {"osm_id": null, "type": "footway", "width_m": 2, "extrude": false}}, {"type": "Feature", "geometry": {"type": "LineString", "coordinates": [[-683.0121101888378, -1518.1058277512645], [-682.2310379731118, -1514.5435877511622], [-680.766527568886, -1507.975707751134], [-679.9854553533336, -1504.1908277511982]]}, "properties": {"osm_id": null, "type": "footway", "width_m": 2, "extrude": false}}, {"type": "Feature", "geometry": {"type": "LineString", "coordinates": [[-832.2945373985485, -1594.471347751063], [-832.001635317738, -1589.7959077510027], [-831.8063672638065, -1586.5676277512434], [-834.3448519645688, -1575.6582677511028], [-847.0372754682066, -1565.9734277510345]]}, "properties": {"osm_id": null, "type": "residential", "width_m": 5, "extrude": false}}, {"type": "Feature", "geometry": {"type": "LineString", "coordinates": [[-847.0372754682066, -1565.9734277510345], [-853.1882191662675, -1510.6473877511119], [-855.1408997052353, -1504.7474277509793], [-860.2178691067598, -1501.4078277511057], [-955.899215519826, -1479.8117477510532], [-961.6596231100241, -1480.9249477510111], [-964.6862779455282, -1483.819267751218], [-966.8342265384275, -1489.0513077510595], [-960.8785508944716, -1533.6906277510702], [-959.0235043823828, -1539.5905877512027], [-953.7512669269269, -1542.5962277511285], [-847.0372754682066, -1565.9734277510345]]}, "properties": {"osm_id": null, "type": "residential", "width_m": 5, "extrude": false}}, {"type": "Feature", "geometry": {"type": "LineString", "coordinates": [[-648.7425667286341, -1579.4431477510386], [-687.4056414016889, -1570.2035877510325]]}, "properties": {"osm_id": null, "type": "service", "width_m": 3.5, "extrude": false}}, {"type": "Feature", "geometry": {"type": "LineString", "coordinates": [[-1164.836033197363, -1516.2133877512968], [-1158.1969193645602, -1517.549227751088], [-983.529645147227, -1556.1772677512472], [-979.4290160153598, -1557.067827750976], [-832.001635317738, -1589.7959077510027], [-666.9024957416594, -1626.4201877510795], [-660.0681138550985, -1627.8673477509851], [-547.4960807793013, -1652.8030277513067], [-544.7623280246075, -1652.1351077510155], [-542.7120134585873, -1649.1294677510898], [-542.7120134585873, -1646.457787751112], [-537.4397760033047, -1645.4559077512683], [-532.8509767365222, -1644.6766677512583]]}, "properties": {"osm_id": null, "type": "footway", "width_m": 2, "extrude": false}}, {"type": "Feature", "geometry": {"type": "LineString", "coordinates": [[-1166.788713736331, -1521.4454277511381], [-1163.5667908468952, -1521.6680677509717], [-1141.013330621019, -1524.6737077512928], [-1075.9890686708577, -1539.2566277512549], [-998.1747491901796, -1556.1772677512472], [-983.3343770934689, -1559.5168677511206], [-979.0384799074969, -1560.6300677510785], [-832.2945373985485, -1594.471347751063], [-672.6629033318573, -1628.5352677512763], [-667.5859339303328, -1629.759787750953], [-660.9468200975299, -1631.318267750973], [-543.2978176203817, -1657.4784677509715], [-539.8806266770144, -1657.0331877513047], [-535.8776315720264, -1656.4765877511281]]}, "properties": {"osm_id": null, "type": "residential", "width_m": 5, "extrude": false}}, {"type": "Feature", "geometry": {"type": "LineString", "coordinates": [[-670.026784604216, -1648.0162677511319], [-667.7812019842643, -1647.682307751184], [-665.633253391365, -1647.4596677509553]]}, "properties": {"osm_id": null, "type": "footway", "width_m": 2, "extrude": false}}, {"type": "Feature", "geometry": {"type": "LineString", "coordinates": [[-997.1007748936432, -1458.994907751011], [-996.3197026780907, -1464.4495877510813], [-994.0741200581389, -1479.1438277511577], [-985.0917895785052, -1539.1453077511405], [-983.529645147227, -1556.1772677512472], [-983.3343770934689, -1559.5168677511206], [-944.2807663125512, -1844.2734277511768], [-945.1594725551562, -1846.611147751207], [-946.1358128246402, -1849.5054677510184]]}, "properties": {"osm_id": null, "type": "residential", "width_m": 5, "extrude": false}}, {"type": "Feature", "geometry": {"type": "LineString", "coordinates": [[-940.2777712075631, -1846.0545477510302], [-977.9645056109606, -1570.2035877510325], [-979.0384799074969, -1560.6300677510785], [-979.4290160153598, -1557.067827750976], [-992.3167075729292, -1464.004307751019]]}, "properties": {"osm_id": null, "type": "footway", "width_m": 2, "extrude": false}}, {"type": "Feature", "geometry": {"type": "LineString", "coordinates": [[-647.3756903512872, -1777.9267077509992], [-637.1241175213592, -1777.2587877511037]]}, "properties": {"osm_id": null, "type": "footway", "width_m": 2, "extrude": false}}, {"type": "Feature", "geometry": {"type": "LineString", "coordinates": [[-666.9024957416594, -1626.4201877510795], [-667.5859339303328, -1629.759787750953], [-669.148078361611, -1637.4408677513345], [-667.7812019842643, -1647.682307751184], [-646.2040820278719, -1806.09066775108], [-624.6269620714794, -1958.487747751124], [-624.041157909685, -1962.8292277512367]]}, "properties": {"osm_id": null, "type": "footway", "width_m": 2, "extrude": false}}, {"type": "Feature", "geometry": {"type": "LineString", "coordinates": [[370.751942705186, -1721.153507751171], [346.3434359670474, -1716.7007077509443], [341.8522707273173, -1714.1403477510808], [332.1865020590103, -1711.9139477511649], [324.4734139298445, -1712.5818677510606], [268.82201856717984, -1700.781947751191], [265.6977297046232, -1701.561187751201], [264.9166574890707, -1701.6725077513154]]}, "properties": {"osm_id": null, "type": "footway", "width_m": 2, "extrude": false}}, {"type": "Feature", "geometry": {"type": "LineString", "coordinates": [[229.67077375938314, -1716.4780677511108], [226.25358281601595, -1714.8082677509763], [223.4221960344432, -1712.2479077511127], [221.56714952235438, -1709.4649077510203], [220.39554119893901, -1706.1253077511467]]}, "properties": {"osm_id": null, "type": "secondary", "width_m": 9, "extrude": false}}, {"type": "Feature", "geometry": {"type": "LineString", "coordinates": [[243.82770766742024, -1713.472427751185], [240.70341880486362, -1715.5875077509863], [237.18859383461745, -1716.923347751173], [233.38086678356075, -1717.2573077511208], [229.67077375938314, -1716.4780677511108]]}, "properties": {"osm_id": null, "type": "secondary", "width_m": 9, "extrude": false}}, {"type": "Feature", "geometry": {"type": "LineString", "coordinates": [[247.44016666454544, -1699.1121477510565], [259.7420540606672, -1704.01022775095], [264.03795124646587, -1705.6800277510845], [342.9262450236803, -1721.153507751171], [365.08916914186716, -1725.4949877512836], [369.0921642468553, -1726.2742277512937], [422.6932450436731, -1738.7420677510588], [432.2613796849277, -1740.4118677511933], [438.31468935593614, -1740.523187751308], [445.73487540429136, -1739.2986677512356], [458.62256696203417, -1735.1798277509565], [488.30331115545533, -1724.4931077510446]]}, "properties": {"osm_id": null, "type": "secondary", "width_m": 9, "extrude": false}}, {"type": "Feature", "geometry": {"type": "LineString", "coordinates": [[213.95169542006764, -1730.5043877512917], [212.6824530695998, -1729.0572277509905], [210.63213850375294, -1726.496867751127], [206.0433392369704, -1721.153507751171], [203.30958648227667, -1718.2591877509642], [201.84507607805077, -1716.4780677511108]]}, "properties": {"osm_id": null, "type": "footway", "width_m": 2, "extrude": false}}, {"type": "Feature", "geometry": {"type": "LineString", "coordinates": [[615.3251802201002, -1759.7815477513302], [582.7154152180537, -1700.781947751191], [581.6414409216908, -1698.3329077510464], [577.6384458165293, -1689.2046677511546]]}, "properties": {"osm_id": null, "type": "residential", "width_m": 5, "extrude": false}}, {"type": "Feature", "geometry": {"type": "LineString", "coordinates": [[362.84358652191537, -1737.2949077511532], [261.7923686265141, -1715.9214677513296]]}, "properties": {"osm_id": null, "type": "footway", "width_m": 2, "extrude": false}}, {"type": "Feature", "geometry": {"type": "LineString", "coordinates": [[720.6722953014735, -1774.4757877510112], [738.8322243144987, -1694.9933077511728], [739.3203944492408, -1692.766907751257], [741.858879150003, -1681.8575477511163]]}, "properties": {"osm_id": null, "type": "residential", "width_m": 5, "extrude": false}}, {"type": "Feature", "geometry": {"type": "LineString", "coordinates": [[488.30331115545533, -1724.4931077510446], [468.77650576508313, -1735.4024677511852], [458.32966488105023, -1740.0779077512457], [443.1963907035292, -1745.309947751087], [432.1637456580487, -1747.3137077511694], [426.40333806785077, -1747.0910677513361], [388.6189696374008, -1739.2986677512356], [367.5300198157504, -1735.2911477510709], [363.33175665683075, -1734.4005877509464], [262.57344084223996, -1712.0252677512794], [258.1799096293889, -1711.8026277510505], [251.44316176970705, -1711.6913077513316], [243.82770766742024, -1713.472427751185]]}, "properties": {"osm_id": null, "type": "secondary", "width_m": 9, "extrude": false}}, {"type": "Feature", "geometry": {"type": "LineString", "coordinates": [[366.26077746528256, -1740.300547751079], [366.7489476000245, -1738.0741477511633], [367.5300198157504, -1735.2911477510709], [369.0921642468553, -1726.2742277512937], [370.751942705186, -1721.153507751171]]}, "properties": {"osm_id": null, "type": "footway", "width_m": 2, "extrude": false}}, {"type": "Feature", "geometry": {"type": "LineString", "coordinates": [[-1140.622794513156, -848.5160277511047], [-1163.8596929278792, -756.1204277510433]]}, "properties": {"osm_id": null, "type": "residential", "width_m": 5, "extrude": false}}, {"type": "Feature", "geometry": {"type": "LineString", "coordinates": [[-1163.8596929278792, -756.1204277510433], [-1211.6027321074466, -768.0316677510274], [-1258.857601152272, -779.9429077510115], [-1235.2301666298592, -872.7837877511353]]}, "properties": {"osm_id": null, "type": "residential", "width_m": 5, "extrude": false}}, {"type": "Feature", "geometry": {"type": "LineString", "coordinates": [[-1211.6027321074466, -768.0316677510274], [-1187.2918593963602, -860.9838677512655]]}, "properties": {"osm_id": null, "type": "residential", "width_m": 5, "extrude": false}}, {"type": "Feature", "geometry": {"type": "LineString", "coordinates": [[-1429.1313441565806, -850.1858277512393], [-1381.4859390040658, -836.7161077512351]]}, "properties": {"osm_id": null, "type": "residential", "width_m": 5, "extrude": false}}, {"type": "Feature", "geometry": {"type": "LineString", "coordinates": [[-1140.622794513156, -848.5160277511047], [-1131.5428300066433, -849.8518677512915], [-1125.8800564434978, -850.7424277510205]]}, "properties": {"osm_id": null, "type": "residential", "width_m": 5, "extrude": false}}, {"type": "Feature", "geometry": {"type": "LineString", "coordinates": [[-1235.2301666298592, -872.7837877511353], [-1187.2918593963602, -860.9838677512655], [-1145.40686183387, -849.740547751177], [-1140.622794513156, -848.5160277511047]]}, "properties": {"osm_id": null, "type": "residential", "width_m": 5, "extrude": false}}, {"type": "Feature", "geometry": {"type": "LineString", "coordinates": [[-1233.5703881715285, -879.6856277511113], [-1186.0226170458925, -866.9951477511171], [-1141.7944028365714, -856.6423877511531]]}, "properties": {"osm_id": null, "type": "residential", "width_m": 5, "extrude": false}}, {"type": "Feature", "geometry": {"type": "LineString", "coordinates": [[-1141.7944028365714, -856.6423877511531], [-1140.3298924323453, -861.5404677510468], [-1144.528155591265, -903.6194277511938]]}, "properties": {"osm_id": null, "type": "service", "width_m": 3.5, "extrude": false}}, {"type": "Feature", "geometry": {"type": "LineString", "coordinates": [[-1414.681508167733, -897.7194677510613], [-1368.988783554186, -885.251627751296], [-1359.1277468319474, -882.691267751037]]}, "properties": {"osm_id": null, "type": "service", "width_m": 3.5, "extrude": false}}, {"type": "Feature", "geometry": {"type": "LineString", "coordinates": [[-1135.6434591386837, -740.9809077513], [-1138.279577866325, -745.8789877511937], [-1121.6817932845781, -756.0091077513243], [-1118.6551384490738, -760.6845477509892], [-1117.9717002604007, -767.6977077510796], [-1131.5428300066433, -849.8518677512915], [-1133.9836806805265, -864.7687477512013], [-1137.4008716237204, -889.3704677511796], [-1138.5724799473091, -915.7533077510113], [-1137.2056035699622, -938.0173077509595], [-1135.252923030821, -954.1587077513371], [-1122.9510356348726, -1010.486627751103], [-1114.9450454248963, -1046.9995877510653], [-1115.2379475057069, -1052.0089877510734], [-1118.4598703951424, -1054.9033077512804], [-1122.9510356348726, -1056.127827750957], [-1131.8357320874538, -1051.5637077510112]]}, "properties": {"osm_id": null, "type": "footway", "width_m": 2, "extrude": false}}, {"type": "Feature", "geometry": {"type": "LineString", "coordinates": [[-1404.4299353378049, -947.2568677509656], [-1363.130741937109, -936.3475077512204], [-1349.7548802446242, -929.8909477513066]]}, "properties": {"osm_id": null, "type": "service", "width_m": 3.5, "extrude": false}}, {"type": "Feature", "geometry": {"type": "LineString", "coordinates": [[-1117.385896098606, -1009.0394677511973], [-1122.9510356348726, -1010.486627751103], [-1148.433516669374, -1016.7205477511834], [-1186.0226170458925, -866.9951477511171]]}, "properties": {"osm_id": null, "type": "residential", "width_m": 5, "extrude": false}}, {"type": "Feature", "geometry": {"type": "LineString", "coordinates": [[-1235.2301666298592, -872.7837877511353], [-1234.058558306444, -877.57054775131], [-1233.5703881715285, -879.6856277511113], [-1200.0819169270505, -1008.1489077510729], [-1201.4487933043974, -1018.0563877509746]]}, "properties": {"osm_id": null, "type": "residential", "width_m": 5, "extrude": false}}, {"type": "Feature", "geometry": {"type": "LineString", "coordinates": [[-1458.6168202962438, -991.339587751195], [-1334.0358019053087, -959.6133877510119], [-1326.5179818300746, -955.9398277511906]]}, "properties": {"osm_id": null, "type": "residential", "width_m": 5, "extrude": false}}, {"type": "Feature", "geometry": {"type": "LineString", "coordinates": [[-1401.012744394438, -1017.9450677512557], [-1331.0091470698046, -999.1319877512956], [-1308.7485889247387, -1012.2677477509565], [-1300.4496966337786, -1016.0526277512878], [-1282.1921335937009, -985.2169877512291]]}, "properties": {"osm_id": null, "type": "service", "width_m": 3.5, "extrude": false}}, {"type": "Feature", "geometry": {"type": "LineString", "coordinates": [[-1318.6096256468038, -1060.4693077510697], [-1323.3936929675178, -1038.316627751236], [-1308.7485889247387, -1012.2677477509565]]}, "properties": {"osm_id": null, "type": "service", "width_m": 3.5, "extrude": false}}, {"type": "Feature", "geometry": {"type": "LineString", "coordinates": [[-1384.9031299472595, -1078.1691877510718], [-1318.6096256468038, -1060.4693077510697], [-1220.3897945331487, -1035.3109877513102]]}, "properties": {"osm_id": null, "type": "service", "width_m": 3.5, "extrude": false}}, {"type": "Feature", "geometry": {"type": "LineString", "coordinates": [[-1131.8357320874538, -1051.5637077510112], [-1134.374216788216, -1056.4617877513003], [-1138.0843098123935, -1063.0296677513286], [-1140.4275264593978, -1067.3711477510456]]}, "properties": {"osm_id": null, "type": "footway", "width_m": 2, "extrude": false}}, {"type": "Feature", "geometry": {"type": "LineString", "coordinates": [[-1083.3116206923337, -1066.2579477510876], [-1065.932763894861, -1058.1315877510394], [-1057.4386035499692, -1057.0183877510815], [-1057.4386035499692, -1081.7314277511744]]}, "properties": {"osm_id": null, "type": "service", "width_m": 3.5, "extrude": false}}, {"type": "Feature", "geometry": {"type": "LineString", "coordinates": [[-1103.13132816369, -1100.7671477509678], [-1109.37990588863, -1099.4313077511765], [-1114.9450454248963, -1096.4256677512508], [-1119.5338446915055, -1091.9728677510238], [-1122.5604995270096, -1086.29554775112], [-1123.9273759043565, -1080.1729477511542], [-1123.536839796667, -1073.7163877512403], [-1121.2912571767154, -1067.9277477512223], [-1117.5811641525377, -1062.9183477512142], [-1112.504194751013, -1059.1334677512784], [-1106.5485191068838, -1056.9070677509671], [-1099.9094052742544, -1056.4617877513003], [-1093.4655594953829, -1058.0202677513205], [-1087.705151905185, -1061.359867751194], [-1083.3116206923337, -1066.2579477510876], [-1080.6755019646926, -1071.8239477512725], [-1079.6015276681562, -1077.835227751124], [-1079.992063776019, -1082.5106677511844], [-1081.2613061263137, -1086.9634677510157], [-1083.4092547192129, -1090.9709877511805], [-1086.4359095548905, -1094.5332277512828], [-1089.1696623094108, -1096.7596277511987], [-1093.4655594953829, -1099.0973477512287], [-1098.1519927890445, -1100.43318775102], [-1103.13132816369, -1100.7671477509678]]}, "properties": {"osm_id": null, "type": "tertiary", "width_m": 7, "extrude": false}}, {"type": "Feature", "geometry": {"type": "LineString", "coordinates": [[-1478.729429848237, -916.7551877512503], [-1521.5907676802115, -929.5569877509633]]}, "properties": {"osm_id": null, "type": "service", "width_m": 3.5, "extrude": false}}, {"type": "Feature", "geometry": {"type": "LineString", "coordinates": [[-1783.7381300467032, -958.1662277511064], [-1804.3389097334384, -963.84354775101], [-1813.2236061861927, -962.0624277511565], [-1811.9543638357247, -953.9360677511082], [-1791.841754283732, -918.8702677510515], [-1783.7381300467032, -903.2854677512461]]}, "properties": {"osm_id": null, "type": "service", "width_m": 3.5, "extrude": false}}, {"type": "Feature", "geometry": {"type": "LineString", "coordinates": [[-1700.846841164327, -915.1967077512302], [-1717.0540896383845, -920.4287477510717], [-1754.545555988024, -940.2437077512707], [-1783.7381300467032, -958.1662277511064]]}, "properties": {"osm_id": null, "type": "service", "width_m": 3.5, "extrude": false}}, {"type": "Feature", "geometry": {"type": "LineString", "coordinates": [[-1783.7381300467032, -958.1662277511064], [-1779.832768968594, -949.149307751329], [-1760.3059635780485, -923.6570277512262]]}, "properties": {"osm_id": null, "type": "service", "width_m": 3.5, "extrude": false}}, {"type": "Feature", "geometry": {"type": "LineString", "coordinates": [[-1509.0936122303317, -978.5377877510865], [-1465.1583001019942, -966.515227750988]]}, "properties": {"osm_id": null, "type": "service", "width_m": 3.5, "extrude": false}}, {"type": "Feature", "geometry": {"type": "LineString", "coordinates": [[-2777.5548903919166, -991.506567751169], [-2775.309307771965, -992.8980677512152], [-2751.1937031148104, -990.7829877510185], [-2739.184717799846, -995.1244677511309], [-2727.8591706733814, -994.6791877510686], [-2723.85617556822, -984.6603877510524], [-2715.947819385123, -982.5453077512511], [-2688.805559892464, -984.1037877512713], [-2666.8379038282087, -985.4396277510625], [-2651.411727569877, -981.7660677512412], [-2630.9085819098477, -982.5453077512511], [-2614.7989674628425, -976.9793077510665], [-2607.2811473874344, -979.2057077509821], [-2598.7869870427166, -975.6434677512752]]}, "properties": {"osm_id": null, "type": "footway", "width_m": 2, "extrude": false}}, {"type": "Feature", "geometry": {"type": "LineString", "coordinates": [[-1394.3736305616349, -1238.469987751331], [-1415.3649463564066, -1160.7686277509506], [-1427.4715656984233, -1112.2331077512852], [-1440.2616232291136, -1063.5862677511097], [-1452.563510625062, -1015.1620677511632], [-1458.6168202962438, -991.339587751195], [-1465.1583001019942, -966.515227750988], [-1478.729429848237, -916.7551877512503], [-1502.8450345053916, -822.4671477512209], [-1514.3658496857875, -777.1599077513146], [-1519.052282979449, -758.6807877513023], [-1481.7560846837412, -748.9959477512339], [-1408.8234665506561, -729.960227751045]]}, "properties": {"osm_id": null, "type": "residential", "width_m": 5, "extrude": false}}, {"type": "Feature", "geometry": {"type": "LineString", "coordinates": [[-1496.5964567804517, -1027.4072677510953], [-1452.563510625062, -1015.1620677511632]]}, "properties": {"osm_id": null, "type": "service", "width_m": 3.5, "extrude": false}}, {"type": "Feature", "geometry": {"type": "LineString", "coordinates": [[-2777.5548903919166, -844.2050413485531], [-2772.673189044324, -845.3990677510646], [-2765.1553689690895, -844.0632277512734], [-2752.462945465278, -833.8217877510283], [-2740.8444962580033, -835.7142277509962]]}, "properties": {"osm_id": null, "type": "footway", "width_m": 2, "extrude": false}}, {"type": "Feature", "geometry": {"type": "LineString", "coordinates": [[-2777.5548903919166, -1782.8215765972373], [-2752.0724093574154, -1836.9263077511387], [-2742.894810824024, -1877.5581077509846], [-2729.5189491315386, -1888.2448277512917], [-2697.6902563450453, -1901.3805877509528], [-2636.7666235270976, -1916.9653877511537], [-2541.671081275653, -1943.9048277511622], [-2529.7597299875674, -1949.248187751118], [-2510.721094731937, -1955.2594677509696], [-2498.6144753897465, -1957.151907751333], [-2480.9427165114635, -1957.8198277512286], [-2464.4425659565954, -1957.263227751052], [-2438.4719147873516, -1954.257587751126], [-2427.732171822682, -1954.4802277509596], [-2419.9214496664636, -1956.2613477512084], [-2411.0367532137093, -1960.1575477512588], [-2400.785180383781, -1968.6178677512548], [-2395.708210982257, -1972.0687877512428], [-2389.7525353383003, -1973.9612277512108], [-2384.4802978828443, -1974.9631077510542], [-2356.752234228391, -1973.0706677510861], [-2351.6752648268666, -1973.293307751315], [-2345.914857236669, -1974.7404677512209], [-2340.4473517274546, -1978.636667751271], [-2335.8585524606724, -1983.8687077511124], [-2332.734263598289, -1992.5516677513374], [-2328.536000439196, -2020.4929877511893], [-2327.3643921157804, -2041.755107751294], [-2326.8762219810387, -2044.5381077509908], [-2325.4117115768126, -2047.09846775125], [-2323.8495671455344, -2048.2116677512076], [-2321.701618552635, -2048.8795877511034], [-2309.594999210618, -2050.660707750957]]}, "properties": {"osm_id": null, "type": "residential", "width_m": 5, "extrude": false}}, {"type": "Feature", "geometry": {"type": "LineString", "coordinates": [[-1739.9004519450714, -1064.810787751182], [-1672.9235094559422, -1041.544907750995]]}, "properties": {"osm_id": null, "type": "service", "width_m": 3.5, "extrude": false}}, {"type": "Feature", "geometry": {"type": "LineString", "coordinates": [[-1482.7324249533985, -1075.3861877509794], [-1440.2616232291136, -1063.5862677511097]]}, "properties": {"osm_id": null, "type": "service", "width_m": 3.5, "extrude": false}}, {"type": "Feature", "geometry": {"type": "LineString", "coordinates": [[-1721.1547187702517, -836.2708277511729], [-1709.2433674821664, -817.903027751275], [-1687.4709794718424, -799.7578677512105], [-1676.438334426362, -795.5277077512125], [-1666.5772977041233, -794.0805477513068], [-1655.8375547394535, -808.1068677510922], [-1643.3403992895737, -840.8349477511188], [-1643.0474972085897, -850.9650677512493], [-1647.5386624484934, -868.5536277511371], [-1650.5653172839975, -875.2328277512798], [-1654.0801422542436, -879.9082677509446], [-1659.059477628889, -883.4705077510471], [-1680.0507934234872, -892.3761077511053], [-1687.8615155797054, -898.1647477511235], [-1693.6219231699033, -903.1741477511316], [-1697.917820355702, -908.6288277512019], [-1700.846841164327, -915.1967077512302], [-1701.823181433811, -921.3193077511961], [-1702.0184494877426, -926.6626677511521], [-1672.9235094559422, -1041.544907750995], [-1622.2514494679233, -1239.694507751008], [-1583.6860088217472, -1390.9783877510943], [-1584.8576171451627, -1393.3161077511245], [-1590.6180247353607, -1397.6575877512369]]}, "properties": {"osm_id": null, "type": "service", "width_m": 3.5, "extrude": false}}, {"type": "Feature", "geometry": {"type": "LineString", "coordinates": [[-2585.3134913233525, -1001.2470677510969], [-2551.239215916907, -1024.8469077512318], [-2506.7180996267753, -1050.0052277509913], [-2492.5611657187383, -1074.0503477511882], [-2482.1143248348785, -1077.7239077510096], [-2478.404231810701, -1083.5125477510278], [-2462.1969833366434, -1084.0691477512044], [-2451.164338291163, -1091.861547751305], [-2437.105038410005, -1098.6520677511664], [-2424.022078798504, -1115.4613877510442], [-2415.6255524804915, -1118.1330677510223], [-2403.030763003733, -1121.2500277510624], [-2393.560262389357, -1120.1368277511046], [-2389.9478033920586, -1137.9480277512212], [-2378.915158346578, -1156.8724277512958], [-2370.518632028739, -1154.2007477513177], [-2362.1221057107264, -1163.1063477509806], [-2345.4266871019267, -1156.8724277512958], [-2338.104135080624, -1161.5478677509604], [-2316.03884498949, -1158.4309077513158], [-2308.716292968013, -1177.2439877512759], [-2300.905570811795, -1180.9175477510973], [-2267.9052697020593, -1181.474147751274], [-2249.0619025003607, -1202.958907751212], [-2232.366483891388, -1211.1965877509792], [-2225.727370058758, -1211.753187751156], [-2222.6030811962014, -1212.1984677512182]]}, "properties": {"osm_id": null, "type": "footway", "width_m": 2, "extrude": false}}, {"type": "Feature", "geometry": {"type": "LineString", "coordinates": [[-1471.7974139346236, -1123.9217077510402], [-1427.4715656984233, -1112.2331077512852]]}, "properties": {"osm_id": null, "type": "service", "width_m": 3.5, "extrude": false}}, {"type": "Feature", "geometry": {"type": "LineString", "coordinates": [[-2567.153562310154, -1423.4838277512874], [-2585.3134913233525, -1410.5707077510644], [-2603.6686883903094, -1379.6237477512868], [-2613.5297251123743, -1372.3879477509674], [-2622.0238854572663, -1366.1540277512827], [-2640.6719846050332, -1358.8069077512444], [-2654.53601643226, -1341.4409877511898], [-2664.4946871813777, -1312.720427751328], [-2667.716610070813, -1280.8829077510304], [-2668.2047802055554, -1248.6001077510662], [-2668.3024142326076, -1185.036387750981], [-2666.154465639535, -1179.136427751244], [-2658.050841402506, -1172.4572277511013], [-2629.3464374787427, -1157.651667751306], [-2607.476415441366, -1143.5140277510104], [-2584.044248972885, -1133.1612677510466], [-2577.8933052749976, -1126.3707477511848], [-2578.1862073558077, -1027.963867751272], [-2582.3844705147276, -1006.7017477511672], [-2585.3134913233525, -1001.2470677510969], [-2598.7869870427166, -975.6434677512752], [-2620.7546431067985, -907.626947750963], [-2631.6896541255733, -895.7157077509789], [-2654.8289185130707, -876.3460277512377], [-2691.5393126471577, -859.314067751131], [-2693.5896272131777, -857.6442677509965], [-2699.838204938118, -846.1783077510746], [-2701.2050813154647, -831.3727477512792], [-2697.006818156545, -820.6860277509719]]}, "properties": {"osm_id": null, "type": "track", "width_m": 3, "extrude": false}}, {"type": "Feature", "geometry": {"type": "LineString", "coordinates": [[-1496.4011887266936, -1291.6809477510567], [-1533.6973870224015, -1148.3007877511852], [-1568.4551006173472, -1015.1620677511632]]}, "properties": {"osm_id": null, "type": "primary", "width_m": 13, "extrude": false}}, {"type": "Feature", "geometry": {"type": "LineString", "coordinates": [[-1459.104990430986, -1173.0138277512779], [-1415.3649463564066, -1160.7686277509506]]}, "properties": {"osm_id": null, "type": "service", "width_m": 3.5, "extrude": false}}, {"type": "Feature", "geometry": {"type": "LineString", "coordinates": [[-2734.010114371269, -1206.6324677510333], [-2712.140092334066, -1185.036387750981], [-2679.2374252512095, -1177.9119077511716], [-2666.154465639535, -1179.136427751244]]}, "properties": {"osm_id": null, "type": "footway", "width_m": 2, "extrude": false}}, {"type": "Feature", "geometry": {"type": "LineString", "coordinates": [[-2588.047244077873, -1159.766747751107], [-2579.553083733155, -1157.2063877512435], [-2573.402140035094, -1157.9856277512536], [-2566.3724900946013, -1161.659187751075], [-2565.3961498251174, -1170.119507751071], [-2555.632747129758, -1171.4553477512577], [-2535.4225035507125, -1194.0533077511536], [-2535.715405631523, -1215.8720277510397], [-2532.4934827422608, -1221.32670775111], [-2527.6117813946676, -1223.2191477510778], [-2522.2419099121594, -1231.6794677510738], [-2514.1382856751306, -1234.239827751333], [-2503.0080066025976, -1231.3455077511262]]}, "properties": {"osm_id": null, "type": "footway", "width_m": 2, "extrude": false}}, {"type": "Feature", "geometry": {"type": "LineString", "coordinates": [[-1045.0390821271421, -1109.3387877510784], [-995.8315325433487, -817.3464277510983]]}, "properties": {"osm_id": null, "type": "footway", "width_m": 2, "extrude": false}}, {"type": "Feature", "geometry": {"type": "LineString", "coordinates": [[-1068.5688826225023, -1096.4256677512508], [-1066.9091041643449, -1097.3162277509798], [-836.395166530589, -1223.9983877510879]]}, "properties": {"osm_id": null, "type": "residential", "width_m": 5, "extrude": false}}, {"type": "Feature", "geometry": {"type": "LineString", "coordinates": [[-836.395166530589, -1223.9983877510879], [-833.0756096141009, -1220.1021877510377], [-828.6820784012499, -1217.6531477512885], [-823.6051089997253, -1216.7625877511641], [-818.5281395982008, -1217.6531477512885], [-814.1346083855232, -1220.213507751152], [-810.815051469035, -1224.1097077512022], [-809.0576389839987, -1229.007787751096], [-809.0576389839987, -1234.017187751104], [-811.1079535498455, -1239.4718677511744], [-815.0133146279546, -1243.590707751058], [-820.2855520834106, -1246.0397477512026], [-825.9483256465561, -1246.262387751036], [-831.4158311559436, -1244.2586277509536], [-835.6140943148632, -1240.362427751299], [-838.0549449887463, -1235.2417077511764], [-838.3478470695569, -1229.4530677511582], [-836.395166530589, -1223.9983877510879]]}, "properties": {"osm_id": null, "type": "residential", "width_m": 5, "extrude": false}}, {"type": "Feature", "geometry": {"type": "LineString", "coordinates": [[-799.7824064235546, -1235.5756677511242], [-809.0576389839987, -1234.017187751104]]}, "properties": {"osm_id": null, "type": "footway", "width_m": 2, "extrude": false}}, {"type": "Feature", "geometry": {"type": "LineString", "coordinates": [[-1021.8021837125922, -1345.4485077509592], [-1015.5536059876524, -1343.2221077510435], [-1012.2340490711642, -1341.886267751252], [-1010.3790025590754, -1339.1032677511598], [-1009.2073942356601, -1335.095747750995], [-1009.4026622895915, -1331.4221877511736], [-1025.7075447905281, -1271.3093877510764], [-1057.6338716039008, -1156.5384677509523], [-1058.8054799273164, -1154.6460277509846], [-1061.2463306011996, -1152.864907751131], [-1064.3706194635827, -1151.6403877510588], [-1068.3736145687442, -1151.7517077511732], [-1072.7671457815952, -1154.4233877511513], [-1075.1103624284262, -1158.5422277510347]]}, "properties": {"osm_id": null, "type": "service", "width_m": 3.5, "extrude": false}}, {"type": "Feature", "geometry": {"type": "LineString", "coordinates": [[-1089.1696623094108, -1096.7596277511987], [-1089.3649303633424, -1104.8859877512468], [-1087.607517878306, -1112.678387750952], [-1075.1103624284262, -1158.5422277510347], [-1061.2463306011996, -1206.8551077512623], [-1033.3229988928147, -1306.1525477512998], [-1021.8021837125922, -1345.4485077509592], [-1005.9854713462242, -1403.557547750974], [-1001.0061359717523, -1414.4669077511146], [-994.9528263007438, -1423.372507751173]]}, "properties": {"osm_id": null, "type": "tertiary", "width_m": 7, "extrude": false}}, {"type": "Feature", "geometry": {"type": "LineString", "coordinates": [[-1005.204399130672, -1269.0829877511608], [-1008.5239560469867, -1268.4150677512653], [-1012.7222192059062, -1268.1924277510363], [-1017.0181163918783, -1268.749027751213], [-1025.7075447905281, -1271.3093877510764]]}, "properties": {"osm_id": null, "type": "footway", "width_m": 2, "extrude": false}}, {"type": "Feature", "geometry": {"type": "LineString", "coordinates": [[-982.7485729316745, -1300.2525877511673], [-991.6332693842558, -1296.8016677511791], [-997.4913110015061, -1295.6884677512214], [-1001.5919401333732, -1295.1318677510446], [-1005.5949352385348, -1293.5733877510247], [-1008.0357859122446, -1290.567747751099], [-1009.3050282627124, -1286.1149477512674], [-1008.621590074039, -1281.8847877512694], [-1007.0594456427606, -1278.5451877510004], [-1006.1807394001557, -1276.3187877510845], [-1005.5949352385348, -1273.3131477511588], [-1005.204399130672, -1269.0829877511608], [-1003.6422546993936, -1264.4075477511005], [-1000.6155998638894, -1259.2868277509779], [-996.0268005971069, -1251.494427751273], [-986.1657638750416, -1239.8058277511223], [-966.8342265384275, -1224.8889477512123], [-938.2274566415427, -1215.0927877510296], [-927.8782497845624, -1216.6512677510495], [-918.7982852780497, -1217.6531477512885], [-907.2774700976537, -1223.1078277509635], [-898.8809437798145, -1227.3379877509615], [-888.824639003818, -1235.6869877512386], [-880.2328446320473, -1245.483147751026], [-870.7623440176718, -1260.845307750998], [-869.2001995863934, -1269.528267751223], [-865.7830086430263, -1282.1074277511027], [-866.7593489126837, -1295.9111077510547], [-866.9546169664417, -1306.3751877511331], [-868.0285912629781, -1316.8392677512115], [-872.7150245566396, -1326.635427750999], [-878.4754321468375, -1341.6636277510233], [-876.2298495268858, -1350.5692277510816], [-858.5580906486025, -1364.7068677509815], [-848.6970539265374, -1366.8219477511782]]}, "properties": {"osm_id": null, "type": "footway", "width_m": 2, "extrude": false}}, {"type": "Feature", "geometry": {"type": "LineString", "coordinates": [[-998.955821405732, -1401.3311477510583], [-1002.1777442951676, -1402.444347751016]]}, "properties": {"osm_id": null, "type": "footway", "width_m": 2, "extrude": false}}, {"type": "Feature", "geometry": {"type": "LineString", "coordinates": [[-1002.1777442951676, -1402.444347751016], [-1005.9854713462242, -1403.557547750974], [-1010.8671726938173, -1405.0047077512752], [-1017.4086524997412, -1406.7858277511286]]}, "properties": {"osm_id": null, "type": "footway", "width_m": 2, "extrude": false}}, {"type": "Feature", "geometry": {"type": "LineString", "coordinates": [[-1079.6015276681562, -1077.835227751124], [-1075.9890686708577, -1084.959707751329], [-1073.645852024027, -1089.4125077511603], [-1071.5955374581802, -1092.752107751034], [-1068.5688826225023, -1096.4256677512508]]}, "properties": {"osm_id": null, "type": "residential", "width_m": 5, "extrude": false}}, {"type": "Feature", "geometry": {"type": "LineString", "coordinates": [[-1068.5688826225023, -1096.4256677512508], [-1072.669511754543, -1095.6464277512407], [-1077.551213102136, -1094.4219077511684], [-1081.456574180245, -1094.0879477512206], [-1086.4359095548905, -1094.5332277512828]]}, "properties": {"osm_id": null, "type": "residential", "width_m": 5, "extrude": false}}, {"type": "Feature", "geometry": {"type": "LineString", "coordinates": [[-1140.0369903515348, -1122.8085077510825], [-1144.8210576720755, -1119.6915477510422], [-1150.3861972085153, -1098.7633877512808], [-1160.540136011391, -1088.0766677509737], [-1186.7060552345658, -1070.4881077510859]]}, "properties": {"osm_id": null, "type": "footway", "width_m": 2, "extrude": false}}, {"type": "Feature", "geometry": {"type": "LineString", "coordinates": [[-1313.5326562454527, -1161.2139077510128], [-1325.9321776682802, -1153.7554677512555], [-1328.8611984769052, -1145.7404277513217], [-1323.2960589406389, -1131.8254277512553], [-1323.8818631022598, -1120.02550775099], [-1329.0564665308366, -1102.993547751279]]}, "properties": {"osm_id": null, "type": "footway", "width_m": 2, "extrude": false}}, {"type": "Feature", "geometry": {"type": "LineString", "coordinates": [[-1162.0046464157901, -1167.5591477512075], [-1165.2265693052261, -1159.0988277512115], [-1169.4248324641458, -1148.8573877509664], [-1169.9130025988875, -1137.6140677512735], [-1176.454482404638, -1132.8273077510987], [-1187.8776635579814, -1131.4914677513075], [-1195.98128779501, -1127.4839477511428], [-1209.6500515683053, -1131.4914677513075]]}, "properties": {"osm_id": null, "type": "footway", "width_m": 2, "extrude": false}}, {"type": "Feature", "geometry": {"type": "LineString", "coordinates": [[-1261.1031837720504, -1126.9273477509662], [-1256.1238483975783, -1135.6103077511912], [-1248.0202241605496, -1140.3970677509703], [-1241.7716464356095, -1146.6309877510507], [-1240.8929401930047, -1156.5384677509523], [-1245.3841054327347, -1160.4346677510027], [-1249.5823685918278, -1171.232707751029], [-1252.3161213463482, -1186.3722277511677]]}, "properties": {"osm_id": null, "type": "footway", "width_m": 2, "extrude": false}}, {"type": "Feature", "geometry": {"type": "LineString", "coordinates": [[-1154.584460367435, -1193.2740677511438], [-1159.3685276879758, -1181.2515077510452], [-1162.0046464157901, -1167.5591477512075], [-1149.5074909659104, -1159.6554277509927], [-1142.2825729714866, -1147.2989077509462], [-1140.0369903515348, -1122.8085077510825], [-1129.2972473866914, -1132.8273077510987]]}, "properties": {"osm_id": null, "type": "footway", "width_m": 2, "extrude": false}}, {"type": "Feature", "geometry": {"type": "LineString", "coordinates": [[-1240.8929401930047, -1156.5384677509523], [-1232.4964138751657, -1156.649787751067], [-1223.514083395532, -1160.6573077512317], [-1211.016927945652, -1158.4309077513158]]}, "properties": {"osm_id": null, "type": "footway", "width_m": 2, "extrude": false}}, {"type": "Feature", "geometry": {"type": "LineString", "coordinates": [[-1327.4943220995583, -1264.296227750986], [-1332.18075539322, -1251.494427751273], [-1346.825859435999, -1239.583187751289], [-1353.074437160939, -1225.4455477509937], [-1354.6365815922172, -1213.6456277511238], [-1350.6335864872292, -1202.0683477510877], [-1329.251734584595, -1182.9213077511797], [-1321.050476320687, -1175.1289077510792], [-1313.5326562454527, -1161.2139077510128], [-1302.9881813345407, -1157.5403477511913], [-1286.1951286988624, -1153.7554677512555], [-1267.742297604853, -1148.8573877509664], [-1253.682997723695, -1146.8536277512796], [-1248.0202241605496, -1140.3970677509703], [-1240.8929401930047, -1130.3782677509541], [-1237.7686513306217, -1117.5764677512411], [-1240.7953061661258, -1109.895387751255], [-1247.6296880526866, -1108.4482277509537], [-1259.2481372599616, -1113.4576277509618], [-1266.4730552543854, -1113.3463077512429], [-1270.6713184134783, -1109.895387751255], [-1275.1624836532085, -1089.969107751337]]}, "properties": {"osm_id": null, "type": "footway", "width_m": 2, "extrude": false}}, {"type": "Feature", "geometry": {"type": "LineString", "coordinates": [[-1350.6335864872292, -1202.0683477510877], [-1356.0034579695641, -1194.498587751216], [-1361.861499586641, -1172.5685477512156], [-1367.9148092576497, -1167.5591477512075], [-1383.145717462223, -1126.2594277510705], [-1381.1930369230818, -1121.2500277510624], [-1369.476953688928, -1114.3481877510865], [-1363.814180125609, -1111.8991477513373], [-1329.0564665308366, -1102.993547751279], [-1316.4616770539046, -1099.4313077511765], [-1275.1624836532085, -1089.969107751337], [-1223.8069854763423, -1075.9427877511562], [-1219.803990371354, -1076.8333477512806], [-1208.087907137027, -1124.1443477512692], [-1209.6500515683053, -1131.4914677513075], [-1213.0672425116725, -1139.9517877513035], [-1211.016927945652, -1158.4309077513158], [-1205.8423245172487, -1182.9213077511797], [-1201.3511592773452, -1200.5098677510675], [-1193.7357051752317, -1226.0021477511702], [-1189.9279781240016, -1231.4568277512406], [-1179.9693073748842, -1246.151067751317], [-1180.4574775096262, -1258.6189077510824], [-1174.7947039464805, -1267.190547751193], [-1173.7207296499441, -1285.224387751143], [-1166.1052755476576, -1308.3789477512155]]}, "properties": {"osm_id": null, "type": "footway", "width_m": 2, "extrude": false}}, {"type": "Feature", "geometry": {"type": "LineString", "coordinates": [[-1114.8474113978439, -1151.1951077509966], [-1125.489520335635, -1174.7949477511313], [-1154.584460367435, -1193.2740677511438], [-1155.072630502177, -1211.6418677510414], [-1150.5814652622735, -1220.1021877510377], [-1156.8300429872133, -1223.66442775114], [-1164.933667224242, -1223.66442775114], [-1170.9869768952506, -1221.7719877511722], [-1189.9279781240016, -1231.4568277512406], [-1199.1055766575669, -1239.0265877511122], [-1205.5494224364381, -1252.7189477509498], [-1211.895634188257, -1260.9566277511126], [-1221.561402856564, -1272.0886277510865], [-1231.7153416594397, -1280.994227751145], [-1243.333790866888, -1287.562107751173], [-1260.4197455833769, -1296.8016677511791], [-1275.845921841882, -1301.8110677511872], [-1284.8282523215155, -1303.1469077509787], [-1302.597645226678, -1304.3714277510508], [-1313.8255583262633, -1303.1469077509787]]}, "properties": {"osm_id": null, "type": "footway", "width_m": 2, "extrude": false}}, {"type": "Feature", "geometry": {"type": "LineString", "coordinates": [[-1327.4943220995583, -1295.577147751107], [-1325.444007533538, -1289.1205877511932], [-1329.9351727732683, -1270.307507751233], [-1327.4943220995583, -1264.296227750986], [-1315.8758728922835, -1264.964147751277], [-1288.9288814533827, -1268.9716677510464], [-1281.4110613781484, -1265.1867877511106]]}, "properties": {"osm_id": null, "type": "footway", "width_m": 2, "extrude": false}}, {"type": "Feature", "geometry": {"type": "LineString", "coordinates": [[-1281.4110613781484, -1265.1867877511106], [-1273.6979732489826, -1261.4019077511748], [-1262.6653282033287, -1248.6001077510662], [-1242.3574505972306, -1237.690747751321], [-1225.3691299076206, -1219.2116277513087], [-1226.4431042041572, -1210.7513077513127], [-1237.9639193843796, -1193.496707750977], [-1252.3161213463482, -1186.3722277511677], [-1262.6653282033287, -1179.3590677510772], [-1279.7512829199911, -1182.9213077511797], [-1298.4970160948105, -1195.9457477511216], [-1305.7219340892345, -1208.5249077510014], [-1310.0178312750331, -1216.9852277509974], [-1308.9438569786703, -1232.0134277510217], [-1288.2454432647091, -1252.051027751054], [-1281.4110613781484, -1265.1867877511106]]}, "properties": {"osm_id": null, "type": "footway", "width_m": 2, "extrude": false}}, {"type": "Feature", "geometry": {"type": "LineString", "coordinates": [[-1140.4275264593978, -1067.3711477510456], [-1131.6404640336957, -1073.3824277512927], [-1130.2735876563488, -1077.055987751114], [-1129.7854175216069, -1089.8577877512225], [-1125.0989842277718, -1097.0935877511463], [-1118.6551384490738, -1102.4369477511023], [-1110.2586121310612, -1106.3331477511524], [-1104.2053024600527, -1109.7840677511406], [-1101.764451786343, -1113.2349877511285], [-1074.3292902127002, -1210.1947077511359], [-1050.408953609477, -1294.6865877509824], [-1046.015422396626, -1309.7147877510067], [-1024.8288385480964, -1382.8520277510459], [-1020.1424052542615, -1398.7707877511948], [-1017.4086524997412, -1406.7858277511286], [-1015.7488740415839, -1413.5763477509902], [-1015.4559719605999, -1418.363107751165], [-1016.2370441763258, -1421.814027751153], [-1018.6778948500357, -1424.930987751193], [-1021.6069156586608, -1426.6007877513275], [-1024.1454003594229, -1427.2687077512232], [-1028.7341996262057, -1426.7121077510465], [-1034.396973189351, -1425.5989077510887], [-1158.1969193645602, -1398.214187751018], [-1180.0669414019364, -1393.20478775101], [-1196.0789218220625, -1389.642547751303], [-1227.1265423928305, -1382.8520277510459], [-1231.9106097133713, -1381.7388277510881], [-1283.6566439981002, -1370.2728677511661], [-1333.5476317705668, -1359.3635077510255], [-1372.5036085244321, -1350.6805477511962], [-1413.9004359521805, -1341.3296677510755]]}, "properties": {"osm_id": null, "type": "footway", "width_m": 2, "extrude": false}}, {"type": "Feature", "geometry": {"type": "LineString", "coordinates": [[-1032.1513905693992, -1365.597427751106], [-1052.5569022023762, -1371.6087077509574], [-1055.778825091812, -1370.0502277513328], [-1086.240641500959, -1260.2887077512169], [-1114.8474113978439, -1151.1951077509966]]}, "properties": {"osm_id": null, "type": "footway", "width_m": 2, "extrude": false}}, {"type": "Feature", "geometry": {"type": "LineString", "coordinates": [[-1407.7494922541198, -1242.2548677512668], [-1397.4002853971392, -1270.307507751233], [-1372.2107064436216, -1283.9998677510707]]}, "properties": {"osm_id": null, "type": "service", "width_m": 3.5, "extrude": false}}, {"type": "Feature", "geometry": {"type": "LineString", "coordinates": [[-1010.4766365861279, -1426.4894677512132], [-1009.5002963166439, -1421.3687477510907], [-1009.2073942356601, -1416.136707751249], [-1009.6955643704018, -1410.4593877509499], [-1010.8671726938173, -1405.0047077512752], [-1017.7991886074308, -1380.8482677509637], [-1022.5832559281448, -1363.0370677512424], [-1038.692870375323, -1307.5997077512054], [-1066.1280319487926, -1207.9683077512202], [-1093.1726574145723, -1113.2349877511285], [-1094.8324358727298, -1109.7840677511406], [-1096.8827504387502, -1106.555787750986], [-1099.6165031932703, -1103.104867750998], [-1103.13132816369, -1100.7671477509678]]}, "properties": {"osm_id": null, "type": "tertiary", "width_m": 7, "extrude": false}}, {"type": "Feature", "geometry": {"type": "LineString", "coordinates": [[-1130.6641237640383, -1294.1299877512013], [-1131.0546598719013, -1288.4526677512977], [-1137.2056035699622, -1285.3357077512574], [-1140.7204285402083, -1273.4244677512734], [-1139.060650082051, -1263.4056677512572], [-1131.2499279258327, -1258.8415477513113], [-1128.906711279002, -1249.3793477510762]]}, "properties": {"osm_id": null, "type": "footway", "width_m": 2, "extrude": false}}, {"type": "Feature", "geometry": {"type": "LineString", "coordinates": [[-1439.1876489327506, -1338.546667750983], [-1434.8917517467787, -1332.8693477510794], [-1435.1846538275893, -1328.7505077511958], [-1452.563510625062, -1261.2905877510602], [-1451.9777064634409, -1257.1717477511768], [-1447.486541223711, -1251.9397077513352], [-1407.7494922541198, -1242.2548677512668], [-1394.3736305616349, -1238.469987751331]]}, "properties": {"osm_id": null, "type": "residential", "width_m": 5, "extrude": false}}, {"type": "Feature", "geometry": {"type": "LineString", "coordinates": [[-1315.8758728922835, -1264.964147751277], [-1314.6066305418155, -1288.2300277510687], [-1313.8255583262633, -1303.1469077509787], [-1314.4113624878842, -1312.052507751037], [-1316.8522131617674, -1319.9562277512518]]}, "properties": {"osm_id": null, "type": "footway", "width_m": 2, "extrude": false}}, {"type": "Feature", "geometry": {"type": "LineString", "coordinates": [[-1314.4113624878842, -1312.052507751037], [-1298.3993820677583, -1314.1675877512337], [-1281.1181592973378, -1318.6203877510652], [-1272.9169010332566, -1321.4033877511574], [-1269.7926121708736, -1311.8298677512034], [-1264.227472634607, -1307.822347751039], [-1255.538044235784, -1306.709147751081], [-1243.1385228129566, -1310.2713877511835]]}, "properties": {"osm_id": null, "type": "footway", "width_m": 2, "extrude": false}}, {"type": "Feature", "geometry": {"type": "LineString", "coordinates": [[-2777.5548903919166, -1199.092128036768], [-2770.427606424372, -1199.7306277510575], [-2747.8741461984955, -1206.743787751148], [-2734.010114371269, -1206.6324677510333], [-2717.2170617355905, -1211.3079077510938], [-2700.4240090997387, -1207.0777477510958], [-2679.82322941283, -1234.9077477512285], [-2668.2047802055554, -1248.6001077510662], [-2661.175130265063, -1256.9491077509479], [-2628.4677312361378, -1294.5752677512635], [-2613.236823031564, -1306.1525477512998], [-2610.7959723576805, -1308.9355477509966], [-2601.813641878221, -1324.0750677511355]]}, "properties": {"osm_id": null, "type": "footway", "width_m": 2, "extrude": false}}, {"type": "Feature", "geometry": {"type": "LineString", "coordinates": [[-2190.87202243676, -1107.335027750996], [-2222.6030811962014, -1212.1984677512182], [-2269.857950241027, -1389.1972677512408]]}, "properties": {"osm_id": null, "type": "track", "width_m": 3, "extrude": false}}, {"type": "Feature", "geometry": {"type": "LineString", "coordinates": [[-2613.5297251123743, -1372.3879477509674], [-2602.5947140937733, -1351.3484677510917], [-2601.032569662495, -1337.0995077510775], [-2601.813641878221, -1324.0750677511355], [-2602.3994460398417, -1309.0468677511112], [-2600.739667581684, -1254.3887477510843], [-2601.032569662495, -1228.7851477512627], [-2599.2751571774584, -1212.6437477512804], [-2594.1005537488813, -1192.717467750967], [-2590.097558643893, -1175.5741877511414], [-2588.047244077873, -1159.766747751107], [-2583.653712865022, -1152.085667751121], [-2580.6270580295177, -1143.2913877511771], [-2577.8933052749976, -1126.3707477511848]]}, "properties": {"osm_id": null, "type": "track", "width_m": 3, "extrude": false}}, {"type": "Feature", "geometry": {"type": "LineString", "coordinates": [[-1728.086734683865, -1267.3018677513073], [-1622.2514494679233, -1239.694507751008]]}, "properties": {"osm_id": null, "type": "service", "width_m": 3.5, "extrude": false}}, {"type": "Feature", "geometry": {"type": "LineString", "coordinates": [[-2133.3655805620065, -1419.3649877510084], [-2131.022363915176, -1410.5707077510644], [-2120.868425112127, -1372.7219077513107], [-2089.5279024605484, -1284.2225077512994], [-2084.450933059024, -1257.8396677510723], [-2077.323649091479, -1239.1379077512265], [-2065.9004679381355, -1219.9908677513188], [-2057.3086735663646, -1202.8475877510978], [-2053.98911665005, -1198.2834677511519], [-2040.7108889844444, -1183.923187751023], [-2031.9238265589158, -1169.4515877511756], [-2023.917836348766, -1151.5290677509443], [-2018.64559889331, -1135.2763477512433], [-2018.64559889331, -1127.3726277510284], [-2021.0864495671935, -1121.138707750948], [-2025.4799807800446, -1115.795347750992], [-2030.6545842084481, -1112.1217877511706], [-2039.9298167688921, -1108.4482277509537], [-2047.2523687903683, -1106.555787750986], [-2054.3796527577397, -1106.221827751038]]}, "properties": {"osm_id": null, "type": "track", "width_m": 3, "extrude": false}}, {"type": "Feature", "geometry": {"type": "LineString", "coordinates": [[-2491.0966553145126, -1296.9129877512937], [-2492.5611657187383, -1271.198067750962], [-2491.6824594761333, -1257.0604277510622], [-2503.0080066025976, -1231.3455077511262]]}, "properties": {"osm_id": null, "type": "track", "width_m": 3, "extrude": false}}, {"type": "Feature", "geometry": {"type": "LineString", "coordinates": [[-1489.4691728130804, -1338.9919477510452], [-1491.8123894599112, -1314.8355077511294], [-1496.4011887266936, -1291.6809477510567]]}, "properties": {"osm_id": null, "type": "primary", "width_m": 13, "extrude": false}}, {"type": "Feature", "geometry": {"type": "LineString", "coordinates": [[-1840.3658656788518, -1457.881707751053], [-1864.4814703360064, -1210.973947751146], [-1859.6974030152926, -1199.8419477511718], [-1848.7623919966911, -1195.389147750945], [-1809.0253430272733, -1196.168387750955], [-1754.0573858531086, -1174.572307751298], [-1742.536570672886, -1180.694907751264], [-1726.2316881717763, -1238.6926277511643], [-1726.2316881717763, -1244.703907751016], [-1728.1843687109176, -1261.7358677511224], [-1728.086734683865, -1267.3018677513073], [-1688.642587795258, -1422.7045877512774], [-1590.6180247353607, -1397.6575877512369], [-1584.1741789564894, -1402.1103877510682]]}, "properties": {"osm_id": null, "type": "residential", "width_m": 5, "extrude": false}}, {"type": "Feature", "geometry": {"type": "LineString", "coordinates": [[-1489.4691728130804, -1338.9919477510452], [-1481.3655485760517, -1330.7542677512781], [-1471.8950479616763, -1327.3033477512902], [-1465.5488362096837, -1327.8599477510713], [-1459.8860626465382, -1328.3052277511335], [-1454.6138251910822, -1331.6448277510071], [-1447.096005115848, -1338.435347751264], [-1443.7764481995332, -1346.1164277512503], [-1443.1906440377388, -1354.7993877510796], [-1444.3622523611543, -1360.1427477510356], [-1446.705469007985, -1365.0408277513247], [-1453.5398508947194, -1372.3879477509674], [-1461.2529390238851, -1376.0615077511843], [-1469.942367422535, -1376.9520677513087], [-1476.776749309269, -1375.5049077510077]]}, "properties": {"osm_id": null, "type": "primary", "width_m": 13, "extrude": false}}, {"type": "Feature", "geometry": {"type": "LineString", "coordinates": [[-1476.776749309269, -1375.5049077510077], [-1480.2915742795153, -1373.8351077512687], [-1487.0283221391971, -1368.3804277511983], [-1490.250245028633, -1363.704987751138], [-1492.6910957025161, -1356.4691877512141], [-1492.1052915407217, -1345.1145477510113], [-1489.4691728130804, -1338.9919477510452]]}, "properties": {"osm_id": null, "type": "primary", "width_m": 13, "extrude": false}}, {"type": "Feature", "geometry": {"type": "LineString", "coordinates": [[-1086.240641500959, -1260.2887077512169], [-1104.107668433174, -1276.9867077509803], [-1110.6491482389242, -1284.2225077512994], [-1130.6641237640383, -1294.1299877512013], [-1157.4158471490077, -1305.929907751071], [-1166.1052755476576, -1308.3789477512155], [-1175.6734101890854, -1312.3864677509848], [-1192.3688287978848, -1326.7467477511134], [-1194.8096794715946, -1341.2183477509611], [-1206.7210307598534, -1355.4673077509754], [-1213.4577786195352, -1360.0314277513166], [-1215.8009952663663, -1364.8181877510958], [-1217.5584077514025, -1373.7237877511543]]}, "properties": {"osm_id": null, "type": "footway", "width_m": 2, "extrude": false}}, {"type": "Feature", "geometry": {"type": "LineString", "coordinates": [[-1130.6641237640383, -1294.1299877512013], [-1129.6877834945544, -1307.488387751091], [-1116.6048238830538, -1350.1239477510194]]}, "properties": {"osm_id": null, "type": "footway", "width_m": 2, "extrude": false}}, {"type": "Feature", "geometry": {"type": "LineString", "coordinates": [[-1192.3688287978848, -1326.7467477511134], [-1202.3274995470024, -1323.7411077511877], [-1214.8246549968821, -1326.3014677510512], [-1232.691681929097, -1332.3127477512983], [-1247.336785971876, -1338.6579877510976], [-1252.9019255081425, -1346.0051077511357], [-1254.659337993179, -1353.352227751174]]}, "properties": {"osm_id": null, "type": "footway", "width_m": 2, "extrude": false}}, {"type": "Feature", "geometry": {"type": "LineString", "coordinates": [[-1415.7554824642696, -1344.4466277511156], [-1413.9004359521805, -1341.3296677510755], [-1412.4359255477812, -1338.546667750983], [-1410.3856109817611, -1334.8731077511618], [-1371.039098120206, -1344.0013477510533], [-1335.3050442556032, -1352.239027751216], [-1334.1334359321877, -1356.9144677512763], [-1333.5476317705668, -1359.3635077510255], [-1332.571291501083, -1363.0370677512424]]}, "properties": {"osm_id": null, "type": "service", "width_m": 3.5, "extrude": false}}, {"type": "Feature", "geometry": {"type": "LineString", "coordinates": [[-1371.039098120206, -1344.0013477510533], [-1372.0154383896902, -1348.2315077510516], [-1372.5036085244321, -1350.6805477511962], [-1373.1870467131057, -1353.7975077512363], [-1374.846825171263, -1360.8106677513267], [-1375.6278973868154, -1364.1502677512003], [-1376.1160675217307, -1366.4879877512303], [-1375.9207994677993, -1375.95018775107]]}, "properties": {"osm_id": null, "type": "footway", "width_m": 2, "extrude": false}}, {"type": "Feature", "geometry": {"type": "LineString", "coordinates": [[-1026.000446871512, -1304.0374677511031], [-1033.3229988928147, -1306.1525477512998], [-1038.692870375323, -1307.5997077512054], [-1046.015422396626, -1309.7147877510067], [-1048.1633709895252, -1310.2713877511835], [-1032.1513905693992, -1365.597427751106], [-1027.0744211678748, -1383.4086277512226], [-1020.4353073352453, -1407.3424277513052], [-1018.1897247152937, -1415.2461477511247], [-1018.2873587421726, -1417.4725477510403], [-1018.9707969308461, -1419.698947750956], [-1020.2400392813139, -1421.5913877513194], [-1022.1927198202818, -1423.1498677509442], [-1024.5359364671126, -1424.151747751183], [-1027.0744211678748, -1424.3743877510165], [-1029.6129058686372, -1424.151747751183], [-1157.5134811758867, -1395.9877877511024], [-1196.0789218220625, -1387.3048277512728]]}, "properties": {"osm_id": null, "type": "footway", "width_m": 2, "extrude": false}}, {"type": "Feature", "geometry": {"type": "LineString", "coordinates": [[-1335.3050442556032, -1352.239027751216], [-1308.7485889247387, -1354.0201477510695], [-1217.5584077514025, -1373.7237877511543], [-1195.98128779501, -1379.6237477512868], [-1196.0789218220625, -1387.3048277512728], [-1196.0789218220625, -1389.642547751303], [-1196.0789218220625, -1393.4274277512388]]}, "properties": {"osm_id": null, "type": "service", "width_m": 3.5, "extrude": false}}, {"type": "Feature", "geometry": {"type": "LineString", "coordinates": [[-1454.6138251910822, -1331.6448277510071], [-1442.8001079298758, -1337.656107751254], [-1439.1876489327506, -1338.546667750983], [-1415.7554824642696, -1344.4466277511156], [-1373.1870467131057, -1353.7975077512363], [-1332.571291501083, -1363.0370677512424], [-1232.691681929097, -1385.3010677511904], [-1228.005248635262, -1386.5255877512627], [-1196.0789218220625, -1393.4274277512388], [-1158.977991580286, -1401.4424677511727], [-1035.1780454049035, -1429.495107751139], [-1022.3879878742133, -1430.9422677510447], [-1021.4116476047293, -1431.053587751159], [-1014.5772657179949, -1430.7196277512112]]}, "properties": {"osm_id": null, "type": "secondary", "width_m": 9, "extrude": false}}, {"type": "Feature", "geometry": {"type": "LineString", "coordinates": [[-1231.9106097133713, -1381.7388277510881], [-1232.691681929097, -1385.3010677511904], [-1234.156192333323, -1391.980267751333], [-1234.9372645488754, -1395.5425077510401]]}, "properties": {"osm_id": null, "type": "footway", "width_m": 2, "extrude": false}}, {"type": "Feature", "geometry": {"type": "LineString", "coordinates": [[-1230.7390013899558, -1398.8821077513091], [-1230.2508312552138, -1396.544387751279], [-1229.3721250126089, -1392.870827751062], [-1228.005248635262, -1386.5255877512627], [-1227.1265423928305, -1382.8520277510459], [-1226.7360062849675, -1380.959587751078]]}, "properties": {"osm_id": null, "type": "footway", "width_m": 2, "extrude": false}}, {"type": "Feature", "geometry": {"type": "LineString", "coordinates": [[-2317.503355393715, -1384.410507751066], [-2321.603984525756, -1362.4804677510658], [-2342.497666293475, -1307.0431077510289], [-2345.329053075048, -1303.1469077509787], [-2349.1367801261044, -1300.6978677512295], [-2353.725579392887, -1299.5846677512716], [-2365.832198734904, -1300.2525877511673], [-2371.2020702174123, -1300.1412677510527], [-2376.3766736458156, -1298.4714677513139], [-2390.7288756077846, -1291.5696277509423], [-2416.797160803907, -1292.7941477510146], [-2465.7118083068895, -1296.6903477510648], [-2491.0966553145126, -1296.9129877512937], [-2509.7447544622796, -1300.5865477511152], [-2507.8897079501908, -1326.8580677512277], [-2507.59680586938, -1365.1521477510437], [-2504.8630531146864, -1393.093467751291], [-2503.691444791271, -1404.8933877511606], [-2488.070000479008, -1418.1404677513315], [-2479.0876699993746, -1429.6064277512532]]}, "properties": {"osm_id": null, "type": "track", "width_m": 3, "extrude": false}}, {"type": "Feature", "geometry": {"type": "LineString", "coordinates": [[-1943.272130086342, -1278.879147750948], [-1939.0738669274222, -1299.028067751095], [-1941.7099856550635, -1323.6297877510733], [-1933.020557256414, -1365.1521477510437], [-1933.703995445087, -1409.1235477511586], [-1923.2571545612277, -1444.7459477509965], [-1923.6476906689172, -1463.0024277511754]]}, "properties": {"osm_id": null, "type": "track", "width_m": 3, "extrude": false}}, {"type": "Feature", "geometry": {"type": "LineString", "coordinates": [[-2302.272447189142, -1385.9689877510862], [-2317.503355393715, -1384.410507751066], [-2357.8262085249276, -1382.1841077511503]]}, "properties": {"osm_id": null, "type": "service", "width_m": 3.5, "extrude": false}}, {"type": "Feature", "geometry": {"type": "LineString", "coordinates": [[-2357.8262085249276, -1382.1841077511503], [-2406.936124081842, -1382.2954277512647], [-2421.093057989879, -1382.740707751327], [-2443.4512501618237, -1383.519947751337], [-2486.4102220208506, -1389.976507751251], [-2504.8630531146864, -1393.093467751291]]}, "properties": {"osm_id": null, "type": "track", "width_m": 3, "extrude": false}}, {"type": "Feature", "geometry": {"type": "LineString", "coordinates": [[-2421.483594097742, -1395.765147751269], [-2421.093057989879, -1382.740707751327]]}, "properties": {"osm_id": null, "type": "track", "width_m": 3, "extrude": false}}, {"type": "Feature", "geometry": {"type": "LineString", "coordinates": [[-2189.8956821672764, -1406.0065877511186], [-2187.845367601256, -1397.323627751289], [-2187.4548314935664, -1395.2085477510923], [-2188.13826968224, -1393.3161077511245], [-2189.3098780056553, -1391.2010277513232], [-2189.700414113345, -1389.5312277511885]]}, "properties": {"osm_id": null, "type": "service", "width_m": 3.5, "extrude": false}}, {"type": "Feature", "geometry": {"type": "LineString", "coordinates": [[-2168.709098318747, -1410.9046677510123], [-2189.8956821672764, -1406.0065877511186], [-2237.931623427654, -1394.76326775103], [-2255.8962843869217, -1391.3123477510421], [-2269.857950241027, -1389.1972677512408], [-2302.272447189142, -1385.9689877510862]]}, "properties": {"osm_id": null, "type": "residential", "width_m": 5, "extrude": false}}, {"type": "Feature", "geometry": {"type": "LineString", "coordinates": [[-2357.8262085249276, -1382.1841077511503], [-2358.7049147675325, -1399.4387077510903], [-2359.583621009964, -1402.5556677511306], [-2362.1221057107264, -1404.6707477513273], [-2367.6872452469925, -1406.674507751014], [-2372.276044513775, -1406.2292277509518], [-2378.3293541847834, -1404.0028277510362], [-2390.7288756077846, -1399.995307751267], [-2411.329655294693, -1396.6557077509979], [-2421.483594097742, -1395.765147751269], [-2433.7854814936904, -1400.5519077510482], [-2461.3182770940384, -1413.6876677511045], [-2479.0876699993746, -1429.6064277512532], [-2491.877727530065, -1442.4082277509665], [-2506.522831573017, -1446.6383877509645], [-2534.739065362039, -1436.2856277510004], [-2567.153562310154, -1423.4838277512874]]}, "properties": {"osm_id": null, "type": "track", "width_m": 3, "extrude": false}}, {"type": "Feature", "geometry": {"type": "LineString", "coordinates": [[-2155.821406761004, -1423.4838277512874], [-2153.771092194984, -1414.4669077511146], [-2151.7207776289633, -1405.7839477512853]]}, "properties": {"osm_id": null, "type": "footway", "width_m": 2, "extrude": false}}, {"type": "Feature", "geometry": {"type": "LineString", "coordinates": [[-2032.9001668284, -1389.8651877511363], [-2040.2227188497025, -1432.2781077512313], [-2042.5659354965335, -1441.0723877511753]]}, "properties": {"osm_id": null, "type": "service", "width_m": 3.5, "extrude": false}}, {"type": "Feature", "geometry": {"type": "LineString", "coordinates": [[-1195.98128779501, -1379.6237477512868], [-1035.6662155396455, -1412.01786775097], [-1032.1513905693992, -1412.240507751199], [-1030.2963440573105, -1411.127307751241], [-1029.7105398956894, -1409.2348677512732], [-1030.0034419765, -1406.7858277511286], [-1035.1780454049035, -1389.419907751074], [-1033.6159009737985, -1385.0784277509617], [-1027.0744211678748, -1383.4086277512226], [-1024.8288385480964, -1382.8520277510459], [-1017.7991886074308, -1380.8482677509637]]}, "properties": {"osm_id": null, "type": "service", "width_m": 3.5, "extrude": false}}, {"type": "Feature", "geometry": {"type": "LineString", "coordinates": [[-1195.7860197410787, -1400.6632277511626], [-1196.0789218220625, -1393.4274277512388]]}, "properties": {"osm_id": null, "type": "residential", "width_m": 5, "extrude": false}}, {"type": "Feature", "geometry": {"type": "LineString", "coordinates": [[-1157.5134811758867, -1395.9877877511024], [-1158.1969193645602, -1398.214187751018]]}, "properties": {"osm_id": null, "type": "footway", "width_m": 2, "extrude": false}}, {"type": "Feature", "geometry": {"type": "LineString", "coordinates": [[-1016.9204823649992, -1446.4157477511312], [-1019.9471372005036, -1442.5195477510808], [-1024.3406684133547, -1439.068627751093], [-1036.5449217822504, -1435.8403477513339], [-1062.3203048975624, -1430.1630277510346], [-1160.540136011391, -1408.3443077511488], [-1195.7860197410787, -1400.6632277511626], [-1229.3721250126089, -1392.870827751062], [-1234.156192333323, -1391.980267751333], [-1251.5350491307956, -1388.1953877510018], [-1374.846825171263, -1360.8106677513267], [-1415.072044275596, -1352.239027751216], [-1420.832451865794, -1351.5711077513206], [-1430.2053184531171, -1353.352227751174], [-1440.1639892022347, -1358.1389877509532], [-1444.3622523611543, -1360.1427477510356]]}, "properties": {"osm_id": null, "type": "secondary", "width_m": 9, "extrude": false}}, {"type": "Feature", "geometry": {"type": "LineString", "coordinates": [[-1161.4188422539958, -1412.01786775097], [-1160.540136011391, -1408.3443077511488], [-1158.977991580286, -1401.4424677511727], [-1158.1969193645602, -1398.214187751018]]}, "properties": {"osm_id": null, "type": "footway", "width_m": 2, "extrude": false}}, {"type": "Feature", "geometry": {"type": "LineString", "coordinates": [[-1161.907012388738, -1414.3555877510003], [-1161.4188422539958, -1412.01786775097]]}, "properties": {"osm_id": null, "type": "footway", "width_m": 2, "extrude": false}}, {"type": "Feature", "geometry": {"type": "LineString", "coordinates": [[-1230.7390013899558, -1398.8821077513091], [-1200.1795509539297, -1406.5631877512951], [-1198.7150405497036, -1408.6782677510964], [-1195.395483633389, -1408.6782677510964], [-1192.2711947708324, -1408.6782677510964], [-1187.194225369308, -1408.789587751211], [-1161.907012388738, -1414.3555877510003], [-1062.1250368438045, -1436.1743077512815], [-1037.8141641327181, -1441.7403077510708], [-1037.3259939979762, -1439.4025877510408]]}, "properties": {"osm_id": null, "type": "footway", "width_m": 2, "extrude": false}}, {"type": "Feature", "geometry": {"type": "LineString", "coordinates": [[-1251.5350491307956, -1388.1953877510018], [-1252.0232192655376, -1391.7576277511043], [-1255.2451421549733, -1415.9140677510204], [-1250.9492449690013, -1423.4838277512874], [-1247.336785971876, -1431.8328277511691], [-1247.1415179179446, -1440.2931477511652], [-1248.1178581874287, -1449.6440277512856], [-1251.5350491307956, -1457.770387751334], [-1256.0262143705258, -1463.3363877511233], [-1260.2244775294455, -1466.8986277512258]]}, "properties": {"osm_id": null, "type": "service", "width_m": 3.5, "extrude": false}}, {"type": "Feature", "geometry": {"type": "LineString", "coordinates": [[-1449.5368557895579, -1428.3819077511812], [-1446.0220308193116, -1427.4913477510565], [-1434.5988496659681, -1427.7139877512855], [-1414.681508167733, -1508.5323077513108], [-1428.8384420757702, -1512.8737877510277]]}, "properties": {"osm_id": null, "type": "service", "width_m": 3.5, "extrude": false}}, {"type": "Feature", "geometry": {"type": "LineString", "coordinates": [[-1062.3203048975624, -1430.1630277510346], [-1062.1250368438045, -1433.8365877512515], [-1062.1250368438045, -1436.1743077512815], [-1061.148696574147, -1517.4379077509734]]}, "properties": {"osm_id": null, "type": "service", "width_m": 3.5, "extrude": false}}, {"type": "Feature", "geometry": {"type": "LineString", "coordinates": [[-1950.2041459999552, -1453.7628677511693], [-1981.7399367054652, -1446.1931077512977], [-2040.2227188497025, -1432.2781077512313], [-2131.022363915176, -1410.5707077510644], [-2151.7207776289633, -1405.7839477512853], [-2187.845367601256, -1397.323627751289], [-2191.3601925716753, -1396.544387751279], [-2235.881308861807, -1385.7463477512529], [-2249.842974715913, -1383.0746677512748]]}, "properties": {"osm_id": null, "type": "footway", "width_m": 2, "extrude": false}}, {"type": "Feature", "geometry": {"type": "LineString", "coordinates": [[-1816.1526269946446, -1506.862507751176], [-1804.5341777873696, -1506.4172277511138], [-1793.3062646879575, -1504.8587477510937], [-1785.9837126664816, -1502.409707750949], [-1777.2942842678317, -1499.0701077510757], [-1598.916917026321, -1409.3461877509922], [-1584.1741789564894, -1402.1103877510682], [-1524.324520434905, -1372.9445477511442], [-1504.7000810174807, -1358.5842677510154], [-1492.1052915407217, -1345.1145477510113]]}, "properties": {"osm_id": null, "type": "primary", "width_m": 13, "extrude": false}}, {"type": "Feature", "geometry": {"type": "LineString", "coordinates": [[-2178.4725010139327, -1425.1536277510265], [-2172.712093423735, -1426.6007877513275], [-2165.780077510122, -1428.4932277512955]]}, "properties": {"osm_id": null, "type": "footway", "width_m": 2, "extrude": false}}, {"type": "Feature", "geometry": {"type": "LineString", "coordinates": [[-1854.42516556001, -1485.8230277513003], [-1925.0145670462641, -1469.1250277511415], [-1983.692617244433, -1455.0987077509606], [-1995.8968706135024, -1452.2043877511492], [-2042.5659354965335, -1441.0723877511753], [-2133.3655805620065, -1419.3649877510084], [-2153.771092194984, -1414.4669077511146], [-2168.709098318747, -1410.9046677510123]]}, "properties": {"osm_id": null, "type": "residential", "width_m": 5, "extrude": false}}, {"type": "Feature", "geometry": {"type": "LineString", "coordinates": [[-1480.2915742795153, -1373.8351077512687], [-1495.7177505380203, -1373.6124677510397], [-1506.2622254487587, -1376.2841477510178], [-1517.001968413602, -1380.180347751068], [-1594.132849705607, -1418.6970677511126], [-1768.1166857342666, -1506.4172277511138], [-1776.8061141330897, -1511.426627751122], [-1783.933398100461, -1516.2133877512968], [-1790.2796098524534, -1521.8907077512004], [-1795.9423834155991, -1528.3472677511143], [-1802.3862291944704, -1536.362307751048]]}, "properties": {"osm_id": null, "type": "primary", "width_m": 13, "extrude": false}}, {"type": "Feature", "geometry": {"type": "LineString", "coordinates": [[-1985.7429318104532, -1464.3382677509667], [-1983.692617244433, -1455.0987077509606], [-1981.7399367054652, -1446.1931077512977]]}, "properties": {"osm_id": null, "type": "footway", "width_m": 2, "extrude": false}}, {"type": "Feature", "geometry": {"type": "LineString", "coordinates": [[-1923.6476906689172, -1463.0024277511754], [-1925.0145670462641, -1469.1250277511415]]}, "properties": {"osm_id": null, "type": "residential", "width_m": 5, "extrude": false}}, {"type": "Feature", "geometry": {"type": "LineString", "coordinates": [[-2005.5626392818094, -1465.785427751268], [-1999.1187935029382, -1467.1212677510591], [-1992.772581751119, -1468.457107751246]]}, "properties": {"osm_id": null, "type": "footway", "width_m": 2, "extrude": false}}, {"type": "Feature", "geometry": {"type": "LineString", "coordinates": [[-2018.4503308393787, -1525.230307751074], [-2005.5626392818094, -1465.785427751268], [-2004.1957629044625, -1459.6628277513018], [-2155.821406761004, -1423.4838277512874], [-2163.925030998033, -1421.480067751205], [-2165.780077510122, -1428.4932277512955], [-2180.13227947209, -1481.5928677513023], [-2181.401521822558, -1486.490947751196], [-2176.7150885287233, -1487.6041477511537], [-2023.039130106161, -1524.1171077511162], [-2018.4503308393787, -1525.230307751074]]}, "properties": {"osm_id": null, "type": "footway", "width_m": 2, "extrude": false}}, {"type": "Feature", "geometry": {"type": "LineString", "coordinates": [[-1840.5611337327832, -1489.941867751184], [-1838.7060872206941, -1481.9268277512501], [-1840.3658656788518, -1457.881707751053]]}, "properties": {"osm_id": null, "type": "residential", "width_m": 5, "extrude": false}}, {"type": "Feature", "geometry": {"type": "LineString", "coordinates": [[-2192.8247029759013, -1478.2532677510333], [-2186.478491223909, -1479.9230677511678], [-2180.13227947209, -1481.5928677513023]]}, "properties": {"osm_id": null, "type": "footway", "width_m": 2, "extrude": false}}, {"type": "Feature", "geometry": {"type": "LineString", "coordinates": [[-2179.83937739128, -1500.5172677509813], [-2178.277232960001, -1494.0607077510676], [-2176.7150885287233, -1487.6041477511537]]}, "properties": {"osm_id": null, "type": "footway", "width_m": 2, "extrude": false}}, {"type": "Feature", "geometry": {"type": "LineString", "coordinates": [[-1854.42516556001, -1485.8230277513003], [-1840.5611337327832, -1489.941867751184], [-1835.288896277327, -1492.6135477511618], [-1827.2829060671777, -1499.4040677510234], [-1820.6437922345483, -1505.3040277511561]]}, "properties": {"osm_id": null, "type": "residential", "width_m": 5, "extrude": false}}, {"type": "Feature", "geometry": {"type": "LineString", "coordinates": [[-1845.3452010533235, -1513.31906775109], [-1844.466494810892, -1506.862507751176], [-1844.857030918582, -1500.4059477512624], [-1847.1026135385334, -1494.5059877511299], [-1851.0079746166425, -1489.607907751236], [-1854.42516556001, -1485.8230277513003]]}, "properties": {"osm_id": null, "type": "residential", "width_m": 5, "extrude": false}}, {"type": "Feature", "geometry": {"type": "LineString", "coordinates": [[-1845.3452010533235, -1513.31906775109], [-1841.6351080291463, -1509.9794677512164], [-1836.5581386276215, -1507.0851477510096], [-1829.919024794992, -1504.8587477510937], [-1825.4278595550888, -1504.6361077512604], [-1820.6437922345483, -1505.3040277511561], [-1816.1526269946446, -1506.862507751176]]}, "properties": {"osm_id": null, "type": "primary", "width_m": 13, "extrude": false}}, {"type": "Feature", "geometry": {"type": "LineString", "coordinates": [[-2189.5051460595864, -1491.3890277510895], [-2178.277232960001, -1494.0607077510676], [-2024.6012745374396, -1530.462347751311], [-2013.1780933840962, -1533.1340277512888]]}, "properties": {"osm_id": null, "type": "residential", "width_m": 5, "extrude": false}}, {"type": "Feature", "geometry": {"type": "LineString", "coordinates": [[-2026.0657849416652, -1536.8075877511103], [-2024.6012745374396, -1530.462347751311], [-2023.039130106161, -1524.1171077511162]]}, "properties": {"osm_id": null, "type": "footway", "width_m": 2, "extrude": false}}, {"type": "Feature", "geometry": {"type": "LineString", "coordinates": [[-1816.1526269946446, -1506.862507751176], [-1812.0519978627774, -1509.088907751092], [-1808.5371728925313, -1512.205867751132], [-1803.9483736257484, -1518.662427751046], [-1801.702791005797, -1526.343507751032], [-1801.5075229518654, -1531.35290775104], [-1802.3862291944704, -1536.362307751048], [-1803.5578375178857, -1539.5905877512027], [-1805.1199819491642, -1542.7075477512428], [-1809.1229770541522, -1547.6056277511366], [-1813.1259721591405, -1550.7225877511767], [-1820.1556220998064, -1553.7282277511026], [-1827.6734421750407, -1554.5074677511125], [-1835.3865303042062, -1552.837667750978]]}, "properties": {"osm_id": null, "type": "primary", "width_m": 13, "extrude": false}}, {"type": "Feature", "geometry": {"type": "LineString", "coordinates": [[-1835.3865303042062, -1552.837667750978], [-1839.7800615170572, -1550.7225877511767], [-1843.6854225951663, -1547.6056277511366], [-1847.688417700328, -1542.5962277511285], [-1850.2269024009167, -1537.0302277509436], [-1851.3008766974533, -1531.575547751269], [-1851.2032426705741, -1526.6774677509798], [-1850.2269024009167, -1522.2246677511482], [-1848.0789538080173, -1517.2152677511401], [-1845.3452010533235, -1513.31906775109]]}, "properties": {"osm_id": null, "type": "primary", "width_m": 13, "extrude": false}}, {"type": "Feature", "geometry": {"type": "LineString", "coordinates": [[-2022.0627898366772, -1543.0415077511907], [-2015.7165780848584, -1544.8226277510441], [-2009.5656343867975, -1546.6037477512932]]}, "properties": {"osm_id": null, "type": "footway", "width_m": 2, "extrude": false}}, {"type": "Feature", "geometry": {"type": "LineString", "coordinates": [[-2184.9163467928042, -1499.2927477513044], [-2179.83937739128, -1500.5172677509813], [-2026.0657849416652, -1536.8075877511103], [-2020.891181513262, -1538.0321077511826], [-2022.0627898366772, -1543.0415077511907], [-2036.414991798646, -1608.4976677512439], [-2041.1014250923074, -1607.384467751286], [-2200.537791105067, -1569.6469877512513], [-2203.5644459405717, -1568.9790677509602], [-2202.1975695632245, -1563.969667750952], [-2184.9163467928042, -1499.2927477513044]]}, "properties": {"osm_id": null, "type": "footway", "width_m": 2, "extrude": false}}, {"type": "Feature", "geometry": {"type": "LineString", "coordinates": [[-2214.889993067036, -1560.1847877510163], [-2208.5437813152166, -1562.077227750984], [-2202.1975695632245, -1563.969667750952]]}, "properties": {"osm_id": null, "type": "footway", "width_m": 2, "extrude": false}}, {"type": "Feature", "geometry": {"type": "LineString", "coordinates": [[-2203.5644459405717, -1582.8940677510266], [-2202.002301509293, -1575.9922277510507], [-2200.537791105067, -1569.6469877512513]]}, "properties": {"osm_id": null, "type": "footway", "width_m": 2, "extrude": false}}, {"type": "Feature", "geometry": {"type": "LineString", "coordinates": [[-2211.7657042046526, -1573.765827751135], [-2202.002301509293, -1575.9922277510507], [-2042.5659354965335, -1613.9523477513142], [-2031.5332904510528, -1616.735347751011]]}, "properties": {"osm_id": null, "type": "residential", "width_m": 5, "extrude": false}}, {"type": "Feature", "geometry": {"type": "LineString", "coordinates": [[-2044.1280799278115, -1620.186267750999], [-2042.5659354965335, -1613.9523477513142], [-2041.1014250923074, -1607.384467751286]]}, "properties": {"osm_id": null, "type": "footway", "width_m": 2, "extrude": false}}, {"type": "Feature", "geometry": {"type": "LineString", "coordinates": [[-2040.0274507957713, -1625.974907751017], [-2033.8765070978839, -1627.5333877510373], [-2027.3350272921332, -1629.3145077512863]]}, "properties": {"osm_id": null, "type": "footway", "width_m": 2, "extrude": false}}, {"type": "Feature", "geometry": {"type": "LineString", "coordinates": [[-2206.981636883939, -1582.0035077512975], [-2203.5644459405717, -1582.8940677510266], [-2044.1280799278115, -1620.186267750999], [-2039.0511105262872, -1621.4107877510714], [-2040.0274507957713, -1625.974907751017], [-2054.184384703982, -1692.2103077510803], [-2058.6755499437118, -1691.0971077511224], [-2222.4078131424435, -1652.2464277511299], [-2225.727370058758, -1651.46718775112], [-2206.981636883939, -1582.0035077512975]]}, "properties": {"osm_id": null, "type": "footway", "width_m": 2, "extrude": false}}, {"type": "Feature", "geometry": {"type": "LineString", "coordinates": [[-2225.8250040856374, -1665.0482277512385], [-2224.0675916006007, -1658.369027751096], [-2222.4078131424435, -1652.2464277511299]]}, "properties": {"osm_id": null, "type": "footway", "width_m": 2, "extrude": false}}, {"type": "Feature", "geometry": {"type": "LineString", "coordinates": [[-2233.830994295787, -1656.1426277511803], [-2224.0675916006007, -1658.369027751096], [-2060.2376943749905, -1697.5536677510363], [-2049.595585437199, -1700.1140277512952]]}, "properties": {"osm_id": null, "type": "residential", "width_m": 5, "extrude": false}}, {"type": "Feature", "geometry": {"type": "LineString", "coordinates": [[-2567.153562310154, -1423.4838277512874], [-2584.3371510536954, -1429.2724677513056], [-2599.3727912043373, -1453.317587751107], [-2605.426100875346, -1485.9343477510192], [-2599.3727912043373, -1520.3322277511804], [-2595.174528045418, -1539.5905877512027], [-2604.840296713725, -1560.0734677512974], [-2600.642033554805, -1587.7921477513157], [-2583.16554273028, -1600.593947751029], [-2540.8900090601, -1607.384467751286], [-2527.904683475478, -1620.186267750999], [-2509.7447544622796, -1665.4935077513007], [-2508.866048219848, -1679.6311477512006], [-2515.798064133461, -1691.987667751247], [-2519.996327292381, -1705.5687077509701], [-2520.8750335348127, -1731.840227751083], [-2515.5051620524773, -1754.104227751031], [-2492.854067799722, -1809.541587751068], [-2469.6171693849988, -1823.6792277509678], [-2462.0993493097644, -1834.2546277511606], [-2455.167333396151, -1861.0827477510545], [-2445.501564727844, -1899.042867751318], [-2437.7884765986787, -1932.5501877509591], [-2427.732171822682, -1954.4802277509596]]}, "properties": {"osm_id": null, "type": "track", "width_m": 3, "extrude": false}}, {"type": "Feature", "geometry": {"type": "LineString", "coordinates": [[-1260.2244775294455, -1466.8986277512258], [-1276.7246280844868, -1477.4740277510232], [-1311.0918055715695, -1467.455227751007], [-1327.7872241803689, -1531.35290775104], [-1315.778238865231, -1534.2472277512468], [-1325.1511054527277, -1567.7545477512833], [-1318.9025277277879, -1576.882787751175]]}, "properties": {"osm_id": null, "type": "footway", "width_m": 2, "extrude": false}}, {"type": "Feature", "geometry": {"type": "LineString", "coordinates": [[-1382.5599133004287, -1739.521307751069], [-1387.4416146480216, -1720.9308677509423], [-1410.190342928003, -1630.0937477512962], [-1425.421251132403, -1568.422467751179], [-1456.0783355954816, -1444.6346277512775], [-1452.563510625062, -1443.6327477510388], [-1446.4125669271746, -1442.0742677510186], [-1442.6048398759444, -1441.0723877511753], [-1446.0220308193116, -1427.4913477510565]]}, "properties": {"osm_id": null, "type": "footway", "width_m": 2, "extrude": false}}, {"type": "Feature", "geometry": {"type": "LineString", "coordinates": [[-1102.252621921085, -1650.1313477513286], [-1090.6341727138101, -1635.9937077510333]]}, "properties": {"osm_id": null, "type": "service", "width_m": 3.5, "extrude": false}}, {"type": "Feature", "geometry": {"type": "LineString", "coordinates": [[-1122.267597446199, -1615.7334677511676], [-1112.2112926702025, -1671.282147751319], [-1101.8620858132222, -1672.5066677509958]]}, "properties": {"osm_id": null, "type": "service", "width_m": 3.5, "extrude": false}}, {"type": "Feature", "geometry": {"type": "LineString", "coordinates": [[-1143.7470833757125, -1610.0561477512638], [-1141.013330621019, -1609.6108677512016], [-1128.8090772519497, -1610.5014277513262], [-1122.267597446199, -1615.7334677511676], [-1104.3029364871054, -1630.8729877513063], [-1102.252621921085, -1650.1313477513286], [-1103.13132816369, -1660.4841077512926], [-1101.8620858132222, -1672.5066677509958], [-1097.468554600371, -1697.887627750984]]}, "properties": {"osm_id": null, "type": "service", "width_m": 3.5, "extrude": false}}, {"type": "Feature", "geometry": {"type": "LineString", "coordinates": [[-1226.3454701771047, -1598.8128277511755], [-1236.9875791148957, -1595.8071877512496], [-1255.7333122897153, -1597.0317077513218], [-1282.4850356746847, -1601.0392277510912], [-1297.2277737443428, -1604.1561877511313], [-1319.5859659164612, -1611.8372677511175], [-1381.6812070579972, -1626.5315077511939], [-1365.8644946916293, -1672.6179877511101], [-1357.1750662929796, -1681.746227751002], [-1351.0241225949187, -1691.4310677510703], [-1338.42933311816, -1722.0440677512956], [-1326.6156158569536, -1737.628867751101], [-1320.8552082667557, -1755.7740277511655]]}, "properties": {"osm_id": null, "type": "footway", "width_m": 2, "extrude": false}}, {"type": "Feature", "geometry": {"type": "LineString", "coordinates": [[-1320.8552082667557, -1755.7740277511655], [-1311.2870736255009, -1750.4306677512095], [-1300.156794552968, -1749.9853877511473], [-1300.742598714589, -1757.8891077509668], [-1301.7189389842465, -1768.909787751222], [-1313.4350222184005, -1773.6965477510012], [-1320.7575742398765, -1767.017347751254], [-1320.8552082667557, -1755.7740277511655]]}, "properties": {"osm_id": null, "type": "footway", "width_m": 2, "extrude": false}}, {"type": "Feature", "geometry": {"type": "LineString", "coordinates": [[-1446.705469007985, -1365.0408277513247], [-1456.371237676292, -1385.9689877510862], [-1456.5665057302235, -1397.5462677511225], [-1449.5368557895579, -1428.3819077511812], [-1446.4125669271746, -1442.0742677510186], [-1445.240958603759, -1447.194987751141], [-1428.8384420757702, -1512.8737877510277], [-1410.8737811166764, -1584.897827751109], [-1383.3409855161544, -1695.549907750954], [-1372.991778659174, -1736.849627751091], [-1341.358353926785, -1864.3110277512092], [-1334.9145081479137, -1890.359907751093], [-1330.4233429080102, -1906.278667751242], [-1295.6656293130645, -2034.185347751027], [-1294.884557097512, -2037.1909877509527], [-1292.1508043428182, -2047.989027750979]]}, "properties": {"osm_id": null, "type": "secondary", "width_m": 9, "extrude": false}}, {"type": "Feature", "geometry": {"type": "LineString", "coordinates": [[-1191.8806586631429, -1405.1160277509941], [-1192.2711947708324, -1408.6782677510964], [-1191.099586447417, -1415.1348277510103], [-1164.836033197363, -1516.2133877512968], [-1163.5667908468952, -1521.6680677509717], [-1155.4631666098664, -1554.9527477511747], [-1150.679099289326, -1559.2942277512873], [-1140.8180625670875, -1597.9222677510509], [-1142.5754750522972, -1603.8222277511836], [-1141.013330621019, -1609.6108677512016], [-1098.0543587621653, -1775.47766775125], [-1087.9004199591163, -1813.437787751118], [-1082.6281825036606, -1816.3321077513249], [-1078.1370172639304, -1836.258387751243], [-1081.6518422341765, -1842.9375877509901], [-1075.9890686708577, -1864.4223477513237], [-1075.0127284013736, -1868.095907751145], [-1054.802484822328, -1944.7953877512866], [-1034.9827773511454, -2018.489227751107]]}, "properties": {"osm_id": null, "type": "footway", "width_m": 2, "extrude": false}}, {"type": "Feature", "geometry": {"type": "LineString", "coordinates": [[-1300.5473306606575, -2050.4380677511235], [-1301.6213049571938, -2039.194747751035], [-1302.2071091189885, -2036.189107751109], [-1341.0654518458011, -1892.1410277509467], [-1378.361650141509, -1738.7420677510588], [-1417.3176268953744, -1586.6789477509624], [-1451.099000220836, -1448.4195077512136], [-1452.563510625062, -1443.6327477510388], [-1465.4512021828048, -1399.1047477511424], [-1471.5045118538133, -1387.5274677511063], [-1476.776749309269, -1375.5049077510077]]}, "properties": {"osm_id": null, "type": "secondary", "width_m": 9, "extrude": false}}, {"type": "Feature", "geometry": {"type": "LineString", "coordinates": [[-1032.3466586233308, -2028.9533077511853], [-1037.3259939979762, -2023.2759877512817], [-1038.30233426746, -2018.9345077511691], [-1038.692870375323, -2017.0420677512013], [-1052.7521702563076, -1963.6084677512467], [-1072.0837075929219, -1888.2448277512917], [-1076.7701408865835, -1868.3185477509783], [-1099.5188691663914, -1780.041787751196], [-1117.6787981794166, -1709.3535877513013], [-1143.7470833757125, -1610.0561477512638], [-1162.8833526582218, -1537.4755077510058], [-1166.788713736331, -1521.4454277511381], [-1194.5167773907842, -1413.4650277512712], [-1195.395483633389, -1408.6782677510964], [-1195.8836537681311, -1404.2254677512651], [-1195.7860197410787, -1400.6632277511626]]}, "properties": {"osm_id": null, "type": "residential", "width_m": 5, "extrude": false}}, {"type": "Feature", "geometry": {"type": "LineString", "coordinates": [[-2061.8974728331477, -1704.1215477510646], [-2060.2376943749905, -1697.5536677510363], [-2058.6755499437118, -1691.0971077511224]]}, "properties": {"osm_id": null, "type": "footway", "width_m": 2, "extrude": false}}, {"type": "Feature", "geometry": {"type": "LineString", "coordinates": [[-2057.699209674228, -1709.242267751187], [-2051.9388020840297, -1711.0233877510404], [-2045.2996882512273, -1713.0271477511228]]}, "properties": {"osm_id": null, "type": "footway", "width_m": 2, "extrude": false}}, {"type": "Feature", "geometry": {"type": "LineString", "coordinates": [[-2353.9208474468187, -1391.2010277513232], [-2300.7103027578637, -1394.8745877511444], [-2279.2308168285235, -1397.10098775106], [-2263.804640570019, -1399.327387750976], [-2243.0085928291787, -1403.1122677513072], [-2176.7150885287233, -1418.4744277512793], [-2178.4725010139327, -1425.1536277510265], [-2192.8247029759013, -1478.2532677510333], [-2214.889993067036, -1560.1847877510163], [-2259.704011437978, -1726.9421477511892], [-2281.378765421423, -1807.5378277509856], [-2288.7989514697783, -1836.258387751243], [-2294.364091006045, -1859.9695477510968], [-2298.2694520841537, -1882.901467751336], [-2301.1984728927787, -1906.8352677510231], [-2306.080174240372, -1953.9236277511784], [-2315.6483088816267, -2045.985267751292]]}, "properties": {"osm_id": null, "type": "footway", "width_m": 2, "extrude": false}}, {"type": "Feature", "geometry": {"type": "LineString", "coordinates": [[-2229.3398290558835, -1664.2689877512285], [-2225.8250040856374, -1665.0482277512385], [-2061.8974728331477, -1704.1215477510646], [-2056.820503431623, -1705.2347477510223], [-2057.699209674228, -1709.242267751187], [-2072.441947743886, -1775.9229477513124], [-2077.8118192263946, -1774.5871077511256], [-2244.7660053143886, -1734.5119077510608], [-2247.6950261230136, -1733.8439877511653], [-2246.9139539072876, -1730.727027751125], [-2229.3398290558835, -1664.2689877512285]]}, "properties": {"osm_id": null, "type": "footway", "width_m": 2, "extrude": false}}, {"type": "Feature", "geometry": {"type": "LineString", "coordinates": [[-1954.3047751319955, -1471.685387751005], [-1985.7429318104532, -1464.3382677509667], [-1991.6009734277038, -1463.0024277511754], [-1992.772581751119, -1468.457107751246], [-2009.5656343867975, -1546.6037477512932], [-2027.3350272921332, -1629.3145077512863], [-2045.2996882512273, -1713.0271477511228], [-2063.3619832373734, -1796.9624277511882], [-2102.6108620722225, -1979.3045877511665], [-2077.714185199342, -1984.3139877511746]]}, "properties": {"osm_id": null, "type": "footway", "width_m": 2, "extrude": false}}, {"type": "Feature", "geometry": {"type": "LineString", "coordinates": [[-2259.704011437978, -1726.9421477511892], [-2253.5530677400907, -1728.8345877511572], [-2246.9139539072876, -1730.727027751125]]}, "properties": {"osm_id": null, "type": "footway", "width_m": 2, "extrude": false}}, {"type": "Feature", "geometry": {"type": "LineString", "coordinates": [[-2168.709098318747, -1410.9046677510123], [-2172.712093423735, -1426.6007877513275], [-2186.478491223909, -1479.9230677511678], [-2189.5051460595864, -1491.3890277510895], [-2208.5437813152166, -1562.077227750984], [-2211.7657042046526, -1573.765827751135], [-2233.830994295787, -1656.1426277511803], [-2253.5530677400907, -1728.8345877511572], [-2256.2868204947845, -1738.9647077512877], [-2283.1361779066324, -1840.154587751293], [-2290.068193820073, -1871.9921077511954], [-2295.4380653025814, -1918.5238677511738], [-2299.636328461501, -1954.4802277509596], [-2301.1984728927787, -1967.9499477509637], [-2309.594999210618, -2050.660707750957]]}, "properties": {"osm_id": null, "type": "residential", "width_m": 5, "extrude": false}}, {"type": "Feature", "geometry": {"type": "LineString", "coordinates": [[-2248.3784643116874, -1747.3137077511694], [-2246.6210518264775, -1741.1911077512034], [-2244.7660053143886, -1734.5119077510608]]}, "properties": {"osm_id": null, "type": "footway", "width_m": 2, "extrude": false}}, {"type": "Feature", "geometry": {"type": "LineString", "coordinates": [[-2256.2868204947845, -1738.9647077512877], [-2246.6210518264775, -1741.1911077512034], [-2143.7147874189873, -1765.4588677512338], [-2135.513529155079, -1767.4626277513162], [-2082.107716412193, -1780.2644277510294], [-2078.202355334084, -1781.1549877511538], [-2067.462612369414, -1783.7153477510174]]}, "properties": {"osm_id": null, "type": "residential", "width_m": 5, "extrude": false}}, {"type": "Feature", "geometry": {"type": "LineString", "coordinates": [[-1995.8968706135024, -1452.2043877511492], [-1999.1187935029382, -1467.1212677510591], [-2013.1780933840962, -1533.1340277512888], [-2015.7165780848584, -1544.8226277510441], [-2031.5332904510528, -1616.735347751011], [-2033.8765070978839, -1627.5333877510373], [-2049.595585437199, -1700.1140277512952], [-2051.9388020840297, -1711.0233877510404], [-2067.462612369414, -1783.7153477510174], [-2069.708194989366, -1794.624707751158], [-2076.5425768759264, -1824.2358277511444], [-2101.341619721755, -1943.0142677510376], [-2110.421584228267, -1984.091347750946], [-2129.4602194838976, -2078.1567477511417], [-2132.584508346454, -2089.288747751116]]}, "properties": {"osm_id": null, "type": "residential", "width_m": 5, "extrude": false}}, {"type": "Feature", "geometry": {"type": "LineString", "coordinates": [[-1276.7246280844868, -1477.4740277510232], [-1260.8102816912399, -1485.0437877512902], [-1250.07053872657, -1502.0757477510015], [-1226.3454701771047, -1598.8128277511755], [-1219.7063563444754, -1622.6353077511435], [-1206.4281286788696, -1665.7161477511343], [-1200.1795509539297, -1683.0820677511886], [-1193.4428030942477, -1696.1065077511305], [-1182.3125240217148, -1711.0233877510404], [-1175.478142135154, -1714.3629877513094], [-1165.910007493726, -1716.3667477509964], [-1139.646454243672, -1720.7082277511088], [-1135.741093165563, -1722.8233077513055], [-1133.4955105457846, -1725.383667751169], [-1131.5428300066433, -1728.8345877511572], [-1129.980685575365, -1732.9534277510406], [-1128.0280050363972, -1755.88534775128], [-1129.2972473866914, -1785.1625077513186], [-1129.5901494676755, -1792.9549077510235], [-1116.1166537483116, -1803.5303077512165], [-1111.6254885084081, -1809.9868677511301], [-1100.0070393011333, -1839.7093077512309], [-1092.098683118036, -1868.7638277510407], [-1087.802785932064, -1887.5769077510008], [-1087.0217137165116, -1893.9221477511956], [-1086.8264456625802, -1900.2673877509949], [-1089.9507345251368, -1930.4351077511578], [-1095.7111421153347, -1948.0236677510457], [-1103.6194982984318, -1962.0499877512266], [-1110.551514212045, -1969.063147751317], [-1129.1996133598125, -1977.96874775098], [-1144.430521564386, -1984.9819077510704], [-1163.1762547392057, -2002.9044277513015], [-1171.2798789762344, -2007.357227751133], [-1182.5077920756464, -2010.2515477509442], [-1193.2475350403163, -2008.8043877510386], [-1225.1738618536892, -1990.881867751203], [-1247.8249561066182, -1982.6441877510401], [-1253.682997723695, -1974.7404677512209], [-1268.230467739595, -1950.1387477512426], [-1274.6743135184665, -1933.106787751136], [-1299.5709903911736, -1889.8033077513119], [-1304.1597896579563, -1870.7675877511228]]}, "properties": {"osm_id": null, "type": "footway", "width_m": 2, "extrude": false}}, {"type": "Feature", "geometry": {"type": "LineString", "coordinates": [[-1300.156794552968, -1749.9853877511473], [-1294.884557097512, -1744.1967477511294], [-1286.2927627257413, -1738.1854677512777], [-1276.2364579497448, -1735.0685077512376], [-1264.5203747154176, -1734.957187751123], [-1244.1148630824405, -1739.0760277510067], [-1195.8836537681311, -1752.991027751073]]}, "properties": {"osm_id": null, "type": "footway", "width_m": 2, "extrude": false}}, {"type": "Feature", "geometry": {"type": "LineString", "coordinates": [[-1129.5901494676755, -1792.9549077510235], [-1149.312222911979, -1786.720987750943], [-1158.977991580286, -1783.0474277511216], [-1167.7650540058148, -1777.0361477512702], [-1175.6734101890854, -1770.5795877509609], [-1184.265204560856, -1761.3400277509547], [-1190.2208802048121, -1756.6645877512901], [-1195.8836537681311, -1752.991027751073], [-1180.0669414019364, -1738.7420677510588], [-1177.7237247549324, -1731.9515477511973], [-1178.2118948898478, -1724.0478277509824], [-1182.3125240217148, -1711.0233877510404]]}, "properties": {"osm_id": null, "type": "footway", "width_m": 2, "extrude": false}}, {"type": "Feature", "geometry": {"type": "LineString", "coordinates": [[-1320.8552082667557, -1755.7740277511655], [-1346.4353233281363, -1767.128667750973]]}, "properties": {"osm_id": null, "type": "footway", "width_m": 2, "extrude": false}}, {"type": "Feature", "geometry": {"type": "LineString", "coordinates": [[-1383.3409855161544, -1695.549907750954], [-1364.1070822065928, -1698.4442277511607], [-1346.4353233281363, -1767.128667750973], [-1324.4676672640542, -1856.4073077509943], [-1337.6482609026075, -1862.5299077509603], [-1341.358353926785, -1864.3110277512092]]}, "properties": {"osm_id": null, "type": "service", "width_m": 3.5, "extrude": false}}, {"type": "Feature", "geometry": {"type": "LineString", "coordinates": [[-1111.6254885084081, -1809.9868677511301], [-1108.7941017268356, -1805.6453877510176], [-1105.8650809182102, -1799.8567477509996], [-1104.4005705139843, -1795.403947751168], [-1104.0100344061213, -1791.7303877509512], [-1107.1343232686781, -1787.2775877511199], [-1110.4538801849928, -1784.7172277512564], [-1114.359241263102, -1783.492707751184], [-1119.9243807993685, -1783.2700677509551], [-1126.5634946321713, -1784.2719477511941], [-1129.2972473866914, -1785.1625077513186]]}, "properties": {"osm_id": null, "type": "footway", "width_m": 2, "extrude": false}}, {"type": "Feature", "geometry": {"type": "LineString", "coordinates": [[-1382.5599133004287, -1739.521307751069], [-1378.361650141509, -1738.7420677510588], [-1372.991778659174, -1736.849627751091], [-1368.7935155002544, -1735.736427751133], [-1337.6482609026075, -1862.5299077509603], [-1335.6955803634662, -1870.4336277511752], [-1330.6186109619416, -1889.0240677513018]]}, "properties": {"osm_id": null, "type": "footway", "width_m": 2, "extrude": false}}, {"type": "Feature", "geometry": {"type": "LineString", "coordinates": [[-1344.5802768160474, -1892.586307751009], [-1382.5599133004287, -1739.521307751069]]}, "properties": {"osm_id": null, "type": "footway", "width_m": 2, "extrude": false}}, {"type": "Feature", "geometry": {"type": "LineString", "coordinates": [[-1313.4350222184005, -1773.6965477510012], [-1313.5326562454527, -1783.0474277511216], [-1311.2870736255009, -1807.3151877511523], [-1306.503006304787, -1827.3527877511847], [-1304.4526917387668, -1845.2753077510201], [-1304.1597896579563, -1870.7675877511228]]}, "properties": {"osm_id": null, "type": "footway", "width_m": 2, "extrude": false}}, {"type": "Feature", "geometry": {"type": "LineString", "coordinates": [[-1344.5802768160474, -1892.586307751009], [-1341.0654518458011, -1892.1410277509467], [-1334.9145081479137, -1890.359907751093], [-1330.6186109619416, -1889.0240677513018], [-1326.6156158569536, -1905.8333877511795], [-1325.1511054527277, -1911.8446677510312], [-1292.8342425314918, -2030.0665077511433], [-1291.0768300464554, -2036.3004277512237]]}, "properties": {"osm_id": null, "type": "footway", "width_m": 2, "extrude": false}}, {"type": "Feature", "geometry": {"type": "LineString", "coordinates": [[-1462.0340112394376, -2080.6057877512867], [-1475.3122389050432, -1992.6629877510563], [-1487.3212242200077, -1942.7916277512043], [-1530.3778301059135, -1844.6073877511246], [-1531.4518044024499, -1804.977467751122], [-1541.5081091784464, -1765.9041477512963], [-1554.5910687901205, -1746.8684277511072], [-1572.262827668404, -1709.5762277511349], [-1643.4380333164527, -1628.4239477511617], [-1650.6629513108765, -1575.2129877510406], [-1663.4530088415668, -1554.730107750946], [-1686.2993711484269, -1531.575547751269], [-1693.8171912238347, -1506.0832677511662], [-1686.2993711484269, -1483.5966277509892], [-1679.1720871808823, -1474.245747751264]]}, "properties": {"osm_id": null, "type": "track", "width_m": 3, "extrude": false}}, {"type": "Feature", "geometry": {"type": "LineString", "coordinates": [[-2078.592891441947, -1787.2775877511199], [-2078.202355334084, -1781.1549877511538], [-2077.8118192263946, -1774.5871077511256]]}, "properties": {"osm_id": null, "type": "footway", "width_m": 2, "extrude": false}}, {"type": "Feature", "geometry": {"type": "LineString", "coordinates": [[-2153.3805560872943, -1805.31142775107], [-2145.2769318502656, -1771.8041077510334], [-2143.7147874189873, -1765.4588677512338]]}, "properties": {"osm_id": null, "type": "footway", "width_m": 2, "extrude": false}}, {"type": "Feature", "geometry": {"type": "LineString", "coordinates": [[-2085.0367372208184, -1794.7360277512726], [-2138.6378180174625, -1782.1568677509972]]}, "properties": {"osm_id": null, "type": "service", "width_m": 3.5, "extrude": false}}, {"type": "Feature", "geometry": {"type": "LineString", "coordinates": [[-2135.513529155079, -1767.4626277513162], [-2137.075673586184, -1773.8078677511155], [-2138.6378180174625, -1782.1568677509972], [-2141.8597409068984, -1798.4095877510938], [-2088.453928164012, -1810.8774277512546], [-2085.0367372208184, -1794.7360277512726], [-2083.2793247356085, -1786.4983477511098], [-2082.107716412193, -1780.2644277510294]]}, "properties": {"osm_id": null, "type": "service", "width_m": 3.5, "extrude": false}}, {"type": "Feature", "geometry": {"type": "LineString", "coordinates": [[-2075.9567727143058, -1792.3983077512423], [-2069.708194989366, -1794.624707751158], [-2063.3619832373734, -1796.9624277511882]]}, "properties": {"osm_id": null, "type": "footway", "width_m": 2, "extrude": false}}, {"type": "Feature", "geometry": {"type": "LineString", "coordinates": [[-2197.9993064043047, -1822.232067751062], [-2194.7773835148696, -1815.330227751086], [-2189.407512032534, -1810.2095077509634], [-2180.3275475260216, -1803.864267751164], [-2172.223923288993, -1801.4152277510195], [-2164.217933078843, -1802.4171077512585], [-2153.3805560872943, -1805.31142775107]]}, "properties": {"osm_id": null, "type": "service", "width_m": 3.5, "extrude": false}}, {"type": "Feature", "geometry": {"type": "LineString", "coordinates": [[-2153.3805560872943, -1805.31142775107], [-2082.4006184930035, -1822.7886677512388], [-2076.5425768759264, -1824.2358277511444]]}, "properties": {"osm_id": null, "type": "footway", "width_m": 2, "extrude": false}}, {"type": "Feature", "geometry": {"type": "LineString", "coordinates": [[-1805.1199819491642, -1542.7075477512428], [-1807.0726624881318, -1563.079107751223], [-1802.972033356265, -1585.7883877512334], [-1656.0328227932114, -2050.9946677513003], [-1645.585981909352, -2091.181187751084], [-1643.535667343505, -2095.633987751311], [-1638.751600022791, -2104.5395877509736]]}, "properties": {"osm_id": null, "type": "primary", "width_m": 13, "extrude": false}}, {"type": "Feature", "geometry": {"type": "LineString", "coordinates": [[-2267.1241974863333, -1839.5979877511165], [-2261.8519600310506, -1830.8037077511726], [-2255.310480225127, -1823.5679077512489], [-2247.890294176772, -1817.7792677512307], [-2241.5440824249526, -1814.9962677511382], [-2234.0262623497183, -1813.6604277509516], [-2227.680050597726, -1814.1057077510138], [-2220.259864549371, -1815.2189077509715], [-2213.7183847436204, -1816.5547477511584], [-2197.9993064043047, -1822.232067751062], [-2194.1915793532485, -1823.6792277509678], [-2182.573130145973, -1827.798067751247]]}, "properties": {"osm_id": null, "type": "service", "width_m": 3.5, "extrude": false}}, {"type": "Feature", "geometry": {"type": "LineString", "coordinates": [[-1650.0771471492556, -2108.881067751086], [-1650.4676832569448, -2103.871667751078], [-1666.1867615962606, -2054.4455877512883], [-1695.8675057896817, -1962.0499877512266], [-1812.6378020243985, -1588.1261077512636], [-1821.3272304232216, -1570.3149077511468], [-1829.528488687129, -1560.0734677512974], [-1835.3865303042062, -1552.837667750978]]}, "properties": {"osm_id": null, "type": "primary", "width_m": 13, "extrude": false}}, {"type": "Feature", "geometry": {"type": "LineString", "coordinates": [[-2204.931322317918, -1845.9432277513113], [-2194.1915793532485, -1823.6792277509678]]}, "properties": {"osm_id": null, "type": "service", "width_m": 3.5, "extrude": false}}, {"type": "Feature", "geometry": {"type": "LineString", "coordinates": [[-2275.9112599120353, -1837.928187750982], [-2276.887600181693, -1842.2696677510944], [-2277.863940451177, -1846.4998277510924]]}, "properties": {"osm_id": null, "type": "footway", "width_m": 2, "extrude": false}}, {"type": "Feature", "geometry": {"type": "LineString", "coordinates": [[-2202.5881056710878, -1847.9469877509982], [-2201.904667482414, -1849.6167877511327], [-2201.709399428483, -1851.5092277511005], [-2202.1975695632245, -1853.290347750954], [-2203.1739098328817, -1854.9601477510887], [-2204.6384202371078, -1856.0733477510464], [-2206.395832722144, -1856.7412677509421], [-2208.250879234233, -1856.8525877510565], [-2210.105925746322, -1856.2959877512753], [-2211.6680701776, -1855.1827877513174], [-2212.8396785010154, -1853.512987751183], [-2213.327848635757, -1851.620547751215], [-2213.2302146088787, -1849.728107751247], [-2212.449142393326, -1847.8356677512793], [-2211.082266015979, -1846.388507750978], [-2209.4224875576483, -1845.497947751249], [-2207.4698070186805, -1845.1639877513012], [-2205.5171264797127, -1845.609267750968], [-2204.931322317918, -1845.9432277513113], [-2203.8573480213818, -1846.4998277510924], [-2202.5881056710878, -1847.9469877509982]]}, "properties": {"osm_id": null, "type": "service", "width_m": 3.5, "extrude": false}}, {"type": "Feature", "geometry": {"type": "LineString", "coordinates": [[-2186.9666613588242, -1960.602827751321], [-2183.256568334647, -1961.49338775105], [-2177.984330879191, -1962.6065877510077], [-2123.895079947631, -1974.406507751273], [-2115.498553629792, -1976.2989477512408], [-2108.078367581437, -1941.567107751132], [-2082.4006184930035, -1822.7886677512388], [-2075.9567727143058, -1792.3983077512423], [-2075.078066471701, -1788.5021077511922], [-2083.2793247356085, -1786.4983477511098], [-2137.075673586184, -1773.8078677511155], [-2145.2769318502656, -1771.8041077510334], [-2248.3784643116874, -1747.3137077511694], [-2251.5027531740707, -1746.5344677511594], [-2275.9112599120353, -1837.928187750982]]}, "properties": {"osm_id": null, "type": "footway", "width_m": 2, "extrude": false}}, {"type": "Feature", "geometry": {"type": "LineString", "coordinates": [[-2283.1361779066324, -1840.154587751293], [-2276.887600181693, -1842.2696677510944], [-2275.9112599120353, -1843.6055077512813], [-2274.251481453878, -1848.6149077512894], [-2274.0562133999465, -1856.8525877510565], [-2273.8609453461886, -1858.8563477511389], [-2273.470409238326, -1860.1921877513255], [-2272.494068968842, -1861.6393477512313], [-2254.138871901712, -1879.561867751067], [-2252.6743614974857, -1881.5656277511491], [-2251.0145830393285, -1885.2391877509706]]}, "properties": {"osm_id": null, "type": "service", "width_m": 3.5, "extrude": false}}, {"type": "Feature", "geometry": {"type": "LineString", "coordinates": [[-2179.741743364227, -1926.0936277510455], [-2153.3805560872943, -1805.31142775107]]}, "properties": {"osm_id": null, "type": "footway", "width_m": 2, "extrude": false}}, {"type": "Feature", "geometry": {"type": "LineString", "coordinates": [[-2277.863940451177, -1846.4998277510924], [-2282.257471664028, -1867.761947751197], [-2284.4054202569273, -1880.3411077510768], [-2286.4557348229473, -1894.7013877512056], [-2288.0178792542256, -1907.9484677509809], [-2292.8019465747666, -1955.0368277511361], [-2293.2901167095083, -1959.7122677511966], [-2292.4114104670766, -1960.602827751321], [-2265.75732110916, -1956.9292677511041], [-2259.8992794919095, -1956.150027751094], [-2258.0442329798207, -1958.487747751124], [-2240.6653761823477, -1955.8160677511462], [-2234.5144324844605, -1955.370787751084], [-2230.023267244557, -1955.4821077511983], [-2227.7776846247784, -1953.1443877511683], [-2220.5527666303547, -1953.7009877509495], [-2211.277534069737, -1955.370787751084], [-2186.9666613588242, -1960.602827751321]]}, "properties": {"osm_id": null, "type": "footway", "width_m": 2, "extrude": false}}, {"type": "Feature", "geometry": {"type": "LineString", "coordinates": [[-2265.0738829204865, -1963.4971477511322], [-2265.75732110916, -1956.9292677511041], [-2264.2928107047605, -1952.699107751106], [-2262.24249613874, -1949.248187751118], [-2258.9229392224256, -1944.9067077510056], [-2249.940608742792, -1936.223747751176], [-2247.7926601498925, -1933.5520677511981], [-2246.1328816917353, -1930.7690677511057], [-2244.180201152594, -1926.4275877509933], [-2241.6417164520053, -1916.5201077510915], [-2240.4701081284165, -1913.8484277511136], [-2238.4197935625693, -1911.8446677510312], [-2227.3871485169157, -1907.3918677511997], [-2209.2272195038904, -1902.048507751244], [-2196.2418939192685, -1899.7107877512137]]}, "properties": {"osm_id": null, "type": "service", "width_m": 3.5, "extrude": false}}, {"type": "Feature", "geometry": {"type": "LineString", "coordinates": [[-2101.341619721755, -1943.0142677510376], [-2108.078367581437, -1941.567107751132], [-2179.741743364227, -1926.0936277510455]]}, "properties": {"osm_id": null, "type": "footway", "width_m": 2, "extrude": false}}, {"type": "Feature", "geometry": {"type": "LineString", "coordinates": [[-562.6293549568223, -1711.3573477509883], [-563.8009632802377, -1714.4743077510284]]}, "properties": {"osm_id": null, "type": "footway", "width_m": 2, "extrude": false}}, {"type": "Feature", "geometry": {"type": "LineString", "coordinates": [[-635.9525091979438, -1725.383667751169], [-637.8075557100326, -1720.1516277513276]]}, "properties": {"osm_id": null, "type": "footway", "width_m": 2, "extrude": false}}, {"type": "Feature", "geometry": {"type": "LineString", "coordinates": [[-285.93452257460393, -1735.8477477512477], [-283.8842080085836, -1730.8383477512396], [-279.68594484966405, -1719.9289877510987]]}, "properties": {"osm_id": null, "type": "footway", "width_m": 2, "extrude": false}}, {"type": "Feature", "geometry": {"type": "LineString", "coordinates": [[-317.7632153610978, -1737.07226775132], [-314.83419455247264, -1735.4024677511852], [-309.3666890430852, -1732.2855077511451], [-283.8842080085836, -1730.8383477512396], [-153.93331813548704, -1723.3799077510869]]}, "properties": {"osm_id": null, "type": "footway", "width_m": 2, "extrude": false}}, {"type": "Feature", "geometry": {"type": "LineString", "coordinates": [[-153.2498799468136, -1728.2779877509804], [-285.93452257460393, -1735.8477477512477], [-293.2570745960802, -1736.5156677511432], [-301.26306480605643, -1737.8515077513298], [-307.6092765580488, -1740.7458277511412]]}, "properties": {"osm_id": null, "type": "residential", "width_m": 5, "extrude": false}}, {"type": "Feature", "geometry": {"type": "LineString", "coordinates": [[-548.4724210487852, -1537.2528677511725], [-549.1558592374587, -1544.266027751263], [-549.4487613182691, -1547.494307751022], [-549.5463953453216, -1548.273547751032], [-549.9369314530111, -1551.279187750958], [-549.2534932643376, -1562.9677877511087], [-537.4397760033047, -1645.4559077512683], [-535.8776315720264, -1656.4765877511281], [-533.9249510328851, -1670.28026775108], [-513.812341480892, -1811.5453477511503], [-512.6407331573031, -1819.5603877510841], [-509.71171234885145, -1843.7168277510002], [-502.38916032737507, -1902.7164277511395], [-501.1199179770808, -1910.286187751011], [-499.4601395189234, -1923.199307751234], [-499.36250549187093, -1923.8672277511298], [-498.38616522238704, -1931.993587751178]]}, "properties": {"osm_id": null, "type": "residential", "width_m": 5, "extrude": false}}, {"type": "Feature", "geometry": {"type": "LineString", "coordinates": [[-651.6715875370858, -1745.643907751035], [-633.706926577992, -1744.8646677510249], [-628.6299571764675, -1744.4193877509626], [-604.4167184924338, -1736.5156677511432], [-584.6946450479568, -1732.2855077511451], [-568.4873965738993, -1732.9534277510406]]}, "properties": {"osm_id": null, "type": "footway", "width_m": 2, "extrude": false}}, {"type": "Feature", "geometry": {"type": "LineString", "coordinates": [[-526.9929351192718, -1541.4830277511705], [-529.043249685292, -1548.8301477512089], [-529.8243219010179, -1551.8357877511346], [-530.6053941165704, -1554.9527477511747], [-533.7296829789537, -1554.2848277512792], [-536.8539718415103, -1554.8414277510603], [-540.3687968117565, -1557.847067750986], [-541.5404051351718, -1560.4074277512452], [-541.4427711082928, -1566.0847477511488], [-527.2858372002557, -1669.2783877512366], [-523.3804761221465, -1698.1102677512129], [-507.75903180971017, -1810.7661077511402], [-506.39215543253675, -1820.7849077511564], [-493.60209790167295, -1909.2843077511677], [-492.4304895782576, -1917.410667751216], [-491.2588812548422, -1919.7483877512461], [-489.20856668882186, -1921.0842277510374], [-485.01030352990233, -1921.7521477513285], [-480.5191382901722, -1923.8672277511298], [-474.2705605652323, -1928.3200277509611], [-469.77939532550226, -1932.5501877509591], [-467.24091062473997, -1936.223747751176], [-464.4095238429938, -1938.2275077512584], [-460.6017967919371, -1938.7841077510395], [-339.6332373983007, -1921.5295077510996], [-335.9231443741231, -1921.0842277510374], [-199.82131080296563, -1903.384347751035], [-196.30648583254603, -1902.9390677509728], [-136.26155925703029, -1894.5900677510913], [-126.4981565618442, -1893.2542277512998], [-121.3235531334407, -1892.6976277511233], [-105.89737687493569, -1890.9165077512698], [-98.08665471889088, -1889.6919877511975], [-82.85574651431737, -1887.3542677511673], [-65.0863536089816, -1882.122227751326], [-31.207346256640836, -1873.105307751153], [-9.630226300248397, -1864.7563077512714], [2.769295122752379, -1859.8582277509822], [13.997208222164332, -1854.5148677510265], [30.399724750153243, -1846.0545477510302], [46.704607251089705, -1838.0395077510964], [69.25806747713949, -1822.6773477511242], [100.30568804790751, -1797.9643077510316], [154.5902070332253, -1754.6608277512078], [201.84507607805077, -1716.4780677511108]]}, "properties": {"osm_id": null, "type": "footway", "width_m": 2, "extrude": false}}, {"type": "Feature", "geometry": {"type": "LineString", "coordinates": [[-439.7081150242181, -1570.6488677510947], [-441.36789348237545, -1573.4318677511872], [-442.2465997249804, -1574.8790277510927], [-438.9270428084922, -1605.3807077512035], [-438.24360461981877, -1611.0580277511074], [-427.4062276282698, -1648.6841877510276], [-423.8914026580236, -1656.9218677511903], [-418.32626312175717, -1670.0576277512466], [-375.6601933435408, -1752.4344277512919], [-368.923445483859, -1769.2437477511698], [-360.42928513914075, -1788.2794677509632], [-358.86714070786235, -1793.4001877510857], [-351.44695465950707, -1819.783027751313], [-348.7132019048134, -1834.1433077510462], [-344.9054748537567, -1854.6261877511408], [-341.78118599120006, -1877.7807477512133], [-335.9231443741231, -1921.0842277510374]]}, "properties": {"osm_id": null, "type": "footway", "width_m": 2, "extrude": false}}, {"type": "Feature", "geometry": {"type": "LineString", "coordinates": [[-327.72188611021534, -1933.886027751146], [-334.4586339698972, -1931.6596277512301], [-338.8521651827483, -1927.8747477512943], [-339.34033531749026, -1923.9785477512442], [-339.6332373983007, -1921.5295077510996], [-344.9054748537567, -1878.2260277512755], [-351.1540525786966, -1834.477267750994], [-361.6008934625561, -1793.845467751148], [-379.077384286908, -1752.991027751073], [-427.9920317898908, -1656.4765877511281], [-437.26726435033487, -1630.9843077510252], [-441.66079556318596, -1604.712787751308], [-444.9803524796741, -1572.652627751177], [-445.3708885873636, -1569.5356677511368], [-445.76142469522654, -1565.9734277510345], [-444.1016462370692, -1558.848947751225]]}, "properties": {"osm_id": null, "type": "residential", "width_m": 5, "extrude": false}}, {"type": "Feature", "geometry": {"type": "LineString", "coordinates": [[-379.077384286908, -1752.991027751073], [-375.6601933435408, -1752.4344277512919], [-311.70990568991596, -1741.413747751037], [-307.6092765580488, -1740.7458277511412]]}, "properties": {"osm_id": null, "type": "residential", "width_m": 5, "extrude": false}}, {"type": "Feature", "geometry": {"type": "LineString", "coordinates": [[-199.82131080296563, -1905.0541477511697], [-199.82131080296563, -1903.384347751035], [-201.96925939586492, -1857.4091877512333], [-202.4574295306069, -1848.2809477509459], [-205.7769864469216, -1833.3640677510361], [-211.635028064172, -1818.224547751293], [-213.9782447110028, -1814.6623077511904], [-222.47240505572103, -1802.1944677510296], [-235.94590077508474, -1790.5058677512743], [-255.37507213857785, -1777.9267077509992], [-276.85455806809125, -1764.5683077511094], [-311.70990568991596, -1741.413747751037], [-316.98214314537194, -1737.9628277510487], [-317.7632153610978, -1737.07226775132], [-327.3313500023524, -1726.6081877512415], [-339.9261394791112, -1707.4611477513336], [-344.22203666508324, -1697.3310277512028], [-349.49427412036584, -1675.6236277510359], [-349.49427412036584, -1665.4935077513007], [-349.39664009348684, -1654.3615077513268], [-344.9054748537567, -1624.9730277511737], [-340.1214075330427, -1594.3600277509486], [-339.73087142517977, -1591.4657077511372]]}, "properties": {"osm_id": null, "type": "footway", "width_m": 2, "extrude": false}}, {"type": "Feature", "geometry": {"type": "LineString", "coordinates": [[-333.8728298081028, -1582.0035077512975], [-335.4349742393811, -1588.9053477512737], [-336.0207784010021, -1592.2449477511473], [-336.6065825627965, -1595.1392677509584], [-342.171722099063, -1625.529627750955], [-347.3463255274665, -1665.7161477511343], [-344.71020679982524, -1685.976387751], [-339.6332373983007, -1701.338547750972], [-328.01478819102584, -1721.932747751181], [-321.47330838527546, -1730.393067751177], [-314.83419455247264, -1735.4024677511852], [-307.6092765580488, -1740.7458277511412], [-301.55596688704037, -1745.1986277509727], [-251.07917495277925, -1776.4795477510936], [-228.3304466729714, -1791.9530277511801], [-218.37177592385385, -1802.3057877511442], [-209.87761557896218, -1814.1057077510138], [-203.3361357732118, -1829.6905077512147], [-199.04023858723974, -1843.7168277510002], [-197.47809415596143, -1856.7412677509421], [-196.30648583254603, -1902.9390677509728], [-196.30648583254603, -1904.6088677511075], [-196.208851805667, -1908.5050677511576], [-198.9426045603607, -1912.178627750979], [-204.2148420158167, -1916.9653877511537]]}, "properties": {"osm_id": null, "type": "residential", "width_m": 5, "extrude": false}}, {"type": "Feature", "geometry": {"type": "LineString", "coordinates": [[-150.22322511130938, -1743.5288277512336], [-146.70840014088978, -1767.796587751264]]}, "properties": {"osm_id": null, "type": "residential", "width_m": 5, "extrude": false}}, {"type": "Feature", "geometry": {"type": "LineString", "coordinates": [[-585.8662533713722, -1773.13994775122], [-580.6916499429686, -1775.0323877511878]]}, "properties": {"osm_id": null, "type": "footway", "width_m": 2, "extrude": false}}, {"type": "Feature", "geometry": {"type": "LineString", "coordinates": [[-571.709319463335, -1796.6284677512404], [-570.1471750322302, -1779.4851877510193], [-574.6383402719601, -1770.5795877509609], [-579.7153096734847, -1767.907907750983], [-588.2094700183764, -1764.345667751276], [-600.5113574143246, -1763.1211477512038], [-605.3930587619177, -1768.130547751212], [-608.029177489559, -1787.0549477512864], [-605.1001566809338, -1791.17378775117], [-606.9552031930226, -1795.0699877512202]]}, "properties": {"osm_id": null, "type": "footway", "width_m": 2, "extrude": false}}, {"type": "Feature", "geometry": {"type": "LineString", "coordinates": [[-579.7153096734847, -1767.907907750983], [-580.6916499429686, -1775.0323877511878], [-581.3750881316421, -1780.821027751206], [-581.0821860508315, -1787.722867751182], [-584.2064749132148, -1792.1756677510134], [-587.4283978026505, -1791.0624677510557], [-587.2331297487191, -1785.9417477513286], [-592.6030012312274, -1777.2587877511037], [-597.4847025788205, -1771.4701477510855]]}, "properties": {"osm_id": null, "type": "footway", "width_m": 2, "extrude": false}}, {"type": "Feature", "geometry": {"type": "LineString", "coordinates": [[-600.9995275490667, -1757.8891077509668], [-586.5496915600456, -1757.7777877512478], [-574.0525361101658, -1760.6721077510592], [-567.0228861696734, -1765.9041477512963], [-564.3867674420321, -1774.253147751178], [-564.2891334149797, -1783.8266677511317], [-566.9252521427944, -1794.9586677511058], [-571.709319463335, -1796.6284677512404], [-581.3750881316421, -1803.1963477512686], [-596.5083623091631, -1803.085027751154], [-606.9552031930226, -1795.0699877512202], [-613.3014149450149, -1786.164387751162], [-610.3723941363897, -1776.4795477510936], [-609.2007858129745, -1767.017347751254]]}, "properties": {"osm_id": null, "type": "footway", "width_m": 2, "extrude": false}}, {"type": "Feature", "geometry": {"type": "LineString", "coordinates": [[-599.8279192256513, -1790.6171877509933], [-601.5853317106876, -1777.2587877511037], [-599.8279192256513, -1773.13994775122], [-597.4847025788205, -1771.4701477510855], [-593.3840734467799, -1770.6909077510754], [-585.8662533713722, -1773.13994775122]]}, "properties": {"osm_id": null, "type": "footway", "width_m": 2, "extrude": false}}, {"type": "Feature", "geometry": {"type": "LineString", "coordinates": [[-617.2067760231241, -1818.4471877511262], [-623.064817640201, -1811.8793077510982], [-627.6536169069835, -1799.8567477509996], [-630.6802717424878, -1788.8360677511398], [-632.1447821467137, -1776.0342677510314], [-630.8755397964193, -1754.32686775126], [-628.6299571764675, -1744.4193877509626]]}, "properties": {"osm_id": null, "type": "footway", "width_m": 2, "extrude": false}}, {"type": "Feature", "geometry": {"type": "LineString", "coordinates": [[840.9574165064364, -1703.6762677510021], [840.6645144254525, -1706.7932277510424], [831.8774519997504, -1791.2851077512844]]}, "properties": {"osm_id": null, "type": "footway", "width_m": 2, "extrude": false}}, {"type": "Feature", "geometry": {"type": "LineString", "coordinates": [[559.6737848574354, -1789.3926677513166], [565.1412903666495, -1783.6040277512984], [565.9223625823754, -1774.030507750949], [556.3542279409473, -1754.4381877509788], [534.1913038229338, -1718.815787751141], [531.6528191221716, -1715.0309077512052], [525.5995094511632, -1707.0158677512713]]}, "properties": {"osm_id": null, "type": "residential", "width_m": 5, "extrude": false}}, {"type": "Feature", "geometry": {"type": "LineString", "coordinates": [[21.905564405261583, -1735.4024677511852], [-146.70840014088978, -1767.796587751264]]}, "properties": {"osm_id": null, "type": "residential", "width_m": 5, "extrude": false}}, {"type": "Feature", "geometry": {"type": "LineString", "coordinates": [[531.6528191221716, -1720.2629477510466], [560.9430272077299, -1770.2456277510132], [561.2359292887138, -1774.6984277512402], [555.7684237793263, -1778.149347751228], [551.7654286743382, -1782.490827750945], [550.3985522969914, -1788.2794677509632], [553.620475186427, -1793.4001877510857], [557.5258362645361, -1795.0699877512202], [563.1886098276816, -1795.2926277510537], [566.7034347979278, -1791.507747751118], [571.0969660107789, -1783.492707751184], [570.4135278221055, -1777.704067751166], [567.7774090944642, -1770.0229877511797], [556.9400321027417, -1749.2061477511375], [537.3155926853171, -1717.1459877510065]]}, "properties": {"osm_id": null, "type": "footway", "width_m": 2, "extrude": false}}, {"type": "Feature", "geometry": {"type": "LineString", "coordinates": [[324.5710479567236, -1831.9169077511306], [336.5800332718614, -1821.0075477509897], [363.4293906837098, -1798.1869477512605], [386.6662890982596, -1782.6021477510594], [396.13678971263516, -1783.8266677511317], [528.2356281788045, -1718.4818277511931], [531.6528191221716, -1720.2629477510466], [534.1913038229338, -1718.815787751141], [537.3155926853171, -1717.1459877510065], [540.3422475208214, -1715.4761877512674], [579.1029562209286, -1701.8951477511487], [582.7154152180537, -1700.781947751191], [606.635751821277, -1693.546147751267], [633.6803772870569, -1689.87258775105], [659.9439305371109, -1689.6499477512168], [684.4500713021284, -1689.427307750988], [715.8882279807594, -1692.4329477513093], [738.8322243144987, -1694.9933077511728], [813.1317188251041, -1703.2309877513355], [813.5222549327937, -1700.447987751243], [814.9867653371929, -1690.095227751279], [815.8654715796245, -1684.1952677511465]]}, "properties": {"osm_id": null, "type": "footway", "width_m": 2, "extrude": false}}, {"type": "Feature", "geometry": {"type": "LineString", "coordinates": [[21.905564405261583, -1735.4024677511852], [34.98852401693579, -1741.413747751037], [64.96217029116744, -1781.7115877513306]]}, "properties": {"osm_id": null, "type": "service", "width_m": 3.5, "extrude": false}}, {"type": "Feature", "geometry": {"type": "LineString", "coordinates": [[367.82292189656084, -1792.6209477510756], [365.2844371957986, -1788.7247477510255], [363.03885457584687, -1785.1625077513186], [384.81124258617075, -1771.0248677510233], [388.1307995026589, -1767.3513077512018], [390.8645522571792, -1759.8928677510492], [391.0598203111107, -1757.4438277513], [390.27874809555817, -1751.766507751001], [387.5449953408645, -1746.423147751045], [382.95619607408196, -1742.6382677511092], [378.0744947264889, -1740.523187751308], [366.7489476000245, -1738.0741477511633], [362.84358652191537, -1737.2949077511532], [363.33175665683075, -1734.4005877509464], [365.08916914186716, -1725.4949877512836]]}, "properties": {"osm_id": null, "type": "footway", "width_m": 2, "extrude": false}}, {"type": "Feature", "geometry": {"type": "LineString", "coordinates": [[426.3057040407983, -1754.32686775126], [389.3024078260743, -1772.4720277513243]]}, "properties": {"osm_id": null, "type": "residential", "width_m": 5, "extrude": false}}, {"type": "Feature", "geometry": {"type": "LineString", "coordinates": [[359.0358594708587, -1792.8435877513045], [355.52103450061253, -1787.0549477512864], [352.49437966510834, -1782.0455477512783]]}, "properties": {"osm_id": null, "type": "service", "width_m": 3.5, "extrude": false}}, {"type": "Feature", "geometry": {"type": "LineString", "coordinates": [[352.49437966510834, -1782.0455477512783], [345.562363751495, -1760.8947477512882], [347.6126783175153, -1754.5495077510932], [355.4234004735601, -1751.5438677511675], [368.50636008523435, -1752.7683877512397], [378.8555669422148, -1760.8947477512882], [377.29342251093647, -1766.1267877511295], [352.49437966510834, -1782.0455477512783]]}, "properties": {"osm_id": null, "type": "service", "width_m": 3.5, "extrude": false}}, {"type": "Feature", "geometry": {"type": "LineString", "coordinates": [[100.30568804790751, -1797.9643077510316], [101.37966234427046, -1799.3001477512184], [103.62524496422222, -1802.1944677510296], [108.4093122847628, -1807.8717877513288], [110.94779698552506, -1810.5434677513067], [112.31467336287191, -1811.9906277512125]]}, "properties": {"osm_id": null, "type": "footway", "width_m": 2, "extrude": false}}, {"type": "Feature", "geometry": {"type": "LineString", "coordinates": [[-361.6008934625561, -1793.845467751148], [-358.86714070786235, -1793.4001877510857], [-255.37507213857785, -1777.9267077509992], [-251.07917495277925, -1776.4795477510936]]}, "properties": {"osm_id": null, "type": "residential", "width_m": 5, "extrude": false}}, {"type": "Feature", "geometry": {"type": "LineString", "coordinates": [[-642.1034528958312, -1816.6660677512727], [-630.5826377154353, -1815.8868277512627], [-623.3577197210116, -1815.330227751086], [-617.2067760231241, -1818.4471877511262], [-603.5380122498289, -1821.7867877509998], [-598.6563109022359, -1818.4471877511262], [-587.7212998834609, -1818.001907751064], [-577.8602631613959, -1818.1132277511783], [-570.3424430859881, -1813.6604277509516], [-558.1381897170922, -1806.6472677512565], [-554.2328286389832, -1796.7397877509593], [-554.1351946121041, -1779.7078277512483], [-556.4784112589349, -1768.0192277510973], [-563.7033292533587, -1757.1098677509567], [-571.6116854364559, -1750.7646277511574], [-576.39575275717, -1749.3174677512518], [-590.4550526381547, -1750.653307751043], [-596.4107282822841, -1750.875947751272], [-600.9995275490667, -1757.8891077509668], [-614.4730232684303, -1760.7834277511736], [-617.792580184745, -1767.017347751254], [-620.7216009933703, -1778.7059477510093], [-620.0381628046969, -1790.39454775116], [-614.0824871605674, -1800.3020277510618], [-605.2954247348653, -1806.6472677512565], [-599.0468470099254, -1808.6510277509435], [-581.0821860508315, -1807.8717877513288]]}, "properties": {"osm_id": null, "type": "footway", "width_m": 2, "extrude": false}}, {"type": "Feature", "geometry": {"type": "LineString", "coordinates": [[-605.1001566809338, -1791.17378775117], [-599.8279192256513, -1790.6171877509933], [-596.0201921744211, -1794.9586677511058], [-586.5496915600456, -1799.4114677513328], [-581.9608922934365, -1799.4114677513328], [-576.005216649307, -1793.0662277511378], [-576.2004847032385, -1780.2644277510294], [-580.6916499429686, -1775.0323877511878]]}, "properties": {"osm_id": null, "type": "footway", "width_m": 2, "extrude": false}}, {"type": "Feature", "geometry": {"type": "LineString", "coordinates": [[-563.8009632802377, -1714.4743077510284], [-567.5110563044154, -1725.0497077512214], [-568.4873965738993, -1732.9534277510406], [-566.1441799270684, -1737.9628277510487], [-553.2564883694992, -1745.9778677509828], [-549.0582252105796, -1750.7646277511574], [-540.7593329196194, -1769.1324277510553], [-538.5137502996677, -1781.4889477511017], [-539.6853586230831, -1806.6472677512565], [-536.0728996259579, -1813.5491077512327], [-531.0935642513124, -1816.6660677512727], [-528.3598114966186, -1832.1395477509639], [-526.7976670655138, -1843.8281477511146], [-528.2621774697396, -1852.5111077509441], [-532.1675385478487, -1856.7412677509421], [-549.4487613182691, -1858.299747750962], [-573.5643659754238, -1860.3035077510444], [-588.1118359913238, -1861.7506677509502], [-605.2954247348653, -1865.8695077512293], [-615.4493635379143, -1868.9864677512694], [-620.9168690473017, -1867.4279877512495], [-624.3340599904955, -1863.9770677512613], [-625.1151322062213, -1857.1865477510044], [-626.5796426104472, -1842.7149477511566], [-627.2630807991206, -1832.918787750974], [-630.5826377154353, -1815.8868277512627], [-634.2927307396129, -1795.1813077513348], [-637.1241175213592, -1777.2587877511037], [-637.3193855752907, -1767.128667750973], [-633.706926577992, -1744.8646677510249], [-632.9258543624395, -1740.0779077512457], [-635.9525091979438, -1725.383667751169]]}, "properties": {"osm_id": null, "type": "footway", "width_m": 2, "extrude": false}}, {"type": "Feature", "geometry": {"type": "LineString", "coordinates": [[-541.6380391622243, -1671.3934677510379], [-542.7120134585873, -1663.378427751104], [-566.0465459001895, -1658.2577077509816], [-576.2004847032385, -1661.4859877511362], [-643.372695246299, -1645.1219477513205], [-647.1804222973557, -1639.1106677510736], [-664.75454714876, -1634.3239077512944], [-666.3166915800384, -1635.1031477513043], [-667.0001297687118, -1637.6635077511678], [-665.633253391365, -1647.4596677509553], [-651.6715875370858, -1745.643907751035], [-647.3756903512872, -1777.9267077509992], [-645.1301077313354, -1796.8511077510739], [-642.1034528958312, -1816.6660677512727], [-636.8312154403752, -1858.6337077513056], [-623.1624516670801, -1958.2651077512908]]}, "properties": {"osm_id": null, "type": "footway", "width_m": 2, "extrude": false}}, {"type": "Feature", "geometry": {"type": "LineString", "coordinates": [[-507.75903180971017, -1810.7661077511402], [-510.0046144296619, -1810.9887477509735], [-513.812341480892, -1811.5453477511503], [-520.9396254482634, -1812.5472277509937]]}, "properties": {"osm_id": null, "type": "footway", "width_m": 2, "extrude": false}}, {"type": "Feature", "geometry": {"type": "LineString", "coordinates": [[-520.9396254482634, -1812.5472277509937], [-520.5490893405739, -1815.330227751086], [-531.0935642513124, -1816.6660677512727], [-549.3511272913901, -1821.2301877512186]]}, "properties": {"osm_id": null, "type": "footway", "width_m": 2, "extrude": false}}, {"type": "Feature", "geometry": {"type": "LineString", "coordinates": [[-351.1540525786966, -1834.477267750994], [-348.7132019048134, -1834.1433077510462], [-213.9782447110028, -1814.6623077511904], [-209.87761557896218, -1814.1057077510138]]}, "properties": {"osm_id": null, "type": "residential", "width_m": 5, "extrude": false}}, {"type": "Feature", "geometry": {"type": "LineString", "coordinates": [[-475.53980291552676, -1941.7897477509653], [-468.9983231097763, -1944.2387877511098], [-464.7024259239777, -1944.9067077510056], [-458.25858014510635, -1944.2387877511098], [-453.0839767165294, -1943.6821877513287], [-441.8560636171174, -1942.1237077513088], [-430.6281505177055, -1940.5652277512886], [-419.1073353373096, -1939.0067477512684], [-355.7428518453057, -1930.3237877510435], [-338.8521651827483, -1927.8747477512943], [-324.0117930860377, -1925.7596677510976], [-318.0561174419083, -1924.9804277510875], [-246.00220555125472, -1914.738987751238], [-216.22382733078112, -1910.9541077513022], [-210.75632182156707, -1910.286187751011], [-196.208851805667, -1908.5050677511576], [-165.45413331570947, -1904.163587751045], [-159.791359752564, -1903.384347751035], [-146.70840014088978, -1901.6032277511815], [-135.57812106835684, -1900.0447477511616], [-125.61945031923929, -1898.7089077509747], [-97.30558250316501, -1895.2579877509868], [-92.13097907476148, -1894.2561077511434], [-77.68114308591385, -1891.5844277511653], [-64.50054944736061, -1888.9127477511875], [-36.57721773897583, -1881.4543077510348], [-5.041427033465851, -1869.6543877511651], [22.29610051312452, -1856.8525877510565], [44.55665865819039, -1844.718707751239], [65.35270639903038, -1831.5829477511827], [103.62524496422222, -1802.1944677510296], [206.0433392369704, -1721.153507751171], [210.24160239589, -1717.5912677510687], [214.63513360874106, -1713.9177077512472], [220.39554119893901, -1706.1253077511467]]}, "properties": {"osm_id": null, "type": "secondary", "width_m": 9, "extrude": false}}, {"type": "Feature", "geometry": {"type": "LineString", "coordinates": [[-146.70840014088978, -1767.796587751264], [-140.16692033513937, -1779.262547751186], [-123.56913575339244, -1884.6825877511894], [-121.3235531334407, -1892.6976277511233], [-120.83538299869872, -1894.1447877510288]]}, "properties": {"osm_id": null, "type": "footway", "width_m": 2, "extrude": false}}, {"type": "Feature", "geometry": {"type": "LineString", "coordinates": [[-645.1301077313354, -1796.8511077510739], [-634.2927307396129, -1795.1813077513348]]}, "properties": {"osm_id": null, "type": "footway", "width_m": 2, "extrude": false}}, {"type": "Feature", "geometry": {"type": "LineString", "coordinates": [[-626.0914724757052, -1974.406507751273], [-627.0678127451891, -1967.2820277510682], [-627.6536169069835, -1963.3858277510178], [-628.2394210686047, -1959.0443477513008], [-634.3903647666655, -1911.5107077510834], [-641.6152827610892, -1862.752547751189], [-648.2543965938921, -1809.8755477510158], [-648.7425667286341, -1806.3133077513087], [-657.2367270733523, -1744.1967477511294], [-670.026784604216, -1648.0162677511319], [-672.1747331971154, -1631.8748677511498], [-672.6629033318573, -1628.5352677512763]]}, "properties": {"osm_id": null, "type": "residential", "width_m": 5, "extrude": false}}, {"type": "Feature", "geometry": {"type": "LineString", "coordinates": [[-1075.9890686708577, -1864.4223477513237], [-945.1594725551562, -1846.611147751207], [-940.2777712075631, -1846.0545477510302], [-648.7425667286341, -1806.3133077513087], [-646.2040820278719, -1806.09066775108]]}, "properties": {"osm_id": null, "type": "footway", "width_m": 2, "extrude": false}}, {"type": "Feature", "geometry": {"type": "LineString", "coordinates": [[-648.2543965938921, -1809.8755477510158], [-776.3502399548998, -1827.0188277512368], [-946.1358128246402, -1849.5054677510184], [-1075.0127284013736, -1868.095907751145], [-1076.7701408865835, -1868.3185477509783]]}, "properties": {"osm_id": null, "type": "residential", "width_m": 5, "extrude": false}}, {"type": "Feature", "geometry": {"type": "LineString", "coordinates": [[-768.1489816909921, -1880.0071477511292], [-647.0827882704767, -1863.531787751199], [-641.6152827610892, -1862.752547751189]]}, "properties": {"osm_id": null, "type": "residential", "width_m": 5, "extrude": false}}, {"type": "Feature", "geometry": {"type": "LineString", "coordinates": [[-754.4802179176969, -1984.759267751237], [-754.9683880524389, -1980.5291077512388], [-755.0660220794913, -1979.6385477511144], [-757.1163366453382, -1963.05186775107], [-757.7021408071325, -1958.1537877511764], [-761.3145998044312, -1928.3200277509611], [-768.1489816909921, -1880.0071477511292], [-775.2762656585369, -1834.3659477512751], [-776.3502399548998, -1827.0188277512368]]}, "properties": {"osm_id": null, "type": "residential", "width_m": 5, "extrude": false}}, {"type": "Feature", "geometry": {"type": "LineString", "coordinates": [[-761.3145998044312, -1928.3200277509611], [-640.1507723568634, -1912.2899477510935], [-634.3903647666655, -1911.5107077510834]]}, "properties": {"osm_id": null, "type": "residential", "width_m": 5, "extrude": false}}, {"type": "Feature", "geometry": {"type": "LineString", "coordinates": [[-757.1163366453382, -1963.05186775107], [-728.1190306405905, -1959.2669877511341]]}, "properties": {"osm_id": null, "type": "service", "width_m": 3.5, "extrude": false}}, {"type": "Feature", "geometry": {"type": "LineString", "coordinates": [[-638.6862619524641, -1964.832987751319], [-638.1004577908432, -1968.6178677512548], [-637.1241175213592, -1975.8536677511786], [-636.6359473866172, -1979.527227751]]}, "properties": {"osm_id": null, "type": "footway", "width_m": 2, "extrude": false}}, {"type": "Feature", "geometry": {"type": "LineString", "coordinates": [[-641.3223806802788, -1983.0894677511023], [-641.7129167879683, -1980.1951477512912], [-642.2987209497627, -1976.6329077511887], [-643.567963300057, -1969.397107751265], [-644.0561334349725, -1965.612227751329], [-644.349035515783, -1963.83110775108]]}, "properties": {"osm_id": null, "type": "footway", "width_m": 2, "extrude": false}}, {"type": "Feature", "geometry": {"type": "LineString", "coordinates": [[229.67077375938314, -1716.4780677511108], [225.08197449260058, -1717.0346677512875], [221.9576856300439, -1718.3705077510788], [217.0759842824509, -1721.4874677511189], [214.73276763562006, -1723.2685877509723], [210.63213850375294, -1726.496867751127], [182.51353874143666, -1748.5382277512417], [108.4093122847628, -1807.8717877513288], [73.55396466293811, -1835.5904677509518], [51.58630859868274, -1849.2828277511849], [26.201461591233638, -1863.0865077511369], [3.159831230441888, -1874.3298277512254], [-23.591892154354074, -1884.3486277512416], [-46.92642459595631, -1891.361787751332], [-63.036039042961306, -1895.59194775133], [-76.80243684330894, -1899.154187751037], [-91.0570047782251, -1901.4919077510672], [-96.23160820680206, -1902.3824677511916], [-129.4271773704694, -1906.8352677510231], [-134.60178079887294, -1907.6145077510332], [-148.36817859922056, -1909.506947751001], [-158.81501948308005, -1911.0654277510212], [-164.47779304622557, -1911.8446677510312], [-204.2148420158167, -1916.9653877511537], [-209.87761557896218, -1917.7446277511638], [-215.2474870612972, -1918.4125477510593], [-317.0797771724244, -1932.4388677512402], [-322.3520146277069, -1933.2181077512503], [-327.72188611021534, -1933.886027751146], [-354.86414560287426, -1937.1143077513007], [-422.32925822674525, -1946.3538677513068], [-452.0100024201665, -1950.4727077511902], [-457.37987390250146, -1951.2519477512003], [-462.65211135795744, -1952.142507751325], [-467.24091062473997, -1954.1462677510117], [-472.8060501610064, -1956.9292677511041]]}, "properties": {"osm_id": null, "type": "secondary", "width_m": 9, "extrude": false}}, {"type": "Feature", "geometry": {"type": "LineString", "coordinates": [[-146.70840014088978, -1767.796587751264], [-126.4981565618442, -1893.2542277512998], [-126.20525448103372, -1894.81270775132], [-125.61945031923929, -1898.7089077509747], [-126.4981565618442, -1902.8277477512538], [-129.4271773704694, -1906.8352677510231]]}, "properties": {"osm_id": null, "type": "residential", "width_m": 5, "extrude": false}}, {"type": "Feature", "geometry": {"type": "LineString", "coordinates": [[-625.1151322062213, -1857.1865477510044], [-636.8312154403752, -1858.6337077513056]]}, "properties": {"osm_id": null, "type": "footway", "width_m": 2, "extrude": false}}, {"type": "Feature", "geometry": {"type": "LineString", "coordinates": [[-344.9054748537567, -1878.2260277512755], [-341.78118599120006, -1877.7807477512133], [-201.96925939586492, -1857.4091877512333], [-197.47809415596143, -1856.7412677509421]]}, "properties": {"osm_id": null, "type": "residential", "width_m": 5, "extrude": false}}, {"type": "Feature", "geometry": {"type": "LineString", "coordinates": [[-509.71171234885145, -1843.7168277510002], [-505.22054710894787, -1847.5017077513314], [-496.33585065636674, -1909.6182677511156], [-494.87134025214084, -1919.4144277512983], [-493.4068298477415, -1923.533267751182]]}, "properties": {"osm_id": null, "type": "footway", "width_m": 2, "extrude": false}}, {"type": "Feature", "geometry": {"type": "LineString", "coordinates": [[-559.3097980405076, -1887.5769077510008], [-613.0085128642045, -1894.81270775132], [-608.6149816513534, -1931.770947750949], [-554.1351946121041, -1923.533267751182], [-559.3097980405076, -1887.5769077510008]]}, "properties": {"osm_id": null, "type": "service", "width_m": 3.5, "extrude": false}}, {"type": "Feature", "geometry": {"type": "LineString", "coordinates": [[-559.3097980405076, -1887.5769077510008], [-537.7326780841153, -1884.6825877511894], [-540.173528757825, -1866.0921477510626], [-536.4634357336473, -1863.6431077513137], [-520.9396254482634, -1861.9733077511792], [-518.3035067206222, -1905.7220677510652]]}, "properties": {"osm_id": null, "type": "service", "width_m": 3.5, "extrude": false}}, {"type": "Feature", "geometry": {"type": "LineString", "coordinates": [[-136.26155925703029, -1894.5900677510913], [-136.06629120309879, -1896.2598677512258], [-135.57812106835684, -1900.0447477511616], [-134.60178079887294, -1907.6145077510332], [-134.11361066413096, -1911.399387750969], [-133.82070858332045, -1913.8484277511136]]}, "properties": {"osm_id": null, "type": "footway", "width_m": 2, "extrude": false}}, {"type": "Feature", "geometry": {"type": "LineString", "coordinates": [[-160.377163914185, -1899.7107877512137], [-159.791359752564, -1903.384347751035], [-158.81501948308005, -1911.0654277510212], [-158.3268493483381, -1914.6276677511237]]}, "properties": {"osm_id": null, "type": "footway", "width_m": 2, "extrude": false}}, {"type": "Feature", "geometry": {"type": "LineString", "coordinates": [[-507.0755936210367, -1911.399387750969], [-501.1199179770808, -1910.286187751011], [-496.33585065636674, -1909.6182677511156], [-493.60209790167295, -1909.2843077511677]]}, "properties": {"osm_id": null, "type": "footway", "width_m": 2, "extrude": false}}, {"type": "Feature", "geometry": {"type": "LineString", "coordinates": [[-214.75931692655524, -1922.3087477511096], [-215.2474870612972, -1918.4125477510593], [-216.22382733078112, -1910.9541077513022], [-216.71199746552307, -1907.3918677511997]]}, "properties": {"osm_id": null, "type": "footway", "width_m": 2, "extrude": false}}, {"type": "Feature", "geometry": {"type": "LineString", "coordinates": [[355.52103450061253, -1787.0549477512864], [343.2191471046642, -1798.075627751146], [315.10054734234797, -1822.8999877509577], [320.1775167438725, -1827.575427751018], [323.0089035256186, -1830.135787751277]]}, "properties": {"osm_id": null, "type": "footway", "width_m": 2, "extrude": false}}, {"type": "Feature", "geometry": {"type": "LineString", "coordinates": [[228.10862932810477, -1840.8225077511888], [217.3688863634348, -1829.2452277511525], [215.70910790510402, -1824.458467750978], [246.9519965298035, -1796.4058277510114], [252.51713606606998, -1795.2926277510537], [256.81303325204203, -1797.296387751136], [266.2835338664176, -1810.7661077511402], [247.63543471847694, -1827.0188277512368], [247.3425326376664, -1834.1433077510462]]}, "properties": {"osm_id": null, "type": "residential", "width_m": 5, "extrude": false}}, {"type": "Feature", "geometry": {"type": "LineString", "coordinates": [[1102.4213406840813, -1862.9751877510225], [1037.6899808149042, -1832.6961477511404], [987.2131888806429, -1830.4697477512248], [970.9083063795331, -1831.2489877512348], [927.6564324398691, -1843.6055077512813], [893.093986898855, -1840.59986775096], [820.6495389003384, -1815.5528677513148], [768.2200664271095, -1793.6228277513146], [755.7229109772297, -1795.9605477509492], [735.9032035058735, -1795.737907751116], [723.0155119483043, -1786.4983477511098], [695.38508232073, -1781.7115877513306], [681.5210504936767, -1784.0493077509652], [674.0032304182689, -1787.8341877512964], [655.1598632165703, -1791.0624677510557], [644.8106563595898, -1799.3001477512184], [631.1418925862946, -1796.9624277511882], [616.0086184087736, -1801.9718277511963], [607.9049941717449, -1799.7454277512807], [600.5824421502685, -1809.4302677509536], [594.4314984523811, -1813.6604277509516], [584.4728277032636, -1811.8793077510982], [564.4578521779761, -1797.296387751136], [563.1886098276816, -1795.2926277510537], [559.6737848574354, -1789.3926677513166]]}, "properties": {"osm_id": null, "type": "footway", "width_m": 2, "extrude": false}}, {"type": "Feature", "geometry": {"type": "LineString", "coordinates": [[-419.1073353373096, -1939.0067477512684], [-417.6428249330837, -1934.5539477510415], [-339.34033531749026, -1923.9785477512442], [-318.5442875766503, -1921.1955477511517], [-232.33344177795954, -1909.6182677511156], [-216.71199746552307, -1907.3918677511997], [-199.82131080296563, -1905.0541477511697], [-196.30648583254603, -1904.6088677511075], [-160.377163914185, -1899.7107877512137], [-143.87701335931706, -1897.3730677511835], [-136.06629120309879, -1896.2598677512258], [-126.20525448103372, -1894.81270775132], [-120.83538299869872, -1894.1447877510288], [-97.98902069183843, -1890.8051877511552], [-92.81441726343492, -1890.0259477511454], [-78.95038543620825, -1888.022187751063], [-64.89108555505013, -1884.6825877511894], [-53.85844050956965, -1881.899587751097], [-31.012078202709365, -1874.8864277510065], [-8.165715896022517, -1866.3147877512915], [-5.920133276070753, -1865.424227751167], [21.905564405261583, -1852.6224277510585], [47.583313493694604, -1838.4847877511586], [63.204757805957634, -1828.0207077510802], [75.6042792289584, -1819.6717077511985], [101.37966234427046, -1799.3001477512184], [120.9064677346426, -1783.9379877512463], [203.30958648227667, -1718.2591877509642], [207.99601977593824, -1714.4743077510284]]}, "properties": {"osm_id": null, "type": "footway", "width_m": 2, "extrude": false}}, {"type": "Feature", "geometry": {"type": "LineString", "coordinates": [[216.78308220164038, -1725.8289477512315], [212.6824530695998, -1729.0572277509905], [193.93671989495354, -1744.3080677512437], [110.94779698552506, -1810.5434677513067], [105.0897553684481, -1815.1075877512526], [84.48897568153959, -1831.3603077509538], [71.50365009691782, -1840.3772277511266], [55.68693773072332, -1850.7299877510904], [38.21044690637147, -1860.8601077512212], [7.065192308551003, -1875.9996277509645], [-0.0620916589937966, -1879.2279077511191], [-27.594887259342208, -1889.5806677510832], [-58.642507830110226, -1898.7089077509747], [-62.35260085428787, -1899.5994677510994], [-66.257961932397, -1900.4900277512238], [-76.31426670856698, -1902.4937877513062], [-80.41489584043414, -1903.384347751035], [-89.7877624279307, -1905.276787751003], [-90.47120061660414, -1905.3881077511173], [-95.74343807188667, -1906.056027751013], [-130.01298153209038, -1910.8427877511876], [-134.11361066413096, -1911.399387750969], [-142.9006730898331, -1912.5125877513224], [-147.09893624875272, -1913.0691877511035], [-158.3268493483381, -1914.6276677511237], [-169.65239647462909, -1916.1861477511436], [-214.75931692655524, -1922.3087477511096], [-316.591607037509, -1936.001107750947], [-406.3172778066193, -1948.1349877511602], [-407.00071599529275, -1949.5821477510658]]}, "properties": {"osm_id": null, "type": "footway", "width_m": 2, "extrude": false}}, {"type": "Feature", "geometry": {"type": "LineString", "coordinates": [[315.10054734234797, -1822.8999877509577], [300.7483453803793, -1838.2621477513253], [280.2451997205233, -1864.0883877509802], [284.83399898730585, -1867.8732677513117], [287.95828784968904, -1870.5449477512896]]}, "properties": {"osm_id": null, "type": "footway", "width_m": 2, "extrude": false}}, {"type": "Feature", "geometry": {"type": "LineString", "coordinates": [[-5.041427033465851, -1869.6543877511651], [-8.165715896022517, -1866.3147877512915], [-9.630226300248397, -1864.7563077512714], [-1.6242360900986965, -1856.963907751171], [50.60996832919882, -1827.1301477509558], [61.93551545566322, -1825.9056277512789], [63.204757805957634, -1828.0207077510802], [65.35270639903038, -1831.5829477511827]]}, "properties": {"osm_id": null, "type": "service", "width_m": 3.5, "extrude": false}}, {"type": "Feature", "geometry": {"type": "LineString", "coordinates": [[290.1062364427618, -1872.1034277513097], [324.5710479567236, -1831.9169077511306], [323.0089035256186, -1830.135787751277]]}, "properties": {"osm_id": null, "type": "footway", "width_m": 2, "extrude": false}}, {"type": "Feature", "geometry": {"type": "LineString", "coordinates": [[-65.0863536089816, -1882.122227751326], [-64.89108555505013, -1884.6825877511894], [-64.50054944736061, -1888.9127477511875], [-63.036039042961306, -1895.59194775133], [-62.35260085428787, -1899.5994677510994], [-61.962064746598365, -1901.825867751015]]}, "properties": {"osm_id": null, "type": "footway", "width_m": 2, "extrude": false}}, {"type": "Feature", "geometry": {"type": "LineString", "coordinates": [[1.1095166644215948, -2026.7269077512697], [4.72197566172022, -2023.7212677509483], [228.10862932810477, -1840.8225077511888], [241.09395491272653, -1834.9225477510563], [247.3425326376664, -1834.1433077510462], [256.71539922498954, -1832.918787750974], [279.1712254239869, -1817.3339877511685], [290.2038704696408, -1802.1944677510296], [288.446457984431, -1789.3926677513166], [273.9966219955834, -1770.6909077510754], [260.5231262762196, -1765.9041477512963], [242.5584653169524, -1765.5701877509528], [220.39554119893901, -1775.9229477513124], [181.7324665258842, -1801.081267751072], [158.2026660303505, -1826.684867751289], [130.57223640294964, -1846.388507750978], [100.8914922095285, -1876.1109477510788], [85.27004789726546, -1884.0146677512937], [58.030154377554105, -1908.9503477512199], [32.45003931617354, -1922.0861077512764], [8.920238820639826, -1927.540787750951], [0.3284444488691448, -1931.3256677512825], [-10.704200596784771, -1950.3613877510759]]}, "properties": {"osm_id": null, "type": "service", "width_m": 3.5, "extrude": false}}, {"type": "Feature", "geometry": {"type": "LineString", "coordinates": [[-92.81441726343492, -1890.0259477511454], [-92.13097907476148, -1894.2561077511434], [-91.0570047782251, -1901.4919077510672], [-90.47120061660414, -1905.3881077511173]]}, "properties": {"osm_id": null, "type": "footway", "width_m": 2, "extrude": false}}, {"type": "Feature", "geometry": {"type": "LineString", "coordinates": [[-98.08665471889088, -1889.6919877511975], [-97.98902069183843, -1890.8051877511552], [-97.30558250316501, -1895.2579877509868], [-96.23160820680206, -1902.3824677511916], [-95.74343807188667, -1906.056027751013], [-95.35290196419717, -1908.5050677511576]]}, "properties": {"osm_id": null, "type": "footway", "width_m": 2, "extrude": false}}, {"type": "Feature", "geometry": {"type": "LineString", "coordinates": [[-367.94710521437503, -2104.205627751026], [-375.56255931666175, -2094.632107751072], [-431.89739286799994, -2023.2759877512817], [-442.83240388660136, -2011.6987077512454], [-467.43617867849804, -1981.08570775102], [-468.6077870019134, -1977.3008277510844], [-469.3888592176392, -1970.5103077512226], [-468.1196168671714, -1964.7216677512047], [-464.3118898161148, -1958.2651077512908], [-460.9923328998001, -1956.5953077511563], [-456.7940697408805, -1955.8160677511462], [-454.84138920173916, -1955.370787751084], [-420.57184574153547, -1951.3632677513149], [-407.00071599529275, -1949.5821477510658], [-247.85725206334354, -1928.7653077510233], [-150.6137612189989, -1916.2974677512582], [-146.02496195221636, -1915.8521877511957], [-142.11960087428068, -1915.1842677513002], [-137.92133771518763, -1914.516347751009], [-133.82070858332045, -1913.8484277511136], [-113.61046500427491, -1910.7314677510733], [-96.13397417974961, -1908.616387751272], [-95.35290196419717, -1908.5050677511576], [-84.02735483773276, -1906.5013077510753], [-82.56284443350688, -1906.1673477511274], [-79.3409215440712, -1905.499427751232], [-75.92373060070405, -1904.8315077513362], [-66.8437660941914, -1903.0503877510873], [-61.962064746598365, -1901.825867751015], [-43.11869754472622, -1896.816467751007], [-15.976438052067314, -1887.6882277511152], [5.2101457964621805, -1879.561867751067], [21.02685816265668, -1872.1034277513097], [43.18978228084353, -1860.5261477512734], [69.9415056656395, -1844.830027750958], [78.8262021183941, -1838.1508277512107], [112.31467336287191, -1811.9906277512125], [177.04603323222264, -1760.4494677512257], [213.95169542006764, -1730.5043877512917], [219.71210301026557, -1725.2723477510547], [223.5198300613222, -1723.3799077510869], [227.71809322024185, -1724.4931077510446], [233.57613483749222, -1725.6063077510025], [238.8483722927748, -1724.8270677509925], [244.31587780216225, -1723.045947751139], [248.8070430418923, -1719.7063477512654], [252.41950203919095, -1717.3686277512352], [255.44615687469516, -1717.3686277512352], [261.2065644648931, -1718.3705077510788], [366.26077746528256, -1740.300547751079], [377.3910565378155, -1742.6382677511092], [381.58931969673506, -1745.1986277509727], [385.4946807748442, -1748.983507751304], [387.93553144872743, -1754.4381877509788], [387.83789742167494, -1759.447587750987], [386.76392312531203, -1763.2324677513182], [385.3970467479652, -1766.5720677511918], [380.41771137331966, -1770.3569477511276], [355.52103450061253, -1787.0549477512864]]}, "properties": {"osm_id": null, "type": "footway", "width_m": 2, "extrude": false}}, {"type": "Feature", "geometry": {"type": "LineString", "coordinates": [[280.2451997205233, -1864.0883877509802], [237.2862278616699, -1916.2974677512582], [205.1646329943655, -1955.370787751084], [209.75343226114802, -1960.71414775104], [212.09664890797882, -1962.8292277512367]]}, "properties": {"osm_id": null, "type": "footway", "width_m": 2, "extrude": false}}, {"type": "Feature", "geometry": {"type": "LineString", "coordinates": [[246.9519965298035, -1924.8691077509732], [244.6087798829727, -1922.7540277511719], [242.1679292092629, -1920.6389477509751], [237.2862278616699, -1916.2974677512582]]}, "properties": {"osm_id": null, "type": "footway", "width_m": 2, "extrude": false}}, {"type": "Feature", "geometry": {"type": "LineString", "coordinates": [[88.68723884045919, -2107.322587751066], [119.93012746515866, -2069.4737877513126], [132.72018499584897, -2055.336147751017], [209.75343226114802, -1960.71414775104], [242.1679292092629, -1920.6389477509751], [284.83399898730585, -1867.8732677513117], [311.19518626441226, -1837.148947750972], [320.1775167438725, -1827.575427751018], [331.8935999781998, -1814.884947751024], [359.0358594708587, -1792.8435877513045], [365.2844371957986, -1788.7247477510255], [389.3024078260743, -1772.4720277513243], [395.5509855510142, -1765.3475477511195], [398.08947025177645, -1757.8891077509668], [397.60130011686107, -1753.1023477511876], [394.4770112544778, -1745.309947751087], [388.6189696374008, -1739.2986677512356]]}, "properties": {"osm_id": null, "type": "tertiary", "width_m": 7, "extrude": false}}, {"type": "Feature", "geometry": {"type": "LineString", "coordinates": [[-77.68114308591385, -1891.5844277511653], [-76.80243684330894, -1899.154187751037], [-76.31426670856698, -1902.4937877513062], [-75.92373060070405, -1904.8315077513362], [-64.50054944736061, -1932.5501877509591], [-52.78446621303327, -1957.3745477511663], [-35.21034136162897, -1986.7630277513192], [-27.204351151652702, -1996.1139077510443]]}, "properties": {"osm_id": null, "type": "residential", "width_m": 5, "extrude": false}}, {"type": "Feature", "geometry": {"type": "LineString", "coordinates": [[-80.41489584043414, -1903.384347751035], [-79.3409215440712, -1905.499427751232], [-75.72846254677258, -1912.7352277511557], [-61.18099253087248, -1947.4670677512645], [-50.148347485392, -1968.6178677512548], [-36.67485176602828, -1988.989427751235], [-30.621542094846422, -1996.2252277511589], [-27.204351151652702, -1996.1139077510443]]}, "properties": {"osm_id": null, "type": "footway", "width_m": 2, "extrude": false}}, {"type": "Feature", "geometry": {"type": "LineString", "coordinates": [[-66.8437660941914, -1903.0503877510873], [-69.18698274102218, -1908.616387751272], [-55.420584940674544, -1941.7897477509653], [-49.17200721590808, -1954.1462677510117], [-34.819805253939464, -1978.0800677510942], [-26.618546989858288, -1990.3252677510263], [-19.10072691462398, -1999.342187751199], [-8.556252003712025, -2009.8062677512776], [-1.4289680363406587, -2017.4873477512635], [4.72197566172022, -2023.7212677509483], [9.115506874571295, -2028.062747751061]]}, "properties": {"osm_id": null, "type": "footway", "width_m": 2, "extrude": false}}, {"type": "Feature", "geometry": {"type": "LineString", "coordinates": [[123.5425864624573, -2071.9228277510615], [125.78816908223563, -2073.1473477511336], [137.89478842442594, -2058.341787750943], [246.9519965298035, -1924.8691077509732], [290.1062364427618, -1872.1034277513097], [287.95828784968904, -1870.5449477512896]]}, "properties": {"osm_id": null, "type": "footway", "width_m": 2, "extrude": false}}, {"type": "Feature", "geometry": {"type": "LineString", "coordinates": [[-502.38916032737507, -1902.7164277511395], [-509.12590818705695, -1903.7183077509828], [-518.3035067206222, -1905.7220677510652], [-516.3508261816543, -1918.7465077510071], [-517.5224345050696, -1921.4181877509852], [-532.3628066017802, -1941.6784277512463], [-613.1061468910835, -1952.5877877509915], [-614.1801211876199, -1945.9085877512443]]}, "properties": {"osm_id": null, "type": "service", "width_m": 3.5, "extrude": false}}, {"type": "Feature", "geometry": {"type": "LineString", "coordinates": [[-318.5442875766503, -1921.1955477511517], [-318.0561174419083, -1924.9804277510875], [-317.0797771724244, -1932.4388677512402], [-316.591607037509, -1936.001107750947]]}, "properties": {"osm_id": null, "type": "footway", "width_m": 2, "extrude": false}}, {"type": "Feature", "geometry": {"type": "LineString", "coordinates": [[-479.7380660746197, -1936.7803477509572], [-475.53980291552676, -1941.7897477509653]]}, "properties": {"osm_id": null, "type": "secondary", "width_m": 9, "extrude": false}}, {"type": "Feature", "geometry": {"type": "LineString", "coordinates": [[-515.0815838311864, -1949.3595077512325], [-512.0549289956822, -1941.4557877510176], [-506.1968873786053, -1935.3331877510516], [-498.38616522238704, -1931.993587751178], [-491.7470513895841, -1931.6596277512301], [-485.4008396377653, -1933.2181077512503], [-479.7380660746197, -1936.7803477509572]]}, "properties": {"osm_id": null, "type": "secondary", "width_m": 9, "extrude": false}}, {"type": "Feature", "geometry": {"type": "LineString", "coordinates": [[-458.74675027984824, -1940.1199477512264], [-458.25858014510635, -1944.2387877511098], [-457.37987390250146, -1951.2519477512003], [-456.7940697408805, -1955.8160677511462]]}, "properties": {"osm_id": null, "type": "footway", "width_m": 2, "extrude": false}}, {"type": "Feature", "geometry": {"type": "LineString", "coordinates": [[-475.53980291552676, -1941.7897477509653], [-473.00131821476447, -1947.8010277512124], [-472.317880026091, -1953.7009877509495], [-472.8060501610064, -1956.9292677511041]]}, "properties": {"osm_id": null, "type": "secondary", "width_m": 9, "extrude": false}}, {"type": "Feature", "geometry": {"type": "LineString", "coordinates": [[-513.0312692651662, -1963.05186775107], [-515.1792178580654, -1956.372667751323], [-515.0815838311864, -1949.3595077512325]]}, "properties": {"osm_id": null, "type": "secondary", "width_m": 9, "extrude": false}}, {"type": "Feature", "geometry": {"type": "LineString", "coordinates": [[-533.1438788173326, -1965.612227751329], [-533.5344149251956, -1961.9386677511122], [-534.5107551946795, -1954.591547751074], [-534.9989253294216, -1950.5840277513048]]}, "properties": {"osm_id": null, "type": "footway", "width_m": 2, "extrude": false}}, {"type": "Feature", "geometry": {"type": "LineString", "coordinates": [[-632.1447821467137, -1959.600947751082], [-628.2394210686047, -1959.0443477513008], [-624.6269620714794, -1958.487747751124], [-623.1624516670801, -1958.2651077512908]]}, "properties": {"osm_id": null, "type": "footway", "width_m": 2, "extrude": false}}, {"type": "Feature", "geometry": {"type": "LineString", "coordinates": [[-537.8303121109942, -1967.2820277510682], [-537.9279461380468, -1966.2801477512246], [-538.4161162727886, -1962.6065877510077], [-539.3924565422726, -1955.370787751084], [-539.9782607038936, -1951.2519477512003]]}, "properties": {"osm_id": null, "type": "footway", "width_m": 2, "extrude": false}}, {"type": "Feature", "geometry": {"type": "LineString", "coordinates": [[-472.8060501610064, -1956.9292677511041], [-473.2942202957484, -1959.4896277509677], [-475.83270499651064, -1964.832987751319], [-479.6404320475673, -1969.2857877511503]]}, "properties": {"osm_id": null, "type": "secondary", "width_m": 9, "extrude": false}}, {"type": "Feature", "geometry": {"type": "LineString", "coordinates": [[-592.9935373389169, -1958.5990677512386], [-592.505367204175, -1962.6065877510077], [-591.6266609615701, -1969.953707751046], [-591.1384908268282, -1973.404627751034]]}, "properties": {"osm_id": null, "type": "footway", "width_m": 2, "extrude": false}}, {"type": "Feature", "geometry": {"type": "LineString", "coordinates": [[-585.7686193444931, -1974.183867751044], [-585.9638873984246, -1972.7367077511385], [-586.3544235062875, -1969.2857877511503], [-587.526031829703, -1961.9386677511122], [-588.2094700183764, -1957.9311477509475]]}, "properties": {"osm_id": null, "type": "footway", "width_m": 2, "extrude": false}}, {"type": "Feature", "geometry": {"type": "LineString", "coordinates": [[-505.6110832168108, -1971.1782277511184], [-509.8093463757304, -1967.6159877510158], [-513.0312692651662, -1963.05186775107]]}, "properties": {"osm_id": null, "type": "secondary", "width_m": 9, "extrude": false}}, {"type": "Feature", "geometry": {"type": "LineString", "coordinates": [[-611.3487344058736, -1965.0556277511523], [-610.0794920555792, -1972.2914277510763]]}, "properties": {"osm_id": null, "type": "residential", "width_m": 5, "extrude": false}}, {"type": "Feature", "geometry": {"type": "LineString", "coordinates": [[-479.6404320475673, -1969.2857877511503], [-487.74405628459607, -1973.7385877509819], [-496.92165481816113, -1974.406507751273], [-505.6110832168108, -1971.1782277511184]]}, "properties": {"osm_id": null, "type": "secondary", "width_m": 9, "extrude": false}}, {"type": "Feature", "geometry": {"type": "LineString", "coordinates": [[-469.3888592176392, -1970.5103077512226], [-475.7350709694582, -1975.6310277509497], [-482.66708688307153, -1979.861187750948], [-488.62276252720096, -1981.6423077511968], [-496.2382166294877, -1981.9762677511446], [-502.48679435442756, -1981.1970277511346], [-506.5874234862947, -1978.970627751219], [-511.76202691487174, -1976.1876277511265], [-517.5224345050696, -1970.5103077512226]]}, "properties": {"osm_id": null, "type": "footway", "width_m": 2, "extrude": false}}, {"type": "Feature", "geometry": {"type": "LineString", "coordinates": [[-446.44486288389993, -2013.8137877510467], [-442.83240388660136, -2011.6987077512454], [-435.5098518652985, -2003.572347751197], [-432.48319702979427, -1998.2289877512412], [-425.25827903519706, -1980.8630677511867], [-418.7167992294467, -1965.5009077512145], [-418.7167992294467, -1961.7160277512787], [-419.40023741812007, -1955.4821077511983], [-420.57184574153547, -1951.3632677513149], [-421.0600158762774, -1950.1387477512426], [-422.32925822674525, -1946.3538677513068]]}, "properties": {"osm_id": null, "type": "service", "width_m": 3.5, "extrude": false}}, {"type": "Feature", "geometry": {"type": "LineString", "coordinates": [[-268.8485678579416, -2035.0759077511514], [-247.85725206334354, -1928.7653077510233]]}, "properties": {"osm_id": null, "type": "footway", "width_m": 2, "extrude": false}}, {"type": "Feature", "geometry": {"type": "LineString", "coordinates": [[-511.66439288781925, -1988.6554677512872], [-514.1052435617025, -1987.096987751267], [-518.1082386666906, -1984.6479477511225], [-521.2325275292474, -1982.3102277510925]]}, "properties": {"osm_id": null, "type": "footway", "width_m": 2, "extrude": false}}, {"type": "Feature", "geometry": {"type": "LineString", "coordinates": [[-1305.624300062182, -2037.302307751067], [-1344.5802768160474, -1892.586307751009]]}, "properties": {"osm_id": null, "type": "footway", "width_m": 2, "extrude": false}}, {"type": "Feature", "geometry": {"type": "LineString", "coordinates": [[-1256.5143845052678, -2052.998427750987], [-1257.6859928288566, -2048.65694775127], [-1260.6150136373085, -2038.081547751077], [-1279.2631127852492, -1969.397107751265], [-1301.3284028763835, -1945.3519877510678], [-1309.4320271134122, -1909.506947751001], [-1313.2397541644689, -1903.9409477512118], [-1326.6156158569536, -1905.8333877511795], [-1330.4233429080102, -1906.278667751242]]}, "properties": {"osm_id": null, "type": "service", "width_m": 3.5, "extrude": false}}, {"type": "Feature", "geometry": {"type": "LineString", "coordinates": [[-1260.6150136373085, -2038.081547751077], [-1275.2601176800874, -2040.4192677511073], [-1301.3284028763835, -1945.3519877510678]]}, "properties": {"osm_id": null, "type": "service", "width_m": 3.5, "extrude": false}}, {"type": "Feature", "geometry": {"type": "LineString", "coordinates": [[-1060.953428520389, -2020.381667751075], [-1060.6605264394052, -2021.9401477510949], [-1059.9770882507316, -2026.1703077510929], [-1059.0983820083002, -2032.8495077512357], [-1058.3173097925742, -2036.9683477511192], [-1058.0244077117636, -2038.5268277511393]]}, "properties": {"osm_id": null, "type": "footway", "width_m": 2, "extrude": false}}, {"type": "Feature", "geometry": {"type": "LineString", "coordinates": [[-1116.4095558291222, -2046.875827751021], [-1116.7024579099327, -2044.9833877510532], [-1117.385896098606, -2040.9758677512839], [-1118.4598703951424, -2033.9627077511934], [-1119.143308583816, -2029.84386775131], [-1119.240942610695, -2028.9533077511853]]}, "properties": {"osm_id": null, "type": "footway", "width_m": 2, "extrude": false}}, {"type": "Feature", "geometry": {"type": "LineString", "coordinates": [[-1123.634473823546, -2030.5117877512055], [-1123.146303688804, -2034.6306277510892], [-1122.267597446199, -2041.6437877511796], [-1121.6817932845781, -2045.6513077509487]]}, "properties": {"osm_id": null, "type": "footway", "width_m": 2, "extrude": false}}, {"type": "Feature", "geometry": {"type": "LineString", "coordinates": [[-1146.9690062651482, -2050.9946677513003], [-1147.1642743190798, -2049.102227751332], [-1147.554810426769, -2044.9833877510532], [-1148.335882642495, -2038.081547751077], [-1148.7264187501846, -2033.9627077511934], [-1148.824052777237, -2032.6268677510068]]}, "properties": {"osm_id": null, "type": "footway", "width_m": 2, "extrude": false}}, {"type": "Feature", "geometry": {"type": "LineString", "coordinates": [[-1319.4883318894088, -2060.902147751202], [-1319.8788679972715, -2056.338027751256], [-1310.798903490759, -2054.111627750945], [-1307.6746146282023, -2049.43618775128], [-1305.429032008424, -2042.7569877511373], [-1305.624300062182, -2037.302307751067], [-1302.2071091189885, -2036.189107751109]]}, "properties": {"osm_id": null, "type": "footway", "width_m": 2, "extrude": false}}, {"type": "Feature", "geometry": {"type": "LineString", "coordinates": [[-1300.5473306606575, -2050.4380677511235], [-1296.5443355556692, -2048.322987751322], [-1292.1508043428182, -2047.989027750979], [-1287.8549071570199, -2049.3248677511656], [-1284.4377162136525, -2052.107867751258], [-1282.2897676207533, -2056.0040677513084]]}, "properties": {"osm_id": null, "type": "secondary", "width_m": 9, "extrude": false}}, {"type": "Feature", "geometry": {"type": "LineString", "coordinates": [[-1303.3787174424037, -2053.777667750997], [-1300.5473306606575, -2050.4380677511235]]}, "properties": {"osm_id": null, "type": "secondary", "width_m": 9, "extrude": false}}, {"type": "Feature", "geometry": {"type": "LineString", "coordinates": [[-2179.741743364227, -1926.0936277510455], [-2186.9666613588242, -1960.602827751321]]}, "properties": {"osm_id": null, "type": "footway", "width_m": 2, "extrude": false}}, {"type": "Feature", "geometry": {"type": "LineString", "coordinates": [[-2306.080174240372, -1953.9236277511784], [-2299.636328461501, -1954.4802277509596], [-2292.8019465747666, -1955.0368277511361]]}, "properties": {"osm_id": null, "type": "footway", "width_m": 2, "extrude": false}}, {"type": "Feature", "geometry": {"type": "LineString", "coordinates": [[-2179.3512072565377, -1968.9518277512027], [-2177.984330879191, -1962.6065877510077], [-2176.129284367102, -1954.1462677510117], [-2172.6144593968556, -1938.0048677510295], [-2118.622842492349, -1949.6934677511804], [-2122.235301489474, -1966.1688277511103], [-2123.895079947631, -1974.406507751273], [-2125.164322298099, -1980.8630677511867]]}, "properties": {"osm_id": null, "type": "service", "width_m": 3.5, "extrude": false}}, {"type": "Feature", "geometry": {"type": "LineString", "coordinates": [[-2122.235301489474, -1966.1688277511103], [-2176.129284367102, -1954.1462677510117]]}, "properties": {"osm_id": null, "type": "service", "width_m": 3.5, "extrude": false}}, {"type": "Feature", "geometry": {"type": "LineString", "coordinates": [[-2183.256568334647, -1961.49338775105], [-2184.3305426310094, -1967.8386277512448], [-2185.795053035409, -1974.517827750992]]}, "properties": {"osm_id": null, "type": "footway", "width_m": 2, "extrude": false}}, {"type": "Feature", "geometry": {"type": "LineString", "coordinates": [[-2301.1984728927787, -1967.9499477509637], [-2265.0738829204865, -1963.4971477511322], [-2231.8783137566456, -1959.3783077512487], [-2215.671065282588, -1961.382067751331], [-2193.215239083764, -1965.9461877512767], [-2184.3305426310094, -1967.8386277512448], [-2179.3512072565377, -1968.9518277512027], [-2125.164322298099, -1980.8630677511867], [-2110.421584228267, -1984.091347750946], [-2080.4479379540358, -1990.4365877511407]]}, "properties": {"osm_id": null, "type": "residential", "width_m": 5, "extrude": false}}, {"type": "Feature", "geometry": {"type": "LineString", "coordinates": [[-2541.671081275653, -1943.9048277511622], [-2562.760031097303, -1959.3783077512487], [-2610.9912404116126, -1972.625387751024], [-2672.2077753105436, -2006.1327077510605], [-2697.8855243989765, -2018.6005477512213], [-2727.175732484708, -2018.0439477510447]]}, "properties": {"osm_id": null, "type": "track", "width_m": 3, "extrude": false}}, {"type": "Feature", "geometry": {"type": "LineString", "coordinates": [[-2603.3757863093256, -2060.902147751202], [-2592.1478732099135, -2057.3399077510994], [-2556.6090873994153, -1966.2801477512246], [-2541.671081275653, -1943.9048277511622]]}, "properties": {"osm_id": null, "type": "track", "width_m": 3, "extrude": false}}, {"type": "Feature", "geometry": {"type": "LineString", "coordinates": [[-1666.1867615962606, -2054.4455877512883], [-1670.1897567014219, -2055.7814277510793], [-1687.0804433639794, -2060.902147751202], [-1697.6249182748916, -2058.675747751286], [-1707.974125131872, -2049.43618775128], [-1721.642888905167, -2004.4629077513216], [-1714.4179709105697, -1979.0819477513332], [-1705.9238105658517, -1966.0575077509957], [-1701.5302793530007, -1964.2763877511422], [-1699.3823307601012, -1963.4971477511322], [-1695.8675057896817, -1962.0499877512266]]}, "properties": {"osm_id": null, "type": "service", "width_m": 3.5, "extrude": false}}, {"type": "Feature", "geometry": {"type": "LineString", "coordinates": [[-1687.0804433639794, -2060.902147751202], [-1704.3616661345732, -2074.371867751206], [-1734.4329464358573, -2067.024747751168], [-1763.039716332742, -1977.634787751032], [-1714.808507018433, -1961.382067751331], [-1705.9238105658517, -1966.0575077509957]]}, "properties": {"osm_id": null, "type": "service", "width_m": 3.5, "extrude": false}}, {"type": "Feature", "geometry": {"type": "LineString", "coordinates": [[-1268.8162719013894, -2066.8021077513345], [-1269.0115399551476, -2065.3549477510333], [-1269.499710090063, -2061.7927077513264], [-1270.2807823056155, -2054.779547751236], [-1270.7689524403575, -2050.4380677511235], [-1270.9642204942888, -2048.434307751041]]}, "properties": {"osm_id": null, "type": "footway", "width_m": 2, "extrude": false}}, {"type": "Feature", "geometry": {"type": "LineString", "coordinates": [[-1240.5024040851417, -2057.896507751276], [-1238.061553411432, -2061.347427751264], [-1237.085213141948, -2062.7945877511697], [-1234.2538263602019, -2066.8021077513345], [-1224.0022535302737, -2071.588867751114], [-1158.7827235263546, -2063.1285477511174], [-1160.3448679574594, -2052.7757877511535], [-1160.540136011391, -2050.8833477511857], [-1161.2235742000644, -2046.6531877511877]]}, "properties": {"osm_id": null, "type": "service", "width_m": 3.5, "extrude": false}}, {"type": "Feature", "geometry": {"type": "LineString", "coordinates": [[-1302.3047431458674, -2066.69078775122], [-1304.4526917387668, -2062.460627751222], [-1304.7455938197506, -2058.007827750995], [-1303.3787174424037, -2053.777667750997]]}, "properties": {"osm_id": null, "type": "secondary", "width_m": 9, "extrude": false}}, {"type": "Feature", "geometry": {"type": "LineString", "coordinates": [[-1282.2897676207533, -2056.0040677513084], [-1281.8992315128903, -2060.4568677511397], [-1283.0708398363058, -2064.6870277511375]]}, "properties": {"osm_id": null, "type": "secondary", "width_m": 9, "extrude": false}}, {"type": "Feature", "geometry": {"type": "LineString", "coordinates": [[-1317.8285534312515, -2073.1473477511336], [-1318.3167235659932, -2067.6926677510633], [-1319.4883318894088, -2060.902147751202]]}, "properties": {"osm_id": null, "type": "footway", "width_m": 2, "extrude": false}}, {"type": "Feature", "geometry": {"type": "LineString", "coordinates": [[-1283.0708398363058, -2064.6870277511375], [-1285.706958563947, -2068.1379477511255], [-1289.4170515881247, -2070.2530277513224], [-1294.1034848819595, -2070.920947751218], [-1298.692284148569, -2069.6964277511456], [-1302.3047431458674, -2066.69078775122]]}, "properties": {"osm_id": null, "type": "secondary", "width_m": 9, "extrude": false}}, {"type": "Feature", "geometry": {"type": "LineString", "coordinates": [[-1521.8836697611953, -2091.292507751198], [-1510.7533906886624, -2086.951027751086], [-1481.3655485760517, -2083.1661477511498], [-1462.0340112394376, -2080.6057877512867], [-1420.2466477039995, -2074.8171477512683], [-1328.3730283421633, -2062.126667751274], [-1319.4883318894088, -2060.902147751202], [-1311.2870736255009, -2059.4549877512964], [-1307.5769806013234, -2057.3399077510994], [-1303.3787174424037, -2053.777667750997]]}, "properties": {"osm_id": null, "type": "secondary", "width_m": 9, "extrude": false}}, {"type": "Feature", "geometry": {"type": "LineString", "coordinates": [[-1417.8057970301163, -2087.0623477512004], [-1418.8797713266526, -2081.9416277510777], [-1420.2466477039995, -2074.8171477512683], [-1421.027719919552, -2070.6983077509894]]}, "properties": {"osm_id": null, "type": "footway", "width_m": 2, "extrude": false}}, {"type": "Feature", "geometry": {"type": "LineString", "coordinates": [[-1302.3047431458674, -2066.69078775122], [-1308.8462229516178, -2066.69078775122], [-1318.3167235659932, -2067.6926677510633], [-1336.2813845252606, -2070.2530277513224], [-1418.8797713266526, -2081.9416277510777], [-1462.3269133204215, -2088.0642277510437], [-1486.442517977576, -2090.9585477512505], [-1510.167586526868, -2093.2962677512805], [-1521.8836697611953, -2091.292507751198]]}, "properties": {"osm_id": null, "type": "secondary", "width_m": 9, "extrude": false}}, {"type": "Feature", "geometry": {"type": "LineString", "coordinates": [[-1159.6614297689596, -2108.2131477511903], [-1153.8033881517092, -2108.101827751076], [-1147.554810426769, -2106.543347751056], [-1145.6997639146805, -2100.866027751152], [-1158.7827235263546, -2063.1285477511174]]}, "properties": {"osm_id": null, "type": "footway", "width_m": 2, "extrude": false}}, {"type": "Feature", "geometry": {"type": "LineString", "coordinates": [[-1687.0804433639794, -2060.902147751202], [-1690.3023662534151, -2058.1191477511093], [-1714.4179709105697, -1979.0819477513332]]}, "properties": {"osm_id": null, "type": "service", "width_m": 3.5, "extrude": false}}, {"type": "Feature", "geometry": {"type": "LineString", "coordinates": [[-1734.4329464358573, -2067.024747751168], [-1774.951067621001, -2058.230467751224], [-1767.5308815726457, -2023.3873077510007], [-1779.832768968594, -1985.4271877511326], [-1767.823783653456, -1980.3064677510101], [-1763.039716332742, -1977.634787751032]]}, "properties": {"osm_id": null, "type": "service", "width_m": 3.5, "extrude": false}}, {"type": "Feature", "geometry": {"type": "LineString", "coordinates": [[-2309.594999210618, -2050.660707750957], [-2215.963967363572, -2071.588867751114], [-2132.584508346454, -2089.288747751116]]}, "properties": {"osm_id": null, "type": "residential", "width_m": 5, "extrude": false}}, {"type": "Feature", "geometry": {"type": "LineString", "coordinates": [[-2243.3014949101625, -2194.931427750953], [-2240.274840074658, -2182.9088677512495], [-2215.963967363572, -2071.588867751114], [-2193.215239083764, -1965.9461877512767]]}, "properties": {"osm_id": null, "type": "residential", "width_m": 5, "extrude": false}}, {"type": "Feature", "geometry": {"type": "LineString", "coordinates": [[-1521.8836697611953, -2091.292507751198], [-1594.4257517865908, -2100.9773477512667]]}, "properties": {"osm_id": null, "type": "secondary", "width_m": 9, "extrude": false}}, {"type": "Feature", "geometry": {"type": "LineString", "coordinates": [[-1504.1142768558595, -2120.7923077510704], [-1489.273904759149, -2095.856627751144], [-1486.442517977576, -2090.9585477512505], [-1481.3655485760517, -2083.1661477511498]]}, "properties": {"osm_id": null, "type": "residential", "width_m": 5, "extrude": false}}, {"type": "Feature", "geometry": {"type": "LineString", "coordinates": [[-1638.751600022791, -2104.5395877509736], [-1594.4257517865908, -2100.9773477512667]]}, "properties": {"osm_id": null, "type": "secondary", "width_m": 9, "extrude": false}}, {"type": "Feature", "geometry": {"type": "LineString", "coordinates": [[-1462.3269133204215, -2088.0642277510437], [-1471.3092437998816, -2094.9660677510196], [-1482.7324249533985, -2103.203747751182], [-1494.3508741606734, -2112.665947751022], [-1504.1142768558595, -2120.7923077510704]]}, "properties": {"osm_id": null, "type": "residential", "width_m": 5, "extrude": false}}, {"type": "Feature", "geometry": {"type": "LineString", "coordinates": [[-1521.8836697611953, -2091.292507751198], [-1515.439823982324, -2096.969827751102], [-1513.9753135779245, -2098.3056677512886], [-1508.2149059879, -2104.984867751036], [-1504.7977150445329, -2112.4433077511885], [-1504.1142768558595, -2120.7923077510704]]}, "properties": {"osm_id": null, "type": "residential", "width_m": 5, "extrude": false}}, {"type": "Feature", "geometry": {"type": "LineString", "coordinates": [[-1650.0771471492556, -2108.881067751086], [-1649.003172852719, -2106.8773077510036], [-1647.3433943945618, -2105.2075077512645], [-1645.7812499632835, -2104.31694775114], [-1644.023837478247, -2103.760347750964], [-1641.4853527774849, -2103.649027751245], [-1640.118476400138, -2103.9829877511925], [-1638.751600022791, -2104.5395877509736]]}, "properties": {"osm_id": null, "type": "primary", "width_m": 13, "extrude": false}}, {"type": "Feature", "geometry": {"type": "LineString", "coordinates": [[-1594.4257517865908, -2100.9773477512667], [-1614.050191203842, -2106.6546677511706], [-1622.2514494679233, -2108.9923877512006], [-1627.8165890041896, -2110.996147751283], [-1634.8462389446818, -2114.447067751271]]}, "properties": {"osm_id": null, "type": "secondary", "width_m": 9, "extrude": false}}, {"type": "Feature", "geometry": {"type": "LineString", "coordinates": [[-2351.479996772935, -2169.661787751079], [-2343.1811044821484, -2166.656147751153], [-2340.7402538082656, -2165.2089877512476], [-2338.9828413232285, -2163.2052277511652], [-2335.7609184337934, -2156.9713077510846], [-2333.905871921704, -2150.514747751171], [-2332.929531652047, -2144.169507750976], [-2321.701618552635, -2048.8795877511034]]}, "properties": {"osm_id": null, "type": "service", "width_m": 3.5, "extrude": false}}, {"type": "Feature", "geometry": {"type": "LineString", "coordinates": [[-1638.751600022791, -2104.5395877509736], [-1637.3847236454442, -2105.5414677512126], [-1636.213115322029, -2106.7659877512847], [-1635.4320431064764, -2107.8791877512426], [-1634.8462389446818, -2109.215027751034], [-1634.455702836819, -2111.3301077512306], [-1634.455702836819, -2112.8885877512507], [-1634.8462389446818, -2114.447067751271], [-1635.4320431064764, -2115.7829077510623]]}, "properties": {"osm_id": null, "type": "primary", "width_m": 13, "extrude": false}}, {"type": "Feature", "geometry": {"type": "LineString", "coordinates": [[-1647.2457603676828, -2118.45458775104], [-1649.1008068797714, -2116.562147751072], [-1649.881879095324, -2115.3376277509997], [-1650.3700492300661, -2114.0017877512087], [-1650.6629513108765, -2111.3301077512306], [-1650.0771471492556, -2108.881067751086]]}, "properties": {"osm_id": null, "type": "primary", "width_m": 13, "extrude": false}}, {"type": "Feature", "geometry": {"type": "LineString", "coordinates": [[-1635.4320431064764, -2115.7829077510623], [-1636.7012854567708, -2117.4527077511966], [-1638.361063914928, -2118.677227751269], [-1639.6303062653958, -2119.3451477511644], [-1642.0711569391058, -2119.9017477509456], [-1644.4143735859366, -2119.6791077511125], [-1645.878883990336, -2119.2338277510503], [-1647.2457603676828, -2118.45458775104]]}, "properties": {"osm_id": null, "type": "primary", "width_m": 13, "extrude": false}}, {"type": "Feature", "geometry": {"type": "LineString", "coordinates": [[-1614.050191203842, -2106.6546677511706], [-1619.9082328210923, -2110.1055877511585], [-1622.8372536295442, -2112.8885877512507], [-1625.1804702763748, -2115.8942277511765], [-1626.8402487347057, -2119.3451477511644], [-1628.3047591389316, -2123.6866277512772], [-1628.8905633005527, -2127.3601877510982], [-1628.6952952467946, -2130.588467751253], [-1621.7632793331811, -2160.7561877510207]]}, "properties": {"osm_id": null, "type": "service", "width_m": 3.5, "extrude": false}}, {"type": "Feature", "geometry": {"type": "LineString", "coordinates": [[-2309.594999210618, -2050.660707750957], [-2322.092154660498, -2170.2183877512557], [-2323.947201172587, -2212.408667751122], [-2330.391046951285, -2219.9784277509934]]}, "properties": {"osm_id": null, "type": "residential", "width_m": 5, "extrude": false}}, {"type": "Feature", "geometry": {"type": "LineString", "coordinates": [[-1635.4320431064764, -2115.7829077510623], [-1634.1628007560087, -2123.797947750996], [-1633.088826459472, -2129.6979077511287], [-1631.4290480013149, -2136.265787751157], [-1621.7632793331811, -2160.7561877510207]]}, "properties": {"osm_id": null, "type": "primary", "width_m": 13, "extrude": false}}, {"type": "Feature", "geometry": {"type": "LineString", "coordinates": [[-1513.6824114971141, -2142.054427751175], [-1517.1972364673604, -2139.160107750968], [-1520.3215253299168, -2136.5997477511046]]}, "properties": {"osm_id": null, "type": "footway", "width_m": 2, "extrude": false}}, {"type": "Feature", "geometry": {"type": "LineString", "coordinates": [[-1631.0385118936254, -2164.318427751123], [-1639.142136130654, -2133.4827877510643], [-1641.3877187504324, -2128.028107750994], [-1647.2457603676828, -2118.45458775104]]}, "properties": {"osm_id": null, "type": "primary", "width_m": 13, "extrude": false}}, {"type": "Feature", "geometry": {"type": "LineString", "coordinates": [[-1276.3340919766238, -2083.0548277510356], [-1278.3844065426442, -2083.94538775116], [-1285.121154402326, -2086.171787751076], [-1291.5650001811973, -2088.954787751168]]}, "properties": {"osm_id": null, "type": "footway", "width_m": 2, "extrude": false}}, {"type": "Feature", "geometry": {"type": "LineString", "coordinates": [[-1228.6886868239353, -2118.1206277510923], [-1225.4667639344998, -2117.564027751311], [-1222.8306452068584, -2113.5565077511465], [-1221.6590368834432, -2111.6640677511787]]}, "properties": {"osm_id": null, "type": "footway", "width_m": 2, "extrude": false}}, {"type": "Feature", "geometry": {"type": "LineString", "coordinates": [[-1135.741093165563, -2036.3004277512237], [-1133.7884126265951, -2043.2022677511995], [-1132.6168043031796, -2047.09846775125], [-1132.0310001413852, -2048.768267750989], [-1126.9540307398606, -2065.5775877512624], [-1079.992063776019, -2220.3123877513367], [-1079.2109915602932, -2228.1047877510414], [-1078.7228214255513, -2231.3330677511963]]}, "properties": {"osm_id": null, "type": "residential", "width_m": 5, "extrude": false}}, {"type": "Feature", "geometry": {"type": "LineString", "coordinates": [[-1069.5452228921597, -2226.7689477512504], [-1074.8174603474422, -2222.8727477512], [-1075.8914346439785, -2219.3105077510977], [-1098.3472608429759, -2144.392147751205], [-1115.9213856943802, -2087.2849877510334], [-1126.0753244974294, -2050.4380677511235], [-1125.5871543625137, -2047.989027750979]]}, "properties": {"osm_id": null, "type": "footway", "width_m": 2, "extrude": false}}, {"type": "Feature", "geometry": {"type": "LineString", "coordinates": [[-1136.71743343522, -2049.43618775128], [-1134.7647528960788, -2052.7757877511535], [-1126.66112865905, -2078.1567477511417], [-1083.213986665455, -2221.4255877512946], [-1087.314615797322, -2229.1066677512804]]}, "properties": {"osm_id": null, "type": "footway", "width_m": 2, "extrude": false}}, {"type": "Feature", "geometry": {"type": "LineString", "coordinates": [[-1175.478142135154, -2176.0070277512737], [-1170.205904679698, -2182.1296277512397], [-1159.9543318497701, -2183.4654677510307], [-1150.288563181463, -2181.35038775123], [-1145.016325726007, -2173.0013877509523], [-1142.6731090791761, -2166.210867751091], [-1143.7470833757125, -2158.3071477512713], [-1149.2145888849266, -2136.377107751271], [-1154.9749964751247, -2130.8111077510866], [-1158.099285337681, -2123.2413477512146], [-1156.5371409064028, -2115.4489477511142], [-1159.6614297689596, -2108.2131477511903], [-1160.1495999037015, -2109.7716277512104], [-1161.6141103079274, -2111.107467751002], [-1166.788713736331, -2110.6621877513353], [-1170.9869768952506, -2107.322587751066], [-1185.4368128842716, -2108.101827751076], [-1221.6590368834432, -2111.6640677511787], [-1225.0762278268103, -2112.109347751241], [-1227.5170785005203, -2115.6715877509478], [-1228.6886868239353, -2118.1206277510923], [-1234.5467284411857, -2118.788547750988], [-1241.1858422738153, -2119.3451477511644]]}, "properties": {"osm_id": null, "type": "footway", "width_m": 2, "extrude": false}}, {"type": "Feature", "geometry": {"type": "LineString", "coordinates": [[-1073.3529499432163, -2234.338707751122], [-1074.2316561858213, -2230.7764677510195], [-1075.0127284013736, -2227.436867751146], [-1075.6961665900471, -2224.5425477513345], [-1077.1606769944465, -2219.6444677510453], [-1123.3415717427354, -2066.5794677511058], [-1126.9540307398606, -2065.5775877512624]]}, "properties": {"osm_id": null, "type": "footway", "width_m": 2, "extrude": false}}, {"type": "Feature", "geometry": {"type": "LineString", "coordinates": [[-1236.6946770340853, -2251.036707751281], [-1242.943254759025, -2230.1085477511238], [-1262.0795240415341, -2165.9882277512575], [-1262.1771580685868, -2165.4316277510807], [-1285.121154402326, -2086.171787751076], [-1288.1478092378304, -2075.039787751102], [-1289.4170515881247, -2070.2530277513224]]}, "properties": {"osm_id": null, "type": "tertiary", "width_m": 7, "extrude": false}}, {"type": "Feature", "geometry": {"type": "LineString", "coordinates": [[-1154.9749964751247, -2130.8111077510866], [-1147.2619083459585, -2129.2526277510665], [-1133.6907785995425, -2125.356427751016], [-1117.9717002604007, -2181.906987751011], [-1120.8030870419734, -2188.697507751268], [-1147.7500784807007, -2193.706907751276], [-1174.50180186567, -2197.3804677510975], [-1178.5047969706582, -2190.033347751059]]}, "properties": {"osm_id": null, "type": "footway", "width_m": 2, "extrude": false}}, {"type": "Feature", "geometry": {"type": "LineString", "coordinates": [[-1267.0588594161798, -2167.324067751049], [-1262.0795240415341, -2165.9882277512575], [-1254.659337993179, -2163.984467751175], [-1251.9255852386586, -2163.2052277511652]]}, "properties": {"osm_id": null, "type": "footway", "width_m": 2, "extrude": false}}, {"type": "Feature", "geometry": {"type": "LineString", "coordinates": [[-1196.859994037615, -2246.138627750992], [-1198.3245044418409, -2231.1104277509676], [-1204.3778141128494, -2226.991587751084], [-1205.9399585441276, -2212.1860277512883], [-1210.7240258648417, -2193.1503077510993], [-1216.8749695627291, -2172.2221477509424], [-1219.6087223174227, -2149.958147750994], [-1219.3158202366124, -2145.839307751111], [-1223.514083395532, -2140.4959477511547], [-1229.0792229317983, -2135.70918775098], [-1233.5703881715285, -2130.699787750972], [-1237.3781152227584, -2125.579067751245], [-1241.1858422738153, -2119.3451477511644], [-1245.3841054327347, -2106.543347751056], [-1237.3781152227584, -2097.3037877510496], [-1228.298150716246, -2088.3981877509914]]}, "properties": {"osm_id": null, "type": "footway", "width_m": 2, "extrude": false}}, {"type": "Feature", "geometry": {"type": "LineString", "coordinates": [[-1210.7240258648417, -2193.1503077510993], [-1187.3894934232394, -2185.24658775128], [-1182.7030601295778, -2185.24658775128], [-1178.5047969706582, -2190.033347751059], [-1176.1615803238274, -2184.4673477512697], [-1175.478142135154, -2176.0070277512737], [-1178.2118948898478, -2166.656147751153], [-1181.1409156982995, -2161.201467751083], [-1186.217885099824, -2161.201467751083], [-1190.3185142318646, -2160.6448677513017], [-1193.4428030942477, -2156.7486677512516], [-1193.7357051752317, -2153.8543477510448], [-1219.6087223174227, -2149.958147750994]]}, "properties": {"osm_id": null, "type": "footway", "width_m": 2, "extrude": false}}, {"type": "Feature", "geometry": {"type": "LineString", "coordinates": [[-1147.7500784807007, -2193.706907751276], [-1150.288563181463, -2181.35038775123]]}, "properties": {"osm_id": null, "type": "footway", "width_m": 2, "extrude": false}}, {"type": "Feature", "geometry": {"type": "LineString", "coordinates": [[-1083.213986665455, -2221.4255877512946], [-1079.992063776019, -2220.3123877513367], [-1077.1606769944465, -2219.6444677510453], [-1075.8914346439785, -2219.3105077510977]]}, "properties": {"osm_id": null, "type": "footway", "width_m": 2, "extrude": false}}, {"type": "Feature", "geometry": {"type": "LineString", "coordinates": [[-1247.0438838910657, -2230.887787751134], [-1242.943254759025, -2230.1085477511238], [-1235.8159707914804, -2227.659507750979], [-1232.9845840099074, -2226.7689477512504]]}, "properties": {"osm_id": null, "type": "footway", "width_m": 2, "extrude": false}}, {"type": "Feature", "geometry": {"type": "LineString", "coordinates": [[-1198.3245044418409, -2231.1104277509676], [-1187.5847614771708, -2234.783987751184], [-1172.1585852186658, -2236.8990677509855], [-1159.5637957419071, -2236.676427751152], [-1144.8210576720755, -2235.117947751132]]}, "properties": {"osm_id": null, "type": "footway", "width_m": 2, "extrude": false}}, {"type": "Feature", "geometry": {"type": "LineString", "coordinates": [[-1139.7440882707244, -2236.23114775109], [-1144.8210576720755, -2235.117947751132]]}, "properties": {"osm_id": null, "type": "footway", "width_m": 2, "extrude": false}}, {"type": "Feature", "geometry": {"type": "LineString", "coordinates": [[-1327.5919561264375, -2252.372547751072], [-1364.9857884491978, -2258.049867750976]]}, "properties": {"osm_id": null, "type": "service", "width_m": 3.5, "extrude": false}}, {"type": "Feature", "geometry": {"type": "LineString", "coordinates": [[-1385.391300082175, -2271.6309077510946], [-1382.267011219618, -2267.178107751263], [-1370.1603918776013, -2248.8103077509695], [-1338.3316990912808, -2243.912227751076], [-1327.5919561264375, -2252.372547751072], [-1311.872877787122, -2254.8215877512166], [-1309.6272951673436, -2257.7159077510278], [-1307.0888104665812, -2260.832867751068]]}, "properties": {"osm_id": null, "type": "service", "width_m": 3.5, "extrude": false}}, {"type": "Feature", "geometry": {"type": "LineString", "coordinates": [[-1247.9225901334971, -2245.804667751044], [-1252.3161213463482, -2249.923507751323], [-1300.0591605259158, -2256.4913877509557], [-1309.6272951673436, -2257.7159077510278], [-1382.267011219618, -2267.178107751263], [-1387.7345167290055, -2267.8460277511585], [-1387.2463465942637, -2271.8535477513233], [-1386.5629084055904, -2278.5327477510705]]}, "properties": {"osm_id": null, "type": "footway", "width_m": 2, "extrude": false}}, {"type": "Feature", "geometry": {"type": "LineString", "coordinates": [[-2418.456939262238, -2143.9468677511427], [-2412.598897644987, -2111.107467751002], [-2411.0367532137093, -2107.767867751128], [-2408.010098378205, -2104.5395877509736], [-2404.202371327148, -2101.533947751048], [-2385.7495402331388, -2091.960427751094], [-2382.722885397635, -2091.181187751084], [-2380.282034723925, -2091.292507751198], [-2377.9388180770943, -2092.0717477512085], [-2376.3766736458156, -2093.518907751114], [-2351.479996772935, -2169.661787751079], [-2342.7905683742856, -2196.378587751254], [-2341.0331558890757, -2199.7181877511275], [-2337.713598972761, -2203.6143877511777], [-2331.953191382563, -2207.17662775128]]}, "properties": {"osm_id": null, "type": "service", "width_m": 3.5, "extrude": false}}, {"type": "Feature", "geometry": {"type": "LineString", "coordinates": [[-2168.025660130073, -2253.7083877512587], [-2161.191278243339, -2220.7576677510033], [-2132.584508346454, -2089.288747751116]]}, "properties": {"osm_id": null, "type": "residential", "width_m": 5, "extrude": false}}, {"type": "Feature", "geometry": {"type": "LineString", "coordinates": [[-2310.961875587965, -2180.682467751334], [-2309.009195048824, -2174.3372277511394], [-2307.2517825637874, -2168.2146277511733]]}, "properties": {"osm_id": null, "type": "footway", "width_m": 2, "extrude": false}}, {"type": "Feature", "geometry": {"type": "LineString", "coordinates": [[-2246.2305157186147, -2181.573027751063], [-2240.274840074658, -2182.9088677512495], [-2234.6120665113394, -2184.133387751322]]}, "properties": {"osm_id": null, "type": "footway", "width_m": 2, "extrude": false}}, {"type": "Feature", "geometry": {"type": "LineString", "coordinates": [[-2322.092154660498, -2170.2183877512557], [-2309.009195048824, -2174.3372277511394], [-2243.3014949101625, -2194.931427750953], [-2161.191278243339, -2220.7576677510033]]}, "properties": {"osm_id": null, "type": "residential", "width_m": 5, "extrude": false}}, {"type": "Feature", "geometry": {"type": "LineString", "coordinates": [[-1658.0831373592318, -2318.3853077513018], [-1665.1127872998977, -2308.9231077510667], [-1698.9917946522382, -2293.8949077510424], [-1719.3973062852153, -2287.327027751014], [-1735.5069207322204, -2278.421427750956], [-1775.6345058096745, -2256.046107751289], [-1814.8833846443504, -2237.6783077509954], [-1852.2772169669372, -2236.453787751319], [-1873.3661667885876, -2235.0066277510177], [-1894.2598485563065, -2227.7708277510937], [-1932.532387121672, -2202.6125077513343], [-1965.6303222582867, -2179.903227751324], [-2009.8585364676078, -2168.7712277509545], [-2085.1343712476973, -2104.31694775114], [-2129.4602194838976, -2078.1567477511417]]}, "properties": {"osm_id": null, "type": "track", "width_m": 3, "extrude": false}}, {"type": "Feature", "geometry": {"type": "LineString", "coordinates": [[-1526.7653711087883, -2276.3063477511546], [-1534.5760932648332, -2232.3349477510396], [-1535.454799507438, -2220.868987751118], [-1535.2595314535067, -2201.6106277510953], [-1532.2328766180024, -2180.5711477512195], [-1527.5464433243405, -2166.4335077513197], [-1513.6824114971141, -2142.054427751175]]}, "properties": {"osm_id": null, "type": "footway", "width_m": 2, "extrude": false}}, {"type": "Feature", "geometry": {"type": "LineString", "coordinates": [[-2190.286218275139, -2284.7666677511506], [-2179.3512072565377, -2286.325147751171], [-2167.5374899953313, -2274.413907751187], [-2150.35390125179, -2267.8460277511585], [-2128.093343106724, -2254.3763077511544], [-2097.3386246167665, -2253.7083877512587], [-2078.4952574148942, -2250.146147751156], [-2061.5069367252845, -2226.657627751136], [-2045.0067861704165, -2217.529387751244], [-2021.0864495671935, -2206.6200277511034], [-2002.1454483384423, -2196.155947751025], [-1992.4796796701353, -2200.720067750971], [-1978.322745762098, -2204.83890775125], [-1951.9615584849917, -2216.1935477510574]]}, "properties": {"osm_id": null, "type": "track", "width_m": 3, "extrude": false}}, {"type": "Feature", "geometry": {"type": "LineString", "coordinates": [[-2330.391046951285, -2219.9784277509934], [-2337.8112329996397, -2224.8765077512826], [-2400.19937622216, -2269.627147751012], [-2410.2556809981565, -2275.41578775103], [-2414.5515781841286, -2276.9742677510503], [-2417.4805989925803, -2277.530867751227], [-2421.483594097742, -2277.308227750998], [-2425.877125310593, -2276.3063477511546], [-2464.735468037406, -2256.046107751289]]}, "properties": {"osm_id": null, "type": "service", "width_m": 3.5, "extrude": false}}, {"type": "Feature", "geometry": {"type": "LineString", "coordinates": [[-1511.4368288773358, -2390.0753877510397], [-1513.7800455241666, -2380.3905477509716], [-1532.4281446719338, -2295.0081077510004], [-1535.454799507438, -2279.979907750976], [-1535.7477015882484, -2277.8648277511747], [-1542.5820834749827, -2236.1198277509757], [-1543.9489598523296, -2226.657627751136], [-1544.4371299870718, -2210.9615077512162], [-1543.2655216636563, -2191.480507750965], [-1541.312841124515, -2180.9051077511676], [-1537.6027481003373, -2168.3259477512875], [-1534.7713613187645, -2161.201467751083], [-1530.475464132966, -2151.627947751129], [-1520.3215253299168, -2136.5997477511046], [-1514.170581631856, -2126.0243477513072], [-1511.729730958146, -2120.235707751289], [-1511.4368288773358, -2115.7829077510623], [-1511.8273649850253, -2111.9980277511263], [-1513.2918753894246, -2108.9923877512006], [-1515.8303600900135, -2105.5414677512126], [-1522.3718398959372, -2100.3094277509754], [-1524.1292523809736, -2100.0867877511423], [-1590.910926816171, -2109.215027751034], [-1611.3164384493216, -2113.333867751313], [-1613.8549231499105, -2115.2263077512807], [-1623.4230577913386, -2129.029987751233], [-1611.8046085840635, -2167.769347751111], [-1565.916615916585, -2316.492867751334], [-1546.585078579971, -2378.8320677509514], [-1535.9429696421798, -2413.118627750998]]}, "properties": {"osm_id": null, "type": "footway", "width_m": 2, "extrude": false}}, {"type": "Feature", "geometry": {"type": "LineString", "coordinates": [[-1528.8156856748087, -2290.777947751002], [-1514.170581631856, -2288.8855077510343], [-1387.2463465942637, -2271.8535477513233], [-1385.391300082175, -2271.6309077510946], [-1307.0888104665812, -2260.832867751068], [-1245.8722755676504, -2253.0404677509678], [-1241.9669144895413, -2252.1499077512385], [-1236.6946770340853, -2251.036707751281]]}, "properties": {"osm_id": null, "type": "residential", "width_m": 5, "extrude": false}}, {"type": "Feature", "geometry": {"type": "LineString", "coordinates": [[-1229.665027093593, -2274.859187751249], [-1222.537743126048, -2272.8554277511666], [-1218.4371139940074, -2271.6309077510946]]}, "properties": {"osm_id": null, "type": "footway", "width_m": 2, "extrude": false}}, {"type": "Feature", "geometry": {"type": "LineString", "coordinates": [[-1229.665027093593, -2274.859187751249], [-1237.2804811957062, -2277.085587751165]]}, "properties": {"osm_id": null, "type": "footway", "width_m": 2, "extrude": false}}, {"type": "Feature", "geometry": {"type": "LineString", "coordinates": [[-1435.8680920162626, -2460.9862277511634], [-1351.0241225949187, -2452.080627751105], [-1343.701570573616, -2451.301387751095], [-1339.796209495507, -2449.5202677512416], [-1338.2340650642284, -2447.2938677513257], [-1338.5269671450387, -2443.9542677510567], [-1344.2873747352369, -2412.4507077511025], [-1345.8495191665152, -2402.209267751253], [-1347.0211274899307, -2399.203627751327], [-1348.7785399751403, -2397.4225077510782], [-1352.000462864576, -2396.865907751297], [-1487.1259561662496, -2412.0054277510403], [-1491.0313172441854, -2412.8959877511647], [-1493.276899864137, -2414.3431477510703], [-1495.1319463762259, -2415.790307750976], [-1495.9130185919516, -2418.6846277511827], [-1495.7177505380203, -2421.4676277512754], [-1475.7027750127327, -2511.3028677510774], [-1473.7500944737649, -2521.0990277512606], [-1471.992681988555, -2524.772587751082], [-1469.258929234035, -2526.1084277512687], [-1464.8653980211839, -2525.7744677513206], [-1455.9807015684291, -2524.883907751196], [-1338.6246011720914, -2511.74814775114], [-1325.834543641401, -2509.855707751172], [-1321.538646455429, -2509.187787751276], [-1317.047481215699, -2508.6311877511], [-1281.4110613781484, -2504.8463077511637], [-1202.22986551995, -2496.163347751334], [-1184.0699365069247, -2495.829387750991], [-1176.7473844854483, -2495.1614677510956], [-1174.0136317307547, -2492.712427750951], [-1173.3301935422548, -2489.2615077509627], [-1174.989972000412, -2483.138907750997], [-1201.155891223587, -2397.9791077512546], [-1205.8423245172487, -2382.839587751116], [-1207.5997370022849, -2377.1622677512123], [-1213.4577786195352, -2357.4586277511276], [-1237.2804811957062, -2277.085587751165], [-1240.4047700582628, -2266.510187750972], [-1243.333790866888, -2260.1649477511723], [-1245.8722755676504, -2253.0404677509678], [-1247.9225901334971, -2245.804667751044], [-1245.4817394597874, -2242.6877077510035], [-1245.0912033519244, -2239.1254677512966], [-1247.0438838910657, -2230.887787751134], [-1267.0588594161798, -2167.324067751049], [-1291.5650001811973, -2088.954787751168], [-1294.005850854907, -2081.3850277512965], [-1296.8372376364798, -2078.1567477511417], [-1302.4023771727464, -2074.9284677509872], [-1306.6982743587184, -2072.9247077513005], [-1311.6776097333639, -2072.5907477509572], [-1317.8285534312515, -2073.1473477511336], [-1342.1394261423375, -2077.2661877510172], [-1417.8057970301163, -2087.0623477512004], [-1446.0220308193116, -2090.290627750959], [-1454.1256550563403, -2092.0717477512085], [-1465.0606660749418, -2095.9679477512586], [-1473.7500944737649, -2100.9773477512667], [-1480.1939402526364, -2105.2075077512645], [-1492.2029255677742, -2115.1149877511666], [-1500.8923539664238, -2124.131907750944], [-1513.6824114971141, -2142.054427751175]]}, "properties": {"osm_id": null, "type": "footway", "width_m": 2, "extrude": false}}, {"type": "Feature", "geometry": {"type": "LineString", "coordinates": [[-1491.0313172441854, -2412.8959877511647], [-1491.6171214059798, -2407.775267751042], [-1491.9100234867904, -2402.3205877509718], [-1494.8390442954153, -2402.765867751034], [-1497.279894969125, -2402.0979477511382], [-1499.6231116161293, -2399.7602277511082], [-1501.3805241011657, -2395.864027751058], [-1502.6497664516337, -2388.0716277509573], [-1521.3954996262798, -2302.3552277510385], [-1521.5907676802115, -2299.4609077512273], [-1520.5167933838484, -2296.789227751249], [-1518.1735767370176, -2295.0081077510004], [-1514.8540198205294, -2294.3401877511046], [-1513.5847774702352, -2294.2288677509905], [-1494.057972079863, -2292.7817077510845], [-1386.5629084055904, -2278.5327477510705], [-1289.124149507314, -2265.6196277512427], [-1250.8516109421223, -2260.4989077511204], [-1243.333790866888, -2260.1649477511723]]}, "properties": {"osm_id": null, "type": "footway", "width_m": 2, "extrude": false}}, {"type": "Feature", "geometry": {"type": "LineString", "coordinates": [[-1213.9459487542774, -2327.624867751308], [-1209.9429536492892, -2326.845627751298], [-1206.9162988136115, -2326.2890277511215], [-1203.108571762555, -2325.1758277511635], [-1190.2208802048121, -2321.7249077511756], [-1175.478142135154, -2368.7019477512163], [-1175.087606027291, -2370.0377877510073], [-1174.599435892549, -2371.707587751142]]}, "properties": {"osm_id": null, "type": "service", "width_m": 3.5, "extrude": false}}, {"type": "Feature", "geometry": {"type": "LineString", "coordinates": [[-1213.4577786195352, -2357.4586277511276], [-1205.7446904901963, -2355.232227751212], [-1198.8126745765828, -2353.117147751015], [-1195.7860197410787, -2352.2265877512864]]}, "properties": {"osm_id": null, "type": "footway", "width_m": 2, "extrude": false}}, {"type": "Feature", "geometry": {"type": "LineString", "coordinates": [[-1190.1232461779332, -2369.369867751112], [-1175.478142135154, -2368.7019477512163], [-1157.6111152029391, -2366.5868677510193], [-1092.196317144915, -2358.5718277510855]]}, "properties": {"osm_id": null, "type": "footway", "width_m": 2, "extrude": false}}, {"type": "Feature", "geometry": {"type": "LineString", "coordinates": [[-1016.9204823649992, -2355.7888277509933], [-1018.6778948500357, -2356.011467751222], [-1091.8057810372256, -2363.35858775126], [-1174.599435892549, -2371.707587751142], [-1188.8540038274652, -2373.9339877510574], [-1192.3688287978848, -2374.37926775112], [-1196.1765558489415, -2375.0471877510154], [-1199.6913808191878, -2375.7151077513067]]}, "properties": {"osm_id": null, "type": "residential", "width_m": 5, "extrude": false}}, {"type": "Feature", "geometry": {"type": "LineString", "coordinates": [[-1091.5128789562416, -2367.4774277511438], [-1172.1585852186658, -2375.4924677510776], [-1187.194225369308, -2379.8339477511904]]}, "properties": {"osm_id": null, "type": "footway", "width_m": 2, "extrude": false}}, {"type": "Feature", "geometry": {"type": "LineString", "coordinates": [[-1275.4553857340188, -2051.1059877510193], [-1270.7689524403575, -2050.4380677511235], [-1257.6859928288566, -2048.65694775127], [-1243.529058920646, -2046.764507751302], [-1148.7264187501846, -2033.9627077511934], [-1123.634473823546, -2030.5117877512055], [-1119.143308583816, -2029.84386775131], [-1098.0543587621653, -2026.949547751103], [-1060.6605264394052, -2021.9401477510949], [-1038.30233426746, -2018.9345077511691], [-1034.9827773511454, -2018.489227751107], [-1027.4649572757378, -2017.3760277511492], [-1021.8021837125922, -2016.7081077512535], [-941.4493795309785, -2005.7987477511128], [-935.6889719407806, -2005.0195077511028], [-930.5143685123769, -2004.2402677510927], [-839.3241873390408, -1991.9950677511608], [-754.9683880524389, -1980.5291077512388], [-749.9890526779668, -1979.861187750948], [-644.0561334349725, -1965.612227751329], [-638.6862619524641, -1964.832987751319], [-633.706926577992, -1964.165067751028], [-627.6536169069835, -1963.3858277510178], [-624.041157909685, -1962.8292277512367], [-592.9935373389169, -1958.5990677512386], [-588.2094700183764, -1957.9311477509475], [-539.9782607038936, -1951.2519477512003], [-534.9989253294216, -1950.5840277513048], [-526.3094969305984, -1949.3595077512325], [-523.7710122300095, -1947.5783877509834], [-520.5490893405739, -1938.7841077510395], [-516.4484602085332, -1932.6615077510737], [-510.3951505375248, -1927.540787750951], [-499.36250549187093, -1923.8672277511298], [-493.4068298477415, -1923.533267751182], [-489.0132986350639, -1923.4219477510674], [-481.69074661358763, -1925.6483477509832], [-474.1729265381798, -1930.7690677511057], [-470.07229740631266, -1935.6671477509994], [-468.1196168671714, -1939.0067477512684], [-465.09296203166724, -1940.5652277512886], [-462.55447733090494, -1940.6765477510075], [-458.74675027984824, -1940.1199477512264], [-444.29691429100063, -1938.2275077512584], [-441.8560636171174, -1942.1237077513088]]}, "properties": {"osm_id": null, "type": "footway", "width_m": 2, "extrude": false}}, {"type": "Feature", "geometry": {"type": "LineString", "coordinates": [[-839.3241873390408, -1991.9950677511608], [-838.7383831774198, -1996.1139077510443], [-837.7620429077624, -2003.1270677511347], [-837.2738727730206, -2006.9119477510706]]}, "properties": {"osm_id": null, "type": "footway", "width_m": 2, "extrude": false}}, {"type": "Feature", "geometry": {"type": "LineString", "coordinates": [[-831.708733236754, -2007.6911877510806], [-831.9040012906855, -2006.1327077510605], [-832.2945373985485, -2002.347827751125], [-833.0756096141009, -1995.2233477513155]]}, "properties": {"osm_id": null, "type": "footway", "width_m": 2, "extrude": false}}, {"type": "Feature", "geometry": {"type": "LineString", "coordinates": [[-1282.2897676207533, -2056.0040677513084], [-1275.35775170714, -2055.336147751017], [-1270.2807823056155, -2054.779547751236], [-1256.5143845052678, -2052.998427750987], [-1148.335882642495, -2038.081547751077], [-1135.741093165563, -2036.3004277512237], [-1123.146303688804, -2034.6306277510892], [-1118.4598703951424, -2033.9627077511934], [-1059.9770882507316, -2026.1703077510929], [-1037.3259939979762, -2023.2759877512817], [-1026.7815190870645, -2021.8288277509805], [-1021.4116476047293, -2021.0495877509704], [-940.668307315426, -2010.5855077512874], [-937.5440184528694, -2010.2515477509442], [-935.2008018060385, -2009.8062677512776], [-851.5284407081101, -1997.8950277512934], [-838.7383831774198, -1996.1139077510443], [-833.0756096141009, -1995.2233477513155], [-754.4802179176969, -1984.759267751237], [-643.567963300057, -1969.397107751265], [-638.1004577908432, -1968.6178677512548], [-627.0678127451891, -1967.2820277510682], [-611.3487344058736, -1965.0556277511523], [-592.505367204175, -1962.6065877510077], [-587.526031829703, -1961.9386677511122], [-539.3924565422726, -1955.370787751084], [-534.5107551946795, -1954.591547751074], [-524.942620553425, -1953.0330677510537], [-521.5254296100578, -1951.8085477509815], [-515.0815838311864, -1949.3595077512325]]}, "properties": {"osm_id": null, "type": "secondary", "width_m": 9, "extrude": false}}, {"type": "Feature", "geometry": {"type": "LineString", "coordinates": [[-666.9024957416594, -1979.861187750948], [-666.3166915800384, -1983.5347477511646], [-665.9261554721754, -1986.9856677511527], [-665.0474492295705, -1990.547907751255], [-662.7042325827398, -2006.0213877509461]]}, "properties": {"osm_id": null, "type": "footway", "width_m": 2, "extrude": false}}, {"type": "Feature", "geometry": {"type": "LineString", "coordinates": [[-662.7042325827398, -2006.0213877509461], [-659.5799437203565, -2026.3929477513218], [-665.8285214452964, -2027.5061477512797], [-663.8758409061551, -2038.081547751077], [-622.0884773707171, -2032.8495077512357], [-625.7009363678424, -2000.7893477511047], [-662.7042325827398, -2006.0213877509461]]}, "properties": {"osm_id": null, "type": "footway", "width_m": 2, "extrude": false}}, {"type": "Feature", "geometry": {"type": "LineString", "coordinates": [[-715.9147772716946, -1986.5403877510905], [-715.1337050559688, -1990.2139477513074], [-714.6455349212267, -1992.5516677513374], [-706.1513745765085, -2032.6268677510068]]}, "properties": {"osm_id": null, "type": "service", "width_m": 3.5, "extrude": false}}, {"type": "Feature", "geometry": {"type": "LineString", "coordinates": [[-513.0312692651662, -1963.05186775107], [-524.3568163916304, -1960.602827751321], [-533.5344149251956, -1961.9386677511122], [-538.4161162727886, -1962.6065877510077], [-586.3544235062875, -1969.2857877511503], [-591.6266609615701, -1969.953707751046], [-610.0794920555792, -1972.2914277510763], [-626.0914724757052, -1974.406507751273], [-637.1241175213592, -1975.8536677511786], [-642.2987209497627, -1976.6329077511887], [-666.9024957416594, -1979.861187750948], [-715.9147772716946, -1986.5403877510905], [-832.2945373985485, -2002.347827751125], [-837.7620429077624, -2003.1270677511347], [-934.517363617365, -2016.1515077510767], [-939.789601072821, -2016.8194277509724], [-1020.6305753891768, -2027.6174677509987], [-1025.8051788175803, -2028.1740677511752], [-1032.3466586233308, -2028.9533077511853], [-1059.0983820083002, -2032.8495077512357], [-1117.385896098606, -2040.9758677512839], [-1122.267597446199, -2041.6437877511796], [-1133.7884126265951, -2043.2022677511995], [-1147.554810426769, -2044.9833877510532], [-1161.2235742000644, -2046.6531877511877], [-1240.5024040851417, -2057.896507751276], [-1269.499710090063, -2061.7927077513264], [-1273.990875329793, -2062.460627751222], [-1275.845921841882, -2062.7945877511697], [-1283.0708398363058, -2064.6870277511375]]}, "properties": {"osm_id": null, "type": "secondary", "width_m": 9, "extrude": false}}, {"type": "Feature", "geometry": {"type": "LineString", "coordinates": [[-941.4493795309785, -2005.7987477511128], [-940.668307315426, -2010.5855077512874], [-939.789601072821, -2016.8194277509724], [-939.2037969110268, -2020.7156277510226]]}, "properties": {"osm_id": null, "type": "footway", "width_m": 2, "extrude": false}}, {"type": "Feature", "geometry": {"type": "LineString", "coordinates": [[-935.6889719407806, -2005.0195077511028], [-935.2008018060385, -2009.8062677512776], [-934.517363617365, -2016.1515077510767], [-934.1268275095022, -2020.047707751127], [-933.9315594555707, -2021.8288277509805]]}, "properties": {"osm_id": null, "type": "footway", "width_m": 2, "extrude": false}}, {"type": "Feature", "geometry": {"type": "LineString", "coordinates": [[-517.5224345050696, -1970.5103077512226], [-521.1348935021948, -1965.5009077512145], [-523.2828420950941, -1964.2763877511422], [-533.1438788173326, -1965.612227751329], [-537.9279461380468, -1966.2801477512246], [-585.9638873984246, -1972.7367077511385], [-591.1384908268282, -1973.404627751034], [-609.5913219208373, -1975.8536677511786], [-636.6359473866172, -1979.527227751], [-641.7129167879683, -1980.1951477512912], [-666.3166915800384, -1983.5347477511646], [-680.9617956228175, -1985.538507751247], [-683.0121101888378, -1987.208307750986], [-710.8378078701702, -1990.7705477510885], [-712.4975863283275, -1989.8799877509641], [-715.1337050559688, -1990.2139477513074], [-831.9040012906855, -2006.1327077510605], [-837.2738727730206, -2006.9119477510706], [-934.1268275095022, -2020.047707751127], [-939.2037969110268, -2020.7156277510226], [-941.4493795309785, -2021.0495877509704], [-1020.1424052542615, -2031.7363077512778], [-1025.121740628907, -2032.5155477512878], [-1058.3173097925742, -2036.9683477511192], [-1083.702156800197, -2040.4192677511073], [-1116.7024579099327, -2044.9833877510532], [-1121.6817932845781, -2045.6513077509487], [-1132.6168043031796, -2047.09846775125], [-1145.797397941733, -2048.8795877511034], [-1147.1642743190798, -2049.102227751332], [-1160.540136011391, -2050.8833477511857], [-1238.061553411432, -2061.347427751264], [-1257.2954567209938, -2063.9077877511277], [-1269.0115399551476, -2065.3549477510333], [-1273.4050711679988, -2065.91154775121]]}, "properties": {"osm_id": null, "type": "footway", "width_m": 2, "extrude": false}}, {"type": "Feature", "geometry": {"type": "LineString", "coordinates": [[-303.80154950681873, -1958.5990677512386], [-411.9800513697648, -1972.9593477509718], [-429.1636401133062, -2015.038307751119], [-427.4062276282698, -2022.1627877513238]]}, "properties": {"osm_id": null, "type": "residential", "width_m": 5, "extrude": false}}, {"type": "Feature", "geometry": {"type": "LineString", "coordinates": [[-479.6404320475673, -1969.2857877511503], [-475.7350709694582, -1975.6310277509497], [-473.88002445736936, -1978.414027751042], [-466.459838409014, -1988.6554677512872], [-446.44486288389993, -2013.8137877510467]]}, "properties": {"osm_id": null, "type": "tertiary", "width_m": 7, "extrude": false}}, {"type": "Feature", "geometry": {"type": "LineString", "coordinates": [[-549.0582252105796, -2021.8288277509805], [-556.087875151072, -1969.7310677512128]]}, "properties": {"osm_id": null, "type": "footway", "width_m": 2, "extrude": false}}, {"type": "Feature", "geometry": {"type": "LineString", "coordinates": [[-216.4190953847126, -1994.2214677510765], [-209.09654336340972, -1991.9950677511608], [-133.43017247545754, -2007.2459077510184], [-129.52481139734843, -2008.0251477510285]]}, "properties": {"osm_id": null, "type": "footway", "width_m": 2, "extrude": false}}, {"type": "Feature", "geometry": {"type": "LineString", "coordinates": [[-436.7790942155929, -2025.9476677512596], [-433.36190327222573, -2024.0552277512918], [-431.89739286799994, -2023.2759877512817], [-427.4062276282698, -2022.1627877513238], [-313.76022025593625, -2006.6893077512373]]}, "properties": {"osm_id": null, "type": "residential", "width_m": 5, "extrude": false}}, {"type": "Feature", "geometry": {"type": "LineString", "coordinates": [[-246.2951076320652, -2042.7569877511373], [-221.10552867837416, -2023.3873077510007], [-216.4190953847126, -1994.2214677510765]]}, "properties": {"osm_id": null, "type": "service", "width_m": 3.5, "extrude": false}}, {"type": "Feature", "geometry": {"type": "LineString", "coordinates": [[-593.2864394197275, -2061.0134677513165], [-593.6769755275903, -2058.4531077510574], [-586.4520575331666, -2057.228587750985], [-590.5526866652071, -2031.5136677510488], [-595.6296560667316, -1993.7761877510143], [-602.659306007224, -1994.6667477511387], [-603.8309143306393, -1985.0932277511847], [-603.4403782227764, -1981.9762677511446], [-602.3664039264135, -1979.6385477511144], [-599.8279192256513, -1976.855547751022]]}, "properties": {"osm_id": null, "type": "footway", "width_m": 2, "extrude": false}}, {"type": "Feature", "geometry": {"type": "LineString", "coordinates": [[-610.0794920555792, -1972.2914277510763], [-609.5913219208373, -1975.8536677511786], [-609.2007858129745, -1978.3027077513232], [-601.0971615759456, -2033.294787751298], [-597.87523868651, -2062.01534775116], [-598.1681407674939, -2083.500107751098]]}, "properties": {"osm_id": null, "type": "residential", "width_m": 5, "extrude": false}}, {"type": "Feature", "geometry": {"type": "LineString", "coordinates": [[-601.0971615759456, -2033.294787751298], [-590.5526866652071, -2031.5136677510488], [-553.0612203155678, -2027.5061477512797]]}, "properties": {"osm_id": null, "type": "footway", "width_m": 2, "extrude": false}}, {"type": "Feature", "geometry": {"type": "LineString", "coordinates": [[-234.2861223169274, -2188.9201477511015], [-230.86893137373366, -2183.5767877511453], [-143.19357517064358, -2045.985267751292], [-136.16392523015128, -2030.4004677510911], [-129.52481139734843, -2008.0251477510285], [-127.86503293919107, -1986.2064277511427], [-128.6461051547435, -1970.7329477510561], [-133.625440529389, -1948.8029077510557], [-146.02496195221636, -1915.8521877511957], [-147.09893624875272, -1913.0691877511035], [-148.36817859922056, -1909.506947751001], [-148.56344665297863, -1905.9447077512941], [-146.70840014088978, -1901.6032277511815]]}, "properties": {"osm_id": null, "type": "residential", "width_m": 5, "extrude": false}}, {"type": "Feature", "geometry": {"type": "LineString", "coordinates": [[-254.00819576123098, -2047.7663877511454], [-246.2951076320652, -2042.7569877511373]]}, "properties": {"osm_id": null, "type": "footway", "width_m": 2, "extrude": false}}, {"type": "Feature", "geometry": {"type": "LineString", "coordinates": [[-234.3837563439798, -2181.35038775123], [-223.9369154601203, -2164.8750277512995], [-196.7946559674614, -2122.5734277513193], [-195.1348775091306, -2123.463987751048], [-186.6407171644124, -2110.1055877511585], [-188.7886657573117, -2108.5471077511384], [-165.94230345045142, -2072.813387751186], [-163.8919888846046, -2073.926587751144], [-147.97764249135764, -2048.2116677512076], [-141.72906476641774, -2035.4098677510992], [-136.84736341882467, -2023.1646677511671], [-133.43017247545754, -2007.2459077510184], [-132.7467342867841, -2004.0176277512594], [-130.98932180174774, -1985.3158677510182], [-133.03963636759457, -1964.4990277509758], [-142.5101369819702, -1934.3313077512082], [-150.6137612189989, -1916.2974677512582]]}, "properties": {"osm_id": null, "type": "footway", "width_m": 2, "extrude": false}}, {"type": "Feature", "geometry": {"type": "LineString", "coordinates": [[-137.92133771518763, -1914.516347751009], [-138.50714187698202, -1920.7502677510895], [-127.76739891231203, -1948.3576277509935], [-124.93601213056589, -1961.49338775105], [-122.29989340292458, -1979.6385477511144], [-122.88569756471901, -1991.8837477510463], [-124.15493991501341, -2006.4666677510083], [-126.4981565618442, -2018.8231877510548], [-131.7703940173002, -2035.7438277510469], [-142.99830711671214, -2057.228587750985], [-161.45113821072135, -2087.1736677513145], [-183.90696440971868, -2121.794187751309], [-225.98723002614062, -2186.582427751071]]}, "properties": {"osm_id": null, "type": "footway", "width_m": 2, "extrude": false}}, {"type": "Feature", "geometry": {"type": "LineString", "coordinates": [[-142.9006730898331, -1912.5125877513224], [-142.11960087428068, -1915.1842677513002], [-140.85035852381284, -1919.1917877510693], [-131.18458985550578, -1943.7935077510476], [-129.03664126260648, -1950.5840277513048], [-126.98632669658615, -1959.1556677510198], [-124.93601213056589, -1970.0650277511604], [-124.05730588813441, -1979.6385477511144], [-124.05730588813441, -1990.547907751255], [-125.3265482384288, -2004.2402677510927], [-127.27922877757008, -2015.9288677512434], [-130.11061555914284, -2025.2797477509685], [-134.89468287968342, -2038.304187751306], [-142.99830711671214, -2054.111627750945], [-172.3861492293228, -2100.866027751152], [-225.59669391827765, -2184.3560277511556], [-225.98723002614062, -2186.582427751071], [-226.0848640530196, -2187.4729877511954], [-225.30379183746717, -2189.5880677509967], [-223.5463793522574, -2191.369187751246], [-220.1291884088902, -2193.372947751328], [-222.17950297491052, -2196.601227751087], [-224.42508559486228, -2200.1634677511897]]}, "properties": {"osm_id": null, "type": "footway", "width_m": 2, "extrude": false}}, {"type": "Feature", "geometry": {"type": "LineString", "coordinates": [[-431.018686625395, -2033.072147751069], [-438.73177475473415, -2037.8589077512438], [-507.5637637559521, -2081.60766775113], [-517.6200685319487, -2088.7321477513347]]}, "properties": {"osm_id": null, "type": "residential", "width_m": 5, "extrude": false}}, {"type": "Feature", "geometry": {"type": "LineString", "coordinates": [[-597.87523868651, -2062.01534775116], [-593.2864394197275, -2061.0134677513165], [-592.7982692849855, -2065.91154775121], [-589.7716144494813, -2068.1379477511255], [-587.4283978026505, -2067.581347750949]]}, "properties": {"osm_id": null, "type": "footway", "width_m": 2, "extrude": false}}, {"type": "Feature", "geometry": {"type": "LineString", "coordinates": [[-584.6946450479568, -2065.0209877510856], [-587.4283978026505, -2067.581347750949]]}, "properties": {"osm_id": null, "type": "footway", "width_m": 2, "extrude": false}}, {"type": "Feature", "geometry": {"type": "LineString", "coordinates": [[-446.44486288389993, -2013.8137877510467], [-436.7790942155929, -2025.9476677512596], [-431.018686625395, -2033.072147751069], [-425.063010981439, -2039.6400277510973], [-372.9264405890205, -2106.432027751337], [-363.65120802857643, -2117.67534775103], [-359.35531084260435, -2121.682867751195]]}, "properties": {"osm_id": null, "type": "tertiary", "width_m": 7, "extrude": false}}, {"type": "Feature", "geometry": {"type": "LineString", "coordinates": [[-575.5170465145651, -2071.588867751114], [-577.7626291345168, -2069.80774775126], [-581.6679902124525, -2066.9134277510534], [-584.6946450479568, -2065.0209877510856]]}, "properties": {"osm_id": null, "type": "footway", "width_m": 2, "extrude": false}}, {"type": "Feature", "geometry": {"type": "LineString", "coordinates": [[-668.9528103076797, -2113.2225477511984], [-616.3280697805192, -2068.9171877511358], [-622.0884773707171, -2032.8495077512357], [-606.8575691661437, -2033.1834677511833], [-601.0971615759456, -2033.294787751298]]}, "properties": {"osm_id": null, "type": "footway", "width_m": 2, "extrude": false}}, {"type": "Feature", "geometry": {"type": "LineString", "coordinates": [[-27.204351151652702, -1996.1139077510443], [-9.923128381058888, -2016.0401877509623]]}, "properties": {"osm_id": null, "type": "residential", "width_m": 5, "extrude": false}}, {"type": "Feature", "geometry": {"type": "LineString", "coordinates": [[-82.56284443350688, -1906.1673477511274], [-81.4888701369705, -1907.7258277511476], [-78.4622153014663, -1910.3975077511254], [-68.69881260628023, -1932.8841477513024], [-63.42657515082424, -1945.79726775113], [-54.3466106443116, -1963.3858277510178], [-47.5122287575773, -1974.9631077510542], [-37.55355800845975, -1989.9913077510785], [-31.890784445314267, -1997.6723877510644], [-29.840469879293973, -2002.5704677509582], [-28.0830573942576, -2007.9138277513096], [-15.585901944377806, -2020.381667751075], [-9.825494354179868, -2022.0514677512094], [9.017872847692278, -2039.9739877510451], [51.00050443706176, -2082.832187751202], [68.37936123453458, -2100.0867877511423], [78.72856809134164, -2109.994267751044]]}, "properties": {"osm_id": null, "type": "footway", "width_m": 2, "extrude": false}}, {"type": "Feature", "geometry": {"type": "LineString", "coordinates": [[205.1646329943655, -1955.370787751084], [117.39164276439642, -2067.024747751168], [119.93012746515866, -2069.4737877513126], [123.5425864624573, -2071.9228277510615]]}, "properties": {"osm_id": null, "type": "footway", "width_m": 2, "extrude": false}}, {"type": "Feature", "geometry": {"type": "LineString", "coordinates": [[-9.923128381058888, -2016.0401877509623], [1.1095166644215948, -2026.7269077512697], [81.2670527921039, -2106.3207077512225], [88.68723884045919, -2107.322587751066]]}, "properties": {"osm_id": null, "type": "residential", "width_m": 5, "extrude": false}}, {"type": "Feature", "geometry": {"type": "LineString", "coordinates": [[-9.923128381058888, -2016.0401877509623], [-10.02076240811134, -2018.8231877510548], [35.67196220560922, -2065.1323077511997], [76.38535144451086, -2106.3207077512225], [78.14276392972066, -2108.658427751253], [78.72856809134164, -2109.994267751044], [78.92383614527311, -2111.3301077512306], [78.33803198365213, -2114.1131077513232], [75.99481533682135, -2117.564027751311], [78.5333000375836, -2119.7904277512266], [81.75522292684586, -2122.5734277513193]]}, "properties": {"osm_id": null, "type": "footway", "width_m": 2, "extrude": false}}, {"type": "Feature", "geometry": {"type": "LineString", "coordinates": [[117.39164276439642, -2067.024747751168], [95.32635267326202, -2094.5207877509574], [91.61625964908438, -2098.9735877511844], [84.29370762760811, -2102.647147751006], [81.2670527921039, -2106.3207077512225], [78.72856809134164, -2109.994267751044], [77.0687896331843, -2113.667827751261], [71.21074801610733, -2121.014947751299], [74.82320701340596, -2124.2432277510584], [78.04512990266821, -2126.914907751036], [80.48598057655144, -2129.141307750952]]}, "properties": {"osm_id": null, "type": "footway", "width_m": 2, "extrude": false}}, {"type": "Feature", "geometry": {"type": "LineString", "coordinates": [[-99.16062901525383, -2139.6053877510303], [-92.13097907476148, -2139.382747751197], [-89.69012840087825, -2140.941227751217], [-86.17530343063207, -2143.167627751133], [-85.29659718802718, -2144.0581877512573], [-70.94439522605856, -2122.907387751267], [-71.43256536097395, -2120.3470277510078], [-72.60417368438934, -2118.2319477512065], [-64.20764736637669, -2104.205627751026], [-70.74912717230052, -2100.0867877511423], [-79.04801946308727, -2114.447067751271], [-81.68413819090198, -2115.3376277509997], [-83.63681872986982, -2116.11686775101], [-94.66946377552374, -2132.8148677511685], [-99.16062901525383, -2139.6053877510303]]}, "properties": {"osm_id": null, "type": "pedestrian", "width_m": 4, "extrude": false}}, {"type": "Feature", "geometry": {"type": "LineString", "coordinates": [[61.8378814287842, -2208.623787751186], [138.28532453211542, -2151.9619077510765], [164.93941389003237, -2132.258267750992], [171.67616174971423, -2123.2413477512146], [175.67915685487577, -2113.890467751094], [175.67915685487577, -2102.4245077511723], [173.0430381270611, -2091.181187751084], [167.08736248310512, -2081.718987751244], [137.89478842442594, -2058.341787750943], [135.94210788528466, -2056.894627751037], [132.72018499584897, -2055.336147751017]]}, "properties": {"osm_id": null, "type": "residential", "width_m": 5, "extrude": false}}, {"type": "Feature", "geometry": {"type": "LineString", "coordinates": [[-94.2789276676608, -2148.399667750974], [-89.69012840087825, -2140.941227751217]]}, "properties": {"osm_id": null, "type": "footway", "width_m": 2, "extrude": false}}, {"type": "Feature", "geometry": {"type": "LineString", "coordinates": [[71.21074801610733, -2121.014947751299], [64.76690223723597, -2127.248867750984], [-3.7721846831714414, -2212.2973477510072], [2.3787590148894378, -2217.084107751182], [4.52670760778875, -2218.642587751202], [5.893583985135612, -2219.6444677510453], [6.186486065946101, -2219.9784277509934], [80.48598057655144, -2129.141307750952], [125.78816908223563, -2073.1473477511336]]}, "properties": {"osm_id": null, "type": "footway", "width_m": 2, "extrude": false}}, {"type": "Feature", "geometry": {"type": "LineString", "coordinates": [[-357.98843446525746, -2126.5809477510884], [-357.5002643305155, -2122.0168277511425], [-357.1097282226526, -2117.897987751259], [-359.25767681572535, -2117.118747751249], [-368.33764132223797, -2105.8754277511603], [-369.2163475648429, -2104.7622277512023], [-426.72278943959634, -2032.4042277511735], [-433.36190327222573, -2024.0552277512918]]}, "properties": {"osm_id": null, "type": "footway", "width_m": 2, "extrude": false}}, {"type": "Feature", "geometry": {"type": "LineString", "coordinates": [[-290.62095586826547, -2151.071347750952], [-248.63832427889596, -2086.5057477510236], [-246.88091179385964, -2072.9247077513005], [-248.4430562249645, -2060.4568677511397], [-254.00819576123098, -2047.7663877511454], [-268.8485678579416, -2035.0759077511514], [-286.8132288172088, -2030.9570677512677], [-359.94111500439874, -2041.6437877511796]]}, "properties": {"osm_id": null, "type": "residential", "width_m": 5, "extrude": false}}, {"type": "Feature", "geometry": {"type": "LineString", "coordinates": [[840.9574165064364, -1703.6762677510021], [813.5222549327937, -1700.447987751243], [803.3683161297447, -1699.2234677511708], [739.3203944492408, -1692.766907751257], [682.4973907631606, -1686.644307751291], [659.4557604023689, -1686.8669477511244], [633.8756453409883, -1687.7575077512488], [614.3488399506163, -1690.3178677511123], [598.2392255034378, -1693.657467750986], [581.6414409216908, -1698.3329077510464], [531.6528191221716, -1715.0309077512052], [527.4545559632521, -1715.6988277511007], [486.44826464336654, -1735.4024677511852], [455.98644823421944, -1749.762747751314], [426.9891422294717, -1765.0135877511716], [409.9031875128094, -1773.13994775122], [395.0628154160988, -1781.4889477511017], [386.2757529905701, -1780.7097077510916], [367.82292189656084, -1792.6209477510756], [361.9648802794839, -1796.4058277510114], [323.0089035256186, -1830.135787751277], [287.95828784968904, -1870.5449477512896], [283.076586502096, -1876.2222677511934], [244.6087798829727, -1922.7540277511719], [239.62944450850063, -1928.876627751138], [212.09664890797882, -1962.8292277512367], [197.25627681126824, -1981.1970277511346], [135.94210788528466, -2056.894627751037], [123.5425864624573, -2071.9228277510615], [81.75522292684586, -2122.5734277513193], [78.04512990266821, -2126.914907751036], [47.48567946681558, -2163.984467751175], [4.52670760778875, -2218.642587751202], [-13.24268529737359, -2241.3518677512125], [-30.621542094846422, -2261.946067751026], [-47.5122287575773, -2272.4101477511044], [-70.06568898362708, -2278.421427750956], [-94.66946377552374, -2277.75350775106], [-118.68743440562598, -2267.512067751211], [-146.3178640332003, -2249.8121877512085], [-169.16422633988714, -2235.2292677512464], [-171.1169068790284, -2234.0047477511744], [-210.95158987549857, -2208.623787751186], [-224.42508559486228, -2200.1634677511897], [-252.2507832761946, -2182.574907751302], [-277.73326431069614, -2165.4316277510807], [-292.4760023803543, -2155.524147751179], [-309.6595911240691, -2145.6166677512774], [-324.89049932846916, -2136.711067751219], [-352.911465063733, -2128.1394277511085], [-357.98843446525746, -2126.5809477510884], [-385.03305993103737, -2124.7998277512347], [-388.25498282047306, -2124.577187751006], [-412.46822150450674, -2128.3620677513372], [-437.46253240426637, -2138.1582277511247], [-463.04264746564695, -2156.192067751075], [-482.37418480226097, -2177.008907751117], [-486.1819118533177, -2182.4635877511873], [-504.1465728125849, -2208.067187751009], [-529.6290538470864, -2245.9159877511584], [-532.9486107634011, -2250.9253877511665], [-551.4014418574104, -2278.310107751237], [-556.8689473666244, -2285.4345877510464], [-562.6293549568223, -2294.3401877511046], [-580.1058457813476, -2311.8174277512735], [-597.4847025788205, -2326.4003477512356], [-614.6682913223618, -2336.975747751033], [-632.9258543624395, -2348.2190677511217], [-667.3906658764013, -2369.815147751174], [-714.4502668672952, -2399.203627751327], [-733.4889021229254, -2410.8922277510824], [-755.3589241603019, -2424.473267751201], [-794.9007050759616, -2447.9617877512214], [-809.3505410648091, -2455.531547751093], [-825.3625214849352, -2460.9862277511634], [-849.1852240612793, -2467.5541077511916], [-876.4251175808172, -2471.5616277509607], [-922.5083783022274, -2476.571027750969], [-975.4260209103717, -2482.025707751039], [-980.6982583656542, -2482.69362775133], [-986.5562999829045, -2483.250227751111], [-995.4409964354858, -2484.2521077509546], [-1029.3200037878266, -2488.0369877512862], [-1142.7707431062288, -2500.1708677511037], [-1144.7234236451964, -2500.282187751218]]}, "properties": {"osm_id": null, "type": "footway", "width_m": 2, "extrude": false}}, {"type": "Feature", "geometry": {"type": "LineString", "coordinates": [[-592.3100991502434, -2088.509507751106], [-572.7832937598714, -2111.3301077512306], [-539.099554461462, -2087.0623477512004], [-535.5847294912159, -2086.7283877512523], [-526.0165948497879, -2083.3887877509833], [-517.6200685319487, -2088.7321477513347]]}, "properties": {"osm_id": null, "type": "footway", "width_m": 2, "extrude": false}}, {"type": "Feature", "geometry": {"type": "LineString", "coordinates": [[-350.7635164708337, -2117.4527077511966], [-357.695532384447, -2116.11686775101], [-362.47959970516104, -2112.331987751074], [-367.94710521437503, -2104.205627751026], [-369.2163475648429, -2104.7622277512023], [-372.9264405890205, -2106.432027751337], [-375.75782737059325, -2108.881067751086], [-375.6601933435408, -2113.890467751094], [-384.9354259039849, -2115.2263077512807], [-384.9354259039849, -2120.1243877511747], [-385.03305993103737, -2124.7998277512347], [-385.03305993103737, -2127.0262277511506], [-353.3996351984749, -2130.143187751191]]}, "properties": {"osm_id": null, "type": "footway", "width_m": 2, "extrude": false}}, {"type": "Feature", "geometry": {"type": "LineString", "coordinates": [[-517.6200685319487, -2088.7321477513347], [-470.65810156793367, -2148.177027751141]]}, "properties": {"osm_id": null, "type": "footway", "width_m": 2, "extrude": false}}, {"type": "Feature", "geometry": {"type": "LineString", "coordinates": [[-279.19777471492205, -2167.6580277509966], [-294.5263169463746, -2157.6392277509804], [-301.1654307791774, -2153.297747751263], [-310.9288334743635, -2147.3977877511306]]}, "properties": {"osm_id": null, "type": "footway", "width_m": 2, "extrude": false}}, {"type": "Feature", "geometry": {"type": "LineString", "coordinates": [[-310.9288334743635, -2147.3977877511306], [-325.28103543633216, -2138.8261477510205], [-345.5889130424302, -2131.812987751325], [-353.3996351984749, -2130.143187751191], [-352.911465063733, -2128.1394277511085], [-351.935124794249, -2122.907387751267], [-350.7635164708337, -2117.4527077511966], [-339.53560337142176, -2120.235707751289], [-319.6182618731866, -2126.692267751203], [-303.70391547993967, -2137.045027751167], [-306.92583836937536, -2141.6091477511127], [-309.6595911240691, -2145.6166677512774], [-310.9288334743635, -2147.3977877511306]]}, "properties": {"osm_id": null, "type": "footway", "width_m": 2, "extrude": false}}, {"type": "Feature", "geometry": {"type": "LineString", "coordinates": [[-246.49037568599667, -2173.7806277509626], [-272.1681247744297, -2157.082627751199], [-275.09714558288147, -2161.4241077513116], [-277.73326431069614, -2165.4316277510807], [-279.19777471492205, -2167.6580277509966], [-256.93721656985616, -2182.1296277512397]]}, "properties": {"osm_id": null, "type": "footway", "width_m": 2, "extrude": false}}, {"type": "Feature", "geometry": {"type": "LineString", "coordinates": [[-290.62095586826547, -2151.071347750952], [-292.4760023803543, -2155.524147751179], [-294.5263169463746, -2157.6392277509804], [-309.6595911240691, -2172.778747751119], [-322.0591125468964, -2178.4560677510226], [-382.2016731494646, -2192.259747750975], [-387.6691786586786, -2189.810707751226]]}, "properties": {"osm_id": null, "type": "residential", "width_m": 5, "extrude": false}}, {"type": "Feature", "geometry": {"type": "LineString", "coordinates": [[-385.03305993103737, -2127.0262277511506], [-400.6545042433004, -2128.3620677513372], [-411.29661318109135, -2130.8111077510866], [-429.7494442751006, -2136.933707751052], [-441.074991401565, -2143.0563077510183], [-457.2822398756224, -2153.6317077512113], [-468.6077870019134, -2163.984467751175], [-473.97765848442185, -2169.5504677509643], [-482.1789167483295, -2179.903227751324], [-484.91266950302327, -2183.9107477510934], [-485.6937417185757, -2185.1352677511654], [-491.7470513895841, -2194.263507751057], [-527.4811052541872, -2247.363147751064], [-529.6290538470864, -2245.9159877511584], [-533.0462447904537, -2243.6895877512425], [-537.6350440570628, -2240.572627751202], [-516.4484602085332, -2207.621907750947], [-492.2352215243261, -2172.333467751057], [-482.764720910124, -2160.9788277512494], [-470.65810156793367, -2148.177027751141], [-467.9243488134134, -2145.171387751215], [-448.9833475846622, -2131.701667751211], [-434.8264136766251, -2126.0243477513072], [-420.18130963384596, -2120.235707751289], [-401.43557645902627, -2115.2263077512807], [-388.25498282047306, -2115.8942277511765], [-384.9354259039849, -2115.2263077512807]]}, "properties": {"osm_id": null, "type": "footway", "width_m": 2, "extrude": false}}, {"type": "Feature", "geometry": {"type": "LineString", "coordinates": [[-1019.9471372005036, -2033.4061077510169], [-1020.1424052542615, -2031.7363077512778], [-1020.6305753891768, -2027.6174677509987], [-1021.4116476047293, -2021.0495877509704], [-1021.8021837125922, -2016.7081077512535], [-1021.9974517663502, -2015.3722677510668]]}, "properties": {"osm_id": null, "type": "footway", "width_m": 2, "extrude": false}}, {"type": "Feature", "geometry": {"type": "LineString", "coordinates": [[-1027.4649572757378, -2017.3760277511492], [-1026.7815190870645, -2021.8288277509805], [-1025.8051788175803, -2028.1740677511752], [-1025.121740628907, -2032.5155477512878]]}, "properties": {"osm_id": null, "type": "footway", "width_m": 2, "extrude": false}}, {"type": "Feature", "geometry": {"type": "LineString", "coordinates": [[-706.1513745765085, -2032.6268677510068], [-692.2873427492818, -2098.194347751174]]}, "properties": {"osm_id": null, "type": "service", "width_m": 3.5, "extrude": false}}, {"type": "Feature", "geometry": {"type": "LineString", "coordinates": [[-663.8758409061551, -2038.081547751077], [-662.2160624479977, -2047.2097877509689], [-676.763532463898, -2052.664467751039], [-668.9528103076797, -2113.2225477511984], [-667.4882999034537, -2124.7998277512347], [-665.242717283502, -2127.5828277513274], [-661.1420881514614, -2132.8148677511685]]}, "properties": {"osm_id": null, "type": "footway", "width_m": 2, "extrude": false}}, {"type": "Feature", "geometry": {"type": "LineString", "coordinates": [[-505.6110832168108, -1971.1782277511184], [-511.76202691487174, -1976.1876277511265], [-518.1082386666906, -1984.6479477511225], [-546.5197405098174, -2026.3929477513218], [-581.6679902124525, -2066.9134277510534], [-598.1681407674939, -2083.500107751098], [-612.910878837152, -2098.86226775107], [-640.1507723568634, -2119.0111877512168], [-661.1420881514614, -2132.8148677511685], [-679.3996511915392, -2144.6147877510384], [-682.2310379731118, -2146.3959077512873], [-707.6158849807344, -2159.7543077511773], [-746.2789596537892, -2174.5598677509724], [-801.8327209894014, -2191.480507750965], [-864.1232301848689, -2201.2766677511477], [-966.6389584846695, -2215.191667751214], [-1074.2316561858213, -2230.7764677510195], [-1078.7228214255513, -2231.3330677511963], [-1196.859994037615, -2246.138627750992], [-1224.8809597728787, -2249.0329477511987], [-1229.2744909857297, -2249.8121877512085], [-1233.277486090718, -2250.4801077511042], [-1236.6946770340853, -2251.036707751281]]}, "properties": {"osm_id": null, "type": "tertiary", "width_m": 7, "extrude": false}}, {"type": "Feature", "geometry": {"type": "LineString", "coordinates": [[-506.5874234862947, -1978.970627751219], [-512.0549289956822, -1984.091347750946], [-514.1052435617025, -1987.096987751267], [-540.173528757825, -2025.7250277510307], [-550.0345654800635, -2038.9721077512015], [-568.3897625470203, -2060.1229077511916], [-577.7626291345168, -2069.80774775126], [-584.6946450479568, -2077.043547751184], [-595.4343880128002, -2087.2849877510334], [-616.4257038073982, -2105.8754277511603], [-653.5266340491747, -2133.3714677509497], [-657.4319951272838, -2135.70918775098], [-696.29033785427, -2158.752427751334], [-705.3703023607827, -2162.871267751217], [-711.4236120317911, -2165.65426775131], [-727.0450563442275, -2172.778747751119], [-737.491897228087, -2176.897587751003], [-743.0570367643535, -2179.0126677511994], [-753.6991457021445, -2183.131507751083], [-795.3888752107034, -2196.378587751254], [-827.5104700778344, -2202.0559077511575], [-872.1292203950186, -2207.95586775129], [-1073.3529499432163, -2234.338707751122], [-1223.514083395532, -2254.0423477512068], [-1227.809980581504, -2254.598947750988]]}, "properties": {"osm_id": null, "type": "footway", "width_m": 2, "extrude": false}}, {"type": "Feature", "geometry": {"type": "LineString", "coordinates": [[-692.2873427492818, -2098.194347751174], [-681.74286783837, -2140.6072677512693], [-679.3996511915392, -2144.6147877510384]]}, "properties": {"osm_id": null, "type": "service", "width_m": 3.5, "extrude": false}}, {"type": "Feature", "geometry": {"type": "LineString", "coordinates": [[-1222.8306452068584, -2256.3800677512368], [-1148.7264187501846, -2246.9178677510017], [-1121.388891203594, -2243.466947751014], [-1030.491612111242, -2231.2217477510817], [-934.1268275095022, -2218.1973077511398], [-880.3304786589264, -2211.295467751164], [-830.1465888056491, -2204.2823077510734], [-808.3742007953252, -2201.2766677511477], [-797.4391897765503, -2198.827627751003], [-782.6964517068923, -2194.597467751005], [-741.2019902522646, -2181.573027751063], [-736.8084590394136, -2179.7919077512097], [-733.7818042039094, -2178.567387751137], [-730.1693452066107, -2176.897587751003], [-712.6928543822589, -2169.2165077510167], [-709.1780294120127, -2167.769347751111], [-703.7105239026254, -2165.3203077509665], [-697.3643121508064, -2162.203347751322], [-690.8228323448825, -2158.975067751167], [-654.991144453574, -2137.8242677511766], [-627.6536169069835, -2118.45458775104], [-613.1061468910835, -2106.543347751056], [-592.3100991502434, -2088.509507751106], [-575.5170465145651, -2071.588867751114], [-561.067210525544, -2055.558787751246], [-546.7150085637488, -2039.4173877512637], [-536.8539718415103, -2026.5042677510407], [-511.66439288781925, -1988.6554677512872]]}, "properties": {"osm_id": null, "type": "footway", "width_m": 2, "extrude": false}}, {"type": "Feature", "geometry": {"type": "LineString", "coordinates": [[-597.87523868651, -2062.01534775116], [-602.4640379532925, -2062.460627751222], [-600.3160893603932, -2080.3831477510575], [-602.8545740611554, -2083.2774677512643], [-616.4257038073982, -2095.856627751144], [-637.3193855752907, -2109.437667751263], [-665.242717283502, -2127.5828277513274], [-667.9764700381958, -2129.3639477511806], [-681.74286783837, -2140.6072677512693], [-683.5979143504587, -2142.1657477512895], [-698.9264565819112, -2150.960027751233], [-710.7401738431176, -2156.8599877509705], [-727.3379584250381, -2164.8750277512995], [-740.8114541444018, -2168.882547751069], [-803.6877675014902, -2188.808827750987], [-811.1079535498455, -2191.7031477511937], [-1069.5452228921597, -2226.7689477512504], [-1075.0127284013736, -2227.436867751146], [-1079.2109915602932, -2228.1047877510414], [-1087.314615797322, -2229.1066677512804], [-1139.7440882707244, -2236.23114775109]]}, "properties": {"osm_id": null, "type": "footway", "width_m": 2, "extrude": false}}, {"type": "Feature", "geometry": {"type": "LineString", "coordinates": [[-661.1420881514614, -2132.8148677511685], [-657.4319951272838, -2135.70918775098], [-654.991144453574, -2137.8242677511766], [-629.8015654998829, -2158.41846775099], [-626.8725446912578, -2168.1033077510588]]}, "properties": {"osm_id": null, "type": "service", "width_m": 3.5, "extrude": false}}, {"type": "Feature", "geometry": {"type": "LineString", "coordinates": [[-155.00729243184995, -2238.6801877512344], [-152.17590565027723, -2234.4500277512366], [-133.625440529389, -2206.8426677513326], [-94.2789276676608, -2148.399667750974]]}, "properties": {"osm_id": null, "type": "residential", "width_m": 5, "extrude": false}}, {"type": "Feature", "geometry": {"type": "LineString", "coordinates": [[-323.03545281638037, -2132.1469477512733], [-306.92583836937536, -2141.6091477511127], [-290.62095586826547, -2151.071347750952], [-275.09714558288147, -2161.4241077513116], [-248.9312263598799, -2178.9013477510853], [-234.2861223169274, -2188.9201477511015], [-222.17950297491052, -2196.601227751087], [-168.57842217826615, -2230.1085477511238], [-155.00729243184995, -2238.6801877512344], [-143.77937933243803, -2246.027307751273], [-116.0513156779847, -2264.172467751337]]}, "properties": {"osm_id": null, "type": "tertiary", "width_m": 7, "extrude": false}}, {"type": "Feature", "geometry": {"type": "LineString", "coordinates": [[-165.94230345045142, -2226.1010277509595], [-171.70271104064938, -2220.868987751118], [-199.33314066822368, -2203.28042775123], [-224.03454948699934, -2187.8069477511435], [-225.98723002614062, -2186.582427751071], [-230.86893137373366, -2183.5767877511453], [-234.3837563439798, -2181.35038775123], [-246.49037568599667, -2173.7806277509626], [-248.9312263598799, -2178.9013477510853]]}, "properties": {"osm_id": null, "type": "footway", "width_m": 2, "extrude": false}}, {"type": "Feature", "geometry": {"type": "LineString", "coordinates": [[-488.9156646080114, -2179.123987751314], [-486.1819118533177, -2182.4635877511873], [-484.91266950302327, -2183.9107477510934], [-480.1286021823093, -2189.5880677509967], [-454.4508530938763, -2221.7595477512423]]}, "properties": {"osm_id": null, "type": "service", "width_m": 3.5, "extrude": false}}, {"type": "Feature", "geometry": {"type": "LineString", "coordinates": [[-278.0261663915067, -2229.774587751176], [-256.93721656985616, -2182.1296277512397], [-252.2507832761946, -2182.574907751302], [-248.9312263598799, -2178.9013477510853]]}, "properties": {"osm_id": null, "type": "footway", "width_m": 2, "extrude": false}}, {"type": "Feature", "geometry": {"type": "LineString", "coordinates": [[-452.2052704740979, -2227.2142277513126], [-485.6937417185757, -2185.1352677511654]]}, "properties": {"osm_id": null, "type": "footway", "width_m": 2, "extrude": false}}, {"type": "Feature", "geometry": {"type": "LineString", "coordinates": [[-256.93721656985616, -2182.1296277512397], [-172.58141728325427, -2236.23114775109]]}, "properties": {"osm_id": null, "type": "footway", "width_m": 2, "extrude": false}}, {"type": "Feature", "geometry": {"type": "LineString", "coordinates": [[-371.85246629248417, -2234.6726677510696], [-376.05072945140375, -2231.444387751311], [-379.1750183139604, -2216.4161877512865], [-383.47091549975903, -2196.9351877510353], [-382.2016731494646, -2192.259747750975]]}, "properties": {"osm_id": null, "type": "footway", "width_m": 2, "extrude": false}}, {"type": "Feature", "geometry": {"type": "LineString", "coordinates": [[-545.54340024016, -2261.500787750964], [-550.718003668737, -2258.16118775109], [-615.4493635379143, -2205.61814775126]]}, "properties": {"osm_id": null, "type": "residential", "width_m": 5, "extrude": false}}, {"type": "Feature", "geometry": {"type": "LineString", "coordinates": [[-140.85035852381284, -2241.463187751327], [-152.17590565027723, -2234.4500277512366], [-165.94230345045142, -2226.1010277509595], [-168.57842217826615, -2230.1085477511238], [-171.1169068790284, -2234.0047477511744], [-172.58141728325427, -2236.23114775109], [-147.78237443742614, -2252.0385877511244]]}, "properties": {"osm_id": null, "type": "footway", "width_m": 2, "extrude": false}}, {"type": "Feature", "geometry": {"type": "LineString", "coordinates": [[-697.3643121508064, -2162.203347751322], [-697.5595802045644, -2166.7674677512678], [-695.9974357734595, -2170.5523477512033], [-686.624569185963, -2183.5767877511453], [-670.026784604216, -2207.17662775128], [-657.0414590195943, -2225.7670677510114], [-653.8195361301586, -2230.9991077512486], [-646.0088139739404, -2242.799027751118], [-641.7129167879683, -2248.365027751303], [-614.4730232684303, -2285.211947751213], [-606.2717650045226, -2291.2232277510648]]}, "properties": {"osm_id": null, "type": "footway", "width_m": 2, "extrude": false}}, {"type": "Feature", "geometry": {"type": "LineString", "coordinates": [[-707.6158849807344, -2159.7543077511773], [-705.3703023607827, -2162.871267751217], [-703.7105239026254, -2165.3203077509665], [-616.4257038073982, -2287.6609877509622], [-609.9818580287002, -2294.2288677509905], [-607.4433733279379, -2297.5684677512595], [-596.801264390147, -2303.245787751163]]}, "properties": {"osm_id": null, "type": "residential", "width_m": 5, "extrude": false}}, {"type": "Feature", "geometry": {"type": "LineString", "coordinates": [[-611.8369045407891, -2301.0193877512475], [-614.3753892413779, -2298.0137477513217], [-623.3577197210116, -2286.770427751233], [-681.6452338114909, -2203.391747750949], [-701.8554773905365, -2174.7825077512016], [-709.1780294120127, -2167.769347751111], [-711.4236120317911, -2165.65426775131]]}, "properties": {"osm_id": null, "type": "footway", "width_m": 2, "extrude": false}}, {"type": "Feature", "geometry": {"type": "LineString", "coordinates": [[-616.0351676997087, -2299.4609077512273], [-630.1921016077458, -2279.6459477510284], [-661.0444541245824, -2235.0066277510177], [-679.7901872994021, -2208.1785077511236], [-703.2223537678833, -2175.8957077511595], [-708.0064210885973, -2171.3315877512136], [-712.6928543822589, -2169.2165077510167]]}, "properties": {"osm_id": null, "type": "footway", "width_m": 2, "extrude": false}}, {"type": "Feature", "geometry": {"type": "LineString", "coordinates": [[-706.1513745765085, -2311.594787751045], [-706.8348127650085, -2308.589147751119], [-736.8084590394136, -2179.7919077512097], [-737.491897228087, -2176.897587751003]]}, "properties": {"osm_id": null, "type": "footway", "width_m": 2, "extrude": false}}, {"type": "Feature", "geometry": {"type": "LineString", "coordinates": [[-733.7818042039094, -2178.567387751137], [-734.172340311599, -2185.24658775128], [-705.1750343068512, -2308.143867751057], [-704.2963280644198, -2312.2627077513357], [-702.148379471347, -2314.934387751314]]}, "properties": {"osm_id": null, "type": "footway", "width_m": 2, "extrude": false}}, {"type": "Feature", "geometry": {"type": "LineString", "coordinates": [[-707.9087870615449, -2320.055107751041], [-709.7638335736337, -2312.596667751284], [-710.5449057891863, -2309.5910277509624], [-741.2019902522646, -2181.573027751063], [-743.0570367643535, -2179.0126677511994], [-746.2789596537892, -2174.5598677509724]]}, "properties": {"osm_id": null, "type": "residential", "width_m": 5, "extrude": false}}, {"type": "Feature", "geometry": {"type": "LineString", "coordinates": [[-1162.6880846044637, -2497.721827750959], [-1145.40686183387, -2495.9407077511055], [-1143.2589132409707, -2495.718067751272], [-995.9291665702277, -2480.2445877511855], [-986.9468360905942, -2479.354027751061], [-976.4999952067345, -2478.240827751103], [-876.8156536886802, -2467.2201477512435], [-860.7060392415017, -2464.993747751328], [-845.3774970100493, -2462.3220677509544], [-826.5341298083505, -2457.423987751061], [-812.3771959003134, -2452.303267751334], [-796.5604835341189, -2444.844827751181], [-758.1903109418746, -2421.244987751046], [-735.7344847428772, -2406.8847077513133], [-616.4257038073982, -2333.413507751326], [-604.0261823845709, -2325.3984677509966], [-591.919563042554, -2317.2721077509486], [-576.8839228919119, -2303.02314775133], [-568.2921285201412, -2293.672267751209], [-560.1885042831125, -2283.319507751245], [-554.7209987737251, -2276.1950277510405], [-545.54340024016, -2261.500787750964], [-533.0462447904537, -2243.6895877512425], [-522.0135997447998, -2227.3255477510315], [-500.63174784233877, -2195.4880277511293], [-488.9156646080114, -2179.123987751314], [-479.1522619128254, -2165.4316277510807], [-467.1432765976875, -2152.6298277509723], [-458.5514822259168, -2146.284587751173], [-446.6401309378315, -2138.603507751187], [-431.9950268948789, -2131.1450677510343], [-416.7641186904788, -2125.133787751183], [-404.65749934846195, -2122.4621077512047], [-384.9354259039849, -2120.1243877511747], [-378.88211623297644, -2119.7904277512266], [-359.35531084260435, -2121.682867751195], [-357.5002643305155, -2122.0168277511425], [-351.935124794249, -2122.907387751267], [-336.99711867065946, -2126.803587751317], [-323.03545281638037, -2132.1469477512733]]}, "properties": {"osm_id": null, "type": "tertiary", "width_m": 7, "extrude": false}}, {"type": "Feature", "geometry": {"type": "LineString", "coordinates": [[-1193.345169067369, -2371.150987750965], [-1189.7327100700702, -2370.9283477511317], [-1175.087606027291, -2370.0377877510073], [-1092.098683118036, -2360.018987750991], [-1036.7401898361818, -2353.339787751244], [-1019.7518691465718, -2351.447347751276], [-1004.9114970498614, -2349.777547751142], [-727.728494532901, -2319.0532277511975], [-714.0597307596057, -2317.4947477511773], [-713.1810245170009, -2315.8249477510426], [-713.4739265978114, -2313.598547751127], [-709.7638335736337, -2312.596667751284], [-706.1513745765085, -2311.594787751045], [-705.0774002799722, -2313.7098677512413], [-701.8554773905365, -2315.936267751157], [-613.1061468910835, -2306.251427751089], [-611.5440024598051, -2304.1363477512878], [-611.8369045407891, -2301.0193877512475], [-607.4433733279379, -2297.5684677512595], [-602.9522080880346, -2293.8949077510424], [-598.2657747943729, -2295.6760277512913], [-587.13549572184, -2295.564707751177], [-575.4194124875127, -2293.0043477513136], [-569.0732007356937, -2287.9949477513055], [-563.5080611994272, -2281.0931077513296], [-560.1885042831125, -2283.319507751245], [-556.8689473666244, -2285.4345877510464]]}, "properties": {"osm_id": null, "type": "footway", "width_m": 2, "extrude": false}}, {"type": "Feature", "geometry": {"type": "LineString", "coordinates": [[-1093.6608275493143, -2689.86014775112], [-1100.4952094358753, -2670.713107751212], [-1118.264602341211, -2613.271987751093], [-1120.7054530149207, -2605.2569477511593], [-1122.0723293922676, -2596.907947751278], [-1125.8800564434978, -2586.777827751147], [-1128.41854114426, -2578.428827751265], [-1147.945346534632, -2513.751907751222], [-1148.5311506962532, -2512.0821077510877], [-1148.921686804116, -2506.850067751246], [-1147.7500784807007, -2504.4010277511015], [-1145.504495860749, -2503.0651877513105], [-1142.3802069983658, -2502.397267751019], [-1142.7707431062288, -2500.1708677511037], [-1143.2589132409707, -2495.718067751272], [-1144.918691699128, -2490.2633877512017], [-1143.3565472678495, -2483.806827751288], [-1157.8063832568707, -2479.0200677511134], [-1183.288864291199, -2392.635747751299], [-1187.194225369308, -2379.8339477511904], [-1188.8540038274652, -2373.9339877510574], [-1189.7327100700702, -2370.9283477511317], [-1190.1232461779332, -2369.369867751112], [-1195.7860197410787, -2352.2265877512864], [-1203.108571762555, -2325.1758277511635], [-1218.4371139940074, -2271.6309077510946], [-1222.8306452068584, -2256.3800677512368], [-1223.514083395532, -2254.0423477512068], [-1224.8809597728787, -2249.0329477511987], [-1227.419444473641, -2243.8009077509614], [-1240.1118679774522, -2201.9445877510434], [-1251.9255852386586, -2163.2052277511652], [-1276.3340919766238, -2083.0548277510356], [-1278.2867725155918, -2076.1529877510598], [-1278.1891384887126, -2073.926587751144], [-1277.6033343269182, -2071.3662277512803], [-1275.845921841882, -2069.4737877513126], [-1273.1121690871882, -2067.9153077512924], [-1268.8162719013894, -2066.8021077513345], [-1237.085213141948, -2062.7945877511697], [-1160.3448679574594, -2052.7757877511535], [-1146.9690062651482, -2050.9946677513003], [-1136.71743343522, -2049.43618775128], [-1132.0310001413852, -2048.768267750989], [-1125.5871543625137, -2047.989027750979], [-1116.4095558291222, -2046.875827751021], [-1058.0244077117636, -2038.5268277511393], [-1019.9471372005036, -2033.4061077510169], [-933.9315594555707, -2021.8288277509805], [-831.708733236754, -2007.6911877510806], [-774.1046573351215, -1999.7874677512614], [-714.6455349212267, -1992.5516677513374], [-711.6188800857226, -1992.1063877512752], [-688.6748837519833, -1990.659227750974], [-665.9261554721754, -1986.9856677511527], [-641.3223806802788, -1983.0894677511023], [-609.2007858129745, -1978.3027077513232], [-599.8279192256513, -1976.855547751022], [-585.7686193444931, -1974.183867751044], [-556.087875151072, -1969.7310677512128], [-537.8303121109942, -1967.2820277510682], [-523.3804761221465, -1965.612227751329], [-517.8153365858801, -1974.406507751273], [-518.0106046398116, -1977.523467751313], [-521.2325275292474, -1982.3102277510925], [-549.0582252105796, -2021.8288277509805], [-553.0612203155678, -2027.5061477512797], [-557.4547515284188, -2033.072147751069], [-570.8306132209035, -2049.9927877510613], [-584.6946450479568, -2065.0209877510856]]}, "properties": {"osm_id": null, "type": "footway", "width_m": 2, "extrude": false}}, {"type": "Feature", "geometry": {"type": "LineString", "coordinates": [[-608.9078837321639, -2309.702347751077], [-616.7186058883822, -2310.5929077512014], [-707.9087870615449, -2320.055107751041], [-1004.5209609419985, -2354.3416677510877], [-1016.9204823649992, -2355.7888277509933]]}, "properties": {"osm_id": null, "type": "residential", "width_m": 5, "extrude": false}}, {"type": "Feature", "geometry": {"type": "LineString", "coordinates": [[-705.1750343068512, -2308.143867751057], [-706.8348127650085, -2308.589147751119], [-710.5449057891863, -2309.5910277509624], [-713.3762925709323, -2310.481587751087], [-715.0360710290897, -2315.6023077512095], [-1005.0091310767405, -2348.775667751298], [-1004.9114970498614, -2349.777547751142], [-1004.5209609419985, -2354.3416677510877], [-1004.1304248341355, -2357.569947751242], [-715.0360710290897, -2324.507907751268], [-712.4975863283275, -2325.509787751111], [-710.5449057891863, -2329.4059877511613], [-706.7371787381295, -2328.7380677512656], [-702.9294516870729, -2328.404107751318], [-702.8318176600204, -2324.7305477511013], [-700.8791371210525, -2322.9494277512476]]}, "properties": {"osm_id": null, "type": "footway", "width_m": 2, "extrude": false}}, {"type": "Feature", "geometry": {"type": "LineString", "coordinates": [[-707.9087870615449, -2320.055107751041], [-706.7371787381295, -2328.7380677512656], [-707.5182509536819, -2345.436067751029], [-713.5715606248639, -2354.898267751264], [-723.8231334547919, -2362.8019877510837], [-817.6494333557694, -2395.6413877512246]]}, "properties": {"osm_id": null, "type": "residential", "width_m": 5, "extrude": false}}, {"type": "Feature", "geometry": {"type": "LineString", "coordinates": [[-613.3014149450149, -2339.536107751292], [-679.3020171646601, -2379.8339477511904], [-732.5125618534416, -2412.78466775105], [-733.4889021229254, -2410.8922277510824], [-735.7344847428772, -2406.8847077513133], [-738.3706034706919, -2401.7639877511906], [-645.9111799470613, -2343.877587751009], [-618.9641885081604, -2329.0720277512137]]}, "properties": {"osm_id": null, "type": "footway", "width_m": 2, "extrude": false}}, {"type": "Feature", "geometry": {"type": "LineString", "coordinates": [[-1010.1837345051439, -2406.105467751303], [-1011.3553428287328, -2401.7639877511906], [-1012.5269511521481, -2397.4225077510782], [-1009.2073942356601, -2393.7489477512568], [-1018.3849927692252, -2362.2453877513026], [-1022.0950857934027, -2360.018987750991], [-1027.0744211678748, -2359.907667751272], [-1091.5128789562416, -2367.4774277511438], [-1091.8057810372256, -2363.35858775126], [-1092.098683118036, -2360.018987750991], [-1092.196317144915, -2358.5718277510855], [-1079.6991616950352, -2357.2359877512945], [-1078.429919344741, -2354.6756277510353], [-1065.34695973324, -2352.8945077511817], [-1063.1990111401674, -2354.898267751264], [-1005.4973012114824, -2348.775667751298], [-1005.0091310767405, -2348.775667751298]]}, "properties": {"osm_id": null, "type": "footway", "width_m": 2, "extrude": false}}, {"type": "Feature", "geometry": {"type": "LineString", "coordinates": [[-1004.1304248341355, -2357.569947751242], [-1008.4263220201076, -2360.4642677510533], [-1009.109760208781, -2363.469907750979], [-975.1331188293879, -2473.676707751157]]}, "properties": {"osm_id": null, "type": "footway", "width_m": 2, "extrude": false}}, {"type": "Feature", "geometry": {"type": "LineString", "coordinates": [[-986.5562999829045, -2483.250227751111], [-986.9468360905942, -2479.354027751061], [-987.4350062253361, -2474.678587751001], [-984.9941555516264, -2472.8974677511474], [-983.6272791742795, -2471.895587751304], [-1005.3996671846033, -2401.096067751295], [-1017.3110184726888, -2362.2453877513026], [-1018.6778948500357, -2356.011467751222], [-1019.7518691465718, -2351.447347751276]]}, "properties": {"osm_id": null, "type": "footway", "width_m": 2, "extrude": false}}, {"type": "Feature", "geometry": {"type": "LineString", "coordinates": [[-738.3706034706919, -2401.7639877511906], [-791.3858801055419, -2433.712827751207], [-808.0812987143413, -2442.9523877512133], [-828.2915422935604, -2451.635347751043], [-859.0462607833445, -2459.427747751143], [-894.2921445130321, -2462.6560277512976], [-975.1331188293879, -2473.676707751157], [-977.7692375572024, -2474.0106677511053], [-983.92018125509, -2474.789907751115], [-984.9941555516264, -2472.8974677511474], [-985.3846916593158, -2472.2295477512516]]}, "properties": {"osm_id": null, "type": "footway", "width_m": 2, "extrude": false}}, {"type": "Feature", "geometry": {"type": "LineString", "coordinates": [[-758.1903109418746, -2421.244987751046], [-755.3589241603019, -2424.473267751201], [-725.7758139937597, -2462.6560277512976], [-703.7105239026254, -2490.486027751035]]}, "properties": {"osm_id": null, "type": "residential", "width_m": 5, "extrude": false}}, {"type": "Feature", "geometry": {"type": "LineString", "coordinates": [[-948.1861273906603, -2579.9873077512852], [-975.4260209103717, -2482.025707751039], [-976.4999952067345, -2478.240827751103], [-977.7692375572024, -2474.0106677511053], [-1000.8108679178208, -2400.539467751118], [-1010.5742706130068, -2365.584987751176], [-1016.9204823649992, -2355.7888277509933]]}, "properties": {"osm_id": null, "type": "residential", "width_m": 5, "extrude": false}}, {"type": "Feature", "geometry": {"type": "LineString", "coordinates": [[-725.7758139937597, -2462.6560277512976], [-766.9773733675768, -2486.9237877513283]]}, "properties": {"osm_id": null, "type": "residential", "width_m": 5, "extrude": false}}, {"type": "Feature", "geometry": {"type": "LineString", "coordinates": [[-996.6126047589013, -2474.233307751334], [-995.9291665702277, -2480.2445877511855], [-995.4409964354858, -2484.2521077509546], [-995.1480943546752, -2486.8124677512137]]}, "properties": {"osm_id": null, "type": "footway", "width_m": 2, "extrude": false}}, {"type": "Feature", "geometry": {"type": "LineString", "coordinates": [[-826.5341298083505, -2457.423987751061], [-825.3625214849352, -2460.9862277511634], [-810.0339792534826, -2504.512347751216]]}, "properties": {"osm_id": null, "type": "residential", "width_m": 5, "extrude": false}}, {"type": "Feature", "geometry": {"type": "LineString", "coordinates": [[-766.9773733675768, -2486.9237877513283], [-764.0483525589516, -2495.9407077511055]]}, "properties": {"osm_id": null, "type": "footway", "width_m": 2, "extrude": false}}, {"type": "Feature", "geometry": {"type": "LineString", "coordinates": [[-713.1810245170009, -2514.308507751003], [-715.7195092177631, -2503.399147751258], [-713.4739265978114, -2498.946347751031], [-703.7105239026254, -2490.486027751035]]}, "properties": {"osm_id": null, "type": "footway", "width_m": 2, "extrude": false}}, {"type": "Feature", "geometry": {"type": "LineString", "coordinates": [[-810.0339792534826, -2504.512347751216], [-814.5251444932127, -2505.848187751007], [-813.6464382506078, -2514.4198277511177]]}, "properties": {"osm_id": null, "type": "footway", "width_m": 2, "extrude": false}}, {"type": "Feature", "geometry": {"type": "LineString", "coordinates": [[-948.1861273906603, -2579.9873077512852], [-954.4347051156003, -2568.521347750968], [-980.6982583656542, -2482.69362775133]]}, "properties": {"osm_id": null, "type": "footway", "width_m": 2, "extrude": false}}, {"type": "Feature", "geometry": {"type": "LineString", "coordinates": [[-948.1861273906603, -2579.9873077512852], [-899.564381968488, -2574.6439477513295], [-890.5820514888544, -2573.6420677510905]]}, "properties": {"osm_id": null, "type": "residential", "width_m": 5, "extrude": false}}, {"type": "Feature", "geometry": {"type": "LineString", "coordinates": [[-899.564381968488, -2574.6439477513295], [-899.2714798876776, -2578.6514677510986], [-884.7240098717774, -2577.6495877512552], [-883.8453036291726, -2596.2400277509864], [-872.3244884489501, -2595.5721077510907]]}, "properties": {"osm_id": null, "type": "footway", "width_m": 2, "extrude": false}}, {"type": "Feature", "geometry": {"type": "LineString", "coordinates": [[-1132.812072357111, -2598.689067751131], [-1125.1966182548244, -2597.3532277509444], [-1122.0723293922676, -2596.907947751278], [-975.0354848025088, -2582.881627751097], [-948.1861273906603, -2579.9873077512852]]}, "properties": {"osm_id": null, "type": "residential", "width_m": 5, "extrude": false}}, {"type": "Feature", "geometry": {"type": "LineString", "coordinates": [[-1387.7345167290055, -2267.8460277511585], [-1514.658751766598, -2285.1006277510987], [-1514.170581631856, -2288.8855077510343], [-1513.5847774702352, -2294.2288677509905]]}, "properties": {"osm_id": null, "type": "footway", "width_m": 2, "extrude": false}}, {"type": "Feature", "geometry": {"type": "LineString", "coordinates": [[-1514.658751766598, -2285.1006277510987], [-1522.0789378149534, -2285.8798677511086], [-1525.20322667751, -2282.874227751183], [-1526.7653711087883, -2276.3063477511546], [-1530.963634267708, -2277.085587751165], [-1535.7477015882484, -2277.8648277511747]]}, "properties": {"osm_id": null, "type": "footway", "width_m": 2, "extrude": false}}, {"type": "Feature", "geometry": {"type": "LineString", "coordinates": [[-1504.1142768558595, -2120.7923077510704], [-1517.1972364673604, -2139.160107750968], [-1527.0582731895988, -2153.0751077510345], [-1536.5287738039744, -2178.0107877509604], [-1540.1412328010995, -2203.7257077512922], [-1538.4814543429422, -2228.9953477511663], [-1530.963634267708, -2277.085587751165], [-1528.8156856748087, -2290.777947751002], [-1507.1409316913637, -2388.8508677509676], [-1502.552132424581, -2409.66770775101], [-1479.9010381716523, -2512.1934277512023], [-1475.214604877991, -2533.5668677510257]]}, "properties": {"osm_id": null, "type": "residential", "width_m": 5, "extrude": false}}, {"type": "Feature", "geometry": {"type": "LineString", "coordinates": [[-2009.8585364676078, -2168.7712277509545], [-1951.9615584849917, -2216.1935477510574], [-1883.617739618689, -2259.3857077511625], [-1679.2697212079347, -2401.7639877511906], [-1670.677926836164, -2433.6015077510924], [-1668.3347101893332, -2490.5973477511498]]}, "properties": {"osm_id": null, "type": "track", "width_m": 3, "extrude": false}}, {"type": "Feature", "geometry": {"type": "LineString", "coordinates": [[-1596.7689684334216, -2298.3477077512694], [-1568.6503686711053, -2386.1791877509895], [-1559.765672218524, -2412.8959877511647]]}, "properties": {"osm_id": null, "type": "footway", "width_m": 2, "extrude": false}}, {"type": "Feature", "geometry": {"type": "LineString", "coordinates": [[-1553.7123625475156, -2411.671467751092], [-1559.765672218524, -2412.8959877511647], [-1646.5623221790092, -2431.931707750958], [-1653.6896061463808, -2433.4901877509783], [-1662.2814005181515, -2430.1505877511045], [-1664.2340810572928, -2420.9110277510986], [-1666.2843956233128, -2387.2923877509475], [-1667.8465400544178, -2369.815147751174], [-1669.2134164317647, -2354.6756277510353], [-1666.4796636772444, -2340.5379877511355], [-1658.0831373592318, -2318.3853077513018], [-1654.3730443350541, -2315.2683477512614], [-1649.4913429874612, -2313.932507751075], [-1605.4583968320712, -2300.128827751123], [-1596.7689684334216, -2298.3477077512694], [-1590.5203907084817, -2297.0118677510827]]}, "properties": {"osm_id": null, "type": "service", "width_m": 3.5, "extrude": false}}, {"type": "Feature", "geometry": {"type": "LineString", "coordinates": [[-2425.877125310593, -2276.3063477511546], [-2440.8151314341826, -2274.7478677511344], [-2449.211657752022, -2274.7478677511344], [-2466.0047103878737, -2276.0837077513215], [-2480.4545463767213, -2279.0893477512473], [-2491.194289341391, -2282.9855477512974], [-2507.2062697615174, -2291.4458677512935], [-2559.0499380731253, -2370.4830677510695], [-2577.4051351400817, -2419.129907751245], [-2578.9672795713605, -2485.1426677510794]]}, "properties": {"osm_id": null, "type": "track", "width_m": 3, "extrude": false}}, {"type": "Feature", "geometry": {"type": "LineString", "coordinates": [[-1546.585078579971, -2378.8320677509514], [-1552.1502181162375, -2380.2792277512526], [-1561.9136208114235, -2383.9527877510736], [-1568.6503686711053, -2386.1791877509895]]}, "properties": {"osm_id": null, "type": "footway", "width_m": 2, "extrude": false}}, {"type": "Feature", "geometry": {"type": "LineString", "coordinates": [[-1502.6497664516337, -2388.0716277509573], [-1507.1409316913637, -2388.8508677509676], [-1511.4368288773358, -2390.0753877510397]]}, "properties": {"osm_id": null, "type": "footway", "width_m": 2, "extrude": false}}, {"type": "Feature", "geometry": {"type": "LineString", "coordinates": [[-1502.552132424581, -2409.66770775101], [-1535.9429696421798, -2413.118627750998], [-1541.117573070757, -2413.6752277511746]]}, "properties": {"osm_id": null, "type": "residential", "width_m": 5, "extrude": false}}, {"type": "Feature", "geometry": {"type": "LineString", "coordinates": [[-1162.6880846044637, -2497.721827750959], [-1165.421837358984, -2488.927547751015], [-1167.8626880328673, -2480.8011877509666], [-1193.6380711481793, -2395.53006775111], [-1199.6913808191878, -2375.7151077513067], [-1205.7446904901963, -2355.232227751212], [-1213.9459487542774, -2327.624867751308], [-1229.665027093593, -2274.859187751249], [-1236.6946770340853, -2251.036707751281]]}, "properties": {"osm_id": null, "type": "tertiary", "width_m": 7, "extrude": false}}, {"type": "Feature", "geometry": {"type": "LineString", "coordinates": [[-1199.6913808191878, -2375.7151077513067], [-1207.5997370022849, -2377.1622677512123], [-1343.213400438874, -2391.63386775106], [-1373.7728508747266, -2394.6395077509856], [-1491.6171214059798, -2407.775267751042], [-1502.552132424581, -2409.66770775101]]}, "properties": {"osm_id": null, "type": "residential", "width_m": 5, "extrude": false}}, {"type": "Feature", "geometry": {"type": "LineString", "coordinates": [[-1201.155891223587, -2397.9791077512546], [-1193.6380711481793, -2395.53006775111], [-1186.608421207687, -2393.5263077510276], [-1183.288864291199, -2392.635747751299]]}, "properties": {"osm_id": null, "type": "footway", "width_m": 2, "extrude": false}}, {"type": "Feature", "geometry": {"type": "LineString", "coordinates": [[-1305.624300062182, -2037.302307751067], [-1301.6213049571938, -2039.194747751035], [-1294.884557097512, -2037.1909877509527], [-1291.0768300464554, -2036.3004277512237], [-1290.2957578307296, -2039.6400277510973], [-1288.4407113186408, -2041.9777477511273], [-1283.9495460789108, -2044.2041477510431], [-1281.313427351096, -2046.096587751011], [-1278.2867725155918, -2049.43618775128], [-1275.4553857340188, -2051.1059877510193], [-1275.35775170714, -2055.336147751017], [-1273.990875329793, -2062.460627751222], [-1273.4050711679988, -2065.91154775121], [-1276.9198961384182, -2067.247387751001], [-1279.458380839007, -2069.80774775126], [-1280.7276231894748, -2073.258667751248], [-1280.4347211086645, -2076.9322277510696], [-1278.3844065426442, -2083.94538775116], [-1254.659337993179, -2163.984467751175], [-1235.8159707914804, -2227.659507750979], [-1229.2744909857297, -2249.8121877512085], [-1227.809980581504, -2254.598947750988], [-1222.537743126048, -2272.8554277511666], [-1206.9162988136115, -2326.2890277511215], [-1198.8126745765828, -2353.117147751015], [-1193.345169067369, -2371.150987750965], [-1192.3688287978848, -2374.37926775112], [-1186.608421207687, -2393.5263077510276], [-1160.6377700384435, -2479.57666775129], [-1158.5874554724232, -2486.3671877511515], [-1154.096290232693, -2489.2615077509627], [-1149.8980270736001, -2492.712427750951], [-1145.8950319686119, -2492.4897877511175], [-1145.40686183387, -2495.9407077511055], [-1144.7234236451964, -2500.282187751218], [-1149.0193208311684, -2500.9501077511136], [-1150.8743673432573, -2502.2859477513002], [-1151.8507076127414, -2504.4010277511015], [-1152.0459756666728, -2506.6274277510174], [-1149.8980270736001, -2514.08586775117], [-1130.5664897371591, -2579.096747751161], [-1125.1966182548244, -2597.3532277509444], [-1120.3149169072312, -2613.7172677511553], [-1103.6194982984318, -2671.7149877510556], [-1097.7614566811815, -2690.0827877509537], [-1079.5038936412773, -2744.7409077509806], [-1071.9860735658694, -2769.676587751302]]}, "properties": {"osm_id": null, "type": "footway", "width_m": 2, "extrude": false}}, {"type": "Feature", "geometry": {"type": "LineString", "coordinates": [[-1000.8108679178208, -2400.539467751118], [-1005.3996671846033, -2401.096067751295], [-1011.3553428287328, -2401.7639877511906], [-1112.2112926702025, -2414.454467751185]]}, "properties": {"osm_id": null, "type": "residential", "width_m": 5, "extrude": false}}, {"type": "Feature", "geometry": {"type": "LineString", "coordinates": [[-1335.2074102287243, -2412.0054277510403], [-1339.6985754684542, -2412.339387750988], [-1344.2873747352369, -2412.4507077511025]]}, "properties": {"osm_id": null, "type": "footway", "width_m": 2, "extrude": false}}, {"type": "Feature", "geometry": {"type": "LineString", "coordinates": [[-1205.8423245172487, -2382.839587751116], [-1210.5287578109103, -2381.0584677512625], [-1216.6797015089712, -2381.0584677512625], [-1334.0358019053087, -2395.418747750996], [-1335.6955803634662, -2395.864027751058], [-1336.964822713934, -2397.1998677512447], [-1337.3553588216237, -2399.871547751223], [-1335.2074102287243, -2412.0054277510403], [-1317.047481215699, -2508.6311877511]]}, "properties": {"osm_id": null, "type": "footway", "width_m": 2, "extrude": false}}, {"type": "Feature", "geometry": {"type": "LineString", "coordinates": [[-1094.051363657004, -2420.799707750984], [-1057.536237577022, -2417.0148277510484], [-1053.7285105257918, -2411.114867751311], [-1013.991461556374, -2406.55074775097], [-1010.1837345051439, -2406.105467751303], [-1008.133419939297, -2405.8828277510743], [-1005.4973012114824, -2407.218667751261], [-1003.9351567803774, -2408.999787751114], [-985.3846916593158, -2472.2295477512516], [-996.6126047589013, -2474.233307751334], [-1144.918691699128, -2490.2633877512017]]}, "properties": {"osm_id": null, "type": "footway", "width_m": 2, "extrude": false}}, {"type": "Feature", "geometry": {"type": "LineString", "coordinates": [[-1320.171770078082, -2516.3122677510855], [-1321.538646455429, -2509.187787751276], [-1331.8878533124093, -2454.418347751135], [-1339.6985754684542, -2412.339387750988], [-1343.213400438874, -2391.63386775106]]}, "properties": {"osm_id": null, "type": "residential", "width_m": 5, "extrude": false}}, {"type": "Feature", "geometry": {"type": "LineString", "coordinates": [[-1331.8878533124093, -2454.418347751135], [-1343.213400438874, -2455.642867751207], [-1451.8800724365622, -2467.442787751077]]}, "properties": {"osm_id": null, "type": "residential", "width_m": 5, "extrude": false}}, {"type": "Feature", "geometry": {"type": "LineString", "coordinates": [[-1495.1319463762259, -2464.3258277510367], [-1498.8420394004036, -2465.4390277509947], [-1501.7710602090287, -2470.7823877509504], [-1503.7237407479965, -2474.789907751115], [-1504.9929830984645, -2479.57666775129], [-1504.1142768558595, -2484.8087077511314], [-1502.942668532444, -2488.2596277511193], [-1504.1142768558595, -2493.2690277511274], [-1508.4101740416581, -2498.0557877513024]]}, "properties": {"osm_id": null, "type": "footway", "width_m": 2, "extrude": false}}, {"type": "Feature", "geometry": {"type": "LineString", "coordinates": [[-1621.7632793331811, -2160.7561877510207], [-1552.1502181162375, -2380.2792277512526], [-1541.117573070757, -2413.6752277511746], [-1454.4185571371506, -2688.190347750986], [-1451.587170355578, -2700.769507751261], [-1440.5545253100975, -2761.995507751316], [-1436.2586281241256, -2784.9274277511595], [-1433.1343392617423, -2796.170747751248], [-1428.9360761028227, -2807.3027477512223]]}, "properties": {"osm_id": null, "type": "primary", "width_m": 13, "extrude": false}}, {"type": "Feature", "geometry": {"type": "LineString", "coordinates": [[-1437.332602420662, -2810.7536677512103], [-1441.9214016874444, -2797.8405477509873], [-1445.82676276538, -2785.70666775117], [-1451.0013661939572, -2764.221907751232], [-1461.350573050764, -2706.33550775105], [-1464.4748619133206, -2691.752587751088], [-1512.2179010928883, -2542.917747751146], [-1553.7123625475156, -2411.671467751092], [-1561.9136208114235, -2383.9527877510736], [-1590.5203907084817, -2297.0118677510827], [-1631.0385118936254, -2164.318427751123]]}, "properties": {"osm_id": null, "type": "primary", "width_m": 13, "extrude": false}}, {"type": "Feature", "geometry": {"type": "LineString", "coordinates": [[-1484.5874714654874, -2513.0839877513267], [-1479.9010381716523, -2512.1934277512023], [-1475.7027750127327, -2511.3028677510774]]}, "properties": {"osm_id": null, "type": "footway", "width_m": 2, "extrude": false}}, {"type": "Feature", "geometry": {"type": "LineString", "coordinates": [[-1454.6138251910822, -2537.1291077511282], [-1454.9067272720663, -2531.8970677512866], [-1455.9807015684291, -2524.883907751196]]}, "properties": {"osm_id": null, "type": "footway", "width_m": 2, "extrude": false}}, {"type": "Feature", "geometry": {"type": "LineString", "coordinates": [[-1455.5901654607396, -2540.2460677511685], [-1455.6877994876186, -2538.9102277509814], [-1455.7854335144978, -2537.463067751076]]}, "properties": {"osm_id": null, "type": "footway", "width_m": 2, "extrude": false}}, {"type": "Feature", "geometry": {"type": "LineString", "coordinates": [[-1484.5874714654874, -2513.0839877513267], [-1495.1319463762259, -2464.3258277510367], [-1495.6201165109678, -2462.2107477512354], [-1505.5787872600852, -2418.2393477511205], [-1508.703076122642, -2415.678987751257], [-1531.4518044024499, -2417.4601077511106], [-1533.0139488337284, -2420.243107751203], [-1508.4101740416581, -2498.0557877513024], [-1449.8297578705417, -2682.8469877510297], [-1447.486541223711, -2682.2903877512485], [-1442.8001079298758, -2681.2885077510095], [-1438.6018447709562, -2680.286627751166], [-1439.4805510135611, -2673.8300677512525], [-1438.7971128248878, -2670.26782775115], [-1433.0367052346896, -2668.70934775113], [-1406.284981849894, -2666.3716277511]]}, "properties": {"osm_id": null, "type": "footway", "width_m": 2, "extrude": false}}, {"type": "Feature", "geometry": {"type": "LineString", "coordinates": [[-1649.4913429874612, -2557.1667077511606], [-1609.168489856249, -2553.827107751287], [-1533.3068509145387, -2544.587547751281], [-1512.2179010928883, -2542.917747751146]]}, "properties": {"osm_id": null, "type": "track", "width_m": 3, "extrude": false}}, {"type": "Feature", "geometry": {"type": "LineString", "coordinates": [[-1638.6539659957386, -2670.3791477512646], [-1645.878883990336, -2663.2546677510595], [-1645.1954458016623, -2638.8755877513104], [-1649.4913429874612, -2557.1667077511606], [-1668.3347101893332, -2490.5973477511498], [-1664.4293491112242, -2483.3615477512258], [-1660.621622059994, -2466.663547751067], [-1659.059477628889, -2447.2938677513257], [-1662.2814005181515, -2430.1505877511045]]}, "properties": {"osm_id": null, "type": "track", "width_m": 3, "extrude": false}}, {"type": "Feature", "geometry": {"type": "LineString", "coordinates": [[-1442.1166697412025, -2558.5025477509516], [-1443.1906440377388, -2548.8177077512787]]}, "properties": {"osm_id": null, "type": "footway", "width_m": 2, "extrude": false}}, {"type": "Feature", "geometry": {"type": "LineString", "coordinates": [[-1343.701570573616, -2451.301387751095], [-1343.213400438874, -2455.642867751207], [-1342.822864331011, -2459.761707751091], [-1394.2759965347561, -2465.105067751047], [-1400.0364041249538, -2471.450307751242], [-1431.4745608034116, -2475.0125477509487], [-1436.5515302049362, -2470.893707751065], [-1438.8947468517667, -2470.5597477511174], [-1440.4568912830453, -2471.450307751242], [-1445.631494711622, -2476.0144277511877], [-1448.3652474661424, -2477.3502677509787], [-1452.7587786789934, -2477.4615877510932], [-1456.468871703171, -2475.903107751073], [-1459.4955265386752, -2472.674827751314], [-1461.4482070778165, -2468.555987751035], [-1460.9600369430746, -2464.103187751203], [-1458.6168202962438, -2460.206987751153], [-1453.7351189486508, -2456.756067751165], [-1448.7557835740054, -2456.9787077509986], [-1444.3622523611543, -2458.7598277512475], [-1441.33559752565, -2461.5428277509445], [-1435.8680920162626, -2460.9862277511634]]}, "properties": {"osm_id": null, "type": "footway", "width_m": 2, "extrude": false}}, {"type": "Feature", "geometry": {"type": "LineString", "coordinates": [[-1167.8626880328673, -2480.8011877509666], [-1160.6377700384435, -2479.57666775129], [-1157.8063832568707, -2479.0200677511134]]}, "properties": {"osm_id": null, "type": "footway", "width_m": 2, "extrude": false}}, {"type": "Feature", "geometry": {"type": "LineString", "coordinates": [[-1167.8626880328673, -2480.8011877509666], [-1174.989972000412, -2483.138907750997]]}, "properties": {"osm_id": null, "type": "footway", "width_m": 2, "extrude": false}}, {"type": "Feature", "geometry": {"type": "LineString", "coordinates": [[-1342.822864331011, -2459.761707751091], [-1338.038797010297, -2459.2051077513097], [-1335.1097762018453, -2460.874907751049], [-1333.9381678784298, -2463.3239477511934], [-1325.834543641401, -2509.855707751172]]}, "properties": {"osm_id": null, "type": "footway", "width_m": 2, "extrude": false}}, {"type": "Feature", "geometry": {"type": "LineString", "coordinates": [[-1182.8006941564568, -2507.2953477513083], [-1183.1912302643198, -2500.616147751166], [-1184.0699365069247, -2495.829387750991]]}, "properties": {"osm_id": null, "type": "footway", "width_m": 2, "extrude": false}}, {"type": "Feature", "geometry": {"type": "LineString", "coordinates": [[-1475.214604877991, -2533.5668677510257], [-1454.9067272720663, -2531.8970677512866], [-1337.8435289563656, -2518.316027751168], [-1320.171770078082, -2516.3122677510855], [-1303.4763514692827, -2514.4198277511177], [-1183.1912302643198, -2500.616147751166], [-1170.4011727336294, -2498.8350277513123], [-1162.6880846044637, -2497.721827750959]]}, "properties": {"osm_id": null, "type": "residential", "width_m": 5, "extrude": false}}, {"type": "Feature", "geometry": {"type": "LineString", "coordinates": [[-1147.945346534632, -2513.751907751222], [-1149.8980270736001, -2514.08586775117], [-1157.2205790950763, -2516.3122677510855], [-1164.4454970895001, -2518.4273477512825]]}, "properties": {"osm_id": null, "type": "footway", "width_m": 2, "extrude": false}}, {"type": "Feature", "geometry": {"type": "LineString", "coordinates": [[-1337.160090767692, -2524.2159877513004], [-1337.8435289563656, -2518.316027751168], [-1338.6246011720914, -2511.74814775114]]}, "properties": {"osm_id": null, "type": "footway", "width_m": 2, "extrude": false}}, {"type": "Feature", "geometry": {"type": "LineString", "coordinates": [[-1336.67192063295, -2527.110307751112], [-1335.5003123095346, -2536.9064677512947]]}, "properties": {"osm_id": null, "type": "footway", "width_m": 2, "extrude": false}}, {"type": "Feature", "geometry": {"type": "LineString", "coordinates": [[-1455.5901654607396, -2540.2460677511685], [-1336.67192063295, -2527.110307751112]]}, "properties": {"osm_id": null, "type": "footway", "width_m": 2, "extrude": false}}, {"type": "Feature", "geometry": {"type": "LineString", "coordinates": [[-1337.160090767692, -2524.2159877513004], [-1454.6138251910822, -2537.1291077511282], [-1455.7854335144978, -2537.463067751076], [-1462.7174494281112, -2538.9102277509814], [-1466.525176479341, -2542.695107751313], [-1466.3299084254097, -2550.710147751247], [-1471.3092437998816, -2551.823347751205], [-1475.8980430666643, -2552.9365477511624]]}, "properties": {"osm_id": null, "type": "footway", "width_m": 2, "extrude": false}}, {"type": "Feature", "geometry": {"type": "LineString", "coordinates": [[-1335.5003123095346, -2536.9064677512947], [-1378.849820276251, -2541.693227751074], [-1414.681508167733, -2545.700747751239], [-1443.1906440377388, -2548.8177077512787], [-1448.560515520074, -2549.4856277511744]]}, "properties": {"osm_id": null, "type": "footway", "width_m": 2, "extrude": false}}, {"type": "Feature", "geometry": {"type": "LineString", "coordinates": [[-1335.5003123095346, -2536.9064677512947], [-1323.5889610214492, -2536.127227751285], [-1321.1481103475662, -2552.379947750986]]}, "properties": {"osm_id": null, "type": "footway", "width_m": 2, "extrude": false}}, {"type": "Feature", "geometry": {"type": "LineString", "coordinates": [[-1406.284981849894, -2546.4799877512487], [-1378.5569181954404, -2543.585667751042]]}, "properties": {"osm_id": null, "type": "footway", "width_m": 2, "extrude": false}}, {"type": "Feature", "geometry": {"type": "LineString", "coordinates": [[-1318.8048937007352, -2552.045987751038], [-1317.9261874581302, -2551.823347751205]]}, "properties": {"osm_id": null, "type": "footway", "width_m": 2, "extrude": false}}, {"type": "Feature", "geometry": {"type": "LineString", "coordinates": [[-1321.1481103475662, -2552.379947750986], [-1318.8048937007352, -2552.045987751038]]}, "properties": {"osm_id": null, "type": "footway", "width_m": 2, "extrude": false}}, {"type": "Feature", "geometry": {"type": "LineString", "coordinates": [[-1444.752788469017, -2561.062907751211], [-1420.2466477039995, -2558.2799077511186], [-1419.6608435422052, -2562.73270775095], [-1417.3176268953744, -2562.5100677511164], [-1376.7995057104042, -2558.168587751004], [-1377.0924077912148, -2555.942187751088], [-1377.1900418180937, -2554.8289877511306], [-1378.5569181954404, -2543.585667751042], [-1378.849820276251, -2541.693227751074]]}, "properties": {"osm_id": null, "type": "footway", "width_m": 2, "extrude": false}}, {"type": "Feature", "geometry": {"type": "LineString", "coordinates": [[-1377.1900418180937, -2554.8289877511306], [-1334.8168741208613, -2550.2648677511847], [-1331.2044151237362, -2552.7139077513293], [-1321.1481103475662, -2552.379947750986]]}, "properties": {"osm_id": null, "type": "footway", "width_m": 2, "extrude": false}}, {"type": "Feature", "geometry": {"type": "LineString", "coordinates": [[-1414.681508167733, -2545.700747751239], [-1414.4862401138016, -2547.481867751092], [-1413.4122658174388, -2555.274267751193], [-1412.8264616556442, -2559.949707751253]]}, "properties": {"osm_id": null, "type": "footway", "width_m": 2, "extrude": false}}, {"type": "Feature", "geometry": {"type": "LineString", "coordinates": [[-1427.9597358331655, -2557.055387751046], [-1418.0010650840477, -2555.830867750974], [-1413.4122658174388, -2555.274267751193]]}, "properties": {"osm_id": null, "type": "footway", "width_m": 2, "extrude": false}}, {"type": "Feature", "geometry": {"type": "LineString", "coordinates": [[-1140.8180625670875, -2606.036187751169], [-1141.4038667288817, -2600.3588677512657], [-1141.9896708905028, -2595.6834277512053], [-1142.1849389444344, -2593.679667751123], [-1145.2115937799385, -2583.6608677511067], [-1164.4454970895001, -2518.4273477512825], [-1167.0816158173147, -2510.857587751015], [-1169.0342963562825, -2508.4085477512663], [-1171.670415083924, -2507.184027751194], [-1175.1852400543435, -2506.738747751132], [-1182.8006941564568, -2507.2953477513083], [-1302.6952792537302, -2520.3197877512503], [-1314.4113624878842, -2521.7669477511563], [-1319.0001617546668, -2522.2122277512185], [-1326.1274457222116, -2522.9914677512284], [-1337.160090767692, -2524.2159877513004]]}, "properties": {"osm_id": null, "type": "footway", "width_m": 2, "extrude": false}}, {"type": "Feature", "geometry": {"type": "LineString", "coordinates": [[-1404.527569364684, -2558.947827751014], [-1377.0924077912148, -2555.942187751088]]}, "properties": {"osm_id": null, "type": "footway", "width_m": 2, "extrude": false}}, {"type": "Feature", "geometry": {"type": "LineString", "coordinates": [[-1443.3859120916702, -2570.9703877511124], [-1420.6371838118625, -2568.18738775102], [-1420.2466477039995, -2572.4175477510184], [-1322.6126207519656, -2561.7308277511065], [-1321.1481103475662, -2552.379947750986]]}, "properties": {"osm_id": null, "type": "footway", "width_m": 2, "extrude": false}}, {"type": "Feature", "geometry": {"type": "LineString", "coordinates": [[-1306.6006403318395, -2611.6021877509584], [-1313.8255583262633, -2573.308107751143], [-1316.656945107836, -2570.9703877511124], [-1420.1490136771206, -2582.3250277513157], [-1421.515890054294, -2585.3306677512414], [-1422.7851324047617, -2586.8891477512616], [-1424.3472768360402, -2588.2249877510526], [-1426.3975914020602, -2589.0042277510624], [-1428.8384420757702, -2589.115547751177], [-1431.7674628843954, -2588.2249877510526], [-1433.1343392617423, -2587.557067751157], [-1434.5988496659681, -2586.777827751147], [-1435.7704579893837, -2584.885387751179], [-1436.453896178057, -2583.7721877512213], [-1436.7467982588676, -2582.5476677511488], [-1437.2349683936093, -2579.875987751171], [-1436.84443228592, -2577.204307751193], [-1435.575189935452, -2574.532627751215], [-1434.7941177198995, -2573.419427751257], [-1432.939071207811, -2571.9722677509562], [-1429.5218802644436, -2571.4156677511746], [-1426.1046893210764, -2571.7496277511227], [-1422.4922303239512, -2573.753387751205], [-1421.2229879734834, -2575.089227750996], [-1319.4883318894088, -2563.400627751241], [-1316.3640430270254, -2559.8383877511387], [-1317.9261874581302, -2551.823347751205], [-1322.807888805897, -2526.4423877512163], [-1326.1274457222116, -2522.9914677512284]]}, "properties": {"osm_id": null, "type": "footway", "width_m": 2, "extrude": false}}, {"type": "Feature", "geometry": {"type": "LineString", "coordinates": [[-1297.3254077713955, -2613.494627751322], [-1314.4113624878842, -2521.7669477511563]]}, "properties": {"osm_id": null, "type": "footway", "width_m": 2, "extrude": false}}, {"type": "Feature", "geometry": {"type": "LineString", "coordinates": [[-1320.171770078082, -2516.3122677510855], [-1319.0001617546668, -2522.2122277512185], [-1310.506001409775, -2564.402507751084], [-1303.08581536142, -2611.4908677512394], [-1301.8165730111252, -2619.1719477512256]]}, "properties": {"osm_id": null, "type": "residential", "width_m": 5, "extrude": false}}, {"type": "Feature", "geometry": {"type": "LineString", "coordinates": [[-1310.506001409775, -2564.402507751084], [-1428.8384420757702, -2579.653347750942]]}, "properties": {"osm_id": null, "type": "residential", "width_m": 5, "extrude": false}}, {"type": "Feature", "geometry": {"type": "LineString", "coordinates": [[-1145.2115937799385, -2583.6608677511067], [-1137.9866757855148, -2581.434467751191], [-1130.5664897371591, -2579.096747751161], [-1128.41854114426, -2578.428827751265]]}, "properties": {"osm_id": null, "type": "footway", "width_m": 2, "extrude": false}}, {"type": "Feature", "geometry": {"type": "LineString", "coordinates": [[-1466.3299084254097, -2550.710147751247], [-1449.6344898166103, -2628.968107751013], [-1445.4362266576907, -2630.192627751085], [-1428.7408080488913, -2628.7454677511796], [-1308.5533208708073, -2614.496507751165], [-1306.6006403318395, -2611.6021877509584]]}, "properties": {"osm_id": null, "type": "footway", "width_m": 2, "extrude": false}}, {"type": "Feature", "geometry": {"type": "LineString", "coordinates": [[-1297.3254077713955, -2613.494627751322], [-1141.9896708905028, -2595.6834277512053]]}, "properties": {"osm_id": null, "type": "footway", "width_m": 2, "extrude": false}}, {"type": "Feature", "geometry": {"type": "LineString", "coordinates": [[-1450.3179280052836, -2559.393107751076], [-1442.1166697412025, -2558.5025477509516], [-1427.9597358331655, -2557.055387751046]]}, "properties": {"osm_id": null, "type": "footway", "width_m": 2, "extrude": false}}, {"type": "Feature", "geometry": {"type": "LineString", "coordinates": [[-1452.563510625062, -2575.3118677512252], [-1459.0073564039333, -2575.8684677510064], [-1461.5458411046957, -2555.0516277509637], [-1462.3269133204215, -2545.3667877512908], [-1455.1019953258242, -2544.587547751281]]}, "properties": {"osm_id": null, "type": "footway", "width_m": 2, "extrude": false}}, {"type": "Feature", "geometry": {"type": "LineString", "coordinates": [[-1451.587170355578, -2561.619507750992], [-1444.752788469017, -2561.062907751211]]}, "properties": {"osm_id": null, "type": "footway", "width_m": 2, "extrude": false}}, {"type": "Feature", "geometry": {"type": "LineString", "coordinates": [[-1442.9953759838074, -2573.530747750976], [-1443.3859120916702, -2570.9703877511124], [-1444.752788469017, -2561.062907751211]]}, "properties": {"osm_id": null, "type": "footway", "width_m": 2, "extrude": false}}, {"type": "Feature", "geometry": {"type": "LineString", "coordinates": [[-1437.1373343667306, -2575.2005477511107], [-1438.6018447709562, -2574.1986677512673], [-1442.9953759838074, -2573.530747750976], [-1442.5072058490653, -2577.3156277513076], [-1452.07534049032, -2578.540147750984], [-1452.563510625062, -2575.3118677512252]]}, "properties": {"osm_id": null, "type": "footway", "width_m": 2, "extrude": false}}, {"type": "Feature", "geometry": {"type": "LineString", "coordinates": [[-1447.486541223711, -2682.2903877512485], [-1475.8980430666643, -2552.9365477511624], [-1484.5874714654874, -2513.0839877513267]]}, "properties": {"osm_id": null, "type": "footway", "width_m": 2, "extrude": false}}, {"type": "Feature", "geometry": {"type": "LineString", "coordinates": [[-1424.3472768360402, -2758.7672277511615], [-1429.6195142913227, -2746.410707751115], [-1442.8001079298758, -2681.2885077510095], [-1446.3149329001221, -2666.3716277511], [-1453.2469488137356, -2635.5359877510414], [-1471.3092437998816, -2551.823347751205], [-1475.214604877991, -2533.5668677510257]]}, "properties": {"osm_id": null, "type": "residential", "width_m": 5, "extrude": false}}, {"type": "Feature", "geometry": {"type": "LineString", "coordinates": [[-1727.3056624683127, -2654.57170775123], [-1717.0540896383845, -2656.241507750969], [-1694.3053613585769, -2682.7356677513108], [-1684.9324947710802, -2683.62622775104], [-1671.0684629438535, -2675.945147751054], [-1646.6599562058884, -2677.1696677511263], [-1638.6539659957386, -2670.3791477512646]]}, "properties": {"osm_id": null, "type": "track", "width_m": 3, "extrude": false}}, {"type": "Feature", "geometry": {"type": "LineString", "coordinates": [[-2120.7707910852478, -2768.229427751001], [-2114.9127494681707, -2754.091787751101], [-2123.114007732079, -2721.25238775096], [-2113.8387751716346, -2714.795827751046], [-2098.705500994113, -2721.475027751189], [-2082.107716412193, -2730.9372277510283], [-2061.799838806095, -2736.7258677510467], [-2043.3470077122593, -2744.1843077511994], [-2024.9918106453026, -2738.952267750962], [-2010.4443406294024, -2728.4881877512794], [-1992.1867775893245, -2723.812747751219], [-1966.9971986356338, -2720.695787751179], [-1962.7013014498348, -2724.258027751281], [-1943.0768620324104, -2727.2636677512073], [-1934.77796974145, -2737.2824677512235], [-1920.6210358334129, -2743.739027751137], [-1906.4641019253756, -2745.9654277510526], [-1889.3781472087135, -2731.3825077510905], [-1879.0289403519066, -2730.380627751247], [-1866.2388828212163, -2743.293747751075], [-1862.8216918778492, -2759.2125077512237], [-1856.6707481797882, -2766.4483077511472], [-1837.3392108433477, -2759.769107751005], [-1828.3568803637138, -2749.1937077512075], [-1817.8124054529753, -2744.072987751085], [-1811.0756575932935, -2725.482547750958], [-1806.3892242994584, -2717.244867751191], [-1791.7441202566795, -2705.4449477513213], [-1778.8564286989365, -2706.4468277511646], [-1762.2586441171898, -2700.3242277511986], [-1743.5129109423701, -2700.546867751032], [-1737.6548693252932, -2673.8300677512525], [-1735.0187505974784, -2660.582987751082], [-1727.3056624683127, -2654.57170775123]]}, "properties": {"osm_id": null, "type": "footway", "width_m": 2, "extrude": false}}, {"type": "Feature", "geometry": {"type": "LineString", "coordinates": [[-1638.6539659957386, -2670.3791477512646], [-1602.7246440773777, -2679.1734277512082], [-1567.8692964555528, -2707.671347751237], [-1544.3394959600191, -2760.5483477510147], [-1506.1645914218798, -2779.5840677512037]]}, "properties": {"osm_id": null, "type": "track", "width_m": 3, "extrude": false}}, {"type": "Feature", "geometry": {"type": "LineString", "coordinates": [[-1133.3978765187321, -2616.8342277511956], [-1128.1256390632761, -2615.498387751009], [-1120.3149169072312, -2613.7172677511553], [-1118.264602341211, -2613.271987751093]]}, "properties": {"osm_id": null, "type": "footway", "width_m": 2, "extrude": false}}, {"type": "Feature", "geometry": {"type": "LineString", "coordinates": [[-1453.2469488137356, -2635.5359877510414], [-1428.1550038870969, -2632.6416677512298], [-1301.8165730111252, -2619.1719477512256], [-1141.4038667288817, -2600.3588677512657], [-1132.812072357111, -2598.689067751131]]}, "properties": {"osm_id": null, "type": "residential", "width_m": 5, "extrude": false}}, {"type": "Feature", "geometry": {"type": "LineString", "coordinates": [[-1427.9597358331655, -2635.2020277510933], [-1428.1550038870969, -2632.6416677512298], [-1428.7408080488913, -2628.7454677511796]]}, "properties": {"osm_id": null, "type": "footway", "width_m": 2, "extrude": false}}, {"type": "Feature", "geometry": {"type": "LineString", "coordinates": [[-1079.8944297489668, -2767.561507751105], [-1080.5778679376401, -2765.6690677511374], [-1083.8974248541283, -2756.318187751017], [-1087.0217137165116, -2746.6333477509484], [-1099.7141372203228, -2707.448707751008], [-1105.4745448105207, -2690.528067751016], [-1110.2586121310612, -2673.9413877509714], [-1128.1256390632761, -2615.498387751009], [-1132.812072357111, -2598.689067751131], [-1137.9866757855148, -2581.434467751191], [-1157.2205790950763, -2516.3122677510855], [-1159.5637957419071, -2508.4085477512663], [-1162.6880846044637, -2497.721827750959]]}, "properties": {"osm_id": null, "type": "tertiary", "width_m": 7, "extrude": false}}, {"type": "Feature", "geometry": {"type": "LineString", "coordinates": [[-1285.3164224562574, -2652.3453077513145], [-1198.1292363880827, -2641.881227751236]]}, "properties": {"osm_id": null, "type": "residential", "width_m": 5, "extrude": false}}, {"type": "Feature", "geometry": {"type": "LineString", "coordinates": [[-1446.3149329001221, -2666.3716277511], [-1285.3164224562574, -2652.3453077513145]]}, "properties": {"osm_id": null, "type": "residential", "width_m": 5, "extrude": false}}, {"type": "Feature", "geometry": {"type": "LineString", "coordinates": [[-1116.995359990743, -2676.1677877512825], [-1110.2586121310612, -2673.9413877509714], [-1103.6194982984318, -2671.7149877510556], [-1100.4952094358753, -2670.713107751212]]}, "properties": {"osm_id": null, "type": "footway", "width_m": 2, "extrude": false}}, {"type": "Feature", "geometry": {"type": "LineString", "coordinates": [[-1285.3164224562574, -2652.3453077513145], [-1272.0381947906517, -2725.5938677510726]]}, "properties": {"osm_id": null, "type": "residential", "width_m": 5, "extrude": false}}, {"type": "Feature", "geometry": {"type": "LineString", "coordinates": [[-1211.505098080394, -2808.8612277512425], [-1207.3068349214743, -2807.1914277511078], [-1205.8423245172487, -2810.0857477513146], [-1203.9872780051596, -2811.9781877512823], [-1201.155891223587, -2812.980067751126], [-1113.382900993618, -2787.3764677513045], [-1096.2969462769556, -2781.142547751224], [-1092.6844872798306, -2779.9180277511514], [-1090.2436366059471, -2777.9142677510695], [-1089.8531004980844, -2773.5727877509566], [-1088.9743942554794, -2768.3407477511155], [-1091.3176109024837, -2758.7672277511615], [-1113.1876329396866, -2690.973347751078], [-1116.995359990743, -2676.1677877512825], [-1121.4865252306467, -2664.701827750965], [-1133.3978765187321, -2616.8342277511956], [-1134.8623869231315, -2611.713507751073], [-1136.8150674620993, -2608.4852277513137], [-1140.8180625670875, -2606.036187751169], [-1145.1139597530594, -2604.7003477509825], [-1169.4248324641458, -2607.3720277509606], [-1265.7896170657118, -2618.50402775133], [-1323.6865950483284, -2625.2945477511917], [-1326.029811695159, -2624.1813477512337], [-1402.6725228525954, -2632.6416677512298], [-1427.9597358331655, -2635.2020277510933], [-1443.9717162532913, -2637.5397477511237], [-1446.119664846364, -2639.65482775132], [-1446.9007370619165, -2642.3265077512983], [-1444.4598863880333, -2656.798107751146], [-1442.7024739029969, -2659.8037477510716], [-1439.6758190674927, -2661.139587751258], [-1435.6728239625045, -2661.3622277510917], [-1288.0501752109512, -2647.4472277510254], [-1223.904619503395, -2640.322747751216]]}, "properties": {"osm_id": null, "type": "footway", "width_m": 2, "extrude": false}}, {"type": "Feature", "geometry": {"type": "LineString", "coordinates": [[-1105.4745448105207, -2690.528067751016], [-1113.1876329396866, -2690.973347751078], [-1184.265204560856, -2706.33550775105], [-1272.0381947906517, -2725.5938677510726], [-1424.3472768360402, -2758.7672277511615]]}, "properties": {"osm_id": null, "type": "residential", "width_m": 5, "extrude": false}}, {"type": "Feature", "geometry": {"type": "LineString", "coordinates": [[-1184.265204560856, -2706.33550775105], [-1165.1289352781735, -2770.567147751031], [-1161.1259401731854, -2776.9123877512257]]}, "properties": {"osm_id": null, "type": "residential", "width_m": 5, "extrude": false}}, {"type": "Feature", "geometry": {"type": "LineString", "coordinates": [[-1083.8974248541283, -2756.318187751017], [-1091.3176109024837, -2758.7672277511615]]}, "properties": {"osm_id": null, "type": "footway", "width_m": 2, "extrude": false}}, {"type": "Feature", "geometry": {"type": "LineString", "coordinates": [[-1440.5545253100975, -2761.995507751316], [-1436.6491642319884, -2761.216267751306], [-1424.3472768360402, -2758.7672277511615]]}, "properties": {"osm_id": null, "type": "residential", "width_m": 5, "extrude": false}}, {"type": "Feature", "geometry": {"type": "LineString", "coordinates": [[-1082.0423783420395, -2768.674707751063], [-1079.8944297489668, -2767.561507751105], [-1077.7464811560674, -2767.2275477511575], [-1075.598532563168, -2767.561507751105], [-1073.645852024027, -2768.3407477511155], [-1071.9860735658694, -2769.676587751302], [-1070.814465242454, -2771.346387751041], [-1070.0333930269016, -2773.238827751009], [-1069.8381249729703, -2775.2425877510914], [-1070.326295107712, -2777.5803077511214], [-1071.4002694042485, -2779.8067077510373], [-1073.2553159163374, -2781.3651877510574], [-1075.4032645092366, -2782.4783877510154], [-1077.7464811560674, -2782.812347750963], [-1080.1873318299508, -2782.3670677512964], [-1082.432914449729, -2781.0312277511093], [-1084.1903269349386, -2779.1387877511415], [-1085.1666672044228, -2776.9123877512257], [-1085.3619352583542, -2774.5746677511956], [-1084.8737651236122, -2772.2369477511656], [-1083.702156800197, -2770.2331877510833], [-1082.0423783420395, -2768.674707751063]]}, "properties": {"osm_id": null, "type": "tertiary", "width_m": 7, "extrude": false}}, {"type": "Feature", "geometry": {"type": "LineString", "coordinates": [[-1069.8381249729703, -2775.2425877510914], [-1071.1073673232645, -2785.8179877512844], [-1065.542227786998, -2810.0857477513146]]}, "properties": {"osm_id": null, "type": "pedestrian", "width_m": 4, "extrude": false}}, {"type": "Feature", "geometry": {"type": "LineString", "coordinates": [[-1065.542227786998, -2810.0857477513146], [-1071.0097332963855, -2796.949987751258], [-1076.2819707518415, -2787.4877877510235], [-1080.1873318299508, -2782.3670677512964]]}, "properties": {"osm_id": null, "type": "pedestrian", "width_m": 4, "extrude": false}}, {"type": "Feature", "geometry": {"type": "LineString", "coordinates": [[-1207.5997370022849, -2818.8800277512587], [-1211.505098080394, -2808.8612277512425], [-1212.383804322999, -2806.412187751098], [-1220.9755986947696, -2783.7029077510874], [-1227.7123465544516, -2778.804827751194], [-1233.9609242793913, -2778.804827751194], [-1313.9231923531422, -2797.283947751206], [-1321.050476320687, -2795.6141477510714]]}, "properties": {"osm_id": null, "type": "residential", "width_m": 5, "extrude": false}}, {"type": "Feature", "geometry": {"type": "LineString", "coordinates": [[-1084.1903269349386, -2779.1387877511415], [-1088.6814921746688, -2782.9236677510776], [-1114.0663391822914, -2790.6047477510633], [-1207.5997370022849, -2818.8800277512587]]}, "properties": {"osm_id": null, "type": "residential", "width_m": 5, "extrude": false}}, {"type": "Feature", "geometry": {"type": "LineString", "coordinates": [[-1207.5997370022849, -2818.8800277512587], [-1255.049874101042, -2832.2384277511483], [-1298.4970160948105, -2844.372307750966], [-1324.3700332370017, -2846.8213477511104], [-1340.6749157381116, -2845.7081477511524], [-1359.323014885879, -2842.5911877511126], [-1376.1160675217307, -2834.2421877512306], [-1389.491929214042, -2825.113947750943], [-1402.1843527178532, -2808.6385877510133], [-1417.8057970301163, -2774.352027750967], [-1423.3709365663829, -2761.216267751306], [-1424.3472768360402, -2758.7672277511615]]}, "properties": {"osm_id": null, "type": "residential", "width_m": 5, "extrude": false}}, {"type": "Feature", "geometry": {"type": "LineString", "coordinates": [[-1212.383804322999, -2806.412187751098], [-1252.0232192655376, -2816.7649477510618]]}, "properties": {"osm_id": null, "type": "service", "width_m": 3.5, "extrude": false}}, {"type": "Feature", "geometry": {"type": "LineString", "coordinates": [[-925.9255692455944, -2672.6055477511804], [-876.2298495268858, -2673.2734677510757]]}, "properties": {"osm_id": null, "type": "footway", "width_m": 2, "extrude": false}}, {"type": "Feature", "geometry": {"type": "LineString", "coordinates": [[-1105.4745448105207, -2690.528067751016], [-1097.7614566811815, -2690.0827877509537], [-1093.6608275493143, -2689.86014775112], [-925.9255692455944, -2672.6055477511804]]}, "properties": {"osm_id": null, "type": "residential", "width_m": 5, "extrude": false}}, {"type": "Feature", "geometry": {"type": "LineString", "coordinates": [[-927.3900796498203, -2703.3298677511243], [-918.5053831972392, -2703.552507750958], [-914.7952901730615, -2709.8977477511526], [-916.5527026580978, -2716.465627751181], [-918.6030172241183, -2720.695787751179], [-937.6416524797484, -2740.2881077511493], [-951.505684306975, -2749.1937077512075], [-954.0441690077374, -2726.9297077512592]]}, "properties": {"osm_id": null, "type": "residential", "width_m": 5, "extrude": false}}, {"type": "Feature", "geometry": {"type": "LineString", "coordinates": [[-1045.136716154021, -2741.735267751055], [-983.822547228211, -2736.057947751151], [-980.6006243387753, -2739.1749077511913], [-979.9171861501019, -2744.6295877512616], [-978.7455778266864, -2757.765347751318]]}, "properties": {"osm_id": null, "type": "residential", "width_m": 5, "extrude": false}}, {"type": "Feature", "geometry": {"type": "LineString", "coordinates": [[-978.7455778266864, -2757.765347751318], [-993.683583950276, -2761.327587751025], [-1030.1987100304314, -2763.4426677512215], [-1038.9857724561336, -2755.650267751121], [-1042.5005974263797, -2750.084267751332], [-1045.136716154021, -2741.735267751055], [-1079.5038936412773, -2744.7409077509806], [-1087.0217137165116, -2746.6333477509484]]}, "properties": {"osm_id": null, "type": "residential", "width_m": 5, "extrude": false}}, {"type": "Feature", "geometry": {"type": "LineString", "coordinates": [[-951.505684306975, -2749.1937077512075], [-960.3903807597295, -2754.871027751111], [-978.7455778266864, -2757.765347751318]]}, "properties": {"osm_id": null, "type": "residential", "width_m": 5, "extrude": false}}, {"type": "Feature", "geometry": {"type": "LineString", "coordinates": [[-960.3903807597295, -2754.871027751111], [-955.801581492947, -2766.225667751314], [-943.7925961778093, -2780.474627751328]]}, "properties": {"osm_id": null, "type": "footway", "width_m": 2, "extrude": false}}, {"type": "Feature", "geometry": {"type": "LineString", "coordinates": [[-956.5826537084996, -2805.29898775114], [-991.4380013304976, -2810.308387751148], [-1005.3996671846033, -2803.5178677512863], [-1052.7521702563076, -2804.742387750963], [-1065.542227786998, -2810.0857477513146]]}, "properties": {"osm_id": null, "type": "footway", "width_m": 2, "extrude": false}}, {"type": "Feature", "geometry": {"type": "LineString", "coordinates": [[-1047.4799328008519, -2871.311747750974], [-932.6623171052764, -2851.2741477513373]]}, "properties": {"osm_id": null, "type": "residential", "width_m": 4, "extrude": false}}, {"type": "Feature", "geometry": {"type": "LineString", "coordinates": [[-1047.4799328008519, -2871.311747750974], [-1041.6218911837748, -2892.017267751298], [-1038.30233426746, -2902.3700277512617], [-1030.2963440573105, -2931.6471877513004], [-1020.9234774699873, -2963.1507477512546]]}, "properties": {"osm_id": null, "type": "pedestrian", "width_m": 4, "extrude": false}}, {"type": "Feature", "geometry": {"type": "LineString", "coordinates": [[-1252.0232192655376, -2816.7649477510618], [-1255.049874101042, -2832.2384277511483]]}, "properties": {"osm_id": null, "type": "service", "width_m": 3.5, "extrude": false}}, {"type": "Feature", "geometry": {"type": "LineString", "coordinates": [[-1065.542227786998, -2810.0857477513146], [-1049.1397112591826, -2865.9683877510183], [-1047.4799328008519, -2871.311747750974]]}, "properties": {"osm_id": null, "type": "pedestrian", "width_m": 4, "extrude": false}}, {"type": "Feature", "geometry": {"type": "LineString", "coordinates": [[-1188.6587357737071, -2872.5362677510466], [-1098.5425288969075, -2844.9289077511426]]}, "properties": {"osm_id": null, "type": "footway", "width_m": 2, "extrude": false}}, {"type": "Feature", "geometry": {"type": "LineString", "coordinates": [[-1267.4493955240428, -2934.0962277510494], [-1324.3700332370017, -2846.8213477511104]]}, "properties": {"osm_id": null, "type": "residential", "width_m": 5, "extrude": false}}, {"type": "Feature", "geometry": {"type": "LineString", "coordinates": [[-1179.7740393209526, -2905.3756677511874], [-1088.2909560669793, -2878.8815077512413]]}, "properties": {"osm_id": null, "type": "footway", "width_m": 2, "extrude": false}}, {"type": "Feature", "geometry": {"type": "LineString", "coordinates": [[-1046.1130564236782, -3028.384267751079], [-1070.0333930269016, -2942.7791877512745], [-1077.941749209999, -2914.3925877509646], [-1079.308625587346, -2908.6039477509466], [-1088.2909560669793, -2878.8815077512413], [-1098.5425288969075, -2844.9289077511426], [-1111.5278544815292, -2798.1745077513306], [-1114.0663391822914, -2790.6047477510633]]}, "properties": {"osm_id": null, "type": "residential", "width_m": 5, "extrude": false}}, {"type": "Feature", "geometry": {"type": "LineString", "coordinates": [[-1189.7327100700702, -2922.852907750961], [-1176.7473844854483, -2916.841627751109]]}, "properties": {"osm_id": null, "type": "service", "width_m": 3.5, "extrude": false}}, {"type": "Feature", "geometry": {"type": "LineString", "coordinates": [[-1038.30233426746, -2902.3700277512617], [-1046.6012265584204, -2904.8190677510106], [-1077.941749209999, -2914.3925877509646], [-1110.9420503197348, -2923.632147750971], [-1157.3182131219553, -2936.545267751194], [-1170.5964407875608, -2939.773547750953]]}, "properties": {"osm_id": null, "type": "residential", "width_m": 5, "extrude": false}}, {"type": "Feature", "geometry": {"type": "LineString", "coordinates": [[-1259.5410393409454, -2928.7528677510936], [-1250.5587088613117, -2937.8811077509854]]}, "properties": {"osm_id": null, "type": "service", "width_m": 3.5, "extrude": false}}, {"type": "Feature", "geometry": {"type": "LineString", "coordinates": [[-1250.5587088613117, -2937.8811077509854], [-1246.4580797292713, -2947.7885877512826], [-1242.8456207319725, -2951.907427751166], [-1235.1325326028068, -2960.8130277512246], [-1189.7327100700702, -2922.852907750961], [-1193.0522669865584, -2913.168067751288], [-1198.4221384688933, -2897.137987751025], [-1250.5587088613117, -2937.8811077509854]]}, "properties": {"osm_id": null, "type": "service", "width_m": 3.5, "extrude": false}}, {"type": "Feature", "geometry": {"type": "LineString", "coordinates": [[-1349.2667101098823, -2987.6411477511183], [-1342.5299622502005, -2983.744947751068], [-1325.6392755874697, -2974.6167077511764], [-1275.6506537879504, -2938.6603477509952], [-1267.4493955240428, -2934.0962277510494], [-1259.5410393409454, -2928.7528677510936], [-1196.859994037615, -2878.8815077512413], [-1188.6587357737071, -2872.5362677510466]]}, "properties": {"osm_id": null, "type": "residential", "width_m": 5, "extrude": false}}, {"type": "Feature", "geometry": {"type": "LineString", "coordinates": [[-1242.8456207319725, -2951.907427751166], [-1193.0522669865584, -2913.168067751288]]}, "properties": {"osm_id": null, "type": "service", "width_m": 3.5, "extrude": false}}, {"type": "Feature", "geometry": {"type": "LineString", "coordinates": [[-1070.0333930269016, -2942.7791877512745], [-1041.7195252108272, -2934.652827751226]]}, "properties": {"osm_id": null, "type": "residential", "width_m": 5, "extrude": false}}, {"type": "Feature", "geometry": {"type": "LineString", "coordinates": [[-1161.028306146133, -2970.1639077509494], [-1126.66112865905, -2959.6998277512666], [-1102.6431580287747, -2952.464027750947], [-1070.0333930269016, -2942.7791877512745]]}, "properties": {"osm_id": null, "type": "residential", "width_m": 5, "extrude": false}}, {"type": "Feature", "geometry": {"type": "LineString", "coordinates": [[-1207.5997370022849, -2818.8800277512587], [-1203.4014738433652, -2825.8931877509535], [-1188.6587357737071, -2872.5362677510466], [-1179.7740393209526, -2905.3756677511874], [-1176.7473844854483, -2916.841627751109], [-1170.5964407875608, -2939.773547750953], [-1161.028306146133, -2970.1639077509494], [-1136.4245313542363, -3053.653907750953], [-1128.41854114426, -3105.6403477510016], [-1126.8563967129817, -3113.0987877511543]]}, "properties": {"osm_id": null, "type": "residential", "width_m": 5, "extrude": false}}, {"type": "Feature", "geometry": {"type": "LineString", "coordinates": [[-1201.5464273312766, -3011.1296677511386], [-1271.8429267368938, -2942.66786775116], [-1275.6506537879504, -2938.6603477509952]]}, "properties": {"osm_id": null, "type": "residential", "width_m": 5, "extrude": false}}, {"type": "Feature", "geometry": {"type": "LineString", "coordinates": [[-1288.9288814533827, -3144.936307751056], [-1302.5000111997988, -3112.9874677510397], [-1308.1627847629443, -3100.5196277512746], [-1353.074437160939, -3001.778787751018], [-1354.538947565165, -2996.5467477511766], [-1412.8264616556442, -2867.1929077510904], [-1437.332602420662, -2810.7536677512103]]}, "properties": {"osm_id": null, "type": "primary", "width_m": 13, "extrude": false}}, {"type": "Feature", "geometry": {"type": "LineString", "coordinates": [[-1110.9420503197348, -2923.632147750971], [-1102.6431580287747, -2952.464027750947], [-1079.308625587346, -3037.957787751033]]}, "properties": {"osm_id": null, "type": "residential", "width_m": 5, "extrude": false}}, {"type": "Feature", "geometry": {"type": "LineString", "coordinates": [[-1354.538947565165, -2996.5467477511766], [-1349.2667101098823, -2987.6411477511183]]}, "properties": {"osm_id": null, "type": "residential", "width_m": 5, "extrude": false}}, {"type": "Feature", "geometry": {"type": "LineString", "coordinates": [[-1101.4715497053592, -3043.8577477511653], [-1126.66112865905, -2959.6998277512666]]}, "properties": {"osm_id": null, "type": "residential", "width_m": 5, "extrude": false}}, {"type": "Feature", "geometry": {"type": "LineString", "coordinates": [[-1325.6392755874697, -2974.6167077511764], [-1247.9225901334971, -3055.323707751087]]}, "properties": {"osm_id": null, "type": "residential", "width_m": 5, "extrude": false}}, {"type": "Feature", "geometry": {"type": "LineString", "coordinates": [[-1041.7195252108272, -2934.652827751226], [-1038.4976023213917, -2933.650947750987], [-1030.2963440573105, -2931.6471877513004]]}, "properties": {"osm_id": null, "type": "residential", "width_m": 5, "extrude": false}}, {"type": "Feature", "geometry": {"type": "LineString", "coordinates": [[-912.6473415801623, -2944.448987751013], [-934.4197295904862, -2948.90178775124]]}, "properties": {"osm_id": null, "type": "pedestrian", "width_m": 4, "extrude": false}}, {"type": "Feature", "geometry": {"type": "LineString", "coordinates": [[-1020.9234774699873, -2963.1507477512546], [-967.9082008349638, -2954.022507750967], [-934.4197295904862, -2948.90178775124]]}, "properties": {"osm_id": null, "type": "residential", "width_m": 5, "extrude": false}}, {"type": "Feature", "geometry": {"type": "LineString", "coordinates": [[-902.2005006963027, -2973.5035077512184], [-931.1978067010504, -2977.065747751321], [-1009.0121261817286, -3000.108987751279]]}, "properties": {"osm_id": null, "type": "footway", "width_m": 2, "extrude": false}}, {"type": "Feature", "geometry": {"type": "LineString", "coordinates": [[-946.6239829593819, -2827.1177077510256], [-944.8665704743456, -2833.1289877512727], [-932.6623171052764, -2851.2741477513373], [-923.7776206526952, -2868.7513877511105], [-923.4847185717114, -2876.5437877512113], [-914.6000221191301, -2931.313227750957], [-912.6473415801623, -2944.448987751013], [-902.2005006963027, -2973.5035077512184], [-894.194510486153, -2993.0958277511886], [-887.1648605456606, -3011.4636277510867], [-884.8216438988298, -3024.0427877509665], [-889.3128091385599, -3041.1860677511872], [-889.898613300181, -3056.5482277511596], [-895.3661188095684, -3068.682107750977], [-904.836619423944, -3073.5801877512663], [-926.2184713264049, -3092.9498677510073], [-926.7066414611469, -3109.536547751052], [-926.1208372995259, -3120.1119477512448], [-925.5350331377315, -3132.1345077509477], [-923.5823525987637, -3152.5060677513234], [-923.0941824640217, -3159.4079077512993], [-917.0408727930134, -3165.085227751203], [-912.7449756070412, -3168.3135077509623], [-876.9132877155592, -3163.972027751245]]}, "properties": {"osm_id": null, "type": "pedestrian", "width_m": 4, "extrude": false}}, {"type": "Feature", "geometry": {"type": "LineString", "coordinates": [[-909.327784663674, -3040.1841877509482], [-906.9845680168434, -3006.342907750964], [-907.4727381515852, -2988.976987751305], [-906.0082277473593, -2977.2883877511545], [-902.2005006963027, -2973.5035077512184]]}, "properties": {"osm_id": null, "type": "footway", "width_m": 2, "extrude": false}}, {"type": "Feature", "geometry": {"type": "LineString", "coordinates": [[-979.6242840692913, -3091.0574277510395], [-969.0798091583794, -3090.389507751144], [-946.038178797761, -3085.6027477509692], [-941.9375496657206, -3056.5482277511596], [-931.1978067010504, -2977.065747751321], [-934.4197295904862, -2948.90178775124]]}, "properties": {"osm_id": null, "type": "residential", "width_m": 5, "extrude": false}}, {"type": "Feature", "geometry": {"type": "LineString", "coordinates": [[-1036.9354578901132, -3026.2691877512775], [-1004.1304248341355, -3018.142827751229]]}, "properties": {"osm_id": null, "type": "footway", "width_m": 2, "extrude": false}}, {"type": "Feature", "geometry": {"type": "LineString", "coordinates": [[-1020.9234774699873, -2963.1507477512546], [-1020.2400392813139, -2965.154507751337], [-1009.0121261817286, -3000.108987751279], [-1004.1304248341355, -3018.142827751229], [-979.6242840692913, -3091.0574277510395]]}, "properties": {"osm_id": null, "type": "pedestrian", "width_m": 4, "extrude": false}}, {"type": "Feature", "geometry": {"type": "LineString", "coordinates": [[-941.9375496657206, -3056.5482277511596], [-931.3930747548086, -3057.661427751117], [-921.8249401135539, -3060.555747751324], [-910.7922950680734, -3061.668947751282], [-909.327784663674, -3040.1841877509482], [-889.3128091385599, -3041.1860677511872]]}, "properties": {"osm_id": null, "type": "footway", "width_m": 2, "extrude": false}}, {"type": "Feature", "geometry": {"type": "LineString", "coordinates": [[-1029.905807949621, -3097.8479477512965], [-1030.2963440573105, -3092.6159077510597], [-1034.9827773511454, -3038.1804277512615], [-1036.9354578901132, -3026.2691877512775]]}, "properties": {"osm_id": null, "type": "residential", "width_m": 5, "extrude": false}}, {"type": "Feature", "geometry": {"type": "LineString", "coordinates": [[-910.7922950680734, -3061.668947751282], [-905.422423585565, -3071.4651077510694], [-895.3661188095684, -3068.682107750977]]}, "properties": {"osm_id": null, "type": "footway", "width_m": 2, "extrude": false}}, {"type": "Feature", "geometry": {"type": "LineString", "coordinates": [[-922.2154762214168, -3086.938587751156], [-922.0202081674853, -3074.0254677513285], [-921.8249401135539, -3060.555747751324]]}, "properties": {"osm_id": null, "type": "footway", "width_m": 2, "extrude": false}}, {"type": "Feature", "geometry": {"type": "LineString", "coordinates": [[-905.422423585565, -3071.4651077510694], [-922.2154762214168, -3086.938587751156], [-928.7569560271673, -3087.1612277509894], [-946.038178797761, -3085.6027477509692]]}, "properties": {"osm_id": null, "type": "footway", "width_m": 2, "extrude": false}}, {"type": "Feature", "geometry": {"type": "LineString", "coordinates": [[-1004.5209609419985, -3095.9555077513287], [-979.6242840692913, -3091.0574277510395]]}, "properties": {"osm_id": null, "type": "residential", "width_m": 5, "extrude": false}}, {"type": "Feature", "geometry": {"type": "LineString", "coordinates": [[-1004.5209609419985, -3095.9555077513287], [-1029.905807949621, -3097.8479477512965]]}, "properties": {"osm_id": null, "type": "residential", "width_m": 5, "extrude": false}}, {"type": "Feature", "geometry": {"type": "LineString", "coordinates": [[-979.6242840692913, -3091.0574277510395], [-969.5679792931213, -3122.894947751337]]}, "properties": {"osm_id": null, "type": "residential", "width_m": 5, "extrude": false}}, {"type": "Feature", "geometry": {"type": "LineString", "coordinates": [[-969.5679792931213, -3122.894947751337], [-992.8048777078445, -3130.687347751042], [-997.2960429475747, -3127.0137877512207], [-1004.5209609419985, -3095.9555077513287]]}, "properties": {"osm_id": null, "type": "residential", "width_m": 5, "extrude": false}}, {"type": "Feature", "geometry": {"type": "LineString", "coordinates": [[-1027.0744211678748, -3136.698627751289], [-1029.3200037878266, -3104.6384677511583], [-1029.905807949621, -3097.8479477512965]]}, "properties": {"osm_id": null, "type": "residential", "width_m": 5, "extrude": false}}, {"type": "Feature", "geometry": {"type": "LineString", "coordinates": [[-1027.0744211678748, -3136.698627751289], [-992.8048777078445, -3130.687347751042]]}, "properties": {"osm_id": null, "type": "footway", "width_m": 2, "extrude": false}}, {"type": "Feature", "geometry": {"type": "LineString", "coordinates": [[-1297.5206758251534, -3102.300747751128], [-1290.979196019403, -3098.2932277509635], [-1257.1978226939411, -3064.897227751041], [-1247.9225901334971, -3055.323707751087], [-1201.5464273312766, -3011.1296677511386], [-1199.3008447114983, -3008.7919477511086], [-1166.2029095747098, -2976.509147751144], [-1161.028306146133, -2970.1639077509494]]}, "properties": {"osm_id": null, "type": "residential", "width_m": 5, "extrude": false}}, {"type": "Feature", "geometry": {"type": "LineString", "coordinates": [[-1036.9354578901132, -3026.2691877512775], [-1046.1130564236782, -3028.384267751079], [-1079.308625587346, -3037.957787751033], [-1101.4715497053592, -3043.8577477511653], [-1107.524859376541, -3045.9728277509666], [-1136.4245313542363, -3053.653907750953]]}, "properties": {"osm_id": null, "type": "residential", "width_m": 5, "extrude": false}}, {"type": "Feature", "geometry": {"type": "LineString", "coordinates": [[-1079.308625587346, -3037.957787751033], [-1077.4535790752568, -3043.0785077511555], [-1062.5155729514938, -3095.1762677513184]]}, "properties": {"osm_id": null, "type": "residential", "width_m": 5, "extrude": false}}, {"type": "Feature", "geometry": {"type": "LineString", "coordinates": [[-1197.8363343070987, -3126.902467751106], [-1199.6913808191878, -3122.0043877512126], [-1206.03759257118, -3092.393267751226], [-1257.1978226939411, -3064.897227751041]]}, "properties": {"osm_id": null, "type": "residential", "width_m": 5, "extrude": false}}, {"type": "Feature", "geometry": {"type": "LineString", "coordinates": [[-1060.074722277784, -3108.868627751156], [-1060.953428520389, -3101.6328277512325], [-1062.5155729514938, -3095.1762677513184]]}, "properties": {"osm_id": null, "type": "pedestrian", "width_m": 4, "extrude": false}}, {"type": "Feature", "geometry": {"type": "LineString", "coordinates": [[-1029.905807949621, -3097.8479477512965], [-1060.953428520389, -3101.6328277512325], [-1097.7614566811815, -3107.087507751303], [-1118.752772475953, -3111.4289877510196], [-1126.8563967129817, -3113.0987877511543]]}, "properties": {"osm_id": null, "type": "pedestrian", "width_m": 4, "extrude": false}}, {"type": "Feature", "geometry": {"type": "LineString", "coordinates": [[-1163.4822920497356, -3195.8095477511474], [-1175.087606027291, -3130.4647077512086], [-1176.454482404638, -3122.6723077511083], [-1177.4308226741218, -3116.5497077511423], [-1194.9073134986472, -3016.0277477510326], [-1199.3008447114983, -3008.7919477511086]]}, "properties": {"osm_id": null, "type": "residential", "width_m": 5, "extrude": false}}, {"type": "Feature", "geometry": {"type": "LineString", "coordinates": [[-1308.0651507360653, -3115.9931077509655], [-1302.5000111997988, -3112.9874677510397], [-1294.39638696277, -3108.645987751323], [-1290.393391857782, -3106.6422277512406]]}, "properties": {"osm_id": null, "type": "footway", "width_m": 2, "extrude": false}}, {"type": "Feature", "geometry": {"type": "LineString", "coordinates": [[-1297.5206758251534, -3102.300747751128], [-1308.1627847629443, -3100.5196277512746], [-1311.38470765238, -3101.0762277510557], [-1396.7168472084659, -3114.6572677511745], [-1501.8686942359077, -3131.243947751219]]}, "properties": {"osm_id": null, "type": "residential", "width_m": 5, "extrude": false}}, {"type": "Feature", "geometry": {"type": "LineString", "coordinates": [[-1126.8563967129817, -3113.0987877511543], [-1142.5754750522972, -3115.8817877512465], [-1170.9869768952506, -3121.5591077511503], [-1176.454482404638, -3122.6723077511083], [-1197.8363343070987, -3126.902467751106], [-1205.0612523015227, -3128.349627751012], [-1236.792311060964, -3134.5835477510923], [-1272.2334628445833, -3141.5967077511827], [-1280.337087081612, -3143.2665077513175], [-1288.9288814533827, -3144.936307751056]]}, "properties": {"osm_id": null, "type": "residential", "width_m": 5, "extrude": false}}, {"type": "Feature", "geometry": {"type": "LineString", "coordinates": [[-1396.7168472084659, -3114.6572677511745], [-1389.1013931063524, -3163.0814677511207]]}, "properties": {"osm_id": null, "type": "residential", "width_m": 5, "extrude": false}}, {"type": "Feature", "geometry": {"type": "LineString", "coordinates": [[-1089.5601984172738, -3151.2815477512513], [-1057.04806744228, -3144.713667751223], [-1030.7845141920523, -3138.4797477511424], [-1027.0744211678748, -3136.698627751289]]}, "properties": {"osm_id": null, "type": "residential", "width_m": 5, "extrude": false}}, {"type": "Feature", "geometry": {"type": "LineString", "coordinates": [[-1416.1460185719588, -3167.0889877512855], [-1389.1013931063524, -3163.0814677511207], [-1288.9288814533827, -3144.936307751056]]}, "properties": {"osm_id": null, "type": "residential", "width_m": 5, "extrude": false}}, {"type": "Feature", "geometry": {"type": "LineString", "coordinates": [[-1142.5754750522972, -3115.8817877512465], [-1141.3062327018295, -3122.449667751275], [-1128.541565253237, -3195.8095477511474]]}, "properties": {"osm_id": null, "type": "residential", "width_m": 5, "extrude": false}}, {"type": "Feature", "geometry": {"type": "LineString", "coordinates": [[-1290.7839279654715, -3169.4267077513155], [-1284.9258863483944, -3168.3135077509623], [-1275.35775170714, -3166.3097477512756], [-1269.7926121708736, -3165.1965477513177]]}, "properties": {"osm_id": null, "type": "footway", "width_m": 2, "extrude": false}}, {"type": "Feature", "geometry": {"type": "LineString", "coordinates": [[-1080.8403898343738, -3195.8095477511474], [-1089.5601984172738, -3151.2815477512513], [-1097.7614566811815, -3107.087507751303], [-1106.5485191068838, -3051.427507751037], [-1107.524859376541, -3045.9728277509666]]}, "properties": {"osm_id": null, "type": "residential", "width_m": 5, "extrude": false}}, {"type": "Feature", "geometry": {"type": "LineString", "coordinates": [[-1382.5442099254822, -3195.8095477511474], [-1389.1013931063524, -3163.0814677511207]]}, "properties": {"osm_id": null, "type": "track", "width_m": 3, "extrude": false}}, {"type": "Feature", "geometry": {"type": "LineString", "coordinates": [[-1428.9360761028227, -2807.3027477512223], [-1404.8204714454946, -2862.851427750978], [-1349.2667101098823, -2987.6411477511183], [-1344.6779108430997, -2998.550507751259], [-1297.5206758251534, -3102.300747751128], [-1294.39638696277, -3108.645987751323], [-1280.337087081612, -3143.2665077513175], [-1275.35775170714, -3166.3097477512756], [-1270.4282891208807, -3195.8095477511474]]}, "properties": {"osm_id": null, "type": "primary", "width_m": 13, "extrude": false}}, {"type": "Feature", "geometry": {"type": "LineString", "coordinates": [[-1197.8363343070987, -3126.902467751106], [-1196.6647259836836, -3133.4703477511343], [-1186.7985506286066, -3195.8095477511474]]}, "properties": {"osm_id": null, "type": "residential", "width_m": 5, "extrude": false}}, {"type": "Feature", "geometry": {"type": "LineString", "coordinates": [[-971.5700444853337, -3195.8095477511474], [-977.7692375572024, -3177.664387751083]]}, "properties": {"osm_id": null, "type": "pedestrian", "width_m": 4, "extrude": false}}, {"type": "Feature", "geometry": {"type": "LineString", "coordinates": [[-1003.4469866454621, -3184.5662277510587], [-1017.7015545805517, -3191.579387751149], [-1022.6808899550236, -3194.473707750961]]}, "properties": {"osm_id": null, "type": "footway", "width_m": 2, "extrude": false}}, {"type": "Feature", "geometry": {"type": "LineString", "coordinates": [[-968.7576168698347, -3195.8095477511474], [-946.5263489325031, -3186.7926277509746]]}, "properties": {"osm_id": null, "type": "footway", "width_m": 2, "extrude": false}}, {"type": "Feature", "geometry": {"type": "LineString", "coordinates": [[-908.7500420271716, -3195.8095477511474], [-911.9639033914889, -3180.447387751175]]}, "properties": {"osm_id": null, "type": "footway", "width_m": 2, "extrude": false}}, {"type": "Feature", "geometry": {"type": "LineString", "coordinates": [[-882.4111143513153, -3195.8095477511474], [-882.7713293328096, -3184.788867751288], [-869.4931016672039, -3183.786987751049]]}, "properties": {"osm_id": null, "type": "footway", "width_m": 2, "extrude": false}}, {"type": "Feature", "geometry": {"type": "LineString", "coordinates": [[-933.1504872400184, -3184.3435877512256], [-928.9369517192699, -3195.8095477511474]]}, "properties": {"osm_id": null, "type": "footway", "width_m": 2, "extrude": false}}, {"type": "Feature", "geometry": {"type": "LineString", "coordinates": [[-1052.0608291447957, -3195.8095477511474], [-1056.4622632804856, -3151.3928677509703], [-1057.04806744228, -3144.713667751223], [-1060.074722277784, -3108.868627751156]]}, "properties": {"osm_id": null, "type": "residential", "width_m": 5, "extrude": false}}, {"type": "Feature", "geometry": {"type": "LineString", "coordinates": [[-1022.6808899550236, -3194.473707750961], [-1022.6374970542079, -3195.8095477511474]]}, "properties": {"osm_id": null, "type": "footway", "width_m": 2, "extrude": false}}, {"type": "Feature", "geometry": {"type": "LineString", "coordinates": [[-1226.709304131687, -3195.8095477511474], [-1235.8159707914804, -3141.374067750954], [-1236.792311060964, -3134.5835477510923]]}, "properties": {"osm_id": null, "type": "residential", "width_m": 5, "extrude": false}}, {"type": "Feature", "geometry": {"type": "LineString", "coordinates": [[-1279.9781559095468, -3195.8095477511474], [-1284.9258863483944, -3168.3135077509623], [-1288.9288814533827, -3144.936307751056]]}, "properties": {"osm_id": null, "type": "primary", "width_m": 13, "extrude": false}}, {"type": "Feature", "geometry": {"type": "LineString", "coordinates": [[-873.9842669071074, -3173.9908277512613], [-869.4931016672039, -3183.786987751049], [-868.9179484903082, -3195.8095477511474]]}, "properties": {"osm_id": null, "type": "pedestrian", "width_m": 4, "extrude": false}}, {"type": "Feature", "geometry": {"type": "LineString", "coordinates": [[-1451.0013661939572, -2764.221907751232], [-1449.9273918974209, -2761.6615477509727], [-1449.1463196818681, -2760.437027751296], [-1447.9747113584529, -2759.5464677511713], [-1446.705469007985, -2759.101187751109], [-1445.240958603759, -2758.9898677509946], [-1443.8740822264122, -2759.3238277509427], [-1442.7024739029969, -2760.214387751067], [-1440.5545253100975, -2761.995507751316]]}, "properties": {"osm_id": null, "type": "residential", "width_m": 5, "extrude": false}}, {"type": "Feature", "geometry": {"type": "LineString", "coordinates": [[-1440.5545253100975, -2761.995507751316], [-1441.726133633513, -2765.6690677511374], [-1442.8001079298758, -2766.8935877512095], [-1444.0693502803438, -2767.6728277512198], [-1445.631494711622, -2768.0067877511674], [-1447.1936391427269, -2767.7841477513343], [-1448.560515520074, -2767.116227751043], [-1451.0013661939572, -2764.221907751232]]}, "properties": {"osm_id": null, "type": "residential", "width_m": 5, "extrude": false}}, {"type": "Feature", "geometry": {"type": "LineString", "coordinates": [[-2323.947201172587, -2212.408667751122], [-2306.958880482803, -2204.83890775125], [-2281.1834973674913, -2201.8332677513245], [-2214.987627093915, -2221.982187751076], [-2206.786368830007, -2230.553827751186], [-2201.025961239809, -2242.353747751056], [-2195.656089757474, -2277.085587751165], [-2190.286218275139, -2284.7666677511506], [-2192.5318008950912, -2320.9456677511653], [-2184.7210787388726, -2519.2065877512923], [-2180.3275475260216, -2560.394987751315], [-2176.226918393981, -2586.5551877513135], [-2163.729762944101, -2611.936147751302], [-2147.522514470044, -2661.6961877510394], [-2149.572829036064, -2683.8488677512687], [-2146.3509061466284, -2695.7601077512527], [-2120.7707910852478, -2768.229427751001], [-2094.6048718620727, -2841.4779877511546], [-2070.489267204918, -2912.166187751049], [-2036.024455690783, -2994.7656277513233], [-2028.4090015884963, -3014.80322775096], [-1970.219121525069, -3183.67566775133], [-1965.8824095879838, -3195.8095477511474]]}, "properties": {"osm_id": null, "type": "track", "width_m": 3, "extrude": false}}, {"type": "Feature", "geometry": {"type": "LineString", "coordinates": [[-1451.0013661939572, -2764.221907751232], [-1458.8120883500019, -2766.003027751085], [-1476.67911528239, -2770.0105477512498], [-1492.886363756274, -2774.463347751081], [-1506.1645914218798, -2779.5840677512037], [-1516.7090663326182, -2784.4821477510973], [-1522.6647419767478, -2787.9330677510857], [-1526.8630051356674, -2790.716067751178], [-1529.6943919172402, -2793.7217077511036], [-1531.6470724563815, -2796.7273477510294], [-1533.4044849414176, -2800.289587751132], [-1534.380825211075, -2803.9631477509533], [-1534.5760932648332, -2808.3046277510657], [-1521.9813037880742, -2983.4109877511205], [-1512.8037052545092, -3121.2251477512027], [-1511.6320969310939, -3124.8987077510237], [-1510.265220553747, -3127.3477477511683], [-1508.4101740416581, -3129.3515077512507], [-1506.0669573948273, -3130.7986677511562], [-1504.1142768558595, -3131.243947751219], [-1501.8686942359077, -3131.243947751219]]}, "properties": {"osm_id": null, "type": "residential", "width_m": 5, "extrude": false}}, {"type": "Feature", "geometry": {"type": "LineString", "coordinates": [[-2155.430870653141, -2902.815307751324], [-2136.196967343579, -2920.292547751097], [-2113.350605036893, -2955.024387751206], [-2109.738146039594, -2984.858147751026], [-2097.3386246167665, -3002.6693477511426], [-2071.758509555212, -3013.2447477513356], [-2051.3529979222358, -3018.476787751177], [-2036.1220897178353, -3018.810747751125], [-2028.4090015884963, -3014.80322775096]]}, "properties": {"osm_id": null, "type": "track", "width_m": 3, "extrude": false}}, {"type": "Feature", "geometry": {"type": "LineString", "coordinates": [[-1630.062171623968, -3002.891987750976], [-1638.84923404967, -3003.2259477513194], [-1653.4943380926225, -3007.344787751203], [-1667.0654678388655, -3019.812627750968], [-1686.2993711484269, -3025.489947751267], [-1698.2107224365122, -3038.0691077511474], [-1700.5539390835165, -3052.429387751276], [-1705.1427383501257, -3065.453827751218], [-1720.8618166894412, -3073.357547751037], [-1726.4269562257077, -3081.261267751252], [-1745.6608595352693, -3087.2725477511035], [-1763.6255204945364, -3085.7140677510833], [-1772.7054850010493, -3082.931067750991], [-1785.1050064238766, -3083.1537077512203], [-1808.5371728925313, -3083.487667751168], [-1813.5165082670035, -3081.261267751252], [-1829.1379525792663, -3085.046147751188], [-1842.904350379614, -3087.4951877513327], [-1850.4221704548484, -3086.7159477513223], [-1884.594079888173, -3087.6065077510516], [-1892.5024360712703, -3092.2819477511116], [-1903.6327151438034, -3090.6121477509773], [-1909.1002206531905, -3092.8385477512884], [-1927.748319800958, -3092.9498677510073], [-1940.8312794124586, -3091.391387750987], [-1949.2278057304713, -3093.9517477512463], [-1954.1095070780643, -3097.4026677512343], [-1968.1688069590489, -3098.1819077512446]]}, "properties": {"osm_id": null, "type": "footway", "width_m": 2, "extrude": false}}, {"type": "Feature", "geometry": {"type": "LineString", "coordinates": [[-2036.024455690783, -2994.7656277513233], [-2025.284712726113, -2995.099587751271], [-2004.3910309583941, -3008.7919477511086], [-1994.0418241014133, -3073.134907751204], [-1988.9648546998892, -3086.381987750979], [-1968.1688069590489, -3098.1819077512446], [-1955.1834813744274, -3105.5290277512827], [-1926.2838093967318, -3155.1777477513015], [-1919.644695563929, -3157.181507750988], [-1897.4817714457424, -3161.4116677509865], [-1856.8660162337196, -3190.1322277512436], [-1811.0756575932935, -3194.807667751304], [-1763.039716332742, -3189.241667751119], [-1733.847142274063, -3191.0227877509724], [-1721.2990001652606, -3195.8095477511474]]}, "properties": {"osm_id": null, "type": "track", "width_m": 3, "extrude": false}}, {"type": "Feature", "geometry": {"type": "LineString", "coordinates": [[-1566.5620853157657, -3195.8095477511474], [-1506.1645914218798, -3186.347347751308], [-1429.7171483183752, -3183.786987751049], [-1405.2539665251288, -3195.8095477511474]]}, "properties": {"osm_id": null, "type": "track", "width_m": 3, "extrude": false}}, {"type": "Feature", "geometry": {"type": "LineString", "coordinates": [[-2180.3275475260216, -2560.394987751315], [-2193.8010432453852, -2563.066667751293], [-2183.8423724962677, -2632.8643077510633], [-2179.0583051755534, -2654.460387751116], [-2184.5258106849415, -2679.6187077512704], [-2170.271242750025, -2930.0887077512803], [-2161.484180324323, -2942.8905077509935], [-2158.066989380956, -2975.0619877512386], [-2164.608469186706, -2987.752467751233], [-2163.5344948901698, -3193.9171077511796], [-2162.5494231223033, -3195.8095477511474]]}, "properties": {"osm_id": null, "type": "track", "width_m": 3, "extrude": false}}, {"type": "Feature", "geometry": {"type": "LineString", "coordinates": [[2022.817312761468, -237.92582775108428], [2037.7553188850577, -242.26730775119677]]}, "properties": {"osm_id": null, "type": "footway", "width_m": 2, "extrude": false}}, {"type": "Feature", "geometry": {"type": "LineString", "coordinates": [[898.7567604620004, -1694.659347751225], [923.0676331730866, -1692.3216277511947], [946.7927017223783, -1687.3122277511866], [971.1035744334646, -1680.0764277512628], [995.9026172792927, -1671.6161077512668], [1014.4530824001807, -1664.6029477511763], [1043.059852297239, -1650.0200277512142], [1062.4890236607323, -1638.6653877510114], [1080.844220727689, -1626.8654677511418]]}, "properties": {"osm_id": null, "type": "secondary", "width_m": 9, "extrude": false}}, {"type": "Feature", "geometry": {"type": "LineString", "coordinates": [[-426.5275213856649, -2267.178107751263], [-430.23761440984254, -2260.276267751287], [-440.0986511319076, -2242.799027751118], [-448.9833475846622, -2231.1104277509676], [-452.2052704740979, -2227.2142277513126]]}, "properties": {"osm_id": null, "type": "footway", "width_m": 2, "extrude": false}}, {"type": "Feature", "geometry": {"type": "LineString", "coordinates": [[-527.4811052541872, -2247.363147751064], [-549.6440293722005, -2279.423307751195], [-551.4014418574104, -2278.310107751237], [-554.7209987737251, -2276.1950277510405], [-559.8956022021285, -2272.966747751281], [-550.718003668737, -2258.16118775109], [-547.7889828601118, -2253.931027751092], [-537.6350440570628, -2240.572627751202]]}, "properties": {"osm_id": null, "type": "footway", "width_m": 2, "extrude": false}}, {"type": "Feature", "geometry": {"type": "LineString", "coordinates": [[-702.148379471347, -2314.934387751314], [-613.4966829989464, -2303.579747751111], [-616.0351676997087, -2299.4609077512273], [-614.3753892413779, -2298.0137477513217], [-609.9818580287002, -2294.2288677509905], [-606.2717650045226, -2291.2232277510648], [-599.6326511717199, -2293.3383077512613], [-592.505367204175, -2294.6741477510527], [-582.1561603471945, -2293.44962775098], [-576.493386784049, -2291.779827751241], [-559.8956022021285, -2272.966747751281]]}, "properties": {"osm_id": null, "type": "footway", "width_m": 2, "extrude": false}}, {"type": "Feature", "geometry": {"type": "LineString", "coordinates": [[-596.801264390147, -2303.245787751163], [-581.8632582663839, -2303.579747751111], [-576.8839228919119, -2303.02314775133]]}, "properties": {"osm_id": null, "type": "residential", "width_m": 5, "extrude": false}}, {"type": "Feature", "geometry": {"type": "LineString", "coordinates": [[-608.9078837321639, -2309.702347751077], [-596.801264390147, -2303.245787751163]]}, "properties": {"osm_id": null, "type": "residential", "width_m": 5, "extrude": false}}, {"type": "Feature", "geometry": {"type": "LineString", "coordinates": [[-549.6440293722005, -2279.423307751195], [-562.6293549568223, -2297.7911077510926], [-581.9608922934365, -2316.7155077511675], [-613.3014149450149, -2339.536107751292], [-614.6682913223618, -2336.975747751033], [-616.4257038073982, -2333.413507751326], [-618.9641885081604, -2329.0720277512137], [-611.5440024598051, -2322.838107751133], [-611.9345385676681, -2318.941907751083], [-614.1801211876199, -2315.0457077510328], [-619.7452607238863, -2313.598547751127], [-700.8791371210525, -2322.9494277512476]]}, "properties": {"osm_id": null, "type": "footway", "width_m": 2, "extrude": false}}, {"type": "Feature", "geometry": {"type": "LineString", "coordinates": [[-85.5894992690111, -2348.664347751184], [-95.25526793714471, -2350.445467751037], [-116.73475386665814, -2350.6681077512662], [-126.79105864265469, -2348.775667751298], [-138.409507850103, -2344.7681477511337], [-146.90366819482125, -2338.422907751334], [-155.88599867445487, -2327.736187751027], [-163.59908680362065, -2302.021267751091], [-164.673061100157, -2292.7817077510845], [-166.03993747750388, -2272.632787751333]]}, "properties": {"osm_id": null, "type": "residential", "width_m": 5, "extrude": false}}, {"type": "Feature", "geometry": {"type": "LineString", "coordinates": [[-604.0261823845709, -2325.3984677509966], [-603.8309143306393, -2318.7192677512494], [-606.7599351392645, -2313.4872277510126], [-608.9078837321639, -2309.702347751077]]}, "properties": {"osm_id": null, "type": "residential", "width_m": 5, "extrude": false}}, {"type": "Feature", "geometry": {"type": "LineString", "coordinates": [[-955.6063134390156, -3163.860707751131], [-969.5679792931213, -3122.894947751337]]}, "properties": {"osm_id": null, "type": "pedestrian", "width_m": 4, "extrude": false}}, {"type": "Feature", "geometry": {"type": "LineString", "coordinates": [[-977.7692375572024, -3177.664387751083], [-989.0947846834935, -3139.815587751329], [-992.8048777078445, -3130.687347751042]]}, "properties": {"osm_id": null, "type": "pedestrian", "width_m": 4, "extrude": false}}, {"type": "Feature", "geometry": {"type": "LineString", "coordinates": [[-1027.0744211678748, -3136.698627751289], [-1023.1690600899392, -3177.2191077510206]]}, "properties": {"osm_id": null, "type": "footway", "width_m": 2, "extrude": false}}, {"type": "Feature", "geometry": {"type": "LineString", "coordinates": [[-923.0941824640217, -3159.4079077512993], [-925.0468630029895, -3158.7399877510084], [-928.1711518655462, -3157.849427751279], [-938.4227246954741, -3159.1852677510706]]}, "properties": {"osm_id": null, "type": "pedestrian", "width_m": 4, "extrude": false}}, {"type": "Feature", "geometry": {"type": "LineString", "coordinates": [[-837.6644088808835, -3156.179627751145], [-871.0552460984823, -3163.0814677511207], [-876.9132877155592, -3163.972027751245]]}, "properties": {"osm_id": null, "type": "pedestrian", "width_m": 4, "extrude": false}}, {"type": "Feature", "geometry": {"type": "LineString", "coordinates": [[-876.9132877155592, -3163.972027751245], [-873.9842669071074, -3173.9908277512613]]}, "properties": {"osm_id": null, "type": "pedestrian", "width_m": 4, "extrude": false}}, {"type": "Feature", "geometry": {"type": "LineString", "coordinates": [[-955.6063134390156, -3163.860707751131], [-938.4227246954741, -3159.1852677510706], [-933.1504872400184, -3184.3435877512256], [-946.5263489325031, -3186.7926277509746], [-955.6063134390156, -3163.860707751131]]}, "properties": {"osm_id": null, "type": "pedestrian", "width_m": 4, "extrude": false}}, {"type": "Feature", "geometry": {"type": "LineString", "coordinates": [[-912.7449756070412, -3168.3135077509623], [-911.9639033914889, -3180.447387751175], [-933.1504872400184, -3184.3435877512256]]}, "properties": {"osm_id": null, "type": "footway", "width_m": 2, "extrude": false}}, {"type": "Feature", "geometry": {"type": "LineString", "coordinates": [[-977.7692375572024, -3177.664387751083], [-1003.4469866454621, -3184.5662277510587]]}, "properties": {"osm_id": null, "type": "footway", "width_m": 2, "extrude": false}}, {"type": "Feature", "geometry": {"type": "LineString", "coordinates": [[-1023.1690600899392, -3177.2191077510206], [-1022.6808899550236, -3194.473707750961]]}, "properties": {"osm_id": null, "type": "footway", "width_m": 2, "extrude": false}}, {"type": "Feature", "geometry": {"type": "LineString", "coordinates": [[559.6737848574354, -1789.3926677513166], [553.620475186427, -1793.4001877510857], [499.4335902279882, -1828.9112677512046], [444.075096946134, -1862.4185877512414], [416.4446673187332, -1897.595707751017], [394.67227930840926, -1893.9221477511956], [306.99692310531924, -1931.5483077511158], [280.0499316665918, -2049.9927877510613], [255.9343270094371, -2080.8284277511198], [220.29790717188655, -2160.9788277512494], [168.45423886045197, -2181.461707750949], [119.44195733041671, -2211.0728277513304], [79.704908360999, -2234.783987751184], [56.077473838586265, -2242.799027751118], [40.553663553202256, -2260.276267751287], [32.157137235189616, -2278.9780277511327], [22.491368567055993, -2289.3307877510965], [8.139166605087375, -2317.1607877512297], [1.5976867993369879, -2335.751227750961], [-25.154036585632408, -2364.805747751166], [-49.75781137752906, -2387.6263477512907], [-114.39153721982736, -2403.433787751325], [-146.02496195221636, -2391.0772677512787], [-183.32116024792424, -2339.7587477511256], [-217.10253357338598, -2293.8949077510424], [-249.02886038675894, -2240.7952677510357], [-278.0261663915067, -2229.774587751176], [-290.0351517066445, -2233.3368277512786], [-296.08846137765295, -2231.8896677509774], [-305.363693938097, -2227.3255477510315], [-347.443959554519, -2227.3255477510315], [-371.85246629248417, -2234.6726677510696], [-393.72248832968705, -2244.1348677513047], [-403.1929889440627, -2255.82346775106], [-426.5275213856649, -2267.178107751263], [-490.28254098535825, -2292.7817077510845], [-523.9662802837676, -2306.6967077511513], [-540.3687968117565, -2316.492867751334], [-545.9339363480229, -2330.1852277511716], [-642.0058188689522, -2419.909147751255], [-662.7042325827398, -2437.052427751081], [-678.5209449489342, -2464.103187751203], [-689.2606879137777, -2487.9256677511717], [-692.5802448300924, -2499.6142677513226], [-705.1750343068512, -2507.963267751204], [-713.1810245170009, -2514.308507751003]]}, "properties": {"osm_id": null, "type": "footway", "width_m": 2, "extrude": false}}, {"type": "Feature", "geometry": {"type": "LineString", "coordinates": [[138.28532453211542, -2151.9619077510765], [168.45423886045197, -2181.461707750949]]}, "properties": {"osm_id": null, "type": "footway", "width_m": 2, "extrude": false}}, {"type": "Feature", "geometry": {"type": "LineString", "coordinates": [[-94.66946377552374, -2132.8148677511685], [-96.62214431449158, -2131.812987751325], [-103.94469633596785, -2143.612907751195], [-106.19027895591961, -2142.1657477512895], [-134.7970488528044, -2187.8069477511435], [-133.43017247545754, -2188.5861877511534], [-141.63143073953873, -2201.72194775121], [-133.625440529389, -2206.8426677513326]]}, "properties": {"osm_id": null, "type": "footway", "width_m": 2, "extrude": false}}, {"type": "Feature", "geometry": {"type": "LineString", "coordinates": [[-116.0513156779847, -2264.172467751337], [-92.71678323638245, -2272.4101477511044], [-76.80243684330894, -2274.302587751072], [-61.08335850399346, -2273.85730775101], [-47.60986278462975, -2270.0724277510744], [-37.846460089443674, -2264.840387751233], [-26.716181016910742, -2255.04422775105], [-14.902463755704375, -2240.12734775114], [2.3787590148894378, -2217.084107751182], [74.82320701340596, -2124.2432277510584], [78.5333000375836, -2119.7904277512266], [88.68723884045919, -2107.322587751066]]}, "properties": {"osm_id": null, "type": "tertiary", "width_m": 7, "extrude": false}}, {"type": "Feature", "geometry": {"type": "LineString", "coordinates": [[32.157137235189616, -2278.9780277511327], [-12.0710769739582, -2242.353747751056], [-13.24268529737359, -2241.3518677512125], [-14.902463755704375, -2240.12734775114]]}, "properties": {"osm_id": null, "type": "footway", "width_m": 2, "extrude": false}}, {"type": "Feature", "geometry": {"type": "LineString", "coordinates": [[5.893583985135612, -2219.6444677510453], [-12.0710769739582, -2242.353747751056], [-24.958768531700937, -2258.495147751038], [-31.988418472193285, -2265.285667751295], [-41.65418714050034, -2271.6309077510946], [-57.37326547981582, -2278.0874677510083], [-76.02136462758305, -2280.8704677511005], [-97.69611861102796, -2279.3119877510803], [-109.02166573749236, -2275.41578775103], [-113.31756292329098, -2275.0818277510825], [-117.5158260822106, -2276.751627751217], [-120.93301702557773, -2279.7572677511425], [-122.98333159159804, -2287.9949477513055], [-122.88569756471901, -2300.0175077510085], [-121.3235531334407, -2307.1419877512135], [-115.66077957012176, -2317.3834277510628], [-108.04532546800843, -2327.5135477511935], [-96.9150463954755, -2336.3078277511377], [-84.32025691854325, -2343.543627751061], [-69.47988482183267, -2338.2002677511055], [-67.91774039055434, -2335.1946277511797], [-41.36128505968985, -2321.7249077511756], [-23.201356046491135, -2306.9193477509843], [-19.979433157228883, -2308.143867751057], [-16.952778321551236, -2315.936267751157], [-19.78416510329741, -2319.387187751145], [-35.0150733076975, -2331.075787751296], [-53.663172455638176, -2341.6511877510934], [-82.07467429876492, -2352.115267751172], [-93.79075753291883, -2355.232227751212], [-113.9033670850854, -2355.9001477511074], [-125.61945031923929, -2353.5624277510774], [-142.70540503590163, -2347.2171877512783], [-150.41849316506742, -2340.0927077510732], [-157.35050907868077, -2331.187107751015], [-167.8949839895927, -2305.0269077510166], [-169.35949439381858, -2292.2251077513033], [-170.531102717234, -2279.979907750976], [-175.60807211875849, -2274.079947751239], [-175.0222679571375, -2268.5139477510543], [-172.28851520244376, -2263.727187751275], [-167.8949839895927, -2261.834747751307], [-162.91564861494723, -2262.3913477510882], [-159.4984576717535, -2264.506427751285], [-157.93631324047516, -2268.179987751106], [-157.35050907868077, -2273.1893877511143], [-159.98662780649545, -2277.4195477511125], [-161.9393083454633, -2280.981787751215], [-160.57243196811643, -2293.3383077512613], [-158.42448337521714, -2304.9155877512976], [-154.71439035103947, -2316.604187751053], [-150.22322511130938, -2325.7324277509447], [-144.85335362880093, -2332.8569077511493], [-137.7260696614296, -2339.8700677512397], [-129.23190931653792, -2343.76626775129], [-122.39752742997706, -2344.7681477511337], [-117.12528997452107, -2342.6530677513324], [-115.85604762405325, -2337.7549877510432], [-116.63711983977913, -2331.743707751192], [-124.05730588813441, -2320.9456677511653], [-128.6461051547435, -2312.040067751107], [-130.79405374781624, -2303.9137077510586], [-131.37985790943722, -2296.1213077509583], [-130.69641972076383, -2286.4364677512854], [-129.23190931653792, -2266.398867751253], [-132.55146623285262, -2260.9441877511827], [-147.78237443742614, -2252.0385877511244], [-146.3178640332003, -2249.8121877512085], [-143.77937933243803, -2246.027307751273], [-140.85035852381284, -2241.463187751327], [-118.88270245955745, -2254.932907751331], [-104.43286647070981, -2262.2800277509737], [-94.66946377552374, -2266.1762277510243], [-79.3409215440712, -2267.623387751325], [-62.64550293527179, -2265.0630277510663], [-59.03304393797317, -2263.504547751046], [-49.074373188855624, -2259.163067751329], [-35.69851149637093, -2250.4801077511042], [-20.76050537278133, -2232.446267751154], [-3.7721846831714414, -2212.2973477510072]]}, "properties": {"osm_id": null, "type": "footway", "width_m": 2, "extrude": false}}, {"type": "Feature", "geometry": {"type": "LineString", "coordinates": [[-116.0513156779847, -2264.172467751337], [-118.68743440562598, -2267.512067751211], [-124.3502079689449, -2276.528987750988], [-126.98632669658615, -2290.110027751107], [-126.69342461577567, -2304.804267751183], [-120.83538299869872, -2318.273987751187], [-110.09564003385529, -2331.966347751025], [-95.93870612581814, -2341.762507751208], [-85.5894992690111, -2348.664347751184], [-65.86742582470748, -2344.3228677510715], [-50.63651762013396, -2337.0870677511475], [-33.745830957403086, -2327.290907750965], [-19.78416510329741, -2316.604187751053]]}, "properties": {"osm_id": null, "type": "residential", "width_m": 5, "extrude": false}}, {"type": "Feature", "geometry": {"type": "LineString", "coordinates": [[-116.73475386665814, -2350.6681077512662], [-113.9033670850854, -2344.5455077513], [-111.75541849218608, -2338.8681877510007], [-110.09564003385529, -2331.966347751025]]}, "properties": {"osm_id": null, "type": "residential", "width_m": 5, "extrude": false}}]}