{"type": "FeatureCollection", "crs": {"type": "name", "properties": {"name": "EPSG:32628_local_enu_m_section_centroid", "lng0": -16.66679152869681, "lat0": 28.039218390173225}}, "features": [{"type": "Feature", "geometry": {"type": "LineString", "coordinates": [[-1198.8425132658797, -685.6877659165057], [-1205.5237805392492, -678.897245916644], [-1207.5871130795083, -676.7821659164473]]}, "properties": {"osm_id": null, "type": "service", "width_m": 3.5, "extrude": false}}, {"type": "Feature", "geometry": {"type": "LineString", "coordinates": [[-1198.6460054050524, -670.6595659164814], [-1204.1482255124097, -675.7802859166038], [-1207.5871130795083, -676.7821659164473], [-1212.1067938816814, -678.0066859165196], [-1217.1177443367958, -682.7934459166943], [-1225.8623441500752, -692.5896059164816]]}, "properties": {"osm_id": null, "type": "residential", "width_m": 5, "extrude": false}}, {"type": "Feature", "geometry": {"type": "LineString", "coordinates": [[-1282.1618463192033, -700.71596591653], [-1284.42168672029, -692.2556459165338], [-1284.2251788594624, -683.5726859167044], [-1281.3758148751954, -675.3350059165416], [-1276.266610489842, -668.2105259167322], [-1269.3888353559942, -662.8671659163808]]}, "properties": {"osm_id": null, "type": "primary", "width_m": 12, "extrude": false}}, {"type": "Feature", "geometry": {"type": "LineString", "coordinates": [[-1225.8623441500752, -692.5896059164816], [-1227.7291688291575, -699.7140859166865]]}, "properties": {"osm_id": null, "type": "primary", "width_m": 12, "extrude": false}}, {"type": "Feature", "geometry": {"type": "LineString", "coordinates": [[-1227.7291688291575, -699.7140859166865], [-1232.8383732145112, -708.1744059166826], [-1240.6004337229551, -714.519645916482], [-1249.9345571194153, -717.859245916751]]}, "properties": {"osm_id": null, "type": "primary", "width_m": 12, "extrude": false}}, {"type": "Feature", "geometry": {"type": "LineString", "coordinates": [[-1257.6966176278593, -718.1932059166988], [-1265.3604242060642, -716.5234059165642], [-1272.3364532705002, -712.8498459167429], [-1278.0351812386853, -707.3951659166726], [-1282.1618463192033, -700.71596591653]]}, "properties": {"osm_id": null, "type": "primary", "width_m": 12, "extrude": false}}, {"type": "Feature", "geometry": {"type": "LineString", "coordinates": [[-1249.9345571194153, -717.859245916751], [-1257.6966176278593, -718.1932059166988]]}, "properties": {"osm_id": null, "type": "primary", "width_m": 12, "extrude": false}}, {"type": "Feature", "geometry": {"type": "LineString", "coordinates": [[-1408.6146548564418, -816.0434859164352], [-1409.990209883281, -808.8076859165113], [-1411.2675109795323, -791.8870459165191], [-1408.2216391344377, -775.3003659164747], [-1402.9159268879077, -753.7042859164222], [-1400.8525943479976, -729.3252059166729]]}, "properties": {"osm_id": null, "type": "track", "width_m": 3, "extrude": false}}, {"type": "Feature", "geometry": {"type": "LineString", "coordinates": [[-1426.8898859270087, -818.7151659164131], [-1447.1301956072462, -827.7320859165859], [-1454.794002185451, -832.0735659166984], [-1485.5474824278117, -836.6376859166442], [-1510.7004886325753, -838.6414459167265], [-1566.9017368714642, -843.873485916568], [-1596.476169948162, -845.0350730099079]]}, "properties": {"osm_id": null, "type": "track", "width_m": 3, "extrude": false}}, {"type": "Feature", "geometry": {"type": "LineString", "coordinates": [[-1191.5717224100279, -1432.867605916536], [-1197.761720030805, -1398.135765916427], [-1218.8863150852899, -1156.9053259164239], [-1226.5501216634948, -1095.234045916702], [-1236.5720225730254, -1043.6928859167153], [-1249.1485256754072, -994.4894459167588], [-1258.8756647938712, -962.4292859166279], [-1293.9523179775772, -864.6903259166105], [-1301.5178706251938, -840.0886059166322], [-1304.2689806788726, -828.8452859165437], [-1305.7427896363001, -817.4906459167363], [-1306.2340592885434, -805.3567659165233], [-1306.2340592885434, -794.7813659167259], [-1305.0550121228805, -779.5305259164728], [-1302.5986638606175, -765.1702459167395], [-1298.1772369886837, -748.8062059165286], [-1284.9129563728823, -718.3045259164178], [-1282.1618463192033, -700.71596591653]]}, "properties": {"osm_id": null, "type": "primary", "width_m": 12, "extrude": false}}, {"type": "Feature", "geometry": {"type": "LineString", "coordinates": [[-1257.6966176278593, -718.1932059166988], [-1268.8975657034018, -725.651645916456], [-1277.5439115864422, -735.2251659164099], [-1283.3408934852152, -743.9081259166348], [-1287.5658124959728, -755.7080459165046], [-1291.7907315070788, -772.9626459164446], [-1293.5593022559224, -784.4286059163665], [-1294.247079768993, -795.560605916736], [-1293.9523179775772, -810.8114459165937], [-1292.0854932984946, -826.7302059167424], [-1290.218668619063, -837.4169259166542], [-1287.271050704557, -846.9904459166082], [-1250.8188424936625, -948.5142859165614], [-1232.9366271450995, -1008.1818059165964], [-1220.5566319038942, -1063.6191659166334], [-1210.5347309940146, -1123.9546059165639], [-1206.0150501914923, -1166.4788459163778], [-1187.9363269821022, -1377.9868459166757], [-1184.5956933452428, -1403.9244059164453], [-1182.9253765269877, -1416.392245916606], [-1179.1917271684736, -1430.0846059164437], [-1171.1349048686138, -1441.66188591648], [-1164.8466533175974, -1447.3392059163837]]}, "properties": {"osm_id": null, "type": "primary", "width_m": 12, "extrude": false}}, {"type": "Feature", "geometry": {"type": "LineString", "coordinates": [[-1233.7226585891074, -1414.6111259167526], [-1243.2532898463949, -1401.9206459167585], [-1266.1464556497228, -1357.9492459166433], [-1277.4456576558537, -1342.4757659165568], [-1286.485019260549, -1338.1342859164445], [-1305.1532660531198, -1315.5363259165485], [-1334.4329373384016, -1277.0196059165037], [-1341.6054742640142, -1265.1083659165197], [-1352.7081684089685, -1231.8236859167118], [-1355.2627706018197, -1220.9143259165712], [-1355.5575323932355, -1213.2332459165852], [-1337.9700788360885, -1160.801525916474], [-1334.1381755469858, -1137.424325916568], [-1334.4329373384016, -1127.071565916604], [-1337.0857934614921, -1114.047125916662], [-1345.9286472053598, -1079.5379259163865], [-1351.5291212433056, -1058.3871259163964], [-1352.1186448261371, -1048.590965916609], [-1352.511660548141, -1040.909885916623], [-1353.002930200384, -1031.89296591645], [-1356.9330874200748, -992.2630459164476], [-1362.0422918054285, -979.2386059165057], [-1368.821813009037, -965.6575659163871], [-1371.179907340712, -954.8595259167563], [-1372.1624466455473, -940.610565916742], [-1370.885145549296, -926.5842459165611], [-1371.671176992955, -910.7768059165268], [-1377.2716510309008, -895.5259659166691], [-1384.6406958173409, -877.2694859164902], [-1395.3503742406401, -859.0130059167068], [-1400.164816834578, -849.4394859167528], [-1406.4530683855944, -826.9528459165758], [-1408.6146548564418, -816.0434859164352]]}, "properties": {"osm_id": null, "type": "track", "width_m": 3, "extrude": false}}, {"type": "Feature", "geometry": {"type": "LineString", "coordinates": [[-1202.8709244161587, -1478.6201259165045], [-1201.2988615281429, -1468.8239659167173], [-1196.7791807259698, -1460.0296859163777]]}, "properties": {"osm_id": null, "type": "primary", "width_m": 12, "extrude": false}}, {"type": "Feature", "geometry": {"type": "LineString", "coordinates": [[-1218.6898072244626, -1516.0236459165915], [-1212.9910792562775, -1504.1124059166073], [-1209.5521916891792, -1496.4313259166213], [-1206.8010816355004, -1488.6389259165207], [-1202.8709244161587, -1478.6201259165045]]}, "properties": {"osm_id": null, "type": "secondary", "width_m": 9, "extrude": false}}, {"type": "Feature", "geometry": {"type": "LineString", "coordinates": [[-1192.357753854036, -1502.553925916587], [-1197.4669582393894, -1502.4426059164728], [-1203.5587019295783, -1504.1124059166073], [-1209.2574298977634, -1507.2293659166476], [-1218.6898072244626, -1516.0236459165915]]}, "properties": {"osm_id": null, "type": "secondary", "width_m": 9, "extrude": false}}, {"type": "Feature", "geometry": {"type": "LineString", "coordinates": [[-1238.2423393912804, -1576.9156859166987], [-1224.486789123236, -1568.1214059167546], [-1190.1961673831886, -1543.7423259166098], [-1183.2201383184035, -1533.6122059164793], [-1181.4515675699092, -1525.0405659163687], [-1182.1393450833289, -1513.6859259165612], [-1186.1677562332588, -1506.8954059166997]]}, "properties": {"osm_id": null, "type": "service", "width_m": 3.5, "extrude": false}}, {"type": "Feature", "geometry": {"type": "LineString", "coordinates": [[-1286.583273191137, -1611.647525916412], [-1238.2423393912804, -1576.9156859166987]]}, "properties": {"osm_id": null, "type": "service", "width_m": 3.5, "extrude": false}}, {"type": "Feature", "geometry": {"type": "LineString", "coordinates": [[-1043.0117795131202, -1179.7259259165485], [-1024.6382945119651, -1176.1636859164462], [-1008.2298881208299, -1172.935405916687]]}, "properties": {"osm_id": null, "type": "residential", "width_m": 5, "extrude": false}}, {"type": "Feature", "geometry": {"type": "LineString", "coordinates": [[-949.179275898023, -1228.7067259166718], [-988.3825941622471, -1144.7714459166064]]}, "properties": {"osm_id": null, "type": "residential", "width_m": 5, "extrude": false}}, {"type": "Feature", "geometry": {"type": "LineString", "coordinates": [[-1005.8717937891552, -1146.1072859163976], [-996.8324321841109, -1178.724045916705], [-985.041960525737, -1243.6236059165817]]}, "properties": {"osm_id": null, "type": "residential", "width_m": 5, "extrude": false}}, {"type": "Feature", "geometry": {"type": "LineString", "coordinates": [[-1024.6382945119651, -1176.1636859164462], [-1023.1644855548866, -1183.065525916422], [-1004.5944926925549, -1181.6183659165165], [-994.5725917830243, -1232.2689659163786], [-1035.249719004676, -1233.2708459166176]]}, "properties": {"osm_id": null, "type": "residential", "width_m": 5, "extrude": false}}, {"type": "Feature", "geometry": {"type": "LineString", "coordinates": [[-1093.8090615752399, -1167.7033659164501], [-1074.0600215472455, -1228.4840859164428], [-1069.7368486059, -1242.3990859165092], [-1061.7782802362792, -1268.5592859165076]]}, "properties": {"osm_id": null, "type": "tertiary", "width_m": 7, "extrude": false}}, {"type": "Feature", "geometry": {"type": "LineString", "coordinates": [[-1025.2278180951455, -1259.2084059163872], [-1035.249719004676, -1233.2708459166176], [-1043.0117795131202, -1179.7259259165485]]}, "properties": {"osm_id": null, "type": "residential", "width_m": 5, "extrude": false}}, {"type": "Feature", "geometry": {"type": "LineString", "coordinates": [[-985.041960525737, -1243.6236059165817], [-949.179275898023, -1228.7067259166718]]}, "properties": {"osm_id": null, "type": "track", "width_m": 3, "extrude": false}}, {"type": "Feature", "geometry": {"type": "LineString", "coordinates": [[-1062.1712959582833, -1239.3934459165835], [-1067.7717699958798, -1241.5085259163848]]}, "properties": {"osm_id": null, "type": "footway", "width_m": 2, "extrude": false}}, {"type": "Feature", "geometry": {"type": "LineString", "coordinates": [[-1067.7717699958798, -1241.5085259163848], [-1069.7368486059, -1242.3990859165092], [-1071.407165424155, -1243.067005916405]]}, "properties": {"osm_id": null, "type": "footway", "width_m": 2, "extrude": false}}, {"type": "Feature", "geometry": {"type": "LineString", "coordinates": [[-1071.407165424155, -1243.067005916405], [-1077.6954169751714, -1245.4047259164352]]}, "properties": {"osm_id": null, "type": "footway", "width_m": 2, "extrude": false}}, {"type": "Feature", "geometry": {"type": "LineString", "coordinates": [[-1194.3228324637068, -736.4496859164822], [-1199.0390211270565, -708.1744059166826], [-1198.8425132658797, -685.6877659165057], [-1198.6460054050524, -670.6595659164814]]}, "properties": {"osm_id": null, "type": "service", "width_m": 3.5, "extrude": false}}, {"type": "Feature", "geometry": {"type": "LineString", "coordinates": [[-869.1023225506214, -788.5474459166455], [-880.8927942093444, -763.1664859166573], [-890.0304097446277, -743.685485916406], [-850.5323296886387, -725.2063659163937], [-824.3967841790396, -722.979965916478], [-747.8569723296738, -687.2462459165257]]}, "properties": {"osm_id": null, "type": "residential", "width_m": 5, "extrude": false}}, {"type": "Feature", "geometry": {"type": "LineString", "coordinates": [[-1206.4080659134963, -748.4722459165807], [-1199.5302907792995, -744.9100059164783], [-1194.3228324637068, -736.4496859164822], [-1180.3707743344855, -732.1082059163698], [-1175.0650620879553, -737.7855259166689], [-1161.8007814725029, -734.0006459167331]]}, "properties": {"osm_id": null, "type": "residential", "width_m": 5, "extrude": false}}, {"type": "Feature", "geometry": {"type": "LineString", "coordinates": [[-1089.0928729118903, -859.9035659164358], [-1139.2023774602412, -661.1973659166417], [-1141.7569796530927, -657.8577659163727], [-1145.9818986638502, -657.6351259165393]]}, "properties": {"osm_id": null, "type": "residential", "width_m": 5, "extrude": false}}, {"type": "Feature", "geometry": {"type": "LineString", "coordinates": [[-477.75691742005364, -806.1360059165333], [-490.922944105267, -715.0762459166585]]}, "properties": {"osm_id": null, "type": "residential", "width_m": 5, "extrude": false}}, {"type": "Feature", "geometry": {"type": "LineString", "coordinates": [[-399.0555190998405, -812.1472859163849], [-361.42426372328316, -804.9114859164611], [-376.55536901816726, -709.7328859167027]]}, "properties": {"osm_id": null, "type": "residential", "width_m": 5, "extrude": false}}, {"type": "Feature", "geometry": {"type": "LineString", "coordinates": [[-414.8744019081443, -711.9592859166185], [-399.0555190998405, -812.1472859163849]]}, "properties": {"osm_id": null, "type": "residential", "width_m": 5, "extrude": false}}, {"type": "Feature", "geometry": {"type": "LineString", "coordinates": [[-1127.0188900798635, -868.1412459165985], [-1161.8007814725029, -734.0006459167331], [-1176.6371249759713, -672.885965916397], [-1178.4056957248147, -665.6501659164733]]}, "properties": {"osm_id": null, "type": "residential", "width_m": 5, "extrude": false}}, {"type": "Feature", "geometry": {"type": "LineString", "coordinates": [[-1176.4406171147948, -880.3864459165304], [-1170.348873424606, -878.8279659165103], [-1165.534430831017, -877.492125916719], [-1160.3269725150753, -876.2676059166467], [-1127.0188900798635, -868.1412459165985], [-1121.4184160419177, -866.9167259165262], [-1093.023030131232, -860.7941259165602], [-1089.0928729118903, -859.9035659164358], [-1017.3675036561133, -844.7640459166926], [-964.8016508454992, -832.5188459167606], [-936.7992806564685, -820.8302459166099], [-898.5785016970798, -802.573765916431], [-869.1023225506214, -788.5474459166455], [-789.8114006475766, -750.3646859165486], [-745.7936397894147, -727.432765916705], [-735.7717388795351, -722.8686459167591], [-588.5873510098157, -717.1913259164598], [-490.922944105267, -715.0762459166585], [-446.31565966427354, -713.8517259165862], [-414.8744019081443, -711.9592859166185], [-376.55536901816726, -709.7328859167027]]}, "properties": {"osm_id": null, "type": "residential", "width_m": 5, "extrude": false}}, {"type": "Feature", "geometry": {"type": "LineString", "coordinates": [[-399.0555190998405, -812.1472859163849], [-389.7213957033806, -871.480845916472], [-419.7870984326704, -876.4902459164801]]}, "properties": {"osm_id": null, "type": "residential", "width_m": 5, "extrude": false}}, {"type": "Feature", "geometry": {"type": "LineString", "coordinates": [[941.2263466768545, -808.9190059166258], [923.6388931197075, -810.254845916417]]}, "properties": {"osm_id": null, "type": "residential", "width_m": 5, "extrude": false}}, {"type": "Feature", "geometry": {"type": "LineString", "coordinates": [[486.60541031237364, -916.2314859165972], [481.2014441356044, -902.0938459166973], [478.15557229050984, -887.7335659165686], [477.7625565685059, -874.9317659164601], [479.7276351781767, -862.2412859164659], [482.97001488444766, -852.2224859164497], [487.6862035477973, -841.6470859166523], [497.80635838791613, -827.0641659166903], [502.32603919043817, -819.0491259167563], [506.2561964097798, -808.6963659163969], [508.2212750194507, -799.2341659165573], [509.2038143246351, -789.2153659165411], [508.81079860263117, -778.8626059165772], [506.55095820119556, -762.0532859166995]]}, "properties": {"osm_id": null, "type": "residential", "width_m": 5, "extrude": false}}, {"type": "Feature", "geometry": {"type": "LineString", "coordinates": [[343.1546718011685, -855.4507659166043], [364.1810129254141, -874.15252591645], [371.94307343385816, -878.382685916448], [384.51957653624, -889.4033659167031], [391.39735167043693, -897.3070859165226], [396.8995717774454, -903.541005916603], [405.5459176604856, -909.4409659167355], [414.97829498718477, -915.1182859166393], [424.1159105224682, -918.5692059166273], [433.3517799883399, -921.0182459163764], [442.58764945421154, -922.4654059166776], [454.181613251758, -922.2427659164487], [465.97208491013197, -921.1295659164908], [477.0747790550862, -919.2371259165229], [486.60541031237364, -916.2314859165972], [497.5115965965004, -912.7805659166091], [505.0771492441169, -909.3296459166211], [513.7234951268082, -904.7655259166753], [521.4855556352522, -900.3127259164484], [537.9922159573248, -889.6260059165365], [556.3657009584799, -872.1487659163677], [567.6649029642615, -856.3413259167288], [573.4618848630348, -843.9848059166825], [575.5252174032938, -831.0716859164595], [574.7391859596349, -814.707645916644], [570.0229972959363, -801.5718859165875], [561.3766514132451, -785.4304859166053], [561.1801435524177, -761.7193259167516]]}, "properties": {"osm_id": null, "type": "residential", "width_m": 5, "extrude": false}}, {"type": "Feature", "geometry": {"type": "LineString", "coordinates": [[268.3834307002969, -932.0389259166315], [293.4381829744724, -911.6673659166513], [304.14786139742273, -900.6466859163961], [325.46896431343305, -878.8279659165103], [343.1546718011685, -855.4507659166043], [349.93419300477717, -847.8810059167326], [366.0478376044967, -831.2943259166883], [377.9365631934588, -820.3849659165476], [392.3798909752723, -808.6963659163969], [408.4935355749918, -797.3417259165894], [421.8560701213817, -789.4380059163745], [449.8584403100634, -774.1871659165168], [488.1774732003895, -764.5023259164485], [506.55095820119556, -762.0532859166995], [534.0620587376341, -760.6061259163982], [561.1801435524177, -761.7193259167516], [577.195534221549, -763.7230859164384], [584.4663250777498, -765.1702459167395], [602.7415561483167, -770.0683259166333], [637.3269396797796, -780.8663659166596], [687.3381902978914, -793.5568459166536]]}, "properties": {"osm_id": null, "type": "residential", "width_m": 5, "extrude": false}}, {"type": "Feature", "geometry": {"type": "LineString", "coordinates": [[391.39735167043693, -897.3070859165226], [406.6267108959093, -877.7147659165524], [413.7992478215219, -869.031805916723], [419.00670613711463, -863.0205259164759], [421.36480046878944, -859.0130059167068], [422.44559370421314, -854.1149259164176], [421.7578161907934, -848.7715659164617], [419.6944836505344, -844.2074459165158], [415.3713107091887, -839.8659659164034], [408.8865512969958, -832.741485916594], [403.4825851202266, -825.2830459164413], [392.3798909752723, -808.6963659163969]]}, "properties": {"osm_id": null, "type": "residential", "width_m": 5, "extrude": false}}, {"type": "Feature", "geometry": {"type": "LineString", "coordinates": [[433.3517799883399, -921.0182459163764], [435.8081282506029, -912.4466059166614], [438.9522540259366, -905.099485916623], [443.37368089787043, -898.9768859166571], [448.58113921381226, -892.8542859166912], [454.2798671819972, -883.9486859166328], [457.32573902709174, -875.0430859165745], [459.09430977593513, -867.250685916474], [460.8628805247784, -854.3375659166464], [463.02446699562574, -847.6583659165038], [465.8738309795437, -840.9791659167568], [469.5092264074696, -834.0773259163852], [470.09874999065016, -827.2868059165237], [468.3301792418068, -822.1660859164011], [465.38256132730055, -816.9340459165596], [461.64891196878636, -813.705765916405], [456.8344693748486, -811.7020059167181], [451.43050319807924, -811.7020059167181], [445.2405055773021, -812.5925659164471], [439.73828546994457, -812.2586059164994], [435.1203507371833, -809.5869259165214], [430.7971777954886, -805.13412591669], [421.8560701213817, -789.4380059163745]]}, "properties": {"osm_id": null, "type": "residential", "width_m": 5, "extrude": false}}, {"type": "Feature", "geometry": {"type": "LineString", "coordinates": [[371.94307343385816, -878.382685916448], [386.0916394239068, -856.6752859166766]]}, "properties": {"osm_id": null, "type": "residential", "width_m": 5, "extrude": false}}, {"type": "Feature", "geometry": {"type": "LineString", "coordinates": [[329.3991215327747, -842.2036859164335], [328.71134401935495, -845.8772459166504], [325.17420252201737, -856.0073659163855], [313.1872230024669, -874.7091259166267], [308.07801861711334, -885.1732059167051], [304.5408771194267, -893.8561659165346], [304.14786139742273, -900.6466859163961]]}, "properties": {"osm_id": null, "type": "track", "width_m": 3, "extrude": false}}, {"type": "Feature", "geometry": {"type": "LineString", "coordinates": [[343.1546718011685, -855.4507659166043], [338.53673706805813, -851.6658859166685], [336.08038880579505, -849.4394859167528], [328.71134401935495, -845.8772459166504], [327.13928113168816, -843.094245916558], [328.41658222793933, -830.9603659167406], [326.1567418268528, -827.2868059165237], [319.1807127620676, -826.1736059165657], [309.65008150478025, -827.7320859165859], [303.0670681623481, -831.9622459165839], [297.1718323329866, -836.3037259166964], [290.9818347122094, -840.1999259167467], [288.8202482417111, -844.9866859165259], [284.79183709143217, -845.2093259167548], [275.4577136953213, -844.6527259165781], [269.75898572713635, -845.2093259167548], [260.13010053926064, -849.3281659166383], [249.4204221163104, -851.4432459164397], [246.27629634062762, -852.7790859166264], [241.26534588586236, -855.1168059166565], [234.48582468225374, -856.1186859165], [227.2150338260529, -856.2300059166143], [221.02503620527565, -850.9979659163774], [214.245515001667, -852.3338059165642], [205.3044073275601, -859.0130059167068], [197.542346818767, -862.909205916757], [193.61218959942536, -865.8035259165683], [183.49203475930653, -869.6997259166186], [174.64918101543884, -871.480845916472], [169.34346876890876, -870.701605916462], [167.57489802041448, -866.360125916745], [165.70807334098285, -861.1280859165081], [162.1709318436452, -856.6752859166766], [157.65125104112312, -854.3375659166464], [155.980934222868, -850.1074059166484], [152.05077700317733, -847.3244059165561], [148.21887371442398, -847.3244059165561], [147.82585799242, -851.4432459164397], [147.03982654841204, -853.8922859165842], [142.9131614678939, -852.3338059165642], [139.277766039968, -850.2187259163674], [135.34760882062636, -850.2187259163674], [132.9895144886025, -852.3338059165642], [130.53316622668854, -851.6658859166685], [129.15761119984916, -856.89792591651], [122.7711057182445, -852.3338059165642], [118.05491705454587, -858.5677259166446], [110.29285654610182, -855.8960459166666], [104.29936678650112, -856.6752859166766], [99.58317812315155, -859.2356459165401], [93.39318050237435, -862.6865659165281], [85.82762785475776, -863.2431659167048], [76.69001231947433, -868.9204859166085], [70.10699897704221, -873.1506459166065], [65.39081031369265, -873.0393259164921], [59.98684413657432, -870.8129259165764], [58.80779697091146, -874.9317659164601], [57.0392262220681, -877.492125916719], [55.46716333440127, -873.8185659165022], [50.849228601290896, -875.1544059166889], [43.8731995368548, -881.722285916717], [37.78145584666585, -887.956205916402], [30.608918921053235, -887.7335659165686], [24.615429161452546, -890.6278859163799], [18.818447262679314, -893.4108859164724], [7.7157531173760106, -893.5222059165868], [0.1502004701084878, -900.2014059167294], [-6.825828594676674, -905.9900459167476], [-15.766936268783576, -906.5466459165287], [-20.67963279330967, -909.8862459164023], [-25.297567526070978, -914.3390459166292], [-30.603279772601045, -917.4560059166695], [-33.649151617695516, -916.8994059164927], [-34.828198783358374, -913.5598059166192], [-37.77581669821366, -912.6692459164947], [-43.37629073581037, -913.4484859165048], [-45.73438506748516, -912.6692459164947], [-53.10342985392523, -913.0032059164425], [-58.70390389187101, -915.7862059165349], [-65.18866330406394, -920.016365916533], [-67.251995844323, -922.6880459165109]]}, "properties": {"osm_id": null, "type": "footway", "width_m": 2, "extrude": false}}, {"type": "Feature", "geometry": {"type": "LineString", "coordinates": [[703.2553270367835, -906.8806059164765], [648.920903477326, -847.5470459163894]]}, "properties": {"osm_id": null, "type": "pedestrian", "width_m": 4, "extrude": false}}, {"type": "Feature", "geometry": {"type": "LineString", "coordinates": [[-446.31565966427354, -713.8517259165862], [-419.7870984326704, -876.4902459164801], [-413.5971008118932, -914.673005916577], [-400.43107412667985, -995.6026459167167]]}, "properties": {"osm_id": null, "type": "residential", "width_m": 5, "extrude": false}}, {"type": "Feature", "geometry": {"type": "LineString", "coordinates": [[-851.2201072020584, -914.2277259165148], [-852.8904240203135, -906.6579659166432], [-898.5785016970798, -802.573765916431]]}, "properties": {"osm_id": null, "type": "service", "width_m": 3.5, "extrude": false}}, {"type": "Feature", "geometry": {"type": "LineString", "coordinates": [[-1166.2222083444367, -887.6222459164542], [-1161.3095118199105, -886.3977259163819]]}, "properties": {"osm_id": null, "type": "footway", "width_m": 2, "extrude": false}}, {"type": "Feature", "geometry": {"type": "LineString", "coordinates": [[-1174.966808157716, -886.0637659164341], [-1192.357753854036, -888.7354459164121]]}, "properties": {"osm_id": null, "type": "service", "width_m": 3.5, "extrude": false}}, {"type": "Feature", "geometry": {"type": "LineString", "coordinates": [[-1166.2222083444367, -887.6222459164542], [-1167.8925251626918, -888.1788459166308], [-1169.9558577029509, -888.8467659165265]]}, "properties": {"osm_id": null, "type": "footway", "width_m": 2, "extrude": false}}, {"type": "Feature", "geometry": {"type": "LineString", "coordinates": [[-1172.1174441734493, -889.1807259164743], [-1169.9558577029509, -888.8467659165265]]}, "properties": {"osm_id": null, "type": "footway", "width_m": 2, "extrude": false}}, {"type": "Feature", "geometry": {"type": "LineString", "coordinates": [[-1172.1174441734493, -889.1807259164743], [-1173.9842688528809, -889.6260059165365], [-1175.4580778099591, -890.0712859165988]]}, "properties": {"osm_id": null, "type": "footway", "width_m": 2, "extrude": false}}, {"type": "Feature", "geometry": {"type": "LineString", "coordinates": [[-851.2201072020584, -914.2277259165148], [-772.2239470904295, -876.0449659164179]]}, "properties": {"osm_id": null, "type": "track", "width_m": 3, "extrude": false}}, {"type": "Feature", "geometry": {"type": "LineString", "coordinates": [[-1175.4580778099591, -890.0712859165988], [-1179.6829968210657, -893.4108859164724], [-1172.2156981040375, -924.0238859166976]]}, "properties": {"osm_id": null, "type": "footway", "width_m": 2, "extrude": false}}, {"type": "Feature", "geometry": {"type": "LineString", "coordinates": [[-1043.0117795131202, -967.8839659166982], [-1093.023030131232, -860.7941259165602]]}, "properties": {"osm_id": null, "type": "residential", "width_m": 5, "extrude": false}}, {"type": "Feature", "geometry": {"type": "LineString", "coordinates": [[553.5163369742129, -973.561285916602], [554.0076066268051, -963.4311659164713], [556.5622088193073, -953.8576459165174], [560.6888738998255, -945.2860059164068], [565.3068086325868, -938.050205916483], [570.8090287399443, -931.4823259164548], [619.9359939838089, -888.6241259166932], [632.4142431556025, -876.3789259167612], [639.2920182897994, -867.4733259167028], [644.7942383968079, -858.6790459167589], [648.920903477326, -847.5470459163894], [653.6370921406757, -832.741485916594], [657.2724875689506, -824.6151259165457], [661.9886762323001, -818.7151659164131], [687.3381902978914, -793.5568459166536]]}, "properties": {"osm_id": null, "type": "residential", "width_m": 5, "extrude": false}}, {"type": "Feature", "geometry": {"type": "LineString", "coordinates": [[513.7234951268082, -904.7655259166753], [509.79333790746654, -896.7504859167414], [507.9265132280349, -889.1807259164743], [507.63175143661925, -878.2713659167291], [509.79333790746654, -872.7053659165443], [514.3130187099887, -868.4752059165463]]}, "properties": {"osm_id": null, "type": "residential", "width_m": 5, "extrude": false}}, {"type": "Feature", "geometry": {"type": "LineString", "coordinates": [[817.4263942630557, -970.5556459166762], [820.2757582473226, -918.0126059164506], [826.3675019375116, -805.3567659165233]]}, "properties": {"osm_id": null, "type": "residential", "width_m": 5, "extrude": false}}, {"type": "Feature", "geometry": {"type": "LineString", "coordinates": [[774.2929187791409, -801.5718859165875], [769.085460463199, -915.8975259166493], [766.2360964792811, -978.3480459163811]]}, "properties": {"osm_id": null, "type": "pedestrian", "width_m": 4, "extrude": false}}, {"type": "Feature", "geometry": {"type": "LineString", "coordinates": [[916.957625846687, -975.3424059164554], [919.3157201783617, -919.4597659167517], [923.6388931197075, -810.254845916417]]}, "properties": {"osm_id": null, "type": "residential", "width_m": 5, "extrude": false}}, {"type": "Feature", "geometry": {"type": "LineString", "coordinates": [[866.5533595065713, -983.0234859164415], [875.5927211116154, -812.2586059164994], [875.8874829030312, -807.1378859163768]]}, "properties": {"osm_id": null, "type": "pedestrian", "width_m": 4, "extrude": false}}, {"type": "Feature", "geometry": {"type": "LineString", "coordinates": [[941.2263466768545, -808.9190059166258], [936.903173735509, -920.016365916533], [936.4119040832659, -932.0389259166315], [934.5450794038342, -977.3461659165378], [934.1520636818302, -986.1404459164817]]}, "properties": {"osm_id": null, "type": "residential", "width_m": 5, "extrude": false}}, {"type": "Feature", "geometry": {"type": "LineString", "coordinates": [[665.8205795210536, -939.3860459166697], [619.9359939838089, -888.6241259166932]]}, "properties": {"osm_id": null, "type": "residential", "width_m": 5, "extrude": false}}, {"type": "Feature", "geometry": {"type": "LineString", "coordinates": [[769.085460463199, -915.8975259166493], [773.2121255437172, -916.1201659164827]]}, "properties": {"osm_id": null, "type": "pedestrian", "width_m": 4, "extrude": false}}, {"type": "Feature", "geometry": {"type": "LineString", "coordinates": [[773.2121255437172, -916.1201659164827], [820.2757582473226, -918.0126059164506]]}, "properties": {"osm_id": null, "type": "residential", "width_m": 5, "extrude": false}}, {"type": "Feature", "geometry": {"type": "LineString", "coordinates": [[-475.20231522720235, -924.5804859164788], [-413.5971008118932, -914.673005916577]]}, "properties": {"osm_id": null, "type": "residential", "width_m": 5, "extrude": false}}, {"type": "Feature", "geometry": {"type": "LineString", "coordinates": [[-1121.4184160419177, -866.9167259165262], [-1109.6279443835438, -909.3296459166211], [-1110.119214036136, -941.1671659165232], [-1100.7850906396761, -980.7970859165257]]}, "properties": {"osm_id": null, "type": "residential", "width_m": 5, "extrude": false}}, {"type": "Feature", "geometry": {"type": "LineString", "coordinates": [[-1227.7291688291575, -699.7140859166865], [-1223.5042498184002, -716.5234059165642], [-1212.0085399514421, -736.5610059165966], [-1206.4080659134963, -748.4722459165807], [-1202.3796547635666, -758.0457659165347], [-1196.6809267953815, -774.2984859166313], [-1170.348873424606, -878.8279659165103], [-1167.8925251626918, -888.1788459166308], [-1143.034280749344, -984.1366859163993], [-1140.7744403479082, -993.0422859164577], [-1115.424926282317, -1088.332205916726], [-1112.8703240898149, -1097.7944059165654], [-1093.8090615752399, -1167.7033659164501]]}, "properties": {"osm_id": null, "type": "tertiary", "width_m": 7, "extrude": false}}, {"type": "Feature", "geometry": {"type": "LineString", "coordinates": [[-1043.0117795131202, -967.8839659166982], [-1027.9789281488245, -964.878325916377]]}, "properties": {"osm_id": null, "type": "residential", "width_m": 5, "extrude": false}}, {"type": "Feature", "geometry": {"type": "LineString", "coordinates": [[-366.2387063168719, -938.9407659166075], [-378.913463349842, -953.635005916684], [-380.6820340986854, -964.2104059164814], [-378.7169554890146, -978.9046459165579], [-382.05758912552477, -988.5894859166262], [-388.0510788851255, -993.3762459164054], [-400.43107412667985, -995.6026459167167]]}, "properties": {"osm_id": null, "type": "residential", "width_m": 5, "extrude": false}}, {"type": "Feature", "geometry": {"type": "LineString", "coordinates": [[-1100.7850906396761, -980.7970859165257], [-1043.0117795131202, -967.8839659166982]]}, "properties": {"osm_id": null, "type": "residential", "width_m": 5, "extrude": false}}, {"type": "Feature", "geometry": {"type": "LineString", "coordinates": [[-1141.3639639310886, -983.5800859166181], [-1136.0582516845586, -982.2442459164314]]}, "properties": {"osm_id": null, "type": "footway", "width_m": 2, "extrude": false}}, {"type": "Feature", "geometry": {"type": "LineString", "coordinates": [[-1141.3639639310886, -983.5800859166181], [-1143.034280749344, -984.1366859163993], [-1144.9993593590145, -984.693285916576]]}, "properties": {"osm_id": null, "type": "footway", "width_m": 2, "extrude": false}}, {"type": "Feature", "geometry": {"type": "LineString", "coordinates": [[-1144.9993593590145, -984.693285916576], [-1147.160945829862, -985.3612059164716]]}, "properties": {"osm_id": null, "type": "footway", "width_m": 2, "extrude": false}}, {"type": "Feature", "geometry": {"type": "LineString", "coordinates": [[-1147.160945829862, -985.3612059164716], [-1149.0277705089445, -985.9178059166483], [-1150.7963412577878, -986.4744059164295]]}, "properties": {"osm_id": null, "type": "footway", "width_m": 2, "extrude": false}}, {"type": "Feature", "geometry": {"type": "LineString", "coordinates": [[1011.7726687669688, -821.1642059165576], [1009.4145744352941, -819.7170459166521], [1007.842511547278, -817.156685916393], [1005.68092507678, -813.9284059166339], [1002.4385453705088, -812.035965916666], [999.0979117339988, -810.254845916417], [993.6939455572294, -808.5850459166779], [986.6196625622051, -806.024685916419]]}, "properties": {"osm_id": null, "type": "residential", "width_m": 5, "extrude": false}}, {"type": "Feature", "geometry": {"type": "LineString", "coordinates": [[1228.3243315607904, -813.9284059166339], [1224.1976664802721, -931.4823259164548], [1224.099412549684, -934.9332459164428]]}, "properties": {"osm_id": null, "type": "residential", "width_m": 5, "extrude": false}}, {"type": "Feature", "geometry": {"type": "LineString", "coordinates": [[1271.6543149055328, -941.6124459165854], [1277.2547889434784, -815.4868859166539]]}, "properties": {"osm_id": null, "type": "footway", "width_m": 2, "extrude": false}}, {"type": "Feature", "geometry": {"type": "LineString", "coordinates": [[1321.862073384472, -943.5048859165533], [1322.9428666198958, -923.9125659165832], [1328.6415945880806, -817.7132859165697]]}, "properties": {"osm_id": null, "type": "residential", "width_m": 5, "extrude": false}}, {"type": "Feature", "geometry": {"type": "LineString", "coordinates": [[1081.0416897604828, -806.9152459165434], [1072.0023281554386, -987.4762859166684]]}, "properties": {"osm_id": null, "type": "pedestrian", "width_m": 4, "extrude": false}}, {"type": "Feature", "geometry": {"type": "LineString", "coordinates": [[1130.2669089345866, -809.364285916688], [1121.7188169821347, -989.5913659164696], [1121.424055190719, -995.2686859163734]]}, "properties": {"osm_id": null, "type": "residential", "width_m": 5, "extrude": false}}, {"type": "Feature", "geometry": {"type": "LineString", "coordinates": [[1322.9428666198958, -923.9125659165832], [1344.0674616747294, -924.6918059165932]]}, "properties": {"osm_id": null, "type": "residential", "width_m": 5, "extrude": false}}, {"type": "Feature", "geometry": {"type": "LineString", "coordinates": [[1173.6951462099173, -929.3672459166535], [1197.9638670400848, -930.369125916497], [1224.1976664802721, -931.4823259164548]]}, "properties": {"osm_id": null, "type": "footway", "width_m": 2, "extrude": false}}, {"type": "Feature", "geometry": {"type": "LineString", "coordinates": [[1224.099412549684, -934.9332459164428], [1228.7173472827942, -940.0539659165654], [1271.6543149055328, -941.6124459165854], [1321.862073384472, -943.5048859165533], [1342.0041291344705, -944.3954459166778]]}, "properties": {"osm_id": null, "type": "residential", "width_m": 5, "extrude": false}}, {"type": "Feature", "geometry": {"type": "LineString", "coordinates": [[1030.637423420367, -804.6888459166278], [1022.2858393290915, -985.472525916586], [1016.0958417083144, -1114.826365916672]]}, "properties": {"osm_id": null, "type": "residential", "width_m": 5, "extrude": false}}, {"type": "Feature", "geometry": {"type": "LineString", "coordinates": [[919.3157201783617, -919.4597659167517], [936.903173735509, -920.016365916533]]}, "properties": {"osm_id": null, "type": "residential", "width_m": 5, "extrude": false}}, {"type": "Feature", "geometry": {"type": "LineString", "coordinates": [[934.1520636818302, -986.1404459164817], [920.3965134137854, -985.472525916586], [866.5533595065713, -983.0234859164415], [814.8717920702044, -980.5744459166924], [766.2360964792811, -978.3480459163811], [717.0108773051772, -976.1216459164655]]}, "properties": {"osm_id": null, "type": "residential", "width_m": 5, "extrude": false}}, {"type": "Feature", "geometry": {"type": "LineString", "coordinates": [[181.52695614963574, -980.6857659164114], [204.22361409213644, -1007.9591659163675], [213.65599141883558, -1010.8534859165743], [224.26741591154664, -1009.628965916502], [244.9007413137883, -1006.7346459166907], [257.2807365549936, -1011.8553659164178], [275.8507294173253, -1024.9911259164742]]}, "properties": {"osm_id": null, "type": "residential", "width_m": 5, "extrude": false}}, {"type": "Feature", "geometry": {"type": "LineString", "coordinates": [[210.61011957374112, -963.5424859165857], [222.20408337128757, -981.5763259165358], [228.0010652700608, -985.6951659164195], [238.80899762359937, -985.3612059164716], [249.32216818572215, -980.0178459165157], [254.6278804319031, -979.5725659164534], [262.97946452352767, -981.0197259167546], [269.95549358796376, -985.3612059164716], [277.5210462355804, -998.3856459164135], [275.8507294173253, -1024.9911259164742], [280.7634259415023, -1033.228805916637], [288.6237403805346, -1041.0212059167375], [297.56484805499053, -1045.140045916621], [318.49293524864794, -1045.919285916631]]}, "properties": {"osm_id": null, "type": "residential", "width_m": 5, "extrude": false}}, {"type": "Feature", "geometry": {"type": "LineString", "coordinates": [[559.7063345949902, -1017.644005916436], [559.7063345949902, -1019.5364459164039]]}, "properties": {"osm_id": null, "type": "footway", "width_m": 2, "extrude": false}}, {"type": "Feature", "geometry": {"type": "LineString", "coordinates": [[158.63379034595852, -1004.0629659167128], [191.5488570591663, -1034.008045916647], [210.11884992114886, -1032.4495659166269], [226.03598666004092, -1036.2344459165627], [239.79153692843474, -1042.468365916643]]}, "properties": {"osm_id": null, "type": "residential", "width_m": 5, "extrude": false}}, {"type": "Feature", "geometry": {"type": "LineString", "coordinates": [[353.7660962935305, -1082.9888459163747], [354.4538738069502, -1053.9343259165648], [354.65038166812667, -1050.3720859164625], [356.51720634720925, -1036.5684059165105], [360.054347844896, -1022.0968059166628], [363.29672755081793, -1013.8591259165001], [367.5216465619243, -1005.0648459165562], [372.92561273869353, -995.3800059164878], [377.74005533263136, -988.144205916564], [385.3056079798989, -980.7970859165257], [393.4606842103469, -975.6763659164033], [400.6332211359595, -972.5594059167586], [407.4127423395682, -971.0009259167384], [414.3887714043533, -970.110365916614], [423.13337121763277, -970.2216859167283], [430.60066993466114, -971.7801659167485], [438.8540000956974, -974.0065659166642], [447.7951077698043, -979.0159659166723], [483.7560463284557, -1011.7440459166988], [487.4896956869698, -1014.6383659165101], [492.5006461417351, -1017.3100459164881], [497.11858087449644, -1019.091165916737], [501.73651560760675, -1020.204365916695], [507.0422278537878, -1020.8722859165905], [512.1514322391414, -1020.8722859165905], [516.0815894584829, -1020.3156859164139], [521.5838095658404, -1019.3138059165705], [526.5947600206058, -1017.532685916717], [531.5074565451317, -1015.0836459165724], [535.7323755558891, -1012.189325916761], [539.7607867061681, -1008.6270859166586], [543.396182134094, -1004.6195659164939], [546.0490382571845, -1000.6120459167248], [548.4071325888593, -996.1592459164979], [550.4704651291183, -990.3706059164797], [552.9268133913814, -983.1348059165559], [553.5163369742129, -973.561285916602]]}, "properties": {"osm_id": null, "type": "residential", "width_m": 5, "extrude": false}}, {"type": "Feature", "geometry": {"type": "LineString", "coordinates": [[131.7122133923514, -1128.184765916562], [150.7734759069262, -1125.9583659166462], [159.12505999855074, -1122.3961259165437], [177.30203713852933, -1108.0358459164152], [188.20822342265612, -1103.249085916636], [196.5598075139316, -1101.9132459164491], [215.03154644567496, -1101.9132459164491], [237.7282043881757, -1112.488645916642], [254.43137257107568, -1117.9433259167124], [269.0712082137166, -1118.2772859166603], [281.2546955940945, -1116.6074859165255], [305.22865463284637, -1102.5811659167402], [315.15230161213776, -1088.2208859166117], [317.70690380498905, -1080.8737659165733], [318.49293524864794, -1045.919285916631], [320.94928351091096, -1005.0648459165562], [318.98420490124016, -990.5932459167086], [303.0670681623481, -963.0972059165235], [277.4227923049921, -941.7237659166999], [268.3834307002969, -932.0389259166315]]}, "properties": {"osm_id": null, "type": "residential", "width_m": 5, "extrude": false}}, {"type": "Feature", "geometry": {"type": "LineString", "coordinates": [[553.5163369742129, -973.561285916602], [566.5841097291869, -985.1385659166383], [601.3660011214773, -1020.0930459165805], [605.1979044105797, -1026.5496059164943], [608.6367919776782, -1035.4552059165526], [610.7983784481764, -1044.3608059166108], [611.1913941701804, -1051.0400059167537], [609.9140930739293, -1083.5454459165512], [609.4228234213371, -1095.234045916702]]}, "properties": {"osm_id": null, "type": "residential", "width_m": 5, "extrude": false}}, {"type": "Feature", "geometry": {"type": "LineString", "coordinates": [[537.7957080961482, -1053.6003659166172], [537.9922159573248, -1049.1475659163902], [538.090469887913, -1046.5872059165267], [538.4834856095679, -1044.5834459164444], [539.3677709841642, -1043.1362859165388], [540.8415799412427, -1042.0230859165808], [542.3153888986703, -1041.355165916685], [544.0839596475138, -1041.2438459165708], [545.7542764657688, -1041.5778059165186], [547.6211011448514, -1043.1362859165388], [549.487925824283, -1044.8060859166733], [551.2564965731264, -1046.0306059167456], [553.1233212522089, -1046.9211659164744], [555.2849077230562, -1047.7004059164844], [557.9377638461467, -1047.9230459167134], [559.9028424558174, -1047.9230459167134], [562.1626828572531, -1047.4777659166512], [564.127761466924, -1046.8098459167554], [566.2893479374222, -1045.6966459164023], [568.4509344082695, -1044.2494859164965], [570.2195051571128, -1042.468365916643], [571.7915680447798, -1040.2419659167274], [572.9706152107917, -1037.6816059164682], [573.560138793623, -1035.0099259164904], [573.7566466544505, -1032.7835259165747], [573.6583927242112, -1030.3344859164301], [573.167123071619, -1027.9967659164], [572.4793455581994, -1025.9930059167132], [571.2020444619483, -1024.211885916464], [569.5317276436932, -1021.874165916434], [567.6649029642615, -1020.204365916695], [565.3068086325868, -1018.8685259165082], [562.948714300912, -1017.9779659163837], [559.7063345949902, -1017.644005916436], [557.1517324021387, -1017.8666459166648], [553.9093526962168, -1018.5345659165604], [551.2564965731264, -1019.8704059167471], [545.852530396357, -1023.9892459166308], [541.1363417330075, -1027.3288459165044], [536.7149148610737, -1030.0005259164823], [530.9179329623005, -1032.3382459165125], [526.1034903683626, -1034.1193659167614], [520.5030163304167, -1035.677845916386], [515.5903198062398, -1036.5684059165105], [511.3654007951334, -1036.7910459167392], [506.55095820119556, -1036.7910459167392], [500.26270665017915, -1036.2344459165627], [494.5639786819941, -1035.0099259164904], [488.3739810612169, -1033.006165916408], [483.16652274527513, -1030.668445916378], [478.5485880125138, -1027.9967659164], [474.4219229319957, -1024.9911259164742], [471.3760510869012, -1022.6534059164441], [468.1336713809793, -1019.202485916456], [465.8738309795437, -1017.0874059166547], [464.59652988329265, -1016.3081659166447], [463.02446699562574, -1015.9742059166969], [461.5506580381981, -1016.1968459165303], [460.3716108721861, -1016.8647659164259], [459.1925637065233, -1017.532685916717]]}, "properties": {"osm_id": null, "type": "footway", "width_m": 2, "extrude": false}}, {"type": "Feature", "geometry": {"type": "LineString", "coordinates": [[997.7223567071593, -1113.9358059165477], [1011.7726687669688, -821.1642059165576]]}, "properties": {"osm_id": null, "type": "residential", "width_m": 5, "extrude": false}}, {"type": "Feature", "geometry": {"type": "LineString", "coordinates": [[1022.2858393290915, -985.472525916586], [1072.0023281554386, -987.4762859166684], [1121.7188169821347, -989.5913659164696], [1170.8457822256503, -991.595125916552], [1201.3045006765951, -992.0404059166142]]}, "properties": {"osm_id": null, "type": "pedestrian", "width_m": 4, "extrude": false}}, {"type": "Feature", "geometry": {"type": "LineString", "coordinates": [[1241.4903582460038, -1068.6285659166415], [1201.3045006765951, -992.0404059166142], [1195.7040266389984, -978.9046459165579], [1197.9638670400848, -930.369125916497]]}, "properties": {"osm_id": null, "type": "footway", "width_m": 2, "extrude": false}}, {"type": "Feature", "geometry": {"type": "LineString", "coordinates": [[1219.6779856777503, -1240.395325916427], [1225.2784597156958, -1124.8451659166883], [1226.162745089943, -1110.4848859165597], [1228.4225854913786, -1096.6812059166077], [1232.0579809193046, -1084.881285916738], [1236.4794077912384, -1076.5322859164608], [1241.4903582460038, -1068.6285659166415], [1246.9925783533613, -1062.2833259164465], [1252.5930523909578, -1057.0512859166051], [1260.1586050385745, -1051.4852859164203], [1318.3249318871342, -1018.7572059163938], [1325.3992148821585, -1012.5232859167089], [1330.5084192675122, -1006.2893659166285], [1334.536830417442, -997.717725916518], [1337.4844483319482, -988.9234459165741], [1342.0041291344705, -944.3954459166778], [1344.0674616747294, -924.6918059165932], [1351.2399986003422, -854.3375659166464], [1351.8295221831736, -844.0961259164014], [1350.3557132260948, -836.3037259166964], [1347.4080953112395, -828.1773659166481], [1344.0674616747294, -823.7245659164212], [1338.6634954979602, -820.8302459166099], [1328.6415945880806, -817.7132859165697], [1277.2547889434784, -815.4868859166539], [1228.3243315607904, -813.9284059166339], [1178.6078427340942, -811.2567259166559], [1145.2997602988826, -809.8095659167502], [1130.2669089345866, -809.364285916688], [1081.0416897604828, -806.9152459165434], [1030.637423420367, -804.6888459166278], [991.8271208777978, -805.8020459165856], [986.6196625622051, -806.024685916419], [941.2263466768545, -808.9190059166258]]}, "properties": {"osm_id": null, "type": "residential", "width_m": 5, "extrude": false}}, {"type": "Feature", "geometry": {"type": "LineString", "coordinates": [[1159.350072358692, -1238.6142059165736], [1164.7540385354614, -1121.9508459164815], [1170.8457822256503, -991.595125916552], [1173.6951462099173, -929.3672459166535], [1178.6078427340942, -811.2567259166559]]}, "properties": {"osm_id": null, "type": "footway", "width_m": 2, "extrude": false}}, {"type": "Feature", "geometry": {"type": "LineString", "coordinates": [[1060.703126149657, -1235.4972459165333], [1066.107092326426, -1117.1640859167023], [1072.0023281554386, -987.4762859166684]]}, "properties": {"osm_id": null, "type": "footway", "width_m": 2, "extrude": false}}, {"type": "Feature", "geometry": {"type": "LineString", "coordinates": [[928.1585739222295, -1110.596205916674], [997.7223567071593, -1113.9358059165477], [1016.0958417083144, -1114.826365916672], [1066.107092326426, -1117.1640859167023], [1116.9043743881969, -1119.6131259164513], [1164.7540385354614, -1121.9508459164815], [1225.2784597156958, -1124.8451659166883]]}, "properties": {"osm_id": null, "type": "residential", "width_m": 5, "extrude": false}}, {"type": "Feature", "geometry": {"type": "LineString", "coordinates": [[1570.8375332392582, -1177.3882059165185], [1571.8200725440936, -1153.0091259163735], [1573.0973736406936, -1147.999725916761], [1576.2414994160274, -1143.1016459164719], [1582.0384813148005, -1139.9846859164315], [1589.3092721710013, -1137.758285916516], [1606.4054560755562, -1138.4262059164116]]}, "properties": {"osm_id": null, "type": "residential", "width_m": 5, "extrude": false}}, {"type": "Feature", "geometry": {"type": "LineString", "coordinates": [[997.7223567071593, -1113.9358059165477], [993.4974376960529, -1225.1444859165692], [998.9014038731711, -1230.265205916692]]}, "properties": {"osm_id": null, "type": "residential", "width_m": 5, "extrude": false}}, {"type": "Feature", "geometry": {"type": "LineString", "coordinates": [[1257.6040028460723, -1241.953805916447], [1259.7655893165704, -1207.444605916567], [1262.3201915094219, -1168.705245916689], [1264.1870161885042, -1164.5864059164098], [1268.2154273384342, -1162.3600059164942], [1273.2263777935486, -1161.6920859165984], [1300.6392243993987, -1163.2505659166186], [1470.8150320033835, -1172.1561659166769], [1570.8375332392582, -1177.3882059165185], [1599.1346652197046, -1179.058005916653], [1647.279091158385, -1181.9523259164644], [1651.5040101694913, -1182.7315659164744], [1653.862104501166, -1185.5145659165667], [1654.1568662925815, -1189.9673659163982], [1651.7987719609068, -1243.6236059165817]]}, "properties": {"osm_id": null, "type": "residential", "width_m": 5, "extrude": false}}, {"type": "Feature", "geometry": {"type": "LineString", "coordinates": [[456.7362154442603, -1073.9719259165972], [459.1925637065233, -1017.532685916717], [459.58557942852724, -1008.9610459166065], [460.66637266395094, -1007.0686059166385], [462.1401816210295, -1005.9554059166807], [464.0070063004611, -1005.6214459167329], [465.97208491013197, -1006.0667259163996], [469.31271854664215, -1009.0723659167209], [472.5550982529131, -1011.8553659164178], [477.17303298567447, -1016.4194859167592], [480.61192055277286, -1018.9798459166227], [484.6403317027028, -1021.762845916715], [488.96350464404844, -1023.9892459166308], [493.67969330739794, -1025.7703659164843], [498.1993741099201, -1027.2175259163898], [502.22778525985, -1027.885445916681], [506.8457199929603, -1028.4420459164621], [510.97238507312943, -1028.4420459164621], [515.5903198062398, -1027.9967659164], [520.6995241915934, -1026.9948859165565], [525.5139667855311, -1025.4364059165364], [530.4266633097081, -1023.3213259167351], [534.6515823208146, -1021.2062459165384], [538.4834856095679, -1018.7572059163938], [542.4136428292586, -1015.5289259166346], [546.0490382571845, -1012.30064591648], [548.1123707974435, -1009.7402859166165], [550.2739572682908, -1006.9572859165241], [552.1407819473734, -1003.840325916484], [554.4988762790482, -1000.0554459165481], [555.7761773752994, -996.7158459166745], [556.7587166804839, -994.26680591653], [557.9377638461467, -992.8196459166243], [559.3133188729861, -991.9290859164998], [560.7871278304137, -991.595125916552], [562.7522064400845, -992.0404059166142], [564.2260153975121, -993.2649259166865], [571.9880759059562, -1001.0573259163915], [591.8353698641899, -1021.874165916434], [594.2917181264529, -1024.8798059167552], [596.1585428058846, -1027.4401659166188], [597.8288596241396, -1030.1118459165966], [599.2044146509791, -1032.7835259165747], [600.9729853994734, -1037.236325916406], [602.2502864960735, -1041.5778059165186], [603.1345718703207, -1046.1419259164645], [603.4293336617363, -1049.1475659163902], [602.839810078905, -1072.1908059167438], [601.9555247043087, -1074.0832459167118], [596.1585428058846, -1079.2039659164388], [594.5864799178686, -1079.87188591673], [592.7196552387861, -1080.0945259165633], [584.0733093557459, -1079.649245916501], [536.6166609304854, -1077.3115259164708]]}, "properties": {"osm_id": null, "type": "footway", "width_m": 2, "extrude": false}}, {"type": "Feature", "geometry": {"type": "LineString", "coordinates": [[717.0108773051772, -976.1216459164655], [711.4104032672315, -1100.1321259165957]]}, "properties": {"osm_id": null, "type": "residential", "width_m": 5, "extrude": false}}, {"type": "Feature", "geometry": {"type": "LineString", "coordinates": [[766.2360964792811, -978.3480459163811], [760.1443527890921, -1102.469845916626]]}, "properties": {"osm_id": null, "type": "residential", "width_m": 5, "extrude": false}}, {"type": "Feature", "geometry": {"type": "LineString", "coordinates": [[809.4678258934351, -1104.9188859163748], [814.8717920702044, -980.5744459166924]]}, "properties": {"osm_id": null, "type": "residential", "width_m": 5, "extrude": false}}, {"type": "Feature", "geometry": {"type": "LineString", "coordinates": [[590.8528305593545, -1044.1381659163821], [590.8528305593545, -1042.3570459165287]]}, "properties": {"osm_id": null, "type": "footway", "width_m": 2, "extrude": false}}, {"type": "Feature", "geometry": {"type": "LineString", "coordinates": [[579.9466442752278, -1040.0193259164985], [579.9466442752278, -1040.7985659165086], [580.1431521364042, -1041.5778059165186], [580.8309296498239, -1042.0230859165808], [581.7152150240711, -1042.1344059166952], [590.8528305593545, -1042.3570459165287], [594.3899720570412, -1042.6910059164763], [596.0602888752964, -1043.0249659164242], [597.5340978323749, -1043.581565916601], [599.0079067898025, -1044.6947659165587], [600.5799696778184, -1046.5872059165267], [601.9555247043087, -1048.4796459164945], [603.4293336617363, -1049.1475659163902], [606.0821897848269, -1049.0362459166713]]}, "properties": {"osm_id": null, "type": "footway", "width_m": 2, "extrude": false}}, {"type": "Feature", "geometry": {"type": "LineString", "coordinates": [[866.5533595065713, -983.0234859164415], [861.4441551212177, -1107.3679259165194]]}, "properties": {"osm_id": null, "type": "residential", "width_m": 5, "extrude": false}}, {"type": "Feature", "geometry": {"type": "LineString", "coordinates": [[230.2609056711473, -1059.8342859166976], [239.79153692843474, -1042.468365916643], [244.40947166119608, -1034.008045916647]]}, "properties": {"osm_id": null, "type": "residential", "width_m": 5, "extrude": false}}, {"type": "Feature", "geometry": {"type": "LineString", "coordinates": [[916.0733404720908, -994.0441659166966], [913.1257225575846, -1047.9230459167134], [910.2763585733176, -1100.0208059164813]]}, "properties": {"osm_id": null, "type": "residential", "width_m": 5, "extrude": false}}, {"type": "Feature", "geometry": {"type": "LineString", "coordinates": [[928.1585739222295, -1110.596205916674], [931.1061918367358, -1049.1475659163902], [934.1520636818302, -986.1404459164817]]}, "properties": {"osm_id": null, "type": "residential", "width_m": 5, "extrude": false}}, {"type": "Feature", "geometry": {"type": "LineString", "coordinates": [[-1100.7850906396761, -980.7970859165257], [-1133.7001573528837, -991.0385259163753], [-1135.861743823731, -991.7064459166664], [-1140.7744403479082, -993.0422859164577]]}, "properties": {"osm_id": null, "type": "residential", "width_m": 5, "extrude": false}}, {"type": "Feature", "geometry": {"type": "LineString", "coordinates": [[-1072.4879586595787, -1272.2328459167245], [-1079.562241654603, -1246.0726459167263], [-1100.1955670568445, -1169.484485916699], [-1118.8638138494155, -1099.5755259164189], [-1121.4184160419177, -1089.8906859167462], [-1146.767930107858, -994.4894459167588], [-1149.0277705089445, -985.9178059166483], [-1173.9842688528809, -889.6260059165365], [-1174.966808157716, -886.0637659164341], [-1176.4406171147948, -880.3864459165304], [-1202.281400832978, -775.3003659164747], [-1208.8644141757593, -756.4872859165146], [-1215.0544117965367, -742.5722859164482], [-1218.9845690158784, -736.5610059165966], [-1223.9955194706436, -730.5497259167452], [-1230.283771022009, -725.651645916456], [-1238.2423393912804, -721.5328059165723], [-1249.9345571194153, -717.859245916751]]}, "properties": {"osm_id": null, "type": "tertiary", "width_m": 7, "extrude": false}}, {"type": "Feature", "geometry": {"type": "LineString", "coordinates": [[-640.1706645155945, -999.0535659167047], [-633.6859051034014, -1035.5665259166672], [-623.6640041935219, -1045.0287259165066], [-400.43107412667985, -995.6026459167167]]}, "properties": {"osm_id": null, "type": "residential", "width_m": 5, "extrude": false}}, {"type": "Feature", "geometry": {"type": "LineString", "coordinates": [[-1100.7850906396761, -980.7970859165257], [-1100.8833445702642, -987.364965916554], [-1076.8111316009242, -1079.5379259163865]]}, "properties": {"osm_id": null, "type": "residential", "width_m": 5, "extrude": false}}, {"type": "Feature", "geometry": {"type": "LineString", "coordinates": [[-1198.8425132658797, -685.6877659165057], [-1208.5696523843435, -685.4651259166723], [-1213.8753646305247, -693.0348859165439], [-1216.331712892788, -700.4933259166966], [-1216.6264746842035, -707.7291259166203], [-1214.6613960745326, -715.7441659165543], [-1211.6155242294383, -724.0931659164359], [-1199.5302907792995, -744.9100059164783], [-1195.5018796293696, -751.8118459164543], [-1170.348873424606, -844.4300859167447], [-1162.8815747075773, -871.8148059164198], [-1160.3269725150753, -876.2676059166467], [-1159.6391950016557, -879.4958859164059], [-1162.68506684675, -881.054365916426], [-1161.3095118199105, -886.3977259163819], [-1136.0582516845586, -982.2442459164314], [-1134.3879348663036, -988.5894859166262], [-1133.7001573528837, -991.0385259163753], [-1125.4468271921967, -1019.6477659165182], [-1116.3092116565642, -1052.9324459167215], [-1113.8528633946503, -1070.9662859166715], [-1109.1366747313007, -1086.9963659165392], [-1106.483818607861, -1095.7906459164833], [-1086.6365246496275, -1163.1392459165043], [-1085.5557314142038, -1166.2562059165443], [-1062.1712959582833, -1239.3934459165835], [-1054.5074893800784, -1263.5498859164995], [-1053.426696145004, -1268.4479659163933], [-1052.640664700996, -1272.1215259166102], [-1039.7693998071984, -1348.1530859164607], [-1037.5095594061117, -1361.6228059164648], [-1035.937496518096, -1365.519005916515], [-1032.1055932289935, -1375.092525916469], [-1025.2278180951455, -1401.3640459165817], [-1020.7081372926235, -1406.5960859164234], [-1014.2233778804306, -1409.3790859165156], [-1007.9351263294141, -1409.9356859166924], [-993.0005288953575, -1404.8149659165697], [-992.1162435207613, -1407.2640059167143]]}, "properties": {"osm_id": null, "type": "footway", "width_m": 2, "extrude": false}}, {"type": "Feature", "geometry": {"type": "LineString", "coordinates": [[-1038.393844780359, -1071.8568459164005], [-994.081322130432, -1062.0606859166132]]}, "properties": {"osm_id": null, "type": "residential", "width_m": 5, "extrude": false}}, {"type": "Feature", "geometry": {"type": "LineString", "coordinates": [[-1038.393844780359, -1071.8568459164005], [-1076.8111316009242, -1079.5379259163865]]}, "properties": {"osm_id": null, "type": "residential", "width_m": 5, "extrude": false}}, {"type": "Feature", "geometry": {"type": "LineString", "coordinates": [[-1076.8111316009242, -1079.5379259163865], [-1094.0055694360674, -1083.5454459165512], [-1109.1366747313007, -1086.9963659165392], [-1110.7087376189675, -1087.330325916487], [-1115.424926282317, -1088.332205916726]]}, "properties": {"osm_id": null, "type": "residential", "width_m": 5, "extrude": false}}, {"type": "Feature", "geometry": {"type": "LineString", "coordinates": [[-1111.1017533409713, -1097.2378059163889], [-1106.483818607861, -1095.7906459164833]]}, "properties": {"osm_id": null, "type": "footway", "width_m": 2, "extrude": false}}, {"type": "Feature", "geometry": {"type": "LineString", "coordinates": [[-1111.1017533409713, -1097.2378059163889], [-1112.8703240898149, -1097.7944059165654], [-1114.8354026994855, -1098.3510059167422]]}, "properties": {"osm_id": null, "type": "footway", "width_m": 2, "extrude": false}}, {"type": "Feature", "geometry": {"type": "LineString", "coordinates": [[-1019.9221058486156, -1362.290725916756], [-1036.5270201009273, -1263.2159259165517]]}, "properties": {"osm_id": null, "type": "residential", "width_m": 5, "extrude": false}}, {"type": "Feature", "geometry": {"type": "LineString", "coordinates": [[-993.9830682001929, -1281.5837259164496], [-987.498308788, -1318.7646059167032], [-984.4524369429056, -1334.7946859165709], [-980.5222797232149, -1354.1643659167075]]}, "properties": {"osm_id": null, "type": "residential", "width_m": 5, "extrude": false}}, {"type": "Feature", "geometry": {"type": "LineString", "coordinates": [[-879.2224773910891, -1314.2004859167573], [-984.4524369429056, -1334.7946859165709]]}, "properties": {"osm_id": null, "type": "residential", "width_m": 5, "extrude": false}}, {"type": "Feature", "geometry": {"type": "LineString", "coordinates": [[-1081.5273202642738, -1246.6292459165074], [-1083.8854145959485, -1247.6311259167462], [-1076.9093855315125, -1274.6818859164737], [-1075.042560852081, -1281.6950459165641], [-1069.5403407447234, -1302.400565916492], [-1057.455107294934, -1349.377605916533], [-1056.3743140595102, -1353.2738059165831], [-1054.5074893800784, -1359.6190459163824], [-1053.426696145004, -1362.9586459166514], [-1051.6581253961606, -1368.0793659163785], [-1049.3000310644857, -1380.2132459165914], [-1046.3524131499796, -1406.7074059165377]]}, "properties": {"osm_id": null, "type": "footway", "width_m": 2, "extrude": false}}, {"type": "Feature", "geometry": {"type": "LineString", "coordinates": [[-1060.795740931444, -1274.1252859166925], [-1049.3000310644857, -1336.9097659163722], [-1045.5663817059715, -1349.8228859165952], [-1040.7519391120336, -1366.4095659166396], [-1035.7409886572684, -1386.0018859166096]]}, "properties": {"osm_id": null, "type": "tertiary", "width_m": 7, "extrude": false}}, {"type": "Feature", "geometry": {"type": "LineString", "coordinates": [[-1040.3589233900298, -1395.2414459166157], [-1042.6187637914652, -1384.666045916423], [-1048.8087614118936, -1361.7341259165792], [-1051.559871465572, -1351.6040059164486], [-1071.6036732849825, -1275.7950859164314]]}, "properties": {"osm_id": null, "type": "tertiary", "width_m": 7, "extrude": false}}, {"type": "Feature", "geometry": {"type": "LineString", "coordinates": [[-980.5222797232149, -1354.1643659167075], [-873.2289876311395, -1331.7890459166451]]}, "properties": {"osm_id": null, "type": "residential", "width_m": 5, "extrude": false}}, {"type": "Feature", "geometry": {"type": "LineString", "coordinates": [[-1043.8960648877164, -1349.377605916533], [-1039.7693998071984, -1348.1530859164607]]}, "properties": {"osm_id": null, "type": "footway", "width_m": 2, "extrude": false}}, {"type": "Feature", "geometry": {"type": "LineString", "coordinates": [[-1047.6297142462306, -1350.4908059164907], [-1045.5663817059715, -1349.8228859165952], [-1043.8960648877164, -1349.377605916533]]}, "properties": {"osm_id": null, "type": "footway", "width_m": 2, "extrude": false}}, {"type": "Feature", "geometry": {"type": "LineString", "coordinates": [[-1049.5947928559015, -1350.9360859165529], [-1047.6297142462306, -1350.4908059164907]]}, "properties": {"osm_id": null, "type": "footway", "width_m": 2, "extrude": false}}, {"type": "Feature", "geometry": {"type": "LineString", "coordinates": [[-1053.3284422144154, -1352.0492859165108], [-1051.559871465572, -1351.6040059164486], [-1049.5947928559015, -1350.9360859165529]]}, "properties": {"osm_id": null, "type": "footway", "width_m": 2, "extrude": false}}, {"type": "Feature", "geometry": {"type": "LineString", "coordinates": [[-1056.3743140595102, -1353.2738059165831], [-1053.3284422144154, -1352.0492859165108]]}, "properties": {"osm_id": null, "type": "footway", "width_m": 2, "extrude": false}}, {"type": "Feature", "geometry": {"type": "LineString", "coordinates": [[-980.5222797232149, -1354.1643659167075], [-1001.0573511952174, -1358.617165916539], [-1019.9221058486156, -1362.290725916756], [-1035.937496518096, -1365.519005916515], [-1040.7519391120336, -1366.4095659166396]]}, "properties": {"osm_id": null, "type": "residential", "width_m": 5, "extrude": false}}, {"type": "Feature", "geometry": {"type": "LineString", "coordinates": [[-1081.3308124034465, -1370.862365916471], [-1053.426696145004, -1362.9586459166514], [-1048.8087614118936, -1361.7341259165792]]}, "properties": {"osm_id": null, "type": "residential", "width_m": 5, "extrude": false}}, {"type": "Feature", "geometry": {"type": "LineString", "coordinates": [[-1035.7409886572684, -1386.0018859166096], [-1031.516069646162, -1402.699885916373], [-1028.0771820790637, -1407.3753259164332], [-1023.754009137718, -1411.7168059165458]]}, "properties": {"osm_id": null, "type": "tertiary", "width_m": 7, "extrude": false}}, {"type": "Feature", "geometry": {"type": "LineString", "coordinates": [[-1039.8676537377867, -1415.7243259167105], [-1038.1973369195314, -1410.1583259165257], [-1038.885114432951, -1405.7055259166943], [-1040.3589233900298, -1395.2414459166157]]}, "properties": {"osm_id": null, "type": "tertiary", "width_m": 7, "extrude": false}}, {"type": "Feature", "geometry": {"type": "LineString", "coordinates": [[-1061.9747880974558, -1408.71116591662], [-1046.3524131499796, -1406.7074059165377], [-1038.885114432951, -1405.7055259166943]]}, "properties": {"osm_id": null, "type": "service", "width_m": 3.5, "extrude": false}}, {"type": "Feature", "geometry": {"type": "LineString", "coordinates": [[-992.1162435207613, -1407.2640059167143], [-990.5441806330945, -1411.4941659167125], [-988.4808480928355, -1416.726205916554]]}, "properties": {"osm_id": null, "type": "footway", "width_m": 2, "extrude": false}}, {"type": "Feature", "geometry": {"type": "LineString", "coordinates": [[-1023.754009137718, -1411.7168059165458], [-1021.1011530146275, -1412.8300059165035], [-1018.7430586829528, -1414.3884859165237]]}, "properties": {"osm_id": null, "type": "secondary", "width_m": 9, "extrude": false}}, {"type": "Feature", "geometry": {"type": "LineString", "coordinates": [[-1039.8676537377867, -1415.7243259167105], [-1036.4287661706883, -1413.1639659164514], [-1032.4003550207583, -1411.4941659167125], [-1028.0771820790637, -1411.04888591665], [-1023.754009137718, -1411.7168059165458]]}, "properties": {"osm_id": null, "type": "secondary", "width_m": 9, "extrude": false}}, {"type": "Feature", "geometry": {"type": "LineString", "coordinates": [[-1018.7430586829528, -1414.3884859165237], [-1014.1251239498423, -1414.9450859167005], [-1009.6054431476693, -1414.7224459164715], [-1002.8259219440605, -1413.8318859167425], [-991.6249738685182, -1411.939445916379]]}, "properties": {"osm_id": null, "type": "secondary", "width_m": 9, "extrude": false}}, {"type": "Feature", "geometry": {"type": "LineString", "coordinates": [[-1043.6013030963006, -1421.5129659167287], [-1042.0292402082848, -1418.3960059166884], [-1039.8676537377867, -1415.7243259167105]]}, "properties": {"osm_id": null, "type": "secondary", "width_m": 9, "extrude": false}}, {"type": "Feature", "geometry": {"type": "LineString", "coordinates": [[-991.6249738685182, -1411.939445916379], [-996.4394164621069, -1415.1677259165338], [-1000.959097264629, -1418.6186459165217], [-1005.9700477193943, -1423.6280459165298], [-1012.9460767841795, -1431.8657259166926]]}, "properties": {"osm_id": null, "type": "secondary", "width_m": 9, "extrude": false}}, {"type": "Feature", "geometry": {"type": "LineString", "coordinates": [[-1018.7430586829528, -1414.3884859165237], [-1015.3041711158542, -1417.8394059165116], [-1013.1425846450069, -1422.1808859166242], [-1012.2582992707597, -1426.9676459164034], [-1012.9460767841795, -1431.8657259166926]]}, "properties": {"osm_id": null, "type": "secondary", "width_m": 9, "extrude": false}}, {"type": "Feature", "geometry": {"type": "LineString", "coordinates": [[-1184.5956933452428, -1403.9244059164453], [-1179.0934732382343, -1412.6073659166702], [-1172.7069677562806, -1420.622405916604], [-1158.558401766232, -1433.2015659164838], [-1149.6172940917759, -1438.7675659166687], [-1139.3006313908297, -1442.9977259166667], [-1129.9665079943697, -1444.6675259164058], [-1118.1760363359958, -1445.112805916468]]}, "properties": {"osm_id": null, "type": "service", "width_m": 3.5, "extrude": false}}, {"type": "Feature", "geometry": {"type": "LineString", "coordinates": [[-1048.4157456898895, -1422.0695659165099], [-1047.6297142462306, -1424.852565916602], [-1046.7454288716344, -1427.8582059165278]]}, "properties": {"osm_id": null, "type": "footway", "width_m": 2, "extrude": false}}, {"type": "Feature", "geometry": {"type": "LineString", "coordinates": [[-1040.7519391120336, -1437.7656859164297], [-1043.1100334437085, -1434.2034459167228], [-1044.3873345399595, -1430.0846059164437], [-1044.5838424011363, -1425.7431259167267], [-1043.6013030963006, -1421.5129659167287]]}, "properties": {"osm_id": null, "type": "secondary", "width_m": 9, "extrude": false}}, {"type": "Feature", "geometry": {"type": "LineString", "coordinates": [[-1046.7454288716344, -1427.8582059165278], [-1045.9593974279755, -1432.867605916536]]}, "properties": {"osm_id": null, "type": "footway", "width_m": 2, "extrude": false}}, {"type": "Feature", "geometry": {"type": "LineString", "coordinates": [[-1118.1760363359958, -1445.112805916468], [-1056.4725679900982, -1427.9695259166424], [-1047.6297142462306, -1424.852565916602], [-1045.9593974279755, -1424.2959659164255], [-1043.6013030963006, -1421.5129659167287]]}, "properties": {"osm_id": null, "type": "secondary", "width_m": 9, "extrude": false}}, {"type": "Feature", "geometry": {"type": "LineString", "coordinates": [[-1012.9460767841795, -1431.8657259166926], [-1015.4024250464425, -1436.652485916472]]}, "properties": {"osm_id": null, "type": "secondary", "width_m": 9, "extrude": false}}, {"type": "Feature", "geometry": {"type": "LineString", "coordinates": [[-1045.9593974279755, -1432.867605916536], [-1046.7454288716344, -1436.541165916753], [-1047.2366985242268, -1438.7675659166687]]}, "properties": {"osm_id": null, "type": "footway", "width_m": 2, "extrude": false}}, {"type": "Feature", "geometry": {"type": "LineString", "coordinates": [[-1047.2366985242268, -1438.7675659166687], [-1047.7279681764699, -1440.4373659164075]]}, "properties": {"osm_id": null, "type": "footway", "width_m": 2, "extrude": false}}, {"type": "Feature", "geometry": {"type": "LineString", "coordinates": [[-1015.4024250464425, -1436.652485916472], [-1018.9395665437802, -1440.3260459166886], [-1023.4592473463022, -1442.5524459166045], [-1028.4701978010676, -1443.3316859166146], [-1033.5794021864212, -1442.5524459166045]]}, "properties": {"osm_id": null, "type": "secondary", "width_m": 9, "extrude": false}}, {"type": "Feature", "geometry": {"type": "LineString", "coordinates": [[-1033.5794021864212, -1442.5524459166045], [-1037.4113054755235, -1440.6600059166365], [-1040.7519391120336, -1437.7656859164297]]}, "properties": {"osm_id": null, "type": "secondary", "width_m": 9, "extrude": false}}, {"type": "Feature", "geometry": {"type": "LineString", "coordinates": [[-1047.7279681764699, -1440.4373659164075], [-1048.8087614118936, -1442.8864059165521], [-1049.889554647317, -1445.4467659164156]]}, "properties": {"osm_id": null, "type": "footway", "width_m": 2, "extrude": false}}, {"type": "Feature", "geometry": {"type": "LineString", "coordinates": [[-988.4808480928355, -1416.726205916554], [-988.0878323708314, -1418.5073259164074], [-997.1271939755267, -1423.0714459167486], [-1004.2997309011391, -1429.1940459167147], [-1008.7211577730731, -1437.5430459165964], [-1011.3740138965127, -1448.3410859166227], [-1010.6862363830929, -1457.4693259165142], [-1006.4613173719865, -1465.373045916729], [-1004.5944926925549, -1468.1560459164261], [-1006.166555580571, -1469.7145259164463]]}, "properties": {"osm_id": null, "type": "footway", "width_m": 2, "extrude": false}}, {"type": "Feature", "geometry": {"type": "LineString", "coordinates": [[-1196.7791807259698, -1460.0296859163777], [-1191.5717224100279, -1447.0052459164358], [-1191.5717224100279, -1432.867605916536]]}, "properties": {"osm_id": null, "type": "primary", "width_m": 12, "extrude": false}}, {"type": "Feature", "geometry": {"type": "LineString", "coordinates": [[-1152.6631659368704, -1452.459925916506], [-1132.0298405346289, -1449.0090059165182], [-1118.1760363359958, -1445.112805916468]]}, "properties": {"osm_id": null, "type": "secondary", "width_m": 9, "extrude": false}}, {"type": "Feature", "geometry": {"type": "LineString", "coordinates": [[-1164.8466533175974, -1447.3392059163837], [-1158.4601478356435, -1449.231645916747], [-1152.6631659368704, -1452.459925916506]]}, "properties": {"osm_id": null, "type": "primary", "width_m": 12, "extrude": false}}, {"type": "Feature", "geometry": {"type": "LineString", "coordinates": [[-1196.7791807259698, -1460.0296859163777], [-1190.4909291746042, -1453.573125916464], [-1182.630614735572, -1449.0090059165182], [-1173.8860149222924, -1446.8939259167169], [-1164.8466533175974, -1447.3392059163837]]}, "properties": {"osm_id": null, "type": "primary", "width_m": 12, "extrude": false}}, {"type": "Feature", "geometry": {"type": "LineString", "coordinates": [[-1030.9265460633308, -1473.6107259164964], [-1029.059721383899, -1467.1541659165828], [-1028.4701978010676, -1460.5862859165545], [-1028.7649595924834, -1457.246685916681], [-1030.730038202503, -1448.3410859166227], [-1032.3021010901698, -1445.112805916468], [-1033.5794021864212, -1442.5524459166045]]}, "properties": {"osm_id": null, "type": "service", "width_m": 3.5, "extrude": false}}, {"type": "Feature", "geometry": {"type": "LineString", "coordinates": [[-1015.4024250464425, -1436.652485916472], [-1016.7779800732818, -1448.8976859164038], [-1014.4198857416071, -1460.9202459165024], [-1011.6687756879282, -1467.376805916416], [-1008.0333802596533, -1471.2730059164662], [-1002.5311601526449, -1476.1710859167554], [-997.0289400452874, -1478.6201259165045], [-992.5092592427652, -1480.289925916639]]}, "properties": {"osm_id": null, "type": "service", "width_m": 3.5, "extrude": false}}, {"type": "Feature", "geometry": {"type": "LineString", "coordinates": [[-1040.7519391120336, -1437.7656859164297], [-1045.9593974279755, -1436.7638059165863], [-1046.7454288716344, -1436.541165916753], [-1055.195266893498, -1434.5374059166707], [-1062.859073471703, -1435.0940059164518], [-1106.7785803996258, -1446.1146859167068], [-1118.0777824054076, -1451.0127659166005], [-1126.3311125664436, -1460.1410059164923], [-1133.8966652140605, -1472.9428059166007], [-1139.398885321418, -1484.0748059165749]]}, "properties": {"osm_id": null, "type": "secondary", "width_m": 9, "extrude": false}}, {"type": "Feature", "geometry": {"type": "LineString", "coordinates": [[-802.7809194719625, -1447.7844859164459], [-866.4494664275309, -1465.1504059165004], [-921.9629371530001, -1481.0691659166491]]}, "properties": {"osm_id": null, "type": "primary", "width_m": 14, "extrude": false}}, {"type": "Feature", "geometry": {"type": "LineString", "coordinates": [[-1152.6631659368704, -1452.459925916506], [-1145.0976132896028, -1459.8070459165444], [-1140.283170695665, -1469.269245916384], [-1139.1041235296532, -1477.7295659163801], [-1139.398885321418, -1484.0748059165749]]}, "properties": {"osm_id": null, "type": "primary", "width_m": 12, "extrude": false}}, {"type": "Feature", "geometry": {"type": "LineString", "coordinates": [[-1026.2103573999811, -1492.535125916571], [-1020.2168676400312, -1483.740845916627], [-1018.8413126135409, -1475.6144859165788], [-1018.2517890303604, -1472.608845916653], [-1022.476708041467, -1457.024045916452], [-1030.730038202503, -1448.3410859166227]]}, "properties": {"osm_id": null, "type": "service", "width_m": 3.5, "extrude": false}}, {"type": "Feature", "geometry": {"type": "LineString", "coordinates": [[-1006.166555580571, -1469.7145259164463], [-1008.0333802596533, -1471.2730059164662], [-1009.9984588696733, -1472.9428059166007]]}, "properties": {"osm_id": null, "type": "footway", "width_m": 2, "extrude": false}}, {"type": "Feature", "geometry": {"type": "LineString", "coordinates": [[-1009.9984588696733, -1472.9428059166007], [-1014.321631811019, -1474.946565916683], [-1015.5006789766818, -1475.5031659164642]]}, "properties": {"osm_id": null, "type": "footway", "width_m": 2, "extrude": false}}, {"type": "Feature", "geometry": {"type": "LineString", "coordinates": [[-1015.5006789766818, -1475.5031659164642], [-1018.8413126135409, -1475.6144859165788], [-1021.3959148060433, -1475.7258059166932]]}, "properties": {"osm_id": null, "type": "footway", "width_m": 2, "extrude": false}}, {"type": "Feature", "geometry": {"type": "LineString", "coordinates": [[-1021.3959148060433, -1475.7258059166932], [-1023.754009137718, -1475.9484459165267], [-1025.5225798865613, -1481.6257659164303]]}, "properties": {"osm_id": null, "type": "footway", "width_m": 2, "extrude": false}}, {"type": "Feature", "geometry": {"type": "LineString", "coordinates": [[-1014.321631811019, -1474.946565916683], [-1014.321631811019, -1479.6220059167435], [-1015.59893290727, -1485.633285916595]]}, "properties": {"osm_id": null, "type": "footway", "width_m": 2, "extrude": false}}, {"type": "Feature", "geometry": {"type": "LineString", "coordinates": [[-992.5092592427652, -1480.289925916639], [-986.8105312745803, -1481.403125916597], [-978.3606932527166, -1481.7370859165449], [-969.9108552308528, -1481.403125916597], [-958.5133992941338, -1480.0672859164101]]}, "properties": {"osm_id": null, "type": "service", "width_m": 3.5, "extrude": false}}, {"type": "Feature", "geometry": {"type": "LineString", "coordinates": [[-1030.9265460633308, -1473.6107259164964], [-1031.7125775073387, -1465.2617259166148], [-1034.0706718390134, -1458.025925916691], [-1038.4920987109472, -1450.7901259163716], [-1045.6646356365598, -1444.4448859165723], [-1048.8087614118936, -1442.8864059165521], [-1055.4900286852628, -1440.88264591647], [-1066.101453177625, -1441.5505659167611], [-1105.4030253727865, -1450.9014459164862], [-1115.9161959349092, -1457.1353659165666], [-1121.8114317639217, -1464.8164459165525], [-1131.4403169517973, -1487.971005916625], [-1139.005869599414, -1511.7934859165935], [-1139.7919010430728, -1517.1368459165492], [-1139.6936471128336, -1521.4783259166618], [-1139.005869599414, -1526.0424459166077], [-1137.433806711398, -1532.1650459165735]]}, "properties": {"osm_id": null, "type": "service", "width_m": 3.5, "extrude": false}}, {"type": "Feature", "geometry": {"type": "LineString", "coordinates": [[-1046.4506670802189, -1500.1048859164425], [-1041.7344784168693, -1494.427565916539], [-1037.5095594061117, -1488.4162859166875], [-1033.1863864644172, -1480.5125659164723], [-1030.9265460633308, -1473.6107259164964]]}, "properties": {"osm_id": null, "type": "service", "width_m": 3.5, "extrude": false}}, {"type": "Feature", "geometry": {"type": "LineString", "coordinates": [[-1049.889554647317, -1445.4467659164156], [-1050.0860625084938, -1446.5599659163736], [-1047.3349524548148, -1448.0071259166748], [-1042.913525582881, -1451.6806859164963], [-1039.67114587661, -1455.5768859165464], [-1037.4113054755235, -1460.363645916721], [-1037.4113054755235, -1462.256085916689], [-1041.9309862780458, -1467.4881259165304], [-1046.3524131499796, -1469.8258459165606], [-1073.5687518946531, -1478.2861659165567], [-1094.3985851580715, -1481.6257659164303], [-1106.483818607861, -1485.7446059167094], [-1116.210957726325, -1496.9879259164024], [-1125.4468271921967, -1507.5633259165952], [-1130.457777646962, -1515.0217659167479], [-1133.9949191442995, -1527.378285916399], [-1133.2088877006406, -1530.6065659165533]]}, "properties": {"osm_id": null, "type": "footway", "width_m": 2, "extrude": false}}, {"type": "Feature", "geometry": {"type": "LineString", "coordinates": [[-1139.398885321418, -1484.0748059165749], [-1141.1674560699123, -1489.863445916593], [-1143.6238043321753, -1495.6520859166112]]}, "properties": {"osm_id": null, "type": "primary", "width_m": 12, "extrude": false}}, {"type": "Feature", "geometry": {"type": "LineString", "coordinates": [[-1046.4506670802189, -1500.1048859164425], [-1026.2103573999811, -1492.535125916571], [-992.5092592427652, -1480.289925916639]]}, "properties": {"osm_id": null, "type": "service", "width_m": 3.5, "extrude": false}}, {"type": "Feature", "geometry": {"type": "LineString", "coordinates": [[-1192.357753854036, -1502.553925916587], [-1198.0564818222208, -1495.6520859166112], [-1201.5936233195584, -1487.5257259165628], [-1202.8709244161587, -1478.6201259165045]]}, "properties": {"osm_id": null, "type": "primary", "width_m": 12, "extrude": false}}, {"type": "Feature", "geometry": {"type": "LineString", "coordinates": [[-1143.6238043321753, -1495.6520859166112], [-1149.224278370121, -1502.4426059164728], [-1156.3968152953846, -1507.3406859163665], [-1164.5518915258326, -1510.2350059165733], [-1173.1982374088727, -1510.6802859166355]]}, "properties": {"osm_id": null, "type": "primary", "width_m": 12, "extrude": false}}, {"type": "Feature", "geometry": {"type": "LineString", "coordinates": [[-1186.1677562332588, -1506.8954059166997], [-1192.357753854036, -1502.553925916587]]}, "properties": {"osm_id": null, "type": "primary", "width_m": 12, "extrude": false}}, {"type": "Feature", "geometry": {"type": "LineString", "coordinates": [[-1084.867953900784, -1514.7991259165192], [-1046.4506670802189, -1500.1048859164425]]}, "properties": {"osm_id": null, "type": "service", "width_m": 3.5, "extrude": false}}, {"type": "Feature", "geometry": {"type": "LineString", "coordinates": [[-1173.1982374088727, -1510.6802859166355], [-1179.8795046818932, -1509.4557659165632], [-1186.1677562332588, -1506.8954059166997]]}, "properties": {"osm_id": null, "type": "primary", "width_m": 12, "extrude": false}}, {"type": "Feature", "geometry": {"type": "LineString", "coordinates": [[-1143.6238043321753, -1495.6520859166112], [-1144.4098357761832, -1503.667125916545], [-1144.1150739847676, -1510.6802859166355], [-1143.132534679932, -1517.2481659166638], [-1141.1674560699123, -1523.593405916463], [-1137.433806711398, -1532.1650459165735]]}, "properties": {"osm_id": null, "type": "primary", "width_m": 12, "extrude": false}}, {"type": "Feature", "geometry": {"type": "LineString", "coordinates": [[-921.9629371530001, -1481.0691659166491], [-933.2621391591309, -1484.520085916637], [-1030.8282921327423, -1516.3576059165391], [-1115.3266723517286, -1550.4215259167524], [-1143.525550401587, -1562.221445916622]]}, "properties": {"osm_id": null, "type": "primary", "width_m": 14, "extrude": false}}, {"type": "Feature", "geometry": {"type": "LineString", "coordinates": [[-1150.2068176749565, -1538.065005916706], [-1157.7723703222239, -1522.5915259166195], [-1161.014750028495, -1519.363245916465], [-1164.4536375955934, -1516.2462859164248], [-1168.776810536939, -1513.240645916499], [-1173.1982374088727, -1510.6802859166355]]}, "properties": {"osm_id": null, "type": "primary", "width_m": 12, "extrude": false}}, {"type": "Feature", "geometry": {"type": "LineString", "coordinates": [[-1133.2088877006406, -1530.6065659165533], [-1116.0144498651484, -1571.015725916566]]}, "properties": {"osm_id": null, "type": "footway", "width_m": 2, "extrude": false}}, {"type": "Feature", "geometry": {"type": "LineString", "coordinates": [[-1137.433806711398, -1532.1650459165735], [-1119.846353154251, -1572.6855259167005]]}, "properties": {"osm_id": null, "type": "primary", "width_m": 12, "extrude": false}}, {"type": "Feature", "geometry": {"type": "LineString", "coordinates": [[-1132.3246023260447, -1578.4741659167187], [-1150.2068176749565, -1538.065005916706]]}, "properties": {"osm_id": null, "type": "primary", "width_m": 12, "extrude": false}}, {"type": "Feature", "geometry": {"type": "LineString", "coordinates": [[-1286.583273191137, -1611.647525916412], [-1203.9517176512334, -1566.8968859166825], [-1084.867953900784, -1514.7991259165192]]}, "properties": {"osm_id": null, "type": "service", "width_m": 3.5, "extrude": false}}, {"type": "Feature", "geometry": {"type": "LineString", "coordinates": [[-1337.4812990491298, -1647.7152059167076], [-1233.8209125193466, -1591.7212459164941], [-1142.346503235924, -1549.4196459165137], [-1077.9901787665872, -1522.702845916734], [-992.9022749647694, -1491.0879659166653], [-958.5133992941338, -1480.0672859164101]]}, "properties": {"osm_id": null, "type": "primary", "width_m": 14, "extrude": false}}, {"type": "Feature", "geometry": {"type": "LineString", "coordinates": [[-1143.525550401587, -1562.221445916622], [-1176.7353789065594, -1585.1533659164659], [-1181.5498215001483, -1588.7156059165684], [-1185.6764865806665, -1592.3891659163896], [-1188.0345809123414, -1595.0608459163677], [-1189.999659522012, -1598.2891259165222]]}, "properties": {"osm_id": null, "type": "service", "width_m": 3.5, "extrude": false}}, {"type": "Feature", "geometry": {"type": "LineString", "coordinates": [[-1119.846353154251, -1572.6855259167005], [-1108.2523893567043, -1594.615565916701], [-1102.1606456665154, -1605.079645916384]]}, "properties": {"osm_id": null, "type": "primary", "width_m": 12, "extrude": false}}, {"type": "Feature", "geometry": {"type": "LineString", "coordinates": [[-921.9629371530001, -1481.0691659166491], [-947.3124512185914, -1494.9841659167155], [-962.5418104440637, -1506.5614459167518], [-977.771169669536, -1521.4783259166618], [-988.2843402320079, -1536.617845916405], [-997.5202096975306, -1554.9856459166983], [-1004.7910005537315, -1580.58924591652], [-1009.507189217081, -1606.7494459165184], [-1012.6513149927637, -1637.8077259164104], [-1012.9864738707084, -1647.7152059167076]]}, "properties": {"osm_id": null, "type": "service", "width_m": 3.5, "extrude": false}}, {"type": "Feature", "geometry": {"type": "LineString", "coordinates": [[-1092.924776200644, -1633.8002059166413], [-1100.4903288482603, -1627.7889259163942], [-1106.3855646776217, -1621.888965916657], [-1111.8877847849792, -1615.87768591641], [-1117.390004891988, -1608.3079259165384], [-1122.2044474859256, -1599.736285916428], [-1132.3246023260447, -1578.4741659167187]]}, "properties": {"osm_id": null, "type": "primary", "width_m": 12, "extrude": false}}, {"type": "Feature", "geometry": {"type": "LineString", "coordinates": [[-1116.0144498651484, -1571.015725916566], [-1110.3157218969634, -1581.8137659165923], [-1094.7916008800753, -1607.5286859165285], [-1087.4225560936352, -1616.65692591642], [-1084.081922456776, -1620.7757659166991], [-1056.1692623779181, -1647.7152059167076]]}, "properties": {"osm_id": null, "type": "footway", "width_m": 2, "extrude": false}}, {"type": "Feature", "geometry": {"type": "LineString", "coordinates": [[-1088.4050953984708, -1617.4361659164301], [-1087.4225560936352, -1616.65692591642]]}, "properties": {"osm_id": null, "type": "footway", "width_m": 2, "extrude": false}}, {"type": "Feature", "geometry": {"type": "LineString", "coordinates": [[-1189.999659522012, -1598.2891259165222], [-1192.1612459928594, -1604.189085916655], [-1192.5542617148633, -1609.4211259164963], [-1191.4734684794396, -1615.5437259164623], [-1189.8031516611848, -1619.3286059163981], [-1186.2660101634979, -1623.8927259167394], [-1182.2375990135681, -1627.232325916613], [-1176.145855323379, -1630.683245916601], [-1169.661095911186, -1632.6870059166833], [-1158.7549096274086, -1634.913405916599], [-1150.7963412577878, -1636.2492459163902], [-1141.7569796530927, -1636.9171659166814], [-1134.6826966577194, -1636.2492459163902], [-1128.394445106703, -1634.6907659163703], [-1124.1695260955964, -1632.0190859163922], [-1119.846353154251, -1627.4549659164463], [-1117.390004891988, -1621.888965916657], [-1116.5057195177408, -1616.545605916701], [-1117.390004891988, -1608.3079259165384]]}, "properties": {"osm_id": null, "type": "service", "width_m": 3.5, "extrude": false}}, {"type": "Feature", "geometry": {"type": "LineString", "coordinates": [[-1092.236998687224, -1620.7757659166991], [-1090.0754122167257, -1618.8833259167313], [-1088.4050953984708, -1617.4361659164301]]}, "properties": {"osm_id": null, "type": "footway", "width_m": 2, "extrude": false}}, {"type": "Feature", "geometry": {"type": "LineString", "coordinates": [[-1102.1606456665154, -1605.079645916384], [-1097.4444570031658, -1617.992765916607], [-1095.3811244629067, -1623.4474459166772], [-1093.9073155054791, -1627.4549659164463], [-1092.924776200644, -1633.8002059166413]]}, "properties": {"osm_id": null, "type": "service", "width_m": 3.5, "extrude": false}}, {"type": "Feature", "geometry": {"type": "LineString", "coordinates": [[-1092.236998687224, -1620.7757659166991], [-1093.1212840618202, -1621.6663259164281]]}, "properties": {"osm_id": null, "type": "footway", "width_m": 2, "extrude": false}}, {"type": "Feature", "geometry": {"type": "LineString", "coordinates": [[-1093.1212840618202, -1621.6663259164281], [-1095.3811244629067, -1623.4474459166772], [-1097.3462030725777, -1624.8946059165828]]}, "properties": {"osm_id": null, "type": "footway", "width_m": 2, "extrude": false}}, {"type": "Feature", "geometry": {"type": "LineString", "coordinates": [[-1097.3462030725777, -1624.8946059165828], [-1098.2304884471737, -1625.5625259164785]]}, "properties": {"osm_id": null, "type": "footway", "width_m": 2, "extrude": false}}, {"type": "Feature", "geometry": {"type": "LineString", "coordinates": [[-1098.2304884471737, -1625.5625259164785], [-1100.4903288482603, -1627.7889259163942], [-1103.8309624847705, -1631.796445916559]]}, "properties": {"osm_id": null, "type": "footway", "width_m": 2, "extrude": false}}, {"type": "Feature", "geometry": {"type": "LineString", "coordinates": [[-1103.8309624847705, -1631.796445916559], [-1104.5187399981903, -1632.3530459167355], [-1106.876834329865, -1633.8002059166413], [-1118.0777824054076, -1639.3662059164305], [-1123.8747643041809, -1641.1473259166794], [-1133.012379839464, -1641.8152459165751], [-1176.538871045383, -1637.0284859164003], [-1182.2375990135681, -1635.4700059163802], [-1188.6241044955216, -1632.0190859163922], [-1193.4385470891104, -1627.4549659164463], [-1197.4669582393894, -1625.4512059167596], [-1215.9386971707836, -1622.1116059164906]]}, "properties": {"osm_id": null, "type": "footway", "width_m": 2, "extrude": false}}, {"type": "Feature", "geometry": {"type": "LineString", "coordinates": [[-1102.1606456665154, -1605.079645916384], [-1090.0754122167257, -1618.8833259167313], [-1088.4050953984708, -1620.887085916418], [-1071.8984350763983, -1638.364325916587], [-1062.1567994767097, -1647.7152059167076]]}, "properties": {"osm_id": null, "type": "primary", "width_m": 12, "extrude": false}}, {"type": "Feature", "geometry": {"type": "LineString", "coordinates": [[-1092.924776200644, -1633.8002059166413], [-1093.8090615752399, -1636.5832059167335], [-1095.4793783934952, -1639.143565916597], [-1098.4269963080014, -1642.0378859164084], [-1101.7676299445116, -1644.2642859167197], [-1106.2873107470336, -1646.2680459164064], [-1111.335691271758, -1647.7152059167076]]}, "properties": {"osm_id": null, "type": "service", "width_m": 3.5, "extrude": false}}, {"type": "Feature", "geometry": {"type": "LineString", "coordinates": [[-1121.9342491753243, -1647.7152059167076], [-1144.4098357761832, -1645.0435259167298], [-1194.912356046538, -1639.143565916597], [-1242.074242680383, -1632.3530459167355]]}, "properties": {"osm_id": null, "type": "service", "width_m": 3.5, "extrude": false}}, {"type": "Feature", "geometry": {"type": "LineString", "coordinates": [[-1075.410103332485, -1647.7152059167076], [-1078.383194488591, -1645.600125916511], [-1092.924776200644, -1633.8002059166413]]}, "properties": {"osm_id": null, "type": "primary", "width_m": 12, "extrude": false}}, {"type": "Feature", "geometry": {"type": "LineString", "coordinates": [[-1143.525550401587, -1562.221445916622], [-1193.2420392282831, -1584.4854459165704], [-1291.888985437318, -1634.6907659163703], [-1314.960236490252, -1647.7152059167076]]}, "properties": {"osm_id": null, "type": "primary", "width_m": 14, "extrude": false}}, {"type": "Feature", "geometry": {"type": "LineString", "coordinates": [[-1189.999659522012, -1598.2891259165222], [-1203.3621940684018, -1610.8682859164019], [-1233.919166449935, -1629.0134459164665], [-1242.074242680383, -1632.3530459167355]]}, "properties": {"osm_id": null, "type": "service", "width_m": 3.5, "extrude": false}}, {"type": "Feature", "geometry": {"type": "LineString", "coordinates": [[-1337.9565468575531, -1647.7152059167076], [-1286.583273191137, -1611.647525916412]]}, "properties": {"osm_id": null, "type": "service", "width_m": 3.5, "extrude": false}}, {"type": "Feature", "geometry": {"type": "LineString", "coordinates": [[-1242.074242680383, -1632.3530459167355], [-1257.205347975616, -1631.462485916611], [-1269.0940735645784, -1633.2436059164645], [-1281.4740688057836, -1636.2492459163902], [-1312.223770051391, -1647.7152059167076]]}, "properties": {"osm_id": null, "type": "service", "width_m": 3.5, "extrude": false}}, {"type": "Feature", "geometry": {"type": "LineString", "coordinates": [[-1218.6898072244626, -1516.0236459165915], [-1238.6353551132845, -1549.6422859167424], [-1243.744559498638, -1558.4365659166863], [-1249.7380492585878, -1566.785565916568], [-1256.9105861838511, -1575.245885916564], [-1264.2796309706405, -1581.702445916478], [-1281.5723227363717, -1593.502365916743], [-1367.0637226792655, -1647.7152059167076]]}, "properties": {"osm_id": null, "type": "secondary", "width_m": 9, "extrude": false}}, {"type": "Feature", "geometry": {"type": "LineString", "coordinates": [[2060.5351227877945, 918.0260608194175], [2052.7209856672885, 981.6512079073223]]}, "properties": {"osm_id": null, "type": "track", "width_m": 3, "extrude": false}}, {"type": "Feature", "geometry": {"type": "LineString", "coordinates": [[1724.1555435236735, 1049.5683940836107], [1729.0263613236923, 1012.164874083524], [1736.3954061104814, 945.7068340836274], [1779.8236433858121, 601.7280340835986]]}, "properties": {"osm_id": null, "type": "track", "width_m": 3, "extrude": false}}, {"type": "Feature", "geometry": {"type": "LineString", "coordinates": [[1551.427543915587, 1049.5683940836107], [1552.071032516099, 1044.4476740834882], [1560.619124468551, 983.7782740836099], [1579.38562519171, 844.1829940832787]]}, "properties": {"osm_id": null, "type": "secondary", "width_m": 9, "extrude": false}}, {"type": "Feature", "geometry": {"type": "LineString", "coordinates": [[1736.3954061104814, 945.7068340836274], [1814.409026917275, 954.1671540836235]]}, "properties": {"osm_id": null, "type": "residential", "width_m": 5, "extrude": false}}, {"type": "Feature", "geometry": {"type": "LineString", "coordinates": [[1579.38562519171, 844.1829940832787], [1588.0319710747503, 813.4586740833345]]}, "properties": {"osm_id": null, "type": "secondary", "width_m": 9, "extrude": false}}, {"type": "Feature", "geometry": {"type": "LineString", "coordinates": [[1585.5756228124874, 787.2984740833361], [1580.6629262879612, 819.6925940834149], [1579.38562519171, 844.1829940832787]]}, "properties": {"osm_id": null, "type": "secondary", "width_m": 9, "extrude": false}}, {"type": "Feature", "geometry": {"type": "LineString", "coordinates": [[1588.0319710747503, 813.4586740833345], [1591.4708586414997, 789.190914083304], [1592.6499058075117, 779.9513540832979], [1592.1586361549196, 775.2759140836331], [1590.4883193366643, 771.157074083354]]}, "properties": {"osm_id": null, "type": "service", "width_m": 3.5, "extrude": false}}, {"type": "Feature", "geometry": {"type": "LineString", "coordinates": [[1576.9292769294473, 773.9400740834463], [1580.8594341491378, 776.5004340833099], [1584.2983217162362, 779.7287140834645], [1585.5756228124874, 787.2984740833361]]}, "properties": {"osm_id": null, "type": "service", "width_m": 3.5, "extrude": false}}, {"type": "Feature", "geometry": {"type": "LineString", "coordinates": [[1588.0319710747503, 813.4586740833345], [1599.6259348719477, 775.387234083352], [1611.907676182914, 741.7685940835964]]}, "properties": {"osm_id": null, "type": "secondary", "width_m": 9, "extrude": false}}, {"type": "Feature", "geometry": {"type": "LineString", "coordinates": [[1530.2586599481945, 776.1664740833621], [1563.6649963136456, 774.8306340835709], [1576.9292769294473, 773.9400740834463]]}, "properties": {"osm_id": null, "type": "secondary", "width_m": 9, "extrude": false}}, {"type": "Feature", "geometry": {"type": "LineString", "coordinates": [[1578.3048319562863, 765.034474083388], [1555.6081740137859, 771.8249940832495], [1530.2586599481945, 776.1664740833621]]}, "properties": {"osm_id": null, "type": "secondary", "width_m": 9, "extrude": false}}, {"type": "Feature", "geometry": {"type": "LineString", "coordinates": [[1590.4883193366643, 771.157074083354], [1585.3791149513108, 767.1495540835848], [1578.3048319562863, 765.034474083388]]}, "properties": {"osm_id": null, "type": "service", "width_m": 3.5, "extrude": false}}, {"type": "Feature", "geometry": {"type": "LineString", "coordinates": [[1604.243869605058, 743.7723540832833], [1596.0887933746103, 759.9137540832655], [1590.4883193366643, 771.157074083354], [1585.5756228124874, 787.2984740833361]]}, "properties": {"osm_id": null, "type": "secondary", "width_m": 9, "extrude": false}}, {"type": "Feature", "geometry": {"type": "LineString", "coordinates": [[872.8770735693439, 1049.5683940836107], [872.153833544517, 1041.1080740836146]]}, "properties": {"osm_id": null, "type": "track", "width_m": 3, "extrude": false}}, {"type": "Feature", "geometry": {"type": "LineString", "coordinates": [[225.05344735520552, 896.0581140836086], [229.08185850548446, 903.8505140833137], [227.90281133947255, 1001.5894740833311], [225.1722111227386, 1049.5683940836107]]}, "properties": {"osm_id": null, "type": "residential", "width_m": 5, "extrude": false}}, {"type": "Feature", "geometry": {"type": "LineString", "coordinates": [[752.8147932263079, 1049.5683940836107], [839.3370207615485, 1043.7797540835927], [872.153833544517, 1041.1080740836146], [1235.6933763472305, 1011.162994083285], [1560.619124468551, 983.7782740836099]]}, "properties": {"osm_id": null, "type": "residential", "width_m": 5, "extrude": false}}, {"type": "Feature", "geometry": {"type": "LineString", "coordinates": [[-1479.0627230156188, 730.8592340834558], [-1458.1346358219612, 729.9686740833313], [-1059.5184398351928, 711.6008740834334], [-1021.9854383888746, 712.6027540832769], [-981.7995808198151, 716.3876340836082], [-951.2426084382821, 721.3970340836163], [-927.1703954685929, 728.4101940833112], [-668.7625582871075, 820.4718340834249], [-623.8605120546983, 834.6094740833247], [-579.5479894047714, 846.2980740834755], [-238.7051045445589, 924.3333940834083], [-219.74209596057233, 928.7861940832397], [-193.2135347289692, 933.0163540836332], [-152.73291536814483, 936.801234083569], [-107.0448376917277, 939.2502740833181], [-69.9048519674135, 937.8031140834125], [225.05344735520552, 896.0581140836086], [290.78532685138197, 886.8185540836025], [414.19226354317686, 869.3413140834336], [498.2976280405083, 859.099874083584], [549.487925824283, 854.4244340835237], [681.7377162602946, 844.9622340832888], [1015.6045720557221, 824.9246340832564], [1302.800810870246, 797.873874083529], [1461.2844007460963, 782.8456740835047], [1520.9245365517347, 777.27967408332], [1530.2586599481945, 776.1664740833621]]}, "properties": {"osm_id": null, "type": "secondary", "width_m": 9, "extrude": false}}, {"type": "Feature", "geometry": {"type": "LineString", "coordinates": [[290.78532685138197, 886.8185540836025], [260.03184660867237, 675.0879140834711], [272.3135879196385, 541.9491940834491], [266.811367812281, 388.88419408350927], [261.30914770527255, 234.14939408343486]]}, "properties": {"osm_id": null, "type": "service", "width_m": 3.5, "extrude": false}}, {"type": "Feature", "geometry": {"type": "LineString", "coordinates": [[266.811367812281, 388.88419408350927], [40.6308198305838, 392.1124740832684], [-46.12740078948913, 393.3369940833407]]}, "properties": {"osm_id": null, "type": "service", "width_m": 3.5, "extrude": false}}, {"type": "Feature", "geometry": {"type": "LineString", "coordinates": [[35.423361514991065, 318.97523408362474], [98.89540060973187, 318.6412740832815], [100.95873314999093, 340.45999408356283]]}, "properties": {"osm_id": null, "type": "service", "width_m": 3.5, "extrude": false}}, {"type": "Feature", "geometry": {"type": "LineString", "coordinates": [[40.6308198305838, 392.1124740832684], [35.423361514991065, 318.97523408362474], [31.10018857364547, 257.97187408340307], [-137.20879435125673, 265.6529540833891], [-146.44466381712843, 123.71995408342329], [-152.83116929873307, 26.871554083530356]]}, "properties": {"osm_id": null, "type": "service", "width_m": 3.5, "extrude": false}}, {"type": "Feature", "geometry": {"type": "LineString", "coordinates": [[1619.3749748999423, 722.2875940833453], [1627.8248129218061, 710.4876740834756], [1643.9384575218744, 690.5613940835576], [1661.9189268010257, 672.0822740835454], [1681.8644746898476, 654.2710740834286], [1696.8973260544926, 642.5824740832779], [1713.8952560288083, 631.7844340832517], [1740.620325121239, 618.0920740834141], [1779.8236433858121, 601.7280340835986], [1811.8544247244238, 592.5997940833113], [1850.271711544989, 586.254554083512], [1894.780742055743, 583.5828740835341], [1909.813593420388, 584.4734340832631], [1920.0320021910952, 585.1413540835541], [2058.471790247535, 599.3903140835685], [2060.5351227877945, 599.6048874169103]]}, "properties": {"osm_id": null, "type": "secondary", "width_m": 9, "extrude": false}}, {"type": "Feature", "geometry": {"type": "LineString", "coordinates": [[1576.9292769294473, 773.9400740834463], [1584.1018138550596, 772.4929140835407], [1590.4883193366643, 771.157074083354], [1594.909746208598, 767.8174740834804], [1599.724188802536, 764.1439140832636], [1607.387995380741, 748.2251540835102], [1611.907676182914, 741.7685940835964]]}, "properties": {"osm_id": null, "type": "service", "width_m": 3.5, "extrude": false}}, {"type": "Feature", "geometry": {"type": "LineString", "coordinates": [[1604.243869605058, 743.7723540832833], [1592.4533979466842, 757.0194340834541], [1585.6738767430757, 761.8061940836288], [1578.3048319562863, 765.034474083388]]}, "properties": {"osm_id": null, "type": "service", "width_m": 3.5, "extrude": false}}, {"type": "Feature", "geometry": {"type": "LineString", "coordinates": [[1619.3749748999423, 722.2875940833453], [1604.243869605058, 743.7723540832833]]}, "properties": {"osm_id": null, "type": "secondary", "width_m": 9, "extrude": false}}, {"type": "Feature", "geometry": {"type": "LineString", "coordinates": [[1611.907676182914, 741.7685940835964], [1619.3749748999423, 722.2875940833453]]}, "properties": {"osm_id": null, "type": "secondary", "width_m": 9, "extrude": false}}, {"type": "Feature", "geometry": {"type": "LineString", "coordinates": [[1445.6620257986199, 585.9205940835642], [1461.2844007460963, 782.8456740835047]]}, "properties": {"osm_id": null, "type": "residential", "width_m": 5, "extrude": false}}, {"type": "Feature", "geometry": {"type": "LineString", "coordinates": [[1520.9245365517347, 777.27967408332], [1504.9091458822543, 582.5809940832951]]}, "properties": {"osm_id": null, "type": "residential", "width_m": 5, "extrude": false}}, {"type": "Feature", "geometry": {"type": "LineString", "coordinates": [[1565.0405513404849, 577.3489540834537], [1577.8135623040432, 728.2988740835923], [1584.593083507652, 721.1743940833874], [1589.6040339624171, 696.1273940833469]]}, "properties": {"osm_id": null, "type": "residential", "width_m": 5, "extrude": false}}, {"type": "Feature", "geometry": {"type": "LineString", "coordinates": [[1504.9091458822543, 582.5809940832951], [1445.6620257986199, 585.9205940835642]]}, "properties": {"osm_id": null, "type": "residential", "width_m": 5, "extrude": false}}, {"type": "Feature", "geometry": {"type": "LineString", "coordinates": [[1504.9091458822543, 582.5809940832951], [1565.0405513404849, 577.3489540834537], [1608.7635504075802, 573.0074740833412]]}, "properties": {"osm_id": null, "type": "residential", "width_m": 5, "extrude": false}}, {"type": "Feature", "geometry": {"type": "LineString", "coordinates": [[1409.7993411705568, 135.6311940834074], [1287.0801819921817, 568.3320340832809], [1283.0517708422517, 578.0168740833493], [1283.9360562164989, 584.6960740834919], [1302.800810870246, 797.873874083529]]}, "properties": {"osm_id": null, "type": "track", "width_m": 3, "extrude": false}}, {"type": "Feature", "geometry": {"type": "LineString", "coordinates": [[-146.44466381712843, 123.71995408342329], [-287.34080013583133, 132.29159408353382]]}, "properties": {"osm_id": null, "type": "service", "width_m": 3.5, "extrude": false}}, {"type": "Feature", "geometry": {"type": "LineString", "coordinates": [[-1290.7099382716553, -405.05004591672855], [-1272.9259768533316, -388.68600591651756], [-1253.8647143387568, -369.53896591660964], [-1241.6812269583788, -360.8560059163847], [-1223.4059958878122, -353.3975659166275], [-1196.975688586797, -350.0579659167539], [-1125.4468271921967, -341.70896591647676], [-1040.1624155292022, -332.02412591640837], [-976.886884295289, -325.2336059165468], [-915.7729395322228, -317.77516591639414], [-886.6897761081176, -306.08656591663885], [-875.3905741019869, -297.7375659167572], [-868.3162911069624, -280.37164591670273], [-863.9931181656168, -274.69432591640356], [-845.8161410252892, -268.3490859166042], [-836.9732872814214, -266.1226859166885], [-730.9572962855973, -258.66424591653583], [-642.5287588472692, -253.76616591664217], [-580.7270365707834, -161.8158459166429], [-420.08186022408614, -114.72748591648767]]}, "properties": {"osm_id": null, "type": "service", "width_m": 3.5, "extrude": false}}, {"type": "Feature", "geometry": {"type": "LineString", "coordinates": [[-1121.8114317639217, -346.38440591653705], [-1114.0493712554776, -374.10308591655553], [-1106.2873107470336, -445.9044859164079], [-1097.3462030725777, -499.56072591659137], [-1090.7631897301455, -544.9792859166121], [-1085.6539853447919, -558.2263659163874], [-1082.2150977776935, -579.5998059166066], [-1084.867953900784, -601.7524859164403], [-1078.6779562800068, -653.4049659165413], [-1076.4181158789202, -677.5614059164573], [-1072.4879586595787, -696.9310859165942]]}, "properties": {"osm_id": null, "type": "track", "width_m": 3, "extrude": false}}, {"type": "Feature", "geometry": {"type": "LineString", "coordinates": [[-1204.0499715818216, -562.4565259163854], [-1196.5826728647933, -560.675405916532], [-1188.2310887735177, -596.1864859166509], [-1193.3402931588712, -609.5448859165407]]}, "properties": {"osm_id": null, "type": "residential", "width_m": 5, "extrude": false}}, {"type": "Feature", "geometry": {"type": "LineString", "coordinates": [[-1193.3402931588712, -609.5448859165407], [-1204.0499715818216, -562.4565259163854]]}, "properties": {"osm_id": null, "type": "residential", "width_m": 5, "extrude": false}}, {"type": "Feature", "geometry": {"type": "LineString", "coordinates": [[-1193.3402931588712, -609.5448859165407], [-1178.4056957248147, -665.6501659164733]]}, "properties": {"osm_id": null, "type": "residential", "width_m": 5, "extrude": false}}, {"type": "Feature", "geometry": {"type": "LineString", "coordinates": [[-1198.6460054050524, -670.6595659164814], [-1184.2026776235878, -666.9860059166599], [-1178.4056957248147, -665.6501659164733], [-1145.9818986638502, -657.6351259165393]]}, "properties": {"osm_id": null, "type": "residential", "width_m": 5, "extrude": false}}, {"type": "Feature", "geometry": {"type": "LineString", "coordinates": [[-861.242008111938, -701.7178459163733], [-750.018558800172, -646.1691659166174]]}, "properties": {"osm_id": null, "type": "residential", "width_m": 5, "extrude": false}}, {"type": "Feature", "geometry": {"type": "LineString", "coordinates": [[-873.2289876311395, -676.1142459165517], [-773.8942639086846, -629.8051259164065], [-762.7915697637304, -633.0334059165612], [-750.018558800172, -646.1691659166174], [-747.8569723296738, -687.2462459165257], [-745.7936397894147, -727.432765916705]]}, "properties": {"osm_id": null, "type": "residential", "width_m": 5, "extrude": false}}, {"type": "Feature", "geometry": {"type": "LineString", "coordinates": [[1670.4670187534775, 113.70115408340709], [1670.172256962062, 120.6029940833831], [1668.3054322826304, 130.6217940833993], [1663.9822593412848, 142.5330340833834], [1658.774801025343, 152.5518340833996], [1594.8114922783589, 266.20955408356576], [1581.9402273845612, 289.3641140832429], [1577.0275308600353, 303.835714083486], [1575.4554679723685, 316.9714740835424], [1563.2719805919905, 434.9706740834256], [1550.8919853504362, 532.0417140835474], [1552.3657943078638, 538.4982740834612], [1556.0011897357897, 543.1737140835214], [1558.948807650296, 546.4019940832806], [1565.2370592016614, 547.9604740833007], [1587.7372092829855, 547.6265140833528], [1630.7724308366612, 547.4038740835194], [1665.8490840203674, 548.7397140833107], [1719.2992222055775, 553.415154083371], [1856.7564709571818, 568.4433540833953], [1886.3309040338795, 568.8886340834575], [1900.4794700239286, 570.5584340835921], [1910.9926405864003, 574.343314083528]]}, "properties": {"osm_id": null, "type": "track", "width_m": 3, "extrude": false}}, {"type": "Feature", "geometry": {"type": "LineString", "coordinates": [[1965.130556284681, 102.4578340833186], [1949.1151656152008, 101.34463408336075], [1934.9665996251517, 101.12199408352737], [1760.8606348018257, 109.69363408324242], [1752.6073046407894, 107.02195408326446], [1670.4670187534775, 113.70115408340709], [1545.5862731042553, 123.83127408353772], [1542.0491316065684, 126.39163408340124], [1540.1823069274858, 131.06707408346153], [1457.3542435264055, 413.3745940833731], [1457.7472592484094, 417.6047540833712], [1459.6140839278412, 419.9424740834013], [1563.2719805919905, 434.9706740834256]]}, "properties": {"osm_id": null, "type": "track", "width_m": 3, "extrude": false}}, {"type": "Feature", "geometry": {"type": "LineString", "coordinates": [[1278.1390743177255, 146.54055408354807], [1278.1390743177255, 155.6687940834398], [1234.0230595289754, 311.9620740835343], [1229.2086169350375, 322.8714340832795], [1218.007668859495, 333.00155408341016], [1195.9987884304142, 343.9109140835508]]}, "properties": {"osm_id": null, "type": "track", "width_m": 3, "extrude": false}}, {"type": "Feature", "geometry": {"type": "LineString", "coordinates": [[1497.6383550264025, 128.39539408348358], [1466.1970972702732, 233.70411408337262]]}, "properties": {"osm_id": null, "type": "track", "width_m": 3, "extrude": false}}, {"type": "Feature", "geometry": {"type": "LineString", "coordinates": [[535.3393598342343, 211.1061540834767], [692.8404104052489, 194.96475408349454], [960.975386704849, 167.13475408336166], [1134.2953200845166, 156.89331408351208], [1190.4965683230564, 152.10655408333736], [1274.3071710286233, 146.87451408349588], [1278.1390743177255, 146.54055408354807], [1409.7993411705568, 135.6311940834074], [1490.1710563093743, 128.95199408326476], [1497.6383550264025, 128.39539408348358], [1539.2980215528898, 125.05579408361001], [1542.0491316065684, 126.39163408340124]]}, "properties": {"osm_id": null, "type": "track", "width_m": 3, "extrude": false}}, {"type": "Feature", "geometry": {"type": "LineString", "coordinates": [[1726.373505200602, -40.36572591637622], [1722.6398558420879, -52.49960591658919], [1716.8428739433145, -58.39956591672177], [1708.4912898520392, -58.956165916502954], [1663.4909896886925, -56.17316591641057], [1665.3578143681243, -89.90312591667603], [1667.224639047207, -107.49168591656385], [1684.517330812938, -296.4017259165705]]}, "properties": {"osm_id": null, "type": "track", "width_m": 3, "extrude": false}}, {"type": "Feature", "geometry": {"type": "LineString", "coordinates": [[1145.2997602988826, -809.8095659167502], [1146.2822996037178, -805.5794059167522], [1159.8413420112843, -774.0758459164024], [1149.0334096573968, -727.8780459163717], [1130.7581785868297, -668.7671259165134], [1087.231687380911, -507.57576591652526], [1054.218366737464, -375.4389259167422], [1037.8099603459796, -319.11100591658084], [1025.0369493827704, -278.256565916506], [1016.4888574303184, -180.74024591671744], [1007.7442576166899, -68.64100591657134], [1007.351241895035, -62.62972591671982]]}, "properties": {"osm_id": null, "type": "track", "width_m": 3, "extrude": false}}, {"type": "Feature", "geometry": {"type": "LineString", "coordinates": [[1486.5356608810991, -583.941285916719], [1490.0728023787858, -581.6035659166889], [1492.529150641049, -580.490365916731], [1494.6907371115474, -580.2677259165022], [1497.6383550264025, -581.0469659165121], [1499.3086718446575, -582.8280859167612], [1500.5859729409087, -586.2790059167492], [1505.3021616042581, -608.6543259164162], [1507.8567637971096, -617.0033259166934], [1547.551351713926, -802.462445916712]]}, "properties": {"osm_id": null, "type": "track", "width_m": 3, "extrude": false}}, {"type": "Feature", "geometry": {"type": "LineString", "coordinates": [[1344.0674616747294, -823.7245659164212], [1359.2968209002017, -820.9415659167244], [1400.17045598303, -815.8208459166018], [1454.0136098898954, -812.035965916666], [1518.2716804286442, -807.583165916439], [1547.551351713926, -802.462445916712], [1559.2435694417118, -800.4586859166296], [1595.4992697917787, -796.6738059166938], [1601.7875213427951, -796.5624859165794], [1737.770961137321, -807.1378859163768], [1829.147116490504, -821.0528859164433], [1851.6472665718286, -824.3924859167123], [1865.697578631638, -825.0604059166079], [1873.6561470009094, -823.6132459167022], [1880.730429996283, -819.1604459164753]]}, "properties": {"osm_id": null, "type": "track", "width_m": 3, "extrude": false}}, {"type": "Feature", "geometry": {"type": "LineString", "coordinates": [[1011.7726687669688, -821.1642059165576], [1013.4429855852238, -820.7189259164954], [1015.2115563337181, -819.3830859167042], [1016.39060349973, -816.7114059167262], [1018.8469517619932, -812.7038859165616], [1023.4648864947545, -809.2529659165735], [1030.637423420367, -804.6888459166278]]}, "properties": {"osm_id": null, "type": "residential", "width_m": 5, "extrude": false}}, {"type": "Feature", "geometry": {"type": "LineString", "coordinates": [[261.30914770527255, 234.14939408343486], [271.03628682338746, 230.58715408333242], [374.9889452789526, 222.46079408328413], [506.9439739231995, 213.10991408355903], [535.3393598342343, 211.1061540834767], [535.9288834170657, 206.0967540834686], [539.4660249144033, 185.94783408332177], [546.0490382571845, 143.86887408357012], [552.4355437387892, 105.35215408352542], [562.2609367874923, 34.10735408345417], [570.0229972959363, -25.003565916404114], [572.6758534193759, -32.46200591655679], [579.8483903449885, -34.02048591657689], [611.6826638227727, -35.80160591643036], [646.3663012848239, -37.58272591667932], [692.0543789612409, -39.58648591676166], [748.1573732695417, -43.59400591653085], [853.387332821358, -51.83168591669357], [908.9008035468273, -56.61844591647281], [914.7960393758398, -57.17504591664948], [948.693645393883, -59.29012591645076], [1007.351241895035, -62.62972591671982], [1225.9662372291157, -78.54848591647311], [1316.0650914860478, -86.45220591668803], [1424.2426689523704, -94.24460591639303], [1543.129924841992, -103.03888591673243], [1550.007699976189, -103.15020591645137], [1655.532421319421, -92.68612591637293], [1659.7573403301783, -92.01820591647731], [1665.3578143681243, -89.90312591667603]]}, "properties": {"osm_id": null, "type": "residential", "width_m": 5, "extrude": false}}, {"type": "Feature", "geometry": {"type": "LineString", "coordinates": [[273.29612722447393, 41.67711408332579], [209.82408812973316, 6.388674083435717]]}, "properties": {"osm_id": null, "type": "service", "width_m": 3.5, "extrude": false}}, {"type": "Feature", "geometry": {"type": "LineString", "coordinates": [[261.30914770527255, 234.14939408343486], [267.3026374648732, 63.82979408355496], [273.29612722447393, 41.67711408332579], [341.2878471217369, -191.98356591641044]]}, "properties": {"osm_id": null, "type": "service", "width_m": 3.5, "extrude": false}}, {"type": "Feature", "geometry": {"type": "LineString", "coordinates": [[952.6238026135737, -168.16108591644223], [935.9206344306735, -169.0516459165667], [930.9096839759084, -166.60260591642214], [929.141113227065, -160.92528591651842], [929.0428592964766, -153.46684591676123], [931.8922232807437, -147.90084591657646], [937.9839669709327, -144.78388591653626], [945.2547578267844, -140.5537259165382], [948.4971375330554, -137.3254459163836], [950.2657082818988, -133.42924591672883], [951.0517397255577, -127.30664591636739], [948.693645393883, -59.29012591645076]]}, "properties": {"osm_id": null, "type": "service", "width_m": 3.5, "extrude": false}}, {"type": "Feature", "geometry": {"type": "LineString", "coordinates": [[176.5160056945214, -441.00640591651427], [272.41184185022684, -428.09328591668674], [274.96644404272905, -425.4216059167088], [276.4402530001567, -421.6367259163775], [270.446763240556, -384.01056591645727], [247.94661315888274, -310.2054059165225], [244.99899524437654, -306.08656591663885], [237.7282043881757, -305.5299659164622], [-49.07501870399535, -301.29980591646415], [-54.57723881135286, -302.30168591670304], [-57.52485672585908, -305.3073259166288], [-58.40914210045529, -308.20164591644016], [-33.94391340911123, -399.81800591649164], [-29.62074046776564, -403.4915659167085], [-25.59232931783576, -405.60664591650976], [119.72523387315003, -405.8292859167386], [130.4349122961003, -407.2764459166443], [140.9480828582231, -412.61980591660017], [157.15998138853087, -423.86312591668866], [168.75394518607735, -436.6649259164018], [176.5160056945214, -441.00640591651427]]}, "properties": {"osm_id": null, "type": "track", "width_m": 3, "extrude": false}}, {"type": "Feature", "geometry": {"type": "LineString", "coordinates": [[921.9685763014522, -801.9058459165353], [817.3281403324675, -790.6625259164468], [700.4059630528654, -774.8550859164125], [665.8205795210536, -770.6249259164144], [657.9602650823703, -766.7287259167597], [652.4580449750127, -761.8306459164705], [650.0016967127497, -756.9325659165769], [650.0016967127497, -750.9212859167253], [648.8226495467377, -742.6836059165626], [642.4361440651331, -721.4214859164579], [629.3683713105081, -677.116125916395], [622.9818658289034, -645.6125659164409], [618.4621850263812, -624.0164859163883], [609.9140930739293, -601.195885916659], [599.597430372634, -570.248925916486], [592.326639516782, -545.0906059167265], [586.2348958265933, -524.7190459167463], [581.1256914412397, -503.2342859164128], [569.2369658522774, -461.93456591667115], [557.7412559853193, -431.54420591667474], [548.6036404500359, -400.26328591655385], [533.4725351548027, -343.8240459166735], [526.4965060903666, -314.9921659166972], [524.629681410935, -294.06400591654034], [515.1973040842358, -271.9113259167067], [506.45270427095636, -247.6435659166762], [504.8806413829405, -235.17572591651543], [500.95048416359884, -226.38144591657152], [492.2058843503194, -221.14940591673005], [444.1597123418784, -212.68908591673394], [353.7660962935305, -199.88728591662536], [344.9232425496628, -197.2156059166474], [341.2878471217369, -191.98356591641044]]}, "properties": {"osm_id": null, "type": "track", "width_m": 3, "extrude": false}}, {"type": "Feature", "geometry": {"type": "LineString", "coordinates": [[176.5160056945214, -441.00640591651427], [182.60774938471033, -458.03836591662093], [191.35234919833886, -470.39488591666725], [203.53583657871675, -509.24556591665976], [214.04900714083956, -524.8303659164652], [226.03598666004092, -560.1188059167508], [230.2609056711473, -589.7299259167371], [238.61248976242277, -606.2052859166671], [254.7261343624914, -638.8220459165792], [257.7720062075859, -652.4030859166978], [260.03184660867237, -667.6539259165555], [258.85279944300953, -682.1255259164031], [254.92264222331886, -701.4952059165399], [242.14963126010954, -729.5478459165063], [227.4115416868803, -760.3834859165648], [227.50979561746854, -766.172125916583], [230.16265174055908, -772.2947259165489], [256.4947051113348, -785.8757659166677], [282.92501241234964, -790.6625259164468], [315.3488094729652, -792.109685916748], [333.91880233529685, -792.5549659164147], [338.43848313746986, -794.5587259164971], [340.40356174748973, -798.1209659165995], [340.6000696083172, -803.353005916441], [331.8554697950377, -813.1491659166238], [328.8095979499433, -819.6057259165376], [328.71134401935495, -825.5056859166701], [329.6938833241904, -830.5150859166782], [330.0868990461944, -838.5301259166122], [329.3991215327747, -842.2036859164335]]}, "properties": {"osm_id": null, "type": "track", "width_m": 3, "extrude": false}}, {"type": "Feature", "geometry": {"type": "LineString", "coordinates": [[923.6388931197075, -810.254845916417], [921.9685763014522, -801.9058459165353], [920.2000055526089, -793.1115659165914], [904.0863609528894, -737.5628859164401], [887.0884309785738, -679.8991259164875], [868.6166920468304, -636.1503659166012], [864.6865348274887, -621.2334859166914], [860.363361885794, -594.5166859165164], [854.0751103347776, -576.3715259164519], [849.7519373934321, -563.0131259165621], [844.6427330080785, -553.3282859164938], [832.164483836285, -542.3076059166341], [819.9809964555579, -537.5208459164594], [802.098781106995, -535.4057659166581], [758.9653056230801, -535.0718059167103], [740.198804899921, -529.2831659166922], [724.0851603002016, -527.1680859164953], [704.6308820636228, -529.9510859165878], [691.3666014478213, -535.9623659164392], [675.5477186395175, -548.7641659165479], [662.1851840931275, -551.101885916578], [644.8924923273962, -551.4358459165259], [614.5320278066905, -543.3094859164776], [593.6039406130333, -532.9567259165135], [586.2348958265933, -524.7190459167463]]}, "properties": {"osm_id": null, "type": "track", "width_m": 3, "extrude": false}}, {"type": "Feature", "geometry": {"type": "LineString", "coordinates": [[687.3381902978914, -793.5568459166536], [705.9081831598739, -795.6719259164549], [774.2929187791409, -801.5718859165875], [826.3675019375116, -805.3567659165233], [875.8874829030312, -807.1378859163768], [923.6388931197075, -810.254845916417]]}, "properties": {"osm_id": null, "type": "residential", "width_m": 5, "extrude": false}}, {"type": "Feature", "geometry": {"type": "LineString", "coordinates": [[602.7415561483167, -770.0683259166333], [595.6672731532923, -793.1115659165914], [601.0712393300616, -809.6982459166359], [608.3420301862625, -823.2792859167545], [628.1893241444961, -842.6489659164957], [648.920903477326, -847.5470459163894]]}, "properties": {"osm_id": null, "type": "pedestrian", "width_m": 4, "extrude": false}}, {"type": "Feature", "geometry": {"type": "LineString", "coordinates": [[-1517.7747716275996, 756.7967940836207], [-1555.013011282502, 809.1171940836175], [-1567.4912604542958, 834.275514083377], [-1575.351574893328, 858.320634083574], [-1580.9520489309248, 884.369514083458], [-1582.229350027176, 907.3014340833016], [-1581.836334305521, 930.4559940833742], [-1567.3930065237075, 1011.051674083566], [-1566.0369763261663, 1018.6694526716987]]}, "properties": {"osm_id": null, "type": "primary", "width_m": 12, "extrude": false}}, {"type": "Feature", "geometry": {"type": "LineString", "coordinates": [[-1535.1657173239194, 735.3120340832872], [-1596.476169948162, 737.6978407940057]]}, "properties": {"osm_id": null, "type": "tertiary", "width_m": 7, "extrude": false}}, {"type": "Feature", "geometry": {"type": "LineString", "coordinates": [[-1567.3930065237075, 1011.051674083566], [-1571.4927451328554, 1012.2202106306833]]}, "properties": {"osm_id": null, "type": "service", "width_m": 3.5, "extrude": false}}, {"type": "Feature", "geometry": {"type": "LineString", "coordinates": [[-1509.4231875363241, 745.2195140835845], [-1517.7747716275996, 756.7967940836207]]}, "properties": {"osm_id": null, "type": "primary", "width_m": 12, "extrude": false}}, {"type": "Feature", "geometry": {"type": "LineString", "coordinates": [[-1509.4231875363241, 745.2195140835845], [-1505.4930303166336, 748.0025140832813], [-1500.9733495144606, 749.6723140834159], [-1495.1763676156872, 750.1175940834781], [-1489.5758935777415, 748.5591140834581], [-1485.5474824278117, 745.9987540835946], [-1482.3051027218896, 742.436514083492], [-1479.6522465987991, 736.9818340834217], [-1479.0627230156188, 730.8592340834558]]}, "properties": {"osm_id": null, "type": "primary", "width_m": 12, "extrude": false}}, {"type": "Feature", "geometry": {"type": "LineString", "coordinates": [[-1514.8271537130934, 734.5327940832772], [-1513.9428683388464, 738.3176740836085], [-1512.2725515202421, 741.7685940835964], [-1509.4231875363241, 745.2195140835845]]}, "properties": {"osm_id": null, "type": "primary", "width_m": 12, "extrude": false}}, {"type": "Feature", "geometry": {"type": "LineString", "coordinates": [[-1514.8271537130934, 734.5327940832772], [-1535.1657173239194, 735.3120340832872]]}, "properties": {"osm_id": null, "type": "tertiary", "width_m": 7, "extrude": false}}, {"type": "Feature", "geometry": {"type": "LineString", "coordinates": [[-1486.923037454651, 717.2781940833372], [-1491.2462103959965, 715.0517940834214], [-1495.9623990593461, 714.1612340832969], [-1501.3663652364644, 714.7178340834737], [-1506.3773156912296, 716.7215940835559], [-1510.4057268411595, 720.0611940834295], [-1513.2550908254266, 724.2913540834276], [-1514.8271537130934, 729.3007540834357], [-1514.8271537130934, 734.5327940832772]]}, "properties": {"osm_id": null, "type": "primary", "width_m": 12, "extrude": false}}, {"type": "Feature", "geometry": {"type": "LineString", "coordinates": [[-1479.0627230156188, 730.8592340834558], [-1479.8487544596267, 726.5177540833433], [-1481.8138330692975, 722.5102340835741], [-1484.073673470384, 719.6159140833673], [-1486.923037454651, 717.2781940833372]]}, "properties": {"osm_id": null, "type": "primary", "width_m": 12, "extrude": false}}, {"type": "Feature", "geometry": {"type": "LineString", "coordinates": [[-1458.1346358219612, 729.9686740833313], [-1469.925107480335, 722.3989140834597], [-1473.069233256018, 716.8329140832749], [-1474.2482804216809, 713.1593540834535], [-1476.6063747533556, 703.3631940832707]]}, "properties": {"osm_id": null, "type": "service", "width_m": 3.5, "extrude": false}}, {"type": "Feature", "geometry": {"type": "LineString", "coordinates": [[-1476.6063747533556, 703.3631940832707], [-1486.923037454651, 717.2781940833372]]}, "properties": {"osm_id": null, "type": "primary", "width_m": 12, "extrude": false}}, {"type": "Feature", "geometry": {"type": "LineString", "coordinates": [[-1261.8232827083775, 183.49879408357268], [-1257.6966176278593, 214.66839408357913], [-1255.0437615047686, 249.73419408324034], [-1255.2402693655963, 277.7868340836021], [-1257.4018558364435, 313.96583408361664], [-1263.0023298743893, 348.69767408333007], [-1272.0416914790846, 384.98799408345906], [-1282.8496238326231, 418.0500340834334], [-1296.8999358924325, 450.11019408356435], [-1311.343263673897, 476.9383140834583], [-1332.8608744507349, 512.004114083515], [-1476.6063747533556, 703.3631940832707]]}, "properties": {"osm_id": null, "type": "primary", "width_m": 12, "extrude": false}}, {"type": "Feature", "geometry": {"type": "LineString", "coordinates": [[-1294.8366033521734, -395.1425659164313], [-1315.9611984070073, -309.6488059167413], [-1325.2953218031182, -258.330285916588], [-1328.3411936482125, -230.3889659167362], [-1330.50278011906, -195.21184591656507], [-1330.2080183276441, -146.4536859166708], [-1326.5726228993692, -99.8106059165778], [-1321.3651645837765, -63.85424591639662], [-1261.8232827083775, 183.49879408357268]]}, "properties": {"osm_id": null, "type": "primary", "width_m": 12, "extrude": false}}, {"type": "Feature", "geometry": {"type": "LineString", "coordinates": [[-1596.476169948162, -236.1932459167116], [-1583.3101432625997, -229.7210459164451]]}, "properties": {"osm_id": null, "type": "track", "width_m": 3, "extrude": false}}, {"type": "Feature", "geometry": {"type": "LineString", "coordinates": [[-1583.3101432625997, -229.7210459164451], [-1561.4977706943462, -202.44764591648888], [-1546.1701575386344, -193.87600591637835], [-1373.9310173943907, -160.5913259165706]]}, "properties": {"osm_id": null, "type": "service", "width_m": 3.5, "extrude": false}}, {"type": "Feature", "geometry": {"type": "LineString", "coordinates": [[-1336.3980159480725, -393.58408591641125], [-1353.2976919921489, -379.335125916397], [-1360.3719749871732, -373.4351659166599], [-1371.2781612713002, -349.72400591641065], [-1371.572923062716, -314.9921659166972], [-1371.7694309235433, -221.14940591673005], [-1373.9310173943907, -160.5913259165706], [-1373.5380016723866, -150.68384591666884], [-1330.2080183276441, -146.4536859166708]]}, "properties": {"osm_id": null, "type": "residential", "width_m": 5, "extrude": false}}, {"type": "Feature", "geometry": {"type": "LineString", "coordinates": [[-1269.3888353559942, -662.8671659163808], [-1261.725028777789, -654.4068459163848], [-1256.0263008096042, -646.1691659166174], [-1252.5874132425058, -637.9314859164548], [-1250.9170964242505, -630.2504059164687], [-1250.0328110500034, -619.4523659164424], [-1250.4258267720074, -601.0845659165445], [-1251.899635729086, -585.611085916458], [-1254.8472536439413, -569.6923259167047], [-1294.1488258387537, -404.93872591661415], [-1294.8366033521734, -395.1425659164313]]}, "properties": {"osm_id": null, "type": "primary", "width_m": 12, "extrude": false}}, {"type": "Feature", "geometry": {"type": "LineString", "coordinates": [[-1294.8366033521734, -395.1425659164313], [-1290.7099382716553, -405.05004591672855], [-1249.2467796059955, -564.2376459166344], [-1246.200907760901, -580.7130059165644], [-1244.8253527340617, -594.294045916683], [-1243.8428134292262, -610.1014859167174], [-1244.137575220642, -638.0428059165693], [-1243.5480516378104, -643.8314459165873], [-1242.2707505415594, -650.51064591673], [-1240.109164070712, -656.633245916696], [-1237.3580540170333, -665.7614859165876]]}, "properties": {"osm_id": null, "type": "primary", "width_m": 12, "extrude": false}}, {"type": "Feature", "geometry": {"type": "LineString", "coordinates": [[-1353.2976919921489, -379.335125916397], [-1364.7934018591072, -390.1331659164232], [-1371.9659387847198, -396.3670859165036], [-1382.3808554162545, -409.94812591662225], [-1386.8022822881883, -418.74240591656616], [-1387.490059801608, -425.4216059167088], [-1384.345934025925, -438.2234059164219], [-1372.948478089555, -473.06656591664523], [-1367.6427658430252, -492.99284591656317], [-1366.8567343993664, -502.1210859164549], [-1369.4113365918686, -510.2474459165032], [-1376.976889239485, -524.4964059165175], [-1393.5818034917968, -537.9661259165216], [-1409.5971941612772, -566.1300859166023], [-1410.8744952575282, -570.3602459166004], [-1410.2849716746969, -573.6998459164739], [-1407.4356076904298, -576.8168059165141], [-1400.7543404174096, -581.1582859166266], [-1396.03815175406, -585.9450459164059], [-1390.5359316467025, -619.1184059164947], [-1388.9638687590354, -624.1278059165028], [-1381.4965700420073, -640.4918459167138], [-1379.9245071539913, -646.5031259165653], [-1376.4856195868929, -685.0198459166099], [-1377.0751431700735, -691.9216859165861], [-1379.33498357116, -696.4858059165318], [-1389.9464080638709, -709.6215659165882], [-1400.8525943479976, -729.3252059166729], [-1408.8111627172693, -750.2533659164342], [-1415.295922129462, -775.1890459167557], [-1420.1103647234, -800.681325916463], [-1421.4859197502394, -810.5888059167603], [-1424.3352837341574, -815.3755659165395], [-1426.8898859270087, -818.7151659164131]]}, "properties": {"osm_id": null, "type": "track", "width_m": 3, "extrude": false}}, {"type": "Feature", "geometry": {"type": "LineString", "coordinates": [[-1269.3888353559942, -662.8671659163808], [-1261.1355051949577, -659.9728459165694], [-1255.142015435357, -659.4162459163929], [-1250.229318910831, -659.6388859166217], [-1245.3166223866538, -660.863405916694], [-1240.9934494449592, -662.8671659163808], [-1237.3580540170333, -665.7614859165876]]}, "properties": {"osm_id": null, "type": "primary", "width_m": 12, "extrude": false}}, {"type": "Feature", "geometry": {"type": "LineString", "coordinates": [[-1237.3580540170333, -665.7614859165876], [-1233.133135005927, -669.1010859164612]]}, "properties": {"osm_id": null, "type": "primary", "width_m": 12, "extrude": false}}, {"type": "Feature", "geometry": {"type": "LineString", "coordinates": [[-1233.133135005927, -669.1010859164612], [-1217.314252197623, -671.2161659166579], [-1206.0150501914923, -669.6576859166379], [-1198.6460054050524, -670.6595659164814]]}, "properties": {"osm_id": null, "type": "residential", "width_m": 5, "extrude": false}}, {"type": "Feature", "geometry": {"type": "LineString", "coordinates": [[-1233.133135005927, -669.1010859164612], [-1228.5152002731654, -676.0029259164372], [-1225.9605980806634, -684.1292859164855], [-1225.8623441500752, -692.5896059164816]]}, "properties": {"osm_id": null, "type": "primary", "width_m": 12, "extrude": false}}, {"type": "Feature", "geometry": {"type": "LineString", "coordinates": [[1909.813593420388, 584.4734340832631], [1910.9926405864003, 574.343314083528], [1955.5016710968052, 186.28179408326957], [1965.130556284681, 102.4578340833186], [1974.955949333384, 10.507514083319336]]}, "properties": {"osm_id": null, "type": "track", "width_m": 3, "extrude": false}}, {"type": "Feature", "geometry": {"type": "LineString", "coordinates": [[2058.471790247535, 599.3903140835685], [2060.5351227877945, 574.1712740847892]]}, "properties": {"osm_id": null, "type": "track", "width_m": 3, "extrude": false}}, {"type": "Feature", "geometry": {"type": "LineString", "coordinates": [[2026.244501047747, 142.75567408361226], [1955.5016710968052, 186.28179408326957]]}, "properties": {"osm_id": null, "type": "track", "width_m": 3, "extrude": false}}, {"type": "Feature", "geometry": {"type": "LineString", "coordinates": [[2040.0000513161408, 5.052834083248996], [2035.0873547916146, 13.958434083307338], [2031.550213293928, 24.645154083614642], [2031.1571975722732, 34.66395408363084], [2035.4803705136187, 65.499594083294], [2035.2838626527914, 73.9599140832901], [2035.2838626527914, 80.8617540832661], [2037.1506873318735, 84.98059408354521], [2041.8668759952234, 88.32019408341878], [2046.190048936569, 92.4390340833024], [2048.155127546589, 97.89371408337274], [2047.7621118245847, 103.79367408350532], [2046.3865567977457, 109.24835408357566], [2041.6703681343959, 114.3690740833027], [2026.0479931869197, 121.38223408339314], [2022.8056134806486, 124.49919408343334], [2020.4475191489737, 127.61615408347353], [2019.7597416355543, 131.84631408347158], [2020.2510112881466, 135.85383408324077], [2026.244501047747, 142.75567408361226], [2060.5351227877945, 190.4042034620079]]}, "properties": {"osm_id": null, "type": "track", "width_m": 3, "extrude": false}}, {"type": "Feature", "geometry": {"type": "LineString", "coordinates": [[1752.6073046407894, 107.02195408326446], [1765.6750773954143, 102.34651408359966], [1896.9423285265905, 63.38451408349272], [1907.0624833667098, 55.8147540836211], [1923.9621594104367, 32.21491408348626], [1932.3137435020612, 21.528194083574448], [1942.8269140641844, 14.51503408348401], [1958.5475429418998, 7.947154083455814]]}, "properties": {"osm_id": null, "type": "track", "width_m": 3, "extrude": false}}, {"type": "Feature", "geometry": {"type": "LineString", "coordinates": [[2060.5351227877945, -150.84666480653524], [1979.770391927322, -169.60824591674339], [1968.5694438517796, -171.38936591659686], [1963.7550012578415, -170.72144591670124], [1960.51262155192, -167.49316591654662], [1918.9512089556717, -12.647045916753257], [1918.4599393034287, -9.196125916369766], [1922.5866043835977, -4.632005916423907], [1944.4972308824395, 5.8320740832590445], [1958.5475429418998, 7.947154083455814], [1974.955949333384, 10.507514083319336], [2030.4694200588538, 9.282994083247047], [2040.0000513161408, 5.052834083248996], [2045.5022714231495, -1.5150459163837127], [2057.3909970121117, -47.37888591646666]]}, "properties": {"osm_id": null, "type": "service", "width_m": 3.5, "extrude": false}}, {"type": "Feature", "geometry": {"type": "LineString", "coordinates": [[2060.5351227877945, -47.031350306633044], [2057.3909970121117, -47.37888591646666]]}, "properties": {"osm_id": null, "type": "track", "width_m": 3, "extrude": false}}, {"type": "Feature", "geometry": {"type": "LineString", "coordinates": [[2002.6635577309992, -315.5487659164784], [2060.5351227877945, -306.8906117488996]]}, "properties": {"osm_id": null, "type": "service", "width_m": 3.5, "extrude": false}}, {"type": "Feature", "geometry": {"type": "LineString", "coordinates": [[1864.3220236047985, -730.9950059164119], [2044.3232242574863, -708.1744059166826], [2046.9760803805768, -704.946125916528], [2042.9476692306469, -604.3128459166992], [2040.3930670377956, -572.920605916464], [2002.6635577309992, -315.5487659164784], [1979.770391927322, -169.60824591674339]]}, "properties": {"osm_id": null, "type": "service", "width_m": 3.5, "extrude": false}}, {"type": "Feature", "geometry": {"type": "LineString", "coordinates": [[1889.7697916009781, -1115.7169259164011], [1887.7064590607188, -992.8196459166243], [1884.857095076452, -921.2408859166053], [1880.730429996283, -819.1604459164753], [1879.551382830271, -808.5850459166779], [1864.3220236047985, -730.9950059164119], [1854.7913923475114, -682.5708059164654], [1825.3152132014018, -548.6528459164334], [1792.793162210198, -348.1655259163905], [1768.7209492405088, -122.51988591658815], [1752.1160349881973, 101.12199408352737], [1752.6073046407894, 107.02195408326446]]}, "properties": {"osm_id": null, "type": "track", "width_m": 3, "extrude": false}}, {"type": "Feature", "geometry": {"type": "LineString", "coordinates": [[913.1257225575846, -1047.9230459167134], [931.1061918367358, -1049.1475659163902]]}, "properties": {"osm_id": null, "type": "residential", "width_m": 5, "extrude": false}}, {"type": "Feature", "geometry": {"type": "LineString", "coordinates": [[531.8022183365475, -1058.4984459165107], [506.55095820119556, -1057.6078859163863]]}, "properties": {"osm_id": null, "type": "footway", "width_m": 2, "extrude": false}}, {"type": "Feature", "geometry": {"type": "LineString", "coordinates": [[144.28871649473328, -1185.0692859165044], [139.96554355338768, -1166.92412591644], [134.26681558520272, -1143.6582459166484], [131.7122133923514, -1128.184765916562], [129.84538871326885, -1113.7131659167144], [129.7471347826806, -1090.7812459164752], [129.35411906067662, -1074.1945659164307], [136.82141777770494, -1045.2513659167355], [142.2253839544742, -1030.1118459165966], [150.28220625468305, -1014.3044059165624], [158.63379034595852, -1004.0629659167128], [167.37839015923797, -994.4894459167588], [181.52695614963574, -980.6857659164114], [200.58821866386145, -967.3273659165216], [210.61011957374112, -963.5424859165857], [268.3834307002969, -932.0389259166315]]}, "properties": {"osm_id": null, "type": "residential", "width_m": 5, "extrude": false}}, {"type": "Feature", "geometry": {"type": "LineString", "coordinates": [[531.8022183365475, -1058.4984459165107], [531.9004722671358, -1060.3908859164787], [532.5882497805554, -1062.0606859166132], [533.8655508768065, -1063.5078459165188], [535.5358676950617, -1064.5097259167578], [537.304438443905, -1064.8436859167057], [539.1712631229876, -1064.6210459164768], [540.8415799412427, -1063.7304859167477], [542.1188810378429, -1062.394645916561], [542.9049124815018, -1060.7248459164266], [543.1014203426784, -1058.943725916573], [542.7084046206743, -1057.1626059167195], [541.725865315839, -1055.492805916585], [540.3503102889995, -1054.379605916627], [538.6799934707445, -1053.6003659166172], [537.7957080961482, -1053.6003659166172], [536.8131687913128, -1053.6003659166172], [535.0445980424695, -1054.0456459166794], [533.4725351548027, -1055.1588459166371], [532.391741919379, -1056.7173259166573], [531.8022183365475, -1058.4984459165107]]}, "properties": {"osm_id": null, "type": "footway", "width_m": 2, "extrude": false}}, {"type": "Feature", "geometry": {"type": "LineString", "coordinates": [[510.57936935147444, -1055.7154459164185], [510.87413114289023, -1050.2607659167436], [524.629681410935, -1051.0400059167537], [524.3349196195193, -1056.3833659167094], [527.7738071866177, -1056.4946859164284], [527.8720611172059, -1055.9380859166472], [529.149362213457, -1053.2664059166693], [531.2126947537162, -1051.1513259164726], [533.7672969462183, -1049.7041659165668], [536.6166609304854, -1049.0362459166713], [537.9922159573248, -1049.1475659163902], [539.5642788449916, -1049.370205916619], [542.3153888986703, -1050.4834059165769], [544.5752292997569, -1052.375845916545], [546.1472921877728, -1054.8248859166895], [547.0315775620198, -1057.385245916553], [550.8634808511224, -1057.4965659166674], [551.1582426425381, -1052.2645259164303], [564.9137929109319, -1052.9324459167215], [564.6190311191671, -1058.164485916563], [568.0579186862655, -1058.2758059166774], [568.1561726168537, -1053.155085916555], [578.5710892483884, -1044.0268459166632], [590.8528305593545, -1044.1381659163821], [595.3725113618766, -1044.1381659163821], [597.14108211072, -1044.9174059163922], [600.5799696778184, -1048.3683259163802], [601.4642550520656, -1050.0381259165147], [600.9729853994734, -1069.1851659164226], [590.5580687679388, -1078.090765916481], [584.171563286334, -1077.8681259166476], [577.588549943553, -1077.6454859164187], [567.6649029642615, -1067.0700859166213], [567.8614108254382, -1062.0606859166132], [564.4225232583397, -1061.9493659164987], [564.127761466924, -1067.1814059167357], [550.3722111985301, -1066.5134859164446], [550.6669729899459, -1061.2814459166032], [546.8350697011925, -1061.1701259164888], [545.9507843265962, -1063.2852059166855], [544.3787214389293, -1065.5116059166012], [542.2171349680821, -1067.2927259164546], [539.6625327755798, -1068.2946059166936], [537.1079305827285, -1068.6285659166415], [534.1603126682223, -1068.1832859165793], [531.7039644059593, -1066.8474459163924], [529.6406318657002, -1065.066325916539], [528.2650768388608, -1062.6172859163944], [527.479045395202, -1060.2795659167598], [524.1384117586917, -1060.1682459166452], [523.9419038975152, -1065.1776459166533], [510.1863536294705, -1064.5097259167578], [510.382861490298, -1059.6116459164687], [506.45270427095636, -1059.3890059166351], [506.55095820119556, -1057.6078859163863], [506.6492121317838, -1055.6041259166996], [510.57936935147444, -1055.7154459164185]]}, "properties": {"osm_id": null, "type": "pedestrian", "width_m": 4, "extrude": false}}, {"type": "Feature", "geometry": {"type": "LineString", "coordinates": [[354.4538738069502, -1053.9343259165648], [360.7421253583156, -1054.379605916627], [366.6373611873281, -1054.2682859165127], [367.81640835334, -1054.9362059164084], [368.50418586675966, -1055.9380859166472], [368.40593193617144, -1068.8512059164748]]}, "properties": {"osm_id": null, "type": "service", "width_m": 3.5, "extrude": false}}, {"type": "Feature", "geometry": {"type": "LineString", "coordinates": [[584.0733093557459, -1079.649245916501], [584.171563286334, -1077.8681259166476], [584.9575947303421, -1060.7248459164266], [567.5666490340224, -1059.9456059164165], [543.1014203426784, -1058.943725916573]]}, "properties": {"osm_id": null, "type": "footway", "width_m": 2, "extrude": false}}, {"type": "Feature", "geometry": {"type": "LineString", "coordinates": [[129.7471347826806, -1090.7812459164752], [154.90014098744433, -1089.6680459165173], [158.73204427654676, -1087.330325916487], [169.83473842150102, -1072.5247659166916], [177.59679892994504, -1065.1776459166533], [188.6994930748993, -1058.7210859167396], [197.34583895793955, -1056.1607259164807], [208.15377131147807, -1055.6041259166996], [220.23900476161677, -1056.3833659167094], [230.2609056711473, -1059.8342859166976], [256.00343545874256, -1078.3134059167098], [268.67819249171265, -1084.3246859165613], [281.15644166350626, -1086.9963659165392], [315.15230161213776, -1088.2208859166117]]}, "properties": {"osm_id": null, "type": "residential", "width_m": 5, "extrude": false}}, {"type": "Feature", "geometry": {"type": "LineString", "coordinates": [[537.304438443905, -1064.8436859167057], [537.1079305827285, -1068.6285659166415], [536.6166609304854, -1077.3115259164708], [536.3218991390697, -1081.43036591675], [551.6495122951303, -1082.320925916479], [551.1582426425381, -1092.2284059163808]]}, "properties": {"osm_id": null, "type": "footway", "width_m": 2, "extrude": false}}, {"type": "Feature", "geometry": {"type": "LineString", "coordinates": [[353.7660962935305, -1082.9888459163747], [417.925912901691, -1086.1058059164147], [500.5574684415948, -1090.0020059164651], [551.1582426425381, -1092.2284059163808], [582.6977543289065, -1094.0095259166296]]}, "properties": {"osm_id": null, "type": "residential", "width_m": 5, "extrude": false}}, {"type": "Feature", "geometry": {"type": "LineString", "coordinates": [[-1114.8354026994855, -1098.3510059167422], [-1116.702227378568, -1098.9076059165234]]}, "properties": {"osm_id": null, "type": "footway", "width_m": 2, "extrude": false}}, {"type": "Feature", "geometry": {"type": "LineString", "coordinates": [[-1116.702227378568, -1098.9076059165234], [-1118.8638138494155, -1099.5755259164189], [-1120.730638528498, -1100.1321259165957]]}, "properties": {"osm_id": null, "type": "footway", "width_m": 2, "extrude": false}}, {"type": "Feature", "geometry": {"type": "LineString", "coordinates": [[-1014.812901463262, -1149.3355659165522], [-1038.393844780359, -1071.8568459164005]]}, "properties": {"osm_id": null, "type": "residential", "width_m": 5, "extrude": false}}, {"type": "Feature", "geometry": {"type": "LineString", "coordinates": [[-1076.8111316009242, -1079.5379259163865], [-1052.640664700996, -1158.9090859165062]]}, "properties": {"osm_id": null, "type": "residential", "width_m": 5, "extrude": false}}, {"type": "Feature", "geometry": {"type": "LineString", "coordinates": [[-1094.0055694360674, -1083.5454459165512], [-1070.8176418409746, -1163.2505659166186]]}, "properties": {"osm_id": null, "type": "residential", "width_m": 5, "extrude": false}}, {"type": "Feature", "geometry": {"type": "LineString", "coordinates": [[-778.9052143634499, -1342.2531259167235], [-786.0777512890626, -1279.357325916534], [-802.6826655413743, -1208.2238459165771], [-814.0801214780932, -1137.5356459166826], [-816.8312315314231, -1122.2848059164294], [-828.8182110509734, -1053.155085916555], [-834.8117008105742, -1014.081765916729], [-836.9732872814214, -1005.8440859165662], [-840.5104287791081, -983.5800859166181], [-847.5847117741325, -938.1615259165974], [-851.2201072020584, -914.2277259165148]]}, "properties": {"osm_id": null, "type": "service", "width_m": 3.5, "extrude": false}}, {"type": "Feature", "geometry": {"type": "LineString", "coordinates": [[-1014.812901463262, -1149.3355659165522], [-1005.8717937891552, -1146.1072859163976], [-988.3825941622471, -1144.7714459166064]]}, "properties": {"osm_id": null, "type": "residential", "width_m": 5, "extrude": false}}, {"type": "Feature", "geometry": {"type": "LineString", "coordinates": [[-1093.8090615752399, -1167.7033659164501], [-1088.896365050714, -1166.92412591644], [-1085.5557314142038, -1166.2562059165443], [-1070.8176418409746, -1163.2505659166186], [-1052.640664700996, -1158.9090859165062], [-1021.1011530146275, -1152.229885916759], [-1014.812901463262, -1149.3355659165522]]}, "properties": {"osm_id": null, "type": "residential", "width_m": 5, "extrude": false}}, {"type": "Feature", "geometry": {"type": "LineString", "coordinates": [[-1008.2298881208299, -1172.935405916687], [-1014.812901463262, -1149.3355659165522]]}, "properties": {"osm_id": null, "type": "residential", "width_m": 5, "extrude": false}}, {"type": "Feature", "geometry": {"type": "LineString", "coordinates": [[-245.1898639567518, -1222.0275259165292], [-255.01525700545488, -1181.1730859164543], [-259.3384299468005, -1169.484485916699], [-265.4301736369895, -1159.688325916516], [-303.45444473555085, -1119.390485916618], [-308.56364912090436, -1116.273525916578], [-314.36063101967756, -1115.8282459165157], [-319.4698354050311, -1117.7206859164835], [-323.0069769027178, -1122.6187659163772], [-335.3869721439232, -1143.1016459164719], [-341.28220797328464, -1150.1148059165623], [-348.4547448988973, -1156.0147659166948], [-354.5464885890862, -1158.0185259163816], [-360.4417244180987, -1157.4619259166004], [-365.452674873213, -1154.5676059163936], [-369.8741017451469, -1149.1129259167187], [-377.83267011441836, -1133.19416591657], [-381.36981161210514, -1129.9658859164153], [-384.51393738778785, -1128.4074059163954], [-388.3458406765412, -1127.4055259165518], [-406.42456388628057, -1124.2885659165117], [-412.51630757646956, -1124.2885659165117], [-481.9818364311601, -1142.8790059166383]]}, "properties": {"osm_id": null, "type": "track", "width_m": 3, "extrude": false}}, {"type": "Feature", "geometry": {"type": "LineString", "coordinates": [[928.1585739222295, -1110.596205916674], [861.4441551212177, -1107.3679259165194], [811.3346505728667, -1105.0302059164894], [809.4678258934351, -1104.9188859163748], [760.1443527890921, -1102.469845916626], [711.4104032672315, -1100.1321259165957], [683.0150173565457, -1098.796285916409], [627.7963084224921, -1096.124605916431], [609.4228234213371, -1095.234045916702], [582.6977543289065, -1094.0095259166296]]}, "properties": {"osm_id": null, "type": "residential", "width_m": 5, "extrude": false}}, {"type": "Feature", "geometry": {"type": "LineString", "coordinates": [[829.0203580606021, -1117.7206859164835], [810.8433809202745, -1116.7188059166401], [811.3346505728667, -1105.0302059164894]]}, "properties": {"osm_id": null, "type": "residential", "width_m": 5, "extrude": false}}, {"type": "Feature", "geometry": {"type": "LineString", "coordinates": [[861.4441551212177, -1107.3679259165194], [860.9528854689746, -1119.0565259166701], [844.4462251469021, -1118.2772859166603]]}, "properties": {"osm_id": null, "type": "residential", "width_m": 5, "extrude": false}}, {"type": "Feature", "geometry": {"type": "LineString", "coordinates": [[237.7282043881757, -1112.488645916642], [237.43344259675993, -1148.89028591649], [237.5316965273482, -1157.4619259166004]]}, "properties": {"osm_id": null, "type": "residential", "width_m": 5, "extrude": false}}, {"type": "Feature", "geometry": {"type": "LineString", "coordinates": [[348.36213011676125, -1193.3069659166672], [353.7660962935305, -1082.9888459163747]]}, "properties": {"osm_id": null, "type": "residential", "width_m": 5, "extrude": false}}, {"type": "Feature", "geometry": {"type": "LineString", "coordinates": [[413.30797816892965, -1201.9899259164968], [415.2730567786005, -1153.343085916717], [417.925912901691, -1086.1058059164147]]}, "properties": {"osm_id": null, "type": "residential", "width_m": 5, "extrude": false}}, {"type": "Feature", "geometry": {"type": "LineString", "coordinates": [[494.46572475140596, -1215.125685916553], [497.3150887356729, -1156.9053259164239], [500.5574684415948, -1090.0020059164651]]}, "properties": {"osm_id": null, "type": "residential", "width_m": 5, "extrude": false}}, {"type": "Feature", "geometry": {"type": "LineString", "coordinates": [[139.96554355338768, -1166.92412591644], [163.5464868704846, -1161.580765916484], [193.31742780800965, -1141.988445916514], [205.9921848409798, -1140.4299659164938], [237.43344259675993, -1148.89028591649]]}, "properties": {"osm_id": null, "type": "residential", "width_m": 5, "extrude": false}}, {"type": "Feature", "geometry": {"type": "LineString", "coordinates": [[601.4642550520656, -1193.7522459167294], [602.053778634897, -1179.837245916663], [605.4926662019955, -1115.0490059165056]]}, "properties": {"osm_id": null, "type": "residential", "width_m": 5, "extrude": false}}, {"type": "Feature", "geometry": {"type": "LineString", "coordinates": [[202.45504334329308, -1167.9260059166788], [206.9747241458152, -1168.9278859165224], [237.5316965273482, -1157.4619259166004], [278.1105698184118, -1144.5488059163774], [280.27215628925916, -1141.3205259166184]]}, "properties": {"osm_id": null, "type": "residential", "width_m": 5, "extrude": false}}, {"type": "Feature", "geometry": {"type": "LineString", "coordinates": [[589.1825137410993, -1160.801525916474], [579.4553746229846, -1160.3562459164118], [497.3150887356729, -1156.9053259164239], [415.2730567786005, -1153.343085916717]]}, "properties": {"osm_id": null, "type": "footway", "width_m": 2, "extrude": false}}, {"type": "Feature", "geometry": {"type": "LineString", "coordinates": [[582.6977543289065, -1094.0095259166296], [582.3047386069026, -1102.6924859164592], [579.4553746229846, -1160.3562459164118], [578.5710892483884, -1178.724045916705], [576.3112488473018, -1223.4746859164347], [576.1147409864744, -1228.372765916724], [575.9182331252978, -1233.2708459166176]]}, "properties": {"osm_id": null, "type": "residential", "width_m": 5, "extrude": false}}, {"type": "Feature", "geometry": {"type": "LineString", "coordinates": [[910.7676282259099, -1208.1125259164626], [912.1431832527493, -1173.9372859165305], [913.9117540015925, -1129.5206059167485]]}, "properties": {"osm_id": null, "type": "residential", "width_m": 5, "extrude": false}}, {"type": "Feature", "geometry": {"type": "LineString", "coordinates": [[912.1431832527493, -1173.9372859165305], [924.5231784943036, -1174.3825659165927]]}, "properties": {"osm_id": null, "type": "residential", "width_m": 5, "extrude": false}}, {"type": "Feature", "geometry": {"type": "LineString", "coordinates": [[928.1585739222295, -1110.596205916674], [924.5231784943036, -1174.3825659165927], [920.986036996617, -1234.161405916742], [923.0493695368759, -1238.725525916688]]}, "properties": {"osm_id": null, "type": "residential", "width_m": 5, "extrude": false}}, {"type": "Feature", "geometry": {"type": "LineString", "coordinates": [[578.5710892483884, -1178.724045916705], [602.053778634897, -1179.837245916663]]}, "properties": {"osm_id": null, "type": "residential", "width_m": 5, "extrude": false}}, {"type": "Feature", "geometry": {"type": "LineString", "coordinates": [[53.01081507213823, -1173.4920059164683], [-92.99452563191818, -1201.7672859166632]]}, "properties": {"osm_id": null, "type": "residential", "width_m": 5, "extrude": false}}, {"type": "Feature", "geometry": {"type": "LineString", "coordinates": [[222.793606954119, -1195.5333659165829], [210.90488136515683, -1200.7654059164245], [174.1579113628466, -1196.2012859164786], [157.45474317994658, -1193.974885916563], [137.80395708254036, -1192.1937659167093]]}, "properties": {"osm_id": null, "type": "service", "width_m": 3.5, "extrude": false}}, {"type": "Feature", "geometry": {"type": "LineString", "coordinates": [[326.7462654096842, -1209.3370459165349], [222.793606954119, -1195.5333659165829], [144.28871649473328, -1185.0692859165044], [136.3301481254618, -1183.8447659164322]]}, "properties": {"osm_id": null, "type": "secondary", "width_m": 9, "extrude": false}}, {"type": "Feature", "geometry": {"type": "LineString", "coordinates": [[326.7462654096842, -1209.3370459165349], [328.318328297351, -1204.4389659166413], [330.57816869878667, -1200.7654059164245], [334.80308770954395, -1196.7578859166551], [339.22451458147776, -1194.4201659166251], [342.95816393999195, -1193.4182859163861], [348.36213011676125, -1193.3069659166672]]}, "properties": {"osm_id": null, "type": "secondary", "width_m": 9, "extrude": false}}, {"type": "Feature", "geometry": {"type": "LineString", "coordinates": [[348.36213011676125, -1193.3069659166672], [354.15911201553445, -1194.9767659164063], [358.28577709605264, -1197.5371259166652], [361.9211725239785, -1201.4333259167156], [364.1810129254141, -1205.552165916599], [365.2618061604887, -1209.782325916597], [365.36006009107695, -1215.3483259163866]]}, "properties": {"osm_id": null, "type": "secondary", "width_m": 9, "extrude": false}}, {"type": "Feature", "geometry": {"type": "LineString", "coordinates": [[365.36006009107695, -1215.3483259163866], [364.08275899482584, -1220.0237659164468], [360.6438714277274, -1225.5897659166314], [356.7137142083858, -1229.0406859166196], [349.83593907418884, -1231.8236859167118], [344.03895717541565, -1232.1576459166597], [337.5541977632227, -1230.265205916692], [333.0345169607006, -1227.2595659163705], [329.00610581077075, -1222.3614859164768], [326.9427732705116, -1216.6841659165732], [326.7462654096842, -1209.3370459165349]]}, "properties": {"osm_id": null, "type": "secondary", "width_m": 9, "extrude": false}}, {"type": "Feature", "geometry": {"type": "LineString", "coordinates": [[623.7678972725623, -1215.6822859167298], [708.1680235613095, -1219.689805916499], [808.4852865885997, -1224.3652459165592], [886.6954152565697, -1228.150125916495]]}, "properties": {"osm_id": null, "type": "service", "width_m": 3.5, "extrude": false}}, {"type": "Feature", "geometry": {"type": "LineString", "coordinates": [[575.9182331252978, -1233.2708459166176], [559.5098267338135, -1232.380285916493], [482.675253093032, -1228.372765916724], [444.5527280638824, -1225.701085916746], [432.3692406835045, -1224.8105259166214], [365.36006009107695, -1215.3483259163866]]}, "properties": {"osm_id": null, "type": "secondary", "width_m": 9, "extrude": false}}, {"type": "Feature", "geometry": {"type": "LineString", "coordinates": [[707.2837381867133, -1238.39156591674], [708.1680235613095, -1219.689805916499]]}, "properties": {"osm_id": null, "type": "service", "width_m": 3.5, "extrude": false}}, {"type": "Feature", "geometry": {"type": "LineString", "coordinates": [[808.4852865885997, -1242.2877659163948], [808.4852865885997, -1224.3652459165592]]}, "properties": {"osm_id": null, "type": "service", "width_m": 3.5, "extrude": false}}, {"type": "Feature", "geometry": {"type": "LineString", "coordinates": [[808.4852865885997, -1242.2877659163948], [707.2837381867133, -1238.39156591674], [575.9182331252978, -1233.2708459166176]]}, "properties": {"osm_id": null, "type": "secondary", "width_m": 9, "extrude": false}}, {"type": "Feature", "geometry": {"type": "LineString", "coordinates": [[918.5296887343538, -1240.6179659166557], [923.0493695368759, -1238.725525916688]]}, "properties": {"osm_id": null, "type": "secondary", "width_m": 9, "extrude": false}}, {"type": "Feature", "geometry": {"type": "LineString", "coordinates": [[923.0493695368759, -1238.725525916688], [928.3550817830571, -1238.39156591674], [933.4642861684105, -1239.7274059165313], [937.8857130403443, -1242.733045916457]]}, "properties": {"osm_id": null, "type": "secondary", "width_m": 9, "extrude": false}}, {"type": "Feature", "geometry": {"type": "LineString", "coordinates": [[876.2804986250352, -1244.9594459163727], [903.6933452308855, -1243.846245916415], [918.5296887343538, -1240.6179659166557]]}, "properties": {"osm_id": null, "type": "secondary", "width_m": 9, "extrude": false}}, {"type": "Feature", "geometry": {"type": "LineString", "coordinates": [[-1077.6954169751714, -1245.4047259164352], [-1079.562241654603, -1246.0726459167263], [-1081.5273202642738, -1246.6292459165074]]}, "properties": {"osm_id": null, "type": "footway", "width_m": 2, "extrude": false}}, {"type": "Feature", "geometry": {"type": "LineString", "coordinates": [[-92.99452563191818, -1201.7672859166632], [-197.14369194831082, -1220.8030059164569], [-263.9563646799109, -1235.9425259165955], [-288.12683157949016, -1243.6236059165817], [-340.8891922512807, -1263.7725259167285], [-357.29759864276497, -1272.6781259163913], [-378.6187015584264, -1293.6062859165481], [-386.2825081362821, -1292.3817659164758], [-398.26948765583256, -1279.6912859164818]]}, "properties": {"osm_id": null, "type": "residential", "width_m": 5, "extrude": false}}, {"type": "Feature", "geometry": {"type": "LineString", "coordinates": [[-1036.5270201009273, -1263.2159259165517], [-1025.2278180951455, -1259.2084059163872]]}, "properties": {"osm_id": null, "type": "residential", "width_m": 5, "extrude": false}}, {"type": "Feature", "geometry": {"type": "LineString", "coordinates": [[-1060.8939948620323, -1270.7856859164233], [-1053.426696145004, -1268.4479659163933], [-1036.5270201009273, -1263.2159259165517]]}, "properties": {"osm_id": null, "type": "residential", "width_m": 5, "extrude": false}}, {"type": "Feature", "geometry": {"type": "LineString", "coordinates": [[-1072.4879586595787, -1272.2328459167245], [-1071.8984350763983, -1270.3404059167567], [-1071.014149702151, -1268.8932459164555], [-1069.9333564667272, -1267.8913659166121], [-1068.6560553704762, -1267.112125916602], [-1066.7892306910446, -1266.7781659166542], [-1064.8241520813738, -1267.0008059164875], [-1063.5468509851225, -1267.4460859165497], [-1061.7782802362792, -1268.5592859165076]]}, "properties": {"osm_id": null, "type": "tertiary", "width_m": 7, "extrude": false}}, {"type": "Feature", "geometry": {"type": "LineString", "coordinates": [[-1061.7782802362792, -1268.5592859165076], [-1060.8939948620323, -1270.7856859164233]]}, "properties": {"osm_id": null, "type": "tertiary", "width_m": 7, "extrude": false}}, {"type": "Feature", "geometry": {"type": "LineString", "coordinates": [[-1060.8939948620323, -1270.7856859164233], [-1060.5992330706165, -1272.2328459167245], [-1060.795740931444, -1274.1252859166925]]}, "properties": {"osm_id": null, "type": "tertiary", "width_m": 7, "extrude": false}}, {"type": "Feature", "geometry": {"type": "LineString", "coordinates": [[-1072.4879586595787, -1273.6800059166303], [-1072.4879586595787, -1272.2328459167245]]}, "properties": {"osm_id": null, "type": "tertiary", "width_m": 7, "extrude": false}}, {"type": "Feature", "geometry": {"type": "LineString", "coordinates": [[-1071.6036732849825, -1275.7950859164314], [-1072.4879586595787, -1273.6800059166303]]}, "properties": {"osm_id": null, "type": "tertiary", "width_m": 7, "extrude": false}}, {"type": "Feature", "geometry": {"type": "LineString", "coordinates": [[-1060.795740931444, -1274.1252859166925], [-1061.3852645142754, -1275.3498059163692], [-1062.3678038191108, -1276.7969659166704], [-1063.9398667071266, -1277.7988459165138], [-1065.8066913862092, -1278.3554459166905], [-1067.5752621350525, -1278.244125916576], [-1069.2455789533076, -1277.6875259163994], [-1070.5228800495588, -1276.685645916556], [-1071.6036732849825, -1275.7950859164314]]}, "properties": {"osm_id": null, "type": "tertiary", "width_m": 7, "extrude": false}}, {"type": "Feature", "geometry": {"type": "LineString", "coordinates": [[998.9014038731711, -1230.265205916692], [1006.6634643816152, -1233.7161259166799], [1060.703126149657, -1235.4972459165333], [1159.350072358692, -1238.6142059165736], [1185.878633590295, -1239.616085916417], [1193.8372019595668, -1245.5160459165495]]}, "properties": {"osm_id": null, "type": "residential", "width_m": 5, "extrude": false}}, {"type": "Feature", "geometry": {"type": "LineString", "coordinates": [[1684.026061160695, -1245.5160459165495], [1685.2051083263577, -1231.2670859165353]]}, "properties": {"osm_id": null, "type": "service", "width_m": 3.5, "extrude": false}}, {"type": "Feature", "geometry": {"type": "LineString", "coordinates": [[1768.2296795882658, -1244.4028459165916], [1767.2471402834303, -1239.7274059165313], [1767.7384099356734, -1235.051965916471], [1769.605234615105, -1230.821805916473], [1772.7493603907878, -1227.2595659163705], [1776.7777715407178, -1224.921845916736], [1781.395706273479, -1223.919965916497], [1786.0136410065893, -1224.3652459165592], [1790.336813947935, -1226.2576859165272], [1794.0704633064493, -1229.7086059165151], [1796.526811568712, -1234.3840459165754], [1797.2145890821319, -1239.3934459165835], [1796.1337958467082, -1244.5141659167061], [1793.3826857930294, -1248.855645916423], [1789.3542746430996, -1252.0839259165778], [1784.5398320491618, -1253.642405916598], [1779.33237373322, -1253.642405916598], [1774.517931139282, -1251.74996591663], [1770.5877739199404, -1248.4103659167563], [1768.2296795882658, -1244.4028459165916]]}, "properties": {"osm_id": null, "type": "residential", "width_m": 5, "extrude": false}}, {"type": "Feature", "geometry": {"type": "LineString", "coordinates": [[1722.6398558420879, -1247.965085916694], [1723.8189030080996, -1233.8274459163988]]}, "properties": {"osm_id": null, "type": "service", "width_m": 3.5, "extrude": false}}, {"type": "Feature", "geometry": {"type": "LineString", "coordinates": [[1770.5877739199404, -1248.4103659167563], [1765.9698391871793, -1249.9688459163808], [1761.057142662653, -1250.4141259164433], [1722.6398558420879, -1247.965085916694], [1684.026061160695, -1245.5160459165495], [1659.3643246085235, -1243.846245916415], [1651.7987719609068, -1243.6236059165817]]}, "properties": {"osm_id": null, "type": "residential", "width_m": 5, "extrude": false}}, {"type": "Feature", "geometry": {"type": "LineString", "coordinates": [[1189.1210132962171, -1254.3103259164934], [1191.184345836476, -1249.189605916371], [1193.8372019595668, -1245.5160459165495], [1198.1603749012613, -1242.955685916686], [1202.4835478426069, -1241.1745659164371], [1206.5119589925368, -1240.395325916427], [1212.8984644741415, -1240.0613659164792], [1219.6779856777503, -1240.395325916427], [1257.6040028460723, -1241.953805916447]]}, "properties": {"osm_id": null, "type": "residential", "width_m": 5, "extrude": false}}, {"type": "Feature", "geometry": {"type": "LineString", "coordinates": [[1651.7987719609068, -1243.6236059165817], [1643.1524260778665, -1244.625485916425], [1605.815932492725, -1253.7537259167123], [1595.3027619306022, -1255.8688059165136], [1583.8070520636438, -1257.538605916648], [1574.1781668757683, -1258.0952059164292], [1564.6475356184808, -1258.0952059164292], [1257.6040028460723, -1241.953805916447]]}, "properties": {"osm_id": null, "type": "residential", "width_m": 5, "extrude": false}}, {"type": "Feature", "geometry": {"type": "LineString", "coordinates": [[1189.1210132962171, -1254.3103259164934], [1191.6756154890684, -1262.881965916604], [1194.819741264751, -1267.6687259163832], [1199.4376759975125, -1272.2328459167245]]}, "properties": {"osm_id": null, "type": "residential", "width_m": 5, "extrude": false}}, {"type": "Feature", "geometry": {"type": "LineString", "coordinates": [[1176.6427641244236, -1281.4724059167306], [1154.83039155617, -1270.3404059167567], [1141.2713491489526, -1263.9951659165617], [1130.6599246562416, -1259.3197259165015], [1122.7013562869702, -1256.536725916409], [1114.7427879173495, -1254.0876859166601], [1100.8889837187166, -1250.9707259166198], [1087.7229570335032, -1248.5216859164752], [1076.4237550273724, -1247.4084859165173], [1057.952016095978, -1246.1839659164452], [981.8052199682672, -1245.9613259166117]]}, "properties": {"osm_id": null, "type": "secondary", "width_m": 9, "extrude": false}}, {"type": "Feature", "geometry": {"type": "LineString", "coordinates": [[1181.6537145791888, -1275.7950859164314], [1183.815301050036, -1266.4442059167063], [1185.2891100074637, -1260.4329259164595], [1189.1210132962171, -1254.3103259164934]]}, "properties": {"osm_id": null, "type": "residential", "width_m": 5, "extrude": false}}, {"type": "Feature", "geometry": {"type": "LineString", "coordinates": [[876.2804986250352, -1244.9594459163727], [808.4852865885997, -1242.2877659163948]]}, "properties": {"osm_id": null, "type": "secondary", "width_m": 9, "extrude": false}}, {"type": "Feature", "geometry": {"type": "LineString", "coordinates": [[937.8857130403443, -1242.733045916457], [975.4187144866625, -1244.2915259164772], [981.8052199682672, -1245.9613259166117]]}, "properties": {"osm_id": null, "type": "secondary", "width_m": 9, "extrude": false}}, {"type": "Feature", "geometry": {"type": "LineString", "coordinates": [[912.5361989747532, -1262.102725916594], [910.8658821564981, -1257.538605916648], [910.7676282259099, -1252.6405259167543], [912.0449293221609, -1247.8537659165797], [914.6977854452514, -1243.734925916696], [918.5296887343538, -1240.6179659166557]]}, "properties": {"osm_id": null, "type": "secondary", "width_m": 9, "extrude": false}}, {"type": "Feature", "geometry": {"type": "LineString", "coordinates": [[92.6071490583664, -1248.855645916423], [151.55950735093415, -1254.5329659167223]]}, "properties": {"osm_id": null, "type": "residential", "width_m": 5, "extrude": false}}, {"type": "Feature", "geometry": {"type": "LineString", "coordinates": [[937.8857130403443, -1242.733045916457], [941.0298388160271, -1246.6292459165074], [942.700155634282, -1251.416005916682], [942.8966634951097, -1256.4254059166901], [941.5211084682703, -1261.2121659164695]]}, "properties": {"osm_id": null, "type": "secondary", "width_m": 9, "extrude": false}}, {"type": "Feature", "geometry": {"type": "LineString", "coordinates": [[912.5361989747532, -1262.102725916594], [901.9247744820422, -1255.3122059167324], [889.4465253102485, -1248.5216859164752], [876.2804986250352, -1244.9594459163727]]}, "properties": {"osm_id": null, "type": "secondary", "width_m": 9, "extrude": false}}, {"type": "Feature", "geometry": {"type": "LineString", "coordinates": [[981.8052199682672, -1245.9613259166117], [964.5125282025358, -1248.9669659165374], [950.0692004207222, -1255.980125916628], [941.5211084682703, -1261.2121659164695]]}, "properties": {"osm_id": null, "type": "secondary", "width_m": 9, "extrude": false}}, {"type": "Feature", "geometry": {"type": "LineString", "coordinates": [[-70.8873912722489, -1324.107965916659], [-92.99452563191818, -1201.7672859166632]]}, "properties": {"osm_id": null, "type": "residential", "width_m": 5, "extrude": false}}, {"type": "Feature", "geometry": {"type": "LineString", "coordinates": [[941.5211084682703, -1261.2121659164695], [939.0647602063564, -1265.1083659165197], [935.5276187086696, -1268.1140059164454], [931.3026996979123, -1270.0064459164132], [926.7830188953901, -1270.6743659167043]]}, "properties": {"osm_id": null, "type": "secondary", "width_m": 9, "extrude": false}}, {"type": "Feature", "geometry": {"type": "LineString", "coordinates": [[926.7830188953901, -1270.6743659167043], [922.4598459540446, -1270.1177659165278], [918.5296887343538, -1268.3366459166743], [915.0908011672556, -1265.6649659166962], [912.5361989747532, -1262.102725916594]]}, "properties": {"osm_id": null, "type": "secondary", "width_m": 9, "extrude": false}}, {"type": "Feature", "geometry": {"type": "LineString", "coordinates": [[1909.3223237677962, -1337.2437259167154], [1921.1127954265191, -1321.8815659167433], [1934.4753299725598, -1307.2986459163858], [1948.034372379777, -1293.6062859165481], [1951.3750060166362, -1277.0196059165037], [1953.7331003483112, -1258.9857659165536], [1950.5889745726283, -1239.7274059165313], [1947.8378645189493, -1222.8067659165392], [1951.8662756688793, -1205.886125916547], [1965.2288102152693, -1192.7503659164906], [1980.8511851627459, -1183.6221259165989], [1989.595784976025, -1175.384445916436], [1998.3403847893044, -1164.8090459166388], [2002.7618116612382, -1153.7883659163836], [2001.9757802175795, -1144.5488059163774], [1990.381816420033, -1133.5281259165179], [1980.8511851627459, -1126.0696859167606], [1979.5738840664944, -1115.4942859165678], [1986.5499131309307, -1100.1321259165957], [1993.4276882651275, -1093.452925916453], [2012.1941889879374, -1091.2265259165374], [2025.0654538820843, -1100.1321259165957], [2037.1506873318735, -1107.5905659167483], [2051.0044915305066, -1112.1546859166942], [2060.5351227877945, -1114.0139510823062]]}, "properties": {"osm_id": null, "type": "track", "width_m": 3, "extrude": false}}, {"type": "Feature", "geometry": {"type": "LineString", "coordinates": [[1105.99818810407, -1485.2993259166471], [1499.1121639834812, -1517.5821259166114], [1820.4025166768756, -1543.7423259166098], [1951.2767520860482, -1555.3196059166462], [2057.3281210486407, -1564.0790182136714]]}, "properties": {"osm_id": null, "type": "primary", "width_m": 14, "extrude": false}}, {"type": "Feature", "geometry": {"type": "LineString", "coordinates": [[-969.3213316476723, -1272.5668059166724], [-993.9830682001929, -1281.5837259164496]]}, "properties": {"osm_id": null, "type": "residential", "width_m": 5, "extrude": false}}, {"type": "Feature", "geometry": {"type": "LineString", "coordinates": [[-1104.5187399981903, -1281.1384459163874], [-1076.9093855315125, -1274.6818859164737], [-1072.4879586595787, -1273.6800059166303]]}, "properties": {"osm_id": null, "type": "residential", "width_m": 5, "extrude": false}}, {"type": "Feature", "geometry": {"type": "LineString", "coordinates": [[-985.041960525737, -1243.6236059165817], [-969.3213316476723, -1272.5668059166724], [-951.9303859517016, -1312.308045916394]]}, "properties": {"osm_id": null, "type": "residential", "width_m": 5, "extrude": false}}, {"type": "Feature", "geometry": {"type": "LineString", "coordinates": [[-277.02413743453593, -1321.770245916629], [-288.12683157949016, -1243.6236059165817]]}, "properties": {"osm_id": null, "type": "service", "width_m": 3.5, "extrude": false}}, {"type": "Feature", "geometry": {"type": "LineString", "coordinates": [[-993.9830682001929, -1281.5837259164496], [-1011.8652835487558, -1285.8138859164476]]}, "properties": {"osm_id": null, "type": "residential", "width_m": 5, "extrude": false}}, {"type": "Feature", "geometry": {"type": "LineString", "coordinates": [[-1124.2677800261847, -1202.7691659165068], [-1104.5187399981903, -1281.1384459163874], [-1081.3308124034465, -1370.862365916471]]}, "properties": {"osm_id": null, "type": "residential", "width_m": 5, "extrude": false}}, {"type": "Feature", "geometry": {"type": "LineString", "coordinates": [[136.3301481254618, -1183.8447659164322], [71.38430007329333, -1174.939165916374], [53.01081507213823, -1173.4920059164683], [35.128599723575356, -1172.0448459165625], [21.1765415943541, -1172.0448459165625], [-3.4851949581664843, -1173.825965916416], [-31.192803355432474, -1178.1674459165285], [-245.1898639567518, -1222.0275259165292], [-279.8735014188029, -1230.7104859167541], [-308.2688873294886, -1240.8406059164893], [-341.0857001121082, -1253.8650459164312], [-378.913463349842, -1270.6743659167043], [-398.26948765583256, -1279.6912859164818], [-461.8397806811616, -1304.4043259165744], [-496.42516421262457, -1313.1986059165183], [-542.3097497502182, -1317.6514059167453], [-636.8300308787351, -1321.8815659167433], [-712.3873034236146, -1331.9003659167595], [-768.3920438013271, -1340.1380459165266], [-778.9052143634499, -1342.2531259167235], [-814.0801214780932, -1349.377605916533], [-851.3183611326467, -1359.1737659167156], [-990.5441806330945, -1411.4941659167125], [-991.6249738685182, -1411.939445916379]]}, "properties": {"osm_id": null, "type": "secondary", "width_m": 9, "extrude": false}}, {"type": "Feature", "geometry": {"type": "LineString", "coordinates": [[-891.0129490494631, -1290.489325916508], [-940.9259457369866, -1309.3024059164682], [-951.9303859517016, -1312.308045916394], [-987.498308788, -1318.7646059167032]]}, "properties": {"osm_id": null, "type": "residential", "width_m": 5, "extrude": false}}, {"type": "Feature", "geometry": {"type": "LineString", "coordinates": [[-1025.2278180951455, -1259.2084059163872], [-1019.3325822657841, -1261.9914059164794], [-1015.0094093244386, -1273.0120859167346], [-1011.8652835487558, -1285.8138859164476], [-1001.0573511952174, -1358.617165916539]]}, "properties": {"osm_id": null, "type": "residential", "width_m": 5, "extrude": false}}, {"type": "Feature", "geometry": {"type": "LineString", "coordinates": [[-873.2289876311395, -1331.7890459166451], [-879.2224773910891, -1314.2004859167573], [-891.0129490494631, -1290.489325916508]]}, "properties": {"osm_id": null, "type": "residential", "width_m": 5, "extrude": false}}, {"type": "Feature", "geometry": {"type": "LineString", "coordinates": [[193.9069513908411, -1373.5340459164488], [171.5050552397561, -1315.091045916486], [155.7844263616915, -1270.7856859164233], [151.55950735093415, -1254.5329659167223], [143.30617718989788, -1222.8067659165392], [137.80395708254036, -1192.1937659167093], [136.3301481254618, -1183.8447659164322]]}, "properties": {"osm_id": null, "type": "residential", "width_m": 5, "extrude": false}}, {"type": "Feature", "geometry": {"type": "LineString", "coordinates": [[559.5098267338135, -1232.380285916493], [559.1168110121586, -1244.1802059167583], [555.8744313058876, -1335.573925916581]]}, "properties": {"osm_id": null, "type": "service", "width_m": 3.5, "extrude": false}}, {"type": "Feature", "geometry": {"type": "LineString", "coordinates": [[444.5527280638824, -1225.701085916746], [443.07891910645475, -1245.9613259166117], [440.8190787053682, -1255.64616591668], [432.95876426633595, -1264.7744059165718], [421.5613083299659, -1273.0120859167346], [396.7030639166179, -1290.9346059165703], [363.6897432728219, -1323.9966459165446], [367.423392631336, -1385.445285916433]]}, "properties": {"osm_id": null, "type": "service", "width_m": 3.5, "extrude": false}}, {"type": "Feature", "geometry": {"type": "LineString", "coordinates": [[920.0034976917815, -1421.1790059163852], [926.7830188953901, -1270.6743659167043]]}, "properties": {"osm_id": null, "type": "residential", "width_m": 5, "extrude": false}}, {"type": "Feature", "geometry": {"type": "LineString", "coordinates": [[919.7087359003657, -1427.5242459165802], [920.0034976917815, -1421.1790059163852]]}, "properties": {"osm_id": null, "type": "residential", "width_m": 5, "extrude": false}}, {"type": "Feature", "geometry": {"type": "LineString", "coordinates": [[678.5935904846118, -1461.0315659166167], [386.8776708679148, -1436.652485916472], [-90.83293916107085, -1397.1338859165837], [-169.63259141187228, -1391.9018459167423], [-233.0063765763739, -1389.7867659165454], [-312.49380634059503, -1389.4528059165978], [-392.07949003505536, -1391.9018459167423], [-470.09311084219786, -1396.7999259166359], [-548.6962552318228, -1404.2583659163931], [-625.9238445949574, -1414.054525916576], [-740.4879275428847, -1433.8694859163795], [-802.7809194719625, -1447.7844859164459]]}, "properties": {"osm_id": null, "type": "primary", "width_m": 14, "extrude": false}}, {"type": "Feature", "geometry": {"type": "LineString", "coordinates": [[-958.5133992941338, -1480.0672859164101], [-894.8448523385655, -1460.1410059164923], [-813.6871057560893, -1438.7675659166687], [-741.5687207783084, -1422.514845916572], [-652.8454215482154, -1407.0413659164856], [-561.0762504733773, -1394.3508859164913], [-453.8812123115411, -1384.332085916475], [-344.5245876792066, -1378.9887259165193], [-233.59590015920534, -1378.7660859166858], [-142.41625266684946, -1382.2170059166738], [680.1656533722787, -1450.122205916476]]}, "properties": {"osm_id": null, "type": "primary", "width_m": 14, "extrude": false}}, {"type": "Feature", "geometry": {"type": "LineString", "coordinates": [[794.5332284593785, -1454.2410459167552], [801.607511454752, -1454.4636859165885], [819.9809964555579, -1452.1259659165585], [900.7457273163793, -1435.761925916743], [907.9182642416428, -1433.2015659164838], [914.7960393758398, -1429.8619659166102], [919.7087359003657, -1427.5242459165802]]}, "properties": {"osm_id": null, "type": "service", "width_m": 3.5, "extrude": false}}, {"type": "Feature", "geometry": {"type": "LineString", "coordinates": [[918.1366730123499, -1461.0315659166167], [919.7087359003657, -1427.5242459165802]]}, "properties": {"osm_id": null, "type": "residential", "width_m": 5, "extrude": false}}, {"type": "Feature", "geometry": {"type": "LineString", "coordinates": [[680.1656533722787, -1450.122205916476], [770.4610154900383, -1451.903325916725], [794.5332284593785, -1454.2410459167552]]}, "properties": {"osm_id": null, "type": "service", "width_m": 3.5, "extrude": false}}, {"type": "Feature", "geometry": {"type": "LineString", "coordinates": [[1176.6427641244236, -1281.4724059167306], [1179.8851438306945, -1277.1309259166183], [1181.6537145791888, -1275.7950859164314], [1184.3065707026283, -1273.7913259167447], [1189.3175211573937, -1271.7875659166623], [1196.1952962915905, -1271.3422859166], [1199.4376759975125, -1272.2328459167245], [1202.7783096340227, -1273.2347259165679], [1208.3787836719684, -1277.3535659164515], [1212.2106869607217, -1283.0308859167508], [1213.881003778977, -1289.710085916498], [1213.193226265557, -1296.6119259164739], [1210.1473544204628, -1302.73452591644], [1205.1364039656974, -1307.5212859166145]]}, "properties": {"osm_id": null, "type": "secondary", "width_m": 9, "extrude": false}}, {"type": "Feature", "geometry": {"type": "LineString", "coordinates": [[1205.1364039656974, -1307.5212859166145], [1199.1429142060967, -1310.304285916707], [1192.5599008633155, -1310.860885916488], [1186.1733953817109, -1309.3024059164682], [1180.6711752743533, -1305.740165916761], [1177.0357798464274, -1301.2873659165343], [1175.4637169587606, -1298.170405916494], [1174.5794315841642, -1294.8308059166204], [1174.1864158621604, -1291.2685659165181], [1174.4811776535762, -1287.7063259164156], [1176.6427641244236, -1281.4724059167306]]}, "properties": {"osm_id": null, "type": "secondary", "width_m": 9, "extrude": false}}, {"type": "Feature", "geometry": {"type": "LineString", "coordinates": [[1568.9707085601756, -1316.426885916673], [1590.390065406425, -1327.0022859164703]]}, "properties": {"osm_id": null, "type": "footway", "width_m": 2, "extrude": false}}, {"type": "Feature", "geometry": {"type": "LineString", "coordinates": [[1314.7877903894478, -1377.4302459164992], [1311.4471567529374, -1381.7717259166116], [1308.4012849078429, -1383.2188859165174], [1305.5519209235758, -1383.3302059166317], [1277.5495507348942, -1380.101925916477], [1265.4643172851045, -1377.9868459166757], [1253.1825759741384, -1375.2038459165833], [1244.1432143690943, -1371.86424591671], [1235.3986145558147, -1367.1888059166495], [1229.01210907421, -1363.181285916485], [1222.6256035926053, -1358.951125916487], [1214.2740195009808, -1352.0492859165108], [1206.610212923125, -1345.0361259164204], [1200.8132310243518, -1338.690885916621], [1195.0162491255787, -1332.3456459164263], [1189.7105368793978, -1326.779645916637], [1181.751968509777, -1319.877805916661], [1175.1689551669958, -1314.0891659166427], [1168.7824496853912, -1307.632605916729], [1161.2168970381235, -1297.057205916536], [1154.6338836953423, -1289.710085916498], [1149.6229332405771, -1285.0346459164375], [1141.8608727321332, -1277.9101659166283], [1133.9023043625125, -1271.3422859166], [1127.7123067417353, -1267.4460859165497], [1120.9327855381268, -1263.9951659165617], [1109.3388217405802, -1260.989525916636]]}, "properties": {"osm_id": null, "type": "residential", "width_m": 5, "extrude": false}}, {"type": "Feature", "geometry": {"type": "LineString", "coordinates": [[1460.7931310935041, -1305.6288459166467], [1467.0813826448696, -1324.998525916388], [1487.8129619776994, -1349.043645916585]]}, "properties": {"osm_id": null, "type": "footway", "width_m": 2, "extrude": false}}, {"type": "Feature", "geometry": {"type": "LineString", "coordinates": [[1618.1959277342794, -1343.3663259166813], [1602.7700606476305, -1349.1549659166994], [1594.6149844171825, -1352.2719259167397]]}, "properties": {"osm_id": null, "type": "service", "width_m": 3.5, "extrude": false}}, {"type": "Feature", "geometry": {"type": "LineString", "coordinates": [[1522.693107300578, -1353.2738059165831], [1540.9683383711447, -1348.4870459164083]]}, "properties": {"osm_id": null, "type": "footway", "width_m": 2, "extrude": false}}, {"type": "Feature", "geometry": {"type": "LineString", "coordinates": [[1628.119574713571, -1448.8976859164038], [1631.5584622803203, -1439.992085916741], [1625.1719567987157, -1402.922525916602], [1628.709098296402, -1390.2320459166076], [1623.2068781890446, -1351.0474059166675], [1618.1959277342794, -1343.3663259166813], [1613.577993001169, -1336.4644859167054], [1607.387995380741, -1301.0647259167008], [1606.3072021453172, -1298.393045916723], [1604.243869605058, -1295.3874059164016], [1600.0189505939518, -1291.4912059167468], [1595.597523722018, -1289.2648059164358], [1591.2743507806724, -1288.0402859167589], [1587.1476857001542, -1287.3723659164677], [1583.6105442028165, -1287.5950059166967], [1575.3572140417803, -1290.7119659167367]]}, "properties": {"osm_id": null, "type": "service", "width_m": 3.5, "extrude": false}}, {"type": "Feature", "geometry": {"type": "LineString", "coordinates": [[1612.7919615575101, -1392.1244859165756], [1612.2024379743295, -1390.009405916379], [1611.809422252675, -1388.896205916421], [1609.3530739904118, -1388.3396059166398], [1603.6543460222267, -1354.0530459165932], [1602.7700606476305, -1349.1549659166994]]}, "properties": {"osm_id": null, "type": "footway", "width_m": 2, "extrude": false}}, {"type": "Feature", "geometry": {"type": "LineString", "coordinates": [[1611.809422252675, -1388.896205916421], [1606.1106942841407, -1355.2775659166655]]}, "properties": {"osm_id": null, "type": "footway", "width_m": 2, "extrude": false}}, {"type": "Feature", "geometry": {"type": "LineString", "coordinates": [[1195.0162491255787, -1332.3456459164263], [1188.8262515048013, -1337.2437259167154], [1186.8611728951307, -1341.3625659165991], [1187.6472043391386, -1348.7096859166372], [1197.177835596426, -1411.939445916379]]}, "properties": {"osm_id": null, "type": "service", "width_m": 3.5, "extrude": false}}, {"type": "Feature", "geometry": {"type": "LineString", "coordinates": [[1205.1364039656974, -1307.5212859166145], [1221.1517946351778, -1318.3193259166408], [1231.6649651973005, -1322.8834459165867], [1240.3113110803408, -1327.3362459164182], [1314.7877903894478, -1377.4302459164992], [1354.7771400980287, -1404.0357259165598], [1390.4433168645664, -1427.8582059165278], [1416.9718780961696, -1443.2203659165], [1430.0396508511435, -1449.676925916414], [1443.6969471889493, -1455.354245916713], [1459.8105917886685, -1460.9202459165024], [1479.2648700252473, -1465.373045916729], [1490.1710563093743, -1467.1541659165828]]}, "properties": {"osm_id": null, "type": "secondary", "width_m": 9, "extrude": false}}, {"type": "Feature", "geometry": {"type": "LineString", "coordinates": [[1354.7771400980287, -1404.0357259165598], [1362.9322163281277, -1388.784885916702]]}, "properties": {"osm_id": null, "type": "service", "width_m": 3.5, "extrude": false}}, {"type": "Feature", "geometry": {"type": "LineString", "coordinates": [[1535.1713564723716, -1406.7074059165377], [1537.5294508040465, -1421.9582459163953]]}, "properties": {"osm_id": null, "type": "footway", "width_m": 2, "extrude": false}}, {"type": "Feature", "geometry": {"type": "LineString", "coordinates": [[1621.733069231617, -1447.8958059165602], [1620.554022065954, -1440.88264591647], [1613.3814851403417, -1397.245205916698], [1612.7919615575101, -1392.1244859165756], [1615.8378334026045, -1391.1226059167323], [1616.8203727074401, -1387.4490459165154]]}, "properties": {"osm_id": null, "type": "footway", "width_m": 2, "extrude": false}}, {"type": "Feature", "geometry": {"type": "LineString", "coordinates": [[920.0034976917815, -1421.1790059163852], [934.5450794038342, -1428.637445916538], [973.551889807231, -1447.673165916727], [1015.506318125483, -1467.4881259165304], [1032.2094863080338, -1472.608845916653], [1053.82535101546, -1476.2824059164743], [1079.469626872467, -1478.2861659165567], [1105.99818810407, -1485.2993259166471]]}, "properties": {"osm_id": null, "type": "service", "width_m": 3.5, "extrude": false}}, {"type": "Feature", "geometry": {"type": "LineString", "coordinates": [[1490.1710563093743, -1467.1541659165828], [1497.6383550264025, -1459.4730859165966], [1502.3545436897518, -1456.6900859165044], [1509.2323188239488, -1454.9089659166507], [1620.062752413362, -1447.8958059165602], [1621.733069231617, -1447.8958059165602], [1624.9754489378881, -1448.0071259166748], [1628.119574713571, -1448.8976859164038], [1629.7898915318258, -1450.3448459167048], [1631.3619544194926, -1452.9052059165683], [1631.853224072085, -1456.244805916442]]}, "properties": {"osm_id": null, "type": "service", "width_m": 3.5, "extrude": false}}, {"type": "Feature", "geometry": {"type": "LineString", "coordinates": [[1631.853224072085, -1456.244805916442], [1634.8008419865912, -1458.13724591641], [1639.9100463719449, -1459.69572591643], [1648.7529001158125, -1461.9221259167412]]}, "properties": {"osm_id": null, "type": "service", "width_m": 3.5, "extrude": false}}, {"type": "Feature", "geometry": {"type": "LineString", "coordinates": [[1704.9541483543524, -1458.13724591641], [1663.196227897277, -1460.6976059166689]]}, "properties": {"osm_id": null, "type": "secondary", "width_m": 9, "extrude": false}}, {"type": "Feature", "geometry": {"type": "LineString", "coordinates": [[1631.853224072085, -1456.244805916442], [1631.067192628077, -1459.0278059165344], [1628.4143365049863, -1462.256085916689], [1624.2876714244683, -1463.9258859164281]]}, "properties": {"osm_id": null, "type": "service", "width_m": 3.5, "extrude": false}}, {"type": "Feature", "geometry": {"type": "LineString", "coordinates": [[2054.356653689537, -1574.8769999124258], [2038.427988428125, -1573.7987259166584], [1002.4385453705088, -1486.1898859163762]]}, "properties": {"osm_id": null, "type": "primary", "width_m": 14, "extrude": false}}, {"type": "Feature", "geometry": {"type": "LineString", "coordinates": [[2060.5351227877945, -1470.4788805678827], [1988.2202299491858, -1455.5768859165464], [1943.0234219250117, -1447.7844859164459], [1898.7108992754338, -1443.99960591651], [1704.9541483543524, -1458.13724591641]]}, "properties": {"osm_id": null, "type": "secondary", "width_m": 9, "extrude": false}}, {"type": "Feature", "geometry": {"type": "LineString", "coordinates": [[2050.6114758085027, -1511.4595259166456], [2047.074334311165, -1510.568965916521], [2043.1441770914746, -1509.4557659165632], [1981.6372166064045, -1509.1218059166154], [1983.9953109384282, -1464.0372059165425], [1968.4711899211914, -1459.3617659164822], [1944.8902466044435, -1456.244805916442], [1897.040582457179, -1453.2391659165162], [1887.608205130131, -1455.4655659164318], [1849.6821879621575, -1465.5956859165626], [1845.359015020812, -1465.484365916448], [1819.223469511213, -1473.7220459166108], [1806.3522046174153, -1476.059765916641], [1788.4699892685032, -1475.837125916412], [1754.1793675284562, -1474.3899659165065], [1714.0917638896358, -1469.8258459165606], [1707.705258408031, -1464.7051259164382], [1704.9541483543524, -1458.13724591641]]}, "properties": {"osm_id": null, "type": "service", "width_m": 3.5, "extrude": false}}, {"type": "Feature", "geometry": {"type": "LineString", "coordinates": [[2030.7641818502693, -1533.055605916698], [2039.4105277329606, -1524.9292459166497], [2050.6114758085027, -1511.4595259166456], [2059.257821691543, -1506.0048459165753], [2060.5351227877945, -1505.7822059167418]]}, "properties": {"osm_id": null, "type": "service", "width_m": 3.5, "extrude": false}}, {"type": "Feature", "geometry": {"type": "LineString", "coordinates": [[2028.4060875185944, -1529.0480859165334], [2030.7641818502693, -1533.055605916698], [2033.7117997647752, -1538.065005916706], [2050.9062375999188, -1546.7479659165356], [2060.071849958573, -1547.0793854884757]]}, "properties": {"osm_id": null, "type": "service", "width_m": 3.5, "extrude": false}}, {"type": "Feature", "geometry": {"type": "LineString", "coordinates": [[2060.5351227877945, -1504.6309227588813], [2050.9062375999188, -1506.7840859165854], [2047.074334311165, -1510.568965916521], [2028.4060875185944, -1529.0480859165334]]}, "properties": {"osm_id": null, "type": "service", "width_m": 3.5, "extrude": false}}, {"type": "Feature", "geometry": {"type": "LineString", "coordinates": [[2039.4105277329606, -1524.9292459166497], [2060.5351227877945, -1525.5016536895532]]}, "properties": {"osm_id": null, "type": "service", "width_m": 3.5, "extrude": false}}, {"type": "Feature", "geometry": {"type": "LineString", "coordinates": [[680.1656533722787, -1450.122205916476], [1105.99818810407, -1485.2993259166471]]}, "properties": {"osm_id": null, "type": "primary", "width_m": 14, "extrude": false}}, {"type": "Feature", "geometry": {"type": "LineString", "coordinates": [[805.734176534921, -1477.7295659163801], [797.9721160264769, -1476.2824059164743], [715.9300840697535, -1469.0466059165506], [678.5935904846118, -1461.0315659166167]]}, "properties": {"osm_id": null, "type": "service", "width_m": 3.5, "extrude": false}}, {"type": "Feature", "geometry": {"type": "LineString", "coordinates": [[1002.4385453705088, -1486.1898859163762], [678.5935904846118, -1461.0315659166167]]}, "properties": {"osm_id": null, "type": "primary", "width_m": 14, "extrude": false}}, {"type": "Feature", "geometry": {"type": "LineString", "coordinates": [[915.5820708198477, -1493.0917259167477], [918.1366730123499, -1461.0315659166167]]}, "properties": {"osm_id": null, "type": "residential", "width_m": 5, "extrude": false}}, {"type": "Feature", "geometry": {"type": "LineString", "coordinates": [[874.2171660847762, -1484.854045916585], [866.4551055763321, -1482.8502859165026], [832.5574995579398, -1479.9559659166912], [805.734176534921, -1477.7295659163801]]}, "properties": {"osm_id": null, "type": "service", "width_m": 3.5, "extrude": false}}, {"type": "Feature", "geometry": {"type": "LineString", "coordinates": [[1002.4385453705088, -1486.1898859163762], [970.5060179621365, -1491.0879659166653], [902.71080592605, -1486.3012059164905], [874.2171660847762, -1484.854045916585]]}, "properties": {"osm_id": null, "type": "service", "width_m": 3.5, "extrude": false}}, {"type": "Feature", "geometry": {"type": "LineString", "coordinates": [[913.8135000710042, -1508.7878459166675], [915.5820708198477, -1493.0917259167477]]}, "properties": {"osm_id": null, "type": "residential", "width_m": 5, "extrude": false}}, {"type": "Feature", "geometry": {"type": "LineString", "coordinates": [[846.7060655483375, -1524.8179259165354], [839.3370207615485, -1506.7840859165854], [832.2627377665241, -1496.0973659166734], [822.7321065092367, -1487.3030859167295], [805.734176534921, -1477.7295659163801]]}, "properties": {"osm_id": null, "type": "service", "width_m": 3.5, "extrude": false}}, {"type": "Feature", "geometry": {"type": "LineString", "coordinates": [[874.2171660847762, -1484.854045916585], [862.2301865652256, -1487.7483659163963], [852.6013013773501, -1496.0973659166734], [848.081620575177, -1505.3369259166795], [846.7060655483375, -1524.8179259165354]]}, "properties": {"osm_id": null, "type": "service", "width_m": 3.5, "extrude": false}}, {"type": "Feature", "geometry": {"type": "LineString", "coordinates": [[846.7060655483375, -1524.8179259165354], [851.5205081422754, -1534.725405916437], [857.8087596932918, -1542.1838459165897], [868.3219302554147, -1547.5272059165457], [880.6036715663807, -1549.308325916399], [893.8679521821823, -1546.3026859164734], [903.2020755782931, -1538.3989659166539], [910.0798507124902, -1527.7122459167422], [913.8135000710042, -1508.7878459166675]]}, "properties": {"osm_id": null, "type": "service", "width_m": 3.5, "extrude": false}}, {"type": "Feature", "geometry": {"type": "LineString", "coordinates": [[1714.0917638896358, -1469.8258459165606], [1670.8600344754818, -1465.2617259166148], [1663.196227897277, -1460.6976059166689]]}, "properties": {"osm_id": null, "type": "service", "width_m": 3.5, "extrude": false}}, {"type": "Feature", "geometry": {"type": "LineString", "coordinates": [[1663.196227897277, -1460.6976059166689], [1648.7529001158125, -1461.9221259167412], [1624.2876714244683, -1463.9258859164281], [1552.071032516099, -1470.048485916394]]}, "properties": {"osm_id": null, "type": "secondary", "width_m": 9, "extrude": false}}, {"type": "Feature", "geometry": {"type": "LineString", "coordinates": [[1490.1710563093743, -1467.1541659165828], [1501.3720043849166, -1468.9352859164362], [1513.5554917652946, -1470.048485916394], [1528.1953274079356, -1470.4937659164561], [1552.071032516099, -1470.048485916394]]}, "properties": {"osm_id": null, "type": "secondary", "width_m": 9, "extrude": false}}, {"type": "Feature", "geometry": {"type": "LineString", "coordinates": [[1552.071032516099, -1470.048485916394], [1554.429126848123, -1490.197405916541], [1562.6824570088102, -1509.789725916511]]}, "properties": {"osm_id": null, "type": "residential", "width_m": 5, "extrude": false}}, {"type": "Feature", "geometry": {"type": "LineString", "coordinates": [[1173.7934001401563, -1514.1312059166235], [1032.9955177520417, -1509.6784059163965], [976.401253791498, -1503.4444859167118], [927.4707964088097, -1509.23312591673], [913.8135000710042, -1508.7878459166675]]}, "properties": {"osm_id": null, "type": "residential", "width_m": 5, "extrude": false}}, {"type": "Feature", "geometry": {"type": "LineString", "coordinates": [[1562.6824570088102, -1509.789725916511], [1575.7502297637843, -1548.751725916618]]}, "properties": {"osm_id": null, "type": "residential", "width_m": 5, "extrude": false}}, {"type": "Feature", "geometry": {"type": "LineString", "coordinates": [[1575.7502297637843, -1548.751725916618], [1579.4838791222985, -1561.8874859166744]]}, "properties": {"osm_id": null, "type": "residential", "width_m": 5, "extrude": false}}, {"type": "Feature", "geometry": {"type": "LineString", "coordinates": [[2046.456168810391, -1593.5537632586008], [2038.2314805672975, -1592.8344459164518], [1963.2637316055984, -1593.613685916462], [1843.0009206891373, -1586.711845916486], [1823.743150313386, -1575.9138059164598], [1579.4838791222985, -1561.8874859166744], [1508.5445413105292, -1542.629125916652], [1469.5377309071325, -1538.176325916425], [1365.3885645903908, -1526.153765916722], [1173.7934001401563, -1514.1312059166235]]}, "properties": {"osm_id": null, "type": "residential", "width_m": 5, "extrude": false}}, {"type": "Feature", "geometry": {"type": "LineString", "coordinates": [[1365.3885645903908, -1526.153765916722], [1361.8514230930532, -1531.608445916397], [1340.0390505247994, -1528.3801659166377], [1325.0061991601547, -1531.608445916397], [1318.9144554699658, -1569.7912059164937], [1345.8396197878826, -1647.7152059167076]]}, "properties": {"osm_id": null, "type": "residential", "width_m": 5, "extrude": false}}, {"type": "Feature", "geometry": {"type": "LineString", "coordinates": [[1469.5377309071325, -1538.176325916425], [1455.487418847323, -1589.1608859166306], [1448.7078976437144, -1597.2872459166788], [1441.6336146486901, -1602.5192859165204], [1442.2231382315213, -1639.0322459164827], [1445.4552653537128, -1647.7152059167076]]}, "properties": {"osm_id": null, "type": "residential", "width_m": 5, "extrude": false}}, {"type": "Feature", "geometry": {"type": "LineString", "coordinates": [[1579.4838791222985, -1561.8874859166744], [1591.6673665026763, -1587.7137259167248], [1612.0059301135022, -1644.5982459166676], [1611.9430475980237, -1647.7152059167076]]}, "properties": {"osm_id": null, "type": "residential", "width_m": 5, "extrude": false}}, {"type": "Feature", "geometry": {"type": "LineString", "coordinates": [[1843.0009206891373, -1586.711845916486], [1842.2148892451294, -1598.511765916751], [1838.9102675119984, -1647.7152059167076]]}, "properties": {"osm_id": null, "type": "residential", "width_m": 5, "extrude": false}}, {"type": "Feature", "geometry": {"type": "LineString", "coordinates": [[280.8899623120422, -1647.7152059167076], [275.35945976473306, -1621.109725916647], [276.34199906956843, -1614.6531659167333], [281.5494573855102, -1611.3135659164643], [379.4103721508865, -1580.58924591652]]}, "properties": {"osm_id": null, "type": "track", "width_m": 3, "extrude": false}}, {"type": "Feature", "geometry": {"type": "LineString", "coordinates": [[636.9797526466488, -1647.7152059167076], [635.1653532092813, -1643.373725916595]]}, "properties": {"osm_id": null, "type": "track", "width_m": 3, "extrude": false}}, {"type": "Feature", "geometry": {"type": "LineString", "coordinates": [[1202.05560674085, -1647.7152059167076], [1197.177835596426, -1635.2473659165469], [1187.4506964779619, -1584.819405916518], [1188.7279975742133, -1558.6592059165198], [1173.7934001401563, -1514.1312059166235]]}, "properties": {"osm_id": null, "type": "residential", "width_m": 5, "extrude": false}}, {"type": "Feature", "geometry": {"type": "LineString", "coordinates": [[1820.4025166768756, -1543.7423259166098], [1832.291242265838, -1539.734805916445], [1963.8532551884298, -1550.6441659165857], [1979.4756301359064, -1550.5328459164714], [1993.3294343345394, -1548.1951259164412], [2007.576254255176, -1543.519685916381], [2020.7422809403897, -1538.6216059164874], [2030.7641818502693, -1533.055605916698]]}, "properties": {"osm_id": null, "type": "service", "width_m": 3.5, "extrude": false}}]}