{"type": "FeatureCollection", "crs": {"type": "name", "properties": {"name": "EPSG:32628_local_enu_m_section_centroid", "lng0": -16.273156475321276, "lat0": 28.47207002205672}}, "features": [{"type": "Feature", "geometry": {"type": "Polygon", "coordinates": [[[-246.74582085321072, 186.24081535419862], [-247.137244063096, 186.01817535396975], [-246.15868603855665, 183.90309535416847], [-245.76726282867142, 184.01441535388741], [-246.74582085321072, 186.24081535419862]]]}, "properties": {"id": 1, "height_m": 12.0, "levels": 4, "category": "residencial", "extrude": true, "manzana_id": 0}}, {"type": "Feature", "geometry": {"type": "Polygon", "coordinates": [[[-247.82223468030827, 179.00501535387932], [-244.59299319936326, 180.45217535418047], [-244.69084900157384, 180.5634953538994], [-252.32360159346734, 197.26149535405824], [-252.42145739567792, 197.48413535389162], [-260.0542099875714, 194.0332153539036], [-252.2257457909091, 176.88993535407803], [-247.82223468030827, 179.00501535387932]]]}, "properties": {"id": 4, "height_m": 15.0, "levels": 5, "category": "residencial", "extrude": true, "manzana_id": 0}}, {"type": "Feature", "geometry": {"type": "Polygon", "coordinates": [[[-247.82223468030827, 179.00501535387932], [-248.40936949496233, 178.6710553539315], [-240.58090529830005, 161.63909535382487], [-236.76452900270095, 163.42021535407383], [-232.9481527067542, 165.2013353539273], [-233.04600850931246, 165.42397535415617], [-240.97232850818534, 182.23329535403394], [-241.26589591551235, 182.1219753539195], [-247.82223468030827, 179.00501535387932]]]}, "properties": {"id": 5, "height_m": 15.0, "levels": 5, "category": "residencial", "extrude": true, "manzana_id": 0}}, {"type": "Feature", "geometry": {"type": "Polygon", "coordinates": [[[-238.52593344701083, 178.11445535415032], [-239.30877986643372, 180.00689535411823], [-239.7980588788772, 179.78425535388936], [-238.91735665654844, 177.89181535392146], [-238.52593344701083, 178.11445535415032]]]}, "properties": {"id": 8, "height_m": 9.0, "levels": 3, "category": "residencial", "extrude": true, "manzana_id": 0}}, {"type": "Feature", "geometry": {"type": "Polygon", "coordinates": [[[-221.2054564119346, 150.50709535385081], [-229.03392060859687, 167.20509535400964], [-232.9481527067542, 165.2013353539273], [-236.76452900270095, 163.42021535407383], [-228.83820900348047, 146.83353535402944], [-225.0218327075337, 148.50333535416397], [-224.23898628811082, 148.94861535383072], [-221.2054564119346, 150.50709535385081]]]}, "properties": {"id": 14, "height_m": 15.0, "levels": 5, "category": "residencial", "extrude": true, "manzana_id": 0}}, {"type": "Feature", "geometry": {"type": "Polygon", "coordinates": [[[-225.0218327075337, 148.50333535416397], [-217.0955127086608, 131.58269535417176], [-216.80194530133377, 131.6940153538907], [-216.2148104866797, 132.0279753538385], [-209.46276011676733, 134.8109753539309], [-217.38908011598784, 152.0655753538709], [-217.48693591854607, 152.28821535409978], [-221.2054564119346, 150.50709535385081], [-221.2054564119346, 150.50709535385081], [-224.23898628811082, 148.94861535383072], [-225.0218327075337, 148.50333535416397]]]}, "properties": {"id": 15, "height_m": 15.0, "levels": 5, "category": "residencial", "extrude": true, "manzana_id": 0}}, {"type": "Feature", "geometry": {"type": "Polygon", "coordinates": [[[-212.98556900538702, 132.80721535384856], [-213.18128061015582, 133.2524953539108], [-213.27913641271405, 133.14117535419186], [-216.2148104866797, 132.0279753538385], [-216.80194530133377, 131.6940153538907], [-220.91188900460756, 129.8015753539228], [-212.78985740061822, 112.76961535421165], [-212.78985740061822, 112.76961535421165], [-205.25496061128297, 116.55449535414746], [-212.98556900538702, 132.80721535384856]]]}, "properties": {"id": 16, "height_m": 15.0, "levels": 5, "category": "residencial", "extrude": true, "manzana_id": 0}}, {"type": "Feature", "geometry": {"type": "Polygon", "coordinates": [[[-217.9762149306419, 123.56765535384241], [-218.66120554785422, 125.12613535386251], [-219.24834036285594, 124.90349535402913], [-218.56334974564365, 123.34501535400904], [-217.9762149306419, 123.56765535384241]]]}, "properties": {"id": 17, "height_m": 12.0, "levels": 4, "category": "residencial", "extrude": true, "manzana_id": 0}}, {"type": "Feature", "geometry": {"type": "Polygon", "coordinates": [[[-215.72553147423622, 118.78089535406318], [-216.31266628889028, 118.55825535383431], [-215.4319640669092, 116.77713535398084], [-214.84482925225512, 117.11109535392865], [-215.72553147423622, 118.78089535406318]]]}, "properties": {"id": 18, "height_m": 12.0, "levels": 4, "category": "residencial", "extrude": true, "manzana_id": 0}}, {"type": "Feature", "geometry": {"type": "Polygon", "coordinates": [[[-210.4413181416543, 128.79969535407938], [-211.3220203636354, 130.58081535393285], [-211.8112993760789, 130.24685535398504], [-210.93059715375014, 128.5770553538505], [-210.4413181416543, 128.79969535407938]]]}, "properties": {"id": 19, "height_m": 12.0, "levels": 4, "category": "residencial", "extrude": true, "manzana_id": 0}}, {"type": "Feature", "geometry": {"type": "Polygon", "coordinates": [[[-206.82065345047636, 121.3412553539267], [-207.40778826547808, 121.11861535409332], [-206.62494184570755, 119.44881535395879], [-206.0378070310535, 119.67145535418766], [-206.82065345047636, 121.3412553539267]]]}, "properties": {"id": 20, "height_m": 12.0, "levels": 4, "category": "residencial", "extrude": true, "manzana_id": 0}}, {"type": "Feature", "geometry": {"type": "Polygon", "coordinates": [[[-201.53644011789444, 108.65077535393254], [-196.1543709827543, 110.98849535396269], [-184.7052420952617, 116.22053535419965], [-188.1301951813232, 123.90161535418571], [-205.25496061128297, 116.22053535419965], [-201.73215172266325, 108.5394553542136], [-201.53644011789444, 108.65077535393254]]]}, "properties": {"id": 21, "height_m": 12.0, "levels": 4, "category": "residencial", "extrude": true, "manzana_id": 0}}, {"type": "Feature", "geometry": {"type": "Polygon", "coordinates": [[[-195.86080357542727, 111.21113535419155], [-196.1543709827543, 110.98849535396269], [-197.32864061206243, 110.54321535390045], [-197.0350732047354, 109.87529535400483], [-195.56723616810024, 110.54321535390045], [-195.86080357542727, 111.21113535419155]]]}, "properties": {"id": 22, "height_m": 12.0, "levels": 4, "category": "residencial", "extrude": true, "manzana_id": 0}}, {"type": "Feature", "geometry": {"type": "Polygon", "coordinates": [[[-190.77230184761413, 112.76961535421165], [-189.01089740330428, 113.54885535382621], [-189.30446481063132, 114.10545535400288], [-190.96801345238296, 113.32621535399284], [-190.77230184761413, 112.76961535421165]]]}, "properties": {"id": 23, "height_m": 12.0, "levels": 4, "category": "residencial", "extrude": true, "manzana_id": 0}}, {"type": "Feature", "geometry": {"type": "Polygon", "coordinates": [[[-200.16645888346986, 119.33749535384436], [-201.83000752522148, 118.55825535383431], [-201.53644011789444, 117.8903353539387], [-199.8728914761428, 118.66957535394874], [-200.16645888346986, 119.33749535384436]]]}, "properties": {"id": 24, "height_m": 9.0, "levels": 3, "category": "residencial", "extrude": true, "manzana_id": 0}}, {"type": "Feature", "geometry": {"type": "Polygon", "coordinates": [[[-192.24013888424932, 122.0091753542178], [-190.57659024249767, 122.78841535383236], [-190.87015764982473, 123.56765535384241], [-192.533706291924, 122.78841535383236], [-192.24013888424932, 122.0091753542178]]]}, "properties": {"id": 25, "height_m": 9.0, "levels": 3, "category": "residencial", "extrude": true, "manzana_id": 0}}, {"type": "Feature", "geometry": {"type": "Polygon", "coordinates": [[[-162.29626333237235, 105.4224953541734], [-162.19840752981412, 105.31117535405897], [-154.95707814815356, 108.65077535393254], [-154.5656549382683, 108.87341535416141], [-162.58983073969938, 125.79405535415361], [-170.22258333124523, 122.34313535416561], [-170.32043913380346, 122.34313535416561], [-162.29626333237235, 105.4224953541734]]]}, "properties": {"id": 26, "height_m": 15.0, "levels": 5, "category": "residencial", "extrude": true, "manzana_id": 1}}, {"type": "Feature", "geometry": {"type": "Polygon", "coordinates": [[[-170.22258333124523, 122.34313535416561], [-162.58983073969938, 125.79405535415361], [-162.8833981470264, 126.23933535421585], [-170.71186234368872, 142.9373353539792], [-178.34461493523457, 139.26377535415781], [-170.32043913380346, 122.34313535416561], [-170.22258333124523, 122.34313535416561]]]}, "properties": {"id": 27, "height_m": 15.0, "levels": 5, "category": "residencial", "extrude": true, "manzana_id": 1}}, {"type": "Feature", "geometry": {"type": "Polygon", "coordinates": [[[-132.743810990033, 119.33749535384436], [-133.03737839736004, 119.11485535401098], [-134.1137922244576, 118.66957535394874], [-149.77072061778222, 111.54509535413936], [-146.2479117291625, 103.86401535415331], [-129.22100210176094, 111.6564153538583], [-132.743810990033, 119.33749535384436]]]}, "properties": {"id": 28, "height_m": 12.0, "levels": 4, "category": "residencial", "extrude": true, "manzana_id": 1}}, {"type": "Feature", "geometry": {"type": "Polygon", "coordinates": [[[-141.25726580390761, 136.0354953540032], [-140.76798679181178, 136.25813535383656], [-144.1929398775256, 143.6052553538748], [-144.29079568008382, 143.9392153542181], [-161.12199370271657, 135.8128553541698], [-157.40347320932804, 128.13177535418376], [-141.25726580390761, 136.0354953540032]]]}, "properties": {"id": 29, "height_m": 12.0, "levels": 4, "category": "residencial", "extrude": true, "manzana_id": 1}}, {"type": "Feature", "geometry": {"type": "Polygon", "coordinates": [[[-123.44750975673554, 123.79029535407128], [-115.521189757515, 106.75833535396464], [-107.88843716596917, 110.32057535406707], [-115.81475716484204, 127.35253535417371], [-119.72898926334702, 125.4600953542058], [-123.44750975673554, 123.79029535407128]]]}, "properties": {"id": 30, "height_m": 15.0, "levels": 5, "category": "residencial", "extrude": true, "manzana_id": 1}}, {"type": "Feature", "geometry": {"type": "Polygon", "coordinates": [[[-127.65530926221989, 142.26941535408358], [-131.17811815083962, 140.8222553541779], [-135.38591765632395, 138.81849535409557], [-127.36174185489286, 121.89785535410337], [-123.44750975673554, 123.67897535395684], [-123.44750975673554, 123.79029535407128], [-119.72898926334702, 125.4600953542058], [-127.65530926221989, 142.26941535408358]]]}, "properties": {"id": 31, "height_m": 15.0, "levels": 5, "category": "residencial", "extrude": true, "manzana_id": 1}}, {"type": "Feature", "geometry": {"type": "Polygon", "coordinates": [[[-127.65530926221989, 142.26941535408358], [-124.0346445713896, 144.05053535393705], [-131.66739716293546, 161.19381535415812], [-139.39800555738717, 157.74289535417012], [-131.66739716293546, 140.59961535394905], [-131.17811815083962, 140.8222553541779], [-127.65530926221989, 142.26941535408358]]]}, "properties": {"id": 32, "height_m": 15.0, "levels": 5, "category": "residencial", "extrude": true, "manzana_id": 1}}, {"type": "Feature", "geometry": {"type": "Polygon", "coordinates": [[[-143.70366086542975, 186.463455354032], [-151.3364134569756, 182.7898953542106], [-143.41009345810272, 165.86925535382292], [-135.77734086620924, 169.43149535392536], [-143.70366086542975, 186.463455354032]]]}, "properties": {"id": 33, "height_m": 15.0, "levels": 5, "category": "residencial", "extrude": true, "manzana_id": 6}}, {"type": "Feature", "geometry": {"type": "Polygon", "coordinates": [[[-151.62998086430264, 203.3840953540242], [-159.26273345619614, 199.82185535392176], [-151.62998086430264, 183.3464953539918], [-151.3364134569756, 182.7898953542106], [-143.70366086542975, 186.463455354032], [-143.89937247019856, 186.7974153539798], [-149.86857642034045, 199.37657535385952], [-151.62998086430264, 203.3840953540242]]]}, "properties": {"id": 34, "height_m": 15.0, "levels": 5, "category": "residencial", "extrude": true, "manzana_id": 6}}, {"type": "Feature", "geometry": {"type": "Polygon", "coordinates": [[[-166.69977444297317, 217.07645535386177], [-167.28690925762723, 216.8538153540284], [-159.55630086352318, 200.37845535409843], [-159.26273345619614, 199.82185535392176], [-151.62998086430264, 203.3840953540242], [-151.92354827197732, 203.94069535420087], [-159.55630086352318, 220.3047353540164], [-166.69977444297317, 217.07645535386177]]]}, "properties": {"id": 35, "height_m": 15.0, "levels": 5, "category": "residencial", "extrude": true, "manzana_id": 6}}, {"type": "Feature", "geometry": {"type": "Polygon", "coordinates": [[[-171.2011413561322, 194.47849535396585], [-179.1274613550051, 211.39913535395806], [-186.7602139468986, 207.83689535385562], [-178.73603814511984, 190.69361535403004], [-178.34461493523457, 190.91625535386342], [-177.85533592313874, 191.25021535420672], [-171.78827617078628, 194.25585535413248], [-171.2989971583428, 194.47849535396585], [-171.2011413561322, 194.47849535396585]]]}, "properties": {"id": 36, "height_m": 15.0, "levels": 5, "category": "residencial", "extrude": true, "manzana_id": 7}}, {"type": "Feature", "geometry": {"type": "Polygon", "coordinates": [[[-163.2748213569117, 177.44653535385922], [-163.2748213569117, 177.44653535385922], [-171.2011413561322, 194.47849535396585], [-171.2989971583428, 194.47849535396585], [-171.78827617078628, 194.25585535413248], [-177.85533592313874, 191.25021535420672], [-178.34461493523457, 190.91625535386342], [-178.73603814511984, 190.69361535403004], [-170.80971814624695, 173.77297535403784], [-163.2748213569117, 177.44653535385922]]]}, "properties": {"id": 37, "height_m": 15.0, "levels": 5, "category": "residencial", "extrude": true, "manzana_id": 7}}, {"type": "Feature", "geometry": {"type": "Polygon", "coordinates": [[[-205.54852801861, 198.3746953540161], [-206.0378070310535, 198.15205535418272], [-198.30719863660175, 182.1219753539195], [-198.11148703183295, 181.67669535385727], [-190.38087863772887, 185.35025535407414], [-190.57659024249767, 185.68421535402194], [-190.77230184761413, 186.24081535419862], [-198.20934283439118, 201.93693535411853], [-205.54852801861, 198.3746953540161]]]}, "properties": {"id": 38, "height_m": 15.0, "levels": 5, "category": "residencial", "extrude": true, "manzana_id": 2}}, {"type": "Feature", "geometry": {"type": "Polygon", "coordinates": [[[-190.38087863772887, 185.35025535407414], [-198.11148703183295, 181.67669535385727], [-189.9894554278436, 164.8673753539795], [-186.36879073701334, 166.64849535383297], [-186.36879073701334, 166.7598153539474], [-186.36879073701334, 166.7598153539474], [-182.45455863850836, 168.54093535419636], [-182.5524144410666, 168.87489535414417], [-190.28302283517064, 185.2389353539597], [-190.38087863772887, 185.35025535407414]]]}, "properties": {"id": 39, "height_m": 15.0, "levels": 5, "category": "residencial", "extrude": true, "manzana_id": 2}}, {"type": "Feature", "geometry": {"type": "Polygon", "coordinates": [[[-186.36879073701334, 166.7598153539474], [-186.36879073701334, 166.7598153539474], [-178.54032654035103, 149.72785535384077], [-170.90757394845753, 153.17877535382877], [-178.73603814511984, 170.32205535404984], [-178.9317497502363, 170.2107353539354], [-186.36879073701334, 166.7598153539474]]]}, "properties": {"id": 40, "height_m": 15.0, "levels": 5, "category": "residencial", "extrude": true, "manzana_id": 2}}, {"type": "Feature", "geometry": {"type": "Polygon", "coordinates": [[[-229.2296322133657, 187.57665535398985], [-221.2054564119346, 170.65601535399765], [-217.2912243134296, 172.54845535396555], [-213.76841542515757, 174.3295753542145], [-213.6705596225993, 174.3295753542145], [-221.69473542403043, 191.25021535420672], [-229.2296322133657, 187.57665535398985], [-229.2296322133657, 187.57665535398985]]]}, "properties": {"id": 41, "height_m": 12.0, "levels": 4, "category": "residencial", "extrude": true, "manzana_id": 3}}, {"type": "Feature", "geometry": {"type": "Polygon", "coordinates": [[[-201.83000752522148, 159.3013753541902], [-201.63429592045267, 159.41269535390916], [-209.756327524442, 176.22201535418242], [-213.08342480794525, 174.66353535416232], [-213.76841542515757, 174.3295753542145], [-217.2912243134296, 172.54845535396555], [-209.36490431455675, 155.73913535408778], [-201.83000752522148, 159.3013753541902]]]}, "properties": {"id": 46, "height_m": 15.0, "levels": 5, "category": "residencial", "extrude": true, "manzana_id": 3}}, {"type": "Feature", "geometry": {"type": "Polygon", "coordinates": [[[-138.02802432296258, 230.43485535414703], [-138.41944753284784, 229.87825535397036], [-135.67948506399864, 227.76317535416908], [-135.28806185411338, 228.31977535395026], [-138.02802432296258, 230.43485535414703]]]}, "properties": {"id": 47, "height_m": 3.0, "levels": 1, "category": "residencial", "extrude": true, "manzana_id": 8}}, {"type": "Feature", "geometry": {"type": "Polygon", "coordinates": [[[-131.47168555816666, 227.54053535394021], [-134.30950382957406, 229.54429535402255], [-132.743810990033, 231.77069535393827], [-133.62451321236176, 232.32729535411494], [-134.1137922244576, 233.7744553540206], [-135.19020605155515, 236.44613535399856], [-140.08299617459946, 234.33105535419728], [-139.887284569483, 231.8820153540527], [-138.02802432296258, 230.43485535414703], [-135.28806185411338, 228.31977535395026], [-132.93952259514947, 226.5386553540968], [-132.45024358270598, 226.20469535414898], [-132.45024358270598, 226.20469535414898], [-131.47168555816666, 227.54053535394021]]]}, "properties": {"id": 48, "height_m": 6.0, "levels": 2, "category": "residencial", "extrude": true, "manzana_id": 8}}, {"type": "Feature", "geometry": {"type": "Polygon", "coordinates": [[[-124.7196351886019, 237.33669535412304], [-125.50248160837243, 239.34045535420537], [-125.79604901569947, 240.23101535393437], [-125.79604901569947, 240.3423353540488], [-135.19020605155515, 236.44613535399856], [-134.1137922244576, 233.7744553540206], [-133.52665740980353, 233.99709535385398], [-128.53601148454865, 236.00085535393632], [-127.94887666954693, 236.22349535416518], [-127.36174185489286, 234.88765535397846], [-125.99176062046827, 235.44425535415513], [-124.7196351886019, 237.33669535412304]]]}, "properties": {"id": 49, "height_m": 6.0, "levels": 2, "category": "residencial", "extrude": true, "manzana_id": 8}}, {"type": "Feature", "geometry": {"type": "Polygon", "coordinates": [[[-125.99176062046827, 235.44425535415513], [-127.36174185489286, 234.88765535397846], [-127.94887666954693, 236.22349535416518], [-128.53601148454865, 236.00085535393632], [-133.52665740980353, 233.99709535385398], [-134.1137922244576, 233.7744553540206], [-133.62451321236176, 232.32729535411494], [-132.743810990033, 231.77069535393827], [-134.30950382957406, 229.54429535402255], [-131.47168555816666, 227.54053535394021], [-125.99176062046827, 235.44425535415513]]]}, "properties": {"id": 50, "height_m": 9.0, "levels": 3, "category": "residencial", "extrude": true, "manzana_id": 8}}, {"type": "Feature", "geometry": {"type": "Polygon", "coordinates": [[[-122.86037494208146, 218.85757535411074], [-122.664663336965, 218.7462553539963], [-120.70754728788634, 217.29909535409064], [-120.41397988055931, 217.07645535386177], [-120.31612407800108, 216.96513535414283], [-118.35900802892242, 219.63681535412078], [-119.72898926334702, 223.19905535382773], [-119.72898926334702, 223.31037535394216], [-122.95823074429204, 218.96889535382968], [-122.86037494208146, 218.85757535411074]]]}, "properties": {"id": 51, "height_m": 9.0, "levels": 3, "category": "residencial", "extrude": true, "manzana_id": 8}}, {"type": "Feature", "geometry": {"type": "Polygon", "coordinates": [[[-122.27324012707975, 230.43485535414703], [-122.27324012707975, 230.54617535386598], [-122.56680753440678, 230.10089535419922], [-122.664663336965, 229.9895753540848], [-122.95823074429204, 229.65561535413698], [-123.44750975673554, 228.87637535412694], [-127.94887666954693, 222.75377535416098], [-123.64322136150435, 219.52549535400635], [-123.1539423494085, 219.0802153539441], [-122.95823074429204, 218.96889535382968], [-119.72898926334702, 223.31037535394216], [-119.82684506590525, 223.64433535388997], [-121.49039370765688, 228.31977535395026], [-122.07752852231094, 229.87825535397036], [-122.27324012707975, 230.43485535414703]]]}, "properties": {"id": 52, "height_m": 6.0, "levels": 2, "category": "residencial", "extrude": true, "manzana_id": 8}}, {"type": "Feature", "geometry": {"type": "Polygon", "coordinates": [[[-128.63386728675923, 231.77069535393827], [-131.47168555816666, 227.54053535394021], [-132.45024358270598, 226.20469535414898], [-132.35238778014775, 226.20469535414898], [-132.35238778014775, 226.09337535403455], [-131.96096457061014, 225.87073535420117], [-127.94887666954693, 222.75377535416098], [-123.93678876883138, 228.20845535383583], [-128.63386728675923, 231.77069535393827]]]}, "properties": {"id": 53, "height_m": 6.0, "levels": 2, "category": "residencial", "extrude": true, "manzana_id": 8}}, {"type": "Feature", "geometry": {"type": "Polygon", "coordinates": [[[-126.2853280277953, 235.11029535420732], [-128.63386728675923, 231.77069535393827], [-126.18747222558473, 229.9895753540848], [-124.13250037394783, 232.88389535389612], [-126.2853280277953, 235.11029535420732]]]}, "properties": {"id": 54, "height_m": 3.0, "levels": 1, "category": "residencial", "extrude": true, "manzana_id": 8}}, {"type": "Feature", "geometry": {"type": "Polygon", "coordinates": [[[-122.664663336965, 229.9895753540848], [-122.56680753440678, 230.10089535419922], [-122.27324012707975, 230.54617535386598], [-123.25179815161908, 233.21785535384393], [-124.62177938604367, 237.00273535417523], [-124.62177938604367, 237.11405535389417], [-124.7196351886019, 237.33669535412304], [-125.99176062046827, 235.44425535415513], [-126.2853280277953, 235.11029535420732], [-124.13250037394783, 232.88389535389612], [-126.18747222558473, 229.9895753540848], [-123.93678876883138, 228.20845535383583], [-123.44750975673554, 228.87637535412694], [-122.95823074429204, 229.65561535413698], [-122.664663336965, 229.9895753540848]]]}, "properties": {"id": 55, "height_m": 3.0, "levels": 1, "category": "residencial", "extrude": true, "manzana_id": 8}}, {"type": "Feature", "geometry": {"type": "Polygon", "coordinates": [[[-107.20344654875687, 225.20281535391007], [-107.20344654875687, 225.20281535391007], [-107.3013023513151, 225.3141353540245], [-108.1820045732962, 225.98205535392012], [-111.01982284470361, 228.0971353541169], [-111.01982284470361, 228.31977535395026], [-111.11767864691419, 228.65373535389807], [-111.31339025203064, 228.54241535417913], [-112.87908309122405, 226.64997535421122], [-113.85764111576337, 225.53677535385788], [-113.56407370843634, 225.3141353540245], [-111.50910185679945, 223.64433535388997], [-112.97693889378228, 221.64057535420312], [-110.82411123958715, 220.08209535418302], [-107.20344654875687, 225.20281535391007]]]}, "properties": {"id": 56, "height_m": 6.0, "levels": 2, "category": "residencial", "extrude": true, "manzana_id": 8}}, {"type": "Feature", "geometry": {"type": "Polygon", "coordinates": [[[-110.82411123958715, 220.08209535418302], [-115.521189757515, 223.31037535394216], [-118.35900802892242, 219.63681535412078], [-120.31612407800108, 216.96513535414283], [-120.12041247323228, 216.8538153540284], [-118.06544062159539, 215.2953353540083], [-117.5761616091519, 214.85005535394606], [-117.08688259705606, 214.51609535399825], [-116.40189197984377, 213.95949535421707], [-115.91261296740026, 213.62553535387377], [-115.61904556007323, 213.4028953540404], [-110.82411123958715, 220.08209535418302]]]}, "properties": {"id": 57, "height_m": 9.0, "levels": 3, "category": "residencial", "extrude": true, "manzana_id": 8}}, {"type": "Feature", "geometry": {"type": "Polygon", "coordinates": [[[-108.377716178065, 214.18213535405044], [-106.6163117341028, 216.29721535385173], [-104.85490728979295, 218.63493535388187], [-104.16991667258064, 219.52549535400635], [-102.79993543815606, 221.19529535414088], [-107.69272556085271, 224.53489535401445], [-110.82411123958715, 220.08209535418302], [-115.61904556007323, 213.4028953540404], [-115.521189757515, 213.29157535392596], [-115.42333395530443, 213.29157535392596], [-115.42333395530443, 213.18025535420702], [-112.19409247401175, 210.84253535417687], [-111.7048134619159, 210.39725535411463], [-111.31339025203064, 210.17461535388577], [-108.377716178065, 214.18213535405044]]]}, "properties": {"id": 58, "height_m": 6.0, "levels": 2, "category": "residencial", "extrude": true, "manzana_id": 8}}, {"type": "Feature", "geometry": {"type": "Polygon", "coordinates": [[[-106.22488852421753, 216.96513535414283], [-106.6163117341028, 216.29721535385173], [-108.377716178065, 214.18213535405044], [-111.31339025203064, 210.17461535388577], [-111.21553444947241, 210.06329535416683], [-108.86699519050849, 208.28217535391786], [-108.67128358539203, 208.0595353540845], [-103.87634926525361, 214.40477535388382], [-102.11494482094375, 213.0689353540926], [-101.82137741361672, 213.51421535415483], [-106.22488852421753, 216.96513535414283]]]}, "properties": {"id": 59, "height_m": 6.0, "levels": 2, "category": "residencial", "extrude": true, "manzana_id": 8}}, {"type": "Feature", "geometry": {"type": "Polygon", "coordinates": [[[-102.11494482094375, 213.0689353540926], [-103.87634926525361, 214.40477535388382], [-108.67128358539203, 208.0595353540845], [-107.20344654875687, 207.05765535384558], [-107.20344654875687, 207.05765535384558], [-106.71416753631337, 206.61237535417882], [-106.71416753631337, 206.61237535417882], [-106.6163117341028, 206.5010553540644], [-106.51845593154457, 206.61237535417882], [-106.8120233388716, 206.8350153540122], [-104.46348407990767, 210.06329535416683], [-102.11494482094375, 213.0689353540926]]]}, "properties": {"id": 60, "height_m": 9.0, "levels": 3, "category": "residencial", "extrude": true, "manzana_id": 8}}, {"type": "Feature", "geometry": {"type": "Polygon", "coordinates": [[[-104.26777247513887, 219.41417535389192], [-104.85490728979295, 218.63493535388187], [-106.22488852421753, 216.96513535414283], [-101.82137741361672, 213.51421535415483], [-98.49428013011347, 218.0783353541007], [-98.39642432755524, 218.0783353541007], [-98.00500111766998, 218.63493535388187], [-98.7878475374405, 219.19153535405854], [-100.64710778396093, 216.63117535419502], [-104.26777247513887, 219.41417535389192]]]}, "properties": {"id": 61, "height_m": 6.0, "levels": 2, "category": "residencial", "extrude": true, "manzana_id": 8}}, {"type": "Feature", "geometry": {"type": "Polygon", "coordinates": [[[-102.6042238330396, 221.5292553540887], [-102.6042238330396, 221.41793535397426], [-104.16991667258064, 219.52549535400635], [-104.26777247513887, 219.41417535389192], [-100.64710778396093, 216.63117535419502], [-98.7878475374405, 219.19153535405854], [-98.00500111766998, 218.63493535388187], [-96.53716408068715, 220.41605535413083], [-96.14574087114954, 220.3047353540164], [-96.04788506859131, 220.41605535413083], [-96.24359667336012, 220.52737535384978], [-96.43930827847657, 220.52737535384978], [-97.80928951290116, 221.64057535420312], [-99.17927074732576, 225.42545535413893], [-99.37498235209456, 225.87073535420117], [-99.96211716674863, 224.9801753540767], [-100.84281938907739, 223.7556553540044], [-99.27712654953633, 222.41981535421317], [-100.94067519128797, 220.3047353540164], [-102.6042238330396, 221.5292553540887]]]}, "properties": {"id": 62, "height_m": 9.0, "levels": 3, "category": "residencial", "extrude": true, "manzana_id": 8}}, {"type": "Feature", "geometry": {"type": "Polygon", "coordinates": [[[-106.02917691910108, 207.94821535397006], [-106.8120233388716, 206.8350153540122], [-106.51845593154457, 206.61237535417882], [-102.70207963559783, 203.718055353972], [-102.50636803082901, 203.60673535385757], [-101.62566580850026, 204.71993535421092], [-98.20071272243878, 209.61801535410459], [-98.1028569202282, 209.72933535382353], [-97.90714531511175, 209.9519753540524], [-99.96211716674863, 211.5104553540725], [-103.87634926525361, 206.38973535394996], [-106.02917691910108, 207.94821535397006]]]}, "properties": {"id": 63, "height_m": 6.0, "levels": 2, "category": "residencial", "extrude": true, "manzana_id": 8}}, {"type": "Feature", "geometry": {"type": "Polygon", "coordinates": [[[-100.25568457407567, 215.6292953539561], [-104.46348407990767, 210.06329535416683], [-106.02917691910108, 207.94821535397006], [-103.87634926525361, 206.38973535394996], [-99.96211716674863, 211.5104553540725], [-98.1028569202282, 213.95949535421707], [-100.25568457407567, 215.6292953539561]]]}, "properties": {"id": 64, "height_m": 9.0, "levels": 3, "category": "residencial", "extrude": true, "manzana_id": 8}}, {"type": "Feature", "geometry": {"type": "Polygon", "coordinates": [[[-98.39642432755524, 218.0783353541007], [-98.49428013011347, 218.0783353541007], [-100.25568457407567, 215.6292953539561], [-98.1028569202282, 213.95949535421707], [-96.14574087114954, 212.40101535419697], [-94.97147124149375, 213.95949535421707], [-94.38433642683968, 214.73873535383163], [-98.39642432755524, 218.0783353541007]]]}, "properties": {"id": 65, "height_m": 6.0, "levels": 2, "category": "residencial", "extrude": true, "manzana_id": 8}}, {"type": "Feature", "geometry": {"type": "Polygon", "coordinates": [[[-98.1028569202282, 213.95949535421707], [-99.96211716674863, 211.5104553540725], [-97.90714531511175, 209.9519753540524], [-96.34145247591835, 212.06705535385368], [-96.14574087114954, 212.40101535419697], [-98.1028569202282, 213.95949535421707]]]}, "properties": {"id": 66, "height_m": 3.0, "levels": 1, "category": "residencial", "extrude": true, "manzana_id": 8}}, {"type": "Feature", "geometry": {"type": "Polygon", "coordinates": [[[-94.38433642683968, 214.73873535383163], [-91.35080655066346, 218.63493535388187], [-96.14574087114954, 220.3047353540164], [-96.53716408068715, 220.41605535413083], [-98.39642432755524, 218.0783353541007], [-94.38433642683968, 214.73873535383163]]]}, "properties": {"id": 67, "height_m": 6.0, "levels": 2, "category": "residencial", "extrude": true, "manzana_id": 8}}, {"type": "Feature", "geometry": {"type": "Polygon", "coordinates": [[[-96.24359667336012, 203.60673535385757], [-96.83073148801418, 202.82749535384752], [-97.12429889568887, 202.38221535418077], [-97.51572210522647, 201.8256153540041], [-98.20071272243878, 200.93505535387962], [-98.59213593232404, 200.48977535421287], [-98.1028569202282, 200.04449535415063], [-94.38433642683968, 197.26149535405824], [-93.89505741439619, 196.816215353996], [-93.79720161183796, 196.816215353996], [-91.35080655066346, 199.9331753540362], [-96.24359667336012, 203.60673535385757]]]}, "properties": {"id": 68, "height_m": 6.0, "levels": 2, "category": "residencial", "extrude": true, "manzana_id": 8}}, {"type": "Feature", "geometry": {"type": "Polygon", "coordinates": [[[-86.26230482285034, 216.63117535419502], [-86.55587223017739, 216.18589535413278], [-96.24359667336012, 203.60673535385757], [-91.35080655066346, 199.9331753540362], [-88.219420871929, 204.0520153539198], [-90.17653692100767, 205.49917535382548], [-87.82799766204374, 208.50481535414673], [-85.96873741552331, 207.05765535384558], [-81.46737050236426, 212.95761535397816], [-86.26230482285034, 216.63117535419502]]]}, "properties": {"id": 69, "height_m": 3.0, "levels": 1, "category": "residencial", "extrude": true, "manzana_id": 8}}, {"type": "Feature", "geometry": {"type": "Polygon", "coordinates": [[[-84.10947716865522, 200.6010953539318], [-86.36016062506091, 202.38221535418077], [-84.79446778586752, 204.38597535386762], [-86.84943963750442, 205.94445535388772], [-93.79720161183796, 196.816215353996], [-93.40577840230036, 196.4822553540482], [-89.19797889646834, 193.25397535389357], [-88.90441148914131, 193.0313353540602], [-81.95664951446011, 202.1595753539519], [-82.54378432946183, 202.60485535401415], [-84.10947716865522, 200.6010953539318]]]}, "properties": {"id": 70, "height_m": 3.0, "levels": 1, "category": "residencial", "extrude": true, "manzana_id": 8}}, {"type": "Feature", "geometry": {"type": "Polygon", "coordinates": [[[-79.11883124340034, 216.07457535401835], [-81.56522630492249, 212.84629535386372], [-78.43384062618804, 210.39725535411463], [-76.67243618187818, 209.0614153539279], [-74.22604112035603, 212.28969535408254], [-76.08530136722412, 213.62553535387377], [-76.18315716978235, 213.62553535387377], [-76.37886877455115, 213.95949535421707], [-79.11883124340034, 216.07457535401835]]]}, "properties": {"id": 71, "height_m": 3.0, "levels": 1, "category": "residencial", "extrude": true, "manzana_id": 8}}, {"type": "Feature", "geometry": {"type": "Polygon", "coordinates": [[[-81.56522630492249, 212.84629535386372], [-86.84943963750442, 205.94445535388772], [-81.95664951446011, 202.1595753539519], [-76.67243618187818, 209.0614153539279], [-81.56522630492249, 212.84629535386372]]]}, "properties": {"id": 72, "height_m": 6.0, "levels": 2, "category": "residencial", "extrude": true, "manzana_id": 8}}, {"type": "Feature", "geometry": {"type": "Polygon", "coordinates": [[[-72.66034828116263, 207.16897535396], [-71.48607865150684, 208.83877535409454], [-71.38822284929627, 209.0614153539279], [-70.80108803429455, 209.84065535393796], [-71.6817902566233, 209.84065535393796], [-71.77964605918153, 209.84065535393796], [-73.44319470093316, 213.0689353540926], [-73.44319470093316, 213.18025535420702], [-73.7367621082602, 212.84629535386372], [-74.03032951558723, 212.51233535391592], [-88.90441148914131, 193.0313353540602], [-85.38160260052159, 190.35965535408224], [-85.18589099575279, 190.13701535385337], [-81.17380309503723, 195.5916953539237], [-82.54378432946183, 196.59357535416262], [-80.97809148992077, 198.7086553539639], [-79.60811025549619, 197.70677535412048], [-74.12818531814546, 205.2765353539921], [-75.40031075001183, 206.27841535383553], [-73.932473713029, 208.17085535419892], [-72.66034828116263, 207.16897535396]]]}, "properties": {"id": 73, "height_m": 3.0, "levels": 1, "category": "residencial", "extrude": true, "manzana_id": 8}}, {"type": "Feature", "geometry": {"type": "Polygon", "coordinates": [[[-71.09465544196924, 209.28405535415678], [-71.48607865150684, 208.83877535409454], [-72.66034828116263, 207.16897535396], [-71.09465544196924, 205.94445535388772], [-70.21395321964047, 207.05765535384558], [-71.09465544196924, 209.28405535415678]]]}, "properties": {"id": 74, "height_m": 9.0, "levels": 3, "category": "residencial", "extrude": true, "manzana_id": 8}}, {"type": "Feature", "geometry": {"type": "Polygon", "coordinates": [[[-70.21395321964047, 207.05765535384558], [-72.5624924786044, 204.0520153539198], [-74.12818531814546, 205.2765353539921], [-75.20459914489537, 203.82937535408644], [-79.41239865072737, 198.0407353540683], [-79.60811025549619, 197.70677535412048], [-78.14027321886101, 196.4822553540482], [-79.70596605805441, 194.47849535396585], [-81.17380309503723, 195.5916953539237], [-85.18589099575279, 190.13701535385337], [-83.52234235400115, 188.91249535417657], [-83.03306334155766, 188.57853535383327], [-82.83735173678886, 188.46721535411433], [-80.68452408259374, 191.58417535415452], [-78.72740803351508, 190.13701535385337], [-78.33598482362981, 190.5822953539156], [-70.40966482475693, 201.38033535394186], [-68.84397198521589, 203.60673535385757], [-70.21395321964047, 207.05765535384558]]]}, "properties": {"id": 75, "height_m": 6.0, "levels": 2, "category": "residencial", "extrude": true, "manzana_id": 8}}, {"type": "Feature", "geometry": {"type": "Polygon", "coordinates": [[[-80.68452408259374, 191.58417535415452], [-82.83735173678886, 188.46721535411433], [-82.54378432946183, 188.24457535388547], [-81.66308210713306, 187.57665535398985], [-81.17380309503723, 187.1313753539276], [-80.97809148992077, 187.02005535420867], [-78.72740803351508, 190.13701535385337], [-80.68452408259374, 191.58417535415452]]]}, "properties": {"id": 76, "height_m": 9.0, "levels": 3, "category": "residencial", "extrude": true, "manzana_id": 8}}, {"type": "Feature", "geometry": {"type": "Polygon", "coordinates": [[[-61.11336359111181, 190.2483353539678], [-69.72467420754464, 178.44841535409813], [-65.12545149182736, 174.8861753539957], [-64.5383166771733, 174.5522153540479], [-64.24474926984627, 174.99749535411013], [-62.77691223286344, 176.7786153539636], [-62.483344825536406, 177.33521535414027], [-62.091921615651145, 177.78049535420251], [-60.91765198634301, 179.22765535410818], [-60.52622877645774, 179.78425535388936], [-60.13480556657248, 180.2295353539516], [-59.05839173947492, 181.67669535385727], [-58.66696852958966, 182.23329535403394], [-58.275545320052046, 182.67857535409618], [-56.318429270625735, 185.2389353539597], [-55.53558285120286, 186.24081535419862], [-61.11336359111181, 190.2483353539678]]]}, "properties": {"id": 77, "height_m": 3.0, "levels": 1, "category": "residencial", "extrude": true, "manzana_id": 8}}, {"type": "Feature", "geometry": {"type": "Polygon", "coordinates": [[[-58.37340112226263, 174.8861753539957], [-59.54767075191842, 175.77673535412018], [-61.99406581344057, 172.54845535396555], [-61.11336359111181, 171.88053535406993], [-60.81979618378478, 171.65789535384107], [-58.76482433214789, 174.3295753542145], [-58.37340112226263, 174.8861753539957]]]}, "properties": {"id": 78, "height_m": 12.0, "levels": 4, "category": "residencial", "extrude": true, "manzana_id": 8}}, {"type": "Feature", "geometry": {"type": "Polygon", "coordinates": [[[-56.318429270625735, 185.2389353539597], [-58.275545320052046, 182.67857535409618], [-58.66696852958966, 182.23329535403394], [-58.76482433214789, 182.01065535420057], [-56.905564085627454, 180.67481535401384], [-54.85059223399056, 179.33897535382712], [-52.502052975026636, 182.34461535414837], [-53.872034209451236, 183.3464953539918], [-56.318429270625735, 185.2389353539597]]]}, "properties": {"id": 79, "height_m": 6.0, "levels": 2, "category": "residencial", "extrude": true, "manzana_id": 8}}, {"type": "Feature", "geometry": {"type": "Polygon", "coordinates": [[[-51.22992754281262, 186.68609535386537], [-53.872034209451236, 183.3464953539918], [-52.502052975026636, 182.34461535414837], [-49.957802110946254, 185.68421535402194], [-50.251369518273286, 185.90685535385532], [-51.22992754281262, 186.68609535386537]]]}, "properties": {"id": 80, "height_m": 9.0, "levels": 3, "category": "residencial", "extrude": true, "manzana_id": 8}}, {"type": "Feature", "geometry": {"type": "Polygon", "coordinates": [[[-60.52622877645774, 179.78425535388936], [-60.91765198634301, 179.22765535410818], [-62.091921615651145, 177.78049535420251], [-62.483344825536406, 177.33521535414027], [-62.77691223286344, 176.7786153539636], [-64.24474926984627, 174.99749535411013], [-64.5383166771733, 174.5522153540479], [-64.04903766472981, 174.10693535398565], [-62.581200628094635, 172.9937353540278], [-61.99406581344057, 172.54845535396555], [-59.54767075191842, 175.77673535412018], [-58.37340112226263, 174.8861753539957], [-54.85059223399056, 179.33897535382712], [-56.905564085627454, 180.67481535401384], [-58.66696852958966, 178.3370953539837], [-60.52622877645774, 179.78425535388936]]]}, "properties": {"id": 81, "height_m": 9.0, "levels": 3, "category": "residencial", "extrude": true, "manzana_id": 8}}, {"type": "Feature", "geometry": {"type": "Polygon", "coordinates": [[[-54.16560161677827, 180.2295353539516], [-58.76482433214789, 174.3295753542145], [-57.394843097723296, 173.43901535409003], [-54.94844803620114, 171.65789535384107], [-52.502052975026636, 174.77485535388126], [-53.96989001166181, 175.88805535383912], [-52.01277396258315, 178.44841535409813], [-54.16560161677827, 180.2295353539516]]]}, "properties": {"id": 82, "height_m": 6.0, "levels": 2, "category": "residencial", "extrude": true, "manzana_id": 8}}, {"type": "Feature", "geometry": {"type": "Polygon", "coordinates": [[[-58.76482433214789, 174.3295753542145], [-60.81979618378478, 171.65789535384107], [-60.62408457901597, 171.4352553540077], [-60.13480556657248, 171.10129535405989], [-59.44981494936018, 170.5446953538832], [-57.394843097723296, 173.43901535409003], [-58.76482433214789, 174.3295753542145]]]}, "properties": {"id": 83, "height_m": 9.0, "levels": 3, "category": "residencial", "extrude": true, "manzana_id": 8}}, {"type": "Feature", "geometry": {"type": "Polygon", "coordinates": [[[-49.37066729629219, 181.89933535408613], [-52.01277396258315, 178.44841535409813], [-50.544936925600325, 177.33521535414027], [-47.90283025930936, 180.67481535401384], [-49.37066729629219, 181.89933535408613]]]}, "properties": {"id": 84, "height_m": 9.0, "levels": 3, "category": "residencial", "extrude": true, "manzana_id": 8}}, {"type": "Feature", "geometry": {"type": "Polygon", "coordinates": [[[-57.394843097723296, 173.43901535409003], [-59.44981494936018, 170.5446953538832], [-59.35195914680195, 170.5446953538832], [-57.199131492954486, 168.87489535414417], [-54.94844803620114, 171.65789535384107], [-57.394843097723296, 173.43901535409003]]]}, "properties": {"id": 85, "height_m": 3.0, "levels": 1, "category": "residencial", "extrude": true, "manzana_id": 8}}, {"type": "Feature", "geometry": {"type": "Polygon", "coordinates": [[[-48.00068606186759, 184.12573535400185], [-49.17495569117573, 185.12761535384527], [-49.76209050617745, 185.46157535418857], [-49.957802110946254, 185.68421535402194], [-52.502052975026636, 182.34461535414837], [-54.16560161677827, 180.2295353539516], [-52.01277396258315, 178.44841535409813], [-49.37066729629219, 181.89933535408613], [-49.56637890106099, 182.1219753539195], [-48.00068606186759, 184.12573535400185]]]}, "properties": {"id": 86, "height_m": 6.0, "levels": 2, "category": "residencial", "extrude": true, "manzana_id": 8}}, {"type": "Feature", "geometry": {"type": "Polygon", "coordinates": [[[-50.15351371606271, 177.78049535420251], [-52.30634136991018, 175.10881535382907], [-50.34922532083152, 173.43901535409003], [-48.098541864425826, 176.11069535406799], [-50.15351371606271, 177.78049535420251]]]}, "properties": {"id": 87, "height_m": 6.0, "levels": 2, "category": "residencial", "extrude": true, "manzana_id": 8}}, {"type": "Feature", "geometry": {"type": "Polygon", "coordinates": [[[-53.872034209451236, 173.10505535414222], [-57.199131492954486, 168.87489535414417], [-56.905564085627454, 168.6522553539153], [-56.709852480510996, 168.54093535419636], [-56.22057346841516, 168.09565535413412], [-55.242015443528175, 167.42773535384302], [-52.40419717246841, 171.10129535405989], [-50.44708112338975, 169.65413535415422], [-42.42290532161099, 179.8955753540038], [-42.61861692672745, 180.00689535411823], [-42.61861692672745, 180.00689535411823], [-43.98859816115204, 181.00877535396165], [-44.477877173247876, 181.4540553540239], [-46.14142581499951, 179.33897535382712], [-47.90283025930936, 180.67481535401384], [-50.15351371606271, 177.78049535420251], [-48.098541864425826, 176.11069535406799], [-50.34922532083152, 173.43901535409003], [-51.91491816002492, 171.4352553540077], [-52.40419717246841, 171.88053535406993], [-53.872034209451236, 173.10505535414222]]]}, "properties": {"id": 88, "height_m": 3.0, "levels": 1, "category": "residencial", "extrude": true, "manzana_id": 8}}, {"type": "Feature", "geometry": {"type": "Polygon", "coordinates": [[[-50.44708112338975, 169.65413535415422], [-52.40419717246841, 171.10129535405989], [-55.242015443528175, 167.42773535384302], [-53.38275519700774, 165.98057535393735], [-50.44708112338975, 169.65413535415422]]]}, "properties": {"id": 89, "height_m": 6.0, "levels": 2, "category": "residencial", "extrude": true, "manzana_id": 8}}, {"type": "Feature", "geometry": {"type": "Polygon", "coordinates": [[[-49.66423470361922, 170.65601535399765], [-53.38275519700774, 165.98057535393735], [-53.08918778968071, 165.75793535410398], [-52.59990877723722, 165.42397535415617], [-52.110629765141375, 164.97869535409393], [-49.76209050617745, 163.19757535384497], [-49.46852309885042, 163.08625535412602], [-45.847858407672476, 167.76169535418632], [-47.3156954446553, 168.87489535414417], [-49.66423470361922, 170.65601535399765]]]}, "properties": {"id": 90, "height_m": 6.0, "levels": 2, "category": "residencial", "extrude": true, "manzana_id": 8}}, {"type": "Feature", "geometry": {"type": "Polygon", "coordinates": [[[-47.3156954446553, 168.87489535414417], [-45.847858407672476, 167.76169535418632], [-49.46852309885042, 163.08625535412602], [-49.27281149373396, 162.86361535389716], [-48.78353248163812, 162.41833535383492], [-47.5114070494241, 161.52777535410593], [-47.5114070494241, 161.52777535410593], [-42.81432853149625, 167.42773535384302], [-46.337137420115965, 170.09941535421646], [-47.3156954446553, 168.87489535414417]]]}, "properties": {"id": 91, "height_m": 9.0, "levels": 3, "category": "residencial", "extrude": true, "manzana_id": 8}}, {"type": "Feature", "geometry": {"type": "Polygon", "coordinates": [[[-35.181575939950406, 163.75417535402164], [-40.661500877648784, 156.29573535386896], [-38.50867322345366, 154.5146153540155], [-36.06227816193151, 152.62217535404758], [-35.67085495204625, 152.28821535409978], [-34.59444112529634, 153.84669535411987], [-37.04083618647084, 155.73913535408778], [-35.866566557162706, 157.63157535405568], [-35.475143347277445, 157.40893535382682], [-35.181575939950406, 157.63157535405568], [-32.637325075870024, 159.07873535396135], [-35.181575939950406, 163.75417535402164]]]}, "properties": {"id": 92, "height_m": 12.0, "levels": 4, "category": "residencial", "extrude": true, "manzana_id": 8}}, {"type": "Feature", "geometry": {"type": "Polygon", "coordinates": [[[-38.50867322345366, 154.5146153540155], [-38.802240630780695, 154.06933535395325], [-36.35584556925854, 152.17689535398534], [-36.06227816193151, 152.62217535404758], [-38.50867322345366, 154.5146153540155]]]}, "properties": {"id": 93, "height_m": 9.0, "levels": 3, "category": "residencial", "extrude": true, "manzana_id": 8}}, {"type": "Feature", "geometry": {"type": "Polygon", "coordinates": [[[-32.637325075870024, 159.07873535396135], [-35.181575939950406, 157.63157535405568], [-35.475143347277445, 157.40893535382682], [-35.866566557162706, 157.63157535405568], [-37.04083618647084, 155.73913535408778], [-34.59444112529634, 153.84669535411987], [-33.81159470552581, 154.8485753539633], [-33.51802729819878, 154.5146153540155], [-33.22445989087175, 154.8485753539633], [-31.071632236676624, 155.96177535392115], [-31.658767051330692, 157.074975353879], [-32.637325075870024, 159.07873535396135]]]}, "properties": {"id": 94, "height_m": 15.0, "levels": 5, "category": "residencial", "extrude": true, "manzana_id": 8}}, {"type": "Feature", "geometry": {"type": "Polygon", "coordinates": [[[-34.59444112529634, 153.84669535411987], [-35.67085495204625, 152.28821535409978], [-28.429525570385668, 146.49957535408163], [-28.135958163058632, 146.3882553539672], [-27.940246557942174, 146.27693535385276], [-27.450967545846336, 146.27693535385276], [-26.57026532351758, 147.50145535392505], [-28.62523717515447, 151.28633535386086], [-30.386641619464328, 154.73725535384887], [-32.34375766854299, 153.17877535382877], [-33.51802729819878, 154.5146153540155], [-34.203017915411074, 153.624055353891], [-34.59444112529634, 153.84669535411987]]]}, "properties": {"id": 95, "height_m": 12.0, "levels": 4, "category": "residencial", "extrude": true, "manzana_id": 8}}, {"type": "Feature", "geometry": {"type": "Polygon", "coordinates": [[[-31.071632236676624, 155.96177535392115], [-33.22445989087175, 154.8485753539633], [-33.51802729819878, 154.5146153540155], [-32.34375766854299, 153.17877535382877], [-30.386641619464328, 154.73725535384887], [-31.071632236676624, 155.96177535392115]]]}, "properties": {"id": 97, "height_m": 12.0, "levels": 4, "category": "residencial", "extrude": true, "manzana_id": 8}}, {"type": "Feature", "geometry": {"type": "Polygon", "coordinates": [[[-28.62523717515447, 151.28633535386086], [-28.135958163058632, 151.50897535408973], [-31.169488039234853, 157.29761535410788], [-31.658767051330692, 157.074975353879], [-31.071632236676624, 155.96177535392115], [-30.386641619464328, 154.73725535384887], [-28.62523717515447, 151.28633535386086]]]}, "properties": {"id": 98, "height_m": 9.0, "levels": 3, "category": "residencial", "extrude": true, "manzana_id": 8}}, {"type": "Feature", "geometry": {"type": "Polygon", "coordinates": [[[-40.172221865205294, 165.09001535420836], [-39.6829428527618, 165.98057535393735], [-39.878654457878255, 166.31453535388516], [-41.44434729707166, 169.09753535397755], [-42.03148211207338, 168.42961535408193], [-42.42290532161099, 167.87301535390526], [-43.30360754393974, 166.7598153539474], [-43.89074235859381, 166.0918953540518], [-41.44434729707166, 164.19945535408388], [-42.91218433405448, 162.41833535383492], [-42.03148211207338, 161.7504153539393], [-40.074366062647066, 164.19945535408388], [-39.878654457878255, 164.42209535391726], [-40.172221865205294, 165.09001535420836]]]}, "properties": {"id": 99, "height_m": 9.0, "levels": 3, "category": "residencial", "extrude": true, "manzana_id": 8}}, {"type": "Feature", "geometry": {"type": "Polygon", "coordinates": [[[-40.172221865205294, 165.09001535420836], [-39.878654457878255, 164.42209535391726], [-40.074366062647066, 164.19945535408388], [-42.03148211207338, 161.7504153539393], [-42.91218433405448, 162.41833535383492], [-45.260723593018405, 164.3107753541983], [-47.5114070494241, 161.52777535410593], [-47.022128037328265, 161.19381535415812], [-46.53284902488477, 160.74853535409588], [-40.661500877648784, 156.29573535386896], [-35.181575939950406, 163.75417535402164], [-39.095808038107734, 172.1031753539033], [-41.44434729707166, 169.09753535397755], [-39.878654457878255, 166.31453535388516], [-39.6829428527618, 165.98057535393735], [-40.172221865205294, 165.09001535420836]]]}, "properties": {"id": 100, "height_m": 6.0, "levels": 2, "category": "residencial", "extrude": true, "manzana_id": 8}}, {"type": "Feature", "geometry": {"type": "Polygon", "coordinates": [[[-48.39210927175286, 196.37093535393376], [-58.275545320052046, 192.1407753539357], [-58.07983371493559, 191.91813535410233], [-57.59055470283975, 191.4728553540401], [-54.75273643143233, 189.35777535384332], [-51.32778334537085, 190.91625535386342], [-50.05565791350448, 188.13325535416652], [-49.66423470361922, 188.24457535388547], [-49.37066729629219, 187.68797535410428], [-46.04357001278893, 189.35777535384332], [-46.92427223477004, 191.13889535409228], [-46.14142581499951, 191.4728553540401], [-48.39210927175286, 196.37093535393376]]]}, "properties": {"id": 101, "height_m": 6.0, "levels": 2, "category": "residencial", "extrude": true, "manzana_id": 8}}, {"type": "Feature", "geometry": {"type": "Polygon", "coordinates": [[[-44.086453963362615, 187.1313753539276], [-44.477877173247876, 186.90873535409423], [-44.086453963362615, 186.12949535408418], [-44.869300383133144, 185.68421535402194], [-45.260723593018405, 186.57477535414642], [-48.88138828384869, 184.79365535389746], [-47.11998383953884, 183.45781535410623], [-45.945714210230705, 182.56725535398175], [-44.96715618569137, 181.7880153539717], [-44.477877173247876, 181.4540553540239], [-43.98859816115204, 181.12009535407608], [-43.98859816115204, 181.00877535396165], [-42.61861692672745, 180.00689535411823], [-42.61861692672745, 180.00689535411823], [-41.73791470439869, 179.33897535382712], [-41.73791470439869, 179.33897535382712], [-41.640058902188116, 179.33897535382712], [-40.955068284975816, 180.2295353539516], [-40.85721248241759, 180.34085535406604], [-44.086453963362615, 187.1313753539276]]]}, "properties": {"id": 102, "height_m": 6.0, "levels": 2, "category": "residencial", "extrude": true, "manzana_id": 8}}, {"type": "Feature", "geometry": {"type": "Polygon", "coordinates": [[[-43.59717495126678, 187.35401535415647], [-44.086453963362615, 187.1313753539276], [-40.85721248241759, 180.34085535406604], [-40.563645075090555, 180.78613535412828], [-40.75935667985936, 181.23141535419052], [-40.955068284975816, 181.56537535413833], [-43.59717495126678, 187.35401535415647]]]}, "properties": {"id": 103, "height_m": 9.0, "levels": 3, "category": "residencial", "extrude": true, "manzana_id": 8}}, {"type": "Feature", "geometry": {"type": "Polygon", "coordinates": [[[-50.05565791350448, 188.13325535416652], [-51.91491816002492, 187.24269535404204], [-51.719206555256115, 187.02005535420867], [-51.425639147929076, 186.7974153539798], [-49.37066729629219, 187.68797535410428], [-49.66423470361922, 188.24457535388547], [-50.05565791350448, 188.13325535416652]]]}, "properties": {"id": 104, "height_m": 9.0, "levels": 3, "category": "residencial", "extrude": true, "manzana_id": 8}}, {"type": "Feature", "geometry": {"type": "Polygon", "coordinates": [[[-49.37066729629219, 187.68797535410428], [-51.425639147929076, 186.7974153539798], [-50.251369518273286, 185.90685535385532], [-49.76209050617745, 185.46157535418857], [-48.58782087652166, 186.01817535396975], [-49.37066729629219, 187.68797535410428]]]}, "properties": {"id": 105, "height_m": 12.0, "levels": 4, "category": "residencial", "extrude": true, "manzana_id": 8}}, {"type": "Feature", "geometry": {"type": "Polygon", "coordinates": [[[-49.37066729629219, 187.68797535410428], [-48.58782087652166, 186.01817535396975], [-49.76209050617745, 185.46157535418857], [-49.17495569117573, 185.12761535384527], [-48.88138828384869, 184.79365535389746], [-45.260723593018405, 186.57477535414642], [-44.869300383133144, 185.68421535402194], [-44.086453963362615, 186.12949535408418], [-44.477877173247876, 186.90873535409423], [-44.086453963362615, 187.1313753539276], [-46.14142581499951, 191.4728553540401], [-46.92427223477004, 191.13889535409228], [-46.04357001278893, 189.35777535384332], [-49.37066729629219, 187.68797535410428]]]}, "properties": {"id": 106, "height_m": 9.0, "levels": 3, "category": "residencial", "extrude": true, "manzana_id": 8}}, {"type": "Feature", "geometry": {"type": "Polygon", "coordinates": [[[-40.563645075090555, 180.78613535412828], [-40.172221865205294, 181.23141535419052], [-47.5114070494241, 196.816215353996], [-48.00068606186759, 196.59357535416262], [-47.90283025930936, 196.4822553540482], [-47.70711865454056, 195.92565535387152], [-45.652146802903665, 191.69549535387347], [-45.162867790460176, 190.69361535403004], [-44.575732975806105, 189.35777535384332], [-44.3800213710373, 188.91249535417657], [-44.086453963362615, 188.3558953539999], [-43.59717495126678, 187.35401535415647], [-40.955068284975816, 181.56537535413833], [-40.75935667985936, 181.23141535419052], [-40.563645075090555, 180.78613535412828]]]}, "properties": {"id": 107, "height_m": 3.0, "levels": 1, "category": "residencial", "extrude": true, "manzana_id": 8}}, {"type": "Feature", "geometry": {"type": "Polygon", "coordinates": [[[-48.00068606186759, 196.59357535416262], [-48.39210927175286, 196.37093535393376], [-46.14142581499951, 191.4728553540401], [-45.652146802903665, 191.69549535387347], [-47.70711865454056, 195.92565535387152], [-47.90283025930936, 196.4822553540482], [-48.00068606186759, 196.59357535416262]]]}, "properties": {"id": 108, "height_m": 9.0, "levels": 3, "category": "residencial", "extrude": true, "manzana_id": 8}}, {"type": "Feature", "geometry": {"type": "Polygon", "coordinates": [[[-45.652146802903665, 191.69549535387347], [-46.14142581499951, 191.4728553540401], [-44.086453963362615, 187.1313753539276], [-43.59717495126678, 187.35401535415647], [-44.086453963362615, 188.3558953539999], [-44.3800213710373, 188.91249535417657], [-44.575732975806105, 189.35777535384332], [-45.162867790460176, 190.69361535403004], [-45.652146802903665, 191.69549535387347]]]}, "properties": {"id": 109, "height_m": 9.0, "levels": 3, "category": "residencial", "extrude": true, "manzana_id": 8}}, {"type": "Feature", "geometry": {"type": "Polygon", "coordinates": [[[-54.75273643143233, 202.1595753539519], [-55.731294455971664, 201.71429535388967], [-56.22057346841516, 201.4916553540563], [-56.709852480510996, 201.26901535382743], [-58.76482433214789, 200.37845535409843], [-57.492698900281525, 197.81809535383942], [-54.75273643143233, 199.15393535402615], [-53.57846680177654, 199.82185535392176], [-54.75273643143233, 202.1595753539519]]]}, "properties": {"id": 110, "height_m": 6.0, "levels": 2, "category": "residencial", "extrude": true, "manzana_id": 8}}, {"type": "Feature", "geometry": {"type": "Polygon", "coordinates": [[[-58.76482433214789, 200.37845535409843], [-59.44981494936018, 199.9331753540362], [-59.93909396180368, 199.71053535420282], [-61.406930998438845, 199.0426153539117], [-61.89621001088234, 198.81997535407834], [-62.483344825536406, 198.59733535384947], [-62.972623837979896, 198.3746953540161], [-60.81979618378478, 193.14265535417462], [-60.13480556657248, 192.58605535399795], [-59.05839173947492, 191.8068153539879], [-58.275545320052046, 192.1407753539357], [-49.957802110946254, 195.70301535403814], [-53.38275519700774, 202.82749535384752], [-54.75273643143233, 202.1595753539519], [-53.57846680177654, 199.82185535392176], [-54.75273643143233, 199.15393535402615], [-53.774178406893, 197.26149535405824], [-56.416285073183964, 195.81433535415258], [-57.492698900281525, 197.81809535383942], [-58.76482433214789, 200.37845535409843]]]}, "properties": {"id": 111, "height_m": 3.0, "levels": 1, "category": "residencial", "extrude": true, "manzana_id": 8}}, {"type": "Feature", "geometry": {"type": "Polygon", "coordinates": [[[-56.416285073183964, 209.39537535387572], [-68.84397198521589, 203.60673535385757], [-67.18042334346426, 200.15581535386957], [-62.67905643030521, 202.27089535406634], [-61.30907519622827, 199.15393535402615], [-59.93909396180368, 199.71053535420282], [-59.44981494936018, 199.9331753540362], [-56.709852480510996, 201.26901535382743], [-56.22057346841516, 201.4916553540563], [-55.731294455971664, 201.71429535388967], [-53.38275519700774, 202.82749535384752], [-56.416285073183964, 209.39537535387572]]]}, "properties": {"id": 112, "height_m": 3.0, "levels": 1, "category": "residencial", "extrude": true, "manzana_id": 8}}, {"type": "Feature", "geometry": {"type": "Polygon", "coordinates": [[[-68.45254877533063, 211.28781535384363], [-69.72467420754464, 210.619895353948], [-67.47399075079129, 205.49917535382548], [-66.98471173869545, 204.38597535386762], [-60.81979618378478, 207.28029535407444], [-61.79835420832411, 209.39537535387572], [-63.75547025740277, 213.62553535387377], [-66.69114433136842, 212.1783753539681], [-67.37613494858071, 211.8444153540203], [-66.88685593613722, 210.50857535383358], [-67.96326976323478, 210.06329535416683], [-68.45254877533063, 211.28781535384363]]]}, "properties": {"id": 113, "height_m": 6.0, "levels": 2, "category": "residencial", "extrude": true, "manzana_id": 8}}, {"type": "Feature", "geometry": {"type": "Polygon", "coordinates": [[[-59.44981494936018, 215.74061535407054], [-63.266191245306935, 213.84817535410264], [-63.75547025740277, 213.62553535387377], [-61.79835420832411, 209.39537535387572], [-57.394843097723296, 211.39913535395806], [-59.44981494936018, 215.74061535407054]]]}, "properties": {"id": 114, "height_m": 9.0, "levels": 3, "category": "residencial", "extrude": true, "manzana_id": 8}}, {"type": "Feature", "geometry": {"type": "Polygon", "coordinates": [[[-57.394843097723296, 211.39913535395806], [-61.79835420832411, 209.39537535387572], [-60.81979618378478, 207.28029535407444], [-56.416285073183964, 209.39537535387572], [-57.394843097723296, 211.39913535395806]]]}, "properties": {"id": 115, "height_m": 12.0, "levels": 4, "category": "residencial", "extrude": true, "manzana_id": 8}}, {"type": "Feature", "geometry": {"type": "Polygon", "coordinates": [[[-69.72467420754464, 210.619895353948], [-71.38822284929627, 209.84065535393796], [-70.80108803429455, 209.84065535393796], [-71.09465544196924, 209.28405535415678], [-70.21395321964047, 207.05765535384558], [-69.23539519510115, 204.6086153540965], [-67.47399075079129, 205.49917535382548], [-69.72467420754464, 210.619895353948]]]}, "properties": {"id": 116, "height_m": 9.0, "levels": 3, "category": "residencial", "extrude": true, "manzana_id": 8}}, {"type": "Feature", "geometry": {"type": "Polygon", "coordinates": [[[-68.84397198521589, 216.96513535414283], [-67.57184655334952, 214.070815353936], [-66.69114433136842, 212.1783753539681], [-63.266191245306935, 213.84817535410264], [-59.44981494936018, 215.74061535407054], [-60.81979618378478, 218.63493535388187], [-64.63617247973153, 216.63117535419502], [-65.51687470171262, 218.63493535388187], [-65.9082979115979, 218.52361535416293], [-68.74611618300531, 217.07645535386177], [-68.94182778777412, 217.07645535386177], [-68.84397198521589, 216.96513535414283]]]}, "properties": {"id": 117, "height_m": 6.0, "levels": 2, "category": "residencial", "extrude": true, "manzana_id": 8}}, {"type": "Feature", "geometry": {"type": "Polygon", "coordinates": [[[-61.70049840576588, 220.52737535384978], [-65.51687470171262, 218.63493535388187], [-64.63617247973153, 216.63117535419502], [-60.81979618378478, 218.63493535388187], [-61.70049840576588, 220.52737535384978]]]}, "properties": {"id": 118, "height_m": 9.0, "levels": 3, "category": "residencial", "extrude": true, "manzana_id": 8}}, {"type": "Feature", "geometry": {"type": "Polygon", "coordinates": [[[-74.12818531814546, 214.18213535405044], [-73.44319470093316, 213.0689353540926], [-71.77964605918153, 209.84065535393796], [-71.6817902566233, 209.84065535393796], [-71.38822284929627, 209.84065535393796], [-66.69114433136842, 212.1783753539681], [-67.57184655334952, 214.070815353936], [-70.21395321964047, 212.84629535386372], [-71.38822284929627, 215.6292953539561], [-71.48607865150684, 215.85193535418497], [-71.58393445406507, 215.74061535407054], [-74.32389692291426, 214.51609535399825], [-74.12818531814546, 214.18213535405044]]]}, "properties": {"id": 119, "height_m": 9.0, "levels": 3, "category": "residencial", "extrude": true, "manzana_id": 8}}, {"type": "Feature", "geometry": {"type": "Polygon", "coordinates": [[[-63.75547025740277, 225.09149535419112], [-67.37613494858071, 223.31037535394216], [-65.9082979115979, 220.19341535390197], [-62.2876332207676, 221.8632153540365], [-63.75547025740277, 225.09149535419112]]]}, "properties": {"id": 120, "height_m": 6.0, "levels": 2, "category": "residencial", "extrude": true, "manzana_id": 8}}, {"type": "Feature", "geometry": {"type": "Polygon", "coordinates": [[[-67.37613494858071, 223.31037535394216], [-76.37886877455115, 219.0802153539441], [-76.47672457710938, 218.96889535382968], [-74.42175272547249, 214.40477535388382], [-74.32389692291426, 214.51609535399825], [-72.26892507127737, 215.40665535412273], [-73.34533889837493, 217.74437535415288], [-70.3118090221987, 219.19153535405854], [-67.47399075079129, 220.52737535384978], [-67.08256754090603, 219.63681535412078], [-65.9082979115979, 220.19341535390197], [-67.37613494858071, 223.31037535394216]]]}, "properties": {"id": 121, "height_m": 3.0, "levels": 1, "category": "residencial", "extrude": true, "manzana_id": 8}}, {"type": "Feature", "geometry": {"type": "Polygon", "coordinates": [[[-62.2876332207676, 221.8632153540365], [-65.9082979115979, 220.19341535390197], [-65.22330729438559, 218.85757535411074], [-61.70049840576588, 220.52737535384978], [-62.2876332207676, 221.8632153540365]]]}, "properties": {"id": 122, "height_m": 9.0, "levels": 3, "category": "residencial", "extrude": true, "manzana_id": 8}}, {"type": "Feature", "geometry": {"type": "Polygon", "coordinates": [[[-65.9082979115979, 220.19341535390197], [-67.08256754090603, 219.63681535412078], [-67.47399075079129, 220.52737535384978], [-70.3118090221987, 219.19153535405854], [-69.23539519510115, 216.8538153540284], [-68.74611618300531, 217.07645535386177], [-65.9082979115979, 218.52361535416293], [-65.51687470171262, 218.63493535388187], [-65.22330729438559, 218.85757535411074], [-65.9082979115979, 220.19341535390197]]]}, "properties": {"id": 123, "height_m": 6.0, "levels": 2, "category": "residencial", "extrude": true, "manzana_id": 8}}, {"type": "Feature", "geometry": {"type": "Polygon", "coordinates": [[[-76.47672457710938, 218.96889535382968], [-76.96600358920522, 218.7462553539963], [-78.33598482362981, 218.0783353541007], [-76.18315716978235, 213.62553535387377], [-74.42175272547249, 214.40477535388382], [-76.47672457710938, 218.96889535382968]]]}, "properties": {"id": 124, "height_m": 6.0, "levels": 2, "category": "residencial", "extrude": true, "manzana_id": 8}}, {"type": "Feature", "geometry": {"type": "Polygon", "coordinates": [[[-77.16171519432167, 220.75001535407864], [-79.99953346538145, 219.41417535389192], [-79.90167766317087, 219.30285535417298], [-79.11883124340034, 216.74249535391397], [-78.92311963828388, 216.29721535385173], [-78.8252638360733, 217.07645535386177], [-78.72740803351508, 217.96701535398626], [-76.37886877455115, 219.0802153539441], [-77.16171519432167, 220.75001535407864]]]}, "properties": {"id": 125, "height_m": 6.0, "levels": 2, "category": "residencial", "extrude": true, "manzana_id": 8}}, {"type": "Feature", "geometry": {"type": "Polygon", "coordinates": [[[-75.40031075001183, 225.6480953539723], [-78.72740803351508, 224.0896153539522], [-78.62955223095685, 223.7556553540044], [-78.53169642874627, 223.64433535388997], [-78.43384062618804, 223.4216953540566], [-78.33598482362981, 223.4216953540566], [-77.16171519432167, 220.75001535407864], [-76.37886877455115, 219.0802153539441], [-63.75547025740277, 225.09149535419112], [-66.00615371415613, 230.10089535419922], [-71.6817902566233, 227.42921535382578], [-70.3118090221987, 224.75753535384783], [-74.03032951558723, 222.97641535399435], [-75.40031075001183, 225.6480953539723]]]}, "properties": {"id": 126, "height_m": 3.0, "levels": 1, "category": "residencial", "extrude": true, "manzana_id": 8}}, {"type": "Feature", "geometry": {"type": "Polygon", "coordinates": [[[-75.1067433426848, 225.75941535408674], [-66.00615371415613, 230.10089535419922], [-68.74611618300531, 236.22349535416518], [-75.20459914489537, 233.4404953540728], [-73.7367621082602, 230.21221535391817], [-76.57458037931995, 228.98769535384588], [-78.04241741630278, 232.2159753540005], [-82.93520753934709, 230.10089535419922], [-82.83735173678886, 229.87825535397036], [-82.73949593423063, 229.65561535413698], [-82.54378432946183, 229.21033535407474], [-82.54378432946183, 229.21033535407474], [-81.7609379096913, 227.42921535382578], [-81.7609379096913, 227.42921535382578], [-81.56522630492249, 226.98393535415903], [-80.1952450704979, 227.42921535382578], [-78.72740803351508, 224.0896153539522], [-75.1067433426848, 225.75941535408674]]]}, "properties": {"id": 127, "height_m": 3.0, "levels": 1, "category": "residencial", "extrude": true, "manzana_id": 8}}, {"type": "Feature", "geometry": {"type": "Polygon", "coordinates": [[[-75.88958976210766, 233.106535354125], [-68.74611618300531, 236.22349535416518], [-70.60537642952575, 240.56497535388218], [-71.09465544196924, 240.45365535416323], [-74.32389692291426, 239.00649535386208], [-77.84670581153398, 237.44801535384198], [-75.88958976210766, 233.106535354125]]]}, "properties": {"id": 128, "height_m": 3.0, "levels": 1, "category": "residencial", "extrude": true, "manzana_id": 8}}, {"type": "Feature", "geometry": {"type": "Polygon", "coordinates": [[[-81.17380309503723, 236.00085535393632], [-81.95664951446011, 235.6668953539885], [-84.79446778586752, 234.44237535391622], [-84.79446778586752, 234.33105535419728], [-84.59875618109872, 233.7744553540206], [-84.40304457598226, 233.4404953540728], [-82.93520753934709, 230.10089535419922], [-75.88958976210766, 233.106535354125], [-76.47672457710938, 234.55369535403065], [-79.11883124340034, 233.4404953540728], [-79.99953346538145, 233.55181535418723], [-81.17380309503723, 236.00085535393632]]]}, "properties": {"id": 129, "height_m": 6.0, "levels": 2, "category": "residencial", "extrude": true, "manzana_id": 8}}, {"type": "Feature", "geometry": {"type": "Polygon", "coordinates": [[[-76.96600358920522, 242.12345535390227], [-80.1952450704979, 240.56497535388218], [-79.11883124340034, 238.33857535396646], [-79.99953346538145, 237.89329535390422], [-79.41239865072737, 236.78009535394636], [-78.92311963828388, 237.00273535417523], [-74.32389692291426, 239.00649535386208], [-75.00888754012657, 240.3423353540488], [-75.88958976210766, 239.78573535387213], [-76.96600358920522, 242.12345535390227]]]}, "properties": {"id": 130, "height_m": 15.0, "levels": 5, "category": "residencial", "extrude": true, "manzana_id": 8}}, {"type": "Feature", "geometry": {"type": "Polygon", "coordinates": [[[-81.46737050236426, 243.34797535397456], [-83.42448655144293, 242.45741535385008], [-87.53443025471671, 240.45365535416323], [-87.24086284738968, 239.89705535398656], [-86.16444902029211, 237.33669535412304], [-85.96873741552331, 236.8914153540608], [-83.81590976132819, 237.89329535390422], [-82.54378432946183, 235.3329353540407], [-81.95664951446011, 235.6668953539885], [-79.41239865072737, 236.78009535394636], [-79.99953346538145, 237.89329535390422], [-79.11883124340034, 238.33857535396646], [-80.1952450704979, 240.56497535388218], [-81.46737050236426, 243.34797535397456]]]}, "properties": {"id": 131, "height_m": 12.0, "levels": 4, "category": "residencial", "extrude": true, "manzana_id": 8}}, {"type": "Feature", "geometry": {"type": "Polygon", "coordinates": [[[-74.51960852768306, 246.68757535384813], [-75.40031075001183, 246.24229535418138], [-73.7367621082602, 242.68005535407895], [-72.75820408372087, 243.12533535414119], [-74.51960852768306, 246.68757535384813]]]}, "properties": {"id": 132, "height_m": 15.0, "levels": 5, "category": "residencial", "extrude": true, "manzana_id": 8}}, {"type": "Feature", "geometry": {"type": "Polygon", "coordinates": [[[-75.40031075001183, 246.24229535418138], [-77.16171519432167, 245.46305535417133], [-78.33598482362981, 244.90645535399466], [-76.96600358920522, 242.12345535390227], [-75.88958976210766, 239.78573535387213], [-75.00888754012657, 240.3423353540488], [-74.32389692291426, 239.00649535386208], [-71.09465544196924, 240.45365535416323], [-70.60537642952575, 240.56497535388218], [-73.54105050314374, 247.13285535391037], [-74.22604112035603, 246.79889535396256], [-74.51960852768306, 246.68757535384813], [-72.75820408372087, 243.12533535414119], [-73.7367621082602, 242.68005535407895], [-75.40031075001183, 246.24229535418138]]]}, "properties": {"id": 133, "height_m": 12.0, "levels": 4, "category": "residencial", "extrude": true, "manzana_id": 8}}, {"type": "Feature", "geometry": {"type": "Polygon", "coordinates": [[[-76.28101297199292, 253.36677535399076], [-76.86814778699464, 253.03281535404295], [-83.62019815655938, 249.91585535400276], [-86.45801642761916, 248.4686953540971], [-90.2743927235659, 246.68757535384813], [-90.07868111844944, 246.24229535418138], [-89.19797889646834, 244.23853535409904], [-88.80655568658308, 243.459295354089], [-88.12156506937077, 241.78949535395446], [-88.0237092671602, 241.5668553541211], [-87.82799766204374, 241.23289535417328], [-87.63228605727494, 240.6762953539966], [-87.53443025471671, 240.45365535416323], [-83.42448655144293, 242.45741535385008], [-84.50090037854049, 244.79513535388023], [-81.36951469980603, 246.24229535418138], [-82.05450531701834, 247.68945535408704], [-78.72740803351508, 249.3592553538261], [-76.86814778699464, 245.57437535389028], [-74.22604112035603, 246.79889535396256], [-73.54105050314374, 247.13285535391037], [-74.22604112035603, 248.69133535393047], [-74.61746433024129, 249.47057535394052], [-76.28101297199292, 253.36677535399076]]]}, "properties": {"id": 134, "height_m": 12.0, "levels": 4, "category": "residencial", "extrude": true, "manzana_id": 8}}, {"type": "Feature", "geometry": {"type": "Polygon", "coordinates": [[[-81.36951469980603, 246.24229535418138], [-84.50090037854049, 244.79513535388023], [-83.42448655144293, 242.45741535385008], [-80.97809148992077, 243.57061535420343], [-80.29310087270848, 243.90457535415123], [-81.36951469980603, 246.24229535418138]]]}, "properties": {"id": 135, "height_m": 3.0, "levels": 1, "category": "residencial", "extrude": true, "manzana_id": 8}}, {"type": "Feature", "geometry": {"type": "Polygon", "coordinates": [[[-76.86814778699464, 245.57437535389028], [-78.72740803351508, 249.3592553538261], [-82.05450531701834, 247.68945535408704], [-81.36951469980603, 246.24229535418138], [-80.29310087270848, 243.90457535415123], [-77.16171519432167, 245.46305535417133], [-76.86814778699464, 245.57437535389028]]]}, "properties": {"id": 136, "height_m": 15.0, "levels": 5, "category": "residencial", "extrude": true, "manzana_id": 8}}, {"type": "Feature", "geometry": {"type": "Polygon", "coordinates": [[[-73.54105050314374, 247.13285535391037], [-72.17106926871914, 247.80077535420148], [-71.77964605918153, 248.02341535403485], [-72.5624924786044, 249.80453535388833], [-74.32389692291426, 253.70073535393857], [-74.51960852768306, 254.25733535411524], [-75.1067433426848, 253.92337535416743], [-76.28101297199292, 253.36677535399076], [-74.61746433024129, 249.47057535394052], [-74.22604112035603, 248.69133535393047], [-73.54105050314374, 247.13285535391037]]]}, "properties": {"id": 137, "height_m": 9.0, "levels": 3, "category": "residencial", "extrude": true, "manzana_id": 8}}, {"type": "Feature", "geometry": {"type": "Polygon", "coordinates": [[[-79.11883124340034, 260.04597535413336], [-79.99953346538145, 259.60069535407115], [-82.2502169221348, 258.59881535383226], [-79.21668704595857, 251.9196153540851], [-76.86814778699464, 253.03281535404295], [-76.28101297199292, 253.36677535399076], [-79.11883124340034, 260.04597535413336]]]}, "properties": {"id": 138, "height_m": 6.0, "levels": 2, "category": "residencial", "extrude": true, "manzana_id": 8}}, {"type": "Feature", "geometry": {"type": "Polygon", "coordinates": [[[-84.40304457598226, 253.92337535416743], [-85.87088161296508, 257.15165535392657], [-86.65372803273561, 256.81769535397876], [-93.50363420451093, 253.92337535416743], [-92.72078778508805, 252.14225535391847], [-90.95938334077819, 248.24605535386823], [-90.95938334077819, 248.13473535414929], [-86.36016062506091, 250.24981535395057], [-86.75158383494619, 251.02905535396062], [-87.24086284738968, 252.03093535419953], [-87.43657445215848, 252.47621535386628], [-84.40304457598226, 253.92337535416743]]]}, "properties": {"id": 139, "height_m": 6.0, "levels": 2, "category": "residencial", "extrude": true, "manzana_id": 8}}, {"type": "Feature", "geometry": {"type": "Polygon", "coordinates": [[[-88.61084408181426, 247.46681535385818], [-86.45801642761916, 248.4686953540971], [-85.77302581040685, 248.8026553540449], [-86.36016062506091, 250.24981535395057], [-89.19797889646834, 248.91397535415933], [-88.61084408181426, 247.46681535385818]]]}, "properties": {"id": 140, "height_m": 9.0, "levels": 3, "category": "residencial", "extrude": true, "manzana_id": 8}}, {"type": "Feature", "geometry": {"type": "Polygon", "coordinates": [[[-82.73949593423063, 250.24981535395057], [-79.21668704595857, 251.9196153540851], [-82.2502169221348, 258.59881535383226], [-83.42448655144293, 258.15353535416546], [-85.87088161296508, 257.15165535392657], [-82.73949593423063, 250.24981535395057]]]}, "properties": {"id": 141, "height_m": 9.0, "levels": 3, "category": "residencial", "extrude": true, "manzana_id": 8}}, {"type": "Feature", "geometry": {"type": "Polygon", "coordinates": [[[-94.38433642683968, 248.02341535403485], [-94.48219222905026, 248.35737535398266], [-96.24359667336012, 252.69885535409514], [-96.34145247591835, 252.69885535409514], [-96.92858729057241, 252.47621535386628], [-97.6135779077847, 252.14225535391847], [-98.1028569202282, 251.9196153540851], [-97.90714531511175, 251.36301535390842], [-96.34145247591835, 247.68945535408704], [-96.14574087114954, 247.46681535385818], [-94.38433642683968, 248.02341535403485]]]}, "properties": {"id": 142, "height_m": 9.0, "levels": 3, "category": "residencial", "extrude": true, "manzana_id": 8}}, {"type": "Feature", "geometry": {"type": "Polygon", "coordinates": [[[-88.0237092671602, 234.1084153539684], [-89.19797889646834, 237.11405535389417], [-86.55587223017739, 238.1159353541331], [-86.55587223017739, 238.33857535396646], [-87.24086284738968, 239.89705535398656], [-87.53443025471671, 240.45365535416323], [-92.32936457520279, 238.33857535396646], [-88.219420871929, 228.87637535412694], [-87.53443025471671, 227.42921535382578], [-87.33871864994791, 226.8726153540446], [-87.24086284738968, 226.64997535421122], [-82.34807272434537, 228.7650553540125], [-82.4459285269036, 229.0990153539603], [-82.54378432946183, 229.21033535407474], [-82.54378432946183, 229.21033535407474], [-82.73949593423063, 229.65561535413698], [-83.22877494667412, 230.88013535420927], [-84.40304457598226, 233.4404953540728], [-84.50090037854049, 233.66313535390617], [-84.59875618109872, 233.7744553540206], [-84.79446778586752, 234.33105535419728], [-84.99017939098398, 234.77633535386403], [-85.18589099575279, 235.22161535392627], [-88.0237092671602, 234.1084153539684]]]}, "properties": {"id": 143, "height_m": 3.0, "levels": 1, "category": "residencial", "extrude": true, "manzana_id": 8}}, {"type": "Feature", "geometry": {"type": "Polygon", "coordinates": [[[-90.37224852612412, 239.22913535409094], [-87.53443025471671, 240.45365535416323], [-87.63228605727494, 240.6762953539966], [-87.82799766204374, 241.23289535417328], [-88.0237092671602, 241.5668553541211], [-88.12156506937077, 241.78949535395446], [-88.80655568658308, 243.459295354089], [-89.10012309391011, 243.90457535415123], [-89.19797889646834, 244.1272153539846], [-92.13365297008633, 243.01401535402675], [-90.37224852612412, 239.22913535409094]]]}, "properties": {"id": 144, "height_m": 9.0, "levels": 3, "category": "residencial", "extrude": true, "manzana_id": 8}}, {"type": "Feature", "geometry": {"type": "Polygon", "coordinates": [[[-92.13365297008633, 243.01401535402675], [-93.30792259974211, 245.90833535383808], [-90.4701043283347, 247.02153535419143], [-90.4701043283347, 247.13285535391037], [-90.95938334077819, 248.24605535386823], [-91.54651815543227, 249.47057535394052], [-91.74222976054872, 249.91585535400276], [-91.8400855627593, 250.13849535383613], [-92.72078778508805, 252.14225535391847], [-93.50363420451093, 253.92337535416743], [-96.24359667336012, 252.69885535409514], [-94.48219222905026, 248.35737535398266], [-94.38433642683968, 248.02341535403485], [-96.14574087114954, 247.46681535385818], [-95.95002926603308, 247.02153535419143], [-95.75431766126428, 246.46493535401476], [-92.81864358729862, 239.45177535392432], [-92.32936457520279, 238.33857535396646], [-90.37224852612412, 239.22913535409094], [-92.13365297008633, 243.01401535402675]]]}, "properties": {"id": 145, "height_m": 6.0, "levels": 2, "category": "residencial", "extrude": true, "manzana_id": 8}}, {"type": "Feature", "geometry": {"type": "Polygon", "coordinates": [[[-91.44866235287404, 236.44613535399856], [-97.90714531511175, 251.36301535390842], [-98.1028569202282, 251.9196153540851], [-98.59213593232404, 251.69697535385623], [-102.40851222827078, 250.13849535383613], [-102.70207963559783, 250.0271753541172], [-102.70207963559783, 249.91585535400276], [-99.57069395686337, 242.34609535413114], [-98.59213593232404, 240.11969535421542], [-98.59213593232404, 240.008375354101], [-96.34145247591835, 234.21973535408284], [-96.34145247591835, 234.21973535408284], [-96.34145247591835, 233.99709535385398], [-96.14574087114954, 234.1084153539684], [-95.46075025393723, 234.44237535391622], [-91.44866235287404, 236.44613535399856]]]}, "properties": {"id": 146, "height_m": 3.0, "levels": 1, "category": "residencial", "extrude": true, "manzana_id": 8}}, {"type": "Feature", "geometry": {"type": "Polygon", "coordinates": [[[-93.11221099462566, 226.98393535415903], [-90.66581593345116, 228.0971353541169], [-93.01435519241508, 233.21785535384393], [-95.46075025393723, 232.10465535388607], [-93.11221099462566, 226.98393535415903], [-93.11221099462566, 226.98393535415903]]]}, "properties": {"id": 147, "height_m": 3.0, "levels": 1, "category": "residencial", "extrude": true, "manzana_id": 8}}, {"type": "Feature", "geometry": {"type": "Polygon", "coordinates": [[[-100.05997296930686, 243.57061535420343], [-102.70207963559783, 249.91585535400276], [-102.99564704292486, 249.91585535400276], [-103.48492605536835, 249.69321535416938], [-106.90987914142983, 248.24605535386823], [-107.3013023513151, 248.02341535403485], [-107.39915815352568, 248.02341535403485], [-105.53989790700524, 242.79137535419338], [-104.5613398824659, 240.23101535393437], [-101.82137741361672, 241.34421535389222], [-102.31065642571255, 242.5687353539645], [-100.05997296930686, 243.57061535420343]]]}, "properties": {"id": 148, "height_m": 3.0, "levels": 1, "category": "residencial", "extrude": true, "manzana_id": 8}}, {"type": "Feature", "geometry": {"type": "Polygon", "coordinates": [[[-101.82137741361672, 241.34421535389222], [-104.5613398824659, 240.23101535393437], [-104.16991667258064, 239.00649535386208], [-102.6042238330396, 234.66501535414508], [-102.01708901838552, 233.21785535384393], [-101.82137741361672, 232.5499353539483], [-96.63501988324538, 234.77633535386403], [-98.59213593232404, 240.008375354101], [-98.59213593232404, 240.11969535421542], [-100.94067519128797, 239.22913535409094], [-101.82137741361672, 241.34421535389222]]]}, "properties": {"id": 149, "height_m": 6.0, "levels": 2, "category": "residencial", "extrude": true, "manzana_id": 8}}, {"type": "Feature", "geometry": {"type": "Polygon", "coordinates": [[[-95.16718284626255, 227.2065753539924], [-97.12429889568887, 226.31601535386793], [-95.26503864882078, 221.75189535392207], [-93.21006679718388, 222.64245535404655], [-95.16718284626255, 227.2065753539924]]]}, "properties": {"id": 150, "height_m": 3.0, "levels": 1, "category": "residencial", "extrude": true, "manzana_id": 8}}, {"type": "Feature", "geometry": {"type": "Polygon", "coordinates": [[[-107.4970139560839, 233.7744553540206], [-105.44204210444701, 227.76317535416908], [-105.34418630188878, 227.65185535405465], [-105.34418630188878, 227.76317535416908], [-105.05061889456175, 226.98393535415903], [-103.87634926525361, 223.64433535388997], [-101.0385309938462, 224.64621535412888], [-100.74496358651916, 223.86697535411884], [-100.74496358651916, 223.86697535411884], [-99.96211716674863, 224.9801753540767], [-99.37498235209456, 225.87073535420117], [-100.05997296930686, 227.76317535416908], [-100.74496358651916, 229.65561535413698], [-102.40851222827078, 228.98769535384588], [-103.77849346269538, 228.65373535389807], [-104.7570514872347, 231.65937535382383], [-101.82137741361672, 232.66125535406275], [-102.01708901838552, 233.21785535384393], [-102.6042238330396, 234.66501535414508], [-103.68063766013715, 237.5593353539564], [-106.02917691910108, 236.66877535383193], [-106.32274432642811, 236.557455354113], [-107.4970139560839, 239.67441535415318], [-109.35627420260434, 239.1178153539765], [-109.35627420260434, 239.1178153539765], [-107.4970139560839, 233.7744553540206]]]}, "properties": {"id": 151, "height_m": 6.0, "levels": 2, "category": "residencial", "extrude": true, "manzana_id": 8}}, {"type": "Feature", "geometry": {"type": "Polygon", "coordinates": [[[-110.72625543702893, 242.79137535419338], [-110.62839963481835, 242.68005535407895], [-109.5519858077208, 239.56309535403875], [-109.35627420260434, 239.1178153539765], [-109.35627420260434, 239.1178153539765], [-104.7570514872347, 240.6762953539966], [-105.53989790700524, 242.79137535419338], [-107.39915815352568, 248.02341535403485], [-109.7476974124896, 247.02153535419143], [-111.01982284470361, 246.46493535401476], [-111.60695765935768, 246.24229535418138], [-111.8026692641265, 246.13097535406695], [-111.90052506668472, 246.13097535406695], [-111.60695765935768, 245.24041535394247], [-109.94340901760606, 245.79701535411914], [-109.16056259783552, 243.459295354089], [-110.72625543702893, 242.79137535419338]]]}, "properties": {"id": 152, "height_m": 3.0, "levels": 1, "category": "residencial", "extrude": true, "manzana_id": 8}}, {"type": "Feature", "geometry": {"type": "Polygon", "coordinates": [[[-110.72625543702893, 242.79137535419338], [-109.16056259783552, 243.459295354089], [-109.94340901760606, 245.79701535411914], [-111.60695765935768, 245.24041535394247], [-111.60695765935768, 245.24041535394247], [-110.72625543702893, 242.79137535419338], [-110.72625543702893, 242.79137535419338]]]}, "properties": {"id": 153, "height_m": 6.0, "levels": 2, "category": "residencial", "extrude": true, "manzana_id": 8}}, {"type": "Feature", "geometry": {"type": "Polygon", "coordinates": [[[-111.90052506668472, 246.13097535406695], [-112.09623667145352, 246.01965535395252], [-116.49974778205434, 244.23853535409904], [-116.49974778205434, 244.1272153539846], [-114.34692012820688, 237.89329535390422], [-112.48765988133879, 238.56121535419533], [-113.56407370843634, 241.67817535384003], [-110.62839963481835, 242.68005535407895], [-111.90052506668472, 246.13097535406695]]]}, "properties": {"id": 154, "height_m": 6.0, "levels": 2, "category": "residencial", "extrude": true, "manzana_id": 8}}, {"type": "Feature", "geometry": {"type": "Polygon", "coordinates": [[[-108.1820045732962, 225.98205535392012], [-107.3013023513151, 225.3141353540245], [-106.32274432642811, 226.42733535398236], [-105.34418630188878, 227.65185535405465], [-105.44204210444701, 227.76317535416908], [-106.32274432642811, 230.43485535414703], [-106.42060012898634, 230.6574953539804], [-109.0627067952773, 229.76693535385593], [-110.13912062237486, 232.99521535401055], [-107.4970139560839, 233.7744553540206], [-109.5519858077208, 239.56309535403875], [-112.48765988133879, 238.56121535419533], [-114.34692012820688, 237.89329535390422], [-111.01982284470361, 228.31977535395026], [-111.01982284470361, 228.0971353541169], [-108.1820045732962, 225.98205535392012]]]}, "properties": {"id": 155, "height_m": 3.0, "levels": 1, "category": "residencial", "extrude": true, "manzana_id": 8}}, {"type": "Feature", "geometry": {"type": "Polygon", "coordinates": [[[-111.31339025203064, 228.54241535417913], [-111.11767864691419, 228.65373535389807], [-113.9554969183216, 236.78009535394636], [-114.05335272087984, 236.66877535383193], [-115.91261296740026, 236.00085535393632], [-114.83619914030271, 233.106535354125], [-117.5761616091519, 232.2159753540005], [-116.40189197984377, 228.65373535389807], [-113.9554969183216, 229.54429535402255], [-112.87908309122405, 226.64997535421122], [-111.31339025203064, 228.54241535417913]]]}, "properties": {"id": 156, "height_m": 9.0, "levels": 3, "category": "residencial", "extrude": true, "manzana_id": 8}}, {"type": "Feature", "geometry": {"type": "Polygon", "coordinates": [[[-114.05335272087984, 236.66877535383193], [-113.9554969183216, 236.78009535394636], [-114.34692012820688, 237.89329535390422], [-116.49974778205434, 244.1272153539846], [-116.49974778205434, 244.23853535409904], [-117.08688259705606, 244.01589535387018], [-121.29468210254042, 242.2347753540167], [-121.19682629998219, 242.12345535390227], [-118.65257543624946, 234.9989753540929], [-114.05335272087984, 236.66877535383193]]]}, "properties": {"id": 157, "height_m": 9.0, "levels": 3, "category": "residencial", "extrude": true, "manzana_id": 8}}, {"type": "Feature", "geometry": {"type": "Polygon", "coordinates": [[[-117.5761616091519, 232.2159753540005], [-114.83619914030271, 233.106535354125], [-115.91261296740026, 236.00085535393632], [-118.65257543624946, 234.9989753540929], [-117.5761616091519, 232.2159753540005]]]}, "properties": {"id": 158, "height_m": 3.0, "levels": 1, "category": "residencial", "extrude": true, "manzana_id": 8}}, {"type": "Feature", "geometry": {"type": "Polygon", "coordinates": [[[-112.87908309122405, 226.64997535421122], [-113.9554969183216, 229.54429535402255], [-116.40189197984377, 228.65373535389807], [-114.73834333809214, 224.31225535418108], [-112.87908309122405, 226.64997535421122]]]}, "properties": {"id": 159, "height_m": 3.0, "levels": 1, "category": "residencial", "extrude": true, "manzana_id": 8}}, {"type": "Feature", "geometry": {"type": "Polygon", "coordinates": [[[-118.65257543624946, 234.77633535386403], [-118.55471963369124, 234.77633535386403], [-118.65257543624946, 234.9989753540929], [-121.19682629998219, 242.12345535390227], [-121.29468210254042, 242.2347753540167], [-125.50248160837243, 240.45365535416323], [-125.79604901569947, 240.3423353540488], [-125.79604901569947, 240.23101535393437], [-125.50248160837243, 239.34045535420537], [-124.62177938604367, 237.00273535417523], [-123.25179815161908, 233.21785535384393], [-123.25179815161908, 233.106535354125], [-118.65257543624946, 234.77633535386403]]]}, "properties": {"id": 160, "height_m": 3.0, "levels": 1, "category": "residencial", "extrude": true, "manzana_id": 8}}, {"type": "Feature", "geometry": {"type": "Polygon", "coordinates": [[[-12.087606559848767, 27.832455353907335], [-11.109048535309435, 26.05133535405386], [15.018450720968428, 41.5248153541404], [9.929948993155314, 50.20777535396988], [-15.610415448468482, 35.17957535394558], [-16.197550263122547, 34.73429535388334], [-12.087606559848767, 27.832455353907335]]]}, "properties": {"id": 161, "height_m": 3.0, "levels": 1, "category": "residencial", "extrude": true, "manzana_id": 17}}, {"type": "Feature", "geometry": {"type": "Polygon", "coordinates": [[[-28.527381372596242, 50.31909535408431], [-36.16013396448974, 66.46049535406647], [-37.82368260624137, 65.68125535405642], [-37.62797100147256, 65.68125535405642], [-30.093074212137296, 49.651175354188695], [-29.016660385039735, 50.09645535385545], [-28.527381372596242, 50.31909535408431]]]}, "properties": {"id": 162, "height_m": 6.0, "levels": 2, "category": "residencial", "extrude": true, "manzana_id": 4}}, {"type": "Feature", "geometry": {"type": "Polygon", "coordinates": [[[-58.96053593691669, 57.554895354008124], [-62.091921615651145, 56.10773535410246], [-61.30907519622827, 54.43793535396793], [-59.84123815924545, 55.10585535386355], [-58.96053593691669, 57.554895354008124]]]}, "properties": {"id": 163, "height_m": 6.0, "levels": 2, "category": "residencial", "extrude": true, "manzana_id": 4}}, {"type": "Feature", "geometry": {"type": "Polygon", "coordinates": [[[-60.03694976401425, 55.10585535386355], [-61.30907519622827, 54.43793535396793], [-53.48061099956597, 37.73993535420459], [-52.20848556735195, 38.40785535410021], [-60.03694976401425, 55.10585535386355]]]}, "properties": {"id": 164, "height_m": 3.0, "levels": 1, "category": "residencial", "extrude": true, "manzana_id": 4}}, {"type": "Feature", "geometry": {"type": "Polygon", "coordinates": [[[-42.91218433405448, 80.15285535390404], [-73.0517714910479, 65.0133353541608], [-62.972623837979896, 43.751215354056114], [-62.77691223286344, 43.305935353993874], [-62.581200628094635, 42.74933535421269], [-59.44981494936018, 36.07013535407006], [-58.86268013470612, 34.956935354112204], [-53.48061099956597, 37.73993535420459], [-62.091921615651145, 56.10773535410246], [-55.43772704864463, 59.22469535414265], [-54.26345741898884, 59.55865535409046], [-54.26345741898884, 59.55865535409046], [-53.08918778968071, 59.669975354204894], [-51.91491816002492, 59.55865535409046], [-50.936360135485586, 59.22469535414265], [-46.337137420115965, 49.205895354126454], [-45.847858407672476, 48.760615354064214], [-45.750002605461894, 48.64929535394978], [-45.0650119882496, 48.0926953541686], [-44.575732975806105, 47.87005535393973], [-44.477877173247876, 47.87005535393973], [-43.89074235859381, 47.87005535393973], [-43.20575174138151, 47.981375354054165], [-43.01004013661271, 48.0926953541686], [-42.71647272928568, 48.315335354001974], [-42.32504951940041, 48.760615354064214], [-42.12933791428395, 49.3172153538454], [-41.93362630951515, 49.87381535402207], [-41.93362630951515, 50.43041535419874], [-41.93362630951515, 50.54173535391769], [-42.03148211207338, 51.20965535420879], [-46.53284902488477, 61.5624153541728], [-46.337137420115965, 62.00769535383955], [-46.14142581499951, 62.230335354068416], [-45.847858407672476, 63.120895354192896], [-45.260723593018405, 63.900135354202945], [-44.96715618569137, 64.23409535415075], [-44.67358877836434, 64.56805535409856], [-43.79288655603558, 65.0133353541608], [-43.49931914870855, 65.12465535387975], [-37.2365477915873, 68.24161535391994], [-42.91218433405448, 80.15285535390404]]]}, "properties": {"id": 165, "height_m": 9.0, "levels": 3, "category": "residencial", "extrude": true, "manzana_id": 4}}, {"type": "Feature", "geometry": {"type": "Polygon", "coordinates": [[[-42.71647272928568, 80.26417535401848], [-42.91218433405448, 80.15285535390404], [-37.2365477915873, 68.24161535391994], [-43.49931914870855, 65.12465535387975], [-41.73791470439869, 65.79257535417085], [-40.85721248241759, 66.01521535400423], [-40.46578927253233, 66.12653535411866], [-39.878654457878255, 66.12653535411866], [-38.90009643333893, 66.12653535411866], [-37.9215384087996, 65.79257535417085], [-37.82368260624137, 65.68125535405642], [-36.16013396448974, 66.46049535406647], [-28.527381372596242, 50.31909535408431], [-28.038102360500403, 50.54173535391769], [-24.02601445978485, 52.43417535388559], [-38.410817420895434, 82.37925535421525], [-42.12933791428395, 80.48681535385185], [-42.71647272928568, 80.26417535401848]]]}, "properties": {"id": 166, "height_m": 3.0, "levels": 1, "category": "residencial", "extrude": true, "manzana_id": 4}}, {"type": "Feature", "geometry": {"type": "Polygon", "coordinates": [[[-225.5111117199772, 228.87637535412694], [-224.04327468299437, 223.53301535417103], [-209.65847172188379, 227.76317535416908], [-209.1691927094403, 226.31601535386793], [-202.51499814243377, 228.20845535383583], [-204.47211419151242, 234.9989753540929], [-225.5111117199772, 228.87637535412694]]]}, "properties": {"id": 167, "height_m": 3.0, "levels": 1, "category": "residencial", "extrude": true, "manzana_id": 10}}, {"type": "Feature", "geometry": {"type": "Polygon", "coordinates": [[[-58.96053593691669, 264.7214153541937], [-60.13480556657248, 267.17045535394277], [-63.55975865263397, 264.83273535391265], [-62.38548902297818, 263.16293535417356], [-61.79835420832411, 263.4968953541214], [-58.96053593691669, 264.7214153541937]]]}, "properties": {"id": 168, "height_m": 18.0, "levels": 6, "category": "residencial", "extrude": true, "manzana_id": 9}}, {"type": "Feature", "geometry": {"type": "Polygon", "coordinates": [[[-56.12271766585693, 266.05725535398494], [-55.633438653413435, 266.27989535421375], [-54.26345741898884, 266.94781535410937], [-57.199131492954486, 273.40437535402316], [-57.492698900281525, 274.0722953539188], [-59.54767075191842, 272.73645535412754], [-68.94182778777412, 266.05725535398494], [-68.94182778777412, 266.05725535398494], [-69.13753939254292, 265.9459353538705], [-69.4311068002176, 262.94029535394475], [-69.33325099765938, 262.6063353539969], [-68.25683717056182, 260.49125535419563], [-68.1589813680036, 260.6025753539146], [-65.12545149182736, 261.93841535410127], [-64.04903766472981, 262.4950153538825], [-62.38548902297818, 263.16293535417356], [-63.55975865263397, 264.83273535391265], [-60.13480556657248, 267.17045535394277], [-60.13480556657248, 267.0591353538283], [-58.275545320052046, 268.17233535418166], [-56.807708283069225, 267.5044153538906], [-56.12271766585693, 266.05725535398494]]]}, "properties": {"id": 169, "height_m": 12.0, "levels": 4, "category": "residencial", "extrude": true, "manzana_id": 9}}, {"type": "Feature", "geometry": {"type": "Polygon", "coordinates": [[[-56.12271766585693, 266.05725535398494], [-56.807708283069225, 267.5044153538906], [-58.275545320052046, 268.17233535418166], [-60.13480556657248, 267.0591353538283], [-58.96053593691669, 264.7214153541937], [-58.07983371493559, 265.1666953538604], [-57.10127569039626, 265.6119753539227], [-56.12271766585693, 266.05725535398494]]]}, "properties": {"id": 170, "height_m": 3.0, "levels": 1, "category": "residencial", "extrude": true, "manzana_id": 9}}, {"type": "Feature", "geometry": {"type": "Polygon", "coordinates": [[[-55.92700606074047, 262.38369535416354], [-56.905564085627454, 264.27613535413144], [-64.63617247973153, 260.49125535419563], [-62.189777418209374, 255.59317535390647], [-57.199131492954486, 258.04221535405105], [-58.66696852958966, 261.04785535397684], [-55.92700606074047, 262.38369535416354]]]}, "properties": {"id": 171, "height_m": 15.0, "levels": 5, "category": "residencial", "extrude": true, "manzana_id": 9}}, {"type": "Feature", "geometry": {"type": "Polygon", "coordinates": [[[-55.92700606074047, 262.38369535416354], [-58.66696852958966, 261.04785535397684], [-57.199131492954486, 258.04221535405105], [-54.557024826315875, 259.26673535412334], [-55.92700606074047, 262.38369535416354]]]}, "properties": {"id": 172, "height_m": 3.0, "levels": 1, "category": "residencial", "extrude": true, "manzana_id": 9}}, {"type": "Feature", "geometry": {"type": "Polygon", "coordinates": [[[-55.43772704864463, 266.3912153539327], [-55.633438653413435, 266.27989535421375], [-57.10127569039626, 265.6119753539227], [-58.07983371493559, 265.1666953538604], [-61.79835420832411, 263.4968953541214], [-64.04903766472981, 262.4950153538825], [-65.12545149182736, 261.93841535410127], [-68.1589813680036, 260.6025753539146], [-68.25683717056182, 260.49125535419563], [-65.22330729438559, 254.25733535411524], [-65.22330729438559, 254.1460153540008], [-62.189777418209374, 255.59317535390647], [-64.63617247973153, 260.49125535419563], [-56.905564085627454, 264.27613535413144], [-54.557024826315875, 259.26673535412334], [-51.425639147929076, 260.713895354029], [-51.52349495013966, 260.82521535414344], [-51.52349495013966, 260.9365353538624], [-52.99133198712248, 264.0534953539026], [-53.187043592238936, 264.4987753539648], [-54.36131322154707, 263.94217535418363], [-55.43772704864463, 266.3912153539327]]]}, "properties": {"id": 173, "height_m": 12.0, "levels": 4, "category": "residencial", "extrude": true, "manzana_id": 9}}, {"type": "Feature", "geometry": {"type": "Polygon", "coordinates": [[[-53.187043592238936, 264.4987753539648], [-54.06774581422004, 266.50253535404715], [-54.16560161677827, 266.83649535399496], [-54.26345741898884, 266.94781535410937], [-55.43772704864463, 266.3912153539327], [-54.36131322154707, 263.94217535418363], [-53.187043592238936, 264.4987753539648]]]}, "properties": {"id": 174, "height_m": 15.0, "levels": 5, "category": "residencial", "extrude": true, "manzana_id": 9}}, {"type": "Feature", "geometry": {"type": "Polygon", "coordinates": [[[-53.38275519700774, 252.47621535386628], [-50.642792728158554, 253.812055354053], [-51.621350752697886, 255.81581535413534], [-49.46852309885042, 256.81769535397876], [-49.66423470361922, 257.0403353542076], [-51.425639147929076, 260.6025753539146], [-51.425639147929076, 260.713895354029], [-65.22330729438559, 254.1460153540008], [-65.02759568961679, 253.70073535393857], [-63.266191245306935, 250.0271753541172], [-63.266191245306935, 249.91585535400276], [-60.03694976401425, 251.36301535390842], [-60.23266136913071, 252.03093535419953], [-56.024861863298696, 254.03469535388638], [-56.22057346841516, 254.47997535394862], [-54.75273643143233, 255.25921535395867], [-53.38275519700774, 252.47621535386628]]]}, "properties": {"id": 175, "height_m": 6.0, "levels": 2, "category": "residencial", "extrude": true, "manzana_id": 9}}, {"type": "Feature", "geometry": {"type": "Polygon", "coordinates": [[[-53.38275519700774, 252.47621535386628], [-54.75273643143233, 255.25921535395867], [-56.22057346841516, 254.47997535394862], [-56.024861863298696, 254.03469535388638], [-60.23266136913071, 252.03093535419953], [-60.03694976401425, 251.36301535390842], [-63.266191245306935, 249.91585535400276], [-63.07047964019048, 249.58189535405495], [-62.87476803542167, 249.02529535387828], [-62.581200628094635, 248.4686953540971], [-62.483344825536406, 248.13473535414929], [-58.275545320052046, 250.13849535383613], [-53.38275519700774, 252.47621535386628]]]}, "properties": {"id": 176, "height_m": 9.0, "levels": 3, "category": "residencial", "extrude": true, "manzana_id": 9}}, {"type": "Feature", "geometry": {"type": "Polygon", "coordinates": [[[-58.76482433214789, 249.91585535400276], [-62.091921615651145, 248.35737535398266], [-61.21121939367004, 246.46493535401476], [-61.015507788553585, 246.13097535406695], [-57.68841050505033, 247.68945535408704], [-58.76482433214789, 249.91585535400276]]]}, "properties": {"id": 177, "height_m": 12.0, "levels": 4, "category": "residencial", "extrude": true, "manzana_id": 9}}, {"type": "Feature", "geometry": {"type": "Polygon", "coordinates": [[[-58.76482433214789, 249.91585535400276], [-57.68841050505033, 247.68945535408704], [-61.015507788553585, 246.13097535406695], [-59.44981494936018, 242.68005535407895], [-59.15624754203315, 242.01213535418333], [-52.110629765141375, 245.3517353540569], [-53.57846680177654, 248.35737535398266], [-50.642792728158554, 249.80453535388833], [-50.15351371606271, 248.69133535393047], [-46.53284902488477, 250.47245535417943], [-47.11998383953884, 251.80829535397066], [-48.48996507396343, 254.81393535389643], [-58.275545320052046, 250.13849535383613], [-58.76482433214789, 249.91585535400276]]]}, "properties": {"id": 178, "height_m": 9.0, "levels": 3, "category": "residencial", "extrude": true, "manzana_id": 9}}, {"type": "Feature", "geometry": {"type": "Polygon", "coordinates": [[[-46.53284902488477, 250.47245535417943], [-50.15351371606271, 248.69133535393047], [-49.17495569117573, 246.79889535396256], [-45.55429100034544, 248.4686953540971], [-45.847858407672476, 249.1366153539927], [-46.53284902488477, 250.47245535417943]]]}, "properties": {"id": 179, "height_m": 12.0, "levels": 4, "category": "residencial", "extrude": true, "manzana_id": 9}}, {"type": "Feature", "geometry": {"type": "Polygon", "coordinates": [[[-59.44981494936018, 241.67817535384003], [-59.35195914680195, 241.34421535389222], [-57.78626630760856, 238.00461535401865], [-57.394843097723296, 237.11405535389417], [-49.07709988896515, 241.01025535394442], [-46.337137420115965, 242.2347753540167], [-43.401463346150315, 243.68193535392237], [-43.79288655603558, 244.46117535393242], [-44.086453963362615, 245.12909535382803], [-45.45643519778721, 248.24605535386823], [-45.55429100034544, 248.4686953540971], [-59.54767075191842, 241.9008153540689], [-59.44981494936018, 241.67817535384003]]]}, "properties": {"id": 180, "height_m": 3.0, "levels": 1, "category": "residencial", "extrude": true, "manzana_id": 9}}, {"type": "Feature", "geometry": {"type": "Polygon", "coordinates": [[[-46.728560630001226, 235.88953535421737], [-41.150779889744626, 238.56121535419533], [-41.248635692302855, 238.56121535419533], [-41.640058902188116, 239.67441535415318], [-42.91218433405448, 242.45741535385008], [-43.401463346150315, 243.68193535392237], [-46.337137420115965, 242.2347753540167], [-49.07709988896515, 241.01025535394442], [-57.394843097723296, 237.11405535389417], [-57.29698729516507, 236.8914153540608], [-56.51414087574219, 235.22161535392627], [-55.53558285120286, 233.21785535384393], [-54.94844803620114, 232.10465535388607], [-54.94844803620114, 231.99333535416713], [-52.20848556735195, 233.32917535395836], [-52.89347618456425, 234.77633535386403], [-47.413551247213526, 237.33669535412304], [-46.728560630001226, 235.88953535421737]]]}, "properties": {"id": 181, "height_m": 12.0, "levels": 4, "category": "residencial", "extrude": true, "manzana_id": 9}}, {"type": "Feature", "geometry": {"type": "Polygon", "coordinates": [[[-46.728560630001226, 235.88953535421737], [-47.413551247213526, 237.33669535412304], [-52.89347618456425, 234.77633535386403], [-52.20848556735195, 233.32917535395836], [-50.936360135485586, 233.88577535413503], [-46.728560630001226, 235.88953535421737]]]}, "properties": {"id": 182, "height_m": 15.0, "levels": 5, "category": "residencial", "extrude": true, "manzana_id": 9}}, {"type": "Feature", "geometry": {"type": "Polygon", "coordinates": [[[-51.22992754281262, 233.7744553540206], [-54.94844803620114, 231.99333535416713], [-54.6548806288741, 231.43673535399046], [-54.06774581422004, 230.21221535391817], [-50.34922532083152, 231.77069535393827], [-51.22992754281262, 233.7744553540206]]]}, "properties": {"id": 183, "height_m": 15.0, "levels": 5, "category": "residencial", "extrude": true, "manzana_id": 9}}, {"type": "Feature", "geometry": {"type": "Polygon", "coordinates": [[[-42.61861692672745, 232.10465535388607], [-39.19366384066596, 233.66313535390617], [-39.878654457878255, 235.22161535392627], [-40.074366062647066, 235.88953535421737], [-41.150779889744626, 238.56121535419533], [-50.936360135485586, 233.88577535413503], [-51.22992754281262, 233.7744553540206], [-50.34922532083152, 231.77069535393827], [-54.06774581422004, 230.21221535391817], [-53.48061099956597, 228.98769535384588], [-52.69776457979545, 227.54053535394021], [-47.90283025930936, 229.65561535413698], [-45.45643519778721, 230.76881535409484], [-46.728560630001226, 233.55181535418723], [-43.89074235859381, 234.77633535386403], [-42.61861692672745, 232.10465535388607]]]}, "properties": {"id": 184, "height_m": 12.0, "levels": 4, "category": "residencial", "extrude": true, "manzana_id": 9}}, {"type": "Feature", "geometry": {"type": "Polygon", "coordinates": [[[-42.61861692672745, 232.10465535388607], [-43.89074235859381, 234.77633535386403], [-46.728560630001226, 233.55181535418723], [-45.45643519778721, 230.76881535409484], [-42.61861692672745, 232.10465535388607]]]}, "properties": {"id": 185, "height_m": 3.0, "levels": 1, "category": "residencial", "extrude": true, "manzana_id": 9}}, {"type": "Feature", "geometry": {"type": "Polygon", "coordinates": [[[-42.81432853149625, 231.99333535416713], [-47.90283025930936, 229.65561535413698], [-52.69776457979545, 227.54053535394021], [-52.69776457979545, 227.31789535410684], [-51.81706235781434, 225.6480953539723], [-47.3156954446553, 227.65185535405465], [-47.60926285198233, 228.4310953540647], [-42.32504951940041, 230.76881535409484], [-42.81432853149625, 231.99333535416713]]]}, "properties": {"id": 186, "height_m": 15.0, "levels": 5, "category": "residencial", "extrude": true, "manzana_id": 9}}, {"type": "Feature", "geometry": {"type": "Polygon", "coordinates": [[[-42.81432853149625, 231.99333535416713], [-42.32504951940041, 230.76881535409484], [-47.60926285198233, 228.4310953540647], [-47.3156954446553, 227.65185535405465], [-51.81706235781434, 225.6480953539723], [-51.22992754281262, 224.42357535390002], [-51.034215938043815, 223.97829535383778], [-50.44708112338975, 222.75377535416098], [-47.413551247213526, 224.20093535406664], [-42.71647272928568, 226.31601535386793], [-43.89074235859381, 228.65373535389807], [-40.955068284975816, 230.10089535419922], [-39.6829428527618, 227.65185535405465], [-39.389375445434766, 227.76317535416908], [-36.25798976704797, 229.21033535407474], [-37.13869198902907, 230.99145535392822], [-38.50867322345366, 233.99709535385398], [-39.19366384066596, 233.66313535390617], [-42.81432853149625, 231.99333535416713]]]}, "properties": {"id": 187, "height_m": 12.0, "levels": 4, "category": "residencial", "extrude": true, "manzana_id": 9}}, {"type": "Feature", "geometry": {"type": "Polygon", "coordinates": [[[-46.728560630001226, 224.42357535390002], [-47.413551247213526, 224.20093535406664], [-50.44708112338975, 222.75377535416098], [-50.34922532083152, 222.41981535421317], [-49.46852309885042, 220.75001535407864], [-46.53284902488477, 222.1971753539843], [-47.022128037328265, 223.19905535382773], [-46.23928161755774, 223.53301535417103], [-46.728560630001226, 224.42357535390002]]]}, "properties": {"id": 188, "height_m": 15.0, "levels": 5, "category": "residencial", "extrude": true, "manzana_id": 9}}, {"type": "Feature", "geometry": {"type": "Polygon", "coordinates": [[[-46.728560630001226, 224.42357535390002], [-46.23928161755774, 223.53301535417103], [-47.022128037328265, 223.19905535382773], [-46.53284902488477, 222.1971753539843], [-49.46852309885042, 220.75001535407864], [-48.39210927175286, 218.4122953540485], [-47.413551247213526, 216.29721535385173], [-44.67358877836434, 217.52173535392402], [-42.03148211207338, 218.7462553539963], [-43.401463346150315, 221.5292553540887], [-40.75935667985936, 222.75377535416098], [-39.389375445434766, 219.9707753540686], [-38.90009643333893, 220.19341535390197], [-35.27943174216098, 221.8632153540365], [-33.322315693082324, 222.75377535416098], [-34.203017915411074, 224.75753535384783], [-34.888008532623374, 226.31601535386793], [-35.08372013739218, 226.5386553540968], [-38.410817420895434, 224.9801753540767], [-39.6829428527618, 227.65185535405465], [-46.728560630001226, 224.42357535390002]]]}, "properties": {"id": 189, "height_m": 12.0, "levels": 4, "category": "residencial", "extrude": true, "manzana_id": 9}}, {"type": "Feature", "geometry": {"type": "Polygon", "coordinates": [[[-35.181575939950406, 214.40477535388382], [-35.76871075460448, 215.74061535407054], [-37.62797100147256, 214.85005535394606], [-38.704384828222466, 217.07645535386177], [-41.640058902188116, 215.6292953539561], [-39.878654457878255, 212.1783753539681], [-35.181575939950406, 214.40477535388382]]]}, "properties": {"id": 190, "height_m": 12.0, "levels": 4, "category": "residencial", "extrude": true, "manzana_id": 9}}, {"type": "Feature", "geometry": {"type": "Polygon", "coordinates": [[[-35.181575939950406, 214.40477535388382], [-30.386641619464328, 216.63117535419502], [-31.26734384144543, 218.4122953540485], [-33.22445989087175, 222.64245535404655], [-33.322315693082324, 222.75377535416098], [-35.27943174216098, 221.8632153540365], [-38.90009643333893, 220.19341535390197], [-44.67358877836434, 217.52173535392402], [-47.413551247213526, 216.29721535385173], [-44.28216556847907, 210.06329535416683], [-39.878654457878255, 212.1783753539681], [-41.640058902188116, 215.6292953539561], [-38.704384828222466, 217.07645535386177], [-37.62797100147256, 214.85005535394606], [-35.76871075460448, 215.74061535407054], [-35.181575939950406, 214.40477535388382]]]}, "properties": {"id": 191, "height_m": 9.0, "levels": 3, "category": "residencial", "extrude": true, "manzana_id": 9}}, {"type": "Feature", "geometry": {"type": "Polygon", "coordinates": [[[-35.96442235937328, 215.96325535390392], [-34.790152730065145, 216.63117535419502], [-34.203017915411074, 217.96701535398626], [-34.98586433483395, 219.30285535417298], [-36.16013396448974, 219.74813535383973], [-37.53011519891433, 219.19153535405854], [-37.9215384087996, 217.85569535387182], [-37.33440359379787, 216.5198553540806], [-35.96442235937328, 215.96325535390392]]]}, "properties": {"id": 192, "height_m": 3.0, "levels": 1, "category": "residencial", "extrude": true, "manzana_id": 9}}, {"type": "Feature", "geometry": {"type": "Polygon", "coordinates": [[[-41.346491494861084, 203.718055353972], [-27.450967545846336, 210.50857535383358], [-27.64667915061514, 210.95385535389582], [-28.429525570385668, 212.62365535403035], [-29.995218409579067, 215.85193535418497], [-30.386641619464328, 216.63117535419502], [-44.3800213710373, 210.06329535416683], [-41.346491494861084, 203.718055353972]]]}, "properties": {"id": 193, "height_m": 3.0, "levels": 1, "category": "residencial", "extrude": true, "manzana_id": 9}}, {"type": "Feature", "geometry": {"type": "Polygon", "coordinates": [[[-31.854478656447153, 202.93881535396196], [-35.866566557162706, 201.04637535399405], [-34.790152730065145, 198.59733535384947], [-32.637325075870024, 199.71053535420282], [-30.778064829349592, 200.6010953539318], [-31.854478656447153, 202.93881535396196]]]}, "properties": {"id": 194, "height_m": 15.0, "levels": 5, "category": "residencial", "extrude": true, "manzana_id": 9}}, {"type": "Feature", "geometry": {"type": "Polygon", "coordinates": [[[-30.778064829349592, 208.95009535420897], [-41.346491494861084, 203.718055353972], [-39.29151964322419, 199.5992153540884], [-38.01939421101017, 197.03885535382938], [-34.790152730065145, 198.59733535384947], [-35.866566557162706, 201.04637535399405], [-31.854478656447153, 202.93881535396196], [-32.14804606377419, 203.60673535385757], [-30.093074212137296, 204.83125535392986], [-28.7230929777127, 204.6086153540965], [-27.64667915061514, 202.1595753539519], [-25.983130508863514, 202.93881535396196], [-24.02601445978485, 203.82937535408644], [-24.02601445978485, 203.82937535408644], [-24.02601445978485, 203.94069535420087], [-24.711005076997147, 205.38785535410653], [-25.298139891651214, 206.61237535417882], [-25.787418904094707, 207.50293535390782], [-25.983130508863514, 208.0595353540845], [-26.178842113632317, 208.3934953540323], [-26.374553718748775, 208.7274553539801], [-29.897362607020835, 207.05765535384558], [-30.778064829349592, 208.95009535420897]]]}, "properties": {"id": 195, "height_m": 12.0, "levels": 4, "category": "residencial", "extrude": true, "manzana_id": 9}}, {"type": "Feature", "geometry": {"type": "Polygon", "coordinates": [[[-26.374553718748775, 208.7274553539801], [-26.863832730844614, 209.72933535382353], [-27.255255940729878, 210.619895353948], [-27.450967545846336, 210.50857535383358], [-30.778064829349592, 208.95009535420897], [-29.897362607020835, 207.05765535384558], [-26.374553718748775, 208.7274553539801]]]}, "properties": {"id": 196, "height_m": 15.0, "levels": 5, "category": "residencial", "extrude": true, "manzana_id": 9}}, {"type": "Feature", "geometry": {"type": "Polygon", "coordinates": [[[-30.093074212137296, 200.93505535387962], [-30.680209026791363, 200.71241535404624], [-32.637325075870024, 199.71053535420282], [-37.72582680368314, 197.1501753539438], [-36.25798976704797, 194.0332153539036], [-34.888008532623374, 191.02757535397785], [-33.12660408831351, 191.91813535410233], [-27.05954433596107, 194.81245535391366], [-30.093074212137296, 200.93505535387962]]]}, "properties": {"id": 197, "height_m": 3.0, "levels": 1, "category": "residencial", "extrude": true, "manzana_id": 9}}, {"type": "Feature", "geometry": {"type": "Polygon", "coordinates": [[[-26.374553718748775, 202.71617535412858], [-30.093074212137296, 200.93505535387962], [-27.05954433596107, 194.81245535391366], [-23.438879645130783, 196.59357535416262], [-26.374553718748775, 202.71617535412858]]]}, "properties": {"id": 198, "height_m": 6.0, "levels": 2, "category": "residencial", "extrude": true, "manzana_id": 9}}, {"type": "Feature", "geometry": {"type": "Polygon", "coordinates": [[[-23.438879645130783, 196.59357535416262], [-21.188196188377432, 197.70677535412048], [-21.090340385819204, 197.70677535412048], [-24.02601445978485, 203.82937535408644], [-24.02601445978485, 203.82937535408644], [-25.983130508863514, 202.93881535396196], [-26.374553718748775, 202.71617535412858], [-23.438879645130783, 196.59357535416262]]]}, "properties": {"id": 199, "height_m": 3.0, "levels": 1, "category": "residencial", "extrude": true, "manzana_id": 9}}, {"type": "Feature", "geometry": {"type": "Polygon", "coordinates": [[[-32.34375766854299, 192.36341535416457], [-33.12660408831351, 191.91813535410233], [-34.888008532623374, 191.02757535397785], [-33.51802729819878, 188.0219353540521], [-31.952334458657727, 184.68233535417852], [-30.582353224233135, 185.35025535407414], [-29.408083594924996, 185.90685535385532], [-32.34375766854299, 192.36341535416457]]]}, "properties": {"id": 200, "height_m": 3.0, "levels": 1, "category": "residencial", "extrude": true, "manzana_id": 9}}, {"type": "Feature", "geometry": {"type": "Polygon", "coordinates": [[[-28.62523717515447, 194.14453535401805], [-32.34375766854299, 192.36341535416457], [-29.408083594924996, 185.90685535385532], [-21.87318680558973, 189.46909535395775], [-18.25252211475944, 191.25021535420672], [-18.15466631220121, 191.36153535392566], [-20.013926559069297, 195.36905535409034], [-21.090340385819204, 197.59545535400605], [-21.090340385819204, 197.70677535412048], [-21.188196188377432, 197.70677535412048], [-26.76597692863404, 195.03509535414253], [-25.68956310153648, 192.25209535405014], [-27.353111743288107, 191.4728553540401], [-28.62523717515447, 194.14453535401805]]]}, "properties": {"id": 201, "height_m": 6.0, "levels": 2, "category": "residencial", "extrude": true, "manzana_id": 9}}, {"type": "Feature", "geometry": {"type": "Polygon", "coordinates": [[[-29.79950680481026, 185.68421535402194], [-30.582353224233135, 185.35025535407414], [-31.756622853888924, 184.79365535389746], [-28.7230929777127, 178.22577535386927], [-26.863832730844614, 179.11633535399375], [-29.79950680481026, 185.68421535402194]]]}, "properties": {"id": 202, "height_m": 12.0, "levels": 4, "category": "residencial", "extrude": true, "manzana_id": 9}}, {"type": "Feature", "geometry": {"type": "Polygon", "coordinates": [[[-23.438879645130783, 185.90685535385532], [-24.51529347188069, 188.24457535388547], [-28.82094878027093, 186.12949535408418], [-27.64667915061514, 183.90309535416847], [-23.438879645130783, 185.90685535385532]]]}, "properties": {"id": 203, "height_m": 18.0, "levels": 6, "category": "residencial", "extrude": true, "manzana_id": 9}}, {"type": "Feature", "geometry": {"type": "Polygon", "coordinates": [[[-22.753889027918486, 184.23705535411628], [-23.438879645130783, 185.90685535385532], [-27.64667915061514, 183.90309535416847], [-28.82094878027093, 186.12949535408418], [-29.79950680481026, 185.68421535402194], [-26.863832730844614, 179.11633535399375], [-23.145312237456096, 180.89745535384722], [-24.417437669670115, 183.45781535410623], [-22.753889027918486, 184.23705535411628]]]}, "properties": {"id": 204, "height_m": 15.0, "levels": 5, "category": "residencial", "extrude": true, "manzana_id": 9}}, {"type": "Feature", "geometry": {"type": "Polygon", "coordinates": [[[-22.753889027918486, 184.23705535411628], [-24.417437669670115, 183.45781535410623], [-23.145312237456096, 180.89745535384722], [-15.02328063346676, 184.79365535389746], [-15.02328063346676, 184.79365535389746], [-17.958954707432405, 191.02757535397785], [-18.15466631220121, 191.36153535392566], [-18.25252211475944, 191.25021535420672], [-21.677475200820925, 189.5804153540722], [-19.72035915174226, 185.68421535402194], [-22.753889027918486, 184.23705535411628], [-22.753889027918486, 184.23705535411628]]]}, "properties": {"id": 205, "height_m": 18.0, "levels": 6, "category": "residencial", "extrude": true, "manzana_id": 9}}, {"type": "Feature", "geometry": {"type": "Polygon", "coordinates": [[[-21.87318680558973, 177.22389535402584], [-24.808860879207725, 175.99937535395355], [-23.536735447341357, 173.10505535414222], [-20.698917176281594, 174.44089535393346], [-21.87318680558973, 177.22389535402584]]]}, "properties": {"id": 206, "height_m": 15.0, "levels": 5, "category": "residencial", "extrude": true, "manzana_id": 9}}, {"type": "Feature", "geometry": {"type": "Polygon", "coordinates": [[[-14.827569028697955, 177.1125753539114], [-16.393261867891354, 180.2295353539516], [-19.231080139298772, 178.78237535404594], [-19.133224336740543, 178.44841535409813], [-17.763243102315947, 175.77673535412018], [-14.827569028697955, 177.1125753539114]]]}, "properties": {"id": 207, "height_m": 15.0, "levels": 5, "category": "residencial", "extrude": true, "manzana_id": 9}}, {"type": "Feature", "geometry": {"type": "Polygon", "coordinates": [[[-17.958954707432405, 183.45781535410623], [-29.310227792366767, 178.0031353540359], [-29.310227792366767, 177.89181535392146], [-28.23381396526921, 175.66541535400575], [-26.374553718748775, 171.65789535384107], [-23.536735447341357, 173.10505535414222], [-24.808860879207725, 175.99937535395355], [-21.87318680558973, 177.22389535402584], [-21.971042608147958, 177.33521535414027], [-19.133224336740543, 178.44841535409813], [-19.231080139298772, 178.78237535404594], [-16.393261867891354, 180.2295353539516], [-17.958954707432405, 183.45781535410623]]]}, "properties": {"id": 208, "height_m": 12.0, "levels": 4, "category": "residencial", "extrude": true, "manzana_id": 9}}, {"type": "Feature", "geometry": {"type": "Polygon", "coordinates": [[[-16.393261867891354, 180.2295353539516], [-14.827569028697955, 177.1125753539114], [-12.185462362406996, 178.3370953539837], [-11.989750757290537, 178.44841535409813], [-13.653299399042165, 182.01065535420057], [-15.02328063346676, 184.68233535417852], [-15.02328063346676, 184.79365535389746], [-17.958954707432405, 183.45781535410623], [-16.393261867891354, 180.2295353539516]]]}, "properties": {"id": 209, "height_m": 9.0, "levels": 3, "category": "residencial", "extrude": true, "manzana_id": 9}}, {"type": "Feature", "geometry": {"type": "Polygon", "coordinates": [[[-6.509825819939815, 166.98245535417627], [-7.0969606345938825, 168.09565535413412], [-7.2926722393626875, 168.54093535419636], [-8.466941869018477, 170.98997535394545], [-8.956220881114316, 171.99185535418437], [-9.151932486230773, 172.43713535385112], [-10.521913720655368, 175.33145535405794], [-11.500471745194698, 177.22389535402584], [-11.989750757290537, 178.44841535409813], [-12.185462362406996, 178.3370953539837], [-26.374553718748775, 171.65789535384107], [-25.88527470630528, 170.5446953538832], [-24.808860879207725, 168.20697535385307], [-23.92815865722662, 166.4258553539996], [-18.839656929413508, 168.98621535386312], [-17.763243102315947, 166.64849535383297], [-22.85174483012906, 164.19945535408388], [-22.55817742280203, 163.53153535418826], [-22.55817742280203, 163.42021535407383], [-21.28605199093566, 160.74853535409588], [-20.601061373723365, 159.3013753541902], [-20.503205571165136, 158.96741535384692], [-14.338290016254463, 161.97305535416817], [-12.381173967175801, 162.86361535389716], [-9.445499893557807, 164.19945535408388], [-6.411970017381585, 165.75793535410398], [-6.314114214823356, 165.75793535410398], [-6.803393227266849, 166.7598153539474], [-6.509825819939815, 166.98245535417627]]]}, "properties": {"id": 210, "height_m": 9.0, "levels": 3, "category": "residencial", "extrude": true, "manzana_id": 9}}, {"type": "Feature", "geometry": {"type": "Polygon", "coordinates": [[[-22.85174483012906, 164.19945535408388], [-17.763243102315947, 166.64849535383297], [-18.839656929413508, 168.98621535386312], [-23.92815865722662, 166.4258553539996], [-23.341023842572554, 165.2013353539273], [-22.85174483012906, 164.19945535408388]]]}, "properties": {"id": 211, "height_m": 12.0, "levels": 4, "category": "residencial", "extrude": true, "manzana_id": 9}}, {"type": "Feature", "geometry": {"type": "Polygon", "coordinates": [[[-6.314114214823356, 165.75793535410398], [-6.411970017381585, 165.75793535410398], [-9.445499893557807, 164.19945535408388], [-12.381173967175801, 162.86361535389716], [-14.338290016254463, 161.97305535416817], [-20.503205571165136, 158.96741535384692], [-19.72035915174226, 157.52025535394125], [-19.524647546625804, 156.96365535416007], [-18.35037791731767, 154.5146153540155], [-17.469675694988915, 152.62217535404758], [-17.273964090220108, 152.3995353542142], [-11.40261594263647, 155.1825353539111], [-10.326202115538909, 155.62781535397335], [-11.794039152521732, 158.85609535412797], [-9.934778905653646, 159.63533535413802], [-8.369086066460248, 156.62969535421226], [-5.53126779505283, 157.9655353540035], [-6.999104832035654, 161.0824953540437], [-4.650565573071728, 162.30701535411598], [-6.314114214823356, 165.75793535410398]]]}, "properties": {"id": 212, "height_m": 9.0, "levels": 3, "category": "residencial", "extrude": true, "manzana_id": 9}}, {"type": "Feature", "geometry": {"type": "Polygon", "coordinates": [[[-5.335556190284025, 150.50709535385081], [-6.411970017381585, 153.06745535410982], [-9.24978828844135, 151.7316153539231], [-8.075518659133214, 149.05993535394515], [-6.705537424708619, 149.8391753539552], [-5.335556190284025, 150.50709535385081]]]}, "properties": {"id": 213, "height_m": 3.0, "levels": 1, "category": "residencial", "extrude": true, "manzana_id": 9}}, {"type": "Feature", "geometry": {"type": "Polygon", "coordinates": [[[-13.751155201600394, 154.06933535395325], [-17.273964090220108, 152.3995353542142], [-16.686829275218386, 150.95237535391306], [-16.29540606568078, 150.173135353903], [-12.674741374502835, 151.95425535415197], [-13.751155201600394, 154.06933535395325]]]}, "properties": {"id": 214, "height_m": 12.0, "levels": 4, "category": "residencial", "extrude": true, "manzana_id": 9}}, {"type": "Feature", "geometry": {"type": "Polygon", "coordinates": [[[-1.7148914994537354, 156.85233535404564], [-2.889161128761871, 159.19005535407578], [-3.280584338647134, 159.07873535396135], [-5.53126779505283, 157.9655353540035], [-4.552709770513499, 155.62781535397335], [-1.7148914994537354, 156.85233535404564]]]}, "properties": {"id": 215, "height_m": 3.0, "levels": 1, "category": "residencial", "extrude": true, "manzana_id": 9}}, {"type": "Feature", "geometry": {"type": "Polygon", "coordinates": [[[-9.836923103443072, 155.96177535392115], [-11.40261594263647, 155.1825353539111], [-13.751155201600394, 154.06933535395325], [-12.674741374502835, 151.95425535415197], [-16.29540606568078, 150.173135353903], [-15.218992238583217, 147.83541535387286], [-14.338290016254463, 146.0542953540194], [-12.47902976973403, 146.94485535414387], [-9.641211498326612, 148.39201535404953], [-8.075518659133214, 149.05993535394515], [-9.24978828844135, 151.7316153539231], [-6.411970017381585, 153.06745535410982], [-5.335556190284025, 150.50709535385081], [-0.3449102650291413, 152.84481535388096], [0.04651294485612182, 153.06745535410982], [-0.3449102650291413, 153.84669535411987], [-0.6384776723561753, 154.62593535412992], [-1.7148914994537354, 156.85233535404564], [-4.552709770513499, 155.62781535397335], [-4.944132980398762, 156.51837535409783], [-9.151932486230773, 154.5146153540155], [-9.836923103443072, 155.96177535392115]]]}, "properties": {"id": 216, "height_m": 9.0, "levels": 3, "category": "residencial", "extrude": true, "manzana_id": 9}}, {"type": "Feature", "geometry": {"type": "Polygon", "coordinates": [[[-4.944132980398762, 156.51837535409783], [-5.53126779505283, 157.9655353540035], [-9.347644090999578, 156.18441535415002], [-9.836923103443072, 155.96177535392115], [-9.151932486230773, 154.5146153540155], [-4.944132980398762, 156.51837535409783]]]}, "properties": {"id": 217, "height_m": 12.0, "levels": 4, "category": "residencial", "extrude": true, "manzana_id": 9}}, {"type": "Feature", "geometry": {"type": "Polygon", "coordinates": [[[-5.335556190284025, 150.50709535385081], [-6.705537424708619, 149.8391753539552], [-8.075518659133214, 149.05993535394515], [-6.803393227266849, 146.27693535385276], [-3.867719153301202, 147.61277535403948], [-5.335556190284025, 150.50709535385081]]]}, "properties": {"id": 218, "height_m": 9.0, "levels": 3, "category": "residencial", "extrude": true, "manzana_id": 9}}, {"type": "Feature", "geometry": {"type": "Polygon", "coordinates": [[[-9.836923103443072, 140.71093535406348], [-11.011192732751207, 143.15997535420806], [-12.576885572292259, 142.49205535391695], [-11.40261594263647, 140.04301535416786], [-9.836923103443072, 140.71093535406348]]]}, "properties": {"id": 219, "height_m": 9.0, "levels": 3, "category": "residencial", "extrude": true, "manzana_id": 9}}, {"type": "Feature", "geometry": {"type": "Polygon", "coordinates": [[[-2.6934495239930665, 151.7316153539231], [-5.335556190284025, 150.50709535385081], [-3.867719153301202, 147.61277535403948], [-1.3234682895684722, 148.94861535383072], [-2.6934495239930665, 151.7316153539231]]]}, "properties": {"id": 220, "height_m": 9.0, "levels": 3, "category": "residencial", "extrude": true, "manzana_id": 9}}, {"type": "Feature", "geometry": {"type": "Polygon", "coordinates": [[[-6.803393227266849, 146.27693535385276], [-6.999104832035654, 146.16561535413382], [-5.922691004938093, 143.82789535410367], [-1.7148914994537354, 145.831655354186], [-2.7913053265512957, 148.16937535421616], [-3.867719153301202, 147.61277535403948], [-6.803393227266849, 146.27693535385276]]]}, "properties": {"id": 221, "height_m": 9.0, "levels": 3, "category": "residencial", "extrude": true, "manzana_id": 9}}, {"type": "Feature", "geometry": {"type": "Polygon", "coordinates": [[[1.416494179280716, 150.28445535401744], [0.04651294485612182, 153.06745535410982], [-0.3449102650291413, 152.84481535388096], [-2.6934495239930665, 151.7316153539231], [-1.3234682895684722, 148.94861535383072], [-2.7913053265512957, 148.16937535421616], [-1.7148914994537354, 145.831655354186], [-5.922691004938093, 143.82789535410367], [-6.999104832035654, 146.16561535413382], [-6.803393227266849, 146.27693535385276], [-8.075518659133214, 149.05993535394515], [-9.641211498326612, 148.39201535404953], [-12.47902976973403, 146.94485535414387], [-14.338290016254463, 146.0542953540194], [-13.751155201600394, 144.94109535406153], [-12.576885572292259, 142.49205535391695], [-11.011192732751207, 143.15997535420806], [-9.836923103443072, 140.71093535406348], [3.080042821032344, 146.722215353915], [1.416494179280716, 150.28445535401744]]]}, "properties": {"id": 222, "height_m": 6.0, "levels": 2, "category": "residencial", "extrude": true, "manzana_id": 9}}, {"type": "Feature", "geometry": {"type": "Polygon", "coordinates": [[[-8.76050927634551, 135.92417535388876], [5.037158870111006, 142.60337535403139], [5.037158870111006, 142.60337535403139], [4.156456648129904, 144.60713535411372], [3.080042821032344, 146.722215353915], [-11.40261594263647, 140.04301535416786], [-10.032634708211875, 137.0373753538466], [-9.347644090999578, 135.70153535405538], [-8.76050927634551, 135.92417535388876]]]}, "properties": {"id": 223, "height_m": 3.0, "levels": 1, "category": "residencial", "extrude": true, "manzana_id": 9}}, {"type": "Feature", "geometry": {"type": "Polygon", "coordinates": [[[-8.76050927634551, 135.92417535388876], [-8.76050927634551, 135.92417535388876], [-7.194816437152112, 132.47325535390075], [-3.867719153301202, 130.02421535415166], [-3.7698633510906263, 130.02421535415166], [5.037158870111006, 142.15809535396914], [5.232870475227465, 142.380735354198], [5.037158870111006, 142.60337535403139], [-8.76050927634551, 135.92417535388876]]]}, "properties": {"id": 224, "height_m": 3.0, "levels": 1, "category": "residencial", "extrude": true, "manzana_id": 9}}, {"type": "Feature", "geometry": {"type": "Polygon", "coordinates": [[[-1.812747301664311, 132.80721535384856], [-3.3784401412053633, 130.58081535393285], [2.101484796493013, 126.57329535416366], [3.6671776356864116, 128.68837535396494], [-1.812747301664311, 132.80721535384856]]]}, "properties": {"id": 225, "height_m": 3.0, "levels": 1, "category": "residencial", "extrude": true, "manzana_id": 9}}, {"type": "Feature", "geometry": {"type": "Polygon", "coordinates": [[[3.6671776356864116, 128.68837535396494], [10.712795412925841, 138.03925535408553], [5.037158870111006, 142.15809535396914], [-1.812747301664311, 132.80721535384856], [3.6671776356864116, 128.68837535396494]]]}, "properties": {"id": 226, "height_m": 6.0, "levels": 2, "category": "residencial", "extrude": true, "manzana_id": 9}}, {"type": "Feature", "geometry": {"type": "Polygon", "coordinates": [[[9.929948993155314, 129.8015753539228], [9.147102573384789, 130.4694953542139], [11.593497634906942, 133.47513535413967], [14.43131590631436, 131.0260953539951], [16.38843195539302, 133.69777535397304], [11.495641832348714, 137.48265535390885], [10.712795412925841, 138.03925535408553], [1.5143499818389452, 125.79405535415361], [7.2878423268643555, 121.56389535415556], [8.46211195617249, 123.01105535406123], [6.602851709652058, 124.45821535396689], [9.734237388038856, 128.46573535413157], [9.147102573384789, 128.9110153541938], [9.929948993155314, 129.8015753539228]]]}, "properties": {"id": 227, "height_m": 9.0, "levels": 3, "category": "residencial", "extrude": true, "manzana_id": 9}}, {"type": "Feature", "geometry": {"type": "Polygon", "coordinates": [[[9.929948993155314, 129.8015753539228], [9.147102573384789, 128.9110153541938], [9.734237388038856, 128.46573535413157], [6.602851709652058, 124.45821535396689], [8.46211195617249, 123.01105535406123], [12.082776647002781, 128.02045535406933], [9.929948993155314, 129.8015753539228]]]}, "properties": {"id": 228, "height_m": 12.0, "levels": 4, "category": "residencial", "extrude": true, "manzana_id": 9}}, {"type": "Feature", "geometry": {"type": "Polygon", "coordinates": [[[11.299930227579909, 126.90725535411147], [7.189986524306126, 121.45257535404113], [12.474199856888044, 117.11109535392865], [16.681999362720056, 122.8997353539468], [14.724883313641394, 124.23557535413352], [16.192720350276563, 126.12801535410142], [18.05198059714465, 124.7921753539147], [19.715529238896277, 127.12989535394485], [17.85626899202819, 128.5770553538505], [19.911240843665084, 131.24873535382847], [16.38843195539302, 133.69777535397304], [12.669911462004503, 128.79969535407938], [15.214162325737233, 126.6846153538826], [13.844181091312638, 125.01481535414356], [11.299930227579909, 126.90725535411147]]]}, "properties": {"id": 229, "height_m": 3.0, "levels": 1, "category": "residencial", "extrude": true, "manzana_id": 9}}, {"type": "Feature", "geometry": {"type": "Polygon", "coordinates": [[[14.529171708524935, 120.11673535385441], [12.278488252119239, 116.88845535409527], [17.07342257260532, 113.43753535410727], [17.85626899202819, 112.76961535421165], [20.204808250992116, 115.88657535385636], [14.529171708524935, 120.11673535385441]]]}, "properties": {"id": 230, "height_m": 12.0, "levels": 4, "category": "restauracion", "extrude": true, "manzana_id": 9}}, {"type": "Feature", "geometry": {"type": "Polygon", "coordinates": [[[17.366989979932352, 123.90161535418571], [14.529171708524935, 120.11673535385441], [20.204808250992116, 115.88657535385636], [27.54399343555858, 125.79405535415361], [21.77050109053317, 130.02421535415166], [19.715529238896277, 127.12989535394485], [22.16192430041843, 125.23745535397694], [19.715529238896277, 122.0091753542178], [17.366989979932352, 123.90161535418571]]]}, "properties": {"id": 231, "height_m": 15.0, "levels": 5, "category": "restauracion", "extrude": true, "manzana_id": 9}}, {"type": "Feature", "geometry": {"type": "Polygon", "coordinates": [[[25.684733188690494, 123.34501535400904], [17.85626899202819, 112.76961535421165], [18.149836399702878, 112.54697535398279], [23.531905534843027, 108.5394553542136], [28.03327244765442, 114.55073535406513], [29.696821089406047, 116.77713535398084], [27.44613763300035, 118.33561535400094], [27.93541664544384, 119.00353535389655], [25.684733188690494, 123.34501535400904]]]}, "properties": {"id": 232, "height_m": 3.0, "levels": 1, "category": "restauracion", "extrude": true, "manzana_id": 9}}, {"type": "Feature", "geometry": {"type": "Polygon", "coordinates": [[[26.761147015788055, 119.44881535395879], [24.80403096670939, 120.78465535414551], [23.434049732284798, 118.66957535394874], [25.39116578136346, 117.33373535415751], [26.761147015788055, 119.44881535395879]]]}, "properties": {"id": 233, "height_m": 6.0, "levels": 2, "category": "restauracion", "extrude": true, "manzana_id": 9}}, {"type": "Feature", "geometry": {"type": "Polygon", "coordinates": [[[27.054714423115087, 125.12613535386251], [25.684733188690494, 123.34501535400904], [27.93541664544384, 119.00353535389655], [29.207542077310208, 120.89597535386446], [27.054714423115087, 125.12613535386251]]]}, "properties": {"id": 234, "height_m": 9.0, "levels": 3, "category": "restauracion", "extrude": true, "manzana_id": 9}}, {"type": "Feature", "geometry": {"type": "Polygon", "coordinates": [[[30.675379113945375, 118.11297535416756], [33.023918373256954, 121.22993535420775], [30.675379113945375, 126.23933535421585], [30.381811706618343, 126.90725535411147], [30.28395590440777, 127.12989535394485], [27.54399343555858, 125.79405535415361], [27.054714423115087, 125.12613535386251], [29.207542077310208, 120.89597535386446], [30.675379113945375, 118.11297535416756]]]}, "properties": {"id": 235, "height_m": 6.0, "levels": 2, "category": "restauracion", "extrude": true, "manzana_id": 9}}, {"type": "Feature", "geometry": {"type": "Polygon", "coordinates": [[[27.93541664544384, 119.00353535389655], [27.44613763300035, 118.33561535400094], [29.696821089406047, 116.77713535398084], [30.675379113945375, 118.11297535416756], [29.207542077310208, 120.89597535386446], [27.93541664544384, 119.00353535389655]]]}, "properties": {"id": 236, "height_m": 6.0, "levels": 2, "category": "restauracion", "extrude": true, "manzana_id": 9}}, {"type": "Feature", "geometry": {"type": "Polygon", "coordinates": [[[24.51046355938236, 109.7639753538904], [23.923328744380637, 109.09605535399479], [29.696821089406047, 104.7545753538823], [30.186100101849537, 105.53381535389235], [24.51046355938236, 109.7639753538904]]]}, "properties": {"id": 237, "height_m": 3.0, "levels": 1, "category": "restauracion", "extrude": true, "manzana_id": 9}}, {"type": "Feature", "geometry": {"type": "Polygon", "coordinates": [[[25.88044479380695, 111.6564153538583], [24.51046355938236, 109.7639753538904], [30.186100101849537, 105.53381535389235], [33.611053187911025, 110.09793535383821], [30.381811706618343, 112.76961535421165], [28.228984052770876, 109.7639753538904], [25.88044479380695, 111.6564153538583]]]}, "properties": {"id": 238, "height_m": 6.0, "levels": 2, "category": "restauracion", "extrude": true, "manzana_id": 9}}, {"type": "Feature", "geometry": {"type": "Polygon", "coordinates": [[[34.39389960733389, 111.09981535407712], [37.32957368129954, 108.76209535404698], [34.10033220000686, 104.53193535404893], [32.926062570698726, 105.4224953541734], [31.360369731157675, 103.5300553542055], [34.78532281721916, 100.96969535394649], [36.74243886664547, 103.1960953538622], [39.67811294026347, 106.9809753541935], [38.89526652049294, 108.76209535404698], [36.448871458970785, 113.77149535405508], [34.39389960733389, 111.09981535407712]]]}, "properties": {"id": 239, "height_m": 6.0, "levels": 2, "category": "restauracion", "extrude": true, "manzana_id": 9}}, {"type": "Feature", "geometry": {"type": "Polygon", "coordinates": [[[31.849648743601165, 107.64889535408912], [29.696821089406047, 104.7545753538823], [31.360369731157675, 103.5300553542055], [32.926062570698726, 105.4224953541734], [34.10033220000686, 104.53193535404893], [37.32957368129954, 108.76209535404698], [34.39389960733389, 111.09981535407712], [34.19818800256509, 110.76585535412931], [33.12177417546753, 109.31869535382816], [34.29604380512332, 108.31681535398474], [32.926062570698726, 106.75833535396464], [31.849648743601165, 107.64889535408912]]]}, "properties": {"id": 240, "height_m": 9.0, "levels": 3, "category": "restauracion", "extrude": true, "manzana_id": 9}}, {"type": "Feature", "geometry": {"type": "Polygon", "coordinates": [[[33.12177417546753, 109.31869535382816], [31.849648743601165, 107.64889535408912], [32.926062570698726, 106.75833535396464], [34.29604380512332, 108.31681535398474], [33.12177417546753, 109.31869535382816]]]}, "properties": {"id": 241, "height_m": 3.0, "levels": 1, "category": "restauracion", "extrude": true, "manzana_id": 9}}, {"type": "Feature", "geometry": {"type": "Polygon", "coordinates": [[[36.74243886664547, 103.1960953538622], [34.29604380512332, 100.30177535405087], [39.775968742821696, 96.2942553538862], [42.41807540911265, 101.08101535406092], [40.55881516224457, 105.08853535383011], [38.405987508397104, 101.9715753541854], [36.74243886664547, 103.1960953538622]]]}, "properties": {"id": 242, "height_m": 6.0, "levels": 2, "category": "finanzas", "extrude": true, "manzana_id": 9}}, {"type": "Feature", "geometry": {"type": "Polygon", "coordinates": [[[40.55881516224457, 105.08853535383011], [39.67811294026347, 106.9809753541935], [36.74243886664547, 103.1960953538622], [38.405987508397104, 101.9715753541854], [40.55881516224457, 105.08853535383011]]]}, "properties": {"id": 243, "height_m": 9.0, "levels": 3, "category": "restauracion", "extrude": true, "manzana_id": 9}}, {"type": "Feature", "geometry": {"type": "Polygon", "coordinates": [[[30.675379113945375, 118.00165535405313], [28.03327244765442, 114.55073535406513], [33.611053187911025, 110.09793535383821], [34.19818800256509, 110.76585535412931], [36.15530405164375, 113.43753535410727], [35.95959244687495, 113.88281535416951], [30.675379113945375, 118.00165535405313]]]}, "properties": {"id": 244, "height_m": 6.0, "levels": 2, "category": "restauracion", "extrude": true, "manzana_id": 9}}, {"type": "Feature", "geometry": {"type": "Polygon", "coordinates": [[[35.95959244687495, 113.88281535416951], [32.73035096558227, 120.78465535414551], [30.675379113945375, 118.00165535405313], [35.95959244687495, 113.88281535416951]]]}, "properties": {"id": 245, "height_m": 3.0, "levels": 1, "category": "restauracion", "extrude": true, "manzana_id": 9}}, {"type": "Feature", "geometry": {"type": "Polygon", "coordinates": [[[26.174012201133984, 132.13929535395295], [21.67264528797494, 130.02421535415166], [21.77050109053317, 130.02421535415166], [27.54399343555858, 125.79405535415361], [30.28395590440777, 127.12989535394485], [28.913974669983173, 130.02421535415166], [27.54399343555858, 129.35629535386056], [26.174012201133984, 132.13929535395295]]]}, "properties": {"id": 246, "height_m": 9.0, "levels": 3, "category": "restauracion", "extrude": true, "manzana_id": 9}}, {"type": "Feature", "geometry": {"type": "Polygon", "coordinates": [[[28.913974669983173, 130.02421535415166], [27.739705040327383, 132.69589535412962], [27.641849237769154, 132.80721535384856], [26.174012201133984, 132.13929535395295], [27.54399343555858, 129.35629535386056], [28.913974669983173, 130.02421535415166]]]}, "properties": {"id": 247, "height_m": 6.0, "levels": 2, "category": "restauracion", "extrude": true, "manzana_id": 9}}, {"type": "Feature", "geometry": {"type": "Polygon", "coordinates": [[[19.03053862168398, 137.59397535402329], [14.2356043011979, 135.36757535410757], [16.38843195539302, 133.69777535397304], [17.269134177374124, 133.14117535419186], [20.498375658666806, 134.69965535421196], [19.03053862168398, 137.59397535402329]]]}, "properties": {"id": 248, "height_m": 6.0, "levels": 2, "category": "residencial", "extrude": true, "manzana_id": 9}}, {"type": "Feature", "geometry": {"type": "Polygon", "coordinates": [[[20.498375658666806, 134.69965535421196], [21.77050109053317, 132.25061535406738], [19.911240843665084, 131.24873535382847], [21.67264528797494, 130.02421535415166], [27.641849237769154, 132.80721535384856], [24.119040349497094, 140.04301535416786], [19.03053862168398, 137.59397535402329], [20.498375658666806, 134.69965535421196]]]}, "properties": {"id": 249, "height_m": 3.0, "levels": 1, "category": "restauracion", "extrude": true, "manzana_id": 9}}, {"type": "Feature", "geometry": {"type": "Polygon", "coordinates": [[[20.791943065993838, 138.48453535414777], [24.119040349497094, 140.04301535416786], [23.434049732284798, 141.60149535418796], [20.10695244878154, 148.50333535416397], [20.009096646223313, 148.50333535416397], [5.526437882554498, 141.7128153539069], [5.624293685112727, 141.7128153539069], [8.755679363499524, 139.37509535387676], [15.312018128295461, 142.49205535391695], [15.8012971403913, 141.49017535407353], [17.95412479458642, 142.49205535391695], [18.639115411798716, 140.8222553541779], [19.61767343633805, 141.26753535384466], [20.791943065993838, 138.48453535414777]]]}, "properties": {"id": 250, "height_m": 3.0, "levels": 1, "category": "residencial", "extrude": true, "manzana_id": 9}}, {"type": "Feature", "geometry": {"type": "Polygon", "coordinates": [[[15.8012971403913, 141.49017535407353], [16.584143560161827, 139.59773535410562], [11.495641832348714, 137.48265535390885], [14.2356043011979, 135.36757535410757], [20.791943065993838, 138.48453535414777], [19.61767343633805, 141.26753535384466], [18.639115411798716, 140.8222553541779], [17.95412479458642, 142.49205535391695], [15.8012971403913, 141.49017535407353]]]}, "properties": {"id": 251, "height_m": 6.0, "levels": 2, "category": "residencial", "extrude": true, "manzana_id": 9}}, {"type": "Feature", "geometry": {"type": "Polygon", "coordinates": [[[7.189986524306126, 150.50709535385081], [2.395052203820047, 148.2806953539351], [4.156456648129904, 144.60713535411372], [4.156456648129904, 144.4958153539993], [7.2878423268643555, 145.831655354186], [8.46211195617249, 143.04865535409363], [10.321372203040578, 143.9392153542181], [9.049246770826558, 146.61089535419606], [11.789209239675747, 148.05805535410173], [13.159190474100342, 145.27505535400934], [20.009096646223313, 148.50333535416397], [18.834827016567523, 151.0636953540275], [16.87771096748886, 155.07121535419216], [9.832093190597085, 151.7316153539231], [11.104218622463451, 149.05993535394515], [8.46211195617249, 147.83541535387286], [7.189986524306126, 150.50709535385081]]]}, "properties": {"id": 252, "height_m": 3.0, "levels": 1, "category": "residencial", "extrude": true, "manzana_id": 9}}, {"type": "Feature", "geometry": {"type": "Polygon", "coordinates": [[[1.0250709693954527, 155.40517535413997], [-0.6384776723561753, 154.62593535412992], [-0.3449102650291413, 153.84669535411987], [2.395052203820047, 148.2806953539351], [15.8012971403913, 154.5146153540155], [12.669911462004503, 160.97117535392925], [10.810651215136415, 160.08061535420026], [4.93930306790043, 157.29761535410788], [6.211428499766796, 154.5146153540155], [2.2971964012618176, 152.73349535416202], [1.0250709693954527, 155.40517535413997]]]}, "properties": {"id": 253, "height_m": 3.0, "levels": 1, "category": "residencial", "extrude": true, "manzana_id": 9}}, {"type": "Feature", "geometry": {"type": "Polygon", "coordinates": [[[4.93930306790043, 157.29761535410788], [1.0250709693954527, 155.40517535413997], [2.2971964012618176, 152.73349535416202], [6.211428499766796, 154.5146153540155], [4.93930306790043, 157.29761535410788]]]}, "properties": {"id": 254, "height_m": 6.0, "levels": 2, "category": "residencial", "extrude": true, "manzana_id": 9}}, {"type": "Feature", "geometry": {"type": "Polygon", "coordinates": [[[4.156456648129904, 165.5352953538751], [-3.9655749558594313, 161.52777535410593], [-3.7698633510906263, 161.0824953540437], [-0.6384776723561753, 154.62593535412992], [10.223516400482348, 159.8579753539714], [9.147102573384789, 161.97305535416817], [6.5049959070938295, 160.63721535398145], [4.156456648129904, 165.5352953538751]]]}, "properties": {"id": 255, "height_m": 9.0, "levels": 3, "category": "residencial", "extrude": true, "manzana_id": 9}}, {"type": "Feature", "geometry": {"type": "Polygon", "coordinates": [[[10.223516400482348, 168.54093535419636], [10.223516400482348, 168.54093535419636], [9.832093190597085, 168.42961535408193], [5.7221494873233025, 166.31453535388516], [4.156456648129904, 165.5352953538751], [6.5049959070938295, 160.63721535398145], [9.147102573384789, 161.97305535416817], [10.223516400482348, 159.8579753539714], [10.810651215136415, 160.08061535420026], [13.061334671889766, 161.19381535415812], [13.648469486543833, 161.4164553539915], [13.550613683985604, 161.52777535410593], [11.006362820252875, 166.7598153539474], [10.223516400482348, 168.54093535419636]]]}, "properties": {"id": 256, "height_m": 6.0, "levels": 2, "category": "residencial", "extrude": true, "manzana_id": 9}}, {"type": "Feature", "geometry": {"type": "Polygon", "coordinates": [[[8.168544548845457, 171.88053535406993], [8.46211195617249, 172.1031753539033], [7.4835539316331605, 173.99561535387122], [7.2878423268643555, 173.77297535403784], [7.2878423268643555, 173.77297535403784], [7.189986524306126, 173.77297535403784], [4.547879858015167, 172.43713535385112], [5.428582079996269, 170.5446953538832], [8.168544548845457, 171.88053535406993]]]}, "properties": {"id": 257, "height_m": 9.0, "levels": 3, "category": "residencial", "extrude": true, "manzana_id": 9}}, {"type": "Feature", "geometry": {"type": "Polygon", "coordinates": [[[-1.0299008822414384, 162.9749353540116], [-1.0299008822414384, 162.9749353540116], [0.5357919572996142, 163.75417535402164], [0.4379361547413849, 163.75417535402164], [-0.7363334749144044, 166.31453535388516], [-1.3234682895684722, 167.53905535395745], [-2.889161128761871, 166.7598153539474], [-2.7913053265512957, 166.53717535411403], [-1.0299008822414384, 162.9749353540116]]]}, "properties": {"id": 258, "height_m": 9.0, "levels": 3, "category": "residencial", "extrude": true, "manzana_id": 9}}, {"type": "Feature", "geometry": {"type": "Polygon", "coordinates": [[[4.156456648129904, 165.5352953538751], [5.7221494873233025, 166.31453535388516], [9.832093190597085, 168.42961535408193], [10.223516400482348, 168.54093535419636], [8.46211195617249, 172.1031753539033], [8.168544548845457, 171.88053535406993], [5.428582079996269, 170.5446953538832], [4.547879858015167, 172.43713535385112], [3.5693218334758363, 171.99185535418437], [3.080042821032344, 171.7692153539555], [4.352168252898709, 169.3201753542064], [1.6122057840495208, 167.87301535390526], [0.34008035218315574, 170.43337535416427], [0.14436874741435102, 170.32205535404984], [-2.6934495239930665, 168.87489535414417], [-5.237700387725797, 167.53905535395745], [-6.509825819939815, 166.98245535417627], [-6.803393227266849, 166.7598153539474], [-6.314114214823356, 165.75793535410398], [-5.922691004938093, 164.97869535409393], [-5.726979400169289, 165.09001535420836], [-2.7913053265512957, 166.53717535411403], [-2.889161128761871, 166.7598153539474], [-1.3234682895684722, 167.53905535395745], [-0.7363334749144044, 166.31453535388516], [0.4379361547413849, 163.75417535402164], [0.5357919572996142, 163.75417535402164], [4.156456648129904, 165.5352953538751]]]}, "properties": {"id": 259, "height_m": 6.0, "levels": 2, "category": "residencial", "extrude": true, "manzana_id": 9}}, {"type": "Feature", "geometry": {"type": "Polygon", "coordinates": [[[-5.041988782956992, 175.77673535412018], [-9.739067300884841, 173.55033535420446], [-9.151932486230773, 172.43713535385112], [-7.8798070543644085, 169.65413535415422], [-5.922691004938093, 170.65601535399765], [-4.552709770513499, 167.87301535390526], [-2.6934495239930665, 168.87489535414417], [-1.9106031042225402, 169.20885535409198], [-3.280584338647134, 171.99185535418437], [-0.540621869797946, 173.3276953539756], [0.829359364626648, 170.65601535399765], [3.5693218334758363, 171.99185535418437], [4.254312450688134, 172.32581535413217], [2.884331216263539, 175.33145535405794], [5.037158870111006, 176.33333535390136], [3.960745043013446, 178.6710553539315], [3.373610228359378, 179.8955753540038], [-2.204170511549574, 177.22389535402584], [-0.8341892771249799, 174.77485535388126], [-3.6720075485323975, 173.21637535386117], [-5.041988782956992, 175.77673535412018]]]}, "properties": {"id": 260, "height_m": 9.0, "levels": 3, "category": "residencial", "extrude": true, "manzana_id": 9}}, {"type": "Feature", "geometry": {"type": "Polygon", "coordinates": [[[5.037158870111006, 176.33333535390136], [2.884331216263539, 175.33145535405794], [4.254312450688134, 172.32581535413217], [6.5049959070938295, 173.43901535409003], [6.113572697208566, 174.21825535410008], [5.037158870111006, 176.33333535390136]]]}, "properties": {"id": 261, "height_m": 12.0, "levels": 4, "category": "residencial", "extrude": true, "manzana_id": 9}}, {"type": "Feature", "geometry": {"type": "Polygon", "coordinates": [[[2.101484796493013, 185.2389353539597], [1.807917389165979, 185.12761535384527], [-3.7698633510906263, 182.34461535414837], [-6.803393227266849, 180.78613535412828], [-8.76050927634551, 179.8955753540038], [-10.228346313328334, 179.11633535399375], [-11.989750757290537, 178.3370953539837], [-11.500471745194698, 177.22389535402584], [-10.521913720655368, 175.33145535405794], [-9.739067300884841, 173.55033535420446], [4.156456648129904, 180.2295353539516], [4.450024055456938, 180.34085535406604], [2.101484796493013, 185.2389353539597]]]}, "properties": {"id": 262, "height_m": 3.0, "levels": 1, "category": "residencial", "extrude": true, "manzana_id": 9}}, {"type": "Feature", "geometry": {"type": "Polygon", "coordinates": [[[-5.629123597611059, 187.57665535398985], [-13.066164584388098, 184.01441535388741], [-14.338290016254463, 183.45781535410623], [-13.653299399042165, 182.01065535420057], [-11.989750757290537, 178.3370953539837], [-10.228346313328334, 179.11633535399375], [-8.76050927634551, 179.8955753540038], [-8.173374461691443, 180.11821535383717], [-8.956220881114316, 181.67669535385727], [-3.9655749558594313, 184.01441535388741], [-5.629123597611059, 187.57665535398985]]]}, "properties": {"id": 263, "height_m": 6.0, "levels": 2, "category": "residencial", "extrude": true, "manzana_id": 9}}, {"type": "Feature", "geometry": {"type": "Polygon", "coordinates": [[[-5.629123597611059, 187.57665535398985], [-3.9655749558594313, 184.01441535388741], [-8.956220881114316, 181.67669535385727], [-8.173374461691443, 180.11821535383717], [-6.803393227266849, 180.78613535412828], [-3.7698633510906263, 182.34461535414837], [1.5143499818389452, 184.9049753540119], [-0.24705446247091212, 188.57853535383327], [-0.8341892771249799, 189.80305535390556], [-3.5741517459741683, 188.57853535383327], [-5.629123597611059, 187.57665535398985]]]}, "properties": {"id": 264, "height_m": 3.0, "levels": 1, "category": "residencial", "extrude": true, "manzana_id": 9}}, {"type": "Feature", "geometry": {"type": "Polygon", "coordinates": [[[-16.980396682893076, 193.58793535384137], [-18.74180112685528, 192.69737535411238], [-17.958954707432405, 191.02757535397785], [-14.338290016254463, 183.45781535410623], [-13.066164584388098, 184.01441535388741], [-12.576885572292259, 184.34837535383522], [-16.980396682893076, 193.58793535384137]]]}, "properties": {"id": 265, "height_m": 18.0, "levels": 6, "category": "residencial", "extrude": true, "manzana_id": 9}}, {"type": "Feature", "geometry": {"type": "Polygon", "coordinates": [[[-2.6934495239930665, 189.02381535389551], [-0.6384776723561753, 189.91437535402], [-4.2591423631864656, 197.81809535383942], [-4.944132980398762, 199.26525535414058], [-6.999104832035654, 198.26337535390167], [-2.6934495239930665, 189.02381535389551]]]}, "properties": {"id": 266, "height_m": 12.0, "levels": 4, "category": "residencial", "extrude": true, "manzana_id": 9}}, {"type": "Feature", "geometry": {"type": "Polygon", "coordinates": [[[-12.28331816461757, 187.91061535393766], [-8.662653473787282, 189.80305535390556], [-10.228346313328334, 192.92001535394576], [-11.206904337867664, 192.92001535394576], [-13.946866806716853, 191.69549535387347], [-12.28331816461757, 187.91061535393766]]]}, "properties": {"id": 267, "height_m": 18.0, "levels": 6, "category": "residencial", "extrude": true, "manzana_id": 9}}, {"type": "Feature", "geometry": {"type": "Polygon", "coordinates": [[[-5.629123597611059, 195.2577353539759], [-6.999104832035654, 198.26337535390167], [-16.784685077776615, 193.6992553539558], [-16.980396682893076, 193.58793535384137], [-12.576885572292259, 184.34837535383522], [-3.5741517459741683, 188.57853535383327], [-2.6934495239930665, 189.02381535389551], [-4.161286560975889, 192.1407753539357], [-8.662653473787282, 189.80305535390556], [-12.28331816461757, 187.91061535393766], [-13.946866806716853, 191.69549535387347], [-11.206904337867664, 192.92001535394576], [-10.228346313328334, 192.92001535394576], [-5.629123597611059, 195.2577353539759]]]}, "properties": {"id": 268, "height_m": 15.0, "levels": 5, "category": "residencial", "extrude": true, "manzana_id": 9}}, {"type": "Feature", "geometry": {"type": "Polygon", "coordinates": [[[-5.629123597611059, 195.2577353539759], [-10.228346313328334, 192.92001535394576], [-8.662653473787282, 189.80305535390556], [-4.161286560975889, 192.1407753539357], [-5.629123597611059, 195.2577353539759]]]}, "properties": {"id": 269, "height_m": 18.0, "levels": 6, "category": "residencial", "extrude": true, "manzana_id": 9}}, {"type": "Feature", "geometry": {"type": "Polygon", "coordinates": [[[-21.677475200820925, 198.81997535407834], [-21.090340385819204, 197.59545535400605], [-20.013926559069297, 195.36905535409034], [-18.74180112685528, 192.69737535411238], [-16.784685077776615, 193.6992553539558], [-4.748421375629958, 199.37657535385952], [-4.454853968302924, 199.48789535397395], [-4.944132980398762, 200.6010953539318], [-7.390528041920916, 205.72181535405434], [-7.488383844479146, 205.83313535416877], [-7.78195125180618, 205.72181535405434], [-10.619769522865944, 204.27465535414868], [-20.11178236127987, 199.71053535420282], [-21.677475200820925, 198.93129535419277], [-21.677475200820925, 198.81997535407834]]]}, "properties": {"id": 270, "height_m": 3.0, "levels": 1, "category": "residencial", "extrude": true, "manzana_id": 9}}, {"type": "Feature", "geometry": {"type": "Polygon", "coordinates": [[[-8.662653473787282, 207.72557535413668], [-10.032634708211875, 210.50857535383358], [-10.619769522865944, 211.8444153540203], [-10.717625325424173, 212.06705535385368], [-18.25252211475944, 208.50481535414673], [-20.307493966396333, 207.50293535390782], [-22.85174483012906, 206.27841535383553], [-24.711005076997147, 205.38785535410653], [-24.02601445978485, 203.94069535420087], [-21.677475200820925, 198.93129535419277], [-20.11178236127987, 199.71053535420282], [-13.751155201600394, 202.82749535384752], [-14.729713226139726, 204.9425753540443], [-8.662653473787282, 207.72557535413668]]]}, "properties": {"id": 271, "height_m": 9.0, "levels": 3, "category": "residencial", "extrude": true, "manzana_id": 9}}, {"type": "Feature", "geometry": {"type": "Polygon", "coordinates": [[[-8.662653473787282, 207.72557535413668], [-14.729713226139726, 204.9425753540443], [-13.751155201600394, 202.82749535384752], [-10.619769522865944, 204.27465535414868], [-7.78195125180618, 205.72181535405434], [-7.977662856574985, 206.16709535411658], [-8.271230263902018, 206.72369535389777], [-8.466941869018477, 207.28029535407444], [-8.662653473787282, 207.72557535413668]]]}, "properties": {"id": 272, "height_m": 12.0, "levels": 4, "category": "residencial", "extrude": true, "manzana_id": 9}}, {"type": "Feature", "geometry": {"type": "Polygon", "coordinates": [[[-27.64667915061514, 211.5104553540725], [-27.842390755383946, 211.39913535395806], [-27.64667915061514, 210.95385535389582], [-27.450967545846336, 210.50857535383358], [-27.255255940729878, 210.619895353948], [-26.863832730844614, 209.72933535382353], [-26.178842113632317, 208.3934953540323], [-25.983130508863514, 208.0595353540845], [-25.787418904094707, 207.50293535390782], [-25.298139891651214, 206.61237535417882], [-24.711005076997147, 205.38785535410653], [-22.85174483012906, 206.27841535383553], [-20.307493966396333, 207.50293535390782], [-18.25252211475944, 208.50481535414673], [-10.717625325424173, 212.06705535385368], [-10.521913720655368, 212.1783753539681], [-13.55544359683159, 218.52361535416293], [-13.751155201600394, 218.52361535416293], [-13.751155201600394, 218.4122953540485], [-23.92815865722662, 213.29157535392596], [-25.68956310153648, 212.51233535391592], [-27.64667915061514, 211.5104553540725]]]}, "properties": {"id": 273, "height_m": 3.0, "levels": 1, "category": "residencial", "extrude": true, "manzana_id": 9}}, {"type": "Feature", "geometry": {"type": "Polygon", "coordinates": [[[-26.080986311421743, 220.97265535391202], [-27.353111743288107, 220.41605535413083], [-30.973776434118395, 218.63493535388187], [-31.26734384144543, 218.52361535416293], [-31.26734384144543, 218.4122953540485], [-31.071632236676624, 218.0783353541007], [-29.995218409579067, 215.85193535418497], [-28.429525570385668, 212.62365535403035], [-27.940246557942174, 211.5104553540725], [-27.842390755383946, 211.39913535395806], [-27.842390755383946, 211.39913535395806], [-27.64667915061514, 211.5104553540725], [-25.68956310153648, 212.51233535391592], [-23.92815865722662, 213.29157535392596], [-22.85174483012906, 213.95949535421707], [-26.080986311421743, 220.97265535391202]]]}, "properties": {"id": 274, "height_m": 6.0, "levels": 2, "category": "residencial", "extrude": true, "manzana_id": 9}}, {"type": "Feature", "geometry": {"type": "Polygon", "coordinates": [[[-22.85174483012906, 213.95949535421707], [-13.751155201600394, 218.4122953540485], [-13.751155201600394, 218.52361535416293], [-13.55544359683159, 218.52361535416293], [-13.261876189504555, 218.7462553539963], [-16.491117670449583, 225.53677535385788], [-16.882540880334847, 225.3141353540245], [-16.882540880334847, 225.3141353540245], [-26.080986311421743, 220.97265535391202], [-22.85174483012906, 213.95949535421707]]]}, "properties": {"id": 275, "height_m": 3.0, "levels": 1, "category": "residencial", "extrude": true, "manzana_id": 9}}, {"type": "Feature", "geometry": {"type": "Polygon", "coordinates": [[[-29.016660385039735, 227.09525535387797], [-31.46305544656189, 225.87073535420117], [-33.81159470552581, 224.75753535384783], [-34.203017915411074, 224.64621535412888], [-34.105162112852845, 224.53489535401445], [-31.26734384144543, 218.52361535416293], [-30.973776434118395, 218.63493535388187], [-27.353111743288107, 220.41605535413083], [-26.080986311421743, 220.97265535391202], [-29.016660385039735, 227.09525535387797]]]}, "properties": {"id": 276, "height_m": 6.0, "levels": 2, "category": "residencial", "extrude": true, "manzana_id": 9}}, {"type": "Feature", "geometry": {"type": "Polygon", "coordinates": [[[-26.080986311421743, 220.97265535391202], [-16.882540880334847, 225.3141353540245], [-16.882540880334847, 225.3141353540245], [-18.643945324644704, 229.0990153539603], [-19.328935941857, 230.54617535386598], [-19.72035915174226, 231.32541535387602], [-19.72035915174226, 231.32541535387602], [-29.016660385039735, 227.09525535387797], [-26.080986311421743, 220.97265535391202]]]}, "properties": {"id": 277, "height_m": 3.0, "levels": 1, "category": "residencial", "extrude": true, "manzana_id": 9}}, {"type": "Feature", "geometry": {"type": "Polygon", "coordinates": [[[-29.016660385039735, 227.09525535387797], [-19.72035915174226, 231.32541535387602], [-22.55817742280203, 237.00273535417523], [-22.85174483012906, 237.78197535418528], [-29.016660385039735, 234.88765535397846], [-34.300873717621656, 232.32729535411494], [-36.74726877914381, 231.21409535415708], [-37.13869198902907, 230.99145535392822], [-36.06227816193151, 228.65373535389807], [-35.37728754471921, 227.2065753539924], [-30.190930014695525, 229.54429535402255], [-29.016660385039735, 227.09525535387797]]]}, "properties": {"id": 278, "height_m": 3.0, "levels": 1, "category": "residencial", "extrude": true, "manzana_id": 9}}, {"type": "Feature", "geometry": {"type": "Polygon", "coordinates": [[[-29.016660385039735, 227.09525535387797], [-30.190930014695525, 229.54429535402255], [-35.37728754471921, 227.2065753539924], [-34.888008532623374, 226.31601535386793], [-34.203017915411074, 224.75753535384783], [-34.203017915411074, 224.64621535412888], [-33.81159470552581, 224.75753535384783], [-31.46305544656189, 225.87073535420117], [-29.016660385039735, 227.09525535387797]]]}, "properties": {"id": 279, "height_m": 6.0, "levels": 2, "category": "residencial", "extrude": true, "manzana_id": 9}}, {"type": "Feature", "geometry": {"type": "Polygon", "coordinates": [[[-34.888008532623374, 238.56121535419533], [-37.04083618647084, 237.5593353539564], [-39.19366384066596, 236.44613535399856], [-40.172221865205294, 236.00085535393632], [-40.074366062647066, 235.88953535421737], [-39.878654457878255, 235.22161535392627], [-39.19366384066596, 233.66313535390617], [-38.50867322345366, 233.99709535385398], [-38.01939421101017, 232.99521535401055], [-33.322315693082324, 235.22161535392627], [-34.888008532623374, 238.56121535419533]]]}, "properties": {"id": 280, "height_m": 9.0, "levels": 3, "category": "residencial", "extrude": true, "manzana_id": 9}}, {"type": "Feature", "geometry": {"type": "Polygon", "coordinates": [[[-34.888008532623374, 238.56121535419533], [-33.322315693082324, 235.22161535392627], [-38.01939421101017, 232.99521535401055], [-37.13869198902907, 230.99145535392822], [-36.74726877914381, 231.21409535415708], [-34.300873717621656, 232.32729535411494], [-30.2887858169061, 234.21973535408284], [-32.637325075870024, 239.67441535415318], [-34.888008532623374, 238.56121535419533]]]}, "properties": {"id": 281, "height_m": 6.0, "levels": 2, "category": "residencial", "extrude": true, "manzana_id": 9}}, {"type": "Feature", "geometry": {"type": "Polygon", "coordinates": [[[-30.2887858169061, 234.21973535408284], [-29.016660385039735, 234.88765535397846], [-22.85174483012906, 237.78197535418528], [-25.200284089092985, 242.5687353539645], [-25.395995694209443, 243.01401535402675], [-25.49385149642002, 243.12533535414119], [-31.658767051330692, 240.11969535421542], [-32.637325075870024, 239.67441535415318], [-30.2887858169061, 234.21973535408284]]]}, "properties": {"id": 282, "height_m": 3.0, "levels": 1, "category": "residencial", "extrude": true, "manzana_id": 9}}, {"type": "Feature", "geometry": {"type": "Polygon", "coordinates": [[[-39.487231247992995, 241.9008153540689], [-41.346491494861084, 241.01025535394442], [-42.12933791428395, 240.6762953539966], [-41.640058902188116, 239.67441535415318], [-40.955068284975816, 238.00461535401865], [-38.21510581612663, 239.34045535420537], [-39.487231247992995, 241.9008153540689]]]}, "properties": {"id": 283, "height_m": 3.0, "levels": 1, "category": "residencial", "extrude": true, "manzana_id": 9}}, {"type": "Feature", "geometry": {"type": "Polygon", "coordinates": [[[-39.487231247992995, 241.9008153540689], [-38.21510581612663, 239.34045535420537], [-40.955068284975816, 238.00461535401865], [-40.172221865205294, 236.00085535393632], [-39.19366384066596, 236.44613535399856], [-37.04083618647084, 237.5593353539564], [-31.658767051330692, 240.11969535421542], [-30.582353224233135, 240.6762953539966], [-32.73518087842825, 245.12909535382803], [-39.487231247992995, 241.9008153540689]]]}, "properties": {"id": 284, "height_m": 6.0, "levels": 2, "category": "residencial", "extrude": true, "manzana_id": 9}}, {"type": "Feature", "geometry": {"type": "Polygon", "coordinates": [[[-30.582353224233135, 240.6762953539966], [-26.374553718748775, 242.68005535407895], [-28.23381396526921, 246.46493535401476], [-28.527381372596242, 247.13285535391037], [-32.73518087842825, 245.12909535382803], [-30.582353224233135, 240.6762953539966]]]}, "properties": {"id": 285, "height_m": 3.0, "levels": 1, "category": "residencial", "extrude": true, "manzana_id": 9}}, {"type": "Feature", "geometry": {"type": "Polygon", "coordinates": [[[-40.563645075090555, 244.68381535416128], [-40.172221865205294, 244.01589535387018], [-42.91218433405448, 242.45741535385008], [-42.12933791428395, 240.6762953539966], [-41.346491494861084, 241.01025535394442], [-27.64667915061514, 247.5781353539726], [-28.82094878027093, 250.13849535383613], [-35.181575939950406, 247.13285535391037], [-34.790152730065145, 246.35361535390032], [-37.4322593963561, 245.12909535382803], [-37.82368260624137, 245.90833535383808], [-40.563645075090555, 244.68381535416128]]]}, "properties": {"id": 286, "height_m": 6.0, "levels": 2, "category": "residencial", "extrude": true, "manzana_id": 9}}, {"type": "Feature", "geometry": {"type": "Polygon", "coordinates": [[[-37.82368260624137, 245.90833535383808], [-38.704384828222466, 247.68945535408704], [-38.99795223589716, 247.5781353539726], [-41.346491494861084, 246.46493535401476], [-41.346491494861084, 246.46493535401476], [-40.563645075090555, 244.68381535416128], [-37.82368260624137, 245.90833535383808]]]}, "properties": {"id": 287, "height_m": 9.0, "levels": 3, "category": "residencial", "extrude": true, "manzana_id": 9}}, {"type": "Feature", "geometry": {"type": "Polygon", "coordinates": [[[-28.82094878027093, 250.13849535383613], [-28.918804582481506, 250.13849535383613], [-29.50593939748323, 251.36301535390842], [-29.79950680481026, 252.03093535419953], [-31.854478656447153, 251.14037535407505], [-36.06227816193151, 249.02529535387828], [-35.181575939950406, 247.13285535391037], [-28.82094878027093, 250.13849535383613]]]}, "properties": {"id": 288, "height_m": 9.0, "levels": 3, "category": "residencial", "extrude": true, "manzana_id": 9}}, {"type": "Feature", "geometry": {"type": "Polygon", "coordinates": [[[-32.930892483197056, 250.58377535389837], [-33.90945050808404, 252.5875353539807], [-33.90945050808404, 252.5875353539807], [-37.53011519891433, 250.91773535384618], [-36.64941297658558, 248.69133535393047], [-36.25798976704797, 248.91397535415933], [-32.930892483197056, 250.58377535389837]]]}, "properties": {"id": 289, "height_m": 12.0, "levels": 4, "category": "residencial", "extrude": true, "manzana_id": 9}}, {"type": "Feature", "geometry": {"type": "Polygon", "coordinates": [[[-42.03148211207338, 246.13097535406695], [-41.346491494861084, 246.46493535401476], [-39.389375445434766, 247.35549535413924], [-40.75935667985936, 250.47245535417943], [-38.704384828222466, 251.47433535402286], [-37.53011519891433, 250.91773535384618], [-33.90945050808404, 252.5875353539807], [-33.90945050808404, 252.5875353539807], [-32.930892483197056, 250.58377535389837], [-31.854478656447153, 251.14037535407505], [-30.190930014695525, 251.9196153540851], [-32.14804606377419, 255.92713535385428], [-32.44161347110122, 256.5950553541454], [-38.31296161868486, 253.812055354053], [-40.563645075090555, 252.69885535409514], [-43.01004013661271, 251.47433535402286], [-45.652146802903665, 250.24981535395057], [-46.23928161755774, 249.91585535400276], [-45.847858407672476, 249.1366153539927], [-45.45643519778721, 248.24605535386823], [-45.0650119882496, 247.35549535413924], [-43.10789593882328, 248.24605535386823], [-42.03148211207338, 246.13097535406695]]]}, "properties": {"id": 290, "height_m": 9.0, "levels": 3, "category": "residencial", "extrude": true, "manzana_id": 9}}, {"type": "Feature", "geometry": {"type": "Polygon", "coordinates": [[[-42.03148211207338, 246.13097535406695], [-43.10789593882328, 248.24605535386823], [-45.0650119882496, 247.35549535413924], [-44.086453963362615, 245.12909535382803], [-43.401463346150315, 245.46305535417133], [-42.03148211207338, 246.13097535406695]]]}, "properties": {"id": 291, "height_m": 12.0, "levels": 4, "category": "residencial", "extrude": true, "manzana_id": 9}}, {"type": "Feature", "geometry": {"type": "Polygon", "coordinates": [[[-45.260723593018405, 253.25545535387633], [-47.3156954446553, 252.2535753540329], [-47.11998383953884, 251.80829535397066], [-46.23928161755774, 249.91585535400276], [-45.652146802903665, 250.24981535395057], [-43.01004013661271, 251.47433535402286], [-40.563645075090555, 252.69885535409514], [-40.3679334699741, 252.81017535420958], [-41.44434729707166, 255.14789535384423], [-45.260723593018405, 253.25545535387633]]]}, "properties": {"id": 292, "height_m": 6.0, "levels": 2, "category": "residencial", "extrude": true, "manzana_id": 9}}, {"type": "Feature", "geometry": {"type": "Polygon", "coordinates": [[[-40.3679334699741, 252.81017535420958], [-38.31296161868486, 253.812055354053], [-32.34375766854299, 256.70637535386436], [-34.790152730065145, 262.16105535393467], [-35.08372013739218, 262.71765535411134], [-39.487231247992995, 260.6025753539146], [-41.346491494861084, 259.7120153541856], [-41.640058902188116, 259.60069535407115], [-40.563645075090555, 257.15165535392657], [-42.32504951940041, 256.3724153539165], [-43.401463346150315, 258.8214553540611], [-46.630704827443, 257.26297535404103], [-47.022128037328265, 257.0403353542076], [-45.260723593018405, 253.25545535387633], [-41.44434729707166, 255.14789535384423], [-40.3679334699741, 252.81017535420958]]]}, "properties": {"id": 293, "height_m": 3.0, "levels": 1, "category": "residencial", "extrude": true, "manzana_id": 9}}, {"type": "Feature", "geometry": {"type": "Polygon", "coordinates": [[[-37.82368260624137, 266.94781535410937], [-38.50867322345366, 268.39497535401506], [-38.802240630780695, 269.0628953539107], [-39.78079865532003, 268.5062953541295], [-45.0650119882496, 266.05725535398494], [-43.69503075382501, 263.4968953541214], [-40.3679334699741, 265.27801535397487], [-40.563645075090555, 265.6119753539227], [-37.82368260624137, 266.94781535410937]]]}, "properties": {"id": 294, "height_m": 15.0, "levels": 5, "category": "residencial", "extrude": true, "manzana_id": 9}}, {"type": "Feature", "geometry": {"type": "Polygon", "coordinates": [[[-49.07709988896515, 260.82521535414344], [-51.034215938043815, 259.93465535401896], [-49.66423470361922, 257.0403353542076], [-49.17495569117573, 256.03845535396874], [-48.48996507396343, 256.3724153539165], [-46.630704827443, 257.26297535404103], [-44.477877173247876, 258.2648553538844], [-45.750002605461894, 261.15917535409125], [-45.847858407672476, 261.49313535403905], [-48.1963976666364, 260.3799353540812], [-48.58782087652166, 261.04785535397684], [-49.07709988896515, 260.82521535414344]]]}, "properties": {"id": 295, "height_m": 15.0, "levels": 5, "category": "residencial", "extrude": true, "manzana_id": 9}}, {"type": "Feature", "geometry": {"type": "Polygon", "coordinates": [[[-45.750002605461894, 261.15917535409125], [-43.10789593882328, 262.38369535416354], [-41.83577050695692, 259.4893753539567], [-41.346491494861084, 259.7120153541856], [-39.487231247992995, 260.6025753539146], [-35.67085495204625, 262.38369535416354], [-37.53011519891433, 266.3912153539327], [-37.82368260624137, 266.94781535410937], [-40.563645075090555, 265.6119753539227], [-40.3679334699741, 265.27801535397487], [-43.69503075382501, 263.4968953541214], [-43.59717495126678, 263.38557535400696], [-46.14142581499951, 262.16105535393467], [-47.413551247213526, 264.94405535402706], [-47.80497445675113, 264.83273535391265], [-50.34922532083152, 263.60821535384036], [-49.07709988896515, 260.82521535414344], [-48.58782087652166, 261.04785535397684], [-48.1963976666364, 260.3799353540812], [-45.847858407672476, 261.49313535403905], [-45.750002605461894, 261.15917535409125]]]}, "properties": {"id": 296, "height_m": 12.0, "levels": 4, "category": "residencial", "extrude": true, "manzana_id": 9}}, {"type": "Feature", "geometry": {"type": "Polygon", "coordinates": [[[-54.06774581422004, 266.50253535404715], [-52.99133198712248, 264.0534953539026], [-52.30634136991018, 262.71765535411134], [-51.52349495013966, 263.05161535405915], [-47.80497445675113, 264.83273535391265], [-46.337137420115965, 265.50065535420373], [-39.78079865532003, 268.5062953541295], [-37.9215384087996, 269.3968553538585], [-39.095808038107734, 271.84589535400306], [-40.563645075090555, 274.85153535392885], [-40.85721248241759, 275.6307753539389], [-43.49931914870855, 274.29493535414764], [-47.70711865454056, 272.29117535406533], [-50.642792728158554, 270.84401535415964], [-54.36131322154707, 269.0628953539107], [-55.04630383875937, 268.72893535396287], [-54.06774581422004, 266.50253535404715]]]}, "properties": {"id": 297, "height_m": 3.0, "levels": 1, "category": "residencial", "extrude": true, "manzana_id": 9}}, {"type": "Feature", "geometry": {"type": "Polygon", "coordinates": [[[-44.086453963362615, 274.0722953539188], [-43.49931914870855, 274.29493535414764], [-40.955068284975816, 275.51945535382447], [-43.89074235859381, 281.419415353957], [-45.945714210230705, 281.86469535401926], [-57.394843097723296, 273.84965535408537], [-57.199131492954486, 273.40437535402316], [-56.22057346841516, 271.17797535410745], [-52.40419717246841, 272.95909535396095], [-52.59990877723722, 273.5156953541376], [-49.66423470361922, 274.96285535404326], [-49.27281149373396, 274.0722953539188], [-44.96715618569137, 276.07605535400114], [-44.086453963362615, 274.0722953539188]]]}, "properties": {"id": 298, "height_m": 12.0, "levels": 4, "category": "residencial", "extrude": true, "manzana_id": 9}}, {"type": "Feature", "geometry": {"type": "Polygon", "coordinates": [[[-52.40419717246841, 272.95909535396095], [-56.22057346841516, 271.17797535410745], [-55.04630383875937, 268.72893535396287], [-54.36131322154707, 269.0628953539107], [-51.22992754281262, 270.6213753539308], [-52.40419717246841, 272.95909535396095]]]}, "properties": {"id": 299, "height_m": 15.0, "levels": 5, "category": "residencial", "extrude": true, "manzana_id": 9}}, {"type": "Feature", "geometry": {"type": "Polygon", "coordinates": [[[-44.086453963362615, 274.0722953539188], [-44.96715618569137, 276.07605535400114], [-49.27281149373396, 274.0722953539188], [-48.29425346919463, 272.0685353538364], [-47.70711865454056, 272.29117535406533], [-44.086453963362615, 274.0722953539188]]]}, "properties": {"id": 300, "height_m": 15.0, "levels": 5, "category": "residencial", "extrude": true, "manzana_id": 9}}, {"type": "Feature", "geometry": {"type": "Polygon", "coordinates": [[[-36.45370137181677, 114.88469535401293], [-34.888008532623374, 115.66393535402298], [-34.790152730065145, 115.66393535402298], [-35.76871075460448, 116.44317535403303], [-36.25798976704797, 116.77713535398084], [-36.35584556925854, 116.77713535398084], [-38.90009643333893, 118.78089535406318], [-39.389375445434766, 119.11485535401098], [-39.878654457878255, 119.56013535407322], [-41.54220309962989, 120.67333535403108], [-44.28216556847907, 122.78841535383236], [-44.477877173247876, 123.01105535406123], [-44.477877173247876, 123.01105535406123], [-45.750002605461894, 122.78841535383236], [-47.11998383953884, 122.56577535399899], [-47.022128037328265, 122.34313535416561], [-46.92427223477004, 122.12049535393675], [-42.71647272928568, 113.43753535410727], [-42.52076112416922, 112.8809353539306], [-42.12933791428395, 112.10169535392055], [-38.704384828222466, 113.77149535405508], [-39.19366384066596, 115.10733535384631], [-39.389375445434766, 115.32997535407517], [-38.01939421101017, 115.88657535385636], [-36.45370137181677, 114.88469535401293]]]}, "properties": {"id": 301, "height_m": 6.0, "levels": 2, "category": "residencial", "extrude": true, "manzana_id": 5}}, {"type": "Feature", "geometry": {"type": "Polygon", "coordinates": [[[-35.76871075460448, 111.43377535402493], [-33.028748285755285, 112.76961535421165], [-31.560911248772463, 111.43377535402493], [-30.190930014695525, 112.10169535392055], [-30.386641619464328, 112.32433535414941], [-30.680209026791363, 112.54697535398279], [-30.973776434118395, 112.76961535421165], [-32.930892483197056, 114.21677535411732], [-33.51802729819878, 114.66205535417956], [-34.00730631029462, 114.99601535412737], [-34.790152730065145, 115.66393535402298], [-34.888008532623374, 115.66393535402298], [-38.31296161868486, 113.99413535388845], [-36.16013396448974, 109.31869535382816], [-34.98586433483395, 109.87529535400483], [-35.76871075460448, 111.43377535402493]]]}, "properties": {"id": 302, "height_m": 6.0, "levels": 2, "category": "residencial", "extrude": true, "manzana_id": 5}}, {"type": "Feature", "geometry": {"type": "Polygon", "coordinates": [[[-34.203017915411074, 112.21301535403498], [-35.76871075460448, 111.43377535402493], [-34.98586433483395, 109.87529535400483], [-33.51802729819878, 110.54321535390045], [-34.203017915411074, 112.21301535403498]]]}, "properties": {"id": 303, "height_m": 9.0, "levels": 3, "category": "residencial", "extrude": true, "manzana_id": 5}}, {"type": "Feature", "geometry": {"type": "Polygon", "coordinates": [[[-37.62797100147256, 112.43565535386836], [-38.31296161868486, 113.99413535388845], [-42.12933791428395, 112.10169535392055], [-42.03148211207338, 111.76773535397274], [-41.73791470439869, 111.3224553539105], [-41.54220309962989, 110.76585535412931], [-41.44434729707166, 110.65453535401488], [-37.62797100147256, 112.43565535386836]]]}, "properties": {"id": 304, "height_m": 12.0, "levels": 4, "category": "residencial", "extrude": true, "manzana_id": 5}}, {"type": "Feature", "geometry": {"type": "Polygon", "coordinates": [[[-37.62797100147256, 112.43565535386836], [-41.44434729707166, 110.65453535401488], [-40.074366062647066, 107.53757535397469], [-39.976510260436484, 107.42625535386026], [-39.29151964322419, 107.76021535420355], [-36.16013396448974, 109.31869535382816], [-37.62797100147256, 112.43565535386836]]]}, "properties": {"id": 305, "height_m": 9.0, "levels": 3, "category": "residencial", "extrude": true, "manzana_id": 5}}, {"type": "Feature", "geometry": {"type": "Polygon", "coordinates": [[[-33.713738902967584, 110.4318953541815], [-39.29151964322419, 107.76021535420355], [-39.976510260436484, 107.42625535386026], [-39.976510260436484, 107.42625535386026], [-36.06227816193151, 98.96593535386415], [-35.866566557162706, 98.40933535408297], [-30.386641619464328, 100.85837535383206], [-31.46305544656189, 103.1960953538622], [-29.310227792366767, 104.19797535410112], [-28.23381396526921, 101.74893535395654], [-25.395995694209443, 103.08477535414326], [-27.255255940729878, 107.09229535391245], [-28.429525570385668, 106.53569535413126], [-29.79950680481026, 109.65265535417146], [-32.637325075870024, 108.31681535398474], [-33.713738902967584, 110.4318953541815]]]}, "properties": {"id": 306, "height_m": 3.0, "levels": 1, "category": "residencial", "extrude": true, "manzana_id": 5}}, {"type": "Feature", "geometry": {"type": "Polygon", "coordinates": [[[-31.756622853888924, 97.40745535384406], [-31.36519964400366, 97.51877535395849], [-32.44161347110122, 99.96781535410307], [-32.73518087842825, 99.7451753538742], [-35.866566557162706, 98.40933535408297], [-35.37728754471921, 97.40745535384406], [-35.08372013739218, 96.85085535406287], [-34.888008532623374, 96.40557535400063], [-34.692296927506916, 96.07161535405282], [-31.756622853888924, 97.40745535384406]]]}, "properties": {"id": 307, "height_m": 12.0, "levels": 4, "category": "residencial", "extrude": true, "manzana_id": 5}}, {"type": "Feature", "geometry": {"type": "Polygon", "coordinates": [[[-23.145312237456096, 96.07161535405282], [-23.830302854668393, 97.63009535407292], [-25.298139891651214, 96.9621753541773], [-24.613149274438918, 95.40369535415721], [-24.02601445978485, 95.73765535410502], [-23.145312237456096, 96.07161535405282]]]}, "properties": {"id": 308, "height_m": 12.0, "levels": 4, "category": "residencial", "extrude": true, "manzana_id": 5}}, {"type": "Feature", "geometry": {"type": "Polygon", "coordinates": [[[-24.51529347188069, 103.41873535409107], [-32.44161347110122, 99.96781535410307], [-31.36519964400366, 97.51877535395849], [-31.756622853888924, 97.40745535384406], [-34.692296927506916, 96.07161535405282], [-33.12660408831351, 92.50937535395039], [-32.73518087842825, 91.84145535405477], [-26.961688533402842, 94.4018153539183], [-28.23381396526921, 97.18481535401068], [-25.88527470630528, 98.29801535396854], [-25.298139891651214, 96.9621753541773], [-23.830302854668393, 97.63009535407292], [-23.145312237456096, 96.07161535405282], [-18.546089522086476, 98.07537535413516], [-19.133224336740543, 99.18857535409302], [-20.307493966396333, 101.74893535395654], [-20.503205571165136, 102.08289535390435], [-23.243168040014325, 100.74705535411312], [-24.51529347188069, 103.41873535409107]]]}, "properties": {"id": 309, "height_m": 9.0, "levels": 3, "category": "residencial", "extrude": true, "manzana_id": 5}}, {"type": "Feature", "geometry": {"type": "Polygon", "coordinates": [[[-29.603795199693803, 93.177295353846], [-32.73518087842825, 91.84145535405477], [-32.34375766854299, 90.83957535421135], [-29.21237198980854, 92.28673535411701], [-29.603795199693803, 93.177295353846]]]}, "properties": {"id": 310, "height_m": 6.0, "levels": 2, "category": "residencial", "extrude": true, "manzana_id": null}}, {"type": "Feature", "geometry": {"type": "Polygon", "coordinates": [[[-17.273964090220108, 91.2848553538781], [-15.708271250679056, 92.06409535388815], [-16.09969446056432, 92.95465535401263], [-16.197550263122547, 93.06597535412706], [-17.07825248510365, 94.95841535409497], [-17.273964090220108, 95.40369535415721], [-17.567531497547144, 95.96029535393839], [-18.056810509642983, 96.9621753541773], [-18.25252211475944, 97.51877535395849], [-18.546089522086476, 97.96405535402073], [-18.546089522086476, 98.07537535413516], [-20.2096381638381, 97.40745535384406], [-17.273964090220108, 91.2848553538781]]]}, "properties": {"id": 311, "height_m": 15.0, "levels": 5, "category": "residencial", "extrude": true, "manzana_id": 5}}, {"type": "Feature", "geometry": {"type": "Polygon", "coordinates": [[[-28.135958163058632, 93.84521535413711], [-29.603795199693803, 93.177295353846], [-29.21237198980854, 92.28673535411701], [-32.34375766854299, 90.83957535421135], [-30.386641619464328, 86.72073535393224], [-30.190930014695525, 86.16413535415106], [-29.995218409579067, 85.71885535408882], [-29.79950680481026, 85.38489535414101], [-17.273964090220108, 91.2848553538781], [-20.2096381638381, 97.40745535384406], [-22.94960063268729, 96.18293535416726], [-22.166754212916764, 94.29049535419935], [-23.92815865722662, 93.5112553541893], [-26.76597692863404, 92.17541535400258], [-27.353111743288107, 91.9527753541692], [-28.135958163058632, 93.84521535413711]]]}, "properties": {"id": 312, "height_m": 12.0, "levels": 4, "category": "residencial", "extrude": true, "manzana_id": 5}}, {"type": "Feature", "geometry": {"type": "Polygon", "coordinates": [[[-26.76597692863404, 92.17541535400258], [-23.92815865722662, 93.5112553541893], [-24.711005076997147, 95.40369535415721], [-27.64667915061514, 94.06785535397049], [-28.135958163058632, 93.84521535413711], [-27.353111743288107, 91.9527753541692], [-26.76597692863404, 92.17541535400258]]]}, "properties": {"id": 313, "height_m": 15.0, "levels": 5, "category": "residencial", "extrude": true, "manzana_id": 5}}, {"type": "Feature", "geometry": {"type": "Polygon", "coordinates": [[[-15.121136436024988, 90.83957535421135], [-15.708271250679056, 92.06409535388815], [-29.79950680481026, 85.38489535414101], [-28.527381372596242, 82.60189535404862], [-28.33166976782744, 82.04529535387195], [-28.038102360500403, 81.6000153542052], [-20.601061373723365, 81.933975354153], [-21.579619398262697, 84.27169535418315], [-22.753889027918486, 87.16601535399448], [-19.328935941857, 88.83581535412901], [-17.861098904874176, 85.94149535392219], [-18.839656929413508, 85.49621535385995], [-17.07825248510365, 82.04529535387195], [-11.011192732751207, 82.26793535410081], [-13.261876189504555, 87.05469535388005], [-13.359731991715131, 87.27733535410891], [-15.121136436024988, 86.49809535409887], [-16.784685077776615, 90.0603353542013], [-15.121136436024988, 90.83957535421135]]]}, "properties": {"id": 314, "height_m": 3.0, "levels": 1, "category": "residencial", "extrude": true, "manzana_id": 5}}, {"type": "Feature", "geometry": {"type": "Polygon", "coordinates": [[[-18.839656929413508, 85.49621535385995], [-17.861098904874176, 85.94149535392219], [-19.328935941857, 88.83581535412901], [-22.753889027918486, 87.16601535399448], [-21.579619398262697, 84.27169535418315], [-18.839656929413508, 85.49621535385995]]]}, "properties": {"id": 315, "height_m": 6.0, "levels": 2, "category": "residencial", "extrude": true, "manzana_id": 5}}, {"type": "Feature", "geometry": {"type": "Polygon", "coordinates": [[[-15.121136436024988, 90.83957535421135], [-16.784685077776615, 90.0603353542013], [-15.121136436024988, 86.49809535409887], [-13.359731991715131, 87.27733535410891], [-13.55544359683159, 87.49997535394229], [-13.751155201600394, 88.05657535411896], [-13.849011004158625, 88.27921535395234], [-14.142578411485658, 88.83581535412901], [-14.338290016254463, 89.28109535419125], [-14.729713226139726, 90.0603353542013], [-15.121136436024988, 90.83957535421135]]]}, "properties": {"id": 316, "height_m": 6.0, "levels": 2, "category": "residencial", "extrude": true, "manzana_id": 5}}, {"type": "Feature", "geometry": {"type": "Polygon", "coordinates": [[[-1.0299008822414384, 99.63385535415526], [-2.204170511549574, 102.30553535413321], [-2.889161128761871, 103.64137535392445], [-9.543355696116036, 100.4130953541653], [-8.271230263902018, 97.74141535418735], [-10.717625325424173, 96.51689535411506], [-10.521913720655368, 95.96029535393839], [-8.075518659133214, 97.07349535389625], [-5.433411992842254, 98.29801535396854], [-5.13984458551522, 97.63009535407292], [-1.0299008822414384, 99.63385535415526]]]}, "properties": {"id": 317, "height_m": 6.0, "levels": 2, "category": "residencial", "extrude": true, "manzana_id": 5}}, {"type": "Feature", "geometry": {"type": "Polygon", "coordinates": [[[-1.0299008822414384, 99.63385535415526], [-5.13984458551522, 97.63009535407292], [-5.433411992842254, 98.29801535396854], [-8.075518659133214, 97.07349535389625], [-6.803393227266849, 94.4018153539183], [-0.05134285770210737, 97.63009535407292], [-0.8341892771249799, 99.29989535420745], [-1.0299008822414384, 99.63385535415526]]]}, "properties": {"id": 318, "height_m": 9.0, "levels": 3, "category": "residencial", "extrude": true, "manzana_id": 5}}, {"type": "Feature", "geometry": {"type": "Polygon", "coordinates": [[[-11.989750757290537, 99.18857535409302], [-13.261876189504555, 98.63197535391635], [-17.763243102315947, 96.40557535400063], [-17.567531497547144, 95.96029535393839], [-17.273964090220108, 95.40369535415721], [-17.07825248510365, 94.95841535409497], [-16.588973473007812, 93.95653535385605], [-14.338290016254463, 95.0697353542094], [-13.45758779427336, 93.28861535396044], [-15.708271250679056, 92.17541535400258], [-15.708271250679056, 92.06409535388815], [-15.121136436024988, 90.83957535421135], [-14.925424831256183, 90.50561535386805], [-10.424057918097139, 92.62069535406482], [-9.151932486230773, 93.177295353846], [-11.989750757290537, 99.18857535409302]]]}, "properties": {"id": 319, "height_m": 9.0, "levels": 3, "category": "residencial", "extrude": true, "manzana_id": 5}}, {"type": "Feature", "geometry": {"type": "Polygon", "coordinates": [[[-17.861098904874176, 104.08665535398669], [-16.686829275218386, 101.74893535395654], [-19.622503349184033, 100.30177535405087], [-19.328935941857, 99.63385535415526], [-14.729713226139726, 101.74893535395654], [-14.338290016254463, 100.96969535394649], [-11.30476014007824, 102.52817535396659], [-10.130490510770105, 100.0791353542175], [-2.889161128761871, 103.64137535392445], [-5.237700387725797, 108.87341535416141], [-5.824835202727518, 109.98661535411927], [-6.216258412265127, 109.87529535400483], [-9.641211498326612, 108.2054953538703], [-8.956220881114316, 106.75833535396464], [-12.47902976973403, 105.08853535383011], [-11.989750757290537, 104.08665535398669], [-15.121136436024988, 102.52817535396659], [-16.197550263122547, 104.97721535411117], [-17.861098904874176, 104.08665535398669]]]}, "properties": {"id": 320, "height_m": 3.0, "levels": 1, "category": "residencial", "extrude": true, "manzana_id": 5}}, {"type": "Feature", "geometry": {"type": "Polygon", "coordinates": [[[-14.338290016254463, 100.96969535394649], [-14.729713226139726, 101.74893535395654], [-19.328935941857, 99.63385535415526], [-19.133224336740543, 99.18857535409302], [-18.546089522086476, 97.96405535402073], [-18.25252211475944, 97.51877535395849], [-18.056810509642983, 96.9621753541773], [-17.763243102315947, 96.40557535400063], [-13.261876189504555, 98.63197535391635], [-14.338290016254463, 100.96969535394649]]]}, "properties": {"id": 321, "height_m": 6.0, "levels": 2, "category": "residencial", "extrude": true, "manzana_id": 5}}, {"type": "Feature", "geometry": {"type": "Polygon", "coordinates": [[[-9.641211498326612, 108.2054953538703], [-12.870452979619293, 106.53569535413126], [-13.164020386946326, 106.42437535401683], [-12.47902976973403, 105.08853535383011], [-8.956220881114316, 106.75833535396464], [-9.641211498326612, 108.2054953538703]]]}, "properties": {"id": 322, "height_m": 6.0, "levels": 2, "category": "residencial", "extrude": true, "manzana_id": 5}}, {"type": "Feature", "geometry": {"type": "Polygon", "coordinates": [[[-21.87318680558973, 108.31681535398474], [-23.145312237456096, 106.75833535396464], [-22.55817742280203, 106.3130553539024], [-22.166754212916764, 105.4224953541734], [-19.81821495395284, 107.64889535408912], [-21.87318680558973, 108.31681535398474]]]}, "properties": {"id": 323, "height_m": 3.0, "levels": 1, "category": "residencial", "extrude": true, "manzana_id": 5}}, {"type": "Feature", "geometry": {"type": "Polygon", "coordinates": [[[-14.827569028697955, 112.32433535414941], [-18.937512731971736, 110.32057535406707], [-18.056810509642983, 108.42813535409917], [-19.81821495395284, 107.64889535408912], [-18.15466631220121, 103.97533535387225], [-17.958954707432405, 104.08665535398669], [-15.121136436024988, 105.4224953541734], [-16.29540606568078, 107.98285535403693], [-13.45758779427336, 109.31869535382816], [-14.827569028697955, 112.32433535414941]]]}, "properties": {"id": 324, "height_m": 6.0, "levels": 2, "category": "residencial", "extrude": true, "manzana_id": 5}}, {"type": "Feature", "geometry": {"type": "Polygon", "coordinates": [[[-12.28331816461757, 106.86965535407907], [-6.216258412265127, 109.87529535400483], [-5.824835202727518, 109.98661535411927], [-9.934778905653646, 118.78089535406318], [-11.891894955079962, 120.22805535396884], [-12.576885572292259, 120.78465535414551], [-12.870452979619293, 120.33937535408327], [-14.53400162137092, 118.2242953538865], [-16.393261867891354, 115.66393535402298], [-14.827569028697955, 112.32433535414941], [-13.45758779427336, 109.31869535382816], [-12.28331816461757, 106.86965535407907]]]}, "properties": {"id": 325, "height_m": 3.0, "levels": 1, "category": "residencial", "extrude": true, "manzana_id": 5}}, {"type": "Feature", "geometry": {"type": "Polygon", "coordinates": [[[-25.004572484324182, 114.55073535406513], [-26.080986311421743, 113.10357535415946], [-24.808860879207725, 111.9903753542016], [-23.634591249899586, 113.54885535382621], [-25.004572484324182, 114.55073535406513]]]}, "properties": {"id": 326, "height_m": 3.0, "levels": 1, "category": "residencial", "extrude": true, "manzana_id": 5}}, {"type": "Feature", "geometry": {"type": "Polygon", "coordinates": [[[-21.481763595704468, 116.3318553539186], [-20.307493966396333, 115.4412953541896], [-24.123870261995425, 109.98661535411927], [-21.87318680558973, 108.31681535398474], [-21.481763595704468, 108.98473535388035], [-14.53400162137092, 118.2242953538865], [-12.870452979619293, 120.33937535408327], [-12.576885572292259, 120.78465535414551], [-14.142578411485658, 122.0091753542178], [-16.09969446056432, 119.33749535384436], [-18.15466631220121, 120.78465535414551], [-21.481763595704468, 116.3318553539186]]]}, "properties": {"id": 327, "height_m": 6.0, "levels": 2, "category": "residencial", "extrude": true, "manzana_id": 5}}, {"type": "Feature", "geometry": {"type": "Polygon", "coordinates": [[[-14.142578411485658, 122.0091753542178], [-17.469675694988915, 124.45821535396689], [-17.763243102315947, 124.68085535419576], [-18.056810509642983, 124.23557535413352], [-22.94960063268729, 117.33373535415751], [-21.481763595704468, 116.3318553539186], [-18.15466631220121, 120.78465535414551], [-16.09969446056432, 119.33749535384436], [-14.142578411485658, 122.0091753542178]]]}, "properties": {"id": 328, "height_m": 3.0, "levels": 1, "category": "residencial", "extrude": true, "manzana_id": 5}}, {"type": "Feature", "geometry": {"type": "Polygon", "coordinates": [[[-30.778064829349592, 118.2242953538865], [-31.46305544656189, 117.33373535415751], [-31.756622853888924, 116.88845535409527], [-32.14804606377419, 116.3318553539186], [-33.12660408831351, 115.10733535384631], [-33.51802729819878, 114.66205535417956], [-32.930892483197056, 114.21677535411732], [-30.973776434118395, 112.76961535421165], [-30.680209026791363, 112.54697535398279], [-28.918804582481506, 111.21113535419155], [-27.940246557942174, 112.54697535398279], [-26.961688533402842, 111.87905535408717], [-18.056810509642983, 124.23557535413352], [-17.763243102315947, 124.68085535419576], [-22.94960063268729, 128.5770553538505], [-23.243168040014325, 128.79969535407938], [-23.536735447341357, 128.35441535401714], [-25.49385149642002, 125.68273535403918], [-26.472409521307004, 124.23557535413352], [-24.906716681765953, 123.01105535406123], [-27.255255940729878, 119.89409535402103], [-26.178842113632317, 119.00353535389655], [-28.23381396526921, 116.3318553539186], [-30.778064829349592, 118.2242953538865]]]}, "properties": {"id": 329, "height_m": 12.0, "levels": 4, "category": "residencial", "extrude": true, "manzana_id": 5}}, {"type": "Feature", "geometry": {"type": "Polygon", "coordinates": [[[-28.82094878027093, 121.00729535397889], [-30.778064829349592, 118.2242953538865], [-28.23381396526921, 116.3318553539186], [-26.178842113632317, 119.00353535389655], [-27.255255940729878, 119.89409535402103], [-28.82094878027093, 121.00729535397889]]]}, "properties": {"id": 330, "height_m": 3.0, "levels": 1, "category": "residencial", "extrude": true, "manzana_id": 5}}, {"type": "Feature", "geometry": {"type": "Polygon", "coordinates": [[[-26.472409521307004, 124.23557535413352], [-28.82094878027093, 121.00729535397889], [-27.255255940729878, 119.89409535402103], [-24.906716681765953, 123.01105535406123], [-26.472409521307004, 124.23557535413352]]]}, "properties": {"id": 331, "height_m": 15.0, "levels": 5, "category": "residencial", "extrude": true, "manzana_id": 5}}, {"type": "Feature", "geometry": {"type": "Polygon", "coordinates": [[[-27.255255940729878, 126.6846153538826], [-25.59170729897825, 125.4600953542058], [-25.49385149642002, 125.68273535403918], [-23.536735447341357, 128.35441535401714], [-23.243168040014325, 128.79969535407938], [-24.808860879207725, 130.02421535415166], [-25.004572484324182, 130.1355353538706], [-27.450967545846336, 126.79593535399704], [-27.255255940729878, 126.6846153538826]]]}, "properties": {"id": 332, "height_m": 15.0, "levels": 5, "category": "residencial", "extrude": true, "manzana_id": 5}}, {"type": "Feature", "geometry": {"type": "Polygon", "coordinates": [[[-36.35584556925854, 122.12049535393675], [-37.53011519891433, 120.56201535391665], [-34.98586433483395, 118.55825535383431], [-33.81159470552581, 120.22805535396884], [-36.35584556925854, 122.12049535393675]]]}, "properties": {"id": 333, "height_m": 15.0, "levels": 5, "category": "residencial", "extrude": true, "manzana_id": 5}}, {"type": "Feature", "geometry": {"type": "Polygon", "coordinates": [[[-34.98586433483395, 118.55825535383431], [-32.14804606377419, 116.44317535403303], [-31.756622853888924, 116.88845535409527], [-31.46305544656189, 117.33373535415751], [-25.59170729897825, 125.4600953542058], [-27.255255940729878, 126.6846153538826], [-27.450967545846336, 126.79593535399704], [-25.004572484324182, 130.1355353538706], [-28.527381372596242, 132.80721535384856], [-28.918804582481506, 132.3619353541818], [-36.35584556925854, 122.12049535393675], [-33.81159470552581, 120.22805535396884], [-34.98586433483395, 118.55825535383431]]]}, "properties": {"id": 334, "height_m": 12.0, "levels": 4, "category": "residencial", "extrude": true, "manzana_id": 5}}, {"type": "Feature", "geometry": {"type": "Polygon", "coordinates": [[[-34.98586433483395, 118.55825535383431], [-36.35584556925854, 116.77713535398084], [-36.25798976704797, 116.77713535398084], [-35.76871075460448, 116.44317535403303], [-34.00730631029462, 114.99601535412737], [-33.51802729819878, 114.66205535417956], [-33.12660408831351, 115.10733535384631], [-32.14804606377419, 116.3318553539186], [-32.14804606377419, 116.44317535403303], [-34.98586433483395, 118.55825535383431]]]}, "properties": {"id": 335, "height_m": 15.0, "levels": 5, "category": "residencial", "extrude": true, "manzana_id": 5}}, {"type": "Feature", "geometry": {"type": "Polygon", "coordinates": [[[-43.30360754393974, 124.56953535408132], [-39.976510260436484, 122.0091753542178], [-39.29151964322419, 122.8997353539468], [-37.04083618647084, 121.22993535420775], [-34.692296927506916, 124.34689535385246], [-36.94298038426027, 126.12801535410142], [-34.98586433483395, 128.68837535396494], [-32.83303668098648, 127.01857535383041], [-28.918804582481506, 132.3619353541818], [-28.527381372596242, 132.80721535384856], [-28.82094878027093, 133.02985535407743], [-33.713738902967584, 136.81473535401324], [-34.00730631029462, 136.92605535412767], [-34.105162112852845, 136.81473535401324], [-36.06227816193151, 134.14305535403528], [-38.1172500135684, 131.3600553539429], [-39.19366384066596, 129.91289535403723], [-40.172221865205294, 128.68837535396494], [-40.27007766776352, 128.46573535413157], [-43.30360754393974, 124.56953535408132], [-43.30360754393974, 124.56953535408132]]]}, "properties": {"id": 336, "height_m": 3.0, "levels": 1, "category": "residencial", "extrude": true, "manzana_id": 5}}, {"type": "Feature", "geometry": {"type": "Polygon", "coordinates": [[[-44.477877173247876, 123.01105535406123], [-44.28216556847907, 122.78841535383236], [-44.086453963362615, 122.67709535411342], [-41.54220309962989, 120.67333535403108], [-41.150779889744626, 120.4506953541977], [-39.976510260436484, 122.0091753542178], [-43.30360754393974, 124.56953535408132], [-43.30360754393974, 124.56953535408132], [-44.477877173247876, 123.12237535417566], [-44.869300383133144, 122.8997353539468], [-44.477877173247876, 123.01105535406123], [-44.477877173247876, 123.01105535406123]]]}, "properties": {"id": 337, "height_m": 6.0, "levels": 2, "category": "residencial", "extrude": true, "manzana_id": 5}}, {"type": "Feature", "geometry": {"type": "Polygon", "coordinates": [[[-38.1172500135684, 131.3600553539429], [-40.563645075090555, 133.2524953539108], [-41.640058902188116, 131.6940153538907], [-39.19366384066596, 129.91289535403723], [-38.1172500135684, 131.3600553539429]]]}, "properties": {"id": 338, "height_m": 3.0, "levels": 1, "category": "residencial", "extrude": true, "manzana_id": 5}}, {"type": "Feature", "geometry": {"type": "Polygon", "coordinates": [[[-39.19366384066596, 129.91289535403723], [-41.640058902188116, 131.6940153538907], [-40.563645075090555, 133.2524953539108], [-41.346491494861084, 133.9204153542019], [-42.32504951940041, 132.5845753540152], [-43.49931914870855, 131.0260953539951], [-40.172221865205294, 128.68837535396494], [-39.19366384066596, 129.91289535403723]]]}, "properties": {"id": 339, "height_m": 9.0, "levels": 3, "category": "residencial", "extrude": true, "manzana_id": 5}}, {"type": "Feature", "geometry": {"type": "Polygon", "coordinates": [[[-44.28216556847907, 133.9204153542019], [-44.3800213710373, 134.03173535392085], [-44.771444580574915, 133.47513535413967], [-45.55429100034544, 132.47325535390075], [-45.45643519778721, 132.47325535390075], [-43.69503075382501, 131.24873535382847], [-43.49931914870855, 131.0260953539951], [-42.32504951940041, 132.5845753540152], [-44.28216556847907, 133.9204153542019]]]}, "properties": {"id": 340, "height_m": 6.0, "levels": 2, "category": "residencial", "extrude": true, "manzana_id": 5}}, {"type": "Feature", "geometry": {"type": "Polygon", "coordinates": [[[-44.28216556847907, 133.9204153542019], [-42.32504951940041, 132.5845753540152], [-41.346491494861084, 133.9204153542019], [-43.20575174138151, 135.36757535410757], [-43.30360754393974, 135.47889535382652], [-44.3800213710373, 134.03173535392085], [-44.28216556847907, 133.9204153542019]]]}, "properties": {"id": 341, "height_m": 9.0, "levels": 3, "category": "residencial", "extrude": true, "manzana_id": 5}}, {"type": "Feature", "geometry": {"type": "Polygon", "coordinates": [[[-43.20575174138151, 135.36757535410757], [-41.346491494861084, 133.9204153542019], [-40.563645075090555, 133.2524953539108], [-38.1172500135684, 131.3600553539429], [-36.06227816193151, 134.14305535403528], [-34.105162112852845, 136.81473535401324], [-36.45370137181677, 138.70717535398114], [-39.095808038107734, 140.71093535406348], [-39.389375445434766, 140.93357535389686], [-41.150779889744626, 138.37321535403333], [-42.81432853149625, 136.14681535411762], [-43.30360754393974, 135.47889535382652], [-43.20575174138151, 135.36757535410757]]]}, "properties": {"id": 342, "height_m": 6.0, "levels": 2, "category": "residencial", "extrude": true, "manzana_id": 5}}, {"type": "Feature", "geometry": {"type": "Polygon", "coordinates": [[[-47.11998383953884, 122.56577535399899], [-45.750002605461894, 122.78841535383236], [-44.869300383133144, 122.8997353539468], [-44.477877173247876, 123.12237535417566], [-40.27007766776352, 128.46573535413157], [-40.172221865205294, 128.68837535396494], [-43.49931914870855, 131.0260953539951], [-43.69503075382501, 131.24873535382847], [-45.45643519778721, 128.79969535407938], [-46.434993222674194, 127.46385535389265], [-47.21783964209707, 126.46197535404923], [-48.68567667907989, 125.79405535415361], [-48.78353248163812, 125.79405535415361], [-48.68567667907989, 125.57141535392475], [-48.1963976666364, 124.56953535408132], [-47.21783964209707, 122.56577535399899], [-47.11998383953884, 122.56577535399899]]]}, "properties": {"id": 343, "height_m": 9.0, "levels": 3, "category": "residencial", "extrude": true, "manzana_id": 5}}, {"type": "Feature", "geometry": {"type": "Polygon", "coordinates": [[[-48.68567667907989, 125.79405535415361], [-47.21783964209707, 126.46197535404923], [-46.434993222674194, 127.46385535389265], [-45.45643519778721, 128.79969535407938], [-43.69503075382501, 131.24873535382847], [-45.45643519778721, 132.47325535390075], [-45.55429100034544, 132.47325535390075], [-45.55429100034544, 132.47325535390075], [-47.21783964209707, 130.1355353538706], [-49.37066729629219, 127.24121535405928], [-49.37066729629219, 127.24121535405928], [-48.78353248163812, 125.79405535415361], [-48.68567667907989, 125.79405535415361]]]}, "properties": {"id": 344, "height_m": 12.0, "levels": 4, "category": "residencial", "extrude": true, "manzana_id": 5}}, {"type": "Feature", "geometry": {"type": "Polygon", "coordinates": [[[-39.976510260436484, 141.49017535407353], [-39.78079865532003, 141.82413535402134], [-39.78079865532003, 142.0467753538547], [-43.10789593882328, 144.4958153539993], [-43.401463346150315, 144.05053535393705], [-43.10789593882328, 143.9392153542181], [-39.976510260436484, 141.49017535407353]]]}, "properties": {"id": 345, "height_m": 9.0, "levels": 3, "category": "residencial", "extrude": true, "manzana_id": 5}}, {"type": "Feature", "geometry": {"type": "Polygon", "coordinates": [[[-42.81432853149625, 136.14681535411762], [-44.869300383133144, 137.70529535413772], [-46.8264164322118, 135.1449353538787], [-44.771444580574915, 133.47513535413967], [-42.81432853149625, 136.14681535411762]]]}, "properties": {"id": 346, "height_m": 3.0, "levels": 1, "category": "residencial", "extrude": true, "manzana_id": 5}}, {"type": "Feature", "geometry": {"type": "Polygon", "coordinates": [[[-39.095808038107734, 140.71093535406348], [-39.095808038107734, 140.8222553541779], [-39.389375445434766, 141.0448953540113], [-39.976510260436484, 141.49017535407353], [-43.10789593882328, 143.9392153542181], [-45.0650119882496, 141.3788553539591], [-41.150779889744626, 138.37321535403333], [-39.389375445434766, 140.93357535389686], [-39.095808038107734, 140.71093535406348]]]}, "properties": {"id": 347, "height_m": 12.0, "levels": 4, "category": "residencial", "extrude": true, "manzana_id": 5}}, {"type": "Feature", "geometry": {"type": "Polygon", "coordinates": [[[-49.37066729629219, 127.35253535417371], [-49.37066729629219, 127.24121535405928], [-47.21783964209707, 130.1355353538706], [-45.55429100034544, 132.47325535390075], [-44.771444580574915, 133.47513535413967], [-46.8264164322118, 135.1449353538787], [-44.869300383133144, 137.70529535413772], [-42.81432853149625, 136.14681535411762], [-41.150779889744626, 138.37321535403333], [-45.0650119882496, 141.3788553539591], [-43.10789593882328, 143.9392153542181], [-43.401463346150315, 144.05053535393705], [-45.162867790460176, 145.38637535412377], [-48.00068606186759, 141.49017535407353], [-46.53284902488477, 140.37697535411567], [-47.60926285198233, 138.81849535409557], [-49.17495569117573, 139.93169535405343], [-52.89347618456425, 134.8109753539309], [-49.56637890106099, 127.79781535384046], [-49.37066729629219, 127.35253535417371]]]}, "properties": {"id": 348, "height_m": 15.0, "levels": 5, "category": "residencial", "extrude": true, "manzana_id": 5}}, {"type": "Feature", "geometry": {"type": "Polygon", "coordinates": [[[-53.774178406893, 151.95425535415197], [-57.394843097723296, 154.62593535412992], [-60.42837297389951, 150.61841535396525], [-59.84123815924545, 149.39389535389296], [-56.61199667795277, 146.83353535402944], [-54.4591690241053, 149.72785535384077], [-52.30634136991018, 148.16937535421616], [-54.557024826315875, 145.1637353538949], [-52.99133198712248, 143.9392153542181], [-50.74064853071678, 146.94485535414387], [-48.58782087652166, 145.38637535412377], [-51.13207174060204, 142.0467753538547], [-53.187043592238936, 143.6052553538748], [-55.633438653413435, 140.48829535383462], [-53.08918778968071, 135.1449353538787], [-52.89347618456425, 134.8109753539309], [-45.162867790460176, 145.38637535412377], [-45.652146802903665, 145.72033535407158], [-48.098541864425826, 147.61277535403948], [-53.774178406893, 151.95425535415197]]]}, "properties": {"id": 349, "height_m": 15.0, "levels": 5, "category": "residencial", "extrude": true, "manzana_id": 5}}, {"type": "Feature", "geometry": {"type": "Polygon", "coordinates": [[[-59.84123815924545, 149.39389535389296], [-55.633438653413435, 140.48829535383462], [-53.187043592238936, 143.6052553538748], [-52.99133198712248, 143.9392153542181], [-54.557024826315875, 145.1637353538949], [-54.85059223399056, 144.71845535383267], [-56.905564085627454, 146.27693535385276], [-56.61199667795277, 146.83353535402944], [-59.84123815924545, 149.39389535389296]]]}, "properties": {"id": 350, "height_m": 15.0, "levels": 5, "category": "residencial", "extrude": true, "manzana_id": 5}}, {"type": "Feature", "geometry": {"type": "Polygon", "coordinates": [[[-56.61199667795277, 146.83353535402944], [-56.905564085627454, 146.27693535385276], [-54.85059223399056, 144.71845535383267], [-54.557024826315875, 145.1637353538949], [-56.61199667795277, 146.83353535402944]]]}, "properties": {"id": 351, "height_m": 18.0, "levels": 6, "category": "residencial", "extrude": true, "manzana_id": 5}}, {"type": "Feature", "geometry": {"type": "Polygon", "coordinates": [[[-54.557024826315875, 145.1637353538949], [-52.30634136991018, 148.16937535421616], [-54.4591690241053, 149.72785535384077], [-56.61199667795277, 146.83353535402944], [-54.557024826315875, 145.1637353538949]]]}, "properties": {"id": 352, "height_m": 18.0, "levels": 6, "category": "residencial", "extrude": true, "manzana_id": 5}}, {"type": "Feature", "geometry": {"type": "Polygon", "coordinates": [[[-48.098541864425826, 147.61277535403948], [-47.80497445675113, 148.05805535410173], [-53.38275519700774, 152.3995353542142], [-53.774178406893, 151.95425535415197], [-48.098541864425826, 147.61277535403948]]]}, "properties": {"id": 353, "height_m": 6.0, "levels": 2, "category": "residencial", "extrude": true, "manzana_id": 5}}, {"type": "Feature", "geometry": {"type": "Polygon", "coordinates": [[[-52.99133198712248, 143.9392153542181], [-53.187043592238936, 143.6052553538748], [-51.13207174060204, 142.0467753538547], [-48.58782087652166, 145.38637535412377], [-50.74064853071678, 146.94485535414387], [-52.99133198712248, 143.9392153542181]]]}, "properties": {"id": 354, "height_m": 18.0, "levels": 6, "category": "residencial", "extrude": true, "manzana_id": 5}}, {"type": "Feature", "geometry": {"type": "Polygon", "coordinates": [[[-137.93016852040435, 216.18589535413278], [-139.59371716215597, 217.41041535420507], [-141.7465448163511, 215.74061535407054], [-142.6272470383322, 215.07269535417493], [-141.64868901379288, 212.84629535386372], [-139.39800555738717, 208.17085535419892], [-138.12588012517315, 210.50857535383358], [-136.26661987865273, 209.39537535387572], [-137.3430337057503, 207.61425535402225], [-134.40735963178463, 205.94445535388772], [-134.7987828416699, 205.38785535410653], [-133.13523419991827, 204.49729535398205], [-132.84166679259124, 204.9425753540443], [-129.51456950908798, 209.84065535393796], [-130.19956012630027, 210.39725535411463], [-131.37382975560843, 211.17649535412468], [-137.93016852040435, 216.18589535413278]]]}, "properties": {"id": 355, "height_m": 12.0, "levels": 4, "category": "residencial", "extrude": true, "manzana_id": 4}}, {"type": "Feature", "geometry": {"type": "Polygon", "coordinates": [[[-141.64868901379288, 212.84629535386372], [-141.9422564211199, 212.73497535414478], [-138.90872654494368, 205.6104953539399], [-138.3215917302896, 205.94445535388772], [-139.39800555738717, 208.17085535419892], [-141.64868901379288, 212.84629535386372]]]}, "properties": {"id": 356, "height_m": 6.0, "levels": 2, "category": "residencial", "extrude": true, "manzana_id": 4}}, {"type": "Feature", "geometry": {"type": "Polygon", "coordinates": [[[-137.3430337057503, 207.61425535402225], [-136.26661987865273, 209.39537535387572], [-138.12588012517315, 210.50857535383358], [-139.39800555738717, 208.17085535419892], [-138.3215917302896, 205.94445535388772], [-138.3215917302896, 205.94445535388772], [-137.3430337057503, 207.61425535402225]]]}, "properties": {"id": 357, "height_m": 12.0, "levels": 4, "category": "residencial", "extrude": true, "manzana_id": 4}}, {"type": "Feature", "geometry": {"type": "Polygon", "coordinates": [[[-137.3430337057503, 207.61425535402225], [-138.3215917302896, 205.94445535388772], [-134.99449444678635, 198.7086553539639], [-134.30950382957406, 199.5992153540884], [-131.56954136072488, 203.3840953540242], [-131.17811815083962, 203.82937535408644], [-130.78669494095433, 204.38597535386762], [-127.65530926221989, 208.50481535414673], [-129.51456950908798, 209.84065535393796], [-132.84166679259124, 204.9425753540443], [-133.13523419991827, 204.49729535398205], [-134.7987828416699, 205.38785535410653], [-134.40735963178463, 205.94445535388772], [-137.3430337057503, 207.61425535402225]]]}, "properties": {"id": 358, "height_m": 12.0, "levels": 4, "category": "residencial", "extrude": true, "manzana_id": 4}}, {"type": "Feature", "geometry": {"type": "Polygon", "coordinates": [[[-131.37382975560843, 211.17649535412468], [-130.9824065460708, 211.73309535390587], [-137.5387453105191, 216.63117535419502], [-137.93016852040435, 216.18589535413278], [-131.37382975560843, 211.17649535412468]]]}, "properties": {"id": 359, "height_m": 6.0, "levels": 2, "category": "residencial", "extrude": true, "manzana_id": 4}}, {"type": "Feature", "geometry": {"type": "Polygon", "coordinates": [[[-130.78669494095433, 206.8350153540122], [-132.05882037282072, 204.9425753540443], [-131.17811815083962, 204.38597535386762], [-129.90599271897324, 206.27841535383553], [-130.78669494095433, 206.8350153540122]]]}, "properties": {"id": 360, "height_m": 6.0, "levels": 2, "category": "residencial", "extrude": true, "manzana_id": 4}}, {"type": "Feature", "geometry": {"type": "Polygon", "coordinates": [[[-124.9153467933707, 187.57665535398985], [-126.48103963291176, 188.6898553539477], [-127.55745346000931, 187.35401535415647], [-125.99176062046827, 186.12949535408418], [-125.30677000325596, 187.02005535420867], [-124.9153467933707, 187.57665535398985]]]}, "properties": {"id": 361, "height_m": 12.0, "levels": 4, "category": "residencial", "extrude": true, "manzana_id": 4}}, {"type": "Feature", "geometry": {"type": "Polygon", "coordinates": [[[-126.38318383035353, 192.36341535416457], [-126.57889543546999, 192.58605535399795], [-127.85102086733636, 193.47661535412243], [-130.10170432374204, 190.47097535419667], [-130.10170432374204, 190.5822953539156], [-130.6888391383961, 189.69173535418662], [-127.94887666954693, 183.79177535405404], [-127.85102086733636, 183.6804553539396], [-127.26388605268228, 184.45969535394966], [-126.87246284279702, 184.9049753540119], [-125.99176062046827, 186.12949535408418], [-127.55745346000931, 187.35401535415647], [-126.48103963291176, 188.6898553539477], [-124.9153467933707, 187.57665535398985], [-124.42606778127487, 188.13325535416652], [-124.13250037394783, 188.57853535383327], [-123.74107716406257, 189.13513535400995], [-123.1539423494085, 189.80305535390556], [-122.07752852231094, 191.25021535420672], [-122.07752852231094, 191.25021535420672], [-125.11105839848716, 193.6992553539558], [-126.18747222558473, 192.25209535405014], [-126.38318383035353, 192.36341535416457]]]}, "properties": {"id": 362, "height_m": 9.0, "levels": 3, "category": "residencial", "extrude": true, "manzana_id": 4}}, {"type": "Feature", "geometry": {"type": "Polygon", "coordinates": [[[-126.38318383035353, 192.36341535416457], [-126.18747222558473, 192.25209535405014], [-125.11105839848716, 193.6992553539558], [-125.20891420104539, 193.6992553539558], [-125.30677000325596, 193.81057535407024], [-125.50248160837243, 193.92189535418467], [-126.77460704023879, 194.9237753540281], [-127.85102086733636, 193.47661535412243], [-126.57889543546999, 192.58605535399795], [-126.38318383035353, 192.36341535416457]]]}, "properties": {"id": 363, "height_m": 12.0, "levels": 4, "category": "residencial", "extrude": true, "manzana_id": 4}}, {"type": "Feature", "geometry": {"type": "Polygon", "coordinates": [[[-122.76251913952323, 181.7880153539717], [-126.87246284279702, 184.9049753540119], [-127.26388605268228, 184.45969535394966], [-127.85102086733636, 183.6804553539396], [-127.75316506477813, 183.56913535382517], [-126.2853280277953, 180.34085535406604], [-122.76251913952323, 181.7880153539717]]]}, "properties": {"id": 365, "height_m": 15.0, "levels": 5, "category": "residencial", "extrude": true, "manzana_id": 4}}, {"type": "Feature", "geometry": {"type": "Polygon", "coordinates": [[[-116.10832457216907, 175.5540953538913], [-118.45686383148065, 174.44089535393346], [-115.61904556007323, 168.42961535408193], [-112.87908309122405, 170.09941535421646], [-112.38980407878056, 170.32205535404984], [-114.05335272087984, 173.77297535403784], [-114.54263173297568, 173.55033535420446], [-115.12976654762974, 173.3276953539756], [-116.10832457216907, 175.5540953538913]]]}, "properties": {"id": 366, "height_m": 6.0, "levels": 2, "category": "residencial", "extrude": true, "manzana_id": 4}}, {"type": "Feature", "geometry": {"type": "Polygon", "coordinates": [[[-116.10832457216907, 175.5540953538913], [-115.12976654762974, 173.3276953539756], [-114.54263173297568, 173.55033535420446], [-114.05335272087984, 173.77297535403784], [-112.38980407878056, 170.32205535404984], [-111.31339025203064, 170.98997535394545], [-109.5519858077208, 171.99185535418437], [-110.23697642493309, 172.43713535385112], [-121.58824950986745, 180.89745535384722], [-118.45686383148065, 174.44089535393346], [-116.10832457216907, 175.5540953538913]]]}, "properties": {"id": 367, "height_m": 3.0, "levels": 1, "category": "residencial", "extrude": true, "manzana_id": 4}}, {"type": "Feature", "geometry": {"type": "Polygon", "coordinates": [[[-119.72898926334702, 176.88993535407803], [-120.70754728788634, 179.00501535387932], [-121.58824950986745, 178.55973535421256], [-120.60969148532811, 176.55597535413023], [-119.72898926334702, 176.88993535407803]]]}, "properties": {"id": 368, "height_m": 15.0, "levels": 5, "category": "residencial", "extrude": true, "manzana_id": 4}}, {"type": "Feature", "geometry": {"type": "Polygon", "coordinates": [[[-119.23971025090353, 175.99937535395355], [-120.21826827544285, 175.66541535400575], [-119.33756605346176, 173.77297535403784], [-118.45686383148065, 174.21825535410008], [-119.23971025090353, 175.99937535395355]]]}, "properties": {"id": 369, "height_m": 15.0, "levels": 5, "category": "residencial", "extrude": true, "manzana_id": 4}}, {"type": "Feature", "geometry": {"type": "Polygon", "coordinates": [[[-117.96758481903716, 173.3276953539756], [-118.84828704101827, 172.88241535391336], [-117.96758481903716, 171.10129535405989], [-117.08688259705606, 171.54657535412213], [-117.96758481903716, 173.3276953539756]]]}, "properties": {"id": 370, "height_m": 15.0, "levels": 5, "category": "residencial", "extrude": true, "manzana_id": 4}}, {"type": "Feature", "geometry": {"type": "Polygon", "coordinates": [[[-118.84828704101827, 172.88241535391336], [-117.96758481903716, 173.3276953539756], [-118.45686383148065, 174.21825535410008], [-119.33756605346176, 173.77297535403784], [-120.21826827544285, 175.66541535400575], [-119.23971025090353, 175.99937535395355], [-119.72898926334702, 176.88993535407803], [-120.60969148532811, 176.55597535413023], [-121.58824950986745, 178.55973535421256], [-120.70754728788634, 179.00501535387932], [-121.58824950986745, 180.89745535384722], [-122.76251913952323, 181.7880153539717], [-126.2853280277953, 180.34085535406604], [-119.72898926334702, 166.4258553539996], [-119.63113346078879, 166.0918953540518], [-119.04399864613472, 166.4258553539996], [-115.61904556007323, 168.42961535408193], [-117.08688259705606, 171.54657535412213], [-117.96758481903716, 171.10129535405989], [-118.84828704101827, 172.88241535391336]]]}, "properties": {"id": 371, "height_m": 12.0, "levels": 4, "category": "residencial", "extrude": true, "manzana_id": 4}}, {"type": "Feature", "geometry": {"type": "Polygon", "coordinates": [[[-105.24633049967821, 163.3088953539594], [-100.84281938907739, 165.42397535415617], [-101.0385309938462, 165.64661535398955], [-107.59486975864213, 170.5446953538832], [-109.64984161027903, 169.09753535397755], [-110.04126481981663, 169.09753535397755], [-111.31339025203064, 169.3201753542064], [-111.99838086924295, 170.5446953538832], [-112.87908309122405, 170.09941535421646], [-113.27050630110931, 169.8767753539876], [-109.35627420260434, 161.30513535387706], [-108.47557198062323, 161.7504153539393], [-109.64984161027903, 164.42209535391726], [-107.20344654875687, 165.64661535398955], [-106.71416753631337, 165.86925535382292], [-106.32274432642811, 165.98057535393735], [-105.24633049967821, 163.3088953539594]]]}, "properties": {"id": 372, "height_m": 15.0, "levels": 5, "category": "residencial", "extrude": true, "manzana_id": 4}}, {"type": "Feature", "geometry": {"type": "Polygon", "coordinates": [[[-111.21553444947241, 165.42397535415617], [-113.27050630110931, 169.8767753539876], [-119.04399864613472, 166.4258553539996], [-119.63113346078879, 166.0918953540518], [-116.01046876995849, 158.52213535418016], [-115.81475716484204, 158.18817535383687], [-111.60695765935768, 160.30325535403364], [-113.36836210366754, 164.3107753541983], [-111.21553444947241, 165.42397535415617]]]}, "properties": {"id": 373, "height_m": 15.0, "levels": 5, "category": "residencial", "extrude": true, "manzana_id": 4}}, {"type": "Feature", "geometry": {"type": "Polygon", "coordinates": [[[-111.21553444947241, 165.42397535415617], [-113.36836210366754, 164.3107753541983], [-111.60695765935768, 160.30325535403364], [-109.35627420260434, 161.30513535387706], [-111.21553444947241, 165.42397535415617]]]}, "properties": {"id": 374, "height_m": 18.0, "levels": 6, "category": "residencial", "extrude": true, "manzana_id": 4}}, {"type": "Feature", "geometry": {"type": "Polygon", "coordinates": [[[-109.35627420260434, 161.30513535387706], [-115.81475716484204, 158.18817535383687], [-113.85764111576337, 153.95801535383882], [-110.33483222749132, 155.62781535397335], [-109.16056259783552, 153.2900953539432], [-108.67128358539203, 153.51273535417207], [-98.1028569202282, 158.6334553538991], [-99.08141494476753, 160.74853535409588], [-97.6135779077847, 163.08625535412602], [-100.84281938907739, 165.42397535415617], [-104.65919568467648, 163.6428553539072], [-103.09350284548309, 160.30325535403364], [-104.46348407990767, 159.63533535413802], [-103.87634926525361, 158.41081535406573], [-107.39915815352568, 156.85233535404564], [-107.88843716596917, 157.9655353540035], [-109.35627420260434, 161.30513535387706]]]}, "properties": {"id": 375, "height_m": 9.0, "levels": 3, "category": "residencial", "extrude": true, "manzana_id": 4}}, {"type": "Feature", "geometry": {"type": "Polygon", "coordinates": [[[-109.16056259783552, 153.2900953539432], [-110.33483222749132, 155.62781535397335], [-113.85764111576337, 153.95801535383882], [-112.78122728866582, 151.62029535420416], [-112.29194827656998, 151.84293535403754], [-111.11767864691419, 152.3995353542142], [-109.16056259783552, 153.2900953539432]]]}, "properties": {"id": 376, "height_m": 12.0, "levels": 4, "category": "residencial", "extrude": true, "manzana_id": 4}}, {"type": "Feature", "geometry": {"type": "Polygon", "coordinates": [[[-104.46348407990767, 159.63533535413802], [-107.88843716596917, 157.9655353540035], [-107.39915815352568, 156.85233535404564], [-103.87634926525361, 158.41081535406573], [-104.46348407990767, 159.63533535413802]]]}, "properties": {"id": 377, "height_m": 12.0, "levels": 4, "category": "residencial", "extrude": true, "manzana_id": 4}}, {"type": "Feature", "geometry": {"type": "Polygon", "coordinates": [[[-104.65919568467648, 163.6428553539072], [-105.9313211168905, 162.9749353540116], [-104.46348407990767, 159.63533535413802], [-103.09350284548309, 160.30325535403364], [-104.65919568467648, 163.6428553539072]]]}, "properties": {"id": 378, "height_m": 12.0, "levels": 4, "category": "residencial", "extrude": true, "manzana_id": 4}}, {"type": "Feature", "geometry": {"type": "Polygon", "coordinates": [[[-102.79993543815606, 156.29573535386896], [-108.67128358539203, 153.51273535417207], [-111.11767864691419, 152.3995353542142], [-112.29194827656998, 151.84293535403754], [-112.78122728866582, 151.62029535420416], [-110.13912062237486, 146.16561535413382], [-109.7476974124896, 146.3882553539672], [-100.15782877186508, 150.8410553541941], [-102.79993543815606, 156.29573535386896]]]}, "properties": {"id": 379, "height_m": 3.0, "levels": 1, "category": "residencial", "extrude": true, "manzana_id": 4}}, {"type": "Feature", "geometry": {"type": "Polygon", "coordinates": [[[-97.80928951290116, 151.84293535403754], [-98.20071272243878, 151.62029535420416], [-98.7878475374405, 151.3976553539753], [-100.15782877186508, 150.8410553541941], [-109.7476974124896, 146.3882553539672], [-110.13912062237486, 146.16561535413382], [-107.9862929685274, 141.60149535418796], [-107.9862929685274, 141.49017535407353], [-104.36562827734944, 143.15997535420806], [-105.24633049967821, 144.94109535406153], [-101.42995420373146, 146.722215353915], [-98.49428013011347, 148.16937535421616], [-98.49428013011347, 148.05805535410173], [-96.53716408068715, 148.94861535383072], [-97.80928951290116, 151.84293535403754]]]}, "properties": {"id": 380, "height_m": 12.0, "levels": 4, "category": "residencial", "extrude": true, "manzana_id": 4}}, {"type": "Feature", "geometry": {"type": "Polygon", "coordinates": [[[-101.42995420373146, 146.722215353915], [-105.24633049967821, 144.94109535406153], [-104.36562827734944, 143.15997535420806], [-100.64710778396093, 144.8297753539471], [-101.42995420373146, 146.722215353915]]]}, "properties": {"id": 381, "height_m": 15.0, "levels": 5, "category": "residencial", "extrude": true, "manzana_id": 4}}, {"type": "Feature", "geometry": {"type": "Polygon", "coordinates": [[[-98.49428013011347, 148.05805535410173], [-98.49428013011347, 148.16937535421616], [-101.42995420373146, 146.722215353915], [-100.64710778396093, 144.8297753539471], [-97.6135779077847, 146.27693535385276], [-98.49428013011347, 148.05805535410173]]]}, "properties": {"id": 382, "height_m": 3.0, "levels": 1, "category": "residencial", "extrude": true, "manzana_id": 4}}, {"type": "Feature", "geometry": {"type": "Polygon", "coordinates": [[[-96.53716408068715, 148.94861535383072], [-98.49428013011347, 148.05805535410173], [-97.6135779077847, 146.27693535385276], [-95.65646185870605, 147.0561753538628], [-96.53716408068715, 148.94861535383072]]]}, "properties": {"id": 383, "height_m": 15.0, "levels": 5, "category": "residencial", "extrude": true, "manzana_id": 4}}, {"type": "Feature", "geometry": {"type": "Polygon", "coordinates": [[[-95.26503864882078, 153.06745535410982], [-97.71143371034293, 151.95425535415197], [-97.80928951290116, 151.84293535403754], [-96.53716408068715, 148.94861535383072], [-95.85217346347486, 149.282575354174], [-94.97147124149375, 147.3901353542061], [-93.11221099462566, 148.2806953539351], [-95.26503864882078, 153.06745535410982]]]}, "properties": {"id": 384, "height_m": 12.0, "levels": 4, "category": "residencial", "extrude": true, "manzana_id": 4}}, {"type": "Feature", "geometry": {"type": "Polygon", "coordinates": [[[-94.97147124149375, 147.3901353542061], [-95.85217346347486, 149.282575354174], [-96.53716408068715, 148.94861535383072], [-95.65646185870605, 147.0561753538628], [-94.97147124149375, 147.3901353542061]]]}, "properties": {"id": 385, "height_m": 15.0, "levels": 5, "category": "residencial", "extrude": true, "manzana_id": 4}}, {"type": "Feature", "geometry": {"type": "Polygon", "coordinates": [[[-103.97420506746418, 143.271295353927], [-107.9862929685274, 141.49017535407353], [-105.63775370921581, 136.59209535417986], [-105.24633049967821, 136.81473535401324], [-94.09076901951265, 142.15809535396914], [-93.60149000706916, 142.380735354198], [-94.97147124149375, 145.38637535412377], [-96.7328756858036, 144.4958153539993], [-99.57069395686337, 143.15997535420806], [-103.19135864804132, 141.60149535418796], [-103.97420506746418, 143.271295353927]]]}, "properties": {"id": 386, "height_m": 12.0, "levels": 4, "category": "residencial", "extrude": true, "manzana_id": 4}}, {"type": "Feature", "geometry": {"type": "Polygon", "coordinates": [[[-100.45139617919213, 144.94109535406153], [-103.97420506746418, 143.271295353927], [-103.19135864804132, 141.60149535418796], [-99.57069395686337, 143.15997535420806], [-100.45139617919213, 144.94109535406153]]]}, "properties": {"id": 387, "height_m": 15.0, "levels": 5, "category": "residencial", "extrude": true, "manzana_id": 4}}, {"type": "Feature", "geometry": {"type": "Polygon", "coordinates": [[[-97.51572210522647, 146.27693535385276], [-100.45139617919213, 144.94109535406153], [-99.57069395686337, 143.15997535420806], [-96.7328756858036, 144.4958153539993], [-97.51572210522647, 146.27693535385276]]]}, "properties": {"id": 388, "height_m": 3.0, "levels": 1, "category": "residencial", "extrude": true, "manzana_id": 4}}, {"type": "Feature", "geometry": {"type": "Polygon", "coordinates": [[[-95.75431766126428, 147.0561753538628], [-97.51572210522647, 146.27693535385276], [-96.7328756858036, 144.4958153539993], [-94.97147124149375, 145.38637535412377], [-95.75431766126428, 147.0561753538628]]]}, "properties": {"id": 389, "height_m": 15.0, "levels": 5, "category": "residencial", "extrude": true, "manzana_id": 4}}, {"type": "Feature", "geometry": {"type": "Polygon", "coordinates": [[[-94.97147124149375, 147.3901353542061], [-95.75431766126428, 147.0561753538628], [-94.97147124149375, 145.38637535412377], [-94.18862482172322, 145.72033535407158], [-94.97147124149375, 147.3901353542061]]]}, "properties": {"id": 390, "height_m": 15.0, "levels": 5, "category": "residencial", "extrude": true, "manzana_id": 4}}, {"type": "Feature", "geometry": {"type": "Polygon", "coordinates": [[[-93.11221099462566, 148.2806953539351], [-94.97147124149375, 147.3901353542061], [-94.18862482172322, 145.72033535407158], [-94.97147124149375, 145.38637535412377], [-93.60149000706916, 142.380735354198], [-91.05723914333642, 143.6052553538748], [-93.11221099462566, 148.2806953539351]]]}, "properties": {"id": 391, "height_m": 12.0, "levels": 4, "category": "residencial", "extrude": true, "manzana_id": 4}}, {"type": "Feature", "geometry": {"type": "Polygon", "coordinates": [[[-93.40577840230036, 142.49205535391695], [-94.09076901951265, 142.15809535396914], [-105.24633049967821, 136.81473535401324], [-105.63775370921581, 136.59209535417986], [-103.28921445025189, 131.58269535417176], [-103.28921445025189, 131.47137535405733], [-99.17927074732576, 133.36381535402523], [-100.15782877186508, 135.47889535382652], [-96.63501988324538, 137.0373753538466], [-95.95002926603308, 138.03925535408553], [-93.99291321695442, 138.92981535421], [-93.50363420451093, 137.81661535385666], [-91.6443739579905, 138.5958553538667], [-93.40577840230036, 142.49205535391695]]]}, "properties": {"id": 392, "height_m": 12.0, "levels": 4, "category": "residencial", "extrude": true, "manzana_id": 4}}, {"type": "Feature", "geometry": {"type": "Polygon", "coordinates": [[[-96.63501988324538, 137.0373753538466], [-100.15782877186508, 135.47889535382652], [-99.17927074732576, 133.36381535402523], [-95.65646185870605, 134.92229535404533], [-96.63501988324538, 137.0373753538466]]]}, "properties": {"id": 393, "height_m": 15.0, "levels": 5, "category": "residencial", "extrude": true, "manzana_id": 4}}, {"type": "Feature", "geometry": {"type": "Polygon", "coordinates": [[[-93.50363420451093, 137.81661535385666], [-93.99291321695442, 138.92981535421], [-95.95002926603308, 138.03925535408553], [-96.63501988324538, 137.0373753538466], [-95.65646185870605, 134.92229535404533], [-92.81864358729862, 136.14681535411762], [-93.50363420451093, 137.81661535385666]]]}, "properties": {"id": 394, "height_m": 3.0, "levels": 1, "category": "residencial", "extrude": true, "manzana_id": 4}}, {"type": "Feature", "geometry": {"type": "Polygon", "coordinates": [[[-91.6443739579905, 138.5958553538667], [-93.50363420451093, 137.81661535385666], [-92.81864358729862, 136.14681535411762], [-90.95938334077819, 137.0373753538466], [-91.6443739579905, 138.5958553538667]]]}, "properties": {"id": 395, "height_m": 15.0, "levels": 5, "category": "residencial", "extrude": true, "manzana_id": 4}}, {"type": "Feature", "geometry": {"type": "Polygon", "coordinates": [[[-90.66581593345116, 143.71657535398924], [-93.40577840230036, 142.49205535391695], [-91.6443739579905, 138.5958553538667], [-90.95938334077819, 138.92981535421], [-90.2743927235659, 137.3713353541899], [-88.219420871929, 138.2618953539189], [-90.66581593345116, 143.71657535398924]]]}, "properties": {"id": 396, "height_m": 12.0, "levels": 4, "category": "residencial", "extrude": true, "manzana_id": 4}}, {"type": "Feature", "geometry": {"type": "Polygon", "coordinates": [[[-90.2743927235659, 137.3713353541899], [-90.95938334077819, 138.92981535421], [-91.6443739579905, 138.5958553538667], [-90.95938334077819, 137.0373753538466], [-90.2743927235659, 137.3713353541899]]]}, "properties": {"id": 397, "height_m": 15.0, "levels": 5, "category": "residencial", "extrude": true, "manzana_id": 4}}, {"type": "Feature", "geometry": {"type": "Polygon", "coordinates": [[[-92.81864358729862, 132.69589535412962], [-91.6443739579905, 130.24685535398504], [-88.51298827925604, 131.58269535417176], [-90.95938334077819, 137.0373753538466], [-100.54925198175036, 132.69589535412962], [-99.6685497594216, 130.8034553541617], [-102.31065642571255, 129.57893535408942], [-100.74496358651916, 126.12801535410142], [-96.14574087114954, 128.2430953539027], [-94.67790383416671, 128.79969535407938], [-96.04788506859131, 131.6940153538907], [-93.01435519241508, 133.14117535419186], [-92.81864358729862, 132.69589535412962]]]}, "properties": {"id": 398, "height_m": 9.0, "levels": 3, "category": "residencial", "extrude": true, "manzana_id": 4}}, {"type": "Feature", "geometry": {"type": "Polygon", "coordinates": [[[-88.51298827925604, 131.58269535417176], [-85.67517000784862, 132.918535353963], [-88.219420871929, 138.2618953539189], [-90.95938334077819, 137.0373753538466], [-88.51298827925604, 131.58269535417176]]]}, "properties": {"id": 399, "height_m": 9.0, "levels": 3, "category": "residencial", "extrude": true, "manzana_id": 4}}, {"type": "Feature", "geometry": {"type": "Polygon", "coordinates": [[[-100.54925198175036, 132.69589535412962], [-103.28921445025189, 131.47137535405733], [-102.31065642571255, 129.57893535408942], [-99.6685497594216, 130.8034553541617], [-100.54925198175036, 132.69589535412962]]]}, "properties": {"id": 400, "height_m": 12.0, "levels": 4, "category": "residencial", "extrude": true, "manzana_id": 4}}, {"type": "Feature", "geometry": {"type": "Polygon", "coordinates": [[[-87.14300704483145, 125.23745535397694], [-88.51298827925604, 128.2430953539027], [-90.95938334077819, 127.12989535394485], [-91.6443739579905, 125.79405535415361], [-90.86152753821996, 123.67897535395684], [-87.14300704483145, 125.23745535397694]]]}, "properties": {"id": 401, "height_m": 3.0, "levels": 1, "category": "residencial", "extrude": true, "manzana_id": 4}}, {"type": "Feature", "geometry": {"type": "Polygon", "coordinates": [[[-85.67517000784862, 125.90537535387256], [-86.26230482285034, 127.01857535383041], [-87.63228605727494, 126.3506553539348], [-87.14300704483145, 125.23745535397694], [-85.67517000784862, 125.90537535387256]]]}, "properties": {"id": 402, "height_m": 15.0, "levels": 5, "category": "residencial", "extrude": true, "manzana_id": 4}}, {"type": "Feature", "geometry": {"type": "Polygon", "coordinates": [[[-85.67517000784862, 132.918535353963], [-96.14574087114954, 128.2430953539027], [-97.02644309313064, 127.79781535384046], [-95.362894451379, 124.23557535413352], [-91.6443739579905, 125.79405535415361], [-90.95938334077819, 127.12989535394485], [-88.51298827925604, 128.2430953539027], [-87.63228605727494, 126.3506553539348], [-86.26230482285034, 127.01857535383041], [-85.67517000784862, 125.90537535387256], [-83.03306334155766, 127.12989535394485], [-85.67517000784862, 132.918535353963]]]}, "properties": {"id": 403, "height_m": 12.0, "levels": 4, "category": "residencial", "extrude": true, "manzana_id": 4}}, {"type": "Feature", "geometry": {"type": "Polygon", "coordinates": [[[-98.1028569202282, 120.56201535391665], [-98.00500111766998, 120.33937535408327], [-97.71143371034293, 120.4506953541977], [-95.55860605614781, 121.45257535404113], [-94.38433642683968, 122.12049535393675], [-94.38433642683968, 122.12049535393675], [-97.02644309313064, 127.79781535384046], [-100.74496358651916, 126.12801535410142], [-98.1028569202282, 120.56201535391665]]]}, "properties": {"id": 404, "height_m": 12.0, "levels": 4, "category": "residencial", "extrude": true, "manzana_id": 4}}, {"type": "Feature", "geometry": {"type": "Polygon", "coordinates": [[[-94.38433642683968, 122.12049535393675], [-94.38433642683968, 122.12049535393675], [-93.69934580962739, 122.45445535388455], [-90.86152753821996, 123.67897535395684], [-91.6443739579905, 125.79405535415361], [-95.362894451379, 124.23557535413352], [-94.38433642683968, 122.12049535393675]]]}, "properties": {"id": 405, "height_m": 15.0, "levels": 5, "category": "residencial", "extrude": true, "manzana_id": 4}}, {"type": "Feature", "geometry": {"type": "Polygon", "coordinates": [[[-95.46075025393723, 121.56389535415556], [-95.55860605614781, 121.45257535404113], [-97.71143371034293, 120.4506953541977], [-98.00500111766998, 120.33937535408327], [-92.91649938985685, 109.54133535405703], [-92.81864358729862, 109.4300153539426], [-92.72078778508805, 109.4300153539426], [-90.2743927235659, 110.54321535390045], [-92.32936457520279, 114.88469535401293], [-93.40577840230036, 117.22241535404308], [-95.46075025393723, 121.56389535415556]]]}, "properties": {"id": 406, "height_m": 12.0, "levels": 4, "category": "residencial", "extrude": true, "manzana_id": 4}}, {"type": "Feature", "geometry": {"type": "Polygon", "coordinates": [[[-98.00500111766998, 120.33937535408327], [-92.9241169073994, 109.55750008456616], [-94.38433642683968, 111.3224553539105], [-97.32001050045767, 117.44505535387646], [-98.00500111766998, 120.33937535408327]]]}, "properties": {"id": 407, "height_m": 9.0, "levels": 3, "category": "residencial", "extrude": true, "manzana_id": 4}}, {"type": "Feature", "geometry": {"type": "Polygon", "coordinates": [[[-85.57731420563805, 126.01669535398699], [-93.69934580962739, 122.45445535388455], [-94.38433642683968, 122.12049535393675], [-95.46075025393723, 121.56389535415556], [-93.40577840230036, 117.22241535404308], [-89.68725790891183, 119.11485535401098], [-89.98082531623886, 119.7827753539066], [-87.04515124227322, 121.3412553539267], [-85.08803519319456, 116.88845535409527], [-87.92585346460197, 115.55261535390855], [-88.51298827925604, 116.77713535398084], [-92.32936457520279, 114.88469535401293], [-90.2743927235659, 110.54321535390045], [-82.54378432946183, 113.99413535388845], [-83.52234235400115, 116.3318553539186], [-78.92311963828388, 118.44693535411537], [-82.34807272434537, 125.79405535415361], [-84.89232358842575, 124.68085535419576], [-85.57731420563805, 126.01669535398699]]]}, "properties": {"id": 408, "height_m": 12.0, "levels": 4, "category": "residencial", "extrude": true, "manzana_id": 4}}, {"type": "Feature", "geometry": {"type": "Polygon", "coordinates": [[[-89.68725790891183, 119.11485535401098], [-93.40577840230036, 117.22241535404308], [-92.32936457520279, 114.88469535401293], [-88.51298827925604, 116.77713535398084], [-89.68725790891183, 119.11485535401098]]]}, "properties": {"id": 409, "height_m": 15.0, "levels": 5, "category": "residencial", "extrude": true, "manzana_id": 4}}, {"type": "Feature", "geometry": {"type": "Polygon", "coordinates": [[[-88.51298827925604, 116.77713535398084], [-87.92585346460197, 115.55261535390855], [-85.08803519319456, 116.88845535409527], [-87.04515124227322, 121.3412553539267], [-89.98082531623886, 119.7827753539066], [-89.68725790891183, 119.11485535401098], [-88.51298827925604, 116.77713535398084]]]}, "properties": {"id": 410, "height_m": 3.0, "levels": 1, "category": "residencial", "extrude": true, "manzana_id": 4}}, {"type": "Feature", "geometry": {"type": "Polygon", "coordinates": [[[-83.03306334155766, 127.12989535394485], [-85.57731420563805, 126.01669535398699], [-84.89232358842575, 124.68085535419576], [-82.34807272434537, 125.79405535415361], [-83.03306334155766, 127.12989535394485]]]}, "properties": {"id": 411, "height_m": 15.0, "levels": 5, "category": "residencial", "extrude": true, "manzana_id": 4}}, {"type": "Feature", "geometry": {"type": "Polygon", "coordinates": [[[-78.92311963828388, 118.44693535411537], [-83.52234235400115, 116.3318553539186], [-82.54378432946183, 113.99413535388845], [-77.84670581153398, 116.10921535408522], [-78.92311963828388, 118.44693535411537]]]}, "properties": {"id": 412, "height_m": 15.0, "levels": 5, "category": "residencial", "extrude": true, "manzana_id": 4}}, {"type": "Feature", "geometry": {"type": "Polygon", "coordinates": [[[-89.39369050123715, 110.98849535396269], [-92.72078778508805, 109.4300153539426], [-92.81864358729862, 109.4300153539426], [-90.2743927235659, 103.86401535415331], [-90.17653692100767, 103.97533535387225], [-83.1309191441159, 107.20361535402688], [-84.01162136609699, 109.20737535410922], [-87.82799766204374, 107.53757535397469], [-89.39369050123715, 110.98849535396269]]]}, "properties": {"id": 413, "height_m": 12.0, "levels": 4, "category": "residencial", "extrude": true, "manzana_id": 4}}, {"type": "Feature", "geometry": {"type": "Polygon", "coordinates": [[[-84.01162136609699, 109.20737535410922], [-85.57731420563805, 112.65829535409722], [-89.39369050123715, 110.98849535396269], [-87.82799766204374, 107.53757535397469], [-84.01162136609699, 109.20737535410922]]]}, "properties": {"id": 414, "height_m": 15.0, "levels": 5, "category": "residencial", "extrude": true, "manzana_id": 4}}, {"type": "Feature", "geometry": {"type": "Polygon", "coordinates": [[[-81.95664951446011, 111.43377535402493], [-84.01162136609699, 110.54321535390045], [-84.79446778586752, 110.76585535412931], [-83.1309191441159, 107.20361535402688], [-75.49816655257005, 110.76585535412931], [-77.84670581153398, 116.10921535408522], [-82.54378432946183, 113.99413535388845], [-81.56522630492249, 111.6564153538583], [-81.95664951446011, 111.43377535402493]]]}, "properties": {"id": 415, "height_m": 12.0, "levels": 4, "category": "residencial", "extrude": true, "manzana_id": 4}}, {"type": "Feature", "geometry": {"type": "Polygon", "coordinates": [[[-83.1309191441159, 107.20361535402688], [-90.17653692100767, 103.97533535387225], [-90.2743927235659, 103.86401535415331], [-88.0237092671602, 99.07725535397859], [-87.73014185948551, 98.5206553541974], [-84.40304457598226, 100.0791353542175], [-85.96873741552331, 103.41873535409107], [-82.2502169221348, 105.19985535394454], [-83.1309191441159, 107.20361535402688]]]}, "properties": {"id": 416, "height_m": 12.0, "levels": 4, "category": "residencial", "extrude": true, "manzana_id": 4}}, {"type": "Feature", "geometry": {"type": "Polygon", "coordinates": [[[-82.2502169221348, 105.19985535394454], [-85.96873741552331, 103.41873535409107], [-84.40304457598226, 100.0791353542175], [-80.68452408259374, 101.86025535407097], [-81.46737050236426, 103.64137535392445], [-82.2502169221348, 105.19985535394454]]]}, "properties": {"id": 417, "height_m": 15.0, "levels": 5, "category": "residencial", "extrude": true, "manzana_id": 4}}, {"type": "Feature", "geometry": {"type": "Polygon", "coordinates": [[[-75.40031075001183, 110.76585535412931], [-83.1309191441159, 107.20361535402688], [-82.2502169221348, 105.19985535394454], [-81.46737050236426, 103.64137535392445], [-81.17380309503723, 104.4206153539345], [-78.8252638360733, 105.53381535389235], [-77.65099420641752, 103.30741535397664], [-72.95391568848967, 105.53381535389235], [-75.40031075001183, 110.76585535412931]]]}, "properties": {"id": 418, "height_m": 12.0, "levels": 4, "category": "residencial", "extrude": true, "manzana_id": 4}}, {"type": "Feature", "geometry": {"type": "Polygon", "coordinates": [[[-84.99017939098398, 99.7451753538742], [-87.73014185948551, 98.5206553541974], [-83.81590976132819, 90.28297535403468], [-83.3266307488847, 89.16977535407682], [-80.68452408259374, 90.50561535386805], [-82.2502169221348, 93.95653535385605], [-83.3266307488847, 96.18293535416726], [-84.99017939098398, 99.7451753538742]]]}, "properties": {"id": 419, "height_m": 12.0, "levels": 4, "category": "residencial", "extrude": true, "manzana_id": 4}}, {"type": "Feature", "geometry": {"type": "Polygon", "coordinates": [[[-72.75820408372087, 105.64513535400678], [-84.99017939098398, 99.7451753538742], [-83.3266307488847, 96.18293535416726], [-79.41239865072737, 98.07537535413516], [-79.70596605805441, 98.5206553541974], [-77.16171519432167, 99.63385535415526], [-75.69387815733886, 96.51689535411506], [-78.14027321886101, 95.29237535404278], [-78.33598482362981, 95.73765535410502], [-82.2502169221348, 93.95653535385605], [-80.68452408259374, 90.50561535386805], [-68.55040457788886, 96.2942553538862], [-69.92038581231344, 99.29989535420745], [-70.70323223208398, 98.85461535414521], [-72.26892507127737, 102.30553535413321], [-71.38822284929627, 102.75081535419545], [-72.75820408372087, 105.64513535400678]]]}, "properties": {"id": 420, "height_m": 15.0, "levels": 5, "category": "residencial", "extrude": true, "manzana_id": 4}}, {"type": "Feature", "geometry": {"type": "Polygon", "coordinates": [[[-79.41239865072737, 98.07537535413516], [-83.3266307488847, 96.18293535416726], [-82.2502169221348, 93.95653535385605], [-78.33598482362981, 95.73765535410502], [-79.41239865072737, 98.07537535413516]]]}, "properties": {"id": 421, "height_m": 18.0, "levels": 6, "category": "residencial", "extrude": true, "manzana_id": 4}}, {"type": "Feature", "geometry": {"type": "Polygon", "coordinates": [[[-78.33598482362981, 95.73765535410502], [-78.14027321886101, 95.29237535404278], [-75.69387815733886, 96.51689535411506], [-77.16171519432167, 99.63385535415526], [-79.70596605805441, 98.5206553541974], [-79.41239865072737, 98.07537535413516], [-78.33598482362981, 95.73765535410502]]]}, "properties": {"id": 422, "height_m": 3.0, "levels": 1, "category": "residencial", "extrude": true, "manzana_id": 4}}, {"type": "Feature", "geometry": {"type": "Polygon", "coordinates": [[[-69.13753939254292, 103.86401535415331], [-70.40966482475693, 106.75833535396464], [-72.75820408372087, 105.64513535400678], [-71.38822284929627, 102.75081535419545], [-70.11609741708224, 103.41873535409107], [-69.13753939254292, 103.86401535415331]]]}, "properties": {"id": 423, "height_m": 18.0, "levels": 6, "category": "residencial", "extrude": true, "manzana_id": 4}}, {"type": "Feature", "geometry": {"type": "Polygon", "coordinates": [[[-71.38822284929627, 102.75081535419545], [-72.26892507127737, 102.30553535413321], [-70.70323223208398, 98.85461535414521], [-69.92038581231344, 99.29989535420745], [-68.55040457788886, 99.85649535398863], [-70.11609741708224, 103.41873535409107], [-71.38822284929627, 102.75081535419545]]]}, "properties": {"id": 424, "height_m": 3.0, "levels": 1, "category": "residencial", "extrude": true, "manzana_id": 4}}, {"type": "Feature", "geometry": {"type": "Polygon", "coordinates": [[[-68.55040457788886, 99.85649535398863], [-69.92038581231344, 99.29989535420745], [-68.55040457788886, 96.2942553538862], [-66.29972112148316, 97.40745535384406], [-66.69114433136842, 98.40933535408297], [-67.57184655334952, 100.4130953541653], [-68.55040457788886, 99.85649535398863]]]}, "properties": {"id": 425, "height_m": 18.0, "levels": 6, "category": "residencial", "extrude": true, "manzana_id": 4}}, {"type": "Feature", "geometry": {"type": "Polygon", "coordinates": [[[-64.92973988705856, 94.51313535403273], [-66.29972112148316, 97.40745535384406], [-69.33325099765938, 95.96029535393839], [-68.061125565793, 92.95465535401263], [-64.92973988705856, 94.51313535403273]]]}, "properties": {"id": 426, "height_m": 18.0, "levels": 6, "category": "residencial", "extrude": true, "manzana_id": 4}}, {"type": "Feature", "geometry": {"type": "Polygon", "coordinates": [[[-63.55975865263397, 91.39617535399253], [-66.69114433136842, 90.0603353542013], [-65.32116309694382, 87.05469535388005], [-62.189777418209374, 88.39053535406677], [-62.581200628094635, 89.28109535419125], [-62.77691223286344, 89.726375353858], [-63.55975865263397, 91.39617535399253]]]}, "properties": {"id": 427, "height_m": 18.0, "levels": 6, "category": "residencial", "extrude": true, "manzana_id": 4}}, {"type": "Feature", "geometry": {"type": "Polygon", "coordinates": [[[-78.92311963828388, 87.61129535405672], [-80.39095667526671, 90.61693535398248], [-83.3266307488847, 89.16977535407682], [-82.6416401316724, 87.8339353538901], [-82.4459285269036, 87.27733535410891], [-82.2502169221348, 86.83205535404667], [-81.95664951446011, 86.16413535415106], [-78.92311963828388, 87.61129535405672]]]}, "properties": {"id": 428, "height_m": 12.0, "levels": 4, "category": "residencial", "extrude": true, "manzana_id": 4}}, {"type": "Feature", "geometry": {"type": "Polygon", "coordinates": [[[-77.94456161374455, 85.27357535402658], [-78.92311963828388, 87.61129535405672], [-81.95664951446011, 86.16413535415106], [-81.66308210713306, 85.71885535408882], [-81.46737050236426, 85.16225535391214], [-81.27165889759546, 84.7169753538499], [-80.8802356877102, 83.93773535383986], [-77.94456161374455, 85.27357535402658]]]}, "properties": {"id": 429, "height_m": 18.0, "levels": 6, "category": "residencial", "extrude": true, "manzana_id": 4}}, {"type": "Feature", "geometry": {"type": "Polygon", "coordinates": [[[-77.94456161374455, 85.27357535402658], [-80.8802356877102, 83.93773535383986], [-79.99953346538145, 81.933975354153], [-79.5102544532856, 80.9320953539141], [-76.47672457710938, 82.15661535398638], [-77.94456161374455, 85.27357535402658]]]}, "properties": {"id": 430, "height_m": 12.0, "levels": 4, "category": "residencial", "extrude": true, "manzana_id": 4}}, {"type": "Feature", "geometry": {"type": "Polygon", "coordinates": [[[-76.47672457710938, 82.15661535398638], [-65.32116309694382, 87.05469535388005], [-69.33325099765938, 95.96029535393839], [-80.39095667526671, 90.61693535398248], [-76.47672457710938, 82.15661535398638]]]}, "properties": {"id": 431, "height_m": 15.0, "levels": 5, "category": "residencial", "extrude": true, "manzana_id": 4}}, {"type": "Feature", "geometry": {"type": "Polygon", "coordinates": [[[-73.83461791047077, 87.05469535388005], [-70.99679963941101, 88.27921535395234], [-72.3667808738356, 91.50749535410696], [-75.20459914489537, 90.17165535392024], [-73.83461791047077, 87.05469535388005]]]}, "properties": {"id": 432, "height_m": 3.0, "levels": 1, "category": "residencial", "extrude": true, "manzana_id": 4}}, {"type": "Feature", "geometry": {"type": "Polygon", "coordinates": [[[-70.50752062696752, 84.82829535396434], [-79.5102544532856, 80.9320953539141], [-77.74885000897575, 76.81325535403047], [-71.38822284929627, 79.7075753538418], [-71.6817902566233, 80.48681535385185], [-69.23539519510115, 81.71133535392414], [-70.50752062696752, 84.82829535396434]]]}, "properties": {"id": 433, "height_m": 15.0, "levels": 5, "category": "residencial", "extrude": true, "manzana_id": 4}}, {"type": "Feature", "geometry": {"type": "Polygon", "coordinates": [[[-69.23539519510115, 81.71133535392414], [-71.6817902566233, 80.48681535385185], [-71.38822284929627, 79.7075753538418], [-77.74885000897575, 76.81325535403047], [-76.67243618187818, 74.3642153538859], [-70.21395321964047, 77.25853535409271], [-69.72467420754464, 76.36797535396823], [-67.18042334346426, 77.48117535392609], [-67.57184655334952, 78.26041535393614], [-68.84397198521589, 80.9320953539141], [-69.23539519510115, 81.71133535392414]]]}, "properties": {"id": 434, "height_m": 18.0, "levels": 6, "category": "residencial", "extrude": true, "manzana_id": 4}}, {"type": "Feature", "geometry": {"type": "Polygon", "coordinates": [[[-67.57184655334952, 78.26041535393614], [-67.18042334346426, 77.48117535392609], [-69.72467420754464, 76.36797535396823], [-70.21395321964047, 77.25853535409271], [-76.67243618187818, 74.3642153538859], [-75.00888754012657, 70.35669535411671], [-57.59055470283975, 78.03777535410276], [-58.37340112226263, 79.7075753538418], [-60.03694976401425, 83.4924553541731], [-62.87476803542167, 82.04529535387195], [-62.2876332207676, 80.82077535419515], [-66.29972112148316, 78.81701535411281], [-67.57184655334952, 78.26041535393614]]]}, "properties": {"id": 435, "height_m": 15.0, "levels": 5, "category": "residencial", "extrude": true, "manzana_id": 4}}, {"type": "Feature", "geometry": {"type": "Polygon", "coordinates": [[[-60.03694976401425, 83.4924553541731], [-60.62408457901597, 84.82829535396434], [-62.189777418209374, 88.39053535406677], [-70.50752062696752, 84.82829535396434], [-69.23539519510115, 81.71133535392414], [-68.84397198521589, 80.9320953539141], [-67.57184655334952, 81.48869535409077], [-63.55975865263397, 83.4924553541731], [-62.87476803542167, 82.04529535387195], [-60.03694976401425, 83.4924553541731]]]}, "properties": {"id": 436, "height_m": 18.0, "levels": 6, "category": "residencial", "extrude": true, "manzana_id": 4}}, {"type": "Feature", "geometry": {"type": "Polygon", "coordinates": [[[-62.87476803542167, 82.04529535387195], [-63.55975865263397, 83.4924553541731], [-67.57184655334952, 81.48869535409077], [-66.98471173869545, 80.26417535401848], [-62.87476803542167, 82.04529535387195]]]}, "properties": {"id": 437, "height_m": 6.0, "levels": 2, "category": "residencial", "extrude": true, "manzana_id": 4}}, {"type": "Feature", "geometry": {"type": "Polygon", "coordinates": [[[-62.87476803542167, 82.04529535387195], [-66.98471173869545, 80.26417535401848], [-66.29972112148316, 78.81701535411281], [-62.2876332207676, 80.82077535419515], [-62.87476803542167, 82.04529535387195]]]}, "properties": {"id": 438, "height_m": 3.0, "levels": 1, "category": "residencial", "extrude": true, "manzana_id": 4}}, {"type": "Feature", "geometry": {"type": "Polygon", "coordinates": [[[-41.150779889744626, 88.72449535401458], [-40.172221865205294, 89.16977535407682], [-42.03148211207338, 93.06597535412706], [-42.22719371684218, 93.5112553541893], [-42.32504951940041, 93.73389535402268], [-43.20575174138151, 93.28861535396044], [-41.150779889744626, 88.72449535401458]]]}, "properties": {"id": 439, "height_m": 12.0, "levels": 4, "category": "residencial", "extrude": true, "manzana_id": 4}}, {"type": "Feature", "geometry": {"type": "Polygon", "coordinates": [[[-59.15624754203315, 85.83017535420325], [-59.64552655412899, 85.60753535397438], [-60.72194038122655, 85.16225535391214], [-60.62408457901597, 84.82829535396434], [-58.66696852958966, 80.59813535396628], [-56.318429270625735, 81.71133535392414], [-57.884122110166786, 85.16225535391214], [-58.66696852958966, 84.7169753538499], [-59.15624754203315, 85.83017535420325]]]}, "properties": {"id": 440, "height_m": 18.0, "levels": 6, "category": "residencial", "extrude": true, "manzana_id": 4}}, {"type": "Feature", "geometry": {"type": "Polygon", "coordinates": [[[-56.318429270625735, 81.71133535392414], [-41.150779889744626, 88.72449535401458], [-43.20575174138151, 93.28861535396044], [-45.750002605461894, 92.17541535400258], [-59.15624754203315, 85.83017535420325], [-58.66696852958966, 84.7169753538499], [-57.884122110166786, 85.16225535391214], [-56.318429270625735, 81.71133535392414]]]}, "properties": {"id": 441, "height_m": 15.0, "levels": 5, "category": "residencial", "extrude": true, "manzana_id": 4}}, {"type": "Feature", "geometry": {"type": "Polygon", "coordinates": [[[-43.79288655603558, 96.85085535406287], [-44.67358877836434, 98.63197535391635], [-44.771444580574915, 99.07725535397859], [-50.83850433292736, 96.18293535416726], [-49.859946308388025, 93.95653535385605], [-43.79288655603558, 96.85085535406287]]]}, "properties": {"id": 442, "height_m": 18.0, "levels": 6, "category": "residencial", "extrude": true, "manzana_id": 4}}, {"type": "Feature", "geometry": {"type": "Polygon", "coordinates": [[[-52.20848556735195, 95.51501535387615], [-55.1441596413176, 94.06785535397049], [-53.872034209451236, 91.2848553538781], [-51.52349495013966, 92.39805535383596], [-51.13207174060204, 93.177295353846], [-52.20848556735195, 95.51501535387615]]]}, "properties": {"id": 443, "height_m": 3.0, "levels": 1, "category": "residencial", "extrude": true, "manzana_id": 4}}, {"type": "Feature", "geometry": {"type": "Polygon", "coordinates": [[[-60.03694976401425, 91.84145535405477], [-60.23266136913071, 91.73013535394034], [-61.99406581344057, 90.83957535421135], [-63.07047964019048, 90.28297535403468], [-62.77691223286344, 89.726375353858], [-62.581200628094635, 89.28109535419125], [-61.79835420832411, 87.49997535394229], [-58.66696852958966, 88.83581535412901], [-60.03694976401425, 91.84145535405477]]]}, "properties": {"id": 444, "height_m": 3.0, "levels": 1, "category": "residencial", "extrude": true, "manzana_id": 4}}, {"type": "Feature", "geometry": {"type": "Polygon", "coordinates": [[[-46.04357001278893, 95.73765535410502], [-49.859946308388025, 93.95653535385605], [-50.83850433292736, 96.18293535416726], [-52.20848556735195, 95.51501535387615], [-51.13207174060204, 93.177295353846], [-51.52349495013966, 92.39805535383596], [-53.872034209451236, 91.2848553538781], [-55.1441596413176, 94.06785535397049], [-59.54767075191842, 92.06409535388815], [-60.03694976401425, 91.84145535405477], [-58.66696852958966, 88.83581535412901], [-61.79835420832411, 87.49997535394229], [-60.72194038122655, 85.16225535391214], [-59.64552655412899, 85.60753535397438], [-45.750002605461894, 92.17541535400258], [-44.575732975806105, 92.73201535417925], [-46.04357001278893, 95.73765535410502]]]}, "properties": {"id": 445, "height_m": 15.0, "levels": 5, "category": "residencial", "extrude": true, "manzana_id": 4}}, {"type": "Feature", "geometry": {"type": "Polygon", "coordinates": [[[-44.575732975806105, 92.73201535417925], [-42.32504951940041, 93.73389535402268], [-42.52076112416922, 94.06785535397049], [-43.79288655603558, 96.85085535406287], [-46.04357001278893, 95.73765535410502], [-44.575732975806105, 92.73201535417925]]]}, "properties": {"id": 446, "height_m": 12.0, "levels": 4, "category": "residencial", "extrude": true, "manzana_id": 4}}, {"type": "Feature", "geometry": {"type": "Polygon", "coordinates": [[[-46.337137420115965, 102.30553535413321], [-47.11998383953884, 104.08665535398669], [-47.3156954446553, 104.4206153539345], [-50.44708112338975, 102.97345535402883], [-50.936360135485586, 102.75081535419545], [-49.957802110946254, 100.63573535399868], [-46.337137420115965, 102.30553535413321]]]}, "properties": {"id": 447, "height_m": 12.0, "levels": 4, "category": "residencial", "extrude": true, "manzana_id": 4}}, {"type": "Feature", "geometry": {"type": "Polygon", "coordinates": [[[-61.30907519622827, 97.63009535407292], [-65.4190188991544, 95.62633535399058], [-65.4190188991544, 95.51501535387615], [-65.4190188991544, 95.40369535415721], [-64.24474926984627, 92.95465535401263], [-62.38548902297818, 93.73389535402268], [-61.30907519622827, 91.17353535415916], [-60.23266136913071, 91.73013535394034], [-59.54767075191842, 92.06409535388815], [-55.53558285120286, 93.95653535385605], [-56.709852480510996, 96.51689535411506], [-60.13480556657248, 94.95841535409497], [-61.30907519622827, 97.63009535407292]]]}, "properties": {"id": 448, "height_m": 12.0, "levels": 4, "category": "residencial", "extrude": true, "manzana_id": 4}}, {"type": "Feature", "geometry": {"type": "Polygon", "coordinates": [[[-56.709852480510996, 96.51689535411506], [-53.48061099956597, 98.07537535413516], [-52.30634136991018, 95.51501535387615], [-44.771444580574915, 99.07725535397859], [-44.869300383133144, 99.18857535409302], [-45.0650119882496, 99.63385535415526], [-46.23928161755774, 102.19421535401878], [-46.337137420115965, 102.30553535413321], [-49.957802110946254, 100.63573535399868], [-50.936360135485586, 102.75081535419545], [-50.936360135485586, 102.75081535419545], [-51.52349495013966, 102.52817535396659], [-54.06774581422004, 101.19233535417536], [-54.557024826315875, 100.96969535394649], [-55.04630383875937, 100.63573535399868], [-56.61199667795277, 99.85649535398863], [-57.10127569039626, 99.63385535415526], [-61.30907519622827, 97.63009535407292], [-60.13480556657248, 94.95841535409497], [-56.709852480510996, 96.51689535411506]]]}, "properties": {"id": 449, "height_m": 9.0, "levels": 3, "category": "residencial", "extrude": true, "manzana_id": 4}}, {"type": "Feature", "geometry": {"type": "Polygon", "coordinates": [[[-58.569112727379085, 102.08289535390435], [-63.657614455192196, 99.63385535415526], [-62.581200628094635, 97.07349535389625], [-57.394843097723296, 99.52253535404083], [-58.569112727379085, 102.08289535390435]]]}, "properties": {"id": 450, "height_m": 9.0, "levels": 3, "category": "residencial", "extrude": true, "manzana_id": 4}}, {"type": "Feature", "geometry": {"type": "Polygon", "coordinates": [[[-48.88138828384869, 107.76021535420355], [-48.97924408640692, 107.8715353539225], [-49.66423470361922, 109.4300153539426], [-49.859946308388025, 109.87529535400483], [-54.26345741898884, 107.76021535420355], [-53.38275519700774, 105.64513535400678], [-48.88138828384869, 107.76021535420355]]]}, "properties": {"id": 451, "height_m": 9.0, "levels": 3, "category": "residencial", "extrude": true, "manzana_id": 4}}, {"type": "Feature", "geometry": {"type": "Polygon", "coordinates": [[[-48.58782087652166, 107.20361535402688], [-48.88138828384869, 107.76021535420355], [-53.38275519700774, 105.64513535400678], [-54.26345741898884, 107.76021535420355], [-57.68841050505033, 106.09041535406902], [-66.98471173869545, 101.41497535400873], [-67.86541396067655, 100.96969535394649], [-66.789000133579, 98.5206553541974], [-66.69114433136842, 98.40933535408297], [-66.59328852881019, 98.1866953538541], [-55.731294455971664, 103.41873535409107], [-54.557024826315875, 100.96969535394649], [-54.06774581422004, 101.19233535417536], [-51.52349495013966, 102.52817535396659], [-50.936360135485586, 102.75081535419545], [-50.44708112338975, 102.97345535402883], [-47.3156954446553, 104.4206153539345], [-47.413551247213526, 104.53193535404893], [-47.60926285198233, 105.08853535383011], [-48.58782087652166, 107.20361535402688]]]}, "properties": {"id": 452, "height_m": 6.0, "levels": 2, "category": "residencial", "extrude": true, "manzana_id": 4}}, {"type": "Feature", "geometry": {"type": "Polygon", "coordinates": [[[-57.394843097723296, 106.20173535418346], [-49.859946308388025, 109.87529535400483], [-49.859946308388025, 109.98661535411927], [-50.15351371606271, 110.4318953541815], [-52.01277396258315, 114.66205535417956], [-52.30634136991018, 115.10733535384631], [-52.795620382353675, 114.88469535401293], [-55.1441596413176, 113.77149535405508], [-55.633438653413435, 113.54885535382621], [-56.12271766585693, 113.32621535399284], [-62.38548902297818, 110.20925535395264], [-61.30907519622827, 107.76021535420355], [-67.08256754090603, 105.08853535383011], [-67.37613494858071, 104.97721535411117], [-67.76755815811832, 104.7545753538823], [-68.061125565793, 104.64325535416336], [-66.59328852881019, 101.63761535384211], [-66.39757692369373, 101.74893535395654], [-66.00615371415613, 101.86025535407097], [-65.71258630682908, 102.08289535390435], [-60.03694976401425, 104.86589535399673], [-60.330517171341285, 105.64513535400678], [-60.42837297389951, 105.86777535384016], [-57.78626630760856, 106.9809753541935], [-57.394843097723296, 106.20173535418346]]]}, "properties": {"id": 453, "height_m": 3.0, "levels": 1, "category": "residencial", "extrude": true, "manzana_id": 4}}, {"type": "Feature", "geometry": {"type": "Polygon", "coordinates": [[[-69.92038581231344, 119.89409535402103], [-74.51960852768306, 117.66769535410532], [-75.20459914489537, 117.33373535415751], [-72.75820408372087, 111.9903753542016], [-70.60537642952575, 107.09229535391245], [-70.3118090221987, 106.42437535401683], [-69.4311068002176, 106.75833535396464], [-68.94182778777412, 107.09229535391245], [-65.02759568961679, 108.98473535388035], [-65.81044210903967, 110.65453535401488], [-69.13753939254292, 109.20737535410922], [-72.3667808738356, 116.44317535403303], [-69.03968359033234, 118.00165535405313], [-69.92038581231344, 119.89409535402103]]]}, "properties": {"id": 454, "height_m": 18.0, "levels": 6, "category": "residencial", "extrude": true, "manzana_id": 4}}, {"type": "Feature", "geometry": {"type": "Polygon", "coordinates": [[[-69.92038581231344, 119.89409535402103], [-69.03968359033234, 118.00165535405313], [-72.3667808738356, 116.44317535403303], [-69.13753939254292, 109.20737535410922], [-65.81044210903967, 110.65453535401488], [-65.02759568961679, 108.98473535388035], [-63.07047964019048, 109.87529535400483], [-56.12271766585693, 113.32621535399284], [-55.633438653413435, 113.54885535382621], [-55.1441596413176, 113.77149535405508], [-57.199131492954486, 118.2242953538865], [-57.394843097723296, 118.78089535406318], [-57.78626630760856, 117.66769535410532], [-59.74338235668722, 116.77713535398084], [-59.93909396180368, 117.33373535415751], [-61.21121939367004, 117.77901535382426], [-61.89621001088234, 119.00353535389655], [-61.406930998438845, 119.22617535412542], [-60.81979618378478, 120.78465535414551], [-59.44981494936018, 121.45257535404113], [-58.37340112226263, 120.89597535386446], [-58.569112727379085, 121.11861535409332], [-60.13480556657248, 124.56953535408132], [-69.92038581231344, 119.89409535402103]]]}, "properties": {"id": 455, "height_m": 15.0, "levels": 5, "category": "residencial", "extrude": true, "manzana_id": 4}}, {"type": "Feature", "geometry": {"type": "Polygon", "coordinates": [[[-65.61473050427085, 118.2242953538865], [-67.96326976323478, 117.22241535404308], [-66.98471173869545, 115.21865535396074], [-66.789000133579, 115.32997535407517], [-66.59328852881019, 114.88469535401293], [-64.5383166771733, 115.77525535413741], [-65.61473050427085, 118.2242953538865]]]}, "properties": {"id": 456, "height_m": 18.0, "levels": 6, "category": "residencial", "extrude": true, "manzana_id": 4}}, {"type": "Feature", "geometry": {"type": "Polygon", "coordinates": [[[-64.5383166771733, 115.77525535413741], [-62.2876332207676, 116.88845535409527], [-63.36404704751751, 119.33749535384436], [-65.61473050427085, 118.2242953538865], [-64.5383166771733, 115.77525535413741]]]}, "properties": {"id": 457, "height_m": 21.0, "levels": 7, "category": "residencial", "extrude": true, "manzana_id": 4}}, {"type": "Feature", "geometry": {"type": "Polygon", "coordinates": [[[-58.37340112226263, 120.89597535386446], [-59.44981494936018, 121.45257535404113], [-60.81979618378478, 120.78465535414551], [-61.406930998438845, 119.22617535412542], [-61.89621001088234, 119.00353535389655], [-61.21121939367004, 117.77901535382426], [-59.93909396180368, 117.33373535415751], [-59.74338235668722, 116.77713535398084], [-57.78626630760856, 117.66769535410532], [-57.394843097723296, 118.78089535406318], [-58.37340112226263, 120.89597535386446]]]}, "properties": {"id": 458, "height_m": 3.0, "levels": 1, "category": "residencial", "extrude": true, "manzana_id": 4}}, {"type": "Feature", "geometry": {"type": "Polygon", "coordinates": [[[-56.905564085627454, 125.01481535414356], [-57.199131492954486, 125.68273535403918], [-57.29698729516507, 125.90537535387256], [-60.13480556657248, 124.56953535408132], [-58.569112727379085, 121.11861535409332], [-56.807708283069225, 122.12049535393675], [-56.905564085627454, 122.34313535416561], [-55.82915025852989, 122.78841535383236], [-56.024861863298696, 123.01105535406123], [-56.024861863298696, 123.12237535417566], [-56.905564085627454, 125.01481535414356]]]}, "properties": {"id": 459, "height_m": 12.0, "levels": 4, "category": "residencial", "extrude": true, "manzana_id": 4}}, {"type": "Feature", "geometry": {"type": "Polygon", "coordinates": [[[-55.82915025852989, 122.78841535383236], [-56.905564085627454, 122.34313535416561], [-56.807708283069225, 122.12049535393675], [-58.569112727379085, 121.11861535409332], [-58.37340112226263, 120.89597535386446], [-57.394843097723296, 118.78089535406318], [-57.199131492954486, 118.2242953538865], [-54.36131322154707, 119.56013535407322], [-54.6548806288741, 120.11673535385441], [-55.1441596413176, 121.3412553539267], [-55.82915025852989, 122.78841535383236]]]}, "properties": {"id": 460, "height_m": 12.0, "levels": 4, "category": "residencial", "extrude": true, "manzana_id": 4}}, {"type": "Feature", "geometry": {"type": "Polygon", "coordinates": [[[-54.36131322154707, 119.56013535407322], [-57.199131492954486, 118.2242953538865], [-55.1441596413176, 113.77149535405508], [-52.795620382353675, 114.88469535401293], [-52.30634136991018, 115.10733535384631], [-52.502052975026636, 115.66393535402298], [-53.38275519700774, 117.44505535387646], [-54.16560161677827, 119.11485535401098], [-54.36131322154707, 119.44881535395879], [-54.36131322154707, 119.56013535407322]]]}, "properties": {"id": 461, "height_m": 12.0, "levels": 4, "category": "residencial", "extrude": true, "manzana_id": 4}}, {"type": "Feature", "geometry": {"type": "Polygon", "coordinates": [[[-68.84397198521589, 127.12989535394485], [-75.00888754012657, 124.23557535413352], [-72.3667808738356, 118.66957535394874], [-57.29698729516507, 125.90537535387256], [-57.394843097723296, 126.23933535421585], [-57.68841050505033, 126.6846153538826], [-59.74338235668722, 131.24873535382847], [-59.84123815924545, 131.47137535405733], [-62.38548902297818, 130.24685535398504], [-61.11336359111181, 127.46385535389265], [-62.091921615651145, 127.12989535394485], [-62.189777418209374, 127.46385535389265], [-64.92973988705856, 126.23933535421585], [-64.83188408450033, 125.90537535387256], [-67.66970235590775, 124.56953535408132], [-68.84397198521589, 127.12989535394485]]]}, "properties": {"id": 465, "height_m": 12.0, "levels": 4, "category": "residencial", "extrude": true, "manzana_id": 4}}, {"type": "Feature", "geometry": {"type": "Polygon", "coordinates": [[[-62.38548902297818, 130.24685535398504], [-66.00615371415613, 128.5770553538505], [-64.92973988705856, 126.23933535421585], [-62.189777418209374, 127.46385535389265], [-62.091921615651145, 127.12989535394485], [-61.11336359111181, 127.46385535389265], [-62.38548902297818, 130.24685535398504]]]}, "properties": {"id": 466, "height_m": 15.0, "levels": 5, "category": "residencial", "extrude": true, "manzana_id": 4}}, {"type": "Feature", "geometry": {"type": "Polygon", "coordinates": [[[-74.03032951558723, 131.13741535410952], [-74.12818531814546, 131.0260953539951], [-75.69387815733886, 130.24685535398504], [-78.14027321886101, 129.13365535402718], [-75.69387815733886, 123.90161535418571], [-70.21395321964047, 126.57329535416366], [-71.09465544196924, 128.5770553538505], [-67.76755815811832, 130.02421535415166], [-66.88685593613722, 128.13177535418376], [-66.00615371415613, 128.5770553538505], [-59.84123815924545, 131.47137535405733], [-60.03694976401425, 131.6940153538907], [-60.23266136913071, 132.25061535406738], [-62.2876332207676, 136.7034153538988], [-74.03032951558723, 131.13741535410952]]]}, "properties": {"id": 467, "height_m": 3.0, "levels": 1, "category": "residencial", "extrude": true, "manzana_id": 4}}, {"type": "Feature", "geometry": {"type": "Polygon", "coordinates": [[[-79.90167766317087, 135.03361535415976], [-82.15236111957657, 133.9204153542019], [-82.73949593423063, 133.69777535397304], [-81.46737050236426, 130.8034553541617], [-78.62955223095685, 132.13929535395295], [-79.90167766317087, 135.03361535415976]]]}, "properties": {"id": 468, "height_m": 12.0, "levels": 4, "category": "residencial", "extrude": true, "manzana_id": 4}}, {"type": "Feature", "geometry": {"type": "Polygon", "coordinates": [[[-68.35469297312005, 140.48829535383462], [-79.90167766317087, 135.03361535415976], [-78.62955223095685, 132.13929535395295], [-77.94456161374455, 130.69213535404728], [-71.97535766395033, 133.5864553538586], [-72.46463667639382, 134.36569535386866], [-71.97535766395033, 135.59021535394095], [-69.82253000975521, 136.369455353951], [-68.64826038044708, 133.69777535397304], [-65.81044210903967, 135.03361535415976], [-67.37613494858071, 138.48453535414777], [-68.35469297312005, 140.48829535383462]]]}, "properties": {"id": 469, "height_m": 9.0, "levels": 3, "category": "residencial", "extrude": true, "manzana_id": 4}}, {"type": "Feature", "geometry": {"type": "Polygon", "coordinates": [[[-71.97535766395033, 133.5864553538586], [-77.94456161374455, 130.69213535404728], [-77.35742679909049, 129.467615353975], [-71.38822284929627, 132.3619353541818], [-71.97535766395033, 133.5864553538586]]]}, "properties": {"id": 470, "height_m": 12.0, "levels": 4, "category": "residencial", "extrude": true, "manzana_id": 4}}, {"type": "Feature", "geometry": {"type": "Polygon", "coordinates": [[[-63.95118186251923, 140.1543353538868], [-64.04903766472981, 140.37697535411567], [-64.83188408450033, 142.15809535396914], [-68.35469297312005, 140.48829535383462], [-67.37613494858071, 138.48453535414777], [-63.95118186251923, 140.1543353538868]]]}, "properties": {"id": 471, "height_m": 12.0, "levels": 4, "category": "residencial", "extrude": true, "manzana_id": 4}}, {"type": "Feature", "geometry": {"type": "Polygon", "coordinates": [[[-63.95118186251923, 140.1543353538868], [-67.37613494858071, 138.48453535414777], [-65.81044210903967, 135.03361535415976], [-62.2876332207676, 136.7034153538988], [-62.38548902297818, 136.81473535401324], [-62.581200628094635, 137.3713353541899], [-62.87476803542167, 137.81661535385666], [-63.95118186251923, 140.1543353538868]]]}, "properties": {"id": 472, "height_m": 6.0, "levels": 2, "category": "residencial", "extrude": true, "manzana_id": 4}}, {"type": "Feature", "geometry": {"type": "Polygon", "coordinates": [[[-82.6416401316724, 140.1543353538868], [-85.18589099575279, 138.92981535421], [-84.01162136609699, 136.25813535383656], [-81.36951469980603, 137.59397535402329], [-82.6416401316724, 140.1543353538868]]]}, "properties": {"id": 473, "height_m": 3.0, "levels": 1, "category": "residencial", "extrude": true, "manzana_id": 4}}, {"type": "Feature", "geometry": {"type": "Polygon", "coordinates": [[[-82.6416401316724, 140.1543353538868], [-81.36951469980603, 137.59397535402329], [-84.01162136609699, 136.25813535383656], [-83.1309191441159, 134.4770153539831], [-82.73949593423063, 133.69777535397304], [-82.15236111957657, 133.9204153542019], [-67.66970235590775, 140.8222553541779], [-69.13753939254292, 144.05053535393705], [-70.40966482475693, 143.38261535404143], [-70.89894383685278, 144.4958153539993], [-72.17106926871914, 143.82789535410367], [-72.75820408372087, 145.1637353538949], [-75.1067433426848, 143.9392153542181], [-73.83461791047077, 141.3788553539591], [-76.47672457710938, 139.93169535405343], [-77.84670581153398, 142.60337535403139], [-82.6416401316724, 140.1543353538868]]]}, "properties": {"id": 474, "height_m": 15.0, "levels": 5, "category": "residencial", "extrude": true, "manzana_id": 4}}, {"type": "Feature", "geometry": {"type": "Polygon", "coordinates": [[[-75.1067433426848, 143.9392153542181], [-77.84670581153398, 142.60337535403139], [-76.47672457710938, 139.93169535405343], [-73.83461791047077, 141.3788553539591], [-75.1067433426848, 143.9392153542181]]]}, "properties": {"id": 475, "height_m": 3.0, "levels": 1, "category": "residencial", "extrude": true, "manzana_id": 4}}, {"type": "Feature", "geometry": {"type": "Polygon", "coordinates": [[[-66.39757692369373, 145.38637535412377], [-67.47399075079129, 147.83541535387286], [-72.75820408372087, 145.1637353538949], [-72.17106926871914, 143.82789535410367], [-70.89894383685278, 144.4958153539993], [-70.40966482475693, 143.38261535404143], [-69.13753939254292, 144.05053535393705], [-66.39757692369373, 145.38637535412377]]]}, "properties": {"id": 476, "height_m": 18.0, "levels": 6, "category": "residencial", "extrude": true, "manzana_id": 4}}, {"type": "Feature", "geometry": {"type": "Polygon", "coordinates": [[[-66.39757692369373, 145.38637535412377], [-69.13753939254292, 144.05053535393705], [-67.66970235590775, 140.8222553541779], [-64.83188408450033, 142.15809535396914], [-64.92973988705856, 142.380735354198], [-65.22330729438559, 142.82601535386476], [-65.4190188991544, 143.38261535404143], [-66.39757692369373, 145.38637535412377]]]}, "properties": {"id": 477, "height_m": 12.0, "levels": 4, "category": "residencial", "extrude": true, "manzana_id": 4}}, {"type": "Feature", "geometry": {"type": "Polygon", "coordinates": [[[-87.53443025471671, 151.3976553539753], [-89.7851137111224, 150.28445535401744], [-90.37224852612412, 149.95049535406963], [-90.17653692100767, 149.72785535384077], [-89.00226729169954, 147.16749535397724], [-86.16444902029211, 148.50333535416397], [-87.53443025471671, 151.3976553539753]]]}, "properties": {"id": 478, "height_m": 3.0, "levels": 1, "category": "residencial", "extrude": true, "manzana_id": 4}}, {"type": "Feature", "geometry": {"type": "Polygon", "coordinates": [[[-79.90167766317087, 155.07121535419216], [-80.29310087270848, 154.95989535407773], [-82.6416401316724, 153.73537535400544], [-81.17380309503723, 150.8410553541941], [-78.62955223095685, 152.0655753538709], [-79.90167766317087, 155.07121535419216]]]}, "properties": {"id": 479, "height_m": 3.0, "levels": 1, "category": "residencial", "extrude": true, "manzana_id": 4}}, {"type": "Feature", "geometry": {"type": "Polygon", "coordinates": [[[-73.14962729360613, 151.84293535403754], [-70.11609741708224, 153.40141535405763], [-70.21395321964047, 153.73537535400544], [-70.50752062696752, 154.18065535406768], [-70.70323223208398, 154.73725535384887], [-72.3667808738356, 158.2994953539513], [-72.5624924786044, 158.6334553538991], [-75.59602235478063, 157.18629535399344], [-73.14962729360613, 151.84293535403754]]]}, "properties": {"id": 480, "height_m": 12.0, "levels": 4, "category": "residencial", "extrude": true, "manzana_id": 4}}, {"type": "Feature", "geometry": {"type": "Polygon", "coordinates": [[[-83.62019815655938, 146.49957535408163], [-84.40304457598226, 148.16937535421616], [-88.51298827925604, 146.0542953540194], [-88.0237092671602, 145.05241535417596], [-87.73014185948551, 144.4958153539993], [-83.62019815655938, 146.49957535408163]]]}, "properties": {"id": 481, "height_m": 18.0, "levels": 6, "category": "residencial", "extrude": true, "manzana_id": 4}}, {"type": "Feature", "geometry": {"type": "Polygon", "coordinates": [[[-78.8252638360733, 152.51085535393315], [-78.62955223095685, 152.0655753538709], [-81.17380309503723, 150.8410553541941], [-82.6416401316724, 153.73537535400544], [-82.6416401316724, 153.73537535400544], [-87.14300704483145, 151.50897535408973], [-87.53443025471671, 151.3976553539753], [-86.16444902029211, 148.50333535416397], [-89.00226729169954, 147.16749535397724], [-88.51298827925604, 146.0542953540194], [-84.40304457598226, 148.16937535421616], [-83.62019815655938, 146.49957535408163], [-73.14962729360613, 151.84293535403754], [-74.42175272547249, 154.62593535412992], [-78.8252638360733, 152.51085535393315]]]}, "properties": {"id": 482, "height_m": 15.0, "levels": 5, "category": "residencial", "extrude": true, "manzana_id": 4}}, {"type": "Feature", "geometry": {"type": "Polygon", "coordinates": [[[-74.42175272547249, 154.62593535412992], [-75.59602235478063, 157.18629535399344], [-75.69387815733886, 157.18629535399344], [-79.90167766317087, 155.07121535419216], [-78.8252638360733, 152.51085535393315], [-74.42175272547249, 154.62593535412992]]]}, "properties": {"id": 483, "height_m": 18.0, "levels": 6, "category": "residencial", "extrude": true, "manzana_id": 4}}, {"type": "Feature", "geometry": {"type": "Polygon", "coordinates": [[[-87.53443025471671, 155.73913535408778], [-87.53443025471671, 155.73913535408778], [-88.70869988437249, 155.1825353539111], [-89.19797889646834, 154.8485753539633], [-87.53443025471671, 151.3976553539753], [-87.14300704483145, 151.50897535408973], [-85.87088161296508, 152.17689535398534], [-87.53443025471671, 155.73913535408778]]]}, "properties": {"id": 484, "height_m": 3.0, "levels": 1, "category": "residencial", "extrude": true, "manzana_id": 4}}, {"type": "Feature", "geometry": {"type": "Polygon", "coordinates": [[[-79.41239865072737, 164.08813535396945], [-75.79173395989709, 165.75793535410398], [-76.08530136722412, 166.20321535416622], [-77.45528260164872, 169.20885535409198], [-80.09738926793968, 165.64661535398955], [-80.1952450704979, 165.5352953538751], [-79.41239865072737, 164.08813535396945]]]}, "properties": {"id": 485, "height_m": 9.0, "levels": 3, "category": "residencial", "extrude": true, "manzana_id": 4}}, {"type": "Feature", "geometry": {"type": "Polygon", "coordinates": [[[-78.72740803351508, 158.85609535412797], [-77.55313840420695, 156.29573535386896], [-77.25957099653226, 156.4070553539834], [-75.69387815733886, 157.18629535399344], [-72.5624924786044, 158.6334553538991], [-72.5624924786044, 158.74477535401354], [-72.85605988593144, 159.3013753541902], [-75.79173395989709, 165.75793535410398], [-79.41239865072737, 164.08813535396945], [-80.1952450704979, 165.5352953538751], [-80.68452408259374, 164.8673753539795], [-87.53443025471671, 155.73913535408778], [-85.87088161296508, 152.17689535398534], [-82.6416401316724, 153.73537535400544], [-80.29310087270848, 154.95989535407773], [-81.46737050236426, 157.63157535405568], [-78.72740803351508, 158.85609535412797]]]}, "properties": {"id": 486, "height_m": 6.0, "levels": 2, "category": "residencial", "extrude": true, "manzana_id": 4}}, {"type": "Feature", "geometry": {"type": "Polygon", "coordinates": [[[-91.93794136531753, 159.96929535408583], [-93.79720161183796, 157.52025535394125], [-93.60149000706916, 156.96365535416007], [-92.32936457520279, 154.40329535390106], [-92.13365297008633, 153.95801535383882], [-92.03579716787576, 153.73537535400544], [-91.93794136531753, 153.51273535417207], [-91.44866235287404, 153.84669535411987], [-88.70869988437249, 155.1825353539111], [-87.53443025471671, 155.73913535408778], [-87.53443025471671, 155.73913535408778], [-87.33871864994791, 155.96177535392115], [-91.93794136531753, 159.96929535408583]]]}, "properties": {"id": 487, "height_m": 6.0, "levels": 2, "category": "residencial", "extrude": true, "manzana_id": 4}}, {"type": "Feature", "geometry": {"type": "Polygon", "coordinates": [[[-89.39369050123715, 163.3088953539594], [-90.17653692100767, 162.30701535411598], [-89.10012309391011, 161.4164553539915], [-88.31727667448723, 162.52965535394935], [-89.39369050123715, 163.3088953539594]]]}, "properties": {"id": 488, "height_m": 6.0, "levels": 2, "category": "residencial", "extrude": true, "manzana_id": 4}}, {"type": "Feature", "geometry": {"type": "Polygon", "coordinates": [[[-87.24086284738968, 166.31453535388516], [-89.39369050123715, 163.3088953539594], [-88.31727667448723, 162.52965535394935], [-89.10012309391011, 161.4164553539915], [-87.14300704483145, 159.63533535413802], [-87.43657445215848, 159.3013753541902], [-85.87088161296508, 157.85421535388906], [-80.09738926793968, 165.64661535398955], [-77.45528260164872, 169.20885535409198], [-77.55313840420695, 169.43149535392536], [-77.55313840420695, 169.5428153540398], [-77.74885000897575, 169.8767753539876], [-78.04241741630278, 170.43337535416427], [-78.53169642874627, 171.4352553540077], [-81.27165889759546, 173.55033535420446], [-81.66308210713306, 173.88429535415227], [-85.28374679831101, 168.98621535386312], [-84.01162136609699, 168.09565535413412], [-85.96873741552331, 165.42397535415617], [-87.24086284738968, 166.31453535388516]]]}, "properties": {"id": 489, "height_m": 3.0, "levels": 1, "category": "residencial", "extrude": true, "manzana_id": 4}}, {"type": "Feature", "geometry": {"type": "Polygon", "coordinates": [[[-94.67790383416671, 168.3182953539675], [-98.20071272243878, 163.53153535418826], [-95.55860605614781, 161.52777535410593], [-95.46075025393723, 161.4164553539915], [-92.52507617997159, 165.5352953538751], [-92.81864358729862, 165.75793535410398], [-92.23150877264456, 166.64849535383297], [-94.67790383416671, 168.3182953539675]]]}, "properties": {"id": 490, "height_m": 9.0, "levels": 3, "category": "residencial", "extrude": true, "manzana_id": 4}}, {"type": "Feature", "geometry": {"type": "Polygon", "coordinates": [[[-89.88296951368064, 174.8861753539957], [-94.67790383416671, 168.3182953539675], [-92.23150877264456, 166.64849535383297], [-92.81864358729862, 165.75793535410398], [-92.52507617997159, 165.5352953538751], [-89.39369050123715, 163.3088953539594], [-81.66308210713306, 173.88429535415227], [-81.85879371224952, 173.99561535387122], [-82.2502169221348, 174.3295753542145], [-86.26230482285034, 177.33521535414027], [-86.26230482285034, 177.33521535414027], [-88.61084408181426, 174.10693535398565], [-89.88296951368064, 174.8861753539957]]]}, "properties": {"id": 491, "height_m": 6.0, "levels": 2, "category": "residencial", "extrude": true, "manzana_id": 4}}, {"type": "Feature", "geometry": {"type": "Polygon", "coordinates": [[[-86.26230482285034, 177.33521535414027], [-87.43657445215848, 178.11445535415032], [-87.43657445215848, 178.22577535386927], [-87.53443025471671, 178.22577535386927], [-89.88296951368064, 174.8861753539957], [-88.61084408181426, 174.10693535398565], [-86.26230482285034, 177.33521535414027]]]}, "properties": {"id": 492, "height_m": 9.0, "levels": 3, "category": "residencial", "extrude": true, "manzana_id": 4}}, {"type": "Feature", "geometry": {"type": "Polygon", "coordinates": [[[-89.00226729169954, 179.33897535382712], [-91.8400855627593, 175.33145535405794], [-90.37224852612412, 174.3295753542145], [-87.53443025471671, 178.22577535386927], [-87.53443025471671, 178.3370953539837], [-87.92585346460197, 178.55973535421256], [-88.4151324766978, 178.89369535416037], [-89.00226729169954, 179.33897535382712]]]}, "properties": {"id": 493, "height_m": 15.0, "levels": 5, "category": "residencial", "extrude": true, "manzana_id": 4}}, {"type": "Feature", "geometry": {"type": "Polygon", "coordinates": [[[-91.8400855627593, 175.33145535405794], [-89.00226729169954, 179.33897535382712], [-89.5894021063536, 179.78425535388936], [-89.88296951368064, 180.00689535411823], [-92.81864358729862, 182.23329535403394], [-93.01435519241508, 182.34461535414837], [-97.90714531511175, 175.88805535383912], [-95.55860605614781, 173.88429535415227], [-97.4178663030159, 171.4352553540077], [-99.86426136453805, 173.3276953539756], [-100.05997296930686, 173.10505535414222], [-100.25568457407567, 172.77109535419441], [-102.21280062350198, 170.2107353539354], [-99.76640556197982, 168.42961535408193], [-101.42995420373146, 165.98057535393735], [-101.0385309938462, 165.64661535398955], [-98.29856852499701, 163.6428553539072], [-98.20071272243878, 163.53153535418826], [-90.37224852612412, 174.3295753542145], [-91.8400855627593, 175.33145535405794]]]}, "properties": {"id": 494, "height_m": 12.0, "levels": 4, "category": "residencial", "extrude": true, "manzana_id": 4}}, {"type": "Feature", "geometry": {"type": "Polygon", "coordinates": [[[-97.12429889568887, 175.10881535382907], [-97.90714531511175, 175.88805535383912], [-98.59213593232404, 174.99749535411013], [-97.71143371034293, 174.44089535393346], [-97.12429889568887, 175.10881535382907]]]}, "properties": {"id": 495, "height_m": 3.0, "levels": 1, "category": "residencial", "extrude": true, "manzana_id": 4}}, {"type": "Feature", "geometry": {"type": "Polygon", "coordinates": [[[-104.65919568467648, 177.78049535420251], [-107.3013023513151, 173.99561535387122], [-102.11494482094375, 170.32205535404984], [-100.25568457407567, 172.77109535419441], [-100.05997296930686, 173.10505535414222], [-99.6685497594216, 173.55033535420446], [-97.6135779077847, 176.22201535418242], [-93.01435519241508, 182.34461535414837], [-93.30792259974211, 182.67857535409618], [-93.79720161183796, 183.012535354044], [-96.24359667336012, 184.79365535389746], [-98.88570333965107, 181.34273535390946], [-101.0385309938462, 183.012535354044], [-102.99564704292486, 180.2295353539516], [-100.54925198175036, 178.44841535409813], [-102.21280062350198, 175.99937535395355], [-104.65919568467648, 177.78049535420251]]]}, "properties": {"id": 496, "height_m": 9.0, "levels": 3, "category": "residencial", "extrude": true, "manzana_id": 4}}, {"type": "Feature", "geometry": {"type": "Polygon", "coordinates": [[[-96.24359667336012, 184.79365535389746], [-97.71143371034293, 185.90685535385532], [-98.20071272243878, 186.35213535391756], [-98.49428013011347, 186.57477535414642], [-101.0385309938462, 183.012535354044], [-98.88570333965107, 181.34273535390946], [-96.24359667336012, 184.79365535389746]]]}, "properties": {"id": 497, "height_m": 12.0, "levels": 4, "category": "residencial", "extrude": true, "manzana_id": 4}}, {"type": "Feature", "geometry": {"type": "Polygon", "coordinates": [[[-106.22488852421753, 187.24269535404204], [-107.79058136341094, 185.12761535384527], [-108.08414877073797, 184.5710153540641], [-108.47557198062323, 184.12573535400185], [-114.83619914030271, 175.88805535383912], [-114.54263173297568, 175.66541535400575], [-111.8026692641265, 173.6616553539234], [-106.71416753631337, 180.45217535418047], [-108.57342778318146, 181.7880153539717], [-107.4970139560839, 183.23517535387737], [-105.63775370921581, 181.89933535408613], [-105.34418630188878, 182.23329535403394], [-102.89779124071428, 180.34085535406604], [-100.94067519128797, 183.12385535415842], [-104.5613398824659, 185.90685535385532], [-106.22488852421753, 187.24269535404204]]]}, "properties": {"id": 498, "height_m": 6.0, "levels": 2, "category": "residencial", "extrude": true, "manzana_id": 4}}, {"type": "Feature", "geometry": {"type": "Polygon", "coordinates": [[[-105.63775370921581, 181.89933535408613], [-107.4970139560839, 183.23517535387737], [-108.57342778318146, 181.7880153539717], [-106.71416753631337, 180.45217535418047], [-105.63775370921581, 181.89933535408613]]]}, "properties": {"id": 499, "height_m": 9.0, "levels": 3, "category": "residencial", "extrude": true, "manzana_id": 4}}, {"type": "Feature", "geometry": {"type": "Polygon", "coordinates": [[[-102.11494482094375, 189.24645535412438], [-102.11494482094375, 189.24645535412438], [-103.38707025281012, 190.13701535385337], [-103.87634926525361, 190.5822953539156], [-104.16991667258064, 190.02569535413443], [-105.63775370921581, 188.0219353540521], [-105.63775370921581, 188.0219353540521], [-106.22488852421753, 187.24269535404204], [-104.5613398824659, 185.90685535385532], [-102.11494482094375, 189.24645535412438]]]}, "properties": {"id": 500, "height_m": 12.0, "levels": 4, "category": "residencial", "extrude": true, "manzana_id": 4}}, {"type": "Feature", "geometry": {"type": "Polygon", "coordinates": [[[-102.11494482094375, 189.24645535412438], [-104.5613398824659, 185.90685535385532], [-100.94067519128797, 183.12385535415842], [-98.49428013011347, 186.57477535414642], [-98.68999173488227, 186.68609535386537], [-102.11494482094375, 189.24645535412438]]]}, "properties": {"id": 501, "height_m": 9.0, "levels": 3, "category": "residencial", "extrude": true, "manzana_id": 4}}, {"type": "Feature", "geometry": {"type": "Polygon", "coordinates": [[[-119.92470086811582, 182.23329535403394], [-120.02255667067405, 182.01065535420057], [-120.21826827544285, 181.7880153539717], [-120.21826827544285, 181.67669535385727], [-121.09897049777162, 180.5634953538994], [-121.00111469521339, 180.45217535418047], [-118.35900802892242, 178.55973535421256], [-117.5761616091519, 179.67293535417042], [-117.28259420182486, 180.11821535383717], [-117.18473839926664, 180.2295353539516], [-119.92470086811582, 182.23329535403394]]]}, "properties": {"id": 502, "height_m": 12.0, "levels": 4, "category": "residencial", "extrude": true, "manzana_id": 4}}, {"type": "Feature", "geometry": {"type": "Polygon", "coordinates": [[[-107.4970139560839, 193.25397535389357], [-107.88843716596917, 193.58793535384137], [-110.13912062237486, 195.2577353539759], [-111.8026692641265, 193.0313353540602], [-112.19409247401175, 192.58605535399795], [-112.48765988133879, 192.02945535421676], [-114.24906432564865, 189.80305535390556], [-114.54263173297568, 189.35777535384332], [-114.83619914030271, 188.91249535417657], [-112.29194827656998, 187.02005535420867], [-114.24906432564865, 184.45969535394966], [-116.79331518938137, 186.35213535391756], [-118.75043123880769, 183.6804553539396], [-119.14185444869295, 183.23517535387737], [-119.53327765823056, 182.67857535409618], [-119.72898926334702, 182.34461535414837], [-119.92470086811582, 182.23329535403394], [-117.18473839926664, 180.2295353539516], [-117.28259420182486, 180.11821535383717], [-117.5761616091519, 179.67293535417042], [-118.35900802892242, 178.55973535421256], [-117.77187321426835, 178.11445535415032], [-116.01046876995849, 180.34085535406604], [-113.07479469599285, 178.22577535386927], [-112.87908309122405, 178.44841535409813], [-110.4326880297019, 181.56537535413833], [-113.17265049855108, 183.6804553539396], [-111.31339025203064, 186.24081535419862], [-108.47557198062323, 184.12573535400185], [-108.08414877073797, 184.5710153540641], [-107.79058136341094, 185.12761535384527], [-106.42060012898634, 186.90873535409423], [-110.13912062237486, 189.69173535418662], [-107.4970139560839, 193.25397535389357]]]}, "properties": {"id": 503, "height_m": 9.0, "levels": 3, "category": "residencial", "extrude": true, "manzana_id": 4}}, {"type": "Feature", "geometry": {"type": "Polygon", "coordinates": [[[-105.53989790700524, 188.13325535416652], [-104.16991667258064, 190.02569535413443], [-103.87634926525361, 190.5822953539156], [-104.36562827734944, 190.91625535386342], [-106.42060012898634, 192.47473535388352], [-106.8120233388716, 192.80869535383133], [-107.4970139560839, 193.25397535389357], [-110.13912062237486, 189.69173535418662], [-106.42060012898634, 186.90873535409423], [-106.22488852421753, 187.24269535404204], [-106.02917691910108, 187.46533535387542], [-105.63775370921581, 188.0219353540521], [-105.63775370921581, 188.0219353540521], [-105.53989790700524, 188.13325535416652]]]}, "properties": {"id": 504, "height_m": 12.0, "levels": 4, "category": "residencial", "extrude": true, "manzana_id": 4}}, {"type": "Feature", "geometry": {"type": "Polygon", "coordinates": [[[-112.68337148645524, 191.8068153539879], [-112.48765988133879, 192.02945535421676], [-112.19409247401175, 192.58605535399795], [-111.8026692641265, 193.0313353540602], [-110.13912062237486, 195.2577353539759], [-115.61904556007323, 199.37657535385952], [-120.41397988055931, 193.365295354008], [-117.18473839926664, 190.69361535403004], [-114.93405494286094, 193.47661535412243], [-114.34692012820688, 193.0313353540602], [-112.68337148645524, 191.8068153539879]]]}, "properties": {"id": 505, "height_m": 12.0, "levels": 4, "category": "residencial", "extrude": true, "manzana_id": 4}}, {"type": "Feature", "geometry": {"type": "Polygon", "coordinates": [[[-116.6954593871708, 190.2483353539678], [-116.01046876995849, 189.69173535418662], [-114.93405494286094, 188.80117535406214], [-114.54263173297568, 189.35777535384332], [-114.24906432564865, 189.80305535390556], [-112.68337148645524, 191.8068153539879], [-114.34692012820688, 193.0313353540602], [-114.93405494286094, 193.47661535412243], [-117.18473839926664, 190.69361535403004], [-116.6954593871708, 190.2483353539678]]]}, "properties": {"id": 506, "height_m": 15.0, "levels": 5, "category": "residencial", "extrude": true, "manzana_id": 4}}, {"type": "Feature", "geometry": {"type": "Polygon", "coordinates": [[[-122.664663336965, 185.2389353539597], [-124.42606778127487, 183.012535354044], [-121.09897049777162, 180.5634953538994], [-120.21826827544285, 181.67669535385727], [-119.53327765823056, 182.67857535409618], [-119.14185444869295, 183.23517535387737], [-118.75043123880769, 183.6804553539396], [-116.79331518938137, 186.35213535391756], [-119.14185444869295, 188.24457535388547], [-117.18473839926664, 190.69361535403004], [-120.41397988055931, 193.365295354008], [-123.1539423494085, 189.80305535390556], [-123.74107716406257, 189.13513535400995], [-124.13250037394783, 188.57853535383327], [-124.42606778127487, 188.13325535416652], [-124.9153467933707, 187.57665535398985], [-125.20891420104539, 187.1313753539276], [-122.664663336965, 185.2389353539597]]]}, "properties": {"id": 507, "height_m": 9.0, "levels": 3, "category": "residencial", "extrude": true, "manzana_id": 4}}, {"type": "Feature", "geometry": {"type": "Polygon", "coordinates": [[[-125.20891420104539, 197.03885535382938], [-126.57889543546999, 195.14641535386147], [-126.77460704023879, 194.9237753540281], [-125.20891420104539, 193.6992553539558], [-124.62177938604367, 193.25397535389357], [-122.95823074429204, 195.36905535409034], [-125.20891420104539, 197.03885535382938]]]}, "properties": {"id": 508, "height_m": 12.0, "levels": 4, "category": "residencial", "extrude": true, "manzana_id": 4}}, {"type": "Feature", "geometry": {"type": "Polygon", "coordinates": [[[-118.35900802892242, 195.92565535387152], [-115.61904556007323, 199.37657535385952], [-115.81475716484204, 199.48789535397395], [-120.60969148532811, 203.16145535419082], [-125.20891420104539, 197.03885535382938], [-122.95823074429204, 195.36905535409034], [-121.78396111498391, 194.36717535385142], [-119.72898926334702, 197.03885535382938], [-118.35900802892242, 195.92565535387152]]]}, "properties": {"id": 509, "height_m": 9.0, "levels": 3, "category": "residencial", "extrude": true, "manzana_id": 4}}, {"type": "Feature", "geometry": {"type": "Polygon", "coordinates": [[[-122.95823074429204, 195.36905535409034], [-124.62177938604367, 193.25397535389357], [-122.07752852231094, 191.25021535420672], [-122.07752852231094, 191.25021535420672], [-120.41397988055931, 193.365295354008], [-121.78396111498391, 194.36717535385142], [-122.95823074429204, 195.36905535409034]]]}, "properties": {"id": 510, "height_m": 3.0, "levels": 1, "category": "residencial", "extrude": true, "manzana_id": 4}}, {"type": "Feature", "geometry": {"type": "Polygon", "coordinates": [[[-118.35900802892242, 195.92565535387152], [-119.72898926334702, 197.03885535382938], [-121.78396111498391, 194.36717535385142], [-120.41397988055931, 193.365295354008], [-118.35900802892242, 195.92565535387152]]]}, "properties": {"id": 511, "height_m": 12.0, "levels": 4, "category": "residencial", "extrude": true, "manzana_id": 4}}, {"type": "Feature", "geometry": {"type": "Polygon", "coordinates": [[[-124.32821197871664, 198.15205535418272], [-120.60969148532811, 203.16145535419082], [-120.70754728788634, 203.27277535390976], [-124.0346445713896, 205.72181535405434], [-127.85102086733636, 200.82373535416068], [-124.32821197871664, 198.15205535418272]]]}, "properties": {"id": 512, "height_m": 3.0, "levels": 1, "category": "residencial", "extrude": true, "manzana_id": 4}}, {"type": "Feature", "geometry": {"type": "Polygon", "coordinates": [[[-130.88455074351256, 196.70489535388157], [-132.15667617537895, 195.03509535414253], [-132.84166679259124, 194.14453535401805], [-130.6888391383961, 189.69173535418662], [-130.10170432374204, 190.5822953539156], [-130.10170432374204, 190.47097535419667], [-127.45959765745108, 194.0332153539036], [-130.88455074351256, 196.70489535388157]]]}, "properties": {"id": 513, "height_m": 3.0, "levels": 1, "category": "residencial", "extrude": true, "manzana_id": 4}}, {"type": "Feature", "geometry": {"type": "Polygon", "coordinates": [[[-126.87246284279702, 200.04449535415063], [-129.90599271897324, 196.03697535398595], [-127.45959765745108, 194.0332153539036], [-126.57889543546999, 195.14641535386147], [-124.32821197871664, 198.15205535418272], [-126.87246284279702, 200.04449535415063]]]}, "properties": {"id": 514, "height_m": 6.0, "levels": 2, "category": "residencial", "extrude": true, "manzana_id": 4}}, {"type": "Feature", "geometry": {"type": "Polygon", "coordinates": [[[-128.04673247210516, 200.37845535409843], [-124.0346445713896, 205.72181535405434], [-124.13250037394783, 205.83313535416877], [-127.65530926221989, 208.50481535414673], [-130.78669494095433, 204.38597535386762], [-131.17811815083962, 203.82937535408644], [-131.56954136072488, 203.3840953540242], [-131.66739716293546, 203.16145535419082], [-128.04673247210516, 200.37845535409843]]]}, "properties": {"id": 515, "height_m": 3.0, "levels": 1, "category": "residencial", "extrude": true, "manzana_id": 4}}, {"type": "Feature", "geometry": {"type": "Polygon", "coordinates": [[[29.40325368207901, 89.28109535419125], [29.10968627475198, 88.94713535384795], [25.097598374036426, 84.04905535395429], [24.608319361592933, 83.60377535389205], [35.56816923698968, 84.27169535418315], [29.40325368207901, 89.28109535419125]]]}, "properties": {"id": 516, "height_m": 3.0, "levels": 1, "category": "residencial", "extrude": true, "manzana_id": 21}}, {"type": "Feature", "geometry": {"type": "Polygon", "coordinates": [[[22.0640684978602, 90.95089535393029], [22.357635905187237, 90.83957535421135], [20.498375658666806, 88.27921535395234], [20.98765467076264, 87.94525535400453], [20.59623146087738, 87.38865535382786], [25.195454176594655, 84.04905535395429], [29.10968627475198, 88.94713535384795], [29.40325368207901, 89.28109535419125], [29.10968627475198, 89.50373535402463], [22.944770719841305, 94.06785535397049], [21.085510473320873, 91.73013535394034], [22.0640684978602, 90.95089535393029]]]}, "properties": {"id": 517, "height_m": 6.0, "levels": 2, "category": "residencial", "extrude": true, "manzana_id": 21}}, {"type": "Feature", "geometry": {"type": "Polygon", "coordinates": [[[20.498375658666806, 88.27921535395234], [22.357635905187237, 90.83957535421135], [22.0640684978602, 90.95089535393029], [21.085510473320873, 91.73013535394034], [16.779855165278285, 86.05281535403662], [18.736971214356945, 84.7169753538499], [20.59623146087738, 87.38865535382786], [20.98765467076264, 87.94525535400453], [20.498375658666806, 88.27921535395234]]]}, "properties": {"id": 518, "height_m": 9.0, "levels": 3, "category": "residencial", "extrude": true, "manzana_id": 21}}, {"type": "Feature", "geometry": {"type": "Polygon", "coordinates": [[[15.703441338180724, 82.824535353882], [15.703441338180724, 82.71321535416305], [20.889798868204412, 83.1584953538298], [20.69408726343561, 83.26981535394424], [16.779855165278285, 86.05281535403662], [15.116306523179004, 83.93773535383986], [15.312018128295461, 83.4924553541731], [15.703441338180724, 82.824535353882]]]}, "properties": {"id": 519, "height_m": 6.0, "levels": 2, "category": "residencial", "extrude": true, "manzana_id": 21}}, {"type": "Feature", "geometry": {"type": "Polygon", "coordinates": [[[16.584143560161827, 98.74329535403078], [11.593497634906942, 102.52817535396659], [8.65782356128895, 98.5206553541974], [14.82273911585197, 84.7169753538499], [15.116306523179004, 83.93773535383986], [18.149836399702878, 87.94525535400453], [16.584143560161827, 90.39429535414911], [18.443403807029913, 92.8433353538982], [20.69408726343561, 91.06221535404472], [22.944770719841305, 94.06785535397049], [22.553347510303695, 94.4018153539183], [19.715529238896277, 96.51689535411506], [15.703441338180724, 91.50749535410696], [12.767767264215077, 93.73389535402268], [16.584143560161827, 98.74329535403078]]]}, "properties": {"id": 520, "height_m": 9.0, "levels": 3, "category": "residencial", "extrude": true, "manzana_id": 21}}, {"type": "Feature", "geometry": {"type": "Polygon", "coordinates": [[[16.584143560161827, 98.74329535403078], [12.767767264215077, 93.73389535402268], [15.703441338180724, 91.50749535410696], [19.715529238896277, 96.51689535411506], [16.584143560161827, 98.74329535403078]]]}, "properties": {"id": 521, "height_m": 12.0, "levels": 4, "category": "residencial", "extrude": true, "manzana_id": 21}}, {"type": "Feature", "geometry": {"type": "Polygon", "coordinates": [[[10.810651215136415, -100.29686464610648], [11.495641832348714, -101.85534464612658], [12.18063244956101, -103.30250464603225], [12.37634405467747, -103.63646464598006], [12.963478869331537, -103.30250464603225], [12.865623066773308, -103.07986464580338], [12.082776647002781, -101.63270464589772], [11.397786029790485, -100.07422464587762], [11.299930227579909, -99.74026464592981], [10.712795412925841, -100.07422464587762], [10.810651215136415, -100.29686464610648]]]}, "properties": {"id": 522, "height_m": 15.0, "levels": 5, "category": "residencial", "extrude": true, "manzana_id": 11}}, {"type": "Feature", "geometry": {"type": "Polygon", "coordinates": [[[16.38843195539302, -87.94034464606014], [16.38843195539302, -87.71770464583128], [15.703441338180724, -88.16298464589352], [7.679265536401965, -92.17050464605819], [7.092130721747897, -92.39314464589157], [10.712795412925841, -100.07422464587762], [11.299930227579909, -99.74026464592981], [12.082776647002781, -101.63270464589772], [12.963478869331537, -103.30250464603225], [12.37634405467747, -103.63646464598006], [15.997008745507758, -111.42886464608054], [16.681999362720056, -111.09490464613273], [25.29330997880523, -106.86474464613468], [24.314751954265898, -104.74966464593791], [24.90188676926762, -104.4157046459901], [21.476933683206134, -97.06858464595186], [18.247692201913456, -90.16674464597585], [18.05198059714465, -89.94410464614248], [18.05198059714465, -89.83278464602805], [17.46484578249058, -90.05542464586142], [16.38843195539302, -87.94034464606014]]]}, "properties": {"id": 523, "height_m": 12.0, "levels": 4, "category": "residencial", "extrude": true, "manzana_id": 11}}, {"type": "Feature", "geometry": {"type": "Polygon", "coordinates": [[[20.498375658666806, -120.89106464592007], [21.281222078089677, -122.5608646460546], [21.966212695301973, -122.22690464610679], [21.183366275879102, -120.55710464597226], [20.204808250992116, -118.55334464588992], [19.51981763377982, -118.88730464583773], [20.498375658666806, -120.89106464592007]]]}, "properties": {"id": 524, "height_m": 15.0, "levels": 5, "category": "residencial", "extrude": true, "manzana_id": 11}}, {"type": "Feature", "geometry": {"type": "Polygon", "coordinates": [[[20.204808250992116, -118.55334464588992], [21.183366275879102, -120.55710464597226], [21.966212695301973, -122.22690464610679], [21.281222078089677, -122.5608646460546], [24.90188676926762, -130.35326464615508], [25.586877386479916, -130.0193046458118], [34.19818800256509, -125.90046464592817], [33.5131973853528, -124.23066464579364], [34.10033220000686, -124.00802464596026], [33.90462059523806, -123.45142464578359], [33.90462059523806, -123.34010464606465], [30.381811706618343, -116.21562464585978], [26.859002818346283, -108.86850464582153], [26.565435411019248, -108.42322464615478], [26.46757960846102, -107.97794464609254], [25.978300596017526, -108.20058464592591], [25.29330997880523, -106.86474464613468], [16.681999362720056, -111.09490464613273], [15.997008745507758, -111.42886464608054], [19.51981763377982, -118.88730464583773], [20.204808250992116, -118.55334464588992]]]}, "properties": {"id": 525, "height_m": 12.0, "levels": 4, "category": "residencial", "extrude": true, "manzana_id": 11}}, {"type": "Feature", "geometry": {"type": "Polygon", "coordinates": [[[28.228984052770876, -137.36642464585003], [28.32683985498145, -137.5890646460789], [29.10968627475198, -137.2551046461311], [30.088244299291308, -139.59282464616123], [31.06680232383064, -141.70790464596251], [30.479667509176572, -141.9305446457959], [33.90462059523806, -149.38898464594857], [34.29604380512332, -149.27766464583414], [43.20092182853553, -144.93618464611714], [42.12450800178562, -142.82110464592037], [42.80949861899792, -142.48714464597256], [39.28668973037821, -135.14002464593432], [36.35101565676021, -129.01742464596836], [35.86173664431672, -128.01554464612494], [35.56816923698968, -127.34762464583383], [35.07889022454619, -127.5702646460627], [34.19818800256509, -125.90046464592817], [24.90188676926762, -130.35326464615508], [28.228984052770876, -137.36642464585003]]]}, "properties": {"id": 526, "height_m": 12.0, "levels": 4, "category": "residencial", "extrude": true, "manzana_id": 11}}, {"type": "Feature", "geometry": {"type": "Polygon", "coordinates": [[[29.40325368207901, -139.92678464610904], [30.479667509176572, -141.9305446457959], [31.06680232383064, -141.70790464596251], [30.088244299291308, -139.59282464616123], [29.10968627475198, -137.2551046461311], [28.32683985498145, -137.5890646460789], [29.40325368207901, -139.92678464610904]]]}, "properties": {"id": 527, "height_m": 15.0, "levels": 5, "category": "residencial", "extrude": true, "manzana_id": 11}}, {"type": "Feature", "geometry": {"type": "Polygon", "coordinates": [[[-9.641211498326612, -57.4386646459493], [-12.47902976973403, -57.549984646063734], [-12.674741374502835, -58.55186464590716], [-12.674741374502835, -59.999024645812824], [-12.47902976973403, -61.334864645999545], [-12.381173967175801, -62.78202464590521], [-11.794039152521732, -64.0065446459775], [-9.934778905653646, -66.12162464617427], [-8.956220881114316, -67.1235046460177], [-7.78195125180618, -67.79142464591331], [-6.999104832035654, -68.12538464586112], [-6.509825819939815, -68.34802464608998], [-5.13984458551522, -68.79330464615222], [-3.867719153301202, -69.0159446459856], [27.152570225673315, -69.3499046459334], [27.250426028231544, -65.78766464583097], [0.14436874741435102, -66.67822464595545], [-0.1491986599126829, -57.216024646115926], [-9.641211498326612, -57.4386646459493]]]}, "properties": {"id": 528, "height_m": 3.0, "levels": 1, "category": "residencial", "extrude": true, "manzana_id": 11}}, {"type": "Feature", "geometry": {"type": "Polygon", "coordinates": [[[-9.641211498326612, -57.4386646459493], [-0.1491986599126829, -57.216024646115926], [-0.44276606758737047, -50.31418464613992], [-0.44276606758737047, -48.9783446459532], [-0.1491986599126829, -43.412344646163916], [0.7315035620684188, -36.621824645906855], [1.3186383767224867, -33.61618464598109], [2.0036289939347838, -30.387904645826467], [2.6886196111470806, -30.61054464605533], [31.65393713883236, -36.51050464579242], [38.01456429851184, -37.846344645979144], [39.87382454503227, -28.272824646025185], [-5.922691004938093, -18.921944645904603], [-7.78195125180618, -28.49546464585856], [-7.2926722393626875, -28.606784645972994], [-9.151932486230773, -43.18970464593505], [-9.543355696116036, -50.98210464603554], [-9.641211498326612, -57.4386646459493]]]}, "properties": {"id": 529, "height_m": 3.0, "levels": 1, "category": "residencial", "extrude": true, "manzana_id": null}}, {"type": "Feature", "geometry": {"type": "Polygon", "coordinates": [[[16.38843195539302, -87.71770464583128], [16.779855165278285, -87.4950646459979], [13.550613683985604, -80.9271846459697], [7.2878423268643555, -78.81210464616842], [7.581409734191389, -77.81022464592951], [4.841447265342201, -72.4668646459736], [1.5143499818389452, -74.0253446459937], [0.829359364626648, -72.4668646459736], [-7.586239646689721, -72.91214464603584], [-7.390528041920916, -73.35742464609808], [-1.4213240921267014, -86.04790464609223], [-1.2256124870102432, -86.49318464615448], [-0.05134285770210737, -86.04790464609223], [3.471466030917607, -93.72898464607829], [2.395052203820047, -94.17426464614053], [2.5907638089365053, -94.61954464580728], [6.994274919537322, -92.504464646006], [15.703441338180724, -88.16298464589352], [16.38843195539302, -87.71770464583128]]]}, "properties": {"id": 530, "height_m": 9.0, "levels": 3, "category": "residencial", "extrude": true, "manzana_id": 11}}, {"type": "Feature", "geometry": {"type": "Polygon", "coordinates": [[[2.395052203820047, -94.17426464614053], [3.471466030917607, -93.72898464607829], [-0.05134285770210737, -86.04790464609223], [-1.2256124870102432, -86.49318464615448], [2.395052203820047, -94.17426464614053]]]}, "properties": {"id": 531, "height_m": 3.0, "levels": 1, "category": "residencial", "extrude": true, "manzana_id": 11}}, {"type": "Feature", "geometry": {"type": "Polygon", "coordinates": [[[26.663291213229822, -56.325464645991445], [-0.1491986599126829, -57.216024646115926], [0.14436874741435102, -66.67822464595545], [27.250426028231544, -65.78766464583097], [26.663291213229822, -56.325464645991445]]]}, "properties": {"id": 532, "height_m": 3.0, "levels": 1, "category": "residencial", "extrude": true, "manzana_id": 11}}, {"type": "Feature", "geometry": {"type": "Polygon", "coordinates": [[[6.700707511862634, -6.899384645806066], [10.419228005251153, -15.248384646083224], [11.887065042233976, -14.469144646073175], [13.550613683985604, -18.365344646123418], [20.204808250992116, -15.137064645968792], [21.476933683206134, -17.808744645946746], [22.0640684978602, -17.474784645998938], [31.16465812638887, -13.244624646000887], [24.412607756824126, 1.338295353961172], [6.700707511862634, -6.899384645806066]]]}, "properties": {"id": 533, "height_m": 3.0, "levels": 1, "category": "residencial", "extrude": true, "manzana_id": 12}}, {"type": "Feature", "geometry": {"type": "Polygon", "coordinates": [[[34.58961121245036, 5.568455353959223], [26.076156398575755, 1.5609353541900362], [26.761147015788055, 0.11377535388888305], [35.76388084175849, -20.14646464597689], [36.64458306408724, -19.58986464580022], [37.03600627397251, -20.4804246459247], [38.308131705838875, -19.923824646143515], [39.18883392781998, -21.81626464611142], [42.12450800178562, -20.591744646039132], [41.73308479190036, -19.923824646143515], [43.88591244574783, -19.144584646133467], [43.298777631093756, -17.697424645832314], [44.57090306296012, -17.029504645936697], [43.494489236210214, -14.914424646135416], [44.27733565563309, -14.58046464579212], [36.25315985420198, 3.4533753541579415], [35.47031343443145, 5.234495354011415], [34.88317861977739, 4.9005353540636065], [34.58961121245036, 5.568455353959223]]]}, "properties": {"id": 534, "height_m": 3.0, "levels": 1, "category": "residencial", "extrude": true, "manzana_id": 12}}, {"type": "Feature", "geometry": {"type": "Polygon", "coordinates": [[[34.19818800256509, -97.84782464596191], [47.995856149021606, -95.51010464593176], [47.21300972959874, -92.05918464594376], [44.76661466807658, -92.504464646006], [43.78805664353725, -92.83842464595381], [41.63522898934213, -83.93282464589547], [41.14594997724629, -75.5838246460138], [40.460959360033996, -49.08966464606763], [42.02665219922739, -39.85010464606148], [40.75452676736103, -39.73878464594705], [31.458225533715904, -38.291624646041384], [30.088244299291308, -48.53306464589096], [30.675379113945375, -69.12726464610003], [31.16465812638887, -83.37622464611428], [34.19818800256509, -97.84782464596191]]]}, "properties": {"id": 535, "height_m": 3.0, "levels": 1, "category": "residencial", "extrude": true, "manzana_id": 11}}, {"type": "Feature", "geometry": {"type": "Polygon", "coordinates": [[[92.128823057588, -164.30586464585843], [98.5873060198257, -165.53038464593072], [100.44656626634614, -156.62478464587238], [54.35648330870109, -147.05126464591842], [52.30151145741185, -156.402144646039], [50.34439540798553, -183.67554464599522], [50.14868380321673, -184.5661046461197], [50.0508280006585, -185.7906246457965], [50.0508280006585, -186.90382464614984], [50.14868380321673, -188.0170246461077], [50.44225121054376, -189.13022464606556], [50.83367442042903, -190.2434246460234], [51.22509763031429, -191.24530464586684], [51.81223244496836, -192.24718464610575], [52.49722306218065, -193.13774464583474], [53.28006948195118, -194.02830464595922], [54.062915901374055, -194.69622464585484], [55.04147392591338, -195.36414464614595], [56.020031950800366, -195.92074464592713], [56.9985899753397, -196.4773446461038], [58.075003802089604, -196.8113046460516], [59.249273431745394, -197.033944645885], [60.325687258842954, -197.14526464599942], [60.227831456284726, -194.02830464595922], [98.00017120482399, -193.0264246461158], [97.90231540261341, -185.2340246460153], [96.33662256307235, -185.2340246460153], [96.33662256307235, -183.78686464610965], [59.836408246399465, -184.5661046461197], [61.69566849326755, -161.30022464593267], [61.69566849326755, -160.85494464587043], [61.69566849326755, -157.84930464594467], [92.128823057588, -164.30586464585843]]]}, "properties": {"id": 536, "height_m": 3.0, "levels": 1, "category": "publico", "extrude": true, "manzana_id": null}}, {"type": "Feature", "geometry": {"type": "Polygon", "coordinates": [[[60.03211985151592, -95.955384645994], [59.542840839072426, -96.73462464600405], [59.4449850365142, -97.62518464612853], [59.542840839072426, -98.51574464585752], [59.836408246399465, -99.29498464586757], [61.010677876055254, -101.29874464594991], [61.89138009803635, -102.41194464590777], [63.65278454234621, -104.63834464582348], [65.60990059142487, -106.75342464602025], [65.9034679987519, -106.97606464585363], [67.66487244306177, -108.31190464604035], [68.64343046760109, -109.0911446460504], [70.01341170202569, -109.87038464606044], [70.69840231923799, -109.53642464611264], [71.18768133168147, -109.64774464583158], [73.24265318331837, -111.20622464585168], [73.43836478808717, -111.31754464596611], [73.63407639285597, -111.31754464596611], [73.92764380053066, -111.42886464608054], [74.31906701006828, -111.31754464596611], [74.80834602251177, -111.09490464613273], [75.00405762728057, -110.87226464590387], [75.19976923239703, -110.53830464595606], [75.29762503495526, -110.20434464600825], [75.39548083716583, -109.98170464617488], [75.29762503495526, -109.4251046459982], [75.1019134298388, -109.0911446460504], [75.00405762728057, -108.97982464593596], [73.63407639285597, -107.97794464609254], [69.71984429469866, -104.52702464610454], [63.26136133246095, -98.07046464579528], [61.402101085940515, -95.73274464616063], [60.8149662709388, -96.06670464610843], [60.52139886361176, -96.40066464605624], [60.03211985151592, -95.955384645994]]]}, "properties": {"id": 537, "height_m": 3.0, "levels": 1, "category": "residencial", "extrude": true, "manzana_id": 20}}, {"type": "Feature", "geometry": {"type": "Polygon", "coordinates": [[[92.128823057588, -164.30586464585843], [61.69566849326755, -157.84930464594467], [61.69566849326755, -160.85494464587043], [61.69566849326755, -161.30022464593267], [87.8231677495454, -166.19830464582634], [86.64889811988962, -172.6548646461356], [86.74675392244785, -181.00386464601726], [90.46527441583638, -181.00386464601726], [90.36741861327815, -171.31902464594887], [92.128823057588, -164.30586464585843]]]}, "properties": {"id": 538, "height_m": 3.0, "levels": 1, "category": "residencial", "extrude": true, "manzana_id": null}}, {"type": "Feature", "geometry": {"type": "Polygon", "coordinates": [[[99.46800824180681, -133.4702246457998], [99.76157564913385, -133.13626464585198], [99.9572872542503, -132.5796646460708], [100.05514305646088, -132.13438464600856], [100.05514305646088, -131.91174464617518], [99.9572872542503, -131.3551446459985], [99.85943145169207, -130.90986464593627], [99.56586404436504, -130.35326464615508], [98.48945021726747, -128.34950464607275], [95.16235293376423, -130.0193046458118], [87.04032132977488, -113.20998464593401], [81.07111737963302, -116.10430464614083], [84.4960704656945, -123.00614464611684], [83.32180083638637, -123.56274464589802], [84.00679145359867, -125.00990464580369], [83.90893565104044, -125.23254464603255], [83.6153682437134, -125.78914464581374], [83.51751244115518, -126.45706464610484], [83.51751244115518, -126.90234464616708], [83.51751244115518, -127.23630464611489], [83.6153682437134, -127.5702646460627], [83.71322404627163, -127.9042246460105], [83.81107984848221, -128.2381846459583], [84.20250305836747, -128.79478464613499], [84.69178207081096, -129.24006464580174], [84.98534947813799, -129.4627046460306], [85.27891688546502, -129.68534464586398], [85.96390750267733, -129.90798464609284], [86.25747491000436, -129.90798464609284], [88.80172577408474, -135.696624646111], [88.60601416896829, -135.91926464594437], [88.41030256419948, -136.14190464617323], [88.41030256419948, -136.3645446460066], [88.31244676164125, -136.69850464595442], [88.41030256419948, -136.9211446457878], [88.50815836641006, -137.14378464601666], [88.70386997152652, -137.47774464596446], [88.99743737885355, -137.70038464579784], [89.19314898362235, -137.81170464591227], [89.48671639129704, -137.9230246460267], [89.78028379862407, -137.81170464591227], [90.0738512059511, -137.81170464591227], [90.46527441583638, -137.5890646460789], [90.56313021804695, -137.36642464585003], [90.75884182316341, -137.03246464590222], [90.85669762572164, -136.58718464583998], [97.02161318028466, -133.58154464591422], [97.41303639016992, -134.24946464580984], [97.60874799528638, -134.24946464580984], [98.09802700738221, -134.24946464580984], [98.5873060198257, -134.02682464597646], [99.07658503192154, -133.80418464614309], [99.46800824180681, -133.4702246457998]]]}, "properties": {"id": 539, "height_m": 3.0, "levels": 1, "category": "residencial", "extrude": true, "manzana_id": 15}}, {"type": "Feature", "geometry": {"type": "Polygon", "coordinates": [[[99.07658503192154, -186.34722464597317], [99.66371984657562, -186.23590464585874], [108.27503046300843, -186.23590464585874], [109.351444290106, -167.53414464601306], [111.89569515383873, -156.29082464592457], [116.69062947432481, -143.2663846459826], [108.27503046300843, -140.14942464594242], [107.49218404323791, -139.8154646459946], [104.06723095717643, -148.60974464593852], [102.69724972309949, -154.62102464579004], [99.17444083447977, -173.65674464597902], [99.07658503192154, -186.34722464597317]]]}, "properties": {"id": 540, "height_m": 3.0, "levels": 1, "category": "residencial", "extrude": true, "manzana_id": 18}}, {"type": "Feature", "geometry": {"type": "Polygon", "coordinates": [[[119.82201515305925, -173.8793846458124], [126.18264231273874, -149.05502464600076], [117.3756200915371, -146.49466464613724], [110.9171371292994, -171.4303446460633], [119.82201515305925, -173.8793846458124]]]}, "properties": {"id": 541, "height_m": 3.0, "levels": 1, "category": "residencial", "extrude": true, "manzana_id": 18}}, {"type": "Feature", "geometry": {"type": "Polygon", "coordinates": [[[62.67422651780688, 26.162655354168294], [61.304245283382286, 25.383415354158245], [59.934264048957694, 27.387175353845095], [36.35101565676021, 14.028775353955325], [43.59234503842079, -2.1126246460268305], [46.33230750726998, -0.6654646461211655], [43.10306602632495, 6.68165535391708], [61.69566849326755, 17.479695353943328], [59.836408246399465, 20.819295354212386], [64.3377751595585, 23.49097535419034], [62.67422651780688, 26.162655354168294]]]}, "properties": {"id": 542, "height_m": 3.0, "levels": 1, "category": "residencial", "extrude": true, "manzana_id": 12}}, {"type": "Feature", "geometry": {"type": "Polygon", "coordinates": [[[61.98923590059458, -17.14082464605113], [51.81223244496836, -22.26154464617366], [89.48671639129704, -99.18366464614863], [89.68242799606584, -99.74026464592981], [99.9572872542503, -94.73086464592171], [99.66371984657562, -94.17426464614053], [61.98923590059458, -17.14082464605113]]]}, "properties": {"id": 543, "height_m": 3.0, "levels": 1, "category": "publico", "extrude": true, "manzana_id": 13}}, {"type": "Feature", "geometry": {"type": "Polygon", "coordinates": [[[64.3377751595585, 23.49097535419034], [77.05902947891747, 31.39469535400977], [74.80834602251177, 35.06825535383115], [70.40483491191095, 32.61921535408206], [71.28553713389205, 31.172055354176393], [62.67422651780688, 26.162655354168294], [64.3377751595585, 23.49097535419034]]]}, "properties": {"id": 544, "height_m": 3.0, "levels": 1, "category": "residencial", "extrude": true, "manzana_id": 12}}, {"type": "Feature", "geometry": {"type": "Polygon", "coordinates": [[[80.77754997230598, 43.19461535387944], [78.91828972578556, 42.081415353921585], [78.42901071334205, 41.85877535408821], [79.89684775032488, 39.07577535399582], [82.53895441661584, 40.52293535390149], [80.77754997230598, 43.19461535387944]]]}, "properties": {"id": 545, "height_m": 3.0, "levels": 1, "category": "residencial", "extrude": true, "manzana_id": 16}}, {"type": "Feature", "geometry": {"type": "Polygon", "coordinates": [[[98.68516182203628, -104.52702464610454], [93.40094848945436, -113.65526464599625], [106.22005861137156, -121.22502464586788], [111.6021277465117, -112.20810464609059], [98.68516182203628, -104.52702464610454]]]}, "properties": {"id": 546, "height_m": 3.0, "levels": 1, "category": "residencial", "extrude": true, "manzana_id": 14}}, {"type": "Feature", "geometry": {"type": "Polygon", "coordinates": [[[131.07543243578306, -108.86850464582153], [116.59277367176658, -128.34950464607275], [141.7417149035051, -147.16258464603285], [169.0434837890911, -110.42698464584163], [163.2699914440657, -106.08550464612463], [172.2727252703838, -93.95162464591166], [161.01930798766, -85.49130464591556], [163.66141465395097, -81.92906464581313], [155.63723885251986, -75.9177846459616], [141.25243589140928, -95.17614464598395], [131.07543243578306, -108.86850464582153]]]}, "properties": {"id": 547, "height_m": 3.0, "levels": 1, "category": "publico", "extrude": true, "manzana_id": 19}}, {"type": "Feature", "geometry": {"type": "Polygon", "coordinates": [[[141.25243589140928, -95.17614464598395], [135.87036675592148, -91.16862464581928], [125.6933633006429, -104.86098464605234], [131.07543243578306, -108.86850464582153], [141.25243589140928, -95.17614464598395]]]}, "properties": {"id": 548, "height_m": 3.0, "levels": 1, "category": "residencial", "extrude": true, "manzana_id": 19}}]}