registro;nif;nombre;situacion;finalidad;direccion_nombre_via;direccion_municipio_nombre;direccion_provincia_nombre;direccion_isla_nombre;pagina_web;email
380;G04988820;FUNDACION CANARIA LUCAS BOSCH;Registrada con actividad;EDUCATIVAS;Calle TRIANA,;Las Palmas de Gran Canaria;Las Palmas;Gran Canaria;https://fundacionlucasbosch.org/;_U
313;G76655943;FUNDACIÓN CANARIA FONDO SOCIAL PORTUARIO DEL PUERTO DE SANTA CRUZ DE TENERIFE;Registrada con actividad;BENÉFICAS;Calle ANTIGUA ESTACIÓN MARÍTIMA DEL JETFOIL MUELLE NORTE-PUERTO DE STA.CRUZ DE TF.;Santa Cruz de Tenerife;Santa Cruz de Tenerife;Tenerife;-;fundacioncanariafondosocial@gmail.com
346;G76742378;FUNDACIÓN CANARIA EL BUEN SAMARITANO;Registrada con actividad;BENÉFICAS;Calle Calle Santa María de Añáza  n° 2  38111 – SANTA CRUZ DE TENERIFE;Santa Cruz de Tenerife;Santa Cruz de Tenerife;Tenerife;http://fcanariabuensamaritano.org/;info@fcanariabuensamaritano.org
376;G02990141;FUNDACION CANARIA OJUSA;Registrada con actividad;BENÉFICAS;Calle Viera y Clavijo, nº34-36    2º;Las Palmas de Gran Canaria;Las Palmas;Gran Canaria;http://fundacionojusa.com/;rafael.ruiz.pina@gmail.com
203;G38783312;FUNDACIÓN GALILEO GALILEI- INAF, FUNDACIÓN CANARIA;Registrada con actividad;INVESTIGACIÓN;Rambla José-Ana Fernández Pérez, nº 7;Breña Baja;Santa Cruz de Tenerife;La Palma;https://www.iac.es/es/institucion/fundacion-galileo-galilei-inaf;secretary@tng.iac.es
381;G05499702;FUNDACIÓN CANARIA ALCASIV;Registrada con actividad;CIENTÍFICAS;Calle Calle General Más de Gaminde, nº 38, bajo, c.p. 35006, Las Palmas de Gran Canaria.;Las Palmas de Gran Canaria;Las Palmas;Gran Canaria;-;_U
104;_U;"FUNDACIÓN  CANARIA  ""PUERTOS DE LAS PALMAS""                                      (BAJA Y TRASLADO EXPEDIENTE AL Mº DE CULTURA) RESOLUCION Nº 94 DE FECHA 20/01/2010.";Trasladada;_U;C/ Tomás Quevedo Ramírez, s/n - Edificio Sede de la Autoridad Portuaria;Las Palmas de Gran Canaria;Las Palmas;Gran Canaria;-;_U
413;G55414148;FUNDACION CANARIA INSTITUTO DE CIENCIAS NEUROLOGICAS;Registrada con actividad;INVESTIGACIÓN;Calle  Calle Mister Blisse, s / n, (C. P. 35200 La Garita Telde).;Telde;Las Palmas;Gran Canaria;-;_U
252;G35875061;FUNDACION CANARIA RESPUESTA SOCIAL CANARIA;Registrada con actividad;EDUCATIVAS;Calle C/Lanzarote nº 8-5 35008 Las Palmas de G.C.;Las Palmas de Gran Canaria;Las Palmas;Gran Canaria;http://www.frespuestasocial.org/;gonzalagor@gonzalagor.es
10;G35141365;FUNDACION CANARIA CENTRO DE ORIENTACION FAMILIAR DE CANARIAS;Registrada con actividad;SOCIALES;Calle C/ Don Pío Coronado, nº 118;Las Palmas de Gran Canaria;Las Palmas;Gran Canaria;https://www.fundacioncof.org/;info@fundacioncof.oro
243;G38901484;FUNDACION CANARIA MEDIOAMBIENTAL LA TIRAJALA;Extinguida;SOCIALES;Avenida Avda. Hipólito González 33, 38440, término municipal de La Guancha, en Santa Cruz de Tenerife.;La Guancha;Santa Cruz de Tenerife;Tenerife;-;macuc@msn.com
360;G76776624;FUNDACIÓN PROYECTO PERFECTO,FUNDACIÓN CANARIA;Registrada con actividad;CULTURALES;Avenida Avenida Arenita, nº 73, Urbanización Paraíso Palm Mar 13 vivienda E12;Arona;Santa Cruz de Tenerife;Tenerife;https://perfectprojectfoundation.com/es/;_U
219;G38835906;FUNDACION CANARIA PARA LA SEGURIDAD ALIMENTARIA, EULOGIO HERNANDEZ;Registrada con actividad;OTRAS;Calle C/. Aguere, nº 2 - A, Edificio Prisma local bajo;Santa Cruz de Tenerife;Santa Cruz de Tenerife;Tenerife;https://faccanet.com/;gerencia@faccanet.org        facca@faccanet.org
39;G38285540;FUNDACION CANARIA PARA LA RECUPERACION DEL PATRIMONIO DE LA VILLA DE GARAFIA;Registrada con actividad;CULTURALES;Calle Los Barreros s/n, Las Tricias;Garafía;Santa Cruz de Tenerife;La Palma;https://www.garafia.es/fundacion-para-la-recuperacion-del-patrimonio-de-la-villa-de-garafia/;abilioreyesm@hotmail.es
276;G38983748;FUNDACIÓN CANARIA SANTA CRUZ SOSTENIBLE;Registrada con actividad;MEDIOAMBIENTALES;Calle Avda. de Madrid, s/n, Parque La Granja---C/ Suárez Guerra 19 Oficina I 38003-Sta. Cruz de Tenerife;Santa Cruz de Tenerife;Santa Cruz de Tenerife;Tenerife;WWW.santacruzsostenible.com;administracion@santacruzsostenible.com      sgarmed@santacruzdetenerife.es
44;G35073303;FUNDACIÓN CANARIA UNIVERSITARIA DE LAS PALMAS;Registrada con actividad;INVESTIGACIÓN;Calle C/ Juan de Quesada número 2;Las Palmas de Gran Canaria;Las Palmas;Gran Canaria;www.fulp.es;info@fulp.es
230;G38826947;AGENCIA INSULAR DE ENERGIA DE TENERIFE, FUNDACION CANARIA;Registrada con actividad;OTRAS;Polígono Polígono Industrial de Granadilla, s/n;Granadilla de Abona;Santa Cruz de Tenerife;Tenerife;https://www.obidic.es/agentes/apoyo-a-la-i-d-i/agentes-de-apoyo-intermediacion-y-promocion-publicas?view=article&id=135:agencia-insular-de-energia-de-tenerife-aiet&catid=20;juridico@iter.es
354;G76305184;FUNDACIÓN CANARIA TERAPIAS MARINAS DE MOGÁN;Registrada con actividad;SOCIALES;Calle C/ Alcalde Francisco Hernández González, número 20,;Las Palmas de Gran Canaria;Las Palmas;Gran Canaria;-;_U
218;3;FUNDACIÓN CANARIA PARA LA INSERCIÓN SOCIOLABORAL DE PERSONAS DISCAPACITADAS;Extinguida;BENÉFICAS;Calle C/. El Escorial, nº 7;Santa Lucía;Las Palmas;Gran Canaria;-;_U
251;_U;"FUNDACION CANARIA DE FORMACION Y EMPLEO ""FOREM CANARIAS"" (CONCURSO)";En trámites de extinción;LABORAL;Calle C/. Senador Castillo Olivares, nº 14 - 1º  -  35003 - Las Palmas de G.C.C/. Méndez Núñez, nº 84, 12ª planta     -  38001- Santa Cruz de Tenerife;Las Palmas de Gran Canaria;Las Palmas;Gran Canaria;-;_U
225;G38837589;FUNDACION CANARIA CARLOS SALVADOR Y BEATRIZ;Registrada con actividad;CULTURALES;Calle El Sorondongo, nº 22;San Cristóbal de La Laguna;Santa Cruz de Tenerife;Tenerife;http://www.carlossalvadorybeatrizfundacion.com/;fundacioncarlosybeatriz@gmail.com     info@carlossalvadorybeatrizfundacion.com
210;1;"FUNDACIÓN  CANARIA  ""TOMAS  MENA  Y  MESA""";Sin actividad;INVESTIGACIÓN;Calle C/. Juan Padrón,  nº  6 - 1º;Santa Cruz de Tenerife;Santa Cruz de Tenerife;Tenerife;-;_U
349;G76739069;FUNDACIÓN CANARIA CARRERA POR LA VIDA / WALK FOR LIFE.-;Registrada con actividad;BENÉFICAS;Calle C/ Beneharo s/n, Barrio de Las Nieves, Municipio de Adeje. Edificio Escuela de Seguridad y Convivencia.;Santa Cruz de Tenerife;Santa Cruz de Tenerife;Tenerife;-;brigittegypen@hotmail.com
154;G35686724;FUNDACION CANARIA JUAN BRITO;Registrada con actividad;CULTURALES;Carretera Carretera Uga Teguise, número 2, c.;Teguise;Las Palmas;Lanzarote;https://fundacionjuanbrito.es/;_U
153;_U;"FUNDACION CANARIA ""FEMAC""";Sin actividad;BENÉFICAS;Calle C/. León y Castillo, nº  51 - 6º  derecha;Las Palmas de Gran Canaria;Las Palmas;Gran Canaria;-;_U
54;G38315230;"FUNDACIÓN CANARIA DISCAPACIDAD INTELECTUAL TENERIFE ""FUNDITE""";Registrada con actividad;CULTURALES;Calle La Lomita, 6, Centro Ocupacional Valle Colino, Finca España, La Cuesta. /c/JUAN BAUTISTA POGGIO Nº 13 FINCA DE ESPAÑA;San Cristóbal de La Laguna;Santa Cruz de Tenerife;Tenerife;https://fundite.es/;infofundite@gmail.com
204;G35830058;"FUNDACION CANARIA  ""SEWA""";Registrada con actividad;CULTURALES;Calle C/. Pérez Muñoz, nº 45 - 1º A;Las Palmas de Gran Canaria;Las Palmas;Gran Canaria;-;fundacionsewa@impmiragecom
107;_U;"FUNDACION CANARIA ""ITER""";Extinguida por fusión;CIENTÍFICAS;Polígono Polígono Industrial de Granadilla, s/n.;Granadilla de Abona;Santa Cruz de Tenerife;Tenerife;-;_U
270;G76034289;FUNDACIÓN CANARIA JOSE CLAVIJO Y FAJARDO;Registrada con actividad;CULTURALES;Calle C/. La Hoya, nº 3 35520  - HARIA (LANZAROTE);Haría;Las Palmas;Lanzarote;-;fundacionclavijoyfajardo@gmail.com
287;G38987426;FUNDACIÓN CANARIA PARA EL RECICLAJE Y EL DESARROLLO SOSTENIBLE;Registrada con actividad;MEDIOAMBIENTALES;Calle C/ Aguere, nº 11, Edificio Torres de Cristal, T1 Bajo izquierda;Santa Cruz de Tenerife;Santa Cruz de Tenerife;Tenerife;https://fundacioncanariasrecicla.org/;dgonzalez@ewaste.es  PATRONATO@FUNDACIONCANARIASRECICLA.ORG
163;_U;FUNDACIÓN CANARIA PARA LA AYUDA, EL DESARROLLO Y LA INVESTIGACIÓN EDUCATIVA.( ABSORBIDA POR FUSIÓN POR LA FUNDACIÓN BENÉFICO nº 009 CULTURAL CANARIA CON FECHA 9 DE NOVIEMBRE DE 2012).;Extinguida por fusión;EDUCATIVAS;Carretera Carretera del Fondillo, s/n.;Las Palmas de Gran Canaria;Las Palmas;Gran Canaria;-;_U
291;G76117274;FUNDACIÓN CANARIA ISBS;Registrada con actividad;EDUCATIVAS;Calle C/ Bravo Murillo nº 38;Las Palmas de Gran Canaria;Las Palmas;Gran Canaria;https://focan.es/becas-para-alumnos-de-formacion-profesional/fundacion-isbs/;ialeman@institutofocan.es
382;G72430895;FUNDACIÓN CANARIA CARLOS GUILLERMO DOMÍNGUEZ HERNÁNDEZ;Registrada con actividad;CULTURALES;Calle calle Sorolla,;Las Palmas de Gran Canaria;Las Palmas;Gran Canaria;-;fundacioncanariacgdh@gmail.com
306;G76611821;Fundación Canaria de la Factoría de la Innovación Turística FIT Canarias;Extinguida;OTRAS;Calle c/ Las Jarcias 4, El Galeón, Centro de Desarrollo Turístico Costa Adeje (CDTCA), Adeje. TENERIFE.;Adeje;Santa Cruz de Tenerife;Tenerife;-;info@fitcanarias.com
226;_U;FUNDACIÓN CANARIA PARA LA PREVENCIÓN E INVESTIGACIÓN DE LAS DROGODEPENDENCIAS (PID);Extinguida;SOCIALES;Calle C/. Alfonso XIII, nº 4;Las Palmas de Gran Canaria;Las Palmas;Gran Canaria;-;_U
281;G76507235;FUNDACION CANARIA CENTRO DE ESTUDIOS CANARIOS SIGLO XXI;Registrada con actividad;EDUCATIVAS;Calle C/ Galcerán, nº 7 Edificio Drago.;Santa Cruz de Tenerife;Santa Cruz de Tenerife;Tenerife;https://coalicioncanaria.org/fundaciones/;fundacion.canariassiglo21@gmail.com
221;G35831445;FUNDACION CANARIA ANTONIO BETANCOR;Propuesta de extinción;SOCIALES;Calle C/. Alcalde Francisco Hernández González, nº 20;Las Palmas de Gran Canaria;Las Palmas;Gran Canaria;-;_U
156;_U;FUNDACION CANARIA PARA LA OPTIMIZACION DE LOS RECURSOS SOCIALES (FUNCANORS);Sin actividad;OTRAS;Parque San Benito, Fase II, nº 9, ático;San Cristóbal de La Laguna;Santa Cruz de Tenerife;Tenerife;-;_U
88;_U;"FUNDACION ""WILLY FLEITAS""";Sin actividad;_U;Calle C/ García Morato, nº 34;Las Palmas de Gran Canaria;Las Palmas;Gran Canaria;-;_U
32;_U;"FUNDACION CANARIA  CENTRO DE INVESTIGACION MATEMATICA DE CANARIAS ""CIMAC""";Sin actividad;INVESTIGACIÓN;Facultad de Matematicas de la Universidad de La Laguna,  La Laguna,Tenerife.;San Cristóbal de La Laguna;Santa Cruz de Tenerife;Tenerife;-;_U
278;369868;FUNDACION CANARIA DE INTEGRACIÓN SOCIAL FUNCAIS;Sin actividad;SOCIALES;Plaza Ana Bautista, nº 2;San Cristóbal de La Laguna;Santa Cruz de Tenerife;Tenerife;-;_U
405;G56492770;FUNDACIÓN CANARIA TOMÁS DE BERLANGA;Registrada con actividad;MEDIOAMBIENTALES;Camino Calle Camino Palomares, número 118, Los Llanos de Aridane (CP 38760), La Palma.;Los Llanos de Aridane;Santa Cruz de Tenerife;La Palma;https://www.tomasdeberlanga.edu.ec/;lduque@europlatano.net
235;G35889468;FUNDACION TANGIL CANARIA;Registrada con actividad;INVESTIGACIÓN;Urbanización el Sebadal, C/. Corrientes, nº 9 - 2º;Las Palmas de Gran Canaria;Las Palmas;Gran Canaria;-;_U
40;G35293349;FUNDACIÓN CANARIA JUAN NEGRÍN;Registrada con actividad;INVESTIGACIÓN;Calle C/ Reyes Católicos nº 30;Las Palmas de Gran Canaria;Las Palmas;Gran Canaria;https://fundacionjuannegrin.es/;fundacionjuannegrin@gmail.com
113;22222;FUNDACION CANARIA  DE SALUD Y SANIDAD DE TENERIFE;Extinguida;SOCIALES;Cabildo Insular de TenerifePlaza de España, s/n;Santa Cruz de Tenerife;Santa Cruz de Tenerife;Tenerife;-;_U
171;_U;FUNDACION CANARIA PARA LA CALIDAD MEDIOAMBIENTAL;Sin actividad;MEDIOAMBIENTALES;Hotel Tigaiga, Parque del Taoro;Puerto de La Cruz;Santa Cruz de Tenerife;Tenerife;-;_U
246;6;FUNDACIÓN CANARIA MIRADOR DE IFARA;Sin actividad;SOCIALES;Calle C/. Doctor García Estrada, nº 1, Urbanización La Ninfa;Santa Cruz de Tenerife;Santa Cruz de Tenerife;Tenerife;-;_U
159;G35698513;"FUNDACION CANARIA ""UNION DEPORTIVA LAS PALMAS""";Registrada con actividad;EDUCATIVAS;Calle C/. Pio XII, nº 29 (HA CAMBIADO);Las Palmas de Gran Canaria;Las Palmas;Gran Canaria;https://www.udlaspalmas.es/fundacion;_U
53;G38294443;FUNDACION CANARIA PRO-MENCEYES GUANCHES PLAZA DE LA PATRONA DE CANARIAS;Sin actividad;CULTURALES;Avenida Avda. del Generalísimo (Oficina de Promotora Punta Larga, S.A.);Candelaria;Santa Cruz de Tenerife;Tenerife;-;_U
75;_U;FUNDACION LOS PALMITOS                                                                  (CANCELADA Y TRASLADO EXPEDIENTE AL Mº DE MEDIO AMBIENTE);Trasladada;_U;Chalet Roca Negra, Urbanización Monte León;San Bartolomé de Tirajana;Las Palmas;Gran Canaria;-;_U
217;G35868702;FUNDACIÓN CANARIA PARA EL FOMENTO DEL TRANSPORTE ESPECIAL ADAPTADO;Registrada con actividad;LABORAL;Calle C/. Bravo Murillo, nº 23;Las Palmas de Gran Canaria;Las Palmas;Gran Canaria;https://fundacionpmr.es/;juancarlos@fundacionpmr.es    info@fundacionpmr.es
420;G19345180;FUNDACIÓN CANARIA CÁTEDRA JUAN MIGUEL SANJUAN;Registrada con actividad;SOCIALES;Calle Alcalde Díaz Navarro, número 31.;Las Palmas de Gran Canaria;Las Palmas;Gran Canaria;-;_U
213;G35819473;"FUNDACIÓN CANARIA ""AMURGA MASPALOMAS""";Registrada con actividad;CULTURALES;Avenida Avda. de Tirajana, nº 39 (otro domicilio de notificaciones: C/León y Castillo 82 1º piso 35004 LPGC);San Bartolomé de Tirajana;Las Palmas;Gran Canaria;https://www.fundacionamurga.com/aviso-legal;_U
255;_U;FUNDACIÓN CANARIA EL PATIO;Liquidada;_U;Calle C/. Murga, nº 8 (desconocido) Otro domicilio: C/ Olof  Palme, nº 11, piso 3º, 35010- Las Palmas G.C.;Las Palmas de Gran Canaria;Las Palmas;Gran Canaria;-;leopoldo@idecnet.com
320;G76211713;FUNDACIÓN CANARIA UNIVERSITARIA DEL ATLÁNTICO MEDIO;Registrada con actividad;INVESTIGACIÓN;Carretera Carretera Al Fondillo S/N 35017 -  LAS PALMAS DE G.C.;Las Palmas de Gran Canaria;Las Palmas;Gran Canaria;-;emartin@atriumasesores.com    vgarcias@unidam.es
289;G76520048;FUNDACION CANARIA PARA EL DESARROLLO DE LA UNIVERSIDAD DE LA LAGUNA (FUNDESULL);Sin actividad;EDUCATIVAS;"Convento de Santo Domingo; Plaza de Santo  Domingo s/n, San Cristóbal de la Laguna";San Cristóbal de La Laguna;Santa Cruz de Tenerife;Tenerife;-;_U
86;G35463215;"FUNDACION CANARIA ""VOLUNTAS""";Sin actividad;EDUCATIVAS;Calle C/ Pepe García Fajarado, nº 11, Schamann;Las Palmas de Gran Canaria;Las Palmas;Gran Canaria;-;jhernanc@ull.edu.es
58;323232;FUNDACION CANARIA PARA EL INSTITUTO TRICONTINENTAL DE LA DEMOCRACIA PARLAMENTARIA Y LOS DERECHOS HUMANOS;Extinguida;_U;Calle C/ Teobaldo Power, num. 7 -Sede del Parlamento de Canarias;Santa Cruz de Tenerife;Santa Cruz de Tenerife;Tenerife;-;_U
65;011;FUNDACION CANARIA PARA LA FORMACION Y EMPLEO;Sin actividad;LABORAL;Paseo Paseo de Cayetano de Lugo, nº 31;Las Palmas de Gran Canaria;Las Palmas;Gran Canaria;-;_U
33;G38267423;FUNDACIÓN CENTRO DE INFORMACIÓN Y ECONOMÍA DE LA CONSTRUCCIÓN (CIEC);Registrada con actividad;LABORAL;Calle C/ San Vicente Ferrer nº 81 Bajo  y C/ Carvajal 3 bajo izq.35004LPGC;Santa Cruz de Tenerife;Santa Cruz de Tenerife;Tenerife;https://www.fundacionciec.es/;administracion@fundacionciec.org
319;G76637453;FUNDACIÓN CANARIA JOSÉ LUIS MONTESINOS;Registrada con actividad;FOMENTO DEL DEPORTE;Calle Edificio Multidisciplinar, c/ Pérez Zamora, nº 43, Planta 1;Puerto de La Cruz;Santa Cruz de Tenerife;Tenerife;-;lalomartinbahia@hotmail.com
308;G76593896;Fundación Canaria EIDHER;Sin actividad;INVESTIGACIÓN;Urbanización Las Cruces, nº 34, Güimar, 38500-Tenerife;Güímar;Santa Cruz de Tenerife;Tenerife;-;_U
11;_U;FUNDACION CARNAVAL DE LAS PALMAS;Sin actividad;CULTURALES;Calle C/ Leon y Castillo, 288 - 1.;Las Palmas de Gran Canaria;Las Palmas;Gran Canaria;-;_U
229;G35882174;FUNDACIÓN CANARIA SANTA CATALINA;Registrada con actividad;BENÉFICAS;Calle C/. Doctor Verneau, nº 1, Edicicio San Marcos, oficina 311;Las Palmas de Gran Canaria;Las Palmas;Gran Canaria;-;msantana@invercast.com
2;G35103431;RADIO ECCA, FUNDACIÓN CANARIA;Registrada con actividad;CULTURALES;Avenida Avda. de Escaleritas, nº 64;Las Palmas de Gran Canaria;Las Palmas;Gran Canaria;http://www3.radioecca.org/;info@radioecca.org
348;G76732692;FUNDACIÓN CANARIA AÑAZO NOVA;Registrada con actividad;CULTURALES;Calle  Calle Santiago, n° 5, 1º izquierda- de 38002-Santa Cruz de Tenerife;Santa Cruz de Tenerife;Santa Cruz de Tenerife;Tenerife;-;fundacionaova@gmail.com
164;_U;FUNDACION CANARIA DE CULTURA Y OCIO DE TELDE;Sin actividad;CULTURALES;Calle C/. Secretario Guedes Alemán, nº 18;Telde;Las Palmas;Gran Canaria;-;_U
370;G76812783;FUNDACIÓN CANARIA AL SERVICIO DE LOS  MAYORES Y LA DIVERSIDAD FUNCIONAL DIVINA PROVIDENCIA;Registrada con actividad;SOCIALES;Calle Calle La Resbala, nº 38, (Hogar Jesús de Nazaret);La Matanza de Acentejo;Santa Cruz de Tenerife;Tenerife;-;benito.perdomo@biplaza.es
60;_U;FUNDACION CIUDAD DE ARUCAS;Sin actividad;CULTURALES;Calle C/ Leon y Castillo, nº 6;Arucas;Las Palmas;Gran Canaria;-;_U
206;_U;"FUNDACION VENEZOLANA  ""PUROTALENTO""";Sin actividad;CULTURALES;Calle C/. Moralidad, nº 7 - B, Urbanización La Hornera;San Cristóbal de La Laguna;Santa Cruz de Tenerife;Tenerife;-;_U
167;G35684661;"FUNDACIÓN CANARIA  ""AGORA""";Registrada con actividad;EDUCATIVAS;Calle C / Victor Hugo, 36, bajo;Las Palmas de Gran Canaria;Las Palmas;Gran Canaria;https://fundacionagora.com/;administracion@bernardomelian.com
286;G76048511;FUNDACION CANARIA YAKAAR;Registrada con actividad;BENÉFICAS;Calle c/ Alfonso Chiscano Díaz, nº 10, portal 4, 3 A, 35010-Las Palmas G.C.;Las Palmas de Gran Canaria;Las Palmas;Gran Canaria;-;info@fundacionyakaar.es
322;G76218205;FUNDACIÓN ACUORUM IBEROAMERICANA CANARIA DE AGUA;Registrada con actividad;MEDIOAMBIENTALES;Calle C/ León y Castillo, nº 35,6º-A, 35005-Las Palmas de Gran Canaria;Las Palmas de Gran Canaria;Las Palmas;Gran Canaria;https://www.acuorum.com/;gerencia@acuorum.com
249;G35963875;FUNDACIÓN CANARIA GLOBAL INICIATIVAS SOCIALES;Registrada con actividad;LABORAL;Calle C/. Viera y Clavijo, nº 34 - 36, 5ª planta;Las Palmas de Gran Canaria;Las Palmas;Gran Canaria;https://globaliniciativassociales.org/;luis.alvarez@praxisae.com
383;G06768717;FUNDACIÓN CANARIA MAMÁ ÁFRICA;Registrada con actividad;SOCIALES;Avenida AVDA. MENCEY,;Mogán;Las Palmas;Gran Canaria;-;_U
237;G35907104;"FUNDACIÓN CANARIA ""SATOCAN- JUNGEL SANJUAN""";Registrada con actividad;EDUCATIVAS;Calle C/ Concejal García Feo, nº 30 Alcalde Diaz Saavedra Navarro nº 31;Las Palmas de Gran Canaria;Las Palmas;Gran Canaria;-;_U
267;G35962901;FUNDACION CANARIA DE TRAUMATOLOGIA Y CIRUGIA ORTOPEDICA COTCAN;Sin actividad;BENÉFICAS;Calle C/. León y Castillo, nº 44;Las Palmas de Gran Canaria;Las Palmas;Gran Canaria;-;_U
98;G35470970;"FUNDACION ""SECUNDINO DELGADO""";Extinguida;CULTURALES;Avenida Avd. Mendez Núñez, 27 entresuelo,;Santa Cruz de Tenerife;Santa Cruz de Tenerife;Tenerife;-;_U
372;G76370170;FUNDACIÓN CANARIA LINEAS ROMERO;Registrada con actividad;EDUCATIVAS;Avenida Virgen del Mar, nº 119, La Graciosa, Lanzarote, Las Palmas;Teguise;Las Palmas;Lanzarote;-;_U
359;G76789130;FUNDACIÓN CANARIA ÁNGEL LUIS PRIETO VILLALBA;Registrada con actividad;SOCIALES;Calle C/ San Sebastian nº 65, 1º-D;Santa Cruz de Tenerife;Santa Cruz de Tenerife;Tenerife;-;victorbaubarr@gmail.com
99;G35500396;"FUNDACION CANARIA  ""ESCCRI""";Sin actividad;EDUCATIVAS;Calle C/ Diego A. Montaude, nº 7;Las Palmas de Gran Canaria;Las Palmas;Gran Canaria;-;_U
64;G38357117;FUNDACIÓN CANARIA MÉDICOS DE TENERIFE;Registrada con actividad;CIENTÍFICAS;Calle C/ Horacio Nelson, nº 17;Santa Cruz de Tenerife;Santa Cruz de Tenerife;Tenerife;https://medicostenerife.es/corporativo/fundacion-fcmt/;fundacionmed@cmtf.es
399;G44689545;DELEGACIÓN EXTRANJERA EN  CANARIAS DE LA FUNDACIÓN ROUTE 66;Registrada con actividad;EDUCATIVAS;Calle Domicilio de la Delegación: Calle Arteara, Nº 17, 35108, de San Bartolomé de Tirajana, Las Palmas.;San Bartolomé de Tirajana;Las Palmas;Gran Canaria;-;mpraxedes@hotmail.com
238;_U;FUNDACION CANARIA AMIGOS DE CABO VERDE ALMILCAR CABRAL;Sin actividad;BENÉFICAS;Calle C/. Munguía, nº 11, bajo, local 2/4;Las Palmas de Gran Canaria;Las Palmas;Gran Canaria;-;_U
91;G35353535;FUNDACION CANARIA PARA EL DESARROLLO E IMPULSO DE LAS CIENCIAS AGRARIAS EN CANARIAS (FUNDESIMCA);Sin actividad;MEDIOAMBIENTALES;Calle C/ San Francisco, nº 9 - 2º B;Santa Cruz de Tenerife;Santa Cruz de Tenerife;Tenerife;-;panteresa@yahoo.es
307;G76599158;Fundación Canaria Gernot Huber;Registrada con actividad;CULTURALES;Calle c/ Las Hurtadas, nº 54, “Finca los Cardones”, San Isidro, Granadilla, Tenerife.;Granadilla de Abona;Santa Cruz de Tenerife;Tenerife;-;gernothuber@web.de
34;G35150119;FUNDACION CENTRO ASOCIADO DE LA UNED DE LANZAROTE;Registrada con actividad;EDUCATIVAS;Calle Blas Cabrera felipe, nº 1;Arrecife;Las Palmas;Lanzarote;https://www.unedlanzarote.es/;info@lanzarote.uned.es
403;G56304397;EUROPEAN SOLAR TELESCOPE FUNDACIÓN CANARIA;Registrada con actividad;INVESTIGACIÓN;Calle Calle Vía Láctea, s/n, código postal 38205, San Cristóbal de la Laguna, Tenerife.;San Cristóbal de La Laguna;Santa Cruz de Tenerife;Tenerife;-;jburgos@iac.es  HECTOR SOCAS (672096144 - DIRECTOR)
117;G38534483;"FUNDACION CANARIA ""ASHOTEL PARA LA FORMACION Y EL EMPLEO""";Registrada con actividad;LABORAL;Calle Avda. Veinticinco de Julio, núm. 37 - 1º Izquierda;Santa Cruz de Tenerife;Santa Cruz de Tenerife;Tenerife;-;santiago.delarosa@ashotel.es
265;G76009976;FUNDACIÓN  CANARIA  EMALSA;Registrada con actividad;MEDIOAMBIENTALES;Avenida Avda. Juan Carlos I,  nº 29, Edificio Las Ramblas, Planta 2ª A;Las Palmas de Gran Canaria;Las Palmas;Gran Canaria;https://emalsa.es/quienes-somos/fundacion-canaria/;gestiondecobros@emalsa.es  1348@icalpa
315;G76208396;FUNDACIÓN CANARIA INSTITUTO DE INVESTIGACIÓN SANITARIA DE CANARIAS (FCIISC);Registrada con actividad;CIENTÍFICAS;Calle  Bco la Ballena s/n edif.anexo Dr.Negrin 35010;Las Palmas de Gran Canaria;Las Palmas;Gran Canaria;-;Gerente: Yeray Suárez Álamo (ysuarez@funcanis.org) Asesores:mgomez@funcanis.org  ysuarez@func
266;G76007434;FUNDACION CANARIA UMIAYA PARA LA ATENCION DE LA MUERTE SUBITA;Registrada con actividad;SOCIALES;Calle Centro Cultural El Tablero, C/. Venezuela, s/n, El Tablero de Maspalomas;San Bartolomé de Tirajana;Las Palmas;Gran Canaria;https://fundacionumiaya.com/;_U
20;_U;"FUNDACION CANARIA ""CENTRO DE DOCUMENTACION E INVESTIGACION DE LA ARTESANIA DE ESPAÑA Y AMERICA""";Extinguida;CULTURALES;Calle C/. Tomás Zerolo, 34.;La Orotava;Santa Cruz de Tenerife;Tenerife;-;_U
9;G35110808;FUNDACIÓN CANARIA ATLANTIC  SCHOOL;Registrada con actividad;EDUCATIVAS;Calle C/ Bebedero, s/n - Monte Lentiscal//  c/ Gustava J. Navarro Nieto nº 23 35310 Sta. Brígida;Santa Brígida;Las Palmas;Gran Canaria;https://atlanticschools.net/;gerencia@atlanticschools.net
143;G38595831;FUNDACION CANARIA FAMILIA QUESADA SANCHEZ;Registrada con actividad;BENÉFICAS;Calle  c/ Sebastián Machado nº 44;Tacoronte;Santa Cruz de Tenerife;Tenerife;-;ELISEOPEREZLARA@HOTMAIL.COM
418;G000000;FUNDACIÓN CANARIA GRUPO TILP;Registrada con actividad;OTRAS;Avenida Los Indianos n.º 14 bajo;Santa Cruz de La Palma;Santa Cruz de Tenerife;La Palma;-;_U
261;G35997899;FUNDACION CANARIA NESTOR ALAMO;Registrada con actividad;CULTURALES;Calle c/. San José, nº 7;Santa María de Guía;Las Palmas;Gran Canaria;https://santamariadeguia.es/fundacion-canaria-nestor-alamo/;info@museonestoralamo.es
13;G38014536;"FUNDACION CANARIA ""PATRONATO CONDADO DEL PALMAR""";Registrada con actividad;EDUCATIVAS;Calle C/ Hermano Apolinar, 12.// Avenida Emilio Luque, nº 36 Pl. 1º D;La Orotava;Santa Cruz de Tenerife;Tenerife;-;administracion@martinezdeazagra.com
253;G35927037;FUNDACIÓN CANARIA NANINO DIAZ CUTILLAS;Registrada con actividad;CULTURALES;Calle C/. Sor Brígida Castelló, nº 1 // C/ Bravo Murillo, 33;Las Palmas de Gran Canaria;Las Palmas;Gran Canaria;https://www.fundacionnanino.es/;fundacionnanino@grancanaria.com fsuarez@grancanaria.com    fernandosuar@gmail.com
351;G76766708;LA FUNDACIÓN CANARIA DIARIO DE AVISOS;Registrada con actividad;CULTURALES;Vía Principal Dársena Pesquera, Edificio Sofitesa, Naves 1,2 y 3, C.P. 38111 de Santa Cruz de Tenerife;Santa Cruz de Tenerife;Santa Cruz de Tenerife;Tenerife;https://fundaciondiariodeavisos.com/;daf@diariodeavisos.com
115;G38518692;"FUNDACION CANARIA  ""SANTUARIO DE CANDELARIA""";Registrada con actividad;SOCIALES;Plaza de la Patrona de Canarias, nº 2;Candelaria;Santa Cruz de Tenerife;Tenerife;-;LUIS.TRUJILLO@BALTIA.ES
17;G35218213;"FUNDACIÓN CANARIA ""BRAVO MURILLO""";Registrada con actividad;EDUCATIVAS;Calle C/. Carvajal, nº 2         // Carretera Al Fondillo nº4 -35017- LAS PALMAS DE G.C.;Las Palmas de Gran Canaria;Las Palmas;Gran Canaria;https://www.bravomurillobs.com/;vgarcias@unidam.es
404;G09883992;FUNDACIÓN CANARIA  ALAS;Registrada con actividad;SOCIALES;Calle Vía Láctea;San Cristóbal de La Laguna;Santa Cruz de Tenerife;Tenerife;-;contacto@fundacioncanariaalas.org
77;_U;"FUNDACION CANARIA PARA EL DESARROLLO SOCIAL DE CANARIAS ""FUNDESCAN""";Extinguida;EDUCATIVAS;Calle C/. Franchy roca, nº 5 - 1º;Las Palmas de Gran Canaria;Las Palmas;Gran Canaria;-;_U
330;35363738;FUNDACION CANARIA HARIDIAN MÁS DE CINCO MIL ENFERMEDADES RARAS;Sin actividad;BENÉFICAS;Calle C/ Secretario Artiles, nº 83 piso 5 Oficina 501, Las Palmas de Gran Canaria;Las Palmas de Gran Canaria;Las Palmas;Gran Canaria;-;_U
227;G38848024;FUNDACIÓN CANARIA PARA LA EDUCACIÓN Y LA CULTURA;Registrada con actividad;EDUCATIVAS;Calle C/. Humo, nº 1 6º A;Santa Cruz de Tenerife;Santa Cruz de Tenerife;Tenerife;https://www.fucec.es/;GERENCIA@FUCEC.ES
119;_U;"FUNDACIÓN CANARIA DE TELECOMUNICACIONES (EXTINGUIDA) por fusión con la Fundación ""AUNA"", la FUNDACIÓN Madrileña de Telecomunicaciones y la Fundación Aragón del Cable";Extinguida por fusión;INVESTIGACIÓN;Polígono Polígono Industrial Los Majuelos, Polígono 5, Manzana 3, Edificio 1;San Cristóbal de La Laguna;Santa Cruz de Tenerife;Tenerife;-;_U
121;G38546156;"FUNDACION CANARIA DE AGRICULTURA Y MEDIO AMBIENTE  ""JOSE MIGUEL GALVAN BELLO""";Registrada con actividad;CULTURALES;Calle C/. Ramón y Cajal, nº 12;Santa Cruz de Tenerife;Santa Cruz de Tenerife;Tenerife;-;administracion@asaga-asaja.com
390;G67966754;FUNDACIÓN CANARIA JACARANDA PARA LA PROTECCIÓN DE LA BIOSFERA;Registrada con actividad;MEDIOAMBIENTALES;Calle CHOPIN,;Las Palmas de Gran Canaria;Las Palmas;Gran Canaria;https://lapalmabiosfera.es/;alberto@rieraasesores.com
56;G35337641;"FUNDACION CANARIA ""CASA DE LOS PATRONOS DE LA VIRGEN DEL PINO""";Registrada con actividad;CULTURALES;Calle Casa de los Patronos de la Virgen del Pino, Plaza de Villa de Teror, s/n.;Teror;Las Palmas;Gran Canaria;https://fedac.org/museosetnograficos/fundacion-casa-de-los-patronos-de-la-virgen-del-pino/;amanrique@elcortijo.es
364;G76342286;FUNDACIÓN CANARIA DE DEPORTE INCLUSIVO CLUB NATACIÓN LAS PALMAS;Registrada con actividad;FOMENTO DEL DEPORTE;Plazoleta Emilio Ley, s/n, código postal 35005, de Las Palmas de Gran Canaria;Las Palmas de Gran Canaria;Las Palmas;Gran Canaria;https://cnlaspalmas.es/;fundacion_natacion_inclusiva@cnlaspalmas.es  presidencia@cnlaspalmas.es
397;G72488844;FUNDACIÓN CANARIA ARTISOPHIA POR LA CULTURA, LA ECOLOGÍA Y LA PAZ;Registrada con actividad;CULTURALES;Calle Ruiz de Alda, N.º 10-B, 2º-B, código postal 35007, de Las Palmas de Gran Canaria;Las Palmas de Gran Canaria;Las Palmas;Gran Canaria;https://www.fundacionartisophia.org/;contacto@fundacionartisofia.org
398;G44584985;FUNDACIÓN CANARIA MÉXICO CANARIAS;Registrada con actividad;CULTURALES;Plaza de la Concepción, N.º 16, código postal 38201, San Cristóbal de La Laguna, Santa Cruz de Tenerife.;San Cristóbal de La Laguna;Santa Cruz de Tenerife;Tenerife;https://www.fundacionmexicocanarias.com/;_U
274;G76014331;FUNDACION CANARIA DENTAL;Registrada con actividad;SOCIALES;Calle C/. Mayor de Triana, nº 60;Las Palmas de Gran Canaria;Las Palmas;Gran Canaria;https://coelp.es/fundacion-canaria-dental/patronos.html;info@coelp.es administracion@coelp.es
377;G42934364;FUNDACION CANARIA KISHOO;Registrada con actividad;EDUCATIVAS;Calle General de Antequera, nº5;Santa Cruz de Tenerife;Santa Cruz de Tenerife;Tenerife;-;zwaldrep@canariasadv.es
335;G76251115;Fundación Canaria Chekipa;Registrada con actividad;MEDIOAMBIENTALES;Carretera Carretera general de Jandia, km 17, La Lajita, Pájara, Fuerteventura.;Pájara;Las Palmas;Fuerteventura;-;administracion@chekipafoundation.org
78;_U;FUNDACION PAZ Y SOLIDARIDAD CANARIA;Sin actividad;SOCIALES;Calle C/ Méndez Núñez, nº 84- planta 13;Santa Cruz de Tenerife;Santa Cruz de Tenerife;Tenerife;-;_U
46;G35252154;"FUNDACIÓN CANARIA  ""VEGA SINTES""";Registrada con actividad;EDUCATIVAS;Calle  Crrt. de la Atalaya n? 31 35307 Sta. Br?gida LP// Alcalde Díaz Saavedra nº 23 1º E;Las Palmas de Gran Canaria;Las Palmas;Gran Canaria;-;fundacionvegasintes@gmail.com
208;G35851666;FUNDACION  CANARIA DE APOYO AL  SINDROME DE DOWN;Registrada con actividad;SOCIALES;Calle C/. León y Castillo, 120-1º-B, Portal 6 Edificio EURO2000;Las Palmas de Gran Canaria;Las Palmas;Gran Canaria;https://www.downlaspalmas.com/financiador/fundacion-tutelar-canaria-sindrome-de-down;ftcsindromedown@telefonica.net
71;G38386652;"FUNDACION CANARIA ""MONSEÑOR ARMANDO MONTOLIU""";Sin actividad;SOCIALES;Calle C/ Lorenzo García del Castillo, nº 4, Edificio Mirador II, Local 1, Barrio del Perú;Santa Cruz de Tenerife;Santa Cruz de Tenerife;Tenerife;-;_U
378;G02794337;FUNDACION CANARIA MAROPARQUE;Registrada con actividad;PROTECCIÓN DE LOS ANIMALES;Calle La Cuesta, nº28;Breña Alta;Santa Cruz de Tenerife;La Palma;http://www.maroparque.es/;_U
329;G38535353;FUNDACIÓN CANARIA JEFFREN SUÁREZ FOUNDATION;Sin actividad;BENÉFICAS;Calle C/ Los Cipreses nº 9, San Gonzálo- Tegueste, Tenerife;Tegueste;Santa Cruz de Tenerife;Tenerife;-; info@jeffrensuarezfoundation.org
162;G35646926;"FUNDACIÓN CANARIA ""GRAN CANARIA CONVENTION BUREAU""";Registrada con actividad;OTRAS;Avenida RAFAEL CABRERA, 1, PISO 1º- OFIC. 5;Las Palmas de Gran Canaria;Las Palmas;Gran Canaria;https://www.grancanariacb.com/;info@grancanariacb.com    administracion@grancanariacb.com
375;G05409420;FUNDACIÓN CANARIA DESTILERÍAS AREHUCAS;Registrada con actividad;CULTURALES;Calle La Era de San Pedro, 2;Arucas;Las Palmas;Gran Canaria;https://fundacionarehucas.es/;arehucas@atenealex.com
61;G35364975;"FUNDACION CANARIA ""MASPALOMAS""";Sin actividad;EDUCATIVAS;Calle C/ Marcial Franco (Casa Condal) - San Fernando de Maspalomas;San Bartolomé de Tirajana;Las Palmas;Gran Canaria;-;_U
178;G35621564;"FUNDACIÓN CANARIA  ""LUCIO DE LAS CASAS""";Registrada con actividad;EDUCATIVAS;Calle C/. Juan de Quesada, nº 30;Las Palmas de Gran Canaria;Las Palmas;Gran Canaria;-;secretaria.general@ulpgc.es
174;000001011;"FUNDACION CANARIA ""ORENCIO MORENO""";Sin actividad;CULTURALES;Calle C/. Bencomo, nº 11, D;San Cristóbal de La Laguna;Santa Cruz de Tenerife;Tenerife;-;_U
125;G35563147;"FUNDACIÓN CANARIA  ""FESTIVAL DE ÓPERA DE LAS PALMAS DE GRAN CANARIA""";Registrada con actividad;CULTURALES;Calle C/ SAN FRANCISCO Nº 6 BAJO;Las Palmas de Gran Canaria;Las Palmas;Gran Canaria;-;gerencia@operalaspalmas.org
123;G35544204;FUNDACIÓN CANARIA PARA LA REFORESTACIÓN;Registrada con actividad;MEDIOAMBIENTALES;Calle Atalaya, nº 45 Polígono Industrial de las Torres;Las Palmas de Gran Canaria;Las Palmas;Gran Canaria;-;"sergioarmas@fundacionforesta.org ; cesarpadron@fundacionforesta.org"
353;G76772821;FUNDACIÓN CANARIA CLUB DEPORTIVO TENERIFE;Registrada con actividad;FOMENTO DEL DEPORTE;Calle Estadio Heliodoro Rodríguez López. Puerta 18 B. Calle Femando Barajas Prat s/n;Santa Cruz de Tenerife;Santa Cruz de Tenerife;Tenerife;www.clubdeportivotenerife.es;fundacipn@clubdeportivotenerife.es
283;G76504703;FUNDACIÓN CANARIA STARLIGHT PARA LA DIFUSIÓN DE LA ASTRONOMÍA;Registrada con actividad;CIENTÍFICAS;Calle C/Vía Lactea s/n, San Cristobal de la Laguna, Santa Cruz de Tenerife;San Cristóbal de La Laguna;Santa Cruz de Tenerife;Tenerife;https://www.fundacionstarlight.org/;fundacionstarlight@fundacionstarlight.org
321;G76220177;FUNDACIÓN CANARIA ACHE;Registrada con actividad;LABORAL;Calle C/ Travieso nº 23 35002 Las Palmas De Gran Canaria;Las Palmas de Gran Canaria;Las Palmas;Gran Canaria;-;INFO@ACHECANARIAS.COM
336;G76256346;Fundación Canaria de Apoyo a las Personas Afectadas por Trastornos del Neurodesarrollo (FUNTEAC).;Registrada con actividad;BENÉFICAS;Avenida  Avenida Juan XXIII, n° 42- C.P. 35004  Las Palmas de Gran Canaria.;Las Palmas de Gran Canaria;Las Palmas;Gran Canaria;-;info@funteac.org
57;G35359090;FANS, FUNDACION CANARIA DE AYUDA A LOS NIÑOS SUPERDOTADOS;Registrada con actividad;EDUCATIVAS;Calle C/. Juan Rejón nº 110-5º B;Las Palmas de Gran Canaria;Las Palmas;Gran Canaria;-;fundacion.fans@gamil.com
387;G09702853;FUNDACIÓN CANARIA LIVING LAB PARA LA INVESTIGACIÓN;Registrada con actividad;INVESTIGACIÓN;Calle Campus de Tafira, Edificio Polivalente IV, planta 3, oficina 315, de Las Palmas de Gran Canaria;Las Palmas de Gran Canaria;Las Palmas;Gran Canaria;https://canariaslivinglab.org/;info@canariaslivinglab.org
198;_U;"FUNDACION CANARIA  ""VITALIA""";Sin actividad;CULTURALES;Calle C/. Luis Doreste Silva, nº 22, Local A;Las Palmas de Gran Canaria;Las Palmas;Gran Canaria;-;_U
12;G35134097;"FUNDACION CANARIA ""MAPFRE CANARIAS""";Registrada con actividad;LABORAL;Calle C/ Juan de Quesada, 10.;Las Palmas de Gran Canaria;Las Palmas;Gran Canaria;https://www.fundacionmapfrecanarias.org/;infofmg@mapfre.com
365;G76345545;FUNDACIÓN CANARIA UNIVERSIDAD FERNANDO PESSOA CANARIAS;Registrada con actividad;CULTURALES;Calle La Juventud, s/nº 35450- SANTA MARÍA DE GUIA- LAS PALMAS;Santa María de Guía;Las Palmas;Gran Canaria;https://www.ufpcanarias.es/;josejuan@barberasociados.com
101;G35486059;"FUNDACIÓN CANARIA ""ORQUESTA FILARMÓNICA DE GRAN CANARIA""";Registrada con actividad;EDUCATIVAS;Calle C/ Bravo Murillo, nº 23 // Paseo Principe de Asturias s/n 3510-Las Palmas GC;Las Palmas de Gran Canaria;Las Palmas;Gran Canaria;https://ofgrancanaria.com/;jcsaavedra@ofgrancanaria.com
16;G38321030;"FUNDACION ""EL MAESTRO"", INSTITUCION LAICA DE ENSEÑANZA";Registrada con actividad;EDUCATIVAS;Calle C/ Emilio Calzadilla, 32.;Santa Cruz de Tenerife;Santa Cruz de Tenerife;Tenerife;https://www.leinumber.com/leicert/959800HP01VEEXKVW174/;fundacioncanariaelmaestro@hotmail.com
27;G35263086;"FUNDACIÓN CANARIA ""SANTIAGO E. RIVERO YÁNEZ""";Registrada con actividad;SOCIALES;Calle Coronel Rocha,  9 (otro domicilio: Casa Parroquial C/ De la Herrería, 4 35330 Villa de Teror);Teror;Las Palmas;Gran Canaria;-;_U
300;G76166107;FUNDACIÓN CANARIA CIUDAD DE GÁLDAR;Registrada con actividad;CULTURALES;Calle Domicilio: c/ Guillén Morales, nº 13, Galdar, Gran Canaria.                                                    Ayuntamiento C/Capitan Quesada ,nº 29 35460 -Galdar (Las Palmas);Gáldar;Las Palmas;Gran Canaria;https://www.galdar.es/fundacion-canaria-ciudad-de-galdar/;pino.diaz@gpedregal.es
42;G38298766;FUNDACIÓN CANARIA PARA LAS PERSONAS CON SORDERA Y SUS FAMILIAS -FUNCASOR-;Registrada con actividad;LABORAL;Carretera Carretera Gral. La Laguna-Punta del Hidalgo, km 8.1, Tegueste, Santa Cruz de Tenerife.;Tegueste;Santa Cruz de Tenerife;Tenerife;https://www.funcasor.org/;funcasor@funcasor.org
102;G38383838;"FUNDACIÓN CANARIO-ALEMANA ""ALEXANDER VON HUMBOLDT""";Propuesta de extinción;CULTURALES;Casas Consistoriales del Municipio del Puerto de la Cruz;Puerto de La Cruz;Santa Cruz de Tenerife;Tenerife;-;_U
30;R3500061A;FUNDACION ESPOSOS D. SANTIAGO ASCANIO Y MONTEMAYOR Y DOÑA RAFAELA MANRIQUE DE LARA.  COLEGIO SAN JUAN BOSCO;Liquidada;EDUCATIVAS;Carretera Carretera del Centro, 54;Las Palmas de Gran Canaria;Las Palmas;Gran Canaria;-;www.sanjuanbosco-laspalmas.com
114;_U;"FUNDACION CANARIA  ""UNIVERSIDAD DE VERANO DE LA GOMERA""";Sin actividad;_U;Calle C/. Profesor Armas Fernández, nº 2Edificio del Cabildo de La Gomera;San Sebastián de la Gomera;Santa Cruz de Tenerife;La Gomera;-;uvlg@culturacanaria.com
305;G76601616;FUNDACIÓN CANARIA PARA EL CONTROL DE LAS ENFERMEDADES TROPICALES (FUNCCET);Registrada con actividad;INVESTIGACIÓN;Avenida avda. de Francisco Sánchez s/n, Edif. Instituto de Enfermedades Tropicales. Campus de Anchieta, Universidad de La Laguna, 38203- La Laguna, Tenerife.;San Cristóbal de La Laguna;Santa Cruz de Tenerife;Tenerife;-;fundacion@funccet.org
172;G35742386;"FUNDACIÓN BENÉFICA DE ENSEÑANZA ""ANTONIO VILA GARCÍA-SOLALINDE FUNDACIÓN CANARIA"".";Registrada con actividad;EDUCATIVAS;Calle C/. Domingo J. Navarro, nº 32 / Leon y Castillo 48, 1º Dcha;Las Palmas de Gran Canaria;Las Palmas;Gran Canaria;-;_U
175;G35737469;FUNDACIÓN CANARIA DE LAS ARTES;Registrada con actividad;CULTURALES;Calle C/. San Borondón, nº 34  -  San Fernando de Maspalomas// C/Presidente Alvear nº 13 1ºA35006;San Bartolomé de Tirajana;Las Palmas;Gran Canaria;-;DAVIDBLANCO@QUEVEDOCONSULTORES.INFO  monica@quevedoconsultores.info
3;_U;"FUNDACION CANARIA LABORAL ECONOMATO  ""CEPSA"" DE TENERIFE  (DISCUTIBLE, NO SEA DE APLICACIÓN EL SILENCIO POSITIVO) EXTINGUIDA";Extinguida;EDUCATIVAS;Calle C/ Alvaro Rodríguez López, s/n;Santa Cruz de Tenerife;Santa Cruz de Tenerife;Tenerife;-;_U
66;_U;FUNDACION PRIVADA BANCO DE ALIMENTOS DE CANARIAS;Sin actividad;SOCIALES;Calle C/ Principe Ruyman, 47-bajo;San Cristóbal de La Laguna;Santa Cruz de Tenerife;Tenerife;-;_U
96;G35467075;"FUNDACION  CANARIA  ""FEDALIME""";Sin actividad;LABORAL;Calle C/. León y Castillo, nº 49 - 1ª planta;Las Palmas de Gran Canaria;Las Palmas;Gran Canaria;-;_U
106;_U;"FUNDACIÓN CANARIA  ""ICEPSS""";Sin actividad;EDUCATIVAS;Calle C/ Castillejos, nº 67;Las Palmas de Gran Canaria;Las Palmas;Gran Canaria;-;icepss@icepss.es
158;_U;FUNDACION CANARIA DEL DEPORTE EN SANTA LUCIA;Extinguida;FOMENTO DEL DEPORTE;Calle C/. El Escorial, nº 7;Santa Lucía;Las Palmas;Gran Canaria;-;_U
256;G38957908;FUNDACIÓN CANARIA TABURIENTE ESPECIAL;Registrada con actividad;BENÉFICAS;Calle C/. Real, nº 21  //     C/ Tabaiba nº 23;Los Llanos de Aridane;Santa Cruz de Tenerife;La Palma;https://funcataes.org;cotaburiente@telefonica.net
25;G38252573;"FUNDACIÓN CANARIA ""HOGAR SANTA RITA""";Registrada con actividad;BENÉFICAS;Calle Bencomo, 3- Punta Brava.;Puerto de La Cruz;Santa Cruz de Tenerife;Tenerife;https://fundacionhogarsantarita.org/;tomasvillar@hogarsantarita.com  hogarsantarita@hogarsantarita.com
356;G76301829;FUNDACIÓN CANARIA LA COLECTIVA;Registrada con actividad;SOCIALES;Calle C/ Paseo de Chil, nº 3 bajo;Las Palmas de Gran Canaria;Las Palmas;Gran Canaria;http://lacolectivacanarias.org/fundacion/;lacolectivacanarias@gmail.com
262;_U;FUNDACION CANARIA ILD EUROPA (SIN ACTIVIDAD)(DOTACION);Sin actividad;BENÉFICAS;Calle C/. Juan Pérez Delgado Nijota, nº 16;Santa Cruz de Tenerife;Santa Cruz de Tenerife;Tenerife;-;_U
241;G35908383;FUNDACIÓN CANARIA PANCHO GUERRA;Registrada con actividad;CULTURALES;Calle C/. Luis Morote, nº 59 - 2º  //C/ COLOMBIA Nº 22 3º D 35007 LAS PALMAS;Las Palmas de Gran Canaria;Las Palmas;Gran Canaria;https://panchoguerra.es/;coecan@infonegocio.com
28;G35039411;"FUNDACIÓN CANARIA ""ESCUELAS DE ANTÚNEZ""";Registrada con actividad;EDUCATIVAS;Calle Luis Antúnez, 37.;Las Palmas de Gran Canaria;Las Palmas;Gran Canaria;https://lasalleantunez.es/;lasalleantunez@lasalleantunez.es
68;G35396860;FUNDACIÓN ESCUELA NORUEGA DE GRAN CANARIA;Registrada con actividad;EDUCATIVAS;Calle C/ Bjorn Lyng -nº 4 Barranco de la Verga- Mogán;Mogán;Las Palmas;Gran Canaria;-;jtlestum@online.no  REKTOR@COLEGIO.NO
419;G75605519;FUNDACIÓN CANARIA UNIÓN DEPORTIVA TENERIFE COSTA ADEJE;Registrada con actividad;FOMENTO DEL DEPORTE;Calle  Polideportivo Las Torres. Calle Tágara número 4;Adeje;Santa Cruz de Tenerife;Tenerife;-;_U
367;G67946814;FUNDACIÓN CANARIA NOS MOVEMOS;Registrada con actividad;EDUCATIVAS;Calle  Calle Las Adelfas, nº 32, (Polígono Industrial de Arinaga );Agüimes;Las Palmas;Gran Canaria;-;responsabilidadsocial@grupo1844
151;G38630505;"FUNDACION CANARIA  ""ALHONDIGA DE TACORONTE""";Registrada con actividad;OTRAS;Calle Antiguo inmueble de la Alhóndiga de Tacorone, C/. El Calvario S/N;Tacoronte;Santa Cruz de Tenerife;Tenerife;-;consejo1@tacovin.com
43;G38361903;FUNDACION LORO PARQUE;Registrada con actividad;MEDIOAMBIENTALES;Avenida  AVD. LORO PARQUE S/N 38400 PUERTO DE LA CRUZ;Puerto de La Cruz;Santa Cruz de Tenerife;Tenerife;https://www.loroparque-fundacion.org/;LPF@LOROPARQUE-FUNDACION.ORG
303;G76564442;FUNDACIÓN CANARIA PARA LA PROMOCIÓN DE LA CULTURA Y LAS ARTES EN EL NORTE DE TENERIFE, FUNCANORTE;Registrada con actividad;CULTURALES;Avenida Avda. de Canarias, nº 6, Los Realejos. CALLE SAN AGUSTÍN 7;Los Realejos;Santa Cruz de Tenerife;Tenerife;-;realejos@funcanorte.es
211;G35;FUNDACION CANARIA PARA LA INTEGRACION Y COOPERACION CON CHINA;Sin actividad;OTRAS;Avenida Avda. Rafael Cabrera, nº 4 - 2º  B;Las Palmas de Gran Canaria;Las Palmas;Gran Canaria;-;INFO@FUNDACION-FICC.COM
108;G38483095;"FUNDACIÓN CANARIA ""HOSPITAL NUESTRA SEÑORA DE LOS DOLORES""";Registrada con actividad;_U;Calle C/. San Antonio, nº 7;Icod de Los Vinos;Santa Cruz de Tenerife;Tenerife;-;hospital@buenconsejoicod.com
185;G35773530;"FUNDACIÓN CANARIA  ""SOCIOSANITARIA""";Registrada con actividad;SOCIALES;Calle C/ Matías Padrón nº 97 35004 -Las Palmas de Gran Canaria.;Las Palmas de Gran Canaria;Las Palmas;Gran Canaria;https://fundacioncanaria.com/;facturacion@aeromedica.com
290;G38990313;FUNDACION CANARIA INSTITUTO DE LA VIÑA Y DEL VINO;Registrada con actividad;OTRAS;Calle C/ Solitica nº 20 -38440-La Guancha- Santa Cruz de Tenerife.;La Guancha;Santa Cruz de Tenerife;Tenerife;-;_U
242;_U;FUNDACIÓN CANARIA TEATRO PEREZ GALDOS;Extinguida por fusión;CULTURALES;Plaza de Stagno, nº 1;Las Palmas de Gran Canaria;Las Palmas;Gran Canaria;-;_U
401;G44908747;FUNDACION CANARIA VERITAS;Registrada con actividad;EDUCATIVAS;Carretera Carretera de Quilmes, N.º 1, Tafira Baja (c.p. 35017),de Las Palmas de Gran Canaria.;Las Palmas de Gran Canaria;Las Palmas;Gran Canaria;-;bllorens@llorens-abogados.com
177;G35739432;"FUNDACIÓN CANARIA  ""YRICHEN""";Registrada con actividad;SOCIALES;Calle C/. Sor Carmen Peña Pulido, s/n  - La Pardilla;Telde;Las Palmas;Gran Canaria;-;araceli.castellano@yrichen.org    yrichen@yrichen.org
134;G35622844;"FUNDACION CANARIA DE LA FEDERACION DE EMPRESARIOS DEL METAL DE LAS  PALMAS ""FEMEPA""";Registrada con actividad;LABORAL;Calle C/. León y Castillo, nº 89 - 4º C;Las Palmas de Gran Canaria;Las Palmas;Gran Canaria;-;YAUCI.NOBLE@FEMEPA.ES
72;_U;"FUNDACION ""MAS 50""";Sin actividad;BENÉFICAS;Calle C/ Méndez Núñez, nº 100-2º der.;Santa Cruz de Tenerife;Santa Cruz de Tenerife;Tenerife;-;_U
132;_U;"FUNDACION CANARIA  ""BENAHOARE""";Sin actividad;CULTURALES;Calle C/. Marquitos, núm. 4 - 1º G.;Santa Cruz de La Palma;Santa Cruz de Tenerife;La Palma;-;_U
412;G55415616;FUNDACION CANARIA NEWPORT;Registrada con actividad;CIENTÍFICAS;Calle Calle Fernando Guanarteme, número 171, (C.P. 35010 Las Palmas de Gran Canaria);Las Palmas de Gran Canaria;Las Palmas;Gran Canaria;-;_U
325;G76072255;FUNDACIÓN CANARIA TINDAYA;Sin actividad;CULTURALES;Calle  calle Barcelona, número 18 de Puerto del Rosario.;Puerto del Rosario;Las Palmas;Fuerteventura;-;yourmail@yourdomain.com
142;G38583662;"FUNDACIÓN CANARIA DE EDUCACIÓN Y ENSEÑANZA ""FUNDECA""";Registrada con actividad;EDUCATIVAS;Calle C/. Costa y Grijalba, nº 94     // RAMBLA DE SANTA CRUZ Nº 94;Santa Cruz de Tenerife;Santa Cruz de Tenerife;Tenerife;-;buzon@colegio-hispano-ingles.es
269;G76001007;FUNDACIÓN CANARIA PARQUE CIENTÍFICO TECNOLÓGICO DE LA UNIVERSIDAD DE LAS PALMAS DE GRAN CANARIA;Registrada con actividad;CIENTÍFICAS;Calle  C/ Practicante Ignacio Rodríguez s/n Edificio Polivalente III Campus Universitario de Tafira;Las Palmas de Gran Canaria;Las Palmas;Gran Canaria;https://www.fpct.ulpgc.es/es/;mjpadron@fpct.ulpgc.es
304;G76563675;FUNDACIÓN CANARIA MANUEL BETHENCOURT;Registrada con actividad;CULTURALES;Calle c/ Libertad, nº 56, Arafo, Tenerife.;Arafo;Santa Cruz de Tenerife;Tenerife;-;_U
224;4;"""FUNDACION CANARIA CENTRO GRAN CANARIO DE ESTUDIOS DEL TRANSPORTE   INTERMODAL-CEGRETI""";Sin actividad;OTRAS;Paseo Paseo Tomás Morales, nº 3, 2ª planta;Las Palmas de Gran Canaria;Las Palmas;Gran Canaria;-;_U
207;G35816420;FUNDACION CANARIA DEL DEPORTE;Registrada con actividad;FOMENTO DEL DEPORTE;Calle C/. Bravo Murillo, nº 23;Las Palmas de Gran Canaria;Las Palmas;Gran Canaria;https://cabildo.grancanaria.com/w/organismo-fundaci%C3%B3n-canaria-del-deporte;grupopodemos@grancanaria.com
59;G384337612;"FUNDACION ""FERCO""";En trámites de extinción;EDUCATIVAS;Polígono Polígono Industrial Añaza, s/nEdificio Fred Olsen;Santa Cruz de Tenerife;Santa Cruz de Tenerife;Tenerife;-;_U
258;_U;FUNDACION CANARIA CANDIDO RODRIGUEZ CABRAL (SIN ACTIVIDAD);Sin actividad;SOCIALES;Calle C/. Manuel García Oliva Concejal, nº 12;Telde;Las Palmas;Gran Canaria;-;_U
410;G55417547;LA FUNDACIÓN CANARIA CEPSOCIAL;Registrada con actividad;SOCIALES;Calle Alonso de Armas Ayala Profesor, número 12, derecha, 1º, c.p. 35200, Telde.;Telde;Las Palmas;Gran Canaria;-;_U
371;G76816826;FUNDACIÓN CANARIA NIELS AXEL;Registrada con actividad;EDUCATIVAS;Calle Juan de la Cruz, nº 61;Santa Cruz de Tenerife;Santa Cruz de Tenerife;Tenerife;-;_U
333;G76262948;FUNDACIÓN CANARIA FLORA ACOGE;Registrada con actividad;SOCIALES;Calle  c/ La Palma, nº 12, 35550 Arrecife, Lanzarote.;Las Palmas de Gran Canaria;Las Palmas;Gran Canaria;https://floraacogefundacion.org/;floraacoge@gmail.com
52;_U;FUNDACION CERES;Sin actividad;EDUCATIVAS;"Urbanizacion Industrial, ""Los Majuelos"", Taco.";San Cristóbal de La Laguna;Santa Cruz de Tenerife;Tenerife;-;_U
194;_U;"""K.I.N.D., FUNDACION CANARIA""";Sin actividad;CULTURALES;Centro Comercial Pueblo Canario, Local 322;Adeje;Santa Cruz de Tenerife;Tenerife;-;_U
344;G76724723;FUNDACIÓN CANARIA  RESERVA MUNDIAL DE LA BIOSFERA LA PALMA;Registrada con actividad;MEDIOAMBIENTALES;Calle C/ Calle Francisco Abreu, n° 9- C.P.;Santa Cruz de La Palma;Santa Cruz de Tenerife;La Palma;https://lapalmabiosfera.es/;nieves@lapalmabiosfera.es    asanblas@lapalmabiosfera.es
67;G35383793;FUNDACIÓN PATRONATO DE ENSEÑANZA SUPERIOR A DISTANCIA DE LAS PALMAS DE GRAN CANARIA. FESAD;Registrada con actividad;EDUCATIVAS;Calle C/ Luis Doreste Silva, 101;Las Palmas de Gran Canaria;Las Palmas;Gran Canaria;https://www.unedgrancanaria.es/historia_fesad;mter.torres@las-palmas.unes.es
263;G38966834;FUNDACIÓN CANARIA PARA LA ACCIÓN EXTERIOR (FUCAEX);Registrada con actividad;CULTURALES;Avenida Avda. José Manuel Guimerá, nº 19, Edificio de Usos Múltiples II PLANTA 2ª planta;Santa Cruz de Tenerife;Santa Cruz de Tenerife;Tenerife;https://fucaex.org/;fucaex@fucaes.org
421;G21654041;FUNDACIÓN CANARIA GUINIGUADA;Registrada con actividad;FOMENTO DEL DEPORTE;Calle  Joaquín Mir, número 13;Las Palmas de Gran Canaria;Las Palmas;Gran Canaria;-;_U
220;G35863851;"FUNDACION CANARIA ""SANDRO""";Propuesta de extinción;BENÉFICAS;Avenida Edificio Mercurio, Torre II, 4ª planta, Oficina E., Avda. de Tirajana, s/n - Playa del InglésCALLE FRANCHY ROCA 5, 4º OF 6 (ACTUALIZADO);San Bartolomé de Tirajana;Las Palmas;Gran Canaria;-;saturiaortega@hotmail.com
109;G38474185;"FUNDACIÓN CANARIA ESCUELAS PIAS TENERIFE ""QUISISANA""";Registrada con actividad;EDUCATIVAS;Paseo de las Escuelas Pías, nº 31;Santa Cruz de Tenerife;Santa Cruz de Tenerife;Tenerife;http://escuelaspiastenerife.com/;gerente.tenerife@escolapiosbetania.es
202;0;"FUNDACION CANARIA  ""CAMARA LAS PALMAS""";Extinguida;CULTURALES;Calle C/. León y Castillo, nº 24;Las Palmas de Gran Canaria;Las Palmas;Gran Canaria;-;_U
93;G38445755;"FUNDACION ""JESUS HERNANDEZ/HORTENSIA PEREZ Y FAMILIA""";Registrada con actividad;_U;Calle C/ Aserradero, s/n -  El Amparo;Icod de Los Vinos;Santa Cruz de Tenerife;Tenerife;-;mhernandezp78@hotmail.com / fcicod1921@gmail.com
362;G76329374;FUNDACIÓN CANARIA BERNEGAL;Registrada con actividad;SOCIALES;Calle Calle Viera y Clavijo, 34-36, 3º-D. 35004, de Las Palmas de Gran Canaria.;Las Palmas de Gran Canaria;Las Palmas;Gran Canaria;https://www.fundacionbernegal.com/;anahergal@gmail.com
216;G38788485;FUNDACION CANARIA DE ACCION SOCIAL;Sin actividad;LABORAL;Calle C/. San Clemente, nº 24 - 5ª planta;Santa Cruz de Tenerife;Santa Cruz de Tenerife;Tenerife;-;_U
187;_U;FUNDACION CANARIA PARA EL CONSERVATORIO SUPERIOR DE MUSICA DE CANARIAS;Extinguida;EDUCATIVAS;"Avenida Avenida Buenos Aires, nº 5; Edificio  ""Tres de Mayo"", planta 6ª de Santa Cruz de Tenerife";Santa Cruz de Tenerife;Santa Cruz de Tenerife;Tenerife;-;_U
257;...;FUNDACION CANARIA PARA EL DESARROLLO DEL DEPORTE DEL MOTOR Y LA BIODIVERSIDAD FUNDESPOR;Sin actividad;FOMENTO DEL DEPORTE;Carretera Carretera de Los Hoyos, Km. 4, nº 61;Las Palmas de Gran Canaria;Las Palmas;Gran Canaria;-;_U
396;G13944426;FUNDACIÓN CANARIA COFARTE COOPERATIVA FARAMACEÚTICA DE TENERIFE (COFARTE);Registrada con actividad;EDUCATIVAS;Calle  Mercedes, N.º 6, Los Majuelos, Taco - San Cristóbal de la Laguna, código postal 38108, de Santa Cruz de Tenerife;San Cristóbal de La Laguna;Santa Cruz de Tenerife;Tenerife;https://www.cofarte.es/;_U
389;W0238629J;DELEGACIÓN EN EL ARCHIPIÉLAGO CANARIO DE LA FUNDACIÓN EXTRANJERA  PARA LA NATURALEZA Y EL MEDIO AMBIENTE CANARINA;Registrada con actividad;MEDIOAMBIENTALES;Avenida  Calle Viñátigo 69, CP 38639 Amarilla Golf San Miguel de Abona;San Miguel;Santa Cruz de Tenerife;Tenerife;https://fundacioncanarina.org/inicio/;consultas@f undacioncanarina.org
400;G56216013;FUNDACIÓN CANARIA EKTA;Registrada con actividad;CULTURALES;Calle  Mar Blanco, N.º 1, Centro Comercial Sunset Beach Meloneras, segunda planta, Local 201 (c.p. 35109). San Bartolomé de Tirajana, Las Palmas.;San Bartolomé de Tirajana;Las Palmas;Gran Canaria;-;_U
292;G76018779;FUNDACIÓN CANARIA FUND GRUBE;Registrada con actividad;BENÉFICAS;Calle Domicilio: c/ Cartago, nº 1, El Tablero, San Bartolomé de Tirajana, 35109, Las Palmas.;San Bartolomé de Tirajana;Las Palmas;Gran Canaria;https://fundacionuniversounido.org/;universounido@fundgrube.es
374;G04945093;FUNDACIÓN CANARIA NOVAVIDA;Registrada con actividad;LABORAL;Calle -Calle María Estrada, nº 22, puerta 6, Puerto del Rosario, Isla de Fuerteventura;Puerto del Rosario;Las Palmas;Fuerteventura;https://www.fundacionnovavida.com/;novavida@novavidaempleo.com
340;G76715598;FUNDACIÓN CANARIA AMALA;Registrada con actividad;CULTURALES;Calle C/Baltasar Nuñez, nº12  38202 SAN CRISTOBAL DE LA LAGUNA;San Cristóbal de La Laguna;Santa Cruz de Tenerife;Tenerife;-;"amala@fundacionamala.com;       oswaldo@fundacionamala.com"
190;_U;"FUNDACION CANARIA  ""CANARIAS PARA EL DEPORTE, LA CULTURA Y LA SOCIEDAD""";Sin actividad;FOMENTO DEL DEPORTE;Calle C/. Pampa, nº 1;Las Palmas de Gran Canaria;Las Palmas;Gran Canaria;-;_U
145;G35610799;"FUNDACION CANARIA  ""ICSE -PROMOCION Y DESARROLLO DE ESTUDIOS SUPERIORES EN CANARIAS-""";Registrada con actividad;EDUCATIVAS;Avenida C/ Franchy Roca número 28;Las Palmas de Gran Canaria;Las Palmas;Gran Canaria;-;fundacion@icse.es  yeray@icse.es
6;_U;FUNDACION CASA DE LA CULTURA ROMULO BETANCOURT;Sin actividad;CULTURALES;Calle c/ San Juan, 34.;La Orotava;Santa Cruz de Tenerife;Tenerife;-;_U
166;_U;FUNDACION CANARIA DE DEPORTE DE TELDE;Sin actividad;FOMENTO DEL DEPORTE;Calle C/. Secretario Guedes Alemán, nº 18;Telde;Las Palmas;Gran Canaria;-;_U
358;G76322403;FUNDACIÓN CANARIA DE APOYOS AL EJERCICIO DE LA CAPACIDAD JURIDICA FUNCAPROSU;Registrada con actividad;SOCIALES;"Calle C/ Málaga, n.º 1; 35016, Las Palmas de Gran Canaria.";Las Palmas de Gran Canaria;Las Palmas;Gran Canaria;https://www.funcaprosu.com/;Carmen Delia Arencibia Quintana <gerencia@aprosu.com>
5;G38055067;FUNDACIÓN CANARIA CENTRO DE ATENCIÓN  A LA FAMILIA;Registrada con actividad;CULTURALES;Calle C/. Las Loas, nº 9 - Las Veredillas - El Sobradillo;Santa Cruz de Tenerife;Santa Cruz de Tenerife;Tenerife;https://www.tenerifeislasolidaria.org/proyecto-transformacion-digital/;centro@familiascanarias.com familiascanarias@gmail.com
245;G38863502;FUNDACION CANARIA DE BALONCESTO DE TENERIFE;Registrada con actividad;FOMENTO DEL DEPORTE;Calle Pabellón Insular de Tenerife Santiago Martín, C/. Mercedes, s/n c/ jOSÉ NARIA VILLA Nº 7-38005;San Cristóbal de La Laguna;Santa Cruz de Tenerife;Tenerife;https://cbcanarias.net/apt-fundacion/;_U
327;_U;"DELEGACIÓN CANARIA DE LA FUNDACIÓN EXTRANJERA ""LATIPNET, INC""";Registrada con actividad;INVESTIGACIÓN;Avenida Avenida Alcalde José Ramírez Bethencourt, número 17, 35004 Las Palmas de Gran Canaria.;Las Palmas de Gran Canaria;Las Palmas;Gran Canaria;-;gerardo.cvp@gmail.com
277;213212;FUNDACION CANARIA NUEVOS TIEMPOS;Sin actividad;SOCIALES;Calle c/ Guayarmina, 32.;Santa Cruz de Tenerife;Santa Cruz de Tenerife;Tenerife;-;_U
214;G38803607;FUNDACIÓN CANARIA CRISTINO DE VERA-ESPACIO CULTURAL CAJACANARIAS;Registrada con actividad;CULTURALES;Calle C/. San Agustín, nº 18;San Cristóbal de La Laguna;Santa Cruz de Tenerife;Tenerife;www.fundacioncristinidevera.com;info@fundacioncristinodevera.com    claraarmas@fundacioncristinodevera.com
81;121212312;FUNDACION BLAS SANCHEZ;Sin actividad;CULTURALES;Centro Cultural de la Villa de Ingenio Juan XXIII, nº 6;Ingenio;Las Palmas;Gran Canaria;-;_U
408;G55397046;FUNDACION CANARIA MADRE DEL REDENTOR;Registrada con actividad;BENÉFICAS;Calle Padre Julián de Armas, números 9-14, c.p. 38360, El Sauzal, Santa Cruz de Tenerife;El Sauzal;Santa Cruz de Tenerife;Tenerife;https://www.madredelredentor.com/;_U
62;G35035245;"FUNDACIÓN CANARIA  BENÉFICA ""CASA ASILO SAN JOSÉ""";Registrada con actividad;BENÉFICAS;Calle C/ Padre Cueto, nº 26/28;Las Palmas de Gran Canaria;Las Palmas;Gran Canaria;https://www.hospitalsanjose.es/aviso-legal/;orencio.bosch@hospitalsanjose.es
192;G35779420;"FUNDACION CANARIA ""CENTRO TECNOLOGICO EMPRENDIMIENTO E INCLUSIÓN   (FUNDACION EMPRENDE CANARIAS)"".";Registrada con actividad;LABORAL;Avenida de los consignatarios S/N ESQUINA PANTALAN DE CORY;Las Palmas de Gran Canaria;Las Palmas;Gran Canaria;https://www.fundacionemprende.org/;proyectos@fundacionemprende.org
282;G76058924;FUNDACIÓN CANARIA OBSERVATORIO DE TEMISAS;Registrada con actividad;INVESTIGACIÓN;"""Observatorio de Temisas"", Montaña de arriba s/n";Agüimes;Las Palmas;Gran Canaria;http://astrotemisas.es/la-fundacion;mariotemisas@gmail.com
129;G38484879;"FUNDACION CANARIA INSULAR PARA LA FORMACION, EL EMPLEO Y EL DESARROLLO EMPRESARIAL ""FIFEDE""";Registrada con actividad;LABORAL;Calle C/ Granados Nº 8 Edificio Planta Baja;Santa Cruz de Tenerife;Santa Cruz de Tenerife;Tenerife;-;fifede@cabtfe.es
385;G06966246;FUNDACIÓN CANARIA GRUPO CANARIO DE CÁNCER DE PULMÓN;Registrada con actividad;INVESTIGACIÓN;Plaza de la Feria, nº 40, planta 5ª, 35003, Las Palmas de Gran Canaria;Las Palmas de Gran Canaria;Las Palmas;Gran Canaria;https://fundaciongccp.org/;jaleon@fundaciongccp.org
94;111111111;"FUNDACION ""NICOLAS ESTEVANEZ""";Sin actividad;_U;Calle C/. Maya, nº 14;San Cristóbal de La Laguna;Santa Cruz de Tenerife;Tenerife;-;_U
22;G35236959;"FUNDACION CANARIA  ""ANTROPOSOFICA DE LANZAROTE""";Registrada con actividad;CIENTÍFICAS;Camino Camino del Rompimiento II, 3, Macher.//CM LA FABRICA II, 36 35572-TIAS LAS PALMAS;Tías;Las Palmas;Lanzarote;-;fundacion@centro-lanzarote.de
339;G76253749;FUNDACIÓN  CANARIA ESCUELA INTERNACIONAL DE FÚTBOL RICARDO GODOY DE MALI;Registrada con actividad;FOMENTO DEL DEPORTE;Calle C/ Concejal García Feo, número 20, bajo;Las Palmas de Gran Canaria;Las Palmas;Gran Canaria;-;ricgodoy@fundacioneifricardogodoy,org
215;_U;FUNDACION CANARIA PINO FALCON, PINTORA Y ESCULTORA;Sin actividad;CULTURALES;Calle C/. Doctor Eustasio Quevedo, nº 37;Las Palmas de Gran Canaria;Las Palmas;Gran Canaria;-;_U
293;_U;FUNDACION CANARIA DE FORMACIÓN Y EMPLEO ASIGNATURA PENDIENTE;Sin actividad;LABORAL;Calle C/ San Isidro Nº 5;Santa Cruz de Tenerife;Santa Cruz de Tenerife;Tenerife;-;_U
310;G35000272;Fundación Canaria la Caja Insular de Ahorros de Canarias-Fundación la Caja de Canarias;Registrada con actividad;BENÉFICAS;Alameda de Colón, nº 1, Las Palmas G.C.;Las Palmas de Gran Canaria;Las Palmas;Gran Canaria;-;fernando.fernandez@fundacionlacajadecanarias.es GERENTE
184;G35717222;"FUNDACION CANARIA  ""MUSICOS EUROPEOS""";Registrada con actividad;EDUCATIVAS;Calle Llano de los Tarahales, nº 76;Las Palmas de Gran Canaria;Las Palmas;Gran Canaria;https://www.axesor.es/Informes-Empresas/n/7320868/FUNDACION_CANARIA_MUSICOS_EUROPEOS.html;_U
48;_U;FUNDACION JUSTUS FRANTZ;Sin actividad;CULTURALES;"Monte León, nº 4 ""Casa de los músicos""";San Bartolomé de Tirajana;Las Palmas;Gran Canaria;-;_U
41;_U;FUNDACION INSTITUTO CANARIO DE DERECHOS HUMANOS;Sin actividad;EDUCATIVAS;Calle C/ Lord Bayron, 6;Las Palmas de Gran Canaria;Las Palmas;Gran Canaria;-;_U
234;5;FUNDACION CANARIA PARA EL DESARROLLO Y LA CULTURA AMBIENTAL DE LA PALMA, FUNDESCULP.;Sin actividad;_U;Plaza de España, nº 2;Santa Cruz de La Palma;Santa Cruz de Tenerife;La Palma;-;_U
402;G56419831;FUNDACIÓN CANARIA PODEROSAS VALORES, IGUALDAD Y DEPORTE;Registrada con actividad;EDUCATIVAS;Calle Calle Viera y Clavijo, número 35, 1º Planta Oficina 102 C.P. 35.002. Las Palmas de Gran Canaria;Las Palmas de Gran Canaria;Las Palmas;Gran Canaria;-;_U
133;G38587721;"FUNDACIÓN CANARIA ""ACADEMIA CANARIA DE LA LENGUA""";Registrada con actividad;CIENTÍFICAS;Calle C/León y Castillo nº 57,  5ª planta.  C/ Enrique Wolfson, 36  38004 Santa Cruz de Tenerife;Las Palmas de Gran Canaria;Las Palmas;Gran Canaria;http://www.academiacanarialengua.org/;aclsc@academiacanarialengua.org  aclsedelaspalmas@gmail.com
15;G38083408;FUNDACIÓN CANARIA GENERAL DE LA UNIVERSIDAD DE LA LAGUNA;Registrada con actividad;EDUCATIVAS;Avenida Campus Central de la Universidad de La Laguna, Avda. de la Trinidad s/n, Aulario de la Torre Profesor Agustín Arévalo;San Cristóbal de La Laguna;Santa Cruz de Tenerife;Tenerife;https://fg.ull.es/;notificaciones@fg.ull.es
51;G38314423;FUNDACION PEDRO GARCIA CABRERA;Registrada con actividad;CULTURALES;Calle C/ Castillo, Edificio Circulo de Bellas Artes n.º 43 – 3ª Planta- 	38003  -  STA. CRUZ DE TF.;Santa Cruz de Tenerife;Santa Cruz de Tenerife;Tenerife;https://fundacionpgc.wordpress.com/;info@fundacionpedrogarciacabrera.com
232;G38847703;FUNDACIÓN CANARIA ROSA MARÍA FUENTES;Sin actividad;CULTURALES;Calle C/. La Hoya, nº 60 y Enrique Talg, nº 15, bajo - Complejo Astoria-Bambi;Puerto de La Cruz;Santa Cruz de Tenerife;Tenerife;-;_U
222;G35863992;FUNDACIÓN CANARIA MAIN;Registrada con actividad;SOCIALES;Calle C/. San Ignacio, nº 52, Cuesta Blanca, Almatriche;Las Palmas de Gran Canaria;Las Palmas;Gran Canaria;www.fundacionmain.org;administracion@fundacionmain.org
393;G10657757;LA FUNDACIÓN CANARIA MARIBEL NAZCO;Registrada con actividad;EDUCATIVAS;Calle Calle del Castillo, N.º 58, 2º;Santa Cruz de Tenerife;Santa Cruz de Tenerife;Tenerife;https://www.maribelnazco.org/;info@fivearrowsfirm.com
139;G35940899;FUNDACIÓN CANARIA COLEGIO DE MÉDICOS DE LAS PALMAS;Registrada con actividad;EDUCATIVAS;Calle C/. León y Catillo, nº 44;Las Palmas de Gran Canaria;Las Palmas;Gran Canaria;-;colegio@medicoslaspalmas.es
297;G76106863;FUNDACION CANARIA FINCA ESQUINZO;Registrada con actividad;PROTECCIÓN DE LOS ANIMALES;Lomo Esquinzo, s/n, 35649, Tindaya, La Oliva, Fuerteventura.;La Oliva;Las Palmas;Fuerteventura;-;_U
416;G75744482;FUNDACION CANARIA OBSERVATORIO DE DERECHOS SOCIALES DE  CANARIAS;Registrada con actividad;SOCIALES;Calle La Resbala nº2.;La Matanza de Acentejo;Santa Cruz de Tenerife;Tenerife;-;_U
55;G38335105;"FUNDACIÓN CANARIA  ""DOCTOR MORALES""";Registrada con actividad;EDUCATIVAS;Carretera Casa del Doctor Morales, Carretera del Puerto de Tazacorte, 2;Tazacorte;Santa Cruz de Tenerife;La Palma;-;ayto.padron@gmail.com      contacto@fundaciondoctormanuelmorales.org
137;G38582201;"FUNDACIÓN CANARIA ""SOLIDARIDAD LA PALMA""";Registrada con actividad;SOCIALES;Calle C/. La Carrilla, nº 8  // C/ Calvo Sotelo nº 17;Los Llanos de Aridane;Santa Cruz de Tenerife;La Palma;-;fundacionsolidaridadlapalma@yahoo.es
160;G35616200;FUNDACION CANARIA  MANUEL VELAZQUEZ CABRERA;Registrada con actividad;CULTURALES;Calle C/. La Venta, nº 6;Puerto del Rosario;Las Palmas;Fuerteventura;-;febesu@gmail.com
326;G76579630;FUNDACIÓN CANARIA ARÍSTIDES FERRER GARCÍA;Registrada con actividad;INVESTIGACIÓN;Avenida  Avda. 25 de julio, nº 60, 38004, Santa cruz de Tenerife.;Santa Cruz de Tenerife;Santa Cruz de Tenerife;Tenerife;-;luisa.rivero@macg.es
124;G35586932;"FUNDACION CANARIA ""INSTITUTO DE INVESTIGACION Y CIENCIA DE PUERTO DEL ROSARIO""";Registrada con actividad;CIENTÍFICAS;Calle C/. Tenerife, nº 35;Puerto del Rosario;Las Palmas;Fuerteventura;-;administracioninipro@gmail.com
8;_U;FUNDACION PADRE ANCHIETA;Sin actividad;EDUCATIVAS;Avenida Avda. Quisisana, 31.;Santa Cruz de Tenerife;Santa Cruz de Tenerife;Tenerife;-;_U
31;R3500060C;FUNDACION ESPOSOS DON SANTIAGO ASCANIO Y MONTEMAYOR Y DOÑA RAFAELA MANRIQUE DE LARA.  COLEGIO MARIA AUXILIADORA DE TELDE.;Liquidada;SOCIALES;Calle Ruiz, 15;Telde;Las Palmas;Gran Canaria;-;_U
138;G35622893;FUNDACIÓN CANARIA CAJAMAR;Extinguida por fusión;CULTURALES;Calle C/. calle Triana n.º 89;Las Palmas de Gran Canaria;Las Palmas;Gran Canaria;-;fundacion@canariascr.com
424;G22724090;FUNDACIÓN CANARIA AXIOMA;Registrada con actividad;SOCIALES;Calle Calle San Agustín n.º 43, Edificio Tigaray, local 4;Santa Cruz de Tenerife;Santa Cruz de Tenerife;Tenerife;-;_U
195;G1111111;"""JUAN CANTO, FORUM HUMANIDADES EUROPEAS, LANZAROTE, FUNDACION CANARIA""";Sin actividad;_U;Calle C/. Timón, nº 3  -  Puerto del Carmen;Tías;Las Palmas;Lanzarote;-;_U
126;_U;"FUNDACION CANARIA ""CASA SAN FERNANDO""";Sin actividad;BENÉFICAS;Calle C/. López Botas, nº 18 (dirección según cartero Plza.Sta. Ana nº 12 Obispado de canarias-LPGC);Las Palmas de Gran Canaria;Las Palmas;Gran Canaria;-;_U
87;G35461177;"FUNDACIÓN CANARIA  ""AUDITORIO Y TEATRO DE LAS PALMAS DE GRAN CANARIA""";Registrada con actividad;CULTURALES;Avenida Avenida Principe de Asturias s/n;Las Palmas de Gran Canaria;Las Palmas;Gran Canaria;https://auditorioteatrolaspalmasgc.es/info;direccion@auditorioteatrolaspalmasgc.es
334;G76699172;Fundación Canaria Oryles.;Liquidada;SOCIALES;Paseo Paseo Milicias de Garachico, número 1, ofici 68, Santa Cruz de Tenerife.;Santa Cruz de Tenerife;Santa Cruz de Tenerife;Tenerife;-;samuel.gomez@gomezabreu.com   SELMA_HERDEL@HOTMAIL.ES
168;_U;"FUNDACION CANARIA  ""CANARIAS ACTIVA""";Sin actividad;LABORAL;Calle C/. Garcilaso de la Vega, nº 11, Edificio Birigoyo, Oficina 2;Santa Cruz de Tenerife;Santa Cruz de Tenerife;Tenerife;-;_U
80;_U;FUNDACION CANARIA PARA EL DESARROLLO DE LA COLOMBOFILIA;Sin actividad;OTRAS;Calle C/ La Luchana, nº 7- piso 2º;Las Palmas de Gran Canaria;Las Palmas;Gran Canaria;-;_U
100;01;"FUNDACION ""MENCEY BENCOMO DESDE LOS CUATRO VIENTOS""";Extinguida;CULTURALES;Calle C/ Obispo Rey Redondo, nº 1- Edif. de las Casas Consistoriales.;San Cristóbal de La Laguna;Santa Cruz de Tenerife;Tenerife;-;_U
110;G35497247;"FUNDACIÓN CANARIA ""MUSEO DE LA CIENCIA Y LA TECNOLOGÍA DE LAS PALMAS DE GRAN CANARIA""";Registrada con actividad;CULTURALES;"Edificio ""Elder"", Parque Santa Catalina";Las Palmas de Gran Canaria;Las Palmas;Gran Canaria;http://www.museoelder.org/;ADMINISTRACION@MUSEOELDER.ES  museoelder@museoelder.es
316;G76192103;FUNDACIÓN CANARIA MARTÍNEZ ABOLAFIO;Registrada con actividad;SOCIALES;Calle c/ García Sanabria, n.° 1, Edificio Abolafio;Arrecife;Las Palmas;Lanzarote;-;joseluis@martinonasociados.com
131;G38592879;"FUNDACIÓN CANARIA  ""TENERIFE RURAL""";Registrada con actividad;MEDIOAMBIENTALES;Calle Calle San Simón nº 49, 38360 El Sauzal, Tenerife;El Sauzal;Santa Cruz de Tenerife;Tenerife;-;gerencia@teneriferural.org   JEFAADMINISTRACION@TENERIFERURAL.ORG
223;G38849956;FUNDACION CANARIA PARA EL AVANCE DE LA BIOMEDICINA Y LA BIOTECNOLOGÍA (BIOAVANCE);Registrada con actividad;CIENTÍFICAS;Departamento de Fisiología, Facultad de Medicina, Universidad de la Laguna, Campo de Ofra,  San Cristobal de La Laguna.;San Cristóbal de La Laguna;Santa Cruz de Tenerife;Tenerife;https://www.fundacionbioavance.org/;fundacion.bioavance@gmail.com
38;_U;FUNDACION PARA LA AGRICULTURA ECOLOGICA;Sin actividad;MEDIOAMBIENTALES;Finca Niquiamo;Villa de Mazo;Santa Cruz de Tenerife;La Palma;-;_U
411;G75889048;FUNDACIÓN CANARIA ATLANTIKA PARA EL DESARROLLO SOSTENIBLE Y LA COOPERACIÓN;Registrada con actividad;MEDIOAMBIENTALES;Avenida Juan XXIII, 5 Torre A – piso 10 puerta 2, (C. P. 35004 Las Palmas de Gran Canaria);Las Palmas de Gran Canaria;Las Palmas;Gran Canaria;-;_U
84;_U;"FUNDACION CANARIAS-ATLANTICO DE ESTUDIOS LABORALES ""FUNCAEL""";Sin actividad;LABORAL;Avenida Avda. Primero de Mayo, nº 13- local 2º;Las Palmas de Gran Canaria;Las Palmas;Gran Canaria;-;_U
279;G76049881;FUNDACIÓN CANARIA PARA EL DESARROLLO DE LA TECNOLOGÍA, LA SOSTENIBILIDAD Y LA AERONÁUTICA- FC DETECSA;Registrada con actividad;EDUCATIVAS;Calle Juan Negrín, nº 9 Oficina 6   --------avenida de América nº 194 35250-Ingenio;Ingenio;Las Palmas;Gran Canaria;https://fundacioncanariasrecicla.org/;fundcanariaaeronautica@gmail.com
122;1111111;"FUNDACION CANARIA  ""DEPORTE Y CULTURA UNIVERSITARIA""";Sin actividad;FOMENTO DEL DEPORTE;Calle C/. Alonso Alvarado, nº 8 - 1º;Las Palmas de Gran Canaria;Las Palmas;Gran Canaria;-;_U
7;P8500001F;FUNDACIÓN PATRONATO DEL CENTRO ASOCIADO DE LA UNED DE FUERTEVENTURA;Registrada con actividad;EDUCATIVAS;Calle C/ Doctor Fleming, 1.;Puerto del Rosario;Las Palmas;Fuerteventura;https://www.unedfuerteventura.es/;info@fuerteventura.uned.es
386;G16761660;FUNDACIÓN CANARIA DR. JOSÉ LARENA PARA EL TRATAMIENTO E INVESTIGACIÓN DEL CAT INFANTIL;Registrada con actividad;INVESTIGACIÓN;Avenida AV. JUAN XXIII,;Las Palmas de Gran Canaria;Las Palmas;Gran Canaria;https://fundaciondrjlarena.weebly.com/;_U
295;G76530773;FUNDACION CULTURAL CANARIA INGE STENDER;Registrada con actividad;CULTURALES;Calle c/ Tejeguate, nº 8, 38911, La frontera, El Hierro.;Frontera;Santa Cruz de Tenerife;El Hierro;http://www.fundacion.inge-stender.com/;info@fundacion.inge-stender.com
105;G38490785;"FUNDACION CANARIA PARA LA FORMACIÓN INTEGRAL E INSERCION SOCIO-LABORAL Y COOPERACIÓN PARA EL DESARROLLO ""ISONORTE""";Registrada con actividad;SOCIALES;Calle  Calle Lomo el Cabo, n.º 1-A, 38715, Municipio de Puntallana, Isla de La Palma;Puntallana;Santa Cruz de Tenerife;La Palma;https://isonorte.org/;isonorte@isonorte.org  direccion@isonorte.org
188;G35759216;"FUNDACION CANARIA ""CARITAS POR LA INTEGRACION SOCIOLABORAL""";Liquidada;BENÉFICAS;Avenida Avda. de Escaleritas, nº 51;Las Palmas de Gran Canaria;Las Palmas;Gran Canaria;-;administracion@caritas-canarias.org
21;G38228102;"FUNDACIÓN CANARIA ""CENTRO DE SOLIDARIDAD DE LAS ISLAS CANARIAS"" (CESICA)";Registrada con actividad;BENÉFICAS;Calle C/  Pedro Doblado Claverie, 34;Santa Cruz de Tenerife;Santa Cruz de Tenerife;Tenerife;-;fundacion.tfe@proyectohombrecanarias.com
259;G76007947;FUNDACIÓN CANARIA IOHANNES BAPTISTA;Registrada con actividad;SOCIALES;Calle C/. de la Herrería, nº 4;Teror;Las Palmas;Gran Canaria;-;qtana35@yahoo.es
343;G76277805;FUNDACIÓN CANARIA CENTRO DE ARTE E INTERPRETACIÓN DEL PAISAJE OLGA ARTILES Y JUAN ANTONIO DE LA NUEZ;Registrada con actividad;CULTURALES;Calle Calle Camino Moreto, n° 28- C.P. 35422 de Moya. Gran Canaria;Moya;Las Palmas;Gran Canaria;-;centrodearte@villademoya.es
196;G38784005;FUNDACION CANARIA PARA LA PROMOCION DE LA EDUCACION;Extinguida;EDUCATIVAS;Calle C/. Nava y Grimón, nº 9;San Cristóbal de La Laguna;Santa Cruz de Tenerife;Tenerife;-;_U
92;_U;FUNDACION PARA EL EMPLEO Y EL DESARROLLO DE LA GOMERA;Sin actividad;LABORAL;Avenida Avda. Guillermo Ascanio, nº 9-bis;Vallehermoso;Santa Cruz de Tenerife;La Gomera;-;_U
69;G35405836;FUNDACIÓN TUTELAR CANARIA PARA LA ACCIÓN SOCIAL M.P;Registrada con actividad;SOCIALES;Calle C/ Goya, nº 6 - Tafira;Las Palmas de Gran Canaria;Las Palmas;Gran Canaria;https://www.fucas.org/;gerencia@fucas.org
49;G35310580;FUNDACIÓN CANARIA MBA;Registrada con actividad;EDUCATIVAS;Calle C/ Rubén Darío, nº 6;Las Palmas de Gran Canaria;Las Palmas;Gran Canaria;-;admonmba@enegociosmba.com
368;G01620855;FUNDACIÓN CANARIA PINO OJEDA;Registrada con actividad;CULTURALES;Calle Dr. Fleming, nº 25, Barrio de Escaleritas;Las Palmas de Gran Canaria;Las Palmas;Gran Canaria;-;ddoresteg@gmail.com
183;G38743308;"FUNDACIÓN TUTELAR CANARIA ""SONSOLES SORIANO BUGNION""";Registrada con actividad;SOCIALES;Calle C/. Buenaventura Bonnet, nº 17 trasera;Santa Cruz de Tenerife;Santa Cruz de Tenerife;Tenerife;https://www.fundacionsonsoles.org/;direccion@fundacionsonsoles.org----------------tutela@fundacionsonsoles.org
285;G76065614;FUNDACION CANARIA CENTRO ATLANTICO DE ARTE MODERNO CAAM;Sin actividad;CULTURALES;Calle c/ Los Balcones nº 11, 35011-Las Palmas G.C.;Las Palmas de Gran Canaria;Las Palmas;Gran Canaria;https://caam.net/;info@caam.net
311;G76166701;Fundación Canaria Belén María;Registrada con actividad;CULTURALES;Plaza Ingeniero Manuel Becerra, nº 1, Edificio Puerto, 8º, Las Palmas G.C.;Las Palmas de Gran Canaria;Las Palmas;Gran Canaria;-;info@fundacioncanariabelenmaria.com
212;216549;FUNDACIÓN CANARIA PARA EL ESTUDIO Y VALORIZACIÓN DEL MEDIOAMBIENTE Y DE LOS RECURSOS MARINOS (EXTINGUIDA);Extinguida;INVESTIGACIÓN;Calle C/. Villalba Hervás, nº 9, planta 11, oficina 3;Santa Cruz de Tenerife;Santa Cruz de Tenerife;Tenerife;-;_U
350;G76738640;FUNDACIÓN CANARIA ADRIÁN HOTELES;Registrada con actividad;SOCIALES;Calle C/ París,s/n, Hotel Jardines de Nivaria. Adeje, Santa Cruz de Tenerife (38660).;Santa Cruz de Tenerife;Santa Cruz de Tenerife;Tenerife;https://www.fundacionadrianhoteles.org/;info@fundacionadrianhoteles.org
301;G76539808;EN PIE, FUNDACIÓN CANARIA;Registrada con actividad;BENÉFICAS;Urbanización Los Corales nº 17, Las Caletillas, 38520, Candelaria, Tenerife;Candelaria;Santa Cruz de Tenerife;Tenerife;https://enpie.org/;fundacion@enpie.org
24;G38240297;FUNDACION MARQUES DE SOMOSIERRA;Registrada con actividad;EDUCATIVAS;Calle Cristino Diaz Martinez nº 8;Santa Cruz de Tenerife;Santa Cruz de Tenerife;Tenerife;-;Andrea Suárez <contabilidad@ariasmachucaasesores.es>
170;_U;FUNDACION CANARIA DE AYUDA AL MENOR;Sin actividad;BENÉFICAS;Calle C/. Ramón y Cajal, nº 3, Local 5;Santa Cruz de Tenerife;Santa Cruz de Tenerife;Tenerife;-;_U
146;G38629788;FUNDACIÓN CANARIA CAJASIETE PEDRO MODESTO CAMPOS;Registrada con actividad;CULTURALES;Avenida Avda. Manuel Hermoso Rojas, nº 8;Santa Cruz de Tenerife;Santa Cruz de Tenerife;Tenerife;-;maloly.gimeno@cajasiete.com
199;G35794262;FUNDACION CANARIA  PEPE DÁMASO;En trámites de extinción;CULTURALES;Plaza de la Constitución, s/n   c/ Tauro nº 71 35009 Las Palmas de GC;Agaete;Las Palmas;Gran Canaria;-;pepedamaso@yahoo.es
165;_U;FUNDACION CANARIA DE SERVICIOS SOCIALES Y OCIO DE TELDE;Sin actividad;CULTURALES;Calle C/. Secretario Guedes Alemán, nº 18;Telde;Las Palmas;Gran Canaria;-;_U
324;G76678937;FUNDACIÓN CANARIA OBSERVATORIO DE ENERGÍAS RENOVABLES Y EFICIENCIA ENERGÉTICA;Registrada con actividad;MEDIOAMBIENTALES;Avenida Avda.  Bravo Murillo, nº 10 1º;Santa Cruz de Tenerife;Santa Cruz de Tenerife;Tenerife;-;administracion@fundacionobservatorio.org
414;G55431746;FUNDACION CANARIA DE LA FEDERACION INTERINSULAR DE FUTBOL DE LAS PALMAS;Registrada con actividad;SOCIAL DEPORTIVA;Calle  Calle Ángel Guimerá, número 107, (C. P. 35005 Las Palmas de Gran Canaria);Las Palmas de Gran Canaria;Las Palmas;Gran Canaria;-;_U
152;G35640754;"FUNDACIÓN CANARIA ""CAMILO SÁNCHEZ DE AYUDA A LOS ENFERMOS DE CÁNCER Y SUS FAMILIARES""";Registrada con actividad;SOCIALES;Avenida Avda. de Canarias, n? 338  -  VecindarioAVDA. DE TIRAJANA, 37. EDIFICIO MERCURIO, TORRE I piso 5 D;Santa Lucía;Las Palmas;Gran Canaria;-;_U
323;G76678143;FUNDACIÓN CANARIA TELESFORO BRAVO-JUAN COELLO;Registrada con actividad;INVESTIGACIÓN;Calle C/ San Juan nº 9;Puerto de La Cruz;Santa Cruz de Tenerife;Tenerife;http://fundaciontelesforobravo.com/;jaime.coellobravo@gmail.com
173;G35731702;"FUNDACION CANARIA ""SIETE ISLAS""";Liquidada;CULTURALES;Calle C/. Buenos Aires, nº 24;Las Palmas de Gran Canaria;Las Palmas;Gran Canaria;-;_U
161;_U;"FUNDACION CANARIA ""PROTECCION ANIMALES"" desistimiento y archivo de las actuaciones.";Extinguida;PROTECCIÓN DE LOS ANIMALES;Edificio Mercurio, Torre II, 5º - E, Avda. de Tirajana;San Bartolomé de Tirajana;Las Palmas;Gran Canaria;-;_U
244;G35929504;FUNDACION CANARIA LUJAN PEREZ;Registrada con actividad;CULTURALES;Calle Canónigo Gordillo, nº 22;Santa María de Guía;Las Palmas;Gran Canaria;https://escuelalujanperez.com/;_U
85;G38437661;FUNDACION CANARIA DE LA CONSTRUCCION;En trámites de extinción;OTRAS;Calle C/ San Clemente, nº 24 - 5º A;Santa Cruz de Tenerife;Santa Cruz de Tenerife;Tenerife;-;info@funcac.com
150;G35657048;FUNDACIÓN CANARIA DE JUVENTUD IDEO M.P.;Registrada con actividad;EDUCATIVAS;Calle C / 1º de Mayo, nº 12-3ª Planta;Las Palmas de Gran Canaria;Las Palmas;Gran Canaria;https://fundacionideo.org/;prodmed@fundacionideo.com   asosmar@fundacionideo.com
272;G38968335;FUNDACION CANARIA PARA EL ESTUDIO E INVESTIGACION DE ENFERMEDADES DEGENERATIVAS;Sin actividad;INVESTIGACIÓN;Residencial Andrea, nº 27 (Finca Mackay) Avda. Veinticinco de Julio n.º 37 1º Dcha. 38004-Santa Cruz de Tenerife;San Cristóbal de La Laguna;Santa Cruz de Tenerife;Tenerife;-;fundacionfied@gmail.com
50;G38315701;FUNDACION ENCUENTROS EN LA IZQUIERDA;Registrada con actividad;CULTURALES;Calle C/. Nava de Grimon, 56, 2, 4.(Otro domicilio C/ Eduardo Curbelo nº 9 38550-Arafo -Tenerife);San Cristóbal de La Laguna;Santa Cruz de Tenerife;Tenerife;http://fundacionencuentrosenlaizquierda.blogspot.com/;_U
83;_U;"FUNDACION CANARIA INICIATIVA SOCIAL PARA EL DESARROLLO INTEGRAL Y SOSTENIBLE DE LAS ISLAS CANARIAS  ""ISO-CANARIAS""";Sin actividad;MEDIOAMBIENTALES;Calle C/ Pérez Galdós, nº 1;Santa María de Guía;Las Palmas;Gran Canaria;-;_U
35;_U;FUNDACION VICENTE SANCHEZ ARAÑA.  CASTILLO FORTALEZA DE ANSITE;Sin actividad;EDUCATIVAS;Calle Tomas Arroyo Cardoso s/n;Santa Lucía;Las Palmas;Gran Canaria;-;_U
247;000;"FUNDACION TUTELAR CANARIA DE PERSONAS CON ENFERMEDAD PSIQUICA, ""FUTUPES CANARIAS""";Propuesta de extinción;BENÉFICAS;Calle C/. Padre José de Sosa, nº 24//   C/Marianao nº 45;Las Palmas de Gran Canaria;Las Palmas;Gran Canaria;-;afaes@afaes.es
233;G38842720;FUNDACIÓN CANARIA GUIDO KOLITSCHER;Registrada con actividad;CULTURALES;Casa Kolitscher-González,  San Bartolo, s/n;San Sebastián de la Gomera;Santa Cruz de Tenerife;La Gomera;http://www.fundacionguidokolitscher.org/;gregorio@fundacionguidokolitscher.org
186;G38742292;"FUNDACION CANARIA  ""LA ROSETA""";Sin actividad;CULTURALES;La Roseta, s/n,   Lomada de Punta Verde;Alajero;Santa Cruz de Tenerife;La Gomera;-;_U
248;G35943141;FUNDACION CANARIA ARCHIPIELAGO 2021;Liquidada;MEDIOAMBIENTALES;Calle Eduardo Benot, nº 1-1º Dcha;Las Palmas de Gran Canaria;Las Palmas;Gran Canaria;-;Las lleva Noelia COECAN
118;G38526968;"FUNDACION CANARIA  ""CENTRO CANARIO DEL AGUA""";Registrada con actividad;INVESTIGACIÓN;Calle C/. La marina, nº 26, planta 9ª, Eidificio de Servicios Múltiples I, Consejería de Obras Públicas, Vivienda y Aguas.;Santa Cruz de Tenerife;Santa Cruz de Tenerife;Tenerife;-;_U
264;_U;FUNDACION  CANARIA  ANIMATICA,  CENTRO  DE  TECNOLOGIAS  DE  ANIMACION, ANALISIS DE MOVIMIENTO E IMAGEN GENERADA POR ORDENADOR, (CTAAMIGO);Sin actividad;INVESTIGACIÓN;Calle C/. Aranjuez, nº 14 b;San Cristóbal de La Laguna;Santa Cruz de Tenerife;Tenerife;-;_U
45;R3800321F;FUNDACIÓN CANARIA HOSPITAL DE LA INMACULADA;Registrada con actividad;SOCIALES;Calle Cologan, nº 19.;Puerto de La Cruz;Santa Cruz de Tenerife;Tenerife;-;direinmaculada.puerto@hmmadreiglesia.org
314;G76180603;FUNDACIÓN CANARIA THAMEL;Registrada con actividad;SOCIALES;Calle c/ Sagasta, nº 39, 3º-puerta 9, 35008-Las Palmas G.C.;Las Palmas de Gran Canaria;Las Palmas;Gran Canaria;-;info@fundacioncanariathamel.com
299;G76562933;FUNDACIÓN CANARIA ISMAEL HERNÁNDEZ;Registrada con actividad;CULTURALES;Calle c/ Fuente de Santa Cruz, nº 3, oficinas planta 4ª, 38003-Santa Cruz de Tenerife.;Santa Cruz de Tenerife;Santa Cruz de Tenerife;Tenerife;-;lor@montero-aramburu.com
288;_U;FUNDACION CANARIA DE ONCOLOGIA INFANTIL NIÑO CORAJE;Sin actividad;BENÉFICAS;Calle c/ Juan Rumeu García nº 28, Cruz del Señor, (Oficina del voluntariado IASS), Santa Cruz de Tenerife.Ámbito: Canarias.;Santa Cruz de Tenerife;Santa Cruz de Tenerife;Tenerife;-;_U
47;G35028695;"FUNDACIÓN LABORAL CANARIA DE AUTOBUSES ""FULCA""";Registrada con actividad;LABORAL;Calle C/Viera y Clavijo nº 34-36-5º;Las Palmas de Gran Canaria;Las Palmas;Gran Canaria;https://www.guaguasglobal.com/wp-content/uploads/2021/06/Estado-de-Informacion-No-Financiera.Global.2019.pdf;asarmiento@globalsu.es    Antonio Abad Sarmiento
231;_U;FUNDACION CANARIA PARA EL ALZHEIMER SANTA LEONOR Y SANTA RITA;Sin actividad;BENÉFICAS;Carretera Carretera General de Las Dehesas, s/n;Puerto de La Cruz;Santa Cruz de Tenerife;Tenerife;-;tomasvillar@hogarsantarita.com
328;G76227222;FUNDACIÓN CANARIA CONDADO DE LA VEGA GRANDE DE GUADALUPE;Registrada con actividad;CULTURALES;Calle C/ Doctor Chil, nº 8;Las Palmas de Gran Canaria;Las Palmas;Gran Canaria;-;msantana@invercasti.com Marcos
337;G76715465;Fundación para la Promoción y Estudio de la Narrativa en Imágenes (CINE+COMIC) Fundación Canaria.;Registrada con actividad;CULTURALES;Calle  San Clemente, nº 24, Piso 6 A, en el término municipal de Santa Cruz de Tenerife.;Santa Cruz de Tenerife;Santa Cruz de Tenerife;Tenerife;-;admon.idea@gmail.com
347;G76287937;FUNDACIÓN CANARIA CURBELO SANTANA;Registrada con actividad;CULTURALES;Calle Calle Los Reyes  n°155 35550 San Bartolomé Lanzarote – LAS PALMAS;San Bartolomé de Lanzarote;Las Palmas;Lanzarote;-;FUNDACIONCURBELOSANTANA@GMAIL.COM
36;_U;FUNDACION CANARIA PARA EL DESARROLLO DE LA INVESTIGACION DE LA CIRUGIA EN CANARIAS (FUNDICA);Sin actividad;INVESTIGACIÓN;Catedra de Cirugia de la Universidad de La Laguna, Facultad de Medicina, Ofra;San Cristóbal de La Laguna;Santa Cruz de Tenerife;Tenerife;-;_U
239;_U;FUNDACION CANARIA PARA LA COOPERACION Y EL DESARROLLO EXTERIOR;Sin actividad;BENÉFICAS;Calle C/. Mas de Gaminde, nº 47, 8º - B.;Las Palmas de Gran Canaria;Las Palmas;Gran Canaria;-;_U
236;G35928498;FUNDACIÓN CANARIA FORJA;Registrada con actividad;SOCIALES;Calle c/ Carvajal, nº 4, Local bajo. 35004-  LAS PALMAS DE G.C.;Las Palmas de Gran Canaria;Las Palmas;Gran Canaria;https://fundacionforja.org/;dunia.rodriguez@fundacionforja.org
209;G121212;FUNDACION CANARIA PATRONATO DE LA CASA DEL NIÑO DE LA PROVINCIA DE LAS PALMAS;Registrada con actividad;_U;Calle calle;Las Palmas de Gran Canaria;Las Palmas;Gran Canaria;-;_U
394;G16812356;FUNDACIÓN CANARIA HIPONA PROYECTO ZAIDA;Registrada con actividad;EDUCATIVAS;Avenida Guillermo Santana Rivero n.º 13, 5º-C, 35012, de Las Palmas de Gran Canaria.;Las Palmas de Gran Canaria;Las Palmas;Gran Canaria;-;_U
342;G76274877;FUNDACIÓN CANARIA DINOSOL;Registrada con actividad;CULTURALES;Calle C/ Luis Correa Medina, nº 9, planta 1. Miller Bajo.;Las Palmas de Gran Canaria;Las Palmas;Gran Canaria;-;margarita.cejas@grupodinosol.es  dara.martin@grupodinosol.es
26;_U;FUNDACION INSULA -Sin Actividad-;Sin actividad;EDUCATIVAS;Edificio de la Escuela de Vela, Puerto Colón- Urbanizac. San Eugenio;Adeje;Santa Cruz de Tenerife;Tenerife;-;_U
318;G76201334;FUNDACIÓN CANARIA HELP FREELY FOUNDATION;Registrada con actividad;SOCIALES;Calle c/ Eduardo Benot, nº 1, Planta 6ª;Las Palmas de Gran Canaria;Las Palmas;Gran Canaria;-;info@helpfreely.org
120;G38528824;"FUNDACIÓN CANARIA ""OROTAVA HISTORIA DE LA CIENCIA""";Registrada con actividad;CULTURALES;Calle C/. Calvario, nº 17;La Orotava;Santa Cruz de Tenerife;Tenerife;-;contacto@fundacionorotava.org ---- anadelgado@fundacionorotava.com
423;G21867056;FUNDACIÓN CANARIA AFLORA;Registrada con actividad;OTRAS;Calle Juan Diego de la Fuente, n.º 18;Telde;Las Palmas;Gran Canaria;-;_U
70;G38370334;"FUNDACIÓN CANARIA PARA LA FORMACIÓN INTEGRAL E INSERCIÓN SOCIO-LABORAL ""ATARETACO""";Registrada con actividad;EDUCATIVAS;Polígono Polígono Industrial SUBIDA AL Mayorazgo 1ª TRANSVERSAL S/N;Santa Cruz de Tenerife;Santa Cruz de Tenerife;Tenerife;https://www.ataretaco.org/;dulce.bethencourt@ataretaco.org
369;G76817915;MUNAY FUNDACIÓN CANARIA;Registrada con actividad;BENÉFICAS;Avenida Barranco de Las Torres, n.º 10, oficina 2º-A, Los Olivos;Adeje;Santa Cruz de Tenerife;Tenerife;-;_U
97;_U;"FUNDACION  ""BENCOMO""";Sin actividad;SOCIALES;Calle C/. San Vicente Ferrer, esquina Méndez Núñez   (Edificio La Palmera);Santa Cruz de Tenerife;Santa Cruz de Tenerife;Tenerife;-;_U
302;G76155050;FUNDACIÓN CANARIA DE FORMACIÓN Y MECENAZGO;Registrada con actividad;CULTURALES;Calle c/ Alfred Nobel, nº 27, 35013, Las Palmas G.C.;Las Palmas de Gran Canaria;Las Palmas;Gran Canaria;-;director@ralonsfundacion.com
296;0203;FUNDACION CANARIA PUERTA ABIERTA;Sin actividad;SOCIALES;Calle C/ Las Paredes, nº 16 La Sabinita;Arico;Santa Cruz de Tenerife;Tenerife;-;_U
309;G38001749;FUNDACIÓN CANARIA PRIVADA CAJA GENERAL DE AHORROS DE CANARIAS- FUNDACIÓN CAJACANARIAS;Registrada con actividad;BENÉFICAS;Plaza del Patriotismo, nº 1, 2ª planta, 38002, Santa Cruz de Tenerife.;Santa Cruz de Tenerife;Santa Cruz de Tenerife;Tenerife;-;administracion@fyde-cajacanarias.es
201;G38783288;FUNDACIÓN CANARIA PARA LA MODERNIZACIÓN Y EL DESARROLLO LOCAL  (FUNDACIÓN MODELO);Registrada con actividad;BENÉFICAS;Calle C/. Juan Pérez Delgado Nijota, nº 16;Santa Cruz de Tenerife;Santa Cruz de Tenerife;Tenerife;https://www.fundacionmodelo.es/;fundacionmodelo@hotmail.com
409;G56646011;FUNDACIÓN CANARIA UNIVERSITARIA  DE LANZAROTE;Registrada con actividad;EDUCATIVAS;Avenida de Naos, N.º 38, piso 1º D, (Edif. Nootec), Arrecife;Arrecife;Las Palmas;Lanzarote;-;_U
425;G22857288;FUNDACIÓN CANARIA SPAR;Registrada con actividad;CULTURALES;Calle Josefina Mayor nº 3.Urbanización industrial El Goro. Telde;Telde;Las Palmas;Gran Canaria;-;_U
141;_U;FUNDACION CANARIA PARA AYUDA Y DESARROLLO DEL DEPORTE COLOMBOFILO ANTONIO GAMEZ HERRERA;Sin actividad;OTRAS;Calle C/. Sansón y Barrios, nº 29;Santa Cruz de Tenerife;Santa Cruz de Tenerife;Tenerife;-;_U
111;_U;"FUNDACION CANARIA PARA LA PROMOCION DE ACTIVIDADES CULTURALES, PSICOFISICAS Y PEDAGOGICAS EN CANARIAS ""CULTURA Y DIVERSIDAD""";Sin actividad;CULTURALES;Calle C/. Mª Rosa Alonso, nº 12  -  La Higuerita;San Cristóbal de La Laguna;Santa Cruz de Tenerife;Tenerife;-;_U
395;G72890072;FUNDACION CANARIA DE ARTE FLAMENCO;Registrada con actividad;EDUCATIVAS;Plaza de la Real Sociedad de Amigos del País nº 1, de Las Palmas de Gran Canaria (35001).;Las Palmas de Gran Canaria;Las Palmas;Gran Canaria;-;marilu.cumare@auren.es
73;G38378030;"FUNDACIÓN CANARIA PARA FORMACIÓN Y DESARROLLO EMPRESARIAL DE LA FUNDACIÓN CANARIA PRIVADA CAJA GENERAL DE AHORROS DE CANARIAS  ""FYDE-CAJACANARIAS""";Registrada con actividad;INVESTIGACIÓN;Plaza del Patriotismo, nº 1;Santa Cruz de Tenerife;Santa Cruz de Tenerife;Tenerife;https://www.fyde-cajacanarias.es/aviso-legal/;freyes@fyde-cajacanarias.es
406;G56443542;FUNDACIÓN CANARIA IMAGINE2050;Registrada con actividad;INVESTIGACIÓN;Calle Juan Ravina Méndez, N.º 5-A, planta 3ª del Polígono Industrial Costa Sur,;El Rosario;Santa Cruz de Tenerife;Tenerife;-;_U
19;G35299320;FUNDACIÓN INSTITUTO TECNOLÓGICO DE CANARIAS;Sin actividad;CIENTÍFICAS;Avenida Avda. Primero de Mayo, Nº 33 - 3º otro domicilio a efectos de notificaciones: C/ León y Castillo nº 213 35004 LPGC);Las Palmas de Gran Canaria;Las Palmas;Gran Canaria;-;_U
200;G38786059;FUNDACIÓN CANARIA DEL INSTITUTO CANARIO DE INVESTIGACIÓN DEL CÁNCER;Registrada con actividad;INVESTIGACIÓN;Avenida Avd. De la Trinidad Nº 61-Torre Agustín Arevalo 7ªPLA. 38204  - SAN CRISTÓBAL DE LA LAGUNA  (TENERIFE);San Cristóbal de La Laguna;Santa Cruz de Tenerife;Tenerife;https://www.icic.es/;gerencia@icie.es
127;_U;"FUNDACION CANARIA  ""DAVID GOLDSMITH""";Sin actividad;CULTURALES;Urbanización El Tope, Edificio Montalbán  A-23;Puerto de La Cruz;Santa Cruz de Tenerife;Tenerife;-;_U
332;55555555555;FUNDACIÓN CANARIA MONUMENTO A LA TOLERANCIA EN LA MONTAÑA DE TINDAYA;Registrada con actividad;CULTURALES;Calle Cabildo de Fuerteventura, c/  Rosario, número 7, Puerto del Rosario,  Fuerteventura.;Puerto del Rosario;Las Palmas;Fuerteventura;www.cabildofuerteventura.org;www.cabildofuerteventura.org
37;G35046127;FUNDACIÓN CANARIA HERMANOS JUAN Y JUANA ESPINO JUÁREZ;Registrada con actividad;BENÉFICAS;Lomito de Tenoya, 11, Tenoya.;Las Palmas de Gran Canaria;Las Palmas;Gran Canaria;-;killian@atriumasesores.com       nocalez@hotmail.com
422;B-76794551;FUNDACIÓN CANARIA YOUR TEAM;Registrada con actividad;SOCIALES;Calle  Punta La Arena nº 1, Escalera 1, Planta 3ª, Puerta 22 (Los Cancajos);Breña Baja;Santa Cruz de Tenerife;La Palma;-;_U
112;G35521533;"FUNDACION CANARIA PARA EL TRATAMIENTO INTEGRAL DE LA PARALISIS CEREBRAL INFANTIL  ""T.I.P.C.I.""";Registrada con actividad;_U;Calle C/. Padre José de Sosa, nº 11 otro domicilio (C/ La Matula nº 9 San Roque 35015 LPGC;Las Palmas de Gran Canaria;Las Palmas;Gran Canaria;https://www.fundaciontipci.com/;fundaciontipci@gmail.com
205;G35820950;"FUNDACIÓN CANARIA ""ÓLIVER MAYOR CONTRA LA FIBROSIS QUÍSTICA""";Registrada con actividad;SOCIALES;Calle C/ Antonio Manchado Viglietti nº 1;Las Palmas de Gran Canaria;Las Palmas;Gran Canaria;https://fundacioncanariaolivermayorfq.com/;fundacioncanariaolivermayorfq.org
352;G76750611;FUNDACIÓN CANARIA HERMANOS ACEVEDO GONZÁLEZ;Registrada con actividad;CULTURALES;Calle C/ Gorvorana nº 2-  Los Realejos 38410-STA. CRUZ DE TENERIFE;Santa Cruz de Tenerife;Santa Cruz de Tenerife;Tenerife;-;rakeag@hotmail.com
298;G76549922;FUNDACIÓN CANARIA DE ESTUDIOS TERAPÉUTICOS;Registrada con actividad;CULTURALES;Calle c/ Elías Serra Rafols nº 16, vivienda nº 14, 38009-Santa Cruz de Tenerife.;Santa Cruz de Tenerife;Santa Cruz de Tenerife;Tenerife;https://fciisc.org/;chandbros@yahoo.com
363;G76321975;FUNDACIÓN CANARIA BINTER;Extinguida;SOCIALES;Calle C/ Ignacio Ellacuría Beascoechea, n.º 2, Parque Industrial de Melenara. 35214, de Telde, Gran Canaria.;Telde;Las Palmas;Gran Canaria;-;aperezmunoz@deloitte.es
176;_U;"FUNDACION CANARIA ""ORQUESTA SINFONICA ISLA DE LA PALMA""";Sin actividad;CULTURALES;Plaza de España, s/n. ayuntamiento de Los LLanos de Aridane;Los Llanos de Aridane;Santa Cruz de Tenerife;La Palma;-;_U
18;G35215953;"FUNDACION ""ALEJANDRO DA SILVA""";Registrada con actividad;BENÉFICAS;Calle C/ León y Castillo, nº 279 (esquina hermanos García de La Torre);Las Palmas de Gran Canaria;Las Palmas;Gran Canaria;http://www.fundacionalejandrodasilva.org/       https://m.facebook.com/fadas1989/;lpadministracion@fadas.es     tfadministracion@fadas.es
331;G76686765;FUNDACIÓN CANARIA LOS SABANDEÑOS;Registrada con actividad;CULTURALES;Calle Museo Los Sabandeños, antigua casona del siglo XVIII, en la calle Capitán Brotons, n°7 y 9 de San Cristóbal de La Laguna.;San Cristóbal de La Laguna;Santa Cruz de Tenerife;Tenerife;-;info@biplaza.es  MIGUEL.VELAZQUEZ@BIPLAZA.ES
193;G38744306;"FUNDACION CANARIA  ""CORREILLO LA PALMA""";Registrada con actividad;OTRAS;"Polígono Pabellón Insular de Deportes ""Santiago Martín"", Planta Baja, oficina 1.5C/. Las Macetas, s/n, Los Majuelos";San Cristóbal de La Laguna;Santa Cruz de Tenerife;Tenerife;https://www.correillolapalma.com/;correillolapalma@tenerife.es
407;G56496219;FUNDACION CANARIA SAN VICENTE;Registrada con actividad;BENÉFICAS;Calle Alcalde Ginés de la Hoz, N.º 14, 2º-B, C.P. 35.500 de Arrecife, Lanzarote, Provincia de Las Palmas.;Arrecife;Las Palmas;Lanzarote;-;coordrnac¡ón@fundacioncanariasanvicente.com
90;G35457175;"FUNDACIÓN LABORAL CANARIA DEL SECTOR DE LA AUTOMOCIÓN ""FULCAUTO""  ----PROPUESTA DE EXTINCIÓN---";En trámites de extinción;LABORAL;Calle C/ Viera y Clavijo, nº 34//AVDA.ESCALERITAS Nº 34 3º B 35011;Las Palmas de Gran Canaria;Las Palmas;Gran Canaria;-;_U
180;G38735908;"FUNDACIÓN CULTURAL CANARIA DE INGENIERÍA Y ARQUITECTURA ""BETANCOURT Y MOLINA""";Registrada con actividad;CULTURALES;Calle Avda. Profesor Peraza de Ayala, nº 8 - 4º B.;Santa Cruz de Tenerife;Santa Cruz de Tenerife;Tenerife;-;_U
284;G76065622;FUNDACIÓN CANARIA DE LAS ARTES ESCÉNICAS Y DE LA MÚSICA DE GRAN CANARIA;Registrada con actividad;CULTURALES;Calle Teatro Cuyas, C/ Viera y Clavijo , s/n;Las Palmas de Gran Canaria;Las Palmas;Gran Canaria;https://teatrocuyas.com/la-fundacion.html;info@teatrocuyas.com
147;_U;FUNDACION NACIENTES MARCOS Y CORDERO, FUNDACION CANARIA;Sin actividad;CULTURALES;Calle C/. Alonso Pérez Díaz, nº 26;San Andrés y Sauces;Santa Cruz de Tenerife;La Palma;-;_U
144;G38617866;"FUNDACION CANARIA ""SAGA ROOS""";Registrada con actividad;PROTECCIÓN DE LOS ANIMALES;Calle C/. Turina, nº 1 - Edificio Duraflor 102;Puerto de La Cruz;Santa Cruz de Tenerife;Tenerife;-;info@refugiodeanimales.org
103;2;"FUNDACIÓN CANARIA DE INVESTIGACIÓN Y SALUD ""FUNCIS"" -EXTINGUIDA POR FUSIÓN. Por la Fundación FUNCANIS (ABSORBENTE)";Extinguida por fusión;INVESTIGACIÓN;Calle C/. General Martínez Anido, nº 7 - 2º;Las Palmas de Gran Canaria;Las Palmas;Gran Canaria;-;_U
197;G35573922;FUNDACIÓN CANARIA DE ARTE TRANCHE;Registrada con actividad;CULTURALES;Calle Domingo J. Navarro, nº 32;Las Palmas de Gran Canaria;Las Palmas;Gran Canaria;https://fcdp.es/es/;olivia-dominguez@auditeide.com
29;G35273762;FUNDACION COLECTIVO MAFASCA;Registrada con actividad;CULTURALES;Calle Marcos Trujillo, 11;Antigua;Las Palmas;Fuerteventura;-;fundacionmafasca@gmail.com
260;G35992940;FUNDACION CANARIA FARRAH PARA LA COOPERACION Y EL DESARROLLO SOSTENIBLE;Registrada con actividad;INVESTIGACIÓN;Calle C/. García Morato, nº 24 - 1;Las Palmas de Gran Canaria;Las Palmas;Gran Canaria;https://fundacionfarrah.org;patronato@fundacioncanariasrecicla.org  administracion@fundacionfarrah.org
345;G76279470;LA NATTALE FUNDACIÓN CANARIA.;Registrada con actividad;BENÉFICAS;Calle Calle Camino Hornos del Rey, n° 1;Telde;Las Palmas;Gran Canaria;http://www.nattalefundacioncanaria.org/;info@nattalefundacioncanaria.org
254;_U;FUNDACION CANARIA GERIATRICO VIRGEN DE CANDELARIA (SIN ACTIVIDAD);Sin actividad;BENÉFICAS;Calle C/. Nava y Grimón, nº 10;San Cristóbal de La Laguna;Santa Cruz de Tenerife;Tenerife;-;_U
82;_U;FUNDACION CANARIA DEL TRANSPORTE;Sin actividad;EDUCATIVAS;Calle C/ Venegas, nº 65- 5ª planta;Las Palmas de Gran Canaria;Las Palmas;Gran Canaria;-;_U
191;_U;"FUNDACION CANARIA ""VICTOR ZURITA SOLER""";Sin actividad;CULTURALES;Calle C/. Ruiz de Padrón, nº 3 - 3ª planta;Santa Cruz de Tenerife;Santa Cruz de Tenerife;Tenerife;-;_U
379;G02960086;FUNDACION CANARIA OCHOSILABAS;Registrada con actividad;CULTURALES;PLAZA PARROCO MANUEL GUEDES, nº1  -  1ºC;Las Palmas de Gran Canaria;Las Palmas;Gran Canaria;-;_U
268;_U;FUNDACIÓN CANARIA DE ENERGÍAS RENOVABLES;Extinguida;INVESTIGACIÓN;Ayuntamiento de Tuineje, Plaza de San Miguel, s/n.;Tuineje;Las Palmas;Fuerteventura;-;_U
388;G72878606;FUNDACIÓN CANARIA CENTRO ATLÁNTICO DE TECNOLOGÍA;Registrada con actividad;INVESTIGACIÓN;Avenida Avenida Andrés Perdomo, s/n. Edificio Zona Franca, Ofic. 4, Dársena Exterior del Puerto;Las Palmas de Gran Canaria;Las Palmas;Gran Canaria;-;_U
1;456;FUNDACION INSIDESCAJACANARIAS-COMUNICACIÓN CESE ACTIVIDAD AÑO 1992;Extinguida;INVESTIGACIÓN;Plaza de Santo Domingo, 1.;Santa Cruz de Tenerife;Santa Cruz de Tenerife;Tenerife;-;_U
373;G01984368;FUNDACIÓN CANARIA 20/21 ARTE Y EDUCACIÓN;Registrada con actividad;CULTURALES;Calle Calle Los Poetas, nº 3, c.p. 38780, de Tijarafe,;Tijarafe;Santa Cruz de Tenerife;La Palma;-;_U
14;G38014239;FUNDACION CANARIA BENEFICO DOCENTE SAN ISIDRO LABRADOR;Registrada con actividad;EDUCATIVAS;Calle Franchy Alfaro, 4;La Orotava;Santa Cruz de Tenerife;Tenerife;-;tomas@salesianos-orotava.es
179;_U;"FUNDACION CANARIA ""RAFAEL CLAVIJO"" PARA LA INVESTIGACION BIOMEDICA";Extinguida;INVESTIGACIÓN;Carretera Carretera La Cuesta-Taco, Ofra (Hospital Universitario de Canarias);San Cristóbal de La Laguna;Santa Cruz de Tenerife;Tenerife;-;_U
135;_U;FUNDACION CANARIA PARA LA FORMACION Y EL DESARROLLO DE LA FORMACION;Sin actividad;EDUCATIVAS;Avenida Avda. Fred Olsen, nº 6, 1º;Arrecife;Las Palmas;Lanzarote;-;_U
76;_U;FUNDACION CULTURAL ATLANTIDA;Sin actividad;CULTURALES;Paseo Paseo de San Antonio, 87;Las Palmas de Gran Canaria;Las Palmas;Gran Canaria;-;_U
338;G76706258;FUNDACIÓN CANARIA PARA LA DIVULGACIÓN DE LA PREVENCIÓN Y SALUD BUCODENTAL FRANCISCO;Trasladada;EDUCATIVAS;Travesía Doña Concha de Armas número 1, bajo, 38450-Garachico, Tenerife;Garachico;Santa Cruz de Tenerife;Tenerife;-;claudiarodrigueztenerife@hotmail.com
392;G10804136;FUNDACIÓN CANARIA PROYECTO COMUNITARIO DE LA ALDEA;Registrada con actividad;CULTURALES;Calle Calle Alfonso XIII, n.º 20, (35470) del Municipio de La Aldea.;San Nicolás de Tolentino;Las Palmas;Gran Canaria;https://fundacionproyectocomunitariolaaldea.org/;fundacionproyectolaaldea@gmail.com
130;_U;FUNDACION CANARIA REGIONAL DEL TAXI;Sin actividad;OTRAS;Calle C/. Luis Correa Medina, nº 19;Las Palmas de Gran Canaria;Las Palmas;Gran Canaria;-;_U
157;212121;"FUNDACION CANARIA  ""CANARIAS 20""";Extinguida;_U;Plaza Dr. Rafael O´Shanahan, nº 1;Las Palmas de Gran Canaria;Las Palmas;Gran Canaria;-;_U
366;G76349273;FUNDACIÓN CANARIA PEQUEÑO VALIENTE;Registrada con actividad;SOCIALES;Calle Calle Bravo Murillo, 29, código postal 35002;Las Palmas de Gran Canaria;Las Palmas;Gran Canaria;-;javier@laboria.es   reyeslopez@pequevaliente.com
361;G76781665;FUNDACIÓN  CANARIA CULTURAL BENÍTEZ;Registrada con actividad;CULTURALES;Calle C/ Bethencourt Alfonso, 32, 38002, Santa Cruz de Tenerife.;Santa Cruz de Tenerife;Santa Cruz de Tenerife;Tenerife;-;funcafo18@gmail.com
181;G35669894;"FUNDACIÓN CANARIA ""LIDIA GARCÍA""";Registrada con actividad;CULTURALES;Carretera Carretera del Norte, Km. 4.100;Las Palmas de Gran Canaria;Las Palmas;Gran Canaria;www.fundacionlidiagarcia.org;dirección@fundacionlidiagarcia.org        fhms1952@gmail.com
312;G76179654;FUNDACIÓN CANARIA TAMAIMOS;Registrada con actividad;CULTURALES;Calle c/ Carvajal, nº 10, 7º-B, 35004-Las Palmas G.C.;Las Palmas de Gran Canaria;Las Palmas;Gran Canaria;https://www.fundaciontamaimos.org/;fundaciontamaimos@gmail.com
355;G76305671;FUNDACIÓN CANARIA PARA EL FOMENTO DE LA ENSEÑANZA BILINGÜE;Registrada con actividad;EDUCATIVAS;Carretera  Crtra/ Del Fondillo, n.º 4, Tafira Baja;Las Palmas de Gran Canaria;Las Palmas;Gran Canaria;https://www.icse.es/;emartin@atriumasesores.com
391;G09865866;FUNDACION CANARIA LINKIDS SOLIDARIA;Registrada con actividad;SOCIALES;Calle CALLE DOCTOR JUAN DOMINGUEZ PEREZ,;Las Palmas de Gran Canaria;Las Palmas;Gran Canaria;https://www.fundacionlinkids.org/;_U
155;G38653002;"FUNDACIÓN CANARIA ""CENTRO INTERNACIONAL DE AGRICULTURA BIOLÓGICA""";Registrada con actividad;MEDIOAMBIENTALES;Calle Avdenida Marítima, nº 3 (otro domicilio notif. C/ Virgen de la Luz, nº 7 38720  -  SANTA CRUZ DE LA PALMA;Santa Cruz de La Palma;Santa Cruz de Tenerife;La Palma;https://www.fundacionciab.com/;info@fundacionciab.org
415;G19867183;MY PEOPLE FUNDACION CANARIA DOMINGO ALONSO;Registrada con actividad;SOCIALES;Avenida Avenida Pintor Felo Monzón, número 34 bajo, (C. P. 35019 Las Palmas de Gran Canaria).;Las Palmas de Gran Canaria;Las Palmas;Gran Canaria;-;_U
357;G76773431;FUNDACIÓN CANARIA JUANA REYES;Registrada con actividad;SOCIALES;Calle Calle del Perdón, n.º 30-A, portal 5, 3º B. 38006- Santa Cruz de Tenerife.;Santa Cruz de Tenerife;Santa Cruz de Tenerife;Tenerife;https://juanareyes.org/;abogadaaguilar@gmail.com
182;G35750470;FUNDACIÓN CANARIA DE APOYOS ADEPSI;Registrada con actividad;SOCIALES;Calle C/. Lomo La Plana, 28, Urbanización Siete Palmas;Las Palmas de Gran Canaria;Las Palmas;Gran Canaria;https://www.fucadepsi.org/;futucan@adepsi.org    info@futucan.org
149;G38640314;"FUNDACION CANARIA  ""HONORIO SOCAS""";Registrada con actividad;LABORAL;Avenida Avda. Reyes Católicos, nº 23;Santa Cruz de Tenerife;Santa Cruz de Tenerife;Tenerife;https://gruposocas.com/sobre-nosotros/;administracion@gruposocas.com
275;G38989208;FUNDACIÓN CANARIA EMPRESA MIXTA DE AGUAS DE SANTA CRUZ DE TENERIFE, S.A.;Registrada con actividad;SOCIALES;Calle C/. Comodoro Rolín, nº 4-A;Santa Cruz de Tenerife;Santa Cruz de Tenerife;Tenerife;https://emmasa.es/;administracion@fcca.es
280;G38965984;MAHAKARUNA, FUNDACIÓN CANARIA;Registrada con actividad;EDUCATIVAS;Calle Lomada Grande, nº 35;Garafía;Santa Cruz de Tenerife;La Palma;https://mahakaruna.es/index.php/es/inicio-sobre-nosotros;rosaura@lacontaduria.net
23;_U;FUNDACION MUSEO DE TRANSPORTES Y COMUNICACIONES DE CANARIAS;Sin actividad;INVESTIGACIÓN;Avenida Avda. de la Feria, s/n.;Las Palmas de Gran Canaria;Las Palmas;Gran Canaria;-;_U
136;G35622059;"FUNDACIÓN CANARIA CULTURAL AMIGOS CASCOS HISTÓRICOS DE CANARIAS  ""FUNHASCA""";Registrada con actividad;OTRAS;Calle C/. León y Castillo, nº 49 - 1º P;Las Palmas de Gran Canaria;Las Palmas;Gran Canaria;-;publicaciones@fundccanarias.com
294;G76548643;HONNOR-CALZADILLA FUNDACIÓN CANARIA;Registrada con actividad;EDUCATIVAS;Calle c/ San Lucas, 68,1º, Santa Cruz de Tenerife.;Santa Cruz de Tenerife;Santa Cruz de Tenerife;Tenerife;-;fundacionhonnorcalzadilla@gmail.com
341;G76719392;FUNDACIÓN CANARIA CANTERA BASE 1939 CANARIAS;Registrada con actividad;FOMENTO DEL DEPORTE;Camino Pabellón Santiago Matín”  Camino Las Mercedes, s/n,;San Cristóbal de La Laguna;Santa Cruz de Tenerife;Tenerife;-;secretaria@cbcanarias.es
417;G21927876;FUNDACIÓN CANARIA INSTITUTO20GRADOS;Registrada con actividad;_U;Calle Ingeniero Bosch Sintes, 6,  planta 1ª;Las Palmas de Gran Canaria;Las Palmas;Gran Canaria;-;_U
79;G35451426;FUNDACION GRAN CANARIA SIGLO XXI;Sin actividad;CULTURALES;Paseo Paseo de Chil, nº 305 - 1º E;Las Palmas de Gran Canaria;Las Palmas;Gran Canaria;-;_U
63;_U;FUNDACION INSULAR PARA LA FORMACION Y EMPLEO;Sin actividad;LABORAL;Calle C/ Vargas, nº 4;Arrecife;Las Palmas;Lanzarote;-;_U
273;G38963831;FUNDACION CANARIA ACCION SOCIAL LA PALMA;Sin actividad;SOCIALES;Plaza de España nº 6 Edificio  del Ayuntamiento de Santa Cruz de La Palma;Santa Cruz de La Palma;Santa Cruz de Tenerife;La Palma;-;_U
169;G38651121;Fundación Canaria Comunidad Empresarial Portuaria de los Puertos de la Provincia de Santa Cruz de Tenerife FUNCEPT”;En trámites de extinción;INVESTIGACIÓN;Calle C/ Doctor Allart nº 16 piso 2º;Santa Cruz de Tenerife;Santa Cruz de Tenerife;Tenerife;-;info@transteco.org pedro.gonzalez@gaph.net
189;G353535;"FUNDACION CANARIA EDUCATIVA  ""SIGLO XXI""";Sin actividad;EDUCATIVAS;Calle C/. Libra, nº 6;Las Palmas de Gran Canaria;Las Palmas;Gran Canaria;https://www.facebook.com/fundacioncanariasiglo21?locale=es_ES;_U
128;G38842027;"FUNDACIÓN CANARIA ""PATRONATO NAVA DE ESCUELAS CATÓLICAS DE LA LAGUNA""";Registrada con actividad;EDUCATIVAS;Calle C/Obispo Rey Redondo, nº 7 (Casa Mesa) 38201-	LA LAGUNA  (TENERIFE);San Cristóbal de La Laguna;Santa Cruz de Tenerife;Tenerife;-;patronatonava@gmail.com
271;G38975819;"FUNDACIÓN CANARIA ""CANDELARIA SOLIDARIA (CANDESOL)";Registrada con actividad;SOCIALES;Avenida Avda. de la Constitución, nº 7;Candelaria;Santa Cruz de Tenerife;Tenerife;www.candelariasolidaria.es;fundacion@candelariasolidaria.es
74;_U;FUNDACION CANARIA DE TRANSPLANTES;Sin actividad;BENÉFICAS;Calle C/ Alvarez de Lugo, nº 9-1º;Santa Cruz de Tenerife;Santa Cruz de Tenerife;Tenerife;-;_U
250;G35914159;FUNDACIÓN CANARIA PARQUE NATURAL DE TAMADABA (sin actividad);Sin actividad;MEDIOAMBIENTALES;Camino de la Silla;Artenara;Las Palmas;Gran Canaria;-;_U
317;G76641901;FUNDACION CANARIA PEDRO RODRÍGUEZ LEDESMA;Registrada con actividad;FOMENTO DEL DEPORTE;Calle Residencial Habital del Duque, nº 27;Adeje;Santa Cruz de Tenerife;Tenerife;-;administracion@fundacioncanariaprl.com
384;G67730564;FUNDACIÓN CANARIA ALDIS PARA PREVENIR Y SANAR ENFERMEDADES INFANTILES;Registrada con actividad;BENÉFICAS;Avenida Avenida Príncipes de España, Grupo 148 Viviendas, bloque B, locales 29 y 30;Santa Cruz de Tenerife;Santa Cruz de Tenerife;Tenerife;https://www.aldisong.es/quienes-somos/;_U
4;G38066122;FUNDACION CANARIA DOCTOR BARAJAS PARA LA INVESTIGACION Y PREVENCION DE LA SORDERA;Registrada con actividad;INVESTIGACIÓN;Calle C/ Pérez de Rozas, 8.;Santa Cruz de Tenerife;Santa Cruz de Tenerife;Tenerife;https://www.fundacionbarajas.es/;info@fundacionbarajas.es
148;G35631472;"FUNDACION CANARIA AMIGOS DEL CENTRO TEOLOGICO DE LAS PALMAS  ""FUCACET""";Registrada con actividad;CULTURALES;Campus Universitario de Tafira, Antiguo Seminario, Pabellón C.Dirección Postal: Tafira Alta, Apdo. 7535017  -  Las Palmas de Gran Canaria;Las Palmas de Gran Canaria;Las Palmas;Gran Canaria;-;info@istic.es
140;G35599364;"FUNDACIÓN CANARIA ""Naranjo Galván""";Registrada con actividad;SOCIALES;Calle C/. General Vives, nº 1, 2º, Oficina L.;Las Palmas de Gran Canaria;Las Palmas;Gran Canaria;- www.naranjogalvanfundacion.org;fundacion@naranjogalvan.org
240;_U;FUNDACION CANARIA SUR, FC-SUR;Sin actividad;SOCIALES;Avenida Avda. de Canarias, nº 294;Santa Lucía;Las Palmas;Gran Canaria;-;_U
228;G35881716;FUNDACIÓN CANARIA PLAYAS DE JANDIA-FUERTEVENTURA;Sin actividad;EDUCATIVAS;"Avenida Avda. Jahn Reisen, nº 6, Urbanización ""Cañada del Rio""";Pájara;Las Palmas;Fuerteventura;-;_U
95;_U;"FUNDACION CANARIA   ""BENITO PEREZ GALDOS""";Sin actividad;SOCIALES;Calle C/. León y Castillo, nº 227  (Hotel Santa Catalina);Las Palmas de Gran Canaria;Las Palmas;Gran Canaria;-;presican@idecnet.com
116;G38528220;FUNDACIÓN CANARIA PARA EL FOMENTO DEL TRABAJO  (FUNCATRA);Registrada con actividad;LABORAL;Avenida Avda. de Anaga, nº 7, planta 2ª (Edificio Bahía) (C/Cebrian 3 4ªPlanta 35003Las Palmas de GC;Santa Cruz de Tenerife;Santa Cruz de Tenerife;Tenerife;www.funcatra.es;SeBi García. EGARGAR@FUNCATRA.ES    Noelia Miranda del Rosario  nmirros@funcatra.es
89;G38428231;"FUNDACIÓN ""VIRGEN DE LOS REYES""";Registrada con actividad;CULTURALES;Calle GRAL RODRÍGUEZ ESPINOSA, 2;Frontera;Santa Cruz de Tenerife;El Hierro;-;jmanuel1993@hotmail.com
