{"type": "FeatureCollection", "crs": {"type": "name", "properties": {"name": "EPSG:32628_local_enu_m_section_centroid", "lng0": -17.96831678238488, "lat0": 28.756064311302975}}, "features": [{"type": "Feature", "geometry": {"type": "Polygon", "coordinates": [[[-3393.7623708140345, -2531.306481607675], [-3393.7586371655916, -2531.303684737824], [-3396.9848066704394, -2526.6200448799345], [-3389.7787394086877, -2521.5431327108313], [-3386.6538104685123, -2525.998783235599], [-3382.45889107992, -2523.105509844359], [-3373.373109923769, -2535.914825012332], [-3384.67470448645, -2544.1184545283795], [-3393.3572505883512, -2531.877628167637], [-3393.3612379056813, -2531.88061506043], [-3393.5664657233665, -2531.5826725048964], [-3393.7623708140345, -2531.306481607675]]]}, "properties": {"id": 0, "height_median_m": 3.0, "building_count": 2, "area_m2": 269.35676618171703}}, {"type": "Feature", "geometry": {"type": "Polygon", "coordinates": [[[-3231.0819278074264, -2387.593837818889], [-3229.906032015634, -2395.519772128034], [-3237.119412055546, -2396.8706548811415], [-3238.6160816146066, -2388.944323823978], [-3231.0819278074264, -2387.593837818889]]]}, "properties": {"id": 1, "height_median_m": 3.0, "building_count": 1, "area_m2": 60.250351146440195}}, {"type": "Feature", "geometry": {"type": "Polygon", "coordinates": [[[-3018.7599577821647, -2325.7810313232044], [-3021.0330809045404, -2319.888101842148], [-3015.3966439680244, -2317.87105762094], [-3014.3255806755233, -2320.6477221974787], [-3010.51951004137, -2319.2005621975673], [-3009.4480135316066, -2321.978349863148], [-3001.3598930173166, -2318.7548438836807], [-2983.130460517218, -2361.246546337214], [-2986.9007547631372, -2362.859297909485], [-2987.7805640060037, -2360.740641298617], [-2989.9237276100544, -2361.629604108594], [-2992.264663150944, -2356.1778626160276], [-3005.3363294436353, -2361.7414782532564], [-3010.9495909619886, -2349.2787045837563], [-3018.7599577821647, -2325.7810313232044]]]}, "properties": {"id": 2, "height_median_m": 3.0, "building_count": 1, "area_m2": 865.8178737370463}}, {"type": "Feature", "geometry": {"type": "Polygon", "coordinates": [[[-3098.250590513871, -2321.008407515925], [-3094.8522249963357, -2318.6023524839343], [-3090.560241934471, -2324.9668234932615], [-3093.2757246958763, -2326.9580583444067], [-3092.5866198993835, -2327.8563930552764], [-3098.645949182871, -2332.0527884817943], [-3100.113377706653, -2329.863900752668], [-3101.2817502321477, -2328.0869269161876], [-3102.753555049613, -2326.0206533902624], [-3097.3752442293976, -2322.339718730261], [-3098.250590513871, -2321.008407515925]]]}, "properties": {"id": 3, "height_median_m": 8.0, "building_count": 2, "area_m2": 80.33872433834826}}, {"type": "Feature", "geometry": {"type": "Polygon", "coordinates": [[[-3204.4653265703605, -2223.610129917721], [-3206.773035259694, -2219.7932372420714], [-3203.8307986262107, -2217.9753343941024], [-3201.5194860575903, -2221.9300103270734], [-3204.4653265703605, -2223.610129917721]]]}, "properties": {"id": 4, "height_median_m": 8.0, "building_count": 1, "area_m2": 15.47925887993333}}, {"type": "Feature", "geometry": {"type": "Polygon", "coordinates": [[[-3202.8318995050377, -2228.383434209104], [-3199.7151603392845, -2229.5684937325514], [-3195.3042042931525, -2226.2141896403573], [-3191.770301731921, -2230.623123640366], [-3193.894446600901, -2232.7156744588624], [-3192.9595641725064, -2233.675429644592], [-3196.5074186343522, -2238.76301125913], [-3198.344927384877, -2245.167442409753], [-3203.5981892724976, -2243.6375059264733], [-3201.7231082634653, -2236.6580899256005], [-3206.1885825803943, -2233.941479990039], [-3202.8318995050377, -2228.383434209104]]]}, "properties": {"id": 5, "height_median_m": 3.0, "building_count": 1, "area_m2": 139.086922691025}}, {"type": "Feature", "geometry": {"type": "Polygon", "coordinates": [[[-2779.440581080818, -2217.0323744243274], [-2778.184939777416, -2216.9221993880597], [-2778.473949368148, -2215.3837613939904], [-2776.898069208362, -2215.1590660044444], [-2776.993723509626, -2214.5044046353487], [-2760.293178373942, -2211.456428297856], [-2761.4354977471294, -2213.233263202395], [-2761.2230438775023, -2214.6267198162877], [-2760.5411361211623, -2219.627077428337], [-2760.080142281506, -2221.8619101049308], [-2770.4519028941045, -2223.6544528051604], [-2770.7454797785267, -2221.645202381322], [-2778.5506394651243, -2222.869382865927], [-2779.440581080818, -2217.0323744243274]]]}, "properties": {"id": 6, "height_median_m": 3.0, "building_count": 1, "area_m2": 167.99269708594397}}, {"type": "Feature", "geometry": {"type": "Polygon", "coordinates": [[[-2760.0992384921183, -2211.1547620918063], [-2764.1107991300673, -2208.5399753543397], [-2762.8386198335193, -2206.69307002277], [-2760.8006175916194, -2203.389558838477], [-2756.793401583829, -2206.0015136902166], [-2756.9177373252433, -2206.1955918637127], [-2758.8364671311315, -2209.1905760245386], [-2759.0208942626487, -2209.4784520642106], [-2759.0213605106574, -2209.4781633530934], [-2760.0992384921183, -2211.1547620918063]]]}, "properties": {"id": 7, "height_median_m": 3.0, "building_count": 2, "area_m2": 29.08855853576702}}, {"type": "Feature", "geometry": {"type": "Polygon", "coordinates": [[[-3357.7854743807634, -2208.5270899231878], [-3365.0775768407825, -2207.868246315848], [-3364.697673206468, -2204.8348269948287], [-3357.482277250865, -2205.502157011786], [-3357.092082292434, -2201.8302086667045], [-3353.8603627730986, -2202.1137727819378], [-3353.8957615287563, -2202.4771782571875], [-3347.9993025154495, -2203.1239021493075], [-3348.6831191559004, -2209.029698341923], [-3346.926471170887, -2209.252338341756], [-3347.6907682655315, -2215.8532055985133], [-3348.4755896534057, -2215.7413025793085], [-3349.255628322943, -2221.8584619652966], [-3355.2208252689816, -2221.102424637847], [-3354.4409076621046, -2215.097418461083], [-3358.537263070965, -2214.6524089513337], [-3357.7854743807634, -2208.5270899231878]]]}, "properties": {"id": 8, "height_median_m": 3.0, "building_count": 2, "area_m2": 186.8301759897788}}, {"type": "Feature", "geometry": {"type": "Polygon", "coordinates": [[[-2716.706729798035, -2200.619585320867], [-2709.0975988785312, -2198.6636357592533], [-2707.963105135031, -2203.5811617340146], [-2715.5706308167046, -2205.4144776061494], [-2716.706729798035, -2200.619585320867]]]}, "properties": {"id": 9, "height_median_m": 3.0, "building_count": 1, "area_m2": 39.09860298910296}}, {"type": "Feature", "geometry": {"type": "Polygon", "coordinates": [[[-2729.363554144595, -2185.4916313541803], [-2727.5781425858863, -2182.8848219888296], [-2735.124159594917, -2175.042402233468], [-2731.414974512284, -2171.3242811960004], [-2726.7972996407793, -2175.904502597955], [-2719.024888107829, -2181.3010618280737], [-2724.1950581009646, -2189.0038805559634], [-2729.363554144595, -2185.4916313541803]]]}, "properties": {"id": 10, "height_median_m": 3.0, "building_count": 2, "area_m2": 114.43150192276255}}, {"type": "Feature", "geometry": {"type": "Polygon", "coordinates": [[[-2395.4744283960104, -2113.7165009843184], [-2395.463051879464, -2113.366125244367], [-2395.455581502766, -2113.0167538694], [-2395.451711159589, -2113.016851975932], [-2395.1589364954793, -2103.9999319761732], [-2390.067523598188, -2104.128990521119], [-2390.2058009339894, -2108.387677585245], [-2380.1163198508652, -2108.5794908076437], [-2380.3278632616475, -2117.6283062661128], [-2390.4559099335297, -2117.435759865301], [-2390.4767367103636, -2118.409777636187], [-2395.56813739102, -2118.2807194004536], [-2395.4705458362014, -2113.7165994005204], [-2395.4744283960104, -2113.7165009843184]]]}, "properties": {"id": 11, "height_median_m": 3.0, "building_count": 3, "area_m2": 164.3880520898417}}, {"type": "Feature", "geometry": {"type": "Polygon", "coordinates": [[[-2568.381103962001, -2115.944349555889], [-2565.353029360347, -2105.7013304034776], [-2559.605965999046, -2107.4662772808365], [-2562.738990406899, -2117.711040745218], [-2568.381103962001, -2115.944349555889]]]}, "properties": {"id": 12, "height_median_m": 3.0, "building_count": 1, "area_m2": 63.77443816051543}}, {"type": "Feature", "geometry": {"type": "Polygon", "coordinates": [[[-2666.482866043168, -2102.4030821050937], [-2671.886953845134, -2095.2718398023467], [-2666.550765833893, -2091.296758808578], [-2659.406973706056, -2100.22901728214], [-2658.876911229297, -2099.7387786259883], [-2658.575139770045, -2100.0830010224927], [-2657.0170423900286, -2098.750041929643], [-2652.751976161864, -2103.4903408599635], [-2654.321135733318, -2104.9446322763697], [-2651.684843975266, -2108.0631534708755], [-2659.609714719337, -2115.3186876309633], [-2663.300069348974, -2111.2367618723447], [-2659.392504107869, -2107.670960188928], [-2665.011353851952, -2101.2616929596807], [-2666.482866043168, -2102.4030821050937]]]}, "properties": {"id": 13, "height_median_m": 3.0, "building_count": 3, "area_m2": 177.96039460668993}}, {"type": "Feature", "geometry": {"type": "Polygon", "coordinates": [[[-2162.7822971554547, -2066.5042651338895], [-2170.0798305279036, -2068.952528496743], [-2175.299594179884, -2055.1765127363024], [-2168.0075592460034, -2052.3631312529287], [-2162.7822971554547, -2066.5042651338895]]]}, "properties": {"id": 14, "height_median_m": 3.0, "building_count": 1, "area_m2": 115.56429436953464}}, {"type": "Feature", "geometry": {"type": "Polygon", "coordinates": [[[-2118.984437228703, -2032.236383272073], [-2110.4195547101212, -2029.100421930286], [-2108.955005584935, -2033.3325348043556], [-2100.638065260006, -2030.342097395499], [-2102.0998348447583, -2026.2291765902985], [-2098.5146239467445, -2024.865992797342], [-2097.2430641667147, -2028.54786178658], [-2090.607700528973, -2026.2104454696441], [-2087.547235351835, -2034.9981058749852], [-2106.2502364179704, -2041.5712837810302], [-2106.641323833838, -2040.5675528198267], [-2115.046261132725, -2043.4660330036222], [-2117.2098897232945, -2037.237292365394], [-2118.984437228703, -2032.236383272073]]]}, "properties": {"id": 15, "height_median_m": 6.0, "building_count": 2, "area_m2": 301.4789110398125}}, {"type": "Feature", "geometry": {"type": "Polygon", "coordinates": [[[-2215.71908151762, -2026.7002051205104], [-2217.1165549434245, -2024.787333759013], [-2215.348017307984, -2023.610562477213], [-2214.092756557763, -2025.519684321526], [-2215.71908151762, -2026.7002051205104]]]}, "properties": {"id": 16, "height_median_m": 3.0, "building_count": 1, "area_m2": 4.807102759864284}}, {"type": "Feature", "geometry": {"type": "Polygon", "coordinates": [[[-2196.3003377057744, -2013.7126937065868], [-2194.0644055021044, -2012.4929054689715], [-2194.7537051852255, -2011.2573459102052], [-2190.11713201787, -2008.93542871976], [-2188.262671281237, -2012.498093668244], [-2186.7012064058626, -2011.7188536682343], [-2184.5369159764346, -2015.8767425353024], [-2185.999580935207, -2016.7665674178704], [-2184.233415353395, -2020.1242615188619], [-2188.865601963856, -2022.572855355537], [-2189.4490693334533, -2021.3526892161622], [-2191.6826858388117, -2022.5712141494348], [-2196.3003377057744, -2013.7126937065868]]]}, "properties": {"id": 17, "height_median_m": 3.0, "building_count": 2, "area_m2": 99.26102808397525}}, {"type": "Feature", "geometry": {"type": "Polygon", "coordinates": [[[-2572.0309669904905, -1995.3771709333694], [-2576.933366573488, -2000.0993315023045], [-2579.2747671038646, -1997.7096941742002], [-2574.488397576125, -1992.994516024874], [-2572.0309669904905, -1995.3771709333694]]]}, "properties": {"id": 18, "height_median_m": 3.0, "building_count": 1, "area_m2": 22.881458075726783}}, {"type": "Feature", "geometry": {"type": "Polygon", "coordinates": [[[-2583.761251793127, -1965.5690635351746], [-2584.815429075464, -1974.9483373893197], [-2591.1671064531, -1974.1988356441368], [-2590.2183943804944, -1964.820031182377], [-2583.761251793127, -1965.5690635351746]]]}, "properties": {"id": 19, "height_median_m": 3.0, "building_count": 1, "area_m2": 60.81756150768038}}, {"type": "Feature", "geometry": {"type": "Polygon", "coordinates": [[[-2932.0821477919844, -1897.037429872816], [-2927.865783472364, -1902.8334827831231], [-2934.769321735405, -1907.9217350055562], [-2939.0931291842226, -1902.1265784498653], [-2932.0821477919844, -1897.037429872816]]]}, "properties": {"id": 20, "height_median_m": 3.0, "building_count": 1, "area_m2": 62.05071573172694}}, {"type": "Feature", "geometry": {"type": "Polygon", "coordinates": [[[-2637.1431419933474, -1898.572738175764], [-2643.385346551935, -1894.2759988356968], [-2640.4485145608774, -1890.0241222024372], [-2634.3175725893334, -1894.3183131811231], [-2637.1431419933474, -1898.572738175764]]]}, "properties": {"id": 21, "height_median_m": 3.0, "building_count": 1, "area_m2": 38.6885263313143}}, {"type": "Feature", "geometry": {"type": "Polygon", "coordinates": [[[-2670.472357015237, -1896.0121784251794], [-2674.525970940952, -1892.6727342229362], [-2671.4390484318906, -1889.0211530802558], [-2667.385434505768, -1892.3605972829614], [-2670.472357015237, -1896.0121784251794]]]}, "properties": {"id": 22, "height_median_m": 3.0, "building_count": 1, "area_m2": 25.1107056477081}}, {"type": "Feature", "geometry": {"type": "Polygon", "coordinates": [[[-2417.0211963632537, -1885.0423997373732], [-2417.613693263646, -1880.6494078617443], [-2418.6317229136384, -1872.0562437182011], [-2413.6490060279557, -1871.5395484464386], [-2413.068775307359, -1875.6430383536685], [-2413.5616962551007, -1875.7554906250532], [-2412.9662260713076, -1880.5101457526878], [-2413.5505718303793, -1880.5101457526878], [-2413.012794042815, -1884.701905930114], [-2413.012794042815, -1885.3738084019622], [-2416.93331534873, -1885.7803566501336], [-2416.93331534873, -1885.2428866459622], [-2417.0211963632537, -1885.0423997373732]]]}, "properties": {"id": 23, "height_median_m": 3.0, "building_count": 1, "area_m2": 62.76612657024546}}, {"type": "Feature", "geometry": {"type": "Polygon", "coordinates": [[[-3256.8069806336734, -1848.2356060828233], [-3243.725311565869, -1831.2315807317714], [-3243.867069225086, -1831.1094081089564], [-3237.078606240374, -1822.8894775385559], [-3235.11891605793, -1824.5660010228144], [-3233.459859627766, -1822.673561022881], [-3230.5950319475683, -1825.1244335771005], [-3239.353198100555, -1835.8546473598808], [-3236.671536701773, -1838.7309239611377], [-3247.2782963853, -1852.0735686099392], [-3249.957438099167, -1857.4803788917395], [-3251.345612558431, -1856.7606278040635], [-3255.53963571199, -1854.6467643524284], [-3257.4332565871728, -1853.7017638249959], [-3254.804895811369, -1849.1490953002105], [-3256.8069806336734, -1848.2356060828233]]]}, "properties": {"id": 24, "height_median_m": 3.0, "building_count": 2, "area_m2": 320.3749370070283}}, {"type": "Feature", "geometry": {"type": "Polygon", "coordinates": [[[-2992.3713907738997, -1791.7487903012036], [-2985.7167149332417, -1785.4833635032626], [-2981.9445263103025, -1789.6699024769237], [-2971.0910579857355, -1778.6874203792866], [-2969.431335356886, -1780.4692555927566], [-2966.1229670090565, -1777.1394632080876], [-2962.5987036329225, -1780.6407798498499], [-2972.566296602402, -1790.4867566429277], [-2977.249915943618, -1785.7126294634425], [-2982.32349301588, -1790.67316349339], [-2979.582973265846, -1793.6875548092107], [-2984.467171639392, -1798.1445713168976], [-2983.5920936780294, -1799.142748658568], [-2987.414935522211, -1802.733839623871], [-2994.622053839013, -1794.8703112623384], [-2991.8839694803582, -1792.304778353175], [-2992.3713907738997, -1791.7487903012036]]]}, "properties": {"id": 25, "height_median_m": 3.0, "building_count": 2, "area_m2": 224.50973126518744}}, {"type": "Feature", "geometry": {"type": "Polygon", "coordinates": [[[-2986.8966540069105, -1806.6332878710214], [-2984.9979139213947, -1808.671726033846], [-2982.754512561784, -1810.8969314033636], [-2981.2446707626086, -1812.48668676743], [-2986.524824124749, -1817.6491944159034], [-2992.1840436429534, -1811.802870564249], [-2986.8966540069105, -1806.6332878710214]]]}, "properties": {"id": 26, "height_median_m": 3.0, "building_count": 1, "area_m2": 60.02623102904418}}, {"type": "Feature", "geometry": {"type": "Polygon", "coordinates": [[[-3205.4547547504494, -1811.8317860172797], [-3207.0607898366015, -1809.013385998166], [-3202.9651885273834, -1806.5662842655863], [-3206.087298795394, -1801.2243264083252], [-3203.8289650878514, -1799.8605515942913], [-3202.464037685676, -1802.1959542658815], [-3199.9501928762857, -1800.6519300337225], [-3195.9573887909532, -1806.3742275636528], [-3195.2587543458512, -1807.3305232589005], [-3199.6560749764367, -1810.340064816018], [-3198.869209144636, -1811.462010058509], [-3202.596934208693, -1813.8538238266121], [-3204.257746412983, -1811.2016039590144], [-3205.4547547504494, -1811.8317860172797]]]}, "properties": {"id": 27, "height_median_m": 3.0, "building_count": 2, "area_m2": 84.02510445445212}}, {"type": "Feature", "geometry": {"type": "Polygon", "coordinates": [[[-2937.1069018721505, -1804.0904324394232], [-2935.8360092380435, -1806.320697428738], [-2929.6896609605133, -1802.7595696645951], [-2926.3163733373112, -1808.5933557182068], [-2932.268079925951, -1812.154770993559], [-2931.094977531544, -1814.1619594067463], [-2936.0905561927225, -1817.0744335943707], [-2942.006293992128, -1807.0117469760503], [-2937.1069018721505, -1804.0904324394232]]]}, "properties": {"id": 28, "height_median_m": 3.0, "building_count": 1, "area_m2": 114.70670244230564}}, {"type": "Feature", "geometry": {"type": "Polygon", "coordinates": [[[-2260.939537274991, -1709.2739186850627], [-2274.308763924171, -1726.8614047633755], [-2278.2300490511125, -1732.0405544484352], [-2297.7479437801308, -1717.009849593974], [-2306.3971811071624, -1708.9794276776354], [-2283.712674818631, -1682.0824308637139], [-2256.532989308499, -1703.5461286799336], [-2260.939537274991, -1709.2739186850627]]]}, "properties": {"id": 29, "height_median_m": 3.0, "building_count": 1, "area_m2": 1273.040733564332}}, {"type": "Feature", "geometry": {"type": "Polygon", "coordinates": [[[-2240.836965125578, -1700.2121455062543], [-2251.457137105776, -1692.2122431662633], [-2247.52914007446, -1686.860465454062], [-2236.8217313304363, -1694.9648476474065], [-2236.305162345346, -1695.2594656586061], [-2240.2614530709693, -1700.6497926781196], [-2240.836965125578, -1700.2121455062543]]]}, "properties": {"id": 30, "height_median_m": 3.0, "building_count": 1, "area_m2": 92.85677687162551}}, {"type": "Feature", "geometry": {"type": "Polygon", "coordinates": [[[-3375.9515291425364, -1543.8757646508823], [-3374.778637460902, -1544.2102359643502], [-3373.1182057143037, -1538.6396218893756], [-3365.0244095077705, -1541.0691930812475], [-3365.9119775305912, -1543.853360211146], [-3366.9855936038025, -1547.5272931128407], [-3370.6940726831303, -1546.4140931128798], [-3371.7678021923125, -1550.0884141940473], [-3377.184941963233, -1548.4490393206845], [-3377.0304214832545, -1547.5677530323205], [-3375.9515291425364, -1543.8757646508823]]]}, "properties": {"id": 31, "height_median_m": 3.0, "building_count": 1, "area_m2": 79.8738235446039}}, {"type": "Feature", "geometry": {"type": "Polygon", "coordinates": [[[-2637.7026324142353, -1524.0448238727997], [-2635.526150121442, -1530.4997228116233], [-2643.988793415519, -1533.3956540861966], [-2646.274867929254, -1527.0627600081289], [-2637.7026324142353, -1524.0448238727997]]]}, "properties": {"id": 32, "height_median_m": 3.0, "building_count": 1, "area_m2": 61.05736838537864}}, {"type": "Feature", "geometry": {"type": "Polygon", "coordinates": [[[-2964.269340640608, -1238.9465531407227], [-2962.320789740476, -1239.724483571214], [-2962.320423627207, -1239.723520735876], [-2961.989864025298, -1239.8566008200116], [-2961.670596431292, -1239.9840637345449], [-2961.6709496468234, -1239.9849926503337], [-2956.6921348808137, -1241.9894151028363], [-2960.368523059646, -1251.509917876581], [-2958.352505076209, -1251.969841120722], [-2961.495213188324, -1257.2416067556276], [-2961.5303430220724, -1257.3317679328472], [-2973.9879009760243, -1252.51681148123], [-2972.2795221350934, -1247.969843142745], [-2968.371337784066, -1249.4186795924277], [-2964.269340640608, -1238.9465531407227]]]}, "properties": {"id": 33, "height_median_m": 3.0, "building_count": 2, "area_m2": 161.41485455270126}}, {"type": "Feature", "geometry": {"type": "Polygon", "coordinates": [[[-2712.7749934994326, -1251.169902340249], [-2711.612215690205, -1242.1266161698297], [-2704.9650499642225, -1242.9967091655228], [-2706.127827773451, -1252.039995335942], [-2712.7749934994326, -1251.169902340249]]]}, "properties": {"id": 34, "height_median_m": 3.0, "building_count": 1, "area_m2": 61.12394670961598}}, {"type": "Feature", "geometry": {"type": "Polygon", "coordinates": [[[-2829.884415731485, -1207.9364032933422], [-2829.8308125036233, -1208.2879797203645], [-2829.772576552877, -1208.6275013549741], [-2829.778876032559, -1208.6286241117027], [-2829.388509813629, -1211.188984111567], [-2836.3237260464907, -1212.4250482124996], [-2836.767311988223, -1209.5156271441863], [-2837.8081494522385, -1203.9355303198638], [-2830.768077671384, -1202.8236265545956], [-2829.8909173754723, -1207.9375620818298], [-2829.884415731485, -1207.9364032933422]]]}, "properties": {"id": 35, "height_median_m": 6.0, "building_count": 2, "area_m2": 60.44591580253256}}, {"type": "Feature", "geometry": {"type": "Polygon", "coordinates": [[[-2644.666260212285, -1092.7417308551815], [-2645.5325382582514, -1085.7012367734035], [-2635.464284291429, -1084.3852952984355], [-2634.7062432322796, -1091.4262330748304], [-2644.666260212285, -1092.7417308551815]]]}, "properties": {"id": 36, "height_median_m": 3.0, "building_count": 1, "area_m2": 71.57525740778678}}, {"type": "Feature", "geometry": {"type": "Polygon", "coordinates": [[[-2568.2094695698215, -1055.7509510031207], [-2565.6667710330744, -1054.7469711552478], [-2567.812953151898, -1049.1831282840733], [-2562.188720623285, -1046.9188669111402], [-2558.0281564297834, -1057.4783632363328], [-2566.1896788960767, -1060.7427768499736], [-2568.2094695698215, -1055.7509510031207]]]}, "properties": {"id": 37, "height_median_m": 6.0, "building_count": 1, "area_m2": 83.69805340867036}}, {"type": "Feature", "geometry": {"type": "Polygon", "coordinates": [[[-2216.7213202466432, -1039.6628118759854], [-2216.331573514458, -1036.8842283226215], [-2218.275743369601, -1036.6624622192887], [-2217.0224736431273, -1026.0598159964316], [-2215.0706425488406, -1026.2824559966584], [-2215.0701281564207, -1026.2781042432139], [-2214.722141680511, -1026.3222085314096], [-2209.801456866756, -1026.8834975032157], [-2209.61214988047, -1024.940062092445], [-2205.492586371425, -1025.4770989716892], [-2206.5542278036974, -1033.95399507308], [-2209.8041887541067, -1033.6268943973698], [-2210.3180857445177, -1037.2905703380914], [-2210.3602126456653, -1037.6365519128922], [-2210.366504086819, -1037.6357545269218], [-2210.75687030575, -1040.4187545270172], [-2216.7213202466432, -1039.6628118759854]]]}, "properties": {"id": 38, "height_median_m": 3.0, "building_count": 4, "area_m2": 132.825741141247}}, {"type": "Feature", "geometry": {"type": "Polygon", "coordinates": [[[-2152.409510467009, -1025.5282165269819], [-2158.3352473428026, -1029.8296051204716], [-2162.1649377009267, -1024.58749827759], [-2151.456148807611, -1016.8964333906941], [-2150.545415301653, -1011.3559073127174], [-2145.3659906788484, -1012.1265195416768], [-2146.3534989919813, -1018.3844281454444], [-2147.65254693156, -1018.1894560106634], [-2154.167088667222, -1022.966500714338], [-2152.409510467009, -1025.5282165269819]]]}, "properties": {"id": 39, "height_median_m": 3.0, "building_count": 1, "area_m2": 102.6790223460982}}, {"type": "Feature", "geometry": {"type": "Polygon", "coordinates": [[[-2124.5490174104666, -1012.9613057530352], [-2121.8201702275346, -1012.9613057530352], [-2121.9177053966982, -1003.7270840781273], [-2113.897287011662, -1003.6051018050882], [-2113.7945279242767, -1017.5536227997793], [-2124.5490174104666, -1017.672723286416], [-2124.5490174104666, -1012.9613057530352]]]}, "properties": {"id": 40, "height_median_m": 3.0, "building_count": 1, "area_m2": 124.37438923633498}}, {"type": "Feature", "geometry": {"type": "Polygon", "coordinates": [[[-3028.378818612691, -996.5709232614722], [-3039.6087075483965, -998.3500378690001], [-3040.2977648370656, -993.765103898645], [-3029.066109120847, -991.8670830844393], [-3028.378818612691, -996.5709232614722]]]}, "properties": {"id": 41, "height_median_m": 3.0, "building_count": 1, "area_m2": 53.4253081273819}}, {"type": "Feature", "geometry": {"type": "Polygon", "coordinates": [[[-2699.5270057775183, -992.4893155101839], [-2701.2129029254484, -987.489368694109], [-2696.639612984172, -985.9243809110923], [-2696.1536553333935, -987.4764727521219], [-2694.015823501882, -986.7005654141533], [-2693.13282105736, -989.2745633448363], [-2691.368970152696, -988.7156810746127], [-2690.9794782710665, -989.9374584103371], [-2689.6162029462766, -989.4931582287958], [-2688.219978311255, -993.7401849132099], [-2689.481517157943, -994.0722624443783], [-2689.2900670937684, -994.6182169900358], [-2691.925914015889, -995.3977157373765], [-2689.4932191179646, -1002.3904841580253], [-2694.4416574202423, -1004.1864764975008], [-2698.7474206032775, -992.2352436964856], [-2699.5270057775183, -992.4893155101839]]]}, "properties": {"id": 42, "height_median_m": 3.0, "building_count": 1, "area_m2": 123.42516983553386}}, {"type": "Feature", "geometry": {"type": "Polygon", "coordinates": [[[-2114.406628381341, -996.8482675648972], [-2114.294767622295, -991.3616185619259], [-2102.9572920393107, -991.4802639405531], [-2103.069152798357, -996.9669129439461], [-2114.406628381341, -996.8482675648972]]]}, "properties": {"id": 43, "height_median_m": 3.0, "building_count": 1, "area_m2": 62.21802086811523}}, {"type": "Feature", "geometry": {"type": "Polygon", "coordinates": [[[-2169.8268927049153, -965.2017677285909], [-2180.5555386422966, -962.3502249513335], [-2179.3832181409975, -958.3385237771108], [-2168.6545722036167, -961.1900665543681], [-2169.8268927049153, -965.2017677285909]]]}, "properties": {"id": 44, "height_median_m": 3.0, "building_count": 1, "area_m2": 46.38304356292132}}, {"type": "Feature", "geometry": {"type": "Polygon", "coordinates": [[[-2178.4308041171057, -941.9619782045512], [-2178.3104954151336, -938.2566919463779], [-2173.316687151723, -938.3861533010125], [-2173.436995853266, -942.0914395596465], [-2178.4308041171057, -941.9619782045512]]]}, "properties": {"id": 45, "height_median_m": 3.0, "building_count": 1, "area_m2": 18.519064463844224}}, {"type": "Feature", "geometry": {"type": "Polygon", "coordinates": [[[-2251.9925641722007, -916.6241577736954], [-2255.414713479443, -925.4958657529718], [-2256.2536796071104, -925.4958657529718], [-2257.73558996398, -925.3831741294954], [-2260.942884109825, -925.0505857529096], [-2261.5151299699683, -925.0505857529096], [-2257.611746585832, -913.8592121402586], [-2251.9925641722007, -916.6241577736954]]]}, "properties": {"id": 46, "height_median_m": 3.0, "building_count": 1, "area_m2": 64.78706855407114}}, {"type": "Feature", "geometry": {"type": "Polygon", "coordinates": [[[-2328.1068298914893, -917.2560168858546], [-2336.0626651327557, -916.4415936066118], [-2335.4083204208914, -909.8484554366454], [-2331.887738789959, -910.1740633194725], [-2330.8187746633057, -899.9316245085686], [-2326.75944725782, -900.4190311431236], [-2319.1881321800024, -901.2359870190684], [-2319.757641637993, -906.0432028522306], [-2321.0219792173334, -905.9322647700043], [-2322.291921034765, -917.9666854352329], [-2328.1068298914893, -917.2560168858546]]]}, "properties": {"id": 47, "height_median_m": 3.0, "building_count": 3, "area_m2": 205.04797206955755}}, {"type": "Feature", "geometry": {"type": "Polygon", "coordinates": [[[-2157.1767463188403, -894.8056577148534], [-2151.9059509400763, -895.5731791440145], [-2152.6963225423683, -900.7249227417392], [-2158.080158405338, -899.829332042739], [-2157.1767463188403, -894.8056577148534]]]}, "properties": {"id": 48, "height_median_m": 3.0, "building_count": 1, "area_m2": 27.80806948080277}}, {"type": "Feature", "geometry": {"type": "Polygon", "coordinates": [[[-2132.4885480616813, -885.4795596611597], [-2139.0941499969813, -893.1339884006973], [-2143.6254882994754, -889.225891844595], [-2137.019886364556, -881.5714631050676], [-2132.4885480616813, -885.4795596611597]]]}, "properties": {"id": 49, "height_median_m": 3.0, "building_count": 1, "area_m2": 60.500136306162986}}, {"type": "Feature", "geometry": {"type": "Polygon", "coordinates": [[[-3033.2747667943786, -882.5377123866272], [-3031.302147507453, -882.3127011344886], [-3031.8897029676955, -875.9457219087527], [-3026.8636732249724, -875.685128555177], [-3026.8636732249724, -882.748985752929], [-3027.9692437531658, -882.748985752929], [-3026.815940485314, -889.4363206421287], [-3031.988304939497, -890.9754442292], [-3033.2747667943786, -882.5377123866272]]]}, "properties": {"id": 50, "height_median_m": 3.0, "building_count": 1, "area_m2": 73.2292956736621}}, {"type": "Feature", "geometry": {"type": "Polygon", "coordinates": [[[-2399.361998963468, -869.2792657529247], [-2399.469285026054, -861.56943546323], [-2386.992433719932, -861.4518156215696], [-2386.8945166851813, -862.3453457528443], [-2382.865125985241, -862.3453457528443], [-2382.555913648731, -875.5131857530051], [-2386.7543478401203, -875.5131857530051], [-2386.6567562853015, -880.96786575268], [-2387.443806706518, -880.96786575268], [-2387.443806706518, -883.0829457528768], [-2392.437835114058, -883.0829457528768], [-2392.437835114058, -880.973967041829], [-2398.8735365932775, -881.0851947316017], [-2399.051984399095, -869.2792657529247], [-2399.361998963468, -869.2792657529247]]]}, "properties": {"id": 51, "height_median_m": 3.0, "building_count": 3, "area_m2": 305.39352069484465}}, {"type": "Feature", "geometry": {"type": "Polygon", "coordinates": [[[-2491.957399515088, -855.5262245393267], [-2488.1497537222185, -854.7118601505772], [-2487.108605486666, -859.066426966337], [-2492.4170710376725, -860.2017808144437], [-2489.376971139807, -879.5733959604847], [-2495.730608179598, -880.5730399427729], [-2498.515143379349, -862.1962074642104], [-2499.1637270485508, -858.6204033661807], [-2491.5056787942317, -857.4155309748937], [-2491.957399515088, -855.5262245393267]]]}, "properties": {"id": 52, "height_median_m": 3.0, "building_count": 3, "area_m2": 162.91018938963435}}, {"type": "Feature", "geometry": {"type": "Polygon", "coordinates": [[[-2998.7350978655204, -828.472207427806], [-3001.79333541413, -833.4235521039828], [-3002.868688332855, -843.2365558830402], [-3005.959098322139, -847.3492257529246], [-3011.627351095433, -847.3492257529246], [-3011.427485599413, -851.4528850063717], [-3017.3971874377303, -851.7050877679335], [-3017.919182247052, -840.7492657527919], [-3014.4125054275623, -840.7492657527919], [-3015.187739751685, -828.9219076937934], [-3011.2568506518824, -827.9028492874444], [-3013.1637203415667, -814.6709072288485], [-3016.7777880183717, -815.2279974329799], [-3017.2622895706, -811.6357231414286], [-2996.952609864177, -808.7542937180822], [-2995.3964758580005, -820.4695525965037], [-3000.337467252707, -821.1610928259196], [-2998.7350978655204, -828.472207427806]]]}, "properties": {"id": 53, "height_median_m": 3.0, "building_count": 2, "area_m2": 573.233379687673}}, {"type": "Feature", "geometry": {"type": "Polygon", "coordinates": [[[-2328.5204957230426, -840.7739222408447], [-2328.51946612535, -840.704630649923], [-2336.0350493344886, -840.5515445983259], [-2335.9270047553337, -833.2801794239859], [-2330.6969263778233, -833.4392675954181], [-2330.2566050280116, -823.1428875305637], [-2327.762170754283, -823.2722208266229], [-2322.5988822188524, -823.3833457527375], [-2322.0444467630846, -823.3833457527375], [-2322.1420383175573, -826.0550257527153], [-2320.978627678329, -826.0550257527153], [-2321.0762192331485, -832.5115857530246], [-2321.0679546209735, -832.5115857530246], [-2321.081650264022, -832.8708973426467], [-2321.0867998036647, -833.2115857530247], [-2321.0946360596213, -833.2115857530247], [-2321.291095381317, -838.3657877810195], [-2322.461607766556, -838.2545235099523], [-2322.5582372745234, -840.8998663906941], [-2327.8206381183095, -840.7887057279755], [-2327.8208145124217, -840.8005769945411], [-2328.178557807109, -840.7811451884065], [-2328.5204957230426, -840.7739222408447]]]}, "properties": {"id": 54, "height_median_m": 6.0, "building_count": 4, "area_m2": 197.8268122204291}}, {"type": "Feature", "geometry": {"type": "Polygon", "coordinates": [[[-2449.12622445, -811.39052652], [-2447.64033001, -810.82555356], [-2449.42105833, -805.02204561], [-2444.75703977, -803.59469699], [-2443.07375566, -808.71489925], [-2445.75399337, -809.5156137], [-2443.55628935, -815.36495483], [-2445.90146349, -816.25664669], [-2443.9449599, -821.61279818], [-2450.56442709, -823.84085706], [-2453.52785871, -815.51082004], [-2448.41165136, -813.60292413], [-2449.12622445, -811.39052652]]]}, "properties": {"id": 55, "height_median_m": 3.0, "building_count": 2, "area_m2": 107.47572141139364}}, {"type": "Feature", "geometry": {"type": "Polygon", "coordinates": [[[-2437.4337058, -813.03700065], [-2437.41702517, -812.44715927], [-2435.25406082, -812.61164153], [-2435.37133855, -816.62490575], [-2437.53517127, -816.62490575], [-2437.4337058, -813.03700065]]]}, "properties": {"id": 56, "height_median_m": 3.0, "building_count": 1, "area_m2": 8.869891027478854}}, {"type": "Feature", "geometry": {"type": "Polygon", "coordinates": [[[-2314.617412686334, -786.8204753863853], [-2314.226803239905, -786.3749179434108], [-2311.982074601882, -779.6245084173344], [-2310.8642049420487, -780.1026795981402], [-2307.905220523005, -781.1027483605029], [-2309.1733427381373, -784.6633935344948], [-2306.830839935604, -785.4427351696145], [-2308.141752156218, -789.1130697213874], [-2311.0083762302042, -788.1069530541591], [-2314.617412686334, -786.8204753863853]]]}, "properties": {"id": 57, "height_median_m": 3.0, "building_count": 1, "area_m2": 42.03684092948079}}, {"type": "Feature", "geometry": {"type": "Polygon", "coordinates": [[[-2177.6727016142986, -530.611085097898], [-2176.7231566465425, -521.224046778288], [-2169.353533664908, -522.041328479186], [-2167.2419923724765, -522.175138313673], [-2168.1925667237083, -531.4518758310584], [-2169.805063453017, -531.3103888593], [-2177.6727016142986, -530.611085097898]]]}, "properties": {"id": 58, "height_median_m": 3.0, "building_count": 1, "area_m2": 88.96098717685909}}, {"type": "Feature", "geometry": {"type": "Polygon", "coordinates": [[[-2202.717628801211, -529.7748198056113], [-2203.344597703951, -529.4172367207934], [-2208.583940966134, -529.3000529043519], [-2208.273756145627, -516.7984381274492], [-2203.9098665822467, -516.9198471201912], [-2202.402232353646, -517.0631568589368], [-2202.717628801211, -529.7748198056113]]]}, "properties": {"id": 59, "height_median_m": 3.0, "building_count": 1, "area_m2": 73.42414035517885}}, {"type": "Feature", "geometry": {"type": "Polygon", "coordinates": [[[-3030.757995726282, -491.125481885688], [-3027.546649143584, -478.4191223330981], [-3025.568727402915, -473.68118448063854], [-3021.8781617791947, -468.652899913565], [-3017.6742411158853, -470.1026407389926], [-3011.26680543137, -461.89431240408464], [-3005.8680990102957, -466.20502146450286], [-3013.0468880214576, -477.80560472856587], [-3020.6849702324, -494.32550495490636], [-3023.4661430275773, -493.373782780166], [-3023.5616034911523, -495.8782326067562], [-3025.380856842314, -495.4970785258373], [-3029.0464862802055, -494.72908784521184], [-3028.8496711968396, -491.69831695397727], [-3030.757995726282, -491.125481885688]]]}, "properties": {"id": 60, "height_median_m": 3.0, "building_count": 1, "area_m2": 377.5328475122904}}, {"type": "Feature", "geometry": {"type": "Polygon", "coordinates": [[[-3024.652739373086, -502.07982867244573], [-3021.1574346430903, -505.93821372513827], [-3024.602254676985, -509.0817428330728], [-3028.097559406981, -505.22335778038007], [-3024.652739373086, -502.07982867244573]]]}, "properties": {"id": 61, "height_median_m": 3.0, "building_count": 1, "area_m2": 24.279034287838787}}, {"type": "Feature", "geometry": {"type": "Polygon", "coordinates": [[[-2376.657293135642, -466.88036995744676], [-2377.353037528726, -471.2452605812574], [-2381.8517982017374, -470.5873615482876], [-2381.156053808242, -466.2224709240097], [-2376.657293135642, -466.88036995744676]]]}, "properties": {"id": 62, "height_median_m": 3.0, "building_count": 1, "area_m2": 20.094327844251733}}, {"type": "Feature", "geometry": {"type": "Polygon", "coordinates": [[[-2359.485918723085, -457.7319642529308], [-2355.689496149797, -455.10743411793874], [-2352.8623672319018, -459.36420725278674], [-2358.184204230302, -463.04328177786533], [-2357.5506718645684, -464.0487119410529], [-2360.9529338391585, -466.3237026940468], [-2363.68612445986, -462.29670542761664], [-2358.7142130613247, -458.89391194770985], [-2359.485918723085, -457.7319642529308]]]}, "properties": {"id": 63, "height_median_m": 3.0, "building_count": 2, "area_m2": 50.73036241691462}}, {"type": "Feature", "geometry": {"type": "Polygon", "coordinates": [[[-2256.852665736712, -443.80302567932387], [-2252.0807899835, -445.3582106256546], [-2254.0748457084196, -450.9182571166019], [-2257.394142353855, -449.80465996634484], [-2258.562964071607, -453.0266633000527], [-2263.1380162133105, -451.59153838972145], [-2261.5190218145895, -447.23850286606796], [-2258.407481654653, -448.45855693686525], [-2256.852665736712, -443.80302567932387]]]}, "properties": {"id": 64, "height_median_m": 3.0, "building_count": 1, "area_m2": 49.22422358495893}}, {"type": "Feature", "geometry": {"type": "Polygon", "coordinates": [[[-2110.3429688237256, -435.860646541385], [-2110.8342144290395, -435.11351275653396], [-2108.468071107747, -433.69975370532114], [-2106.2362541964285, -432.42686764853397], [-2105.4612329863585, -433.5319243485792], [-2098.711874645318, -429.40357842369417], [-2094.7149545487714, -435.8110700413507], [-2095.592684879824, -436.25604907542356], [-2094.6342504508825, -437.7866127529816], [-2098.267091028791, -440.05906375750124], [-2099.147362424799, -438.49712832451354], [-2106.062829955343, -442.7190265064409], [-2110.3429688237256, -435.860646541385]]]}, "properties": {"id": 65, "height_median_m": 3.0, "building_count": 1, "area_m2": 115.06573732223335}}, {"type": "Feature", "geometry": {"type": "Polygon", "coordinates": [[[-2169.0608139474925, -373.59497238668405], [-2179.2254645064936, -372.8777845259611], [-2178.783015132338, -366.9476791190734], [-2168.6183645733367, -367.6648669797964], [-2169.0608139474925, -373.59497238668405]]]}, "properties": {"id": 66, "height_median_m": 3.0, "building_count": 1, "area_m2": 60.59476855918497}}, {"type": "Feature", "geometry": {"type": "Polygon", "coordinates": [[[-2319.3539358346475, -312.3475525502023], [-2312.5777135328453, -307.27510082601844], [-2309.3268045359705, -311.6226719191194], [-2315.950923031797, -316.50497782819826], [-2319.814042205787, -319.4823789761423], [-2322.817182563052, -316.1885332680476], [-2318.956784426692, -313.0270820676048], [-2319.3539358346475, -312.3475525502023]]]}, "properties": {"id": 67, "height_median_m": 3.0, "building_count": 1, "area_m2": 67.68017658614907}}, {"type": "Feature", "geometry": {"type": "Polygon", "coordinates": [[[-2464.8981972079196, -294.2249069270307], [-2469.8674816568187, -290.8239113402919], [-2461.663551355191, -278.8924645786582], [-2456.694266906292, -282.293460165397], [-2464.8981972079196, -294.2249069270307]]]}, "properties": {"id": 68, "height_median_m": 3.0, "building_count": 1, "area_m2": 87.19228359520235}}, {"type": "Feature", "geometry": {"type": "Polygon", "coordinates": [[[-2574.3325728743057, -273.62017457102473], [-2571.4716436974186, -272.36062317683894], [-2569.6871778953728, -263.26876329603544], [-2565.8801193340278, -264.0482055604649], [-2565.394885089101, -261.6128348394839], [-2562.6541484924355, -262.0594466665127], [-2563.278973297026, -265.19541666605977], [-2565.3264370390507, -264.86177587631244], [-2566.998078669453, -273.51569433021405], [-2564.461563096118, -279.2196946392752], [-2575.1525991871345, -284.0740033126395], [-2576.269282340411, -281.52646384612007], [-2577.930845235412, -277.9588420946601], [-2578.5586139618063, -276.3834693836525], [-2577.897691600008, -276.1573006003436], [-2574.040852027358, -274.50752907681044], [-2574.3325728743057, -273.62017457102473]]]}, "properties": {"id": 69, "height_median_m": 3.0, "building_count": 4, "area_m2": 149.6478138201953}}, {"type": "Feature", "geometry": {"type": "Polygon", "coordinates": [[[-2139.9244560940824, -56.43978689813502], [-2144.297246345482, -49.50535949242275], [-2139.3175718031257, -46.34970523074934], [-2133.7618326653915, -54.950297748905456], [-2132.3499827484184, -53.79997036648503], [-2129.8512864827367, -56.785887939652156], [-2133.809715031592, -60.01108113926987], [-2137.8660956119415, -55.16374606110459], [-2139.9244560940824, -56.43978689813502]]]}, "properties": {"id": 70, "height_median_m": 3.0, "building_count": 2, "area_m2": 76.269324746003}}, {"type": "Feature", "geometry": {"type": "Polygon", "coordinates": [[[-2892.439809011854, -47.284910945330914], [-2891.4562238625335, -45.71418303961685], [-2894.5876664772436, -43.70496094561763], [-2890.932775808459, -38.225660200921354], [-2885.0194660182124, -34.50419829877418], [-2878.3913812288565, -38.82446907761378], [-2881.1297400756857, -43.06360054634009], [-2879.3527272611536, -44.302316413345295], [-2879.936397458151, -45.0790556945508], [-2879.4649317444155, -45.401728471410955], [-2883.2536439320183, -51.08165036025786], [-2883.6505790877313, -50.85526385714428], [-2884.4333907595897, -51.97142851333167], [-2892.439809011854, -47.284910945330914]]]}, "properties": {"id": 71, "height_median_m": 3.0, "building_count": 1, "area_m2": 166.33957048434957}}, {"type": "Feature", "geometry": {"type": "Polygon", "coordinates": [[[-2866.6574413452854, -14.759595537998228], [-2866.5292345584135, -13.443417961407384], [-2864.3675776565497, -9.374942799910983], [-2863.840554064873, -9.708921301662674], [-2857.753777471627, -3.9911413560736357], [-2852.6386478196778, -6.722271715256452], [-2854.412166240253, -10.093944451264358], [-2853.92266339996, -10.428961900374091], [-2855.776159883288, -13.902343726587597], [-2855.7356486911694, -13.91774706049615], [-2857.324394253629, -16.86263434458333], [-2856.752975361489, -17.188535244801244], [-2857.629208635353, -19.020943065734276], [-2866.6574413452854, -14.759595537998228]]]}, "properties": {"id": 72, "height_median_m": 3.0, "building_count": 1, "area_m2": 114.35569483564856}}, {"type": "Feature", "geometry": {"type": "Polygon", "coordinates": [[[-2964.7143513080396, -4.504195903394443], [-2966.9496666349974, -12.639152962964745], [-2972.988956370632, -11.01087895897331], [-2970.860302486477, -2.876754381521002], [-2964.7143513080396, -4.504195903394443]]]}, "properties": {"id": 73, "height_median_m": 3.0, "building_count": 1, "area_m2": 53.112630378210355}}, {"type": "Feature", "geometry": {"type": "Polygon", "coordinates": [[[-2487.5640447316878, 349.6607663599665], [-2491.6350563436367, 339.6589706174347], [-2496.572809757858, 341.7071013061513], [-2492.6072689173034, 351.70615907147806], [-2487.5640447316878, 349.6607663599665]]]}, "properties": {"id": 74, "height_median_m": 3.0, "building_count": 1, "area_m2": 58.1314715902602}}, {"type": "Feature", "geometry": {"type": "Polygon", "coordinates": [[[-2532.4244217645287, 621.3358758120494], [-2533.5389890790457, 623.6243170698463], [-2530.939065577679, 625.9159643359919], [-2526.693749409108, 621.445950221822], [-2529.3778808097904, 617.9848813165195], [-2532.4244217645287, 621.3358758120494]]]}, "properties": {"id": 75, "height_median_m": 3.0, "building_count": 1, "area_m2": 27.06312602350017}}, {"type": "Feature", "geometry": {"type": "Polygon", "coordinates": [[[-3026.2739529059913, 674.9008594300055], [-3018.1318842532855, 667.9948190756178], [-3021.8046186448064, 663.6784809346594], [-3030.0550570953433, 670.5878579661925], [-3026.2739529059913, 674.9008594300055]]]}, "properties": {"id": 76, "height_median_m": 3.0, "building_count": 1, "area_m2": 61.10860047238651}}, {"type": "Feature", "geometry": {"type": "Polygon", "coordinates": [[[-3019.0689774931566, 681.485082856261], [-3027.508619571603, 688.6160957416254], [-3023.940157054723, 692.9409456380794], [-3015.5005149762756, 685.8099327527151], [-3019.0689774931566, 681.485082856261]]]}, "properties": {"id": 77, "height_median_m": 3.0, "building_count": 1, "area_m2": 61.946937357895436}}, {"type": "Feature", "geometry": {"type": "Polygon", "coordinates": [[[-2684.233630228175, 692.1200829918162], [-2686.7742250954, 683.546872549615], [-2692.9126015160778, 685.4223753197097], [-2690.265819462816, 693.9966517759378], [-2684.233630228175, 692.1200829918162]]]}, "properties": {"id": 78, "height_median_m": 3.0, "building_count": 1, "area_m2": 57.039506126351235}}, {"type": "Feature", "geometry": {"type": "Polygon", "coordinates": [[[-2800.3291327143493, 747.6160560881386], [-2799.7404525870274, 748.287547304781], [-2803.6356818115614, 751.5088533483033], [-2800.1691393436513, 755.7181519202244], [-2796.2572901381404, 752.5946548268174], [-2795.7651675119746, 753.1560055590982], [-2792.0200316633395, 750.0491158370214], [-2795.6523709343396, 745.4322853445979], [-2796.4653136038546, 744.5049840193494], [-2800.3291327143493, 747.6160560881386]]]}, "properties": {"id": 79, "height_median_m": 6.0, "building_count": 1, "area_m2": 62.911396988278725}}, {"type": "Feature", "geometry": {"type": "Polygon", "coordinates": [[[-2537.374405528985, 855.2640654335629], [-2541.6156949368988, 849.24616236546], [-2543.556050626748, 850.6783043385917], [-2546.711040900538, 852.7879519058991], [-2546.265903914471, 853.295707412322], [-2542.179023286506, 859.1784452264601], [-2538.854476950272, 864.0372251649544], [-2534.079549763696, 860.6034814264534], [-2532.6185576677694, 859.6313485713412], [-2536.1298464860292, 854.4996469963156], [-2537.374405528985, 855.2640654335629]]]}, "properties": {"id": 80, "height_median_m": 3.0, "building_count": 1, "area_m2": 93.20118249063822}}, {"type": "Feature", "geometry": {"type": "Polygon", "coordinates": [[[-2074.5185719690594, -1986.1122484539483], [-2074.3578683332125, -1986.34877776183], [-2058.7964137714707, -1976.6362275241631], [-2057.2034596946482, -1979.2319973318076], [-2056.9031863982686, -1982.3146186824254], [-2056.096180537328, -1989.2185889605933], [-2067.6131028975688, -1995.9003574246144], [-2073.716998804182, -1999.569807361996], [-2069.278061642609, -2008.8970742015017], [-2081.216981166119, -2014.7335299942977], [-2081.814520803144, -2014.9607289993255], [-2082.2554546346287, -2014.1224605267], [-2083.9664041927663, -2010.4631485338857], [-2072.4832632538864, -2004.880180142324], [-2081.2500921846913, -1990.1342988287536], [-2074.5185719690594, -1986.1122484539483]]]}, "properties": {"id": 81, "height_median_m": 3.0, "building_count": 3, "area_m2": 371.69521378100876}}, {"type": "Feature", "geometry": {"type": "Polygon", "coordinates": [[[-1841.7421360156068, -2000.723976397332], [-1841.5195608834017, -1995.0115565505705], [-1836.2635647707982, -1995.2377969307859], [-1836.2635647707982, -1990.2315099778737], [-1830.6772588043812, -1990.3589528867678], [-1830.8861458991867, -2001.0811820439785], [-1841.7421360156068, -2000.723976397332]]]}, "properties": {"id": 82, "height_median_m": 3.0, "building_count": 1, "area_m2": 89.21743723555491}}, {"type": "Feature", "geometry": {"type": "Polygon", "coordinates": [[[-1914.8546950624075, -1974.7346941481865], [-1919.443704723415, -1975.5198776978953], [-1919.8951291361354, -1972.945240693251], [-1920.2384011677784, -1970.595874951153], [-1916.493732570647, -1969.985669181431], [-1915.6526174162084, -1969.7937818006126], [-1914.8546950624075, -1974.7346941481865]]]}, "properties": {"id": 83, "height_median_m": 3.0, "building_count": 1, "area_m2": 23.244850606502126}}, {"type": "Feature", "geometry": {"type": "Polygon", "coordinates": [[[-2055.2643791572004, -1970.1487268009691], [-2059.0128783960827, -1965.3698804483804], [-2055.42612043661, -1962.5983437562363], [-2051.7868880473825, -1967.5042745464698], [-2055.2643791572004, -1970.1487268009691]]]}, "properties": {"id": 84, "height_median_m": 3.0, "building_count": 1, "area_m2": 27.106887689020013}}, {"type": "Feature", "geometry": {"type": "Polygon", "coordinates": [[[-1924.4300862740115, -1945.4551305673845], [-1925.3163301591374, -1939.6423750451463], [-1922.28110932411, -1939.2096009384645], [-1921.6857603514209, -1943.1144155010677], [-1914.0716340435315, -1941.046504958251], [-1912.2715548703106, -1940.6358448061662], [-1910.615211257464, -1946.8595713697787], [-1910.6079795778971, -1946.857685889136], [-1910.5246960590705, -1947.1996830714102], [-1910.4351816901165, -1947.5360341470944], [-1910.5175231904484, -1947.5575026460144], [-1909.4330147657706, -1951.268709364877], [-1909.5775516347564, -1952.2579247298438], [-1914.6310338560304, -1953.236779683188], [-1913.8562311378778, -1956.3300661464657], [-1921.667358729396, -1958.4049832664978], [-1922.134332421855, -1956.2743271218064], [-1922.8161343553372, -1953.7189854012222], [-1923.0964442677778, -1952.5998890994083], [-1919.9936959417007, -1951.8007104791075], [-1921.9513168728429, -1945.1016975647904], [-1924.4300862740115, -1945.4551305673845]]]}, "properties": {"id": 85, "height_median_m": 3.0, "building_count": 3, "area_m2": 172.97389005457666}}, {"type": "Feature", "geometry": {"type": "Polygon", "coordinates": [[[-1882.2070636379954, -1944.1702965184243], [-1883.1898282627562, -1940.9318158058616], [-1885.24162946187, -1934.261581337801], [-1877.6521520465262, -1931.701028277027], [-1877.1885572977415, -1933.1615504940783], [-1872.706857141108, -1931.3572615535422], [-1870.7862623728572, -1936.1254071157234], [-1875.6289376252987, -1938.0750211227328], [-1875.3898349186459, -1938.8282971599165], [-1876.0629477529462, -1939.0476689546704], [-1875.087032205761, -1941.8306689548558], [-1875.4705976580385, -1941.9556753985078], [-1873.5157170738569, -1946.9401096235763], [-1878.6106594710923, -1948.7191893810368], [-1879.3247172138272, -1949.126442386072], [-1881.3776381227758, -1943.892030973569], [-1882.2070636379954, -1944.1702965184243]]]}, "properties": {"id": 86, "height_median_m": 3.0, "building_count": 4, "area_m2": 141.24903188997556}}, {"type": "Feature", "geometry": {"type": "Polygon", "coordinates": [[[-1994.9966642814281, -1914.9192105892396], [-1994.9849774888078, -1914.911212107659], [-1996.6407290622817, -1912.4670506192724], [-1991.685856058354, -1908.9503207813323], [-1986.0068431316438, -1916.8677464338675], [-1988.8318699548765, -1918.8507804840349], [-1990.9652522025256, -1920.3877217907182], [-1994.5810368496802, -1915.4829989645461], [-1994.5923745748676, -1915.4907585431595], [-1994.7856999675273, -1915.205378485525], [-1994.9966642814281, -1914.9192105892396]]]}, "properties": {"id": 87, "height_median_m": 3.0, "building_count": 2, "area_m2": 59.59976847802929}}, {"type": "Feature", "geometry": {"type": "Polygon", "coordinates": [[[-1828.7575561782096, -1910.3084296486682], [-1830.3795010637205, -1903.278019695794], [-1822.2847862840893, -1901.3341421543626], [-1818.8652700554173, -1915.5990035237537], [-1817.6953496060964, -1915.3765875153913], [-1816.5572464945647, -1920.0501179192984], [-1823.8828579612782, -1921.7704962546], [-1824.351442204078, -1919.6324916662534], [-1824.799404103604, -1916.822113725545], [-1824.0407187837257, -1916.7139372933418], [-1825.6374162415777, -1909.5298857690311], [-1828.7575561782096, -1910.3084296486682]]]}, "properties": {"id": 88, "height_median_m": 3.0, "building_count": 1, "area_m2": 135.34601937667838}}, {"type": "Feature", "geometry": {"type": "Polygon", "coordinates": [[[-1766.6292435952148, -1901.014926178708], [-1761.3551110092578, -1900.246918792961], [-1760.3790341381132, -1906.3705308910296], [-1760.3707539870222, -1906.369350273477], [-1760.3604055974015, -1906.4460770741578], [-1753.257649154616, -1905.3658212407329], [-1750.9974540293501, -1918.9596627843484], [-1755.978251450698, -1919.8635311835062], [-1757.9863490486048, -1908.2114419113036], [-1765.4594096950889, -1909.2769812322163], [-1765.7015331580517, -1907.4817880317928], [-1766.6292435952148, -1901.014926178708]]]}, "properties": {"id": 89, "height_median_m": 3.0, "building_count": 3, "area_m2": 120.07510859510558}}, {"type": "Feature", "geometry": {"type": "Polygon", "coordinates": [[[-2003.373527576385, -1908.1367685262185], [-2004.9466860919786, -1905.8936952589959], [-2003.1926346514167, -1904.726562979371], [-2001.61947613534, -1906.9696362466177], [-2003.373527576385, -1908.1367685262185]]]}, "properties": {"id": 90, "height_median_m": 3.0, "building_count": 1, "area_m2": 5.770549980999647}}, {"type": "Feature", "geometry": {"type": "Polygon", "coordinates": [[[-1938.9612786743444, -1887.383932172966], [-1935.7181254504571, -1885.4657374142046], [-1931.6627188954506, -1892.6480412737992], [-1934.8025213900532, -1894.4387844113653], [-1938.9612786743444, -1887.383932172966]]]}, "properties": {"id": 91, "height_median_m": 3.0, "building_count": 1, "area_m2": 30.335240120234758}}, {"type": "Feature", "geometry": {"type": "Polygon", "coordinates": [[[-1904.047868458425, -1886.7263428195415], [-1905.7502498761305, -1882.0658797296744], [-1903.2746816696783, -1881.167393932054], [-1895.138965452375, -1878.1513329840286], [-1891.190336137171, -1888.9374498647003], [-1899.5552797500757, -1892.0777433296048], [-1901.8028817264346, -1885.9469705608092], [-1904.047868458425, -1886.7263428195415]]]}, "properties": {"id": 92, "height_median_m": 8.0, "building_count": 2, "area_m2": 114.63495227865873}}, {"type": "Feature", "geometry": {"type": "Polygon", "coordinates": [[[-1979.7311599054256, -1874.370780657975], [-1973.334678660245, -1885.6324457755725], [-1980.284376447689, -1889.6570897075185], [-1985.600624842518, -1880.2636826922912], [-1979.7713531188394, -1876.6172979693704], [-1979.7311599054256, -1874.370780657975]]]}, "properties": {"id": 93, "height_median_m": 3.0, "building_count": 1, "area_m2": 88.76106637787308}}, {"type": "Feature", "geometry": {"type": "Polygon", "coordinates": [[[-1979.7292890332635, -1874.2662120917228], [-1979.6189725553606, -1868.1002985881355], [-1977.7580063149132, -1868.2120224279913], [-1977.5631152814526, -1862.8766583461822], [-1970.9136926946273, -1863.1253407497773], [-1971.2255528872859, -1874.5087115348822], [-1979.7292890332635, -1874.2662120917228]]]}, "properties": {"id": 94, "height_median_m": 3.0, "building_count": 1, "area_m2": 87.64936543902405}}, {"type": "Feature", "geometry": {"type": "Polygon", "coordinates": [[[-1835.5909531521665, -1865.8808653146923], [-1834.4281760828808, -1867.870387006086], [-1833.5498520905533, -1867.3137870063085], [-1833.5459452792845, -1867.320471594411], [-1830.2323248382452, -1865.3194245009033], [-1827.9189125774942, -1869.145750740425], [-1830.883293687024, -1870.9491576360745], [-1830.786229250292, -1871.1705950977264], [-1832.0229029460381, -1871.930170289629], [-1831.8275553285898, -1872.264411764465], [-1838.9581278798762, -1876.634729997084], [-1841.079164005108, -1873.1400302446043], [-1837.9178570472584, -1871.2309630442405], [-1839.7158587445088, -1868.2334484450016], [-1835.5909531521665, -1865.8808653146923]]]}, "properties": {"id": 95, "height_median_m": 6.0, "building_count": 2, "area_m2": 72.74296082042375}}, {"type": "Feature", "geometry": {"type": "Polygon", "coordinates": [[[-1954.9127450410474, -1852.2250614971827], [-1954.911375660945, -1852.2254910510842], [-1953.5487341111286, -1847.8955781570469], [-1950.0503808526823, -1848.8587963233174], [-1950.7394274777823, -1851.2167258755312], [-1949.7679886365122, -1851.549153938929], [-1950.3512408901722, -1853.6559366070965], [-1950.3370640715061, -1853.6603836614663], [-1950.443519091888, -1853.9892574212122], [-1950.5381145911972, -1854.330948614312], [-1950.552647419269, -1854.326389885157], [-1952.8956279463064, -1861.5646094841445], [-1957.3639956117897, -1860.127009896401], [-1956.0504731765589, -1855.8926869641405], [-1955.0146485373168, -1852.553561642713], [-1954.9127450410474, -1852.2250614971827]]]}, "properties": {"id": 96, "height_median_m": 6.0, "building_count": 2, "area_m2": 58.544106545205224}}, {"type": "Feature", "geometry": {"type": "Polygon", "coordinates": [[[-1813.7579960216817, -1791.3098977948932], [-1816.2387648615586, -1794.0166101412606], [-1818.338356421862, -1796.1594568273015], [-1822.3451792169294, -1792.3507297743968], [-1820.2545846166486, -1789.966046063051], [-1824.4036604043142, -1786.1138186496219], [-1821.9730277099252, -1783.4798906346791], [-1819.8619324830663, -1785.5077375499318], [-1813.7579960216817, -1791.3098977948932]]]}, "properties": {"id": 97, "height_median_m": 3.0, "building_count": 1, "area_m2": 57.768419555827194}}, {"type": "Feature", "geometry": {"type": "Polygon", "coordinates": [[[-2014.4838964746668, -1787.6930742486895], [-2010.4177980493687, -1785.9703563897983], [-2008.1921694238006, -1791.1747186689151], [-2012.146185135771, -1792.8992210044669], [-2014.4838964746668, -1787.6930742486895]]]}, "properties": {"id": 98, "height_median_m": 3.0, "building_count": 1, "area_m2": 24.80607709163143}}, {"type": "Feature", "geometry": {"type": "Polygon", "coordinates": [[[-1762.5507392005227, -1787.2706319211675], [-1757.5765430535182, -1787.7535194630743], [-1756.7930594617717, -1778.5931132622995], [-1751.9997405607683, -1778.9836566142303], [-1753.0022731599522, -1792.1346120072417], [-1753.1006060968832, -1793.2562687488535], [-1753.2413063060574, -1794.3797187398998], [-1758.5153903528771, -1793.8677185284785], [-1758.4186266694905, -1792.8743374996168], [-1763.0019909458722, -1792.5406278745054], [-1762.8734212463278, -1791.074068700393], [-1762.5507392005227, -1787.2706319211675]]]}, "properties": {"id": 99, "height_median_m": 3.0, "building_count": 1, "area_m2": 101.68171744357741}}, {"type": "Feature", "geometry": {"type": "Polygon", "coordinates": [[[-1823.5718279521275, -1747.8207460849176], [-1821.816647705176, -1753.8270034603997], [-1826.2964255268876, -1755.1372494202794], [-1828.6478161627049, -1746.9231143013644], [-1834.892270195805, -1748.5613759702032], [-1836.245163193358, -1743.5459506182508], [-1832.8295528232095, -1742.629222918003], [-1835.3622778817637, -1732.5176887772386], [-1828.4418437312643, -1730.79088749247], [-1823.904980679303, -1747.9084425799297], [-1823.5718279521275, -1747.8207460849176]]]}, "properties": {"id": 100, "height_median_m": 3.0, "building_count": 2, "area_m2": 169.74573298091056}}, {"type": "Feature", "geometry": {"type": "Polygon", "coordinates": [[[-2025.5631918490244, -1735.8733857530353], [-2025.7807175539438, -1742.8209020994143], [-2032.140509320368, -1742.5707490169182], [-2031.9234117363567, -1735.6369063506856], [-2026.0149120370165, -1735.8733857530353], [-2025.5631918490244, -1735.8733857530353]]]}, "properties": {"id": 101, "height_median_m": 3.0, "building_count": 1, "area_m2": 44.14222629532218}}, {"type": "Feature", "geometry": {"type": "Polygon", "coordinates": [[[-1783.604146456454, -1719.8679101670098], [-1788.1591638541486, -1708.5316564434884], [-1785.5895098023082, -1707.5121316988213], [-1780.7428676756679, -1705.5302412483923], [-1782.103965712322, -1702.203311828402], [-1779.6883713813447, -1701.1011510454136], [-1780.0826671581062, -1700.314066953123], [-1775.514540258267, -1698.3600407265671], [-1770.7520423820679, -1709.579231412116], [-1777.488361217476, -1712.4746266292914], [-1774.280427635393, -1720.199607637069], [-1772.0518505191435, -1719.5364572278395], [-1771.4928761878043, -1721.3430093535044], [-1771.2998731312132, -1721.2329327166397], [-1770.3973710658572, -1724.0925417787766], [-1769.029009368501, -1723.6465839157577], [-1765.79810491441, -1734.1083752673912], [-1770.756071605755, -1735.7792936674603], [-1776.5156159410806, -1717.0554956887856], [-1781.03480788038, -1718.8485105897435], [-1781.3489515971714, -1718.9749817980214], [-1781.3496360061622, -1718.9734204250306], [-1783.604146456454, -1719.8679101670098]]]}, "properties": {"id": 102, "height_median_m": 3.0, "building_count": 3, "area_m2": 270.04946446448633}}, {"type": "Feature", "geometry": {"type": "Polygon", "coordinates": [[[-2039.0737732009804, -1726.360574124934], [-2036.4358175788248, -1720.843994628613], [-2031.7041671659365, -1723.028601232585], [-2034.2896569966317, -1728.5583457527057], [-2034.7921436625754, -1728.5583457527057], [-2039.0737732009804, -1726.360574124934]]]}, "properties": {"id": 103, "height_median_m": 6.0, "building_count": 1, "area_m2": 32.553514210400465}}, {"type": "Feature", "geometry": {"type": "Polygon", "coordinates": [[[-1802.7426804912823, -1645.036835850282], [-1801.1759691836912, -1643.5848134759701], [-1803.5179097117577, -1641.024734179389], [-1796.1910312087548, -1634.219285448691], [-1794.950599027011, -1635.3983911521746], [-1793.4393086107627, -1632.534513737925], [-1793.3432993123704, -1632.6409868138144], [-1792.0716935702087, -1631.4427595247316], [-1792.9400168604698, -1633.0882218610961], [-1789.3597232855705, -1637.0587213428048], [-1793.3326510546392, -1640.757094483024], [-1789.4501198380397, -1644.9643561404853], [-1794.557800652211, -1649.5509319567611], [-1797.6346225478785, -1646.2167682202237], [-1799.829230394561, -1648.0942647893462], [-1802.7426804912823, -1645.036835850282]]]}, "properties": {"id": 104, "height_median_m": 3.0, "building_count": 3, "area_m2": 134.09163477932432}}, {"type": "Feature", "geometry": {"type": "Polygon", "coordinates": [[[-1884.9089791405527, -1572.3194835472254], [-1882.367860118119, -1573.9917438462055], [-1880.5100868264967, -1571.203440091652], [-1875.052801178455, -1574.9384253990766], [-1877.2914896292054, -1578.2984389388446], [-1880.5151088909297, -1576.1813243540337], [-1883.9338143547986, -1581.1951256286663], [-1888.6050485262078, -1578.0234897764624], [-1884.9089791405527, -1572.3194835472254]]]}, "properties": {"id": 105, "height_median_m": 3.0, "building_count": 1, "area_m2": 64.02738063872013}}, {"type": "Feature", "geometry": {"type": "Polygon", "coordinates": [[[-1922.3938464347798, -1440.3896421614077], [-1923.0611398344754, -1434.68091807049], [-1911.9168211378965, -1433.4928790462266], [-1911.3598677191685, -1439.0835316561859], [-1922.3938464347798, -1440.3896421614077]]]}, "properties": {"id": 106, "height_median_m": 3.0, "building_count": 1, "area_m2": 63.413597917641994}}, {"type": "Feature", "geometry": {"type": "Polygon", "coordinates": [[[-1926.6145138944087, -1342.7275493740005], [-1926.3349664183515, -1343.843601762119], [-1925.4611746145838, -1347.0829100974966], [-1932.677729200556, -1348.802972071487], [-1933.5452726323426, -1345.710525474343], [-1933.9706025476976, -1344.5784805132405], [-1926.6145138944087, -1342.7275493740005]]]}, "properties": {"id": 107, "height_median_m": 3.0, "building_count": 1, "area_m2": 33.240199278497336}}, {"type": "Feature", "geometry": {"type": "Polygon", "coordinates": [[[-1921.7797285543088, -1338.0039180169167], [-1922.591155437162, -1333.6405057048346], [-1917.1250818698375, -1332.4953016876004], [-1915.4967228757882, -1341.0858889792441], [-1915.3381230797463, -1341.9904410859128], [-1919.2122802951624, -1342.660008432921], [-1919.4023634426446, -1342.0095405915577], [-1920.2176194428514, -1337.6698202302755], [-1921.7797285543088, -1338.0039180169167]]]}, "properties": {"id": 108, "height_median_m": 3.0, "building_count": 1, "area_m2": 45.42582866807257}}, {"type": "Feature", "geometry": {"type": "Polygon", "coordinates": [[[-2040.5543441581308, -1233.6849575419512], [-2038.6892778140848, -1229.8779778327541], [-2040.0465965223766, -1229.214439509982], [-2038.3896721218707, -1225.5694239805048], [-2036.116004183168, -1226.6970372104802], [-2034.4537391241238, -1223.7971195714679], [-2028.2962792440994, -1227.0008874593261], [-2034.8103053814632, -1241.048931305365], [-2041.4426618254201, -1239.064578145095], [-2039.1821770369427, -1234.2439551358996], [-2040.5543441581308, -1233.6849575419512]]]}, "properties": {"id": 109, "height_median_m": 3.0, "building_count": 1, "area_m2": 128.72206849194797}}, {"type": "Feature", "geometry": {"type": "Polygon", "coordinates": [[[-1878.8084871260553, -1061.1260989044263], [-1876.6576574448948, -1062.9103841477925], [-1874.1196094073146, -1059.7926040383995], [-1869.5808170353905, -1063.5808544165193], [-1880.260145584591, -1076.69059364709], [-1886.5583937536028, -1071.9011014405019], [-1886.3053048949103, -1070.601989715477], [-1878.8084871260553, -1061.1260989044263]]]}, "properties": {"id": 110, "height_median_m": 3.0, "building_count": 1, "area_m2": 136.04544576781035}}, {"type": "Feature", "geometry": {"type": "Polygon", "coordinates": [[[-1865.5312651579877, -1049.3406828216441], [-1863.784383201747, -1049.4513839417693], [-1863.784383201747, -1047.4705057529154], [-1860.6501201908004, -1047.4705057529154], [-1859.2713522698918, -1051.3418229547929], [-1859.6126999473752, -1054.326961515633], [-1865.64710660201, -1053.7012086465402], [-1865.5312651579877, -1049.3406828216441]]]}, "properties": {"id": 111, "height_median_m": 3.0, "building_count": 1, "area_m2": 34.81586656393457}}, {"type": "Feature", "geometry": {"type": "Polygon", "coordinates": [[[-1895.497484923, -1036.5570659148386], [-1892.6211775694314, -1037.983554880157], [-1895.9839526757087, -1044.1703693874383], [-1898.748230507415, -1042.737125919334], [-1895.497484923, -1036.5570659148386]]]}, "properties": {"id": 112, "height_median_m": 3.0, "building_count": 1, "area_m2": 22.167327194391348}}, {"type": "Feature", "geometry": {"type": "Polygon", "coordinates": [[[-2006.1395387528078, -1035.9120176079182], [-2003.30309960996, -1034.796345866741], [-2001.8409585768313, -1037.8540232500272], [-2004.3810549527886, -1039.0798539480402], [-2003.6002066205226, -1040.749901819337], [-2008.6063469001103, -1043.1609454142538], [-2013.62656775381, -1033.7361997705982], [-2008.3895925374516, -1031.4484099319577], [-2006.1395387528078, -1035.9120176079182]]]}, "properties": {"id": 113, "height_median_m": 3.0, "building_count": 1, "area_m2": 69.73741450748186}}, {"type": "Feature", "geometry": {"type": "Polygon", "coordinates": [[[-1935.7686999, -1025.55250074], [-1935.50729089, -1025.30693904], [-1935.26927976, -1025.06171978], [-1935.25794525, -1025.0727094], [-1933.59626321, -1023.51176296], [-1929.89105405, -1027.18208383], [-1928.62738988, -1025.96241489], [-1925.04582332, -1029.36691021], [-1924.61519921, -1029.77624443], [-1927.74739419, -1033.01410221], [-1926.76970726, -1034.01780072], [-1929.98701758, -1037.29449475], [-1938.7808995, -1028.67968829], [-1935.75681703, -1025.56402204], [-1935.7686999, -1025.55250074]]]}, "properties": {"id": 114, "height_median_m": 3.0, "building_count": 2, "area_m2": 96.05123271546019}}, {"type": "Feature", "geometry": {"type": "Polygon", "coordinates": [[[-1920.56265481, -1025.38948928], [-1923.07086424, -1022.39220357], [-1919.79527722, -1019.72336647], [-1917.40412016, -1022.58726987], [-1920.56265481, -1025.38948928]]]}, "properties": {"id": 115, "height_median_m": 3.0, "building_count": 1, "area_m2": 16.129078698652}}, {"type": "Feature", "geometry": {"type": "Polygon", "coordinates": [[[-1890.6201452127696, -1018.5256950552651], [-1887.2617800069738, -1009.1881328703499], [-1881.439095261459, -1011.3185139169209], [-1882.9317922103098, -1015.7716725978291], [-1884.4028599032818, -1015.2123371239909], [-1887.720972763699, -1024.451897124079], [-1891.0132073888344, -1023.2001099872995], [-1889.4517425134584, -1018.9699499872977], [-1890.6201452127696, -1018.5256950552651]]]}, "properties": {"id": 116, "height_median_m": 3.0, "building_count": 1, "area_m2": 69.99752928194}}, {"type": "Feature", "geometry": {"type": "Polygon", "coordinates": [[[-1834.753041305682, -1005.2818542743665], [-1838.910091861038, -1012.4553967085868], [-1842.9295815191758, -1010.09743723122], [-1838.7725309638206, -1002.9238947969995], [-1834.753041305682, -1005.2818542743665]]]}, "properties": {"id": 117, "height_median_m": 3.0, "building_count": 1, "area_m2": 38.6361363814586}}, {"type": "Feature", "geometry": {"type": "Polygon", "coordinates": [[[-1884.790431057798, -997.7628786862574], [-1878.9036157338, -986.4535259460026], [-1872.0020742232, -990.1273118744084], [-1867.8620645238989, -978.7935636370456], [-1863.9310136724928, -967.9858738826069], [-1862.5258343768044, -968.5687281885749], [-1859.2557929949455, -969.778472897936], [-1859.251135831588, -969.7651203650211], [-1858.91494685231, -969.9045681883646], [-1858.5991632373284, -970.021391651103], [-1858.6034779579504, -970.0337623679324], [-1857.526335378682, -970.480550327586], [-1861.3483354471857, -981.0354930804805], [-1865.8173550135405, -993.3973842468487], [-1863.547435263447, -994.5711707680906], [-1869.4352927073844, -1005.8825255596238], [-1877.0656328211612, -1001.8207900626251], [-1884.790431057798, -997.7628786862574]]]}, "properties": {"id": 118, "height_median_m": 6.0, "building_count": 6, "area_m2": 386.2562845226391}}, {"type": "Feature", "geometry": {"type": "Polygon", "coordinates": [[[-2019.1998465241263, -997.1044913358654], [-2017.3671208993364, -993.9071953708477], [-2012.5830736692517, -996.691394850965], [-2003.8963700186316, -981.7727024946224], [-2001.0596383825398, -983.446382678684], [-2000.9911786064386, -983.3345237692462], [-2000.7146962673785, -983.6498995624981], [-1999.1021254959076, -984.6013211602515], [-1996.5502517156083, -986.0194286294923], [-2010.6749567451018, -1009.4441857385522], [-2022.5034852310246, -1002.6392843796976], [-2019.1998465241263, -997.1044913358654]]]}, "properties": {"id": 119, "height_median_m": 3.0, "building_count": 2, "area_m2": 282.2313737530882}}, {"type": "Feature", "geometry": {"type": "Polygon", "coordinates": [[[-1832.4960167694744, -988.0635507041834], [-1825.4791703661456, -983.2126879555613], [-1822.252590696437, -987.90846080165], [-1829.2694370997567, -992.759323549835], [-1832.4960167694744, -988.0635507041834]]]}, "properties": {"id": 120, "height_median_m": 3.0, "building_count": 1, "area_m2": 48.60121192893984}}, {"type": "Feature", "geometry": {"type": "Polygon", "coordinates": [[[-1898.3573487244016, -959.482141088305], [-1898.7487962010418, -961.7147078927462], [-1894.161993129047, -962.60526789287], [-1896.5143955922924, -976.0218715597161], [-1893.9436266657374, -976.6543511444648], [-1895.0961607569086, -981.1242084427187], [-1900.7518925055908, -979.6062466743145], [-1899.330560462452, -974.2560413661454], [-1905.3145546033827, -973.3036073114672], [-1902.8552402639505, -958.6928147706429], [-1898.3573487244016, -959.482141088305]]]}, "properties": {"id": 121, "height_median_m": 3.0, "building_count": 3, "area_m2": 154.93192048937135}}, {"type": "Feature", "geometry": {"type": "Polygon", "coordinates": [[[-1880.9503953448955, -962.3549308859697], [-1881.1653669081015, -954.7533544013247], [-1874.12233037226, -954.5061606195892], [-1873.9073588086721, -962.1077371042342], [-1880.9503953448955, -962.3549308859697]]]}, "properties": {"id": 122, "height_median_m": 3.0, "building_count": 1, "area_m2": 53.59132054652126}}, {"type": "Feature", "geometry": {"type": "Polygon", "coordinates": [[[-2067.6164115156685, -907.0376977923291], [-2075.1562898814773, -911.0351280178419], [-2078.1218015290256, -905.5226165314361], [-2070.4712177603496, -901.4016227776553], [-2067.6164115156685, -907.0376977923291]]]}, "properties": {"id": 123, "height_median_m": 3.0, "building_count": 1, "area_m2": 54.15099736026581}}, {"type": "Feature", "geometry": {"type": "Polygon", "coordinates": [[[-1846.5165954234528, -782.8652788586285], [-1846.4166610453433, -782.7512864640744], [-1842.8447820043043, -779.1562769671373], [-1836.7321246613176, -785.1991449357786], [-1836.259181409908, -785.7386182832531], [-1835.671756063098, -786.1853248988865], [-1836.6420683611593, -787.1340179226949], [-1845.2763599337723, -795.9522179350913], [-1852.4129959082072, -789.0087955286143], [-1850.1214597355531, -786.6438454142103], [-1846.5165954234528, -782.8652788586285]]]}, "properties": {"id": 124, "height_median_m": 3.0, "building_count": 1, "area_m2": 137.03587080462617}}, {"type": "Feature", "geometry": {"type": "Polygon", "coordinates": [[[-1878.6367930933388, -719.597002091626], [-1877.8541327540238, -717.923078771667], [-1883.2203467088896, -715.3633491641923], [-1878.2443674043543, -704.6026700390184], [-1867.6546685475212, -709.4581062844095], [-1873.412025902178, -722.0062619657139], [-1878.6367930933388, -719.597002091626]]]}, "properties": {"id": 125, "height_median_m": 3.0, "building_count": 1, "area_m2": 149.7628553081986}}, {"type": "Feature", "geometry": {"type": "Polygon", "coordinates": [[[-1876.0242274319878, -677.3276056703623], [-1876.002601423251, -677.2962960409764], [-1878.5587940267453, -675.5468289184901], [-1873.7715092937633, -668.5085625425321], [-1870.7390168738632, -670.6286442166977], [-1868.9832592735381, -668.180845551035], [-1868.893838552451, -668.2427739737118], [-1865.9608326910336, -670.2740305380878], [-1865.6847417523916, -670.4652376334634], [-1865.6856490275745, -670.4665959447349], [-1858.3635858505247, -675.5892025010628], [-1858.629875471776, -675.9797372389995], [-1860.610673287377, -678.8847335065486], [-1860.8043872057467, -679.1688302504989], [-1860.8052195367097, -679.1682665341449], [-1864.3194766065392, -684.2903873621586], [-1868.2276807120134, -681.6155988584576], [-1869.8855898011238, -683.9517021791821], [-1873.0990004053176, -681.7795842419335], [-1871.9759826610582, -680.1783399584115], [-1875.73499843821, -677.5239839747728], [-1876.0242274319878, -677.3276056703623]]]}, "properties": {"id": 126, "height_median_m": 6.0, "building_count": 4, "area_m2": 184.45343208370292}}, {"type": "Feature", "geometry": {"type": "Polygon", "coordinates": [[[-1924.3920431547233, -666.7864071172606], [-1922.7313467108374, -667.2321272862822], [-1921.6596634557764, -662.8980232908266], [-1917.0039132490144, -664.0408291601998], [-1913.5977648686921, -664.876906309557], [-1912.3284321624542, -665.1884781943135], [-1911.4217988085659, -665.3953125360223], [-1912.5484813372402, -670.4074979438567], [-1914.5241776428074, -670.031894211948], [-1916.5598767721751, -678.3249869217954], [-1926.6086745641471, -675.9369896258429], [-1924.3920431547233, -666.7864071172606]]]}, "properties": {"id": 127, "height_median_m": 3.0, "building_count": 2, "area_m2": 145.32283161642965}}, {"type": "Feature", "geometry": {"type": "Polygon", "coordinates": [[[-2064.7647476787747, -600.1948133646995], [-2059.3297660094836, -602.3456720916238], [-2062.369801465382, -609.7237247709676], [-2056.205880621611, -612.4935184910913], [-2058.2459657160384, -617.1476563084061], [-2062.2076291107833, -615.2869079176514], [-2062.0658584379594, -614.9890138842237], [-2073.3237526487824, -610.4132820370982], [-2069.0536301265433, -600.0776582409563], [-2065.3475312676574, -601.6351379586881], [-2064.7647476787747, -600.1948133646995]]]}, "properties": {"id": 128, "height_median_m": 6.0, "building_count": 2, "area_m2": 152.18809138520538}}, {"type": "Feature", "geometry": {"type": "Polygon", "coordinates": [[[-1849.4173157840949, -606.4584638841806], [-1848.7364751478942, -606.846771970405], [-1853.0259390315034, -616.3938419664421], [-1854.1256962243988, -615.7666105889068], [-1858.7359053369692, -613.7348252105139], [-1858.0914146748737, -612.4115502481494], [-1854.4376049249954, -604.1917220740146], [-1849.4173157840949, -606.4584638841806]]]}, "properties": {"id": 129, "height_median_m": 3.0, "building_count": 1, "area_m2": 65.51210000801649}}, {"type": "Feature", "geometry": {"type": "Polygon", "coordinates": [[[-1823.9300453888106, -593.8644987309871], [-1822.4890295675004, -594.3341350390763], [-1821.305134529057, -590.5078983438403], [-1810.3211510308972, -594.531012715068], [-1806.0886187318347, -596.1000909664699], [-1808.4753064275703, -602.5349230405702], [-1810.1761017470146, -601.9643199813843], [-1811.887749113037, -607.0080949819619], [-1815.0552916639276, -605.7621885706259], [-1826.701680502645, -601.5248225310597], [-1825.3124274854251, -597.7459638470372], [-1823.9300453888106, -593.8644987309871]]]}, "properties": {"id": 130, "height_median_m": 6.0, "building_count": 4, "area_m2": 198.30920186703628}}, {"type": "Feature", "geometry": {"type": "Polygon", "coordinates": [[[-1849.1650747281594, -580.5940858933623], [-1848.9483636905134, -578.1221227362813], [-1848.6576922200163, -576.0222367539525], [-1848.6576922200163, -574.1378657528002], [-1848.0294103134117, -574.1378657528002], [-1843.0257721006192, -573.7227739439514], [-1843.0283332546137, -573.692585752738], [-1842.6618748038995, -573.692585752738], [-1842.1133364948103, -573.6470801127897], [-1840.0469176903969, -580.1291244908849], [-1840.414192540503, -582.5130792104915], [-1843.5533307737996, -581.5252920192347], [-1843.5933925824347, -581.5313850062141], [-1844.4113870564236, -581.0648531165493], [-1845.9369224225372, -582.0592166582152], [-1846.818992237053, -582.1849857528385], [-1847.680145961587, -582.1849857528385], [-1848.3812461601892, -581.9564926967576], [-1848.4635991020252, -581.9654391476016], [-1848.9146964077734, -581.4508848685917], [-1849.1650747281594, -580.5940858933623]]]}, "properties": {"id": 131, "height_median_m": 3.0, "building_count": 3, "area_m2": 63.9648332565462}}, {"type": "Feature", "geometry": {"type": "Polygon", "coordinates": [[[-2003.2462565881594, -574.9806313217201], [-2005.9215377416172, -571.5309744199049], [-1999.3109764730862, -566.4229037562671], [-1996.7484430373904, -569.8773717149304], [-2003.2462565881594, -574.9806313217201]]]}, "properties": {"id": 132, "height_median_m": 3.0, "building_count": 1, "area_m2": 35.9967277838773}}, {"type": "Feature", "geometry": {"type": "Polygon", "coordinates": [[[-1941.8400751626368, -563.4051308388136], [-1945.129824927639, -559.5232063586642], [-1940.0877444497917, -555.4711101191521], [-1940.145025872677, -555.4000890949594], [-1939.8864212027843, -555.1904957486104], [-1939.6250649014794, -554.9349626586229], [-1939.6035216498524, -554.961211938677], [-1936.1558913573133, -552.1669840916427], [-1933.354151235586, -550.2002961956476], [-1928.1963899728491, -555.9610433973842], [-1929.6586396220282, -556.9618121515929], [-1927.5431680296817, -559.2599647337529], [-1930.39955046572, -561.8393705455985], [-1932.6770412656233, -559.4674013154315], [-1935.2172080401344, -561.5099001274633], [-1935.4523875363168, -561.2183101520985], [-1938.332815332553, -563.627768262232], [-1939.8917812486316, -561.7383569122227], [-1941.8400751626368, -563.4051308388136]]]}, "properties": {"id": 133, "height_median_m": 3.0, "building_count": 3, "area_m2": 121.98371312687335}}, {"type": "Feature", "geometry": {"type": "Polygon", "coordinates": [[[-1772.3704390526696, -455.85700788707976], [-1772.3696069719292, -455.8554621584816], [-1774.7132241982144, -454.63019981620016], [-1770.8559839792097, -447.5415562403229], [-1768.3066620490195, -449.05874303088694], [-1762.9311471520866, -451.88875927741316], [-1766.572372528382, -458.85188858600907], [-1768.9970048367397, -457.5994910028004], [-1772.0618133821918, -456.01642259193636], [-1772.3704390526696, -455.85700788707976]]]}, "properties": {"id": 134, "height_median_m": 3.0, "building_count": 2, "area_m2": 72.07677308192517}}, {"type": "Feature", "geometry": {"type": "Polygon", "coordinates": [[[-1982.6461262102587, -425.29435898323925], [-1977.0352769741387, -419.7475698826317], [-1980.1638211567242, -416.5134860517486], [-1976.823563719938, -413.3602669827025], [-1970.9174562491787, -419.5164310024779], [-1970.5973764312014, -419.8815372397939], [-1973.363833017286, -422.6164086632242], [-1972.1440713718357, -423.8812709651616], [-1979.4820214004455, -430.93615180021584], [-1983.763868786501, -426.42767292835106], [-1982.6461262102587, -425.29435898323925]]]}, "properties": {"id": 135, "height_median_m": 3.0, "building_count": 1, "area_m2": 102.53119122362861}}, {"type": "Feature", "geometry": {"type": "Polygon", "coordinates": [[[-2012.7371664375437, -385.3842630696624], [-2011.8422189004439, -385.27083617844454], [-2011.9405687532742, -382.5783968969135], [-2004.2233532794605, -382.08935160495025], [-2003.9096498497975, -387.3375669842459], [-2003.6927927435545, -390.8006480277328], [-2012.2960008725497, -391.4064160950073], [-2012.5129559788043, -387.9417700544124], [-2012.7371664375437, -385.3842630696624]]]}, "properties": {"id": 136, "height_median_m": 6.0, "building_count": 2, "area_m2": 73.28052798643843}}, {"type": "Feature", "geometry": {"type": "Polygon", "coordinates": [[[-2009.4360611048116, -344.2714281131781], [-2005.916263790636, -340.81412219525424], [-2008.7535617964418, -337.8088678738222], [-2004.6398892188886, -333.8774369236846], [-1998.0044992665544, -340.7254048559266], [-2005.732943768138, -348.11146812072826], [-2009.4360611048116, -344.2714281131781]]]}, "properties": {"id": 137, "height_median_m": 3.0, "building_count": 1, "area_m2": 81.17778782063947}}, {"type": "Feature", "geometry": {"type": "Polygon", "coordinates": [[[-1936.4005073464684, -245.690921162436], [-1932.40392546519, -243.91188079768307], [-1933.577715322727, -241.23406124048907], [-1930.297868435551, -239.8484201080383], [-1929.7126115415335, -241.18359296453602], [-1924.7332180824492, -239.0675677902175], [-1921.9217539370832, -245.60483191154879], [-1924.1770922414626, -246.61150238473024], [-1923.7841710542696, -247.61993974399257], [-1933.0571148633653, -251.5289758218505], [-1933.7722062915632, -251.93681837588588], [-1936.4005073464684, -245.690921162436]]]}, "properties": {"id": 138, "height_median_m": 3.0, "building_count": 1, "area_m2": 105.87936812340816}}, {"type": "Feature", "geometry": {"type": "Polygon", "coordinates": [[[-1910.4577689408227, -237.50407790319318], [-1905.8476730273746, -234.81064376753295], [-1903.6585070724193, -238.88489437883356], [-1908.2672588973765, -241.44932186098114], [-1910.4577689408227, -237.50407790319318]]]}, "properties": {"id": 139, "height_median_m": 3.0, "building_count": 1, "area_m2": 24.239557425456198}}, {"type": "Feature", "geometry": {"type": "Polygon", "coordinates": [[[-1827.0147656749962, -206.36613993457013], [-1833.7307617729225, -208.1171689345575], [-1835.8480826576233, -199.30179971954445], [-1832.1901368826225, -198.44275188561474], [-1821.2122837474537, -195.68558457331875], [-1819.177941667174, -204.15547531080685], [-1817.1294031430239, -212.6121455120647], [-1816.4543199138418, -215.17897503302686], [-1820.8296603039087, -216.2580734848675], [-1819.337353941228, -218.9532754001825], [-1823.2339587618983, -221.1756503271668], [-1822.453226324278, -222.51149032714014], [-1827.7500037683724, -225.53243443841464], [-1830.0464525794905, -221.472215726684], [-1824.1231055559997, -218.09391627993708], [-1827.0147656749962, -206.36613993457013]]]}, "properties": {"id": 140, "height_median_m": 3.0, "building_count": 4, "area_m2": 269.4739538033849}}, {"type": "Feature", "geometry": {"type": "Polygon", "coordinates": [[[-2007.575305671034, -166.11163517239086], [-2005.6237259023483, -168.11513716027946], [-2002.9903064497562, -165.4450313134132], [-1999.8682780822444, -168.61055292827493], [-2002.4056585047717, -171.2822329282528], [-1999.7656585623533, -173.9590109383194], [-2006.2065802905968, -180.46289674265535], [-2014.1243451190046, -172.73852220493316], [-2007.575305671034, -166.11163517239086]]]}, "properties": {"id": 141, "height_median_m": 3.0, "building_count": 1, "area_m2": 118.81093692387765}}, {"type": "Feature", "geometry": {"type": "Polygon", "coordinates": [[[-1860.679301581824, -173.1170380449609], [-1861.4245417033687, -172.4369781310595], [-1864.157105235511, -169.98793813093616], [-1865.392808445282, -168.8603120224492], [-1860.0425661022923, -163.00155282775935], [-1855.3263117888177, -167.25527026770936], [-1860.679301581824, -173.1170380449609]]]}, "properties": {"id": 142, "height_median_m": 3.0, "building_count": 1, "area_m2": 50.41367521284823}}, {"type": "Feature", "geometry": {"type": "Polygon", "coordinates": [[[-2018.8909748060744, -156.74535442685132], [-2017.2272256708422, -157.97333802892607], [-2019.5208095157682, -160.8649583994023], [-2024.851884105302, -156.76958429601825], [-2021.3070619614596, -152.0943093446599], [-2017.527779649394, -154.96825820989238], [-2018.8909748060744, -156.74535442685132]]]}, "properties": {"id": 143, "height_median_m": 3.0, "building_count": 1, "area_m2": 35.2928199446544}}, {"type": "Feature", "geometry": {"type": "Polygon", "coordinates": [[[-1842.9374445208398, -149.97384986569548], [-1847.864537551783, -156.08276224511832], [-1857.3864115239576, -148.40898975454394], [-1855.0004591830227, -145.41524058309304], [-1851.1915706860966, -148.4231058389128], [-1848.650435616647, -145.30153356860814], [-1842.9374445208398, -149.97384986569548]]]}, "properties": {"id": 144, "height_median_m": 3.0, "building_count": 1, "area_m2": 76.87688127076837}}, {"type": "Feature", "geometry": {"type": "Polygon", "coordinates": [[[-1887.2216474760075, -134.75667380474022], [-1887.5678434174956, -135.34901807582312], [-1894.449146238074, -140.2694827541598], [-1897.2994111886624, -136.3680202328498], [-1889.8979899139108, -130.9406361230405], [-1887.2216474760075, -134.75667380474022]]]}, "properties": {"id": 145, "height_median_m": 3.0, "building_count": 1, "area_m2": 44.52653898739415}}, {"type": "Feature", "geometry": {"type": "Polygon", "coordinates": [[[-2049.1567043420932, -125.80830414956044], [-2056.67457913609, -118.0665939572534], [-2052.5595562148133, -114.1338724855662], [-2049.053520276962, -117.68875131335709], [-2045.5363614886508, -114.12259468136236], [-2041.5355454721575, -118.30591365357705], [-2049.1567043420932, -125.80830414956044]]]}, "properties": {"id": 146, "height_median_m": 3.0, "building_count": 1, "area_m2": 90.17224101627534}}, {"type": "Feature", "geometry": {"type": "Polygon", "coordinates": [[[-1922.9365289332318, -112.92906477394054], [-1925.8758990509746, -111.31472545760313], [-1923.306065583497, -106.47164479707313], [-1920.458081083169, -107.97100673022035], [-1914.1982055302535, -111.3656553198663], [-1916.7696531443955, -116.21177798513406], [-1922.9365289332318, -112.92906477394054]]]}, "properties": {"id": 147, "height_median_m": 3.0, "building_count": 1, "area_m2": 56.998900009919105}}, {"type": "Feature", "geometry": {"type": "Polygon", "coordinates": [[[-2039.7985422659413, -74.3910500698611], [-2035.6021054128844, -78.28725006990061], [-2031.5037192424052, -73.94625637602341], [-2027.3836547972687, -77.75677861663702], [-2032.7496228411155, -83.65501566874042], [-2031.2904566994068, -84.98656018874962], [-2033.1278863425803, -87.08246560256445], [-2034.8521973721215, -85.37784136102816], [-2043.011541925504, -77.79424603020898], [-2039.7985422659413, -74.3910500698611]]]}, "properties": {"id": 148, "height_median_m": 3.0, "building_count": 1, "area_m2": 93.1787724865454}}, {"type": "Feature", "geometry": {"type": "Polygon", "coordinates": [[[-1960.5157086151144, -82.45372914645449], [-1960.0831433659614, -81.96031387425933], [-1958.994748981238, -76.27009860398344], [-1959.00010885663, -76.26899471217665], [-1958.9293997310128, -75.92844735444577], [-1958.8632276266492, -75.58249415586079], [-1958.8578002616432, -75.58361194747424], [-1957.97947626931, -71.35345194747617], [-1950.2672733161507, -72.94181679358284], [-1951.2163064341046, -77.51252415132599], [-1952.3806557694954, -83.59983814446052], [-1952.3806557694954, -84.10623052915255], [-1960.5157086151144, -82.45372914645449]]]}, "properties": {"id": 149, "height_median_m": 6.0, "building_count": 2, "area_m2": 89.66563449397802}}, {"type": "Feature", "geometry": {"type": "Polygon", "coordinates": [[[-1960.1879801470623, -57.722497727767305], [-1989.1537862857563, -60.684749246031494], [-1990.0999757586085, -50.971118676689514], [-1961.104261453417, -48.00580853476903], [-1960.1879801470623, -56.83174649096882], [-1960.1879801470623, -57.722497727767305]]]}, "properties": {"id": 150, "height_median_m": 3.0, "building_count": 1, "area_m2": 284.72078598348514}}, {"type": "Feature", "geometry": {"type": "Polygon", "coordinates": [[[-1931.1541559458433, -42.09643570279996], [-1929.1117584255421, -57.7054701173764], [-1940.247781051525, -59.24877112652505], [-1942.2963900640366, -43.47542575268047], [-1941.5307816209095, -43.47542575268047], [-1931.1541559458433, -42.09643570279996]]]}, "properties": {"id": 151, "height_median_m": 3.0, "building_count": 1, "area_m2": 177.2470732831506}}, {"type": "Feature", "geometry": {"type": "Polygon", "coordinates": [[[-1826.7447684824072, 55.06303601333736], [-1830.9857521632734, 51.880421973962854], [-1831.9902427019479, 53.02621667963784], [-1837.7630522032084, 60.88186882499108], [-1828.5458294228831, 68.08797860142187], [-1824.5234990989693, 63.382171960577786], [-1824.0477613139133, 62.839510965116034], [-1824.0477613139133, 62.433319459205386], [-1829.0211427500653, 58.258848277182686], [-1826.7447684824072, 55.06303601333736]]]}, "properties": {"id": 152, "height_median_m": 3.0, "building_count": 1, "area_m2": 109.41529166979845}}, {"type": "Feature", "geometry": {"type": "Polygon", "coordinates": [[[-1713.5155706886464, -1972.267043448811], [-1719.1896547774863, -1971.7594143094498], [-1718.0407382798223, -1961.0368354002007], [-1712.3674857499464, -1961.671278830704], [-1713.5155706886464, -1972.267043448811]]]}, "properties": {"id": 153, "height_median_m": 3.0, "building_count": 1, "area_m2": 61.1324406229351}}, {"type": "Feature", "geometry": {"type": "Polygon", "coordinates": [[[-1732.8464923466072, -1866.0349607206817], [-1727.8549760173826, -1865.6467549067377], [-1726.9782067526005, -1875.3620758228496], [-1726.5860853839465, -1875.3315793193765], [-1725.645245774451, -1885.8249911236517], [-1730.6372153305838, -1886.2132321864678], [-1731.6981310171661, -1874.3805828462707], [-1732.1005370755263, -1874.422311347502], [-1732.8464923466072, -1866.0349607206817]]]}, "properties": {"id": 154, "height_median_m": 3.0, "building_count": 2, "area_m2": 101.10188480569944}}, {"type": "Feature", "geometry": {"type": "Polygon", "coordinates": [[[-1708.2111448940086, -1876.3628121731374], [-1701.585623054798, -1874.3805038772598], [-1699.728519420244, -1880.7355448603134], [-1706.3538447540252, -1882.5939037687058], [-1708.2111448940086, -1876.3628121731374]]]}, "properties": {"id": 155, "height_median_m": 3.0, "building_count": 1, "area_m2": 45.26067701465392}}, {"type": "Feature", "geometry": {"type": "Polygon", "coordinates": [[[-1680.4476254036433, -1873.0816034107902], [-1679.465585518951, -1879.8027185908797], [-1680.8919408814604, -1879.9506280726393], [-1686.6981843363005, -1880.8967740837616], [-1687.6782009999342, -1874.1895059012847], [-1680.4476254036433, -1873.0816034107902]]]}, "properties": {"id": 156, "height_median_m": 3.0, "building_count": 1, "area_m2": 49.388983198459016}}, {"type": "Feature", "geometry": {"type": "Polygon", "coordinates": [[[-1699.9248224566536, -1818.9823864621874], [-1700.2655898857088, -1816.5205942982323], [-1695.571011959529, -1815.867548467577], [-1695.2791015337798, -1817.976384986015], [-1692.452653468803, -1817.5316882269963], [-1690.7878356468425, -1828.6883829086487], [-1695.7681272003372, -1829.4681117391585], [-1695.7660943180945, -1829.4826432167906], [-1696.1155360753453, -1829.5225030760732], [-1696.4597945725584, -1829.5764011807407], [-1696.4618090201914, -1829.5620014776478], [-1698.4136401148517, -1829.7846414774822], [-1699.9248224566536, -1818.9823864621874]]]}, "properties": {"id": 157, "height_median_m": 8.0, "building_count": 2, "area_m2": 96.4953631312126}}, {"type": "Feature", "geometry": {"type": "Polygon", "coordinates": [[[-1680.7252289881294, -1782.5164657527328], [-1679.9502295632692, -1782.5164657527328], [-1680.312260330141, -1777.8706822919069], [-1680.312260330141, -1777.311782759826], [-1675.8776498526317, -1776.9504657529435], [-1675.2409363493764, -1776.9504657529435], [-1674.614956371491, -1787.4230249735572], [-1680.3855475692587, -1787.8027761962878], [-1680.5067067754746, -1786.0061375713458], [-1680.7252289881294, -1782.5164657527328]]]}, "properties": {"id": 158, "height_median_m": 3.0, "building_count": 1, "area_m2": 57.11365217982747}}, {"type": "Feature", "geometry": {"type": "Polygon", "coordinates": [[[-1663.3883034097962, -1776.1332398357438], [-1660.2176295530048, -1775.5096708037454], [-1659.2835451885526, -1775.3320900833073], [-1658.2819805381544, -1780.9174365221359], [-1662.3962361627462, -1781.7219539166715], [-1662.5459731228298, -1780.6971489471368], [-1663.3883034097962, -1776.1332398357438]]]}, "properties": {"id": 159, "height_median_m": 3.0, "building_count": 1, "area_m2": 23.680005415516153}}, {"type": "Feature", "geometry": {"type": "Polygon", "coordinates": [[[-1676.1052779897468, -1769.3716045157266], [-1676.786939948483, -1767.0389454208216], [-1679.3396378504588, -1767.7108974731368], [-1681.4565976970403, -1759.0177693135781], [-1676.8118595130645, -1757.7629502372554], [-1678.331731772625, -1751.4523679668737], [-1677.550856954376, -1751.229687364693], [-1679.2127889246858, -1744.3158848314158], [-1674.9176394714398, -1743.2565640213195], [-1673.2003439871419, -1750.8471918027033], [-1673.6813916990773, -1750.9569353793577], [-1670.2664559064997, -1764.7575091910883], [-1672.6046555672488, -1765.3131591887345], [-1671.8246831369252, -1768.3158733347527], [-1676.1052779897468, -1769.3716045157266]]]}, "properties": {"id": 160, "height_median_m": 3.0, "building_count": 1, "area_m2": 156.39498575137765}}, {"type": "Feature", "geometry": {"type": "Polygon", "coordinates": [[[-1724.1527557473166, -1752.8334740544526], [-1725.4073108222153, -1749.9714011760204], [-1722.7401159674168, -1748.6675172837204], [-1721.3598199983305, -1751.5301820390941], [-1724.1527557473166, -1752.8334740544526]]]}, "properties": {"id": 161, "height_median_m": 3.0, "building_count": 1, "area_m2": 9.531833828781966}}, {"type": "Feature", "geometry": {"type": "Polygon", "coordinates": [[[-1738.6180175952506, -1740.3494326732741], [-1734.6208486392356, -1736.1699271274274], [-1728.3644385915243, -1742.338778832663], [-1732.3616075471639, -1746.5182843780792], [-1738.6180175952506, -1740.3494326732741]]]}, "properties": {"id": 162, "height_median_m": 3.0, "building_count": 1, "area_m2": 50.80664301934837}}, {"type": "Feature", "geometry": {"type": "Polygon", "coordinates": [[[-1599.5738389952612, -1734.9344623307197], [-1598.5448401102624, -1730.2394595210774], [-1594.5457683580303, -1731.1295338749007], [-1593.7652604250545, -1727.4570302316715], [-1588.0072612662377, -1728.720105450115], [-1591.2748040422373, -1744.21126422699], [-1598.4996077082706, -1742.6122380990116], [-1596.9388670179212, -1735.4910623304995], [-1599.5738389952612, -1734.9344623307197]]]}, "properties": {"id": 163, "height_median_m": 3.0, "building_count": 1, "area_m2": 123.79066702753653}}, {"type": "Feature", "geometry": {"type": "Polygon", "coordinates": [[[-1689.7176734424893, -1736.8709564082194], [-1690.9033458365952, -1729.1250270219284], [-1687.1799202870532, -1728.7140067935584], [-1685.712539847464, -1738.637252459999], [-1688.8395619948421, -1739.0652814299845], [-1689.2247608986506, -1736.758506054055], [-1689.7176734424893, -1736.8709564082194]]]}, "properties": {"id": 164, "height_median_m": 3.0, "building_count": 1, "area_m2": 36.269014420905016}}, {"type": "Feature", "geometry": {"type": "Polygon", "coordinates": [[[-1548.0952636946213, -1728.770620762496], [-1534.5142337009295, -1727.9491014487164], [-1533.8885549786041, -1738.8924170414996], [-1547.4694933873145, -1739.5965717050606], [-1548.0952636946213, -1728.770620762496]]]}, "properties": {"id": 165, "height_median_m": 3.0, "building_count": 2, "area_m2": 148.3013582487658}}, {"type": "Feature", "geometry": {"type": "Polygon", "coordinates": [[[-1717.9195608969542, -1713.9112574480148], [-1717.139616529006, -1713.2440116450643], [-1723.1953474792626, -1705.556515095991], [-1717.8727515090065, -1701.219844592693], [-1711.2820620730238, -1709.4536452738225], [-1712.4942315148721, -1710.3963873061964], [-1706.895897830346, -1717.5804855710533], [-1712.2226700744386, -1721.7965566692428], [-1715.9179203383949, -1717.1982982098586], [-1715.5229624365772, -1716.9730394062917], [-1717.9195608969542, -1713.9112574480148]]]}, "properties": {"id": 166, "height_median_m": 3.0, "building_count": 3, "area_m2": 134.03244291141422}}, {"type": "Feature", "geometry": {"type": "Polygon", "coordinates": [[[-1649.5426611721657, -1684.8123331003737], [-1650.3750267576158, -1692.8827134397307], [-1652.8485600059203, -1692.459489746995], [-1659.0759730827363, -1682.6777053478575], [-1653.4153737246243, -1679.2009184980418], [-1649.5426611721657, -1684.8123331003737]]]}, "properties": {"id": 167, "height_median_m": 3.0, "building_count": 1, "area_m2": 72.75139492149115}}, {"type": "Feature", "geometry": {"type": "Polygon", "coordinates": [[[-1695.2959375199737, -1666.1655492160228], [-1686.0255014572608, -1679.1803568754096], [-1686.7089618745367, -1679.7372172212329], [-1682.1056251044904, -1686.217050689408], [-1682.5929650520345, -1686.5505878471859], [-1679.181196014617, -1691.3318328179414], [-1684.436819972322, -1695.0786738017014], [-1686.8804591740204, -1691.6223077594138], [-1688.8322384505625, -1692.9581122949476], [-1705.5284788156187, -1669.351507818485], [-1698.22738751785, -1664.0408010084552], [-1696.2697737759593, -1666.8320461421958], [-1695.2959375199737, -1666.1655492160228]]]}, "properties": {"id": 168, "height_median_m": 8.0, "building_count": 2, "area_m2": 310.54081877261325}}, {"type": "Feature", "geometry": {"type": "Polygon", "coordinates": [[[-1687.0582879253159, -1627.7341013779258], [-1691.5029896149304, -1628.1814498071346], [-1691.9521921820137, -1623.0575197803178], [-1686.9787373840695, -1622.154983851586], [-1686.564927236738, -1625.5771422190596], [-1686.0263265241583, -1625.8843257219962], [-1687.0582879253159, -1627.7341013779258]]]}, "properties": {"id": 169, "height_median_m": 3.0, "building_count": 1, "area_m2": 27.272602059451152}}, {"type": "Feature", "geometry": {"type": "Polygon", "coordinates": [[[-1678.812490991539, -1632.4015245538128], [-1675.5053643557906, -1631.6051399092692], [-1671.931674120392, -1646.8625604798083], [-1673.2184886047166, -1647.2012913707786], [-1673.0208324090297, -1648.32859627861], [-1676.1925144691777, -1649.0177106438405], [-1672.4679480025088, -1653.7382777989128], [-1664.1587766522048, -1663.8344540668886], [-1659.1324322418156, -1659.8210651732677], [-1658.3192170374095, -1660.7486773710157], [-1655.2749520268646, -1664.7001534665224], [-1659.6175137724022, -1668.2564698247697], [-1660.4443213360896, -1667.224936013219], [-1666.5028142972062, -1671.1410311614227], [-1672.3164851667418, -1662.0227264652622], [-1675.218855728208, -1663.6780535671462], [-1680.760361159849, -1653.5405322543772], [-1680.3831256696676, -1653.4092536356222], [-1681.1813678998074, -1649.9188773722617], [-1684.5981011394788, -1635.6656255258658], [-1684.9590147562437, -1633.8816605397233], [-1678.812490991539, -1632.4015245538128]]]}, "properties": {"id": 170, "height_median_m": 3.0, "building_count": 5, "area_m2": 363.08421940763554}}, {"type": "Feature", "geometry": {"type": "Polygon", "coordinates": [[[-1619.1658446535578, -1647.6530830814102], [-1619.1579735302357, -1647.6472276203008], [-1621.213962092962, -1644.743634835358], [-1618.399594242266, -1642.789556266521], [-1616.3568798232843, -1645.5634468696346], [-1616.3484781759755, -1645.557196742803], [-1616.1452861615903, -1645.8507790901338], [-1615.9417943201001, -1646.1271094972012], [-1615.9498742723483, -1646.1331203096631], [-1612.365446781201, -1651.312086815174], [-1611.959472131704, -1651.0226592482506], [-1605.7287498382668, -1659.5855669625264], [-1603.6531179699289, -1662.4381165226487], [-1603.450897024893, -1662.7160296134086], [-1603.4515247021802, -1662.7164928908342], [-1601.5962178463499, -1665.2783266556185], [-1609.4821647580873, -1671.0353074940947], [-1622.6739782730558, -1652.6566344724552], [-1617.995735412913, -1649.2102463817741], [-1619.1658446535578, -1647.6530830814102]]]}, "properties": {"id": 171, "height_median_m": 3.0, "building_count": 3, "area_m2": 236.27686838616964}}, {"type": "Feature", "geometry": {"type": "Polygon", "coordinates": [[[-1562.5136636859772, -1599.0587591385324], [-1563.9632025584858, -1593.71684669675], [-1560.76716602502, -1592.782069544427], [-1562.2102415180652, -1586.4970502176834], [-1563.0051701453401, -1584.6835438124813], [-1558.8017678489175, -1582.2213978533207], [-1557.3462988257086, -1585.1586985710064], [-1556.1881871498078, -1590.8030828526444], [-1559.7817734889588, -1591.2797229706878], [-1557.2825790581298, -1600.709167470176], [-1554.66034461561, -1599.6214908720576], [-1551.9539270667187, -1606.1662191858316], [-1557.8641766356557, -1608.6631299220578], [-1562.0474789785555, -1598.9360443548255], [-1562.5136636859772, -1599.0587591385324]]]}, "properties": {"id": 172, "height_median_m": 3.0, "building_count": 3, "area_m2": 125.94905732700325}}, {"type": "Feature", "geometry": {"type": "Polygon", "coordinates": [[[-1544.6281660005307, -1577.645595001528], [-1542.7778525854983, -1577.3123421209193], [-1543.1661986926983, -1575.540439264037], [-1539.2522133733144, -1574.7286982985004], [-1538.0135381667637, -1581.0868504941006], [-1535.917166381443, -1591.5716654541043], [-1533.9764462422777, -1591.2102407945636], [-1533.2657427222393, -1595.1285271759818], [-1538.8442373864618, -1596.1466448241752], [-1540.0083937653678, -1588.4447022383129], [-1542.3398892161695, -1588.9140209465002], [-1543.6770373455183, -1582.2263948275668], [-1544.6281660005307, -1577.645595001528]]]}, "properties": {"id": 173, "height_median_m": 3.0, "building_count": 3, "area_m2": 109.34854273642908}}, {"type": "Feature", "geometry": {"type": "Polygon", "coordinates": [[[-1654.581420352391, -1294.4477956935964], [-1653.1214382220626, -1305.1536905759508], [-1658.310318245676, -1305.9257096112685], [-1659.562586583477, -1295.0934637842554], [-1654.581420352391, -1294.4477956935964]]]}, "properties": {"id": 174, "height_median_m": 3.0, "building_count": 1, "area_m2": 55.72225245639592}}, {"type": "Feature", "geometry": {"type": "Polygon", "coordinates": [[[-1637.5801384208387, -1290.33733154591], [-1634.5627859133297, -1283.57663147621], [-1625.6297783746973, -1287.6524857938211], [-1627.5824469254962, -1291.9958285578937], [-1624.4564258708415, -1293.44442106244], [-1626.7017937970495, -1298.3107568916198], [-1632.1123659408916, -1295.7916994615243], [-1631.7230589625801, -1294.9035559546312], [-1633.1869322834825, -1294.2356359547357], [-1632.5032904059572, -1292.6760130134824], [-1637.5801384208387, -1290.33733154591]]]}, "properties": {"id": 175, "height_median_m": 3.0, "building_count": 1, "area_m2": 100.75307924040713}}, {"type": "Feature", "geometry": {"type": "Polygon", "coordinates": [[[-1733.5803900897206, -1036.847920909792], [-1735.2168648761597, -1036.7043300070254], [-1743.4623832682146, -1036.5882135149288], [-1743.2503060454953, -1027.7584747845628], [-1733.375871007731, -1027.9981236402841], [-1733.5803900897206, -1035.5800254568164], [-1733.5803900897206, -1036.847920909792]]]}, "properties": {"id": 176, "height_median_m": 3.0, "building_count": 1, "area_m2": 86.74649419565327}}, {"type": "Feature", "geometry": {"type": "Polygon", "coordinates": [[[-1721.4865731148752, -996.5916678507506], [-1713.9542804652765, -996.7144089777235], [-1714.0742178179978, -1000.8186860875411], [-1717.183694277109, -1000.2275370538122], [-1717.2898298457872, -1005.3123057527581], [-1721.8435268378687, -1005.3123057527581], [-1721.6904046054137, -1004.264331861219], [-1721.4865731148752, -996.5916678507506]]]}, "properties": {"id": 177, "height_median_m": 3.0, "building_count": 1, "area_m2": 50.35314023845155}}, {"type": "Feature", "geometry": {"type": "Polygon", "coordinates": [[[-1653.4080232820259, -957.0204187995691], [-1652.177307487009, -956.3184969840028], [-1656.634137538686, -949.6530921423224], [-1652.4257240030572, -946.7987874828787], [-1651.6449915651965, -948.1346274830653], [-1648.0537209921376, -945.698892438678], [-1644.051716891539, -951.6210233512896], [-1645.513792144805, -952.6216727480116], [-1643.0639842390399, -956.1985411515768], [-1644.3291693173712, -956.9756282697948], [-1643.548436879537, -958.0888282697156], [-1645.3857444178059, -959.2173177255564], [-1646.9860423571624, -957.3919019218455], [-1651.1717217020228, -960.2565954457854], [-1653.0937521910287, -957.3333857528738], [-1653.8653075608656, -957.3333857528738], [-1653.4080232820259, -957.0204187995691]]]}, "properties": {"id": 178, "height_median_m": 3.0, "building_count": 1, "area_m2": 111.1334098407434}}, {"type": "Feature", "geometry": {"type": "Polygon", "coordinates": [[[-1619.3168967667223, -931.2288708216672], [-1618.9153622293275, -930.1983271866046], [-1619.124841594094, -930.0788535139368], [-1617.1900725617165, -925.7947978321148], [-1614.723579576927, -926.9201820924147], [-1612.7125356290687, -922.0045910812952], [-1608.5467590417056, -923.9053057528472], [-1608.2336547951609, -923.9053057528472], [-1612.7380503722638, -934.1813858307876], [-1619.3168967667223, -931.2288708216672]]]}, "properties": {"id": 179, "height_median_m": 6.0, "building_count": 2, "area_m2": 68.59873270643531}}, {"type": "Feature", "geometry": {"type": "Polygon", "coordinates": [[[-1603.0496300157836, -918.0792671554536], [-1603.0121727037886, -916.327479639164], [-1597.537762811391, -916.4549185912186], [-1597.537762811391, -916.9129791745676], [-1597.6175589093664, -919.8256579723446], [-1591.132515583349, -921.201901768058], [-1592.7366229983477, -929.1308668433423], [-1593.3845358319238, -928.9796962296572], [-1596.476890488903, -940.2672604907491], [-1602.5255888606134, -961.9839830385803], [-1605.8336880775394, -961.0056791872855], [-1604.6687752824062, -956.908595317239], [-1605.641991492796, -956.6865711288386], [-1600.0813404840594, -936.55481669597], [-1606.013394608988, -935.3245383606114], [-1603.5716957407287, -923.9053057528472], [-1603.1742043396716, -923.9053057528472], [-1603.130038628565, -921.8397827015685], [-1602.3726236749521, -918.2975369118283], [-1603.0496300157836, -918.0792671554536]]]}, "properties": {"id": 180, "height_median_m": 3.0, "building_count": 4, "area_m2": 311.83534177487417}}, {"type": "Feature", "geometry": {"type": "Polygon", "coordinates": [[[-1554.017097634378, -924.1279457526806], [-1553.1228787278715, -924.1279457526806], [-1552.2337096546692, -913.3092717814749], [-1547.1634648872607, -915.1085793565699], [-1547.6796457909877, -922.7628928746487], [-1541.48049193314, -923.2679788859556], [-1541.6756750424347, -924.9377788857205], [-1540.3272590790523, -925.0476432408808], [-1540.6641434153605, -930.171305753032], [-1541.837137812164, -930.171305753032], [-1542.61923537212, -941.0997409284172], [-1548.5184525183674, -940.7632871981052], [-1549.5998830056815, -945.9218024188792], [-1555.2526216762694, -944.9103634548263], [-1554.589656785425, -940.9779892888977], [-1554.017097634378, -924.1279457526806]]]}, "properties": {"id": 181, "height_median_m": 3.0, "building_count": 1, "area_m2": 298.3540722478871}}, {"type": "Feature", "geometry": {"type": "Polygon", "coordinates": [[[-1541.1461539504803, -911.769295598461], [-1537.2972965491394, -901.2088786739399], [-1529.9039808994721, -903.8977733997336], [-1531.756834653699, -908.9034295714691], [-1529.2129237122451, -909.7962816278318], [-1531.1300970063255, -914.6845721248187], [-1535.8678537447233, -912.9199260214449], [-1536.0636894421389, -913.7017713840372], [-1541.1461539504803, -911.769295598461]]]}, "properties": {"id": 182, "height_median_m": 3.0, "building_count": 1, "area_m2": 100.41441650165426}}, {"type": "Feature", "geometry": {"type": "Polygon", "coordinates": [[[-1575.6823811776583, -920.2535766812057], [-1574.0137805857128, -914.7973732954713], [-1566.7105640137643, -917.1250348245351], [-1568.379164605714, -922.581238209833], [-1575.6823811776583, -920.2535766812057]]]}, "properties": {"id": 183, "height_median_m": 3.0, "building_count": 1, "area_m2": 43.73177238989697}}, {"type": "Feature", "geometry": {"type": "Polygon", "coordinates": [[[-1595.467122786991, -900.2810466771454], [-1599.1004899990749, -907.472941844392], [-1603.3144946236002, -905.3098822611569], [-1604.6789918163397, -904.6428346671272], [-1606.556451995513, -903.7058990416223], [-1602.937594735337, -896.5427249063074], [-1602.335222160269, -896.7717615114011], [-1600.951095032307, -897.4484053883185], [-1595.467122786991, -900.2810466771454]]]}, "properties": {"id": 184, "height_median_m": 3.0, "building_count": 1, "area_m2": 67.4369590214118}}, {"type": "Feature", "geometry": {"type": "Polygon", "coordinates": [[[-1574.4018935339298, -887.7598561687081], [-1575.6015027955748, -890.869768128431], [-1578.0658674463016, -897.7802240540788], [-1579.4704682578606, -897.1976096975369], [-1582.3331214766129, -896.1928867051882], [-1578.6752147435473, -886.1789502653719], [-1574.4018935339298, -887.7598561687081]]]}, "properties": {"id": 185, "height_median_m": 3.0, "building_count": 1, "area_m2": 48.13425662295968}}, {"type": "Feature", "geometry": {"type": "Polygon", "coordinates": [[[-1610.818687549681, -871.4436477419366], [-1597.9834217523237, -881.9013865776133], [-1601.447037755576, -886.2345784681272], [-1614.2878233088788, -875.6560952542914], [-1610.818687549681, -871.4436477419366]]]}, "properties": {"id": 186, "height_median_m": 6.0, "building_count": 1, "area_m2": 91.31429540533293}}, {"type": "Feature", "geometry": {"type": "Polygon", "coordinates": [[[-1666.5852806169446, -789.80335857965], [-1668.610691648877, -784.7976422596128], [-1665.4532446276853, -783.5557067769881], [-1659.4258907205656, -781.1161066635644], [-1657.006228287179, -779.7360854997393], [-1657.2288835768952, -773.048030823725], [-1662.8164137387776, -775.096669273635], [-1663.5105816264631, -772.8531843714534], [-1665.3706552928193, -766.9594765167164], [-1660.3431557005954, -765.2868468197405], [-1659.5262388641622, -765.1004799107694], [-1659.3472648147767, -765.6546034330704], [-1653.812002001006, -765.5438328733746], [-1651.1094545987814, -765.4897500414621], [-1651.2470948362106, -773.6538763889982], [-1648.993010554987, -773.4869171754357], [-1648.503362241874, -780.7477857528091], [-1648.2220214867834, -780.7477857528091], [-1648.02780341634, -782.630869006807], [-1648.0066634329355, -782.6302507043157], [-1647.9933129211374, -782.965279053152], [-1647.5216585639648, -787.5383057526707], [-1643.0313680697157, -787.5383057526707], [-1642.5115448828335, -798.6857281446332], [-1653.5538750882072, -799.199837618448], [-1651.6999508807419, -804.3544683727937], [-1657.4378580054174, -806.3683368979661], [-1659.0015786935878, -801.9091040388414], [-1659.00580956763, -801.9104961662129], [-1659.115920777055, -801.5830368711972], [-1659.233261978356, -801.2484171756665], [-1659.2289201312633, -801.2469885337075], [-1661.8454704800988, -793.4656396857864], [-1663.2804522767613, -789.9873456896112], [-1663.2825441601615, -789.9879964588321], [-1663.852717084791, -788.5788385795831], [-1666.5852806169446, -789.80335857965]]]}, "properties": {"id": 187, "height_median_m": 3.0, "building_count": 11, "area_m2": 553.2794871635361}}, {"type": "Feature", "geometry": {"type": "Polygon", "coordinates": [[[-1707.3410893625366, -741.6731735767511], [-1707.6302914122095, -742.6628280277646], [-1700.7562754828998, -744.3617115229181], [-1699.726802873256, -735.3028947219213], [-1702.3948848541834, -735.1126817423832], [-1701.7538089210489, -727.0688473759044], [-1695.2194101823509, -727.5138389435907], [-1695.218945523513, -727.5069486375049], [-1694.8665792400031, -727.5378666775019], [-1690.7818482581283, -727.8160362407455], [-1689.9413878478497, -719.1878257528062], [-1686.7364438243198, -719.1878257528062], [-1686.7364438243198, -721.0802657527742], [-1682.7047497341607, -721.0802657527742], [-1683.1558669428573, -726.4833240605218], [-1686.741806588523, -726.1869195212057], [-1687.5461178516596, -736.2789324103492], [-1692.6765178057994, -735.8646240209249], [-1693.2090895402835, -741.4839057528587], [-1693.411762574753, -741.4839057528587], [-1695.3231008324879, -757.5839249728289], [-1694.4590397537481, -757.5990882141282], [-1694.0422155517258, -768.5346657529816], [-1700.2209374924682, -768.5346657529816], [-1700.2209374924682, -763.4996605959711], [-1701.697121016557, -763.387404468529], [-1701.5382396815296, -759.1284626824861], [-1708.9716265044458, -757.3115213131297], [-1708.1881590662445, -753.7368023546258], [-1712.1021515395842, -752.620656486812], [-1709.1977817173622, -741.1437041122231], [-1707.3410893625366, -741.6731735767511]]]}, "properties": {"id": 188, "height_median_m": 3.0, "building_count": 6, "area_m2": 533.4789188104886}}, {"type": "Feature", "geometry": {"type": "Polygon", "coordinates": [[[-1749.3733925470847, -745.7107139626437], [-1749.8964867668144, -755.9735958089951], [-1754.795257699789, -755.7136938021523], [-1754.1668603663693, -745.3201584777861], [-1749.3733925470847, -745.7107139626437]]]}, "properties": {"id": 189, "height_median_m": 3.0, "building_count": 1, "area_m2": 50.23898082305996}}, {"type": "Feature", "geometry": {"type": "Polygon", "coordinates": [[[-1595.757275478333, -744.1840654164828], [-1595.6511271217323, -744.0629849081251], [-1594.462559802034, -741.2282014046959], [-1589.720894336107, -743.2886536978298], [-1591.120038698829, -746.6033511905138], [-1591.6313607990157, -748.0614788007008], [-1596.3703203678529, -746.0022023332139], [-1595.757275478333, -744.1840654164828]]]}, "properties": {"id": 190, "height_median_m": 3.0, "building_count": 1, "area_m2": 26.579806807041884}}, {"type": "Feature", "geometry": {"type": "Polygon", "coordinates": [[[-1626.7963169643492, -731.8440686695243], [-1624.5803669359082, -725.5248856763986], [-1620.5490112798223, -725.6562701453093], [-1620.735758033015, -728.8515233579234], [-1615.8068486149234, -727.3378349331836], [-1614.929434689878, -730.2291560100736], [-1611.4032416893021, -729.1118695413043], [-1611.0185282614048, -730.5746429312744], [-1610.0294818154284, -733.8463592904267], [-1610.0294818154284, -734.212731411446], [-1610.4353125076736, -734.4441913613932], [-1622.1308346005355, -738.0017273882596], [-1622.1308346005355, -738.6260193842721], [-1627.3450385311749, -738.1088281769494], [-1627.1235708453416, -735.2036741131236], [-1626.7963169643492, -731.8440686695243]]]}, "properties": {"id": 191, "height_median_m": 3.0, "building_count": 5, "area_m2": 145.21212645579644}}, {"type": "Feature", "geometry": {"type": "Polygon", "coordinates": [[[-1607.9548140735526, -723.9285164533125], [-1611.2544210706658, -721.5089494646658], [-1609.008651383151, -718.3373361694179], [-1607.5425220212103, -716.1503863332555], [-1604.1254707081541, -718.569670975806], [-1605.5089964358428, -720.410845640512], [-1607.9548140735526, -723.9285164533125]]]}, "properties": {"id": 192, "height_median_m": 3.0, "building_count": 1, "area_m2": 26.80653075158666}}, {"type": "Feature", "geometry": {"type": "Polygon", "coordinates": [[[-1677.7226407444089, -710.950145753039], [-1677.636176456325, -710.950145753039], [-1676.8066116027915, -707.7959397778644], [-1673.620130377142, -708.2153318644267], [-1674.0046698926435, -711.3954257527058], [-1673.6247595553923, -711.3954257527058], [-1673.9882156723618, -715.2648800369539], [-1678.3148523517941, -714.5979509348274], [-1677.7226407444089, -710.950145753039]]]}, "properties": {"id": 193, "height_median_m": 3.0, "building_count": 1, "area_m2": 27.09195975050469}}, {"type": "Feature", "geometry": {"type": "Polygon", "coordinates": [[[-1689.0831644667794, -685.1494136228208], [-1680.116493399445, -687.7966697031308], [-1682.5514500367383, -696.370654422143], [-1683.7285347032475, -696.0349874030695], [-1685.4866514856064, -701.8284674969202], [-1693.1783673673501, -699.5131780131385], [-1691.4242680805794, -693.3929224807715], [-1689.0831644667794, -685.1494136228208]]]}, "properties": {"id": 194, "height_median_m": 6.0, "building_count": 2, "area_m2": 132.16688448445046}}, {"type": "Feature", "geometry": {"type": "Polygon", "coordinates": [[[-1574.0989897244915, -685.782993891547], [-1576.8835145375438, -685.147747730721], [-1580.3509965320957, -684.4061362447035], [-1578.9252436472923, -678.1510705982106], [-1574.7817334955478, -679.1205860786955], [-1572.7819031466686, -679.5231422130453], [-1574.0989897244915, -685.782993891547]]]}, "properties": {"id": 195, "height_median_m": 3.0, "building_count": 1, "area_m2": 40.46238456270703}}, {"type": "Feature", "geometry": {"type": "Polygon", "coordinates": [[[-1755.5639760194713, -638.7355457528332], [-1755.449337990339, -634.0280257526686], [-1754.4163038689371, -634.0280257526686], [-1751.724197253658, -634.1559762489942], [-1751.8300108218539, -638.5011267399896], [-1751.8300108218539, -639.8390960498166], [-1751.9662123154321, -643.5677671119258], [-1743.0016604865882, -644.7643819255783], [-1744.3667830862746, -654.5864540162893], [-1753.7868788423466, -653.315511187473], [-1760.2832569055176, -652.4921512289706], [-1759.5067243373328, -646.6713813828633], [-1755.1649827995468, -647.3002709136266], [-1755.1649827995468, -638.7355457528332], [-1755.5639760194713, -638.7355457528332]]]}, "properties": {"id": 196, "height_median_m": 3.0, "building_count": 4, "area_m2": 175.1657071152737}}, {"type": "Feature", "geometry": {"type": "Polygon", "coordinates": [[[-1697.3479880501795, -558.6295706926146], [-1696.1830400585716, -558.3879663095214], [-1695.4859135571612, -553.2760112459875], [-1690.8248657181437, -553.9243928269559], [-1691.029192176043, -559.9842015340016], [-1690.2569798385243, -563.507566958029], [-1688.6510864236457, -571.7506598123775], [-1695.0537483008604, -576.2011327179345], [-1703.5018063509447, -585.2500105133346], [-1705.7430595693431, -573.4412496836461], [-1699.7819240060142, -572.1036031446284], [-1700.365358654294, -568.5542279829185], [-1695.7832106811313, -567.3309507353936], [-1697.3479880501795, -558.6295706926146]]]}, "properties": {"id": 197, "height_median_m": 3.0, "building_count": 1, "area_m2": 226.3401814629511}}, {"type": "Feature", "geometry": {"type": "Polygon", "coordinates": [[[-1716.0059364419346, -532.7352338323393], [-1716.3070059707727, -545.7852593389173], [-1716.4316797489705, -547.3495907578865], [-1721.816966518633, -547.2216147499764], [-1721.6907584644825, -545.6380321667946], [-1721.3901336653673, -532.6072837164073], [-1716.0059364419346, -532.7352338323393]]]}, "properties": {"id": 198, "height_median_m": 3.0, "building_count": 1, "area_m2": 78.74277203278139}}, {"type": "Feature", "geometry": {"type": "Polygon", "coordinates": [[[-1744.5225155124454, -535.115377931885], [-1748.8344181870275, -532.7161249148035], [-1753.9273099039283, -529.9893005909256], [-1749.1939350558507, -521.4705148640081], [-1741.1764575111124, -525.8695275912156], [-1739.9001619901767, -526.5974451743443], [-1743.089542422269, -532.4652491466279], [-1744.0643114138668, -534.2442765948748], [-1744.5225155124454, -535.115377931885]]]}, "properties": {"id": 199, "height_median_m": 6.0, "building_count": 2, "area_m2": 103.46287575450093}}, {"type": "Feature", "geometry": {"type": "Polygon", "coordinates": [[[-1735.435756909477, -481.0271295944023], [-1740.5689394041258, -476.9159755750222], [-1735.6455445755507, -470.68956191131167], [-1730.5123620805189, -474.800715930688], [-1735.435756909477, -481.0271295944023]]]}, "properties": {"id": 200, "height_median_m": 3.0, "building_count": 1, "area_m2": 52.202152063472866}}, {"type": "Feature", "geometry": {"type": "Polygon", "coordinates": [[[-1706.4324565081172, -433.92356226377456], [-1708.0198921784265, -431.28975256108635], [-1716.6335063122285, -435.2453978653768], [-1719.0726402080172, -429.9338241641287], [-1708.8495934370035, -425.23907625398664], [-1705.2147043763348, -423.05685631060953], [-1700.7573577212656, -430.5623587633674], [-1706.4324565081172, -433.92356226377456]]]}, "properties": {"id": 201, "height_median_m": 3.0, "building_count": 2, "area_m2": 111.49497440270986}}, {"type": "Feature", "geometry": {"type": "Polygon", "coordinates": [[[-1744.446044397008, -413.9079141342548], [-1745.9637963871673, -414.1964571203448], [-1752.2638838308258, -415.49235383351987], [-1753.4023090074068, -409.3536580562587], [-1753.9554736793991, -406.451151370385], [-1747.2905758715312, -405.16458029239146], [-1746.247355451613, -404.8245880596287], [-1745.6881544491807, -407.88634097268687], [-1744.446044397008, -413.9079141342548]]]}, "properties": {"id": 202, "height_median_m": 3.0, "building_count": 2, "area_m2": 72.35408085163402}}, {"type": "Feature", "geometry": {"type": "Polygon", "coordinates": [[[-1576.3838873774519, 8.096867574252869], [-1575.7318449272327, 7.3531007004959505], [-1565.0655003550617, 16.78237506666265], [-1560.8971262011562, 12.027625414921742], [-1562.26340796724, 10.803105415243994], [-1562.2608537850763, 10.800191929960556], [-1562.522657460381, 10.570754960793305], [-1562.7847179380005, 10.33588518214579], [-1562.7872998145922, 10.33883025770089], [-1571.6391720668562, 2.5813121913406993], [-1571.343018816628, 2.212787980372574], [-1574.5282135026487, -0.4516055446180915], [-1577.2311364754694, -2.91812540838734], [-1580.2213440892824, 0.6239085456620487], [-1577.389827037388, 3.1855006760515874], [-1579.346270445228, 5.528744872119078], [-1576.3838873774519, 8.096867574252869]]]}, "properties": {"id": 203, "height_median_m": 3.0, "building_count": 4, "area_m2": 138.42484416370093}}, {"type": "Feature", "geometry": {"type": "Polygon", "coordinates": [[[-1670.6468555078927, 21.282420934244897], [-1665.0861047618528, 19.76010206217142], [-1668.88712251725, 6.284227012992683], [-1677.6601507554892, 8.69558889491229], [-1674.2542473748917, 21.057016897838444], [-1670.9400787076, 20.16751549359421], [-1670.6468555078927, 21.282420934244897]]]}, "properties": {"id": 204, "height_median_m": 6.0, "building_count": 1, "area_m2": 123.96378618974474}}, {"type": "Feature", "geometry": {"type": "Polygon", "coordinates": [[[-1617.4037012341666, 91.33066467113846], [-1612.0674600555976, 89.1172452465823], [-1611.0513385830493, 91.4353688301164], [-1606.0219081953123, 89.3955705032466], [-1606.5185079096946, 88.14936373084744], [-1605.8293024705804, 87.81243901425624], [-1609.9993971219833, 77.9422612489363], [-1622.4519797345172, 83.34224998456592], [-1619.9375959436259, 89.20312622956831], [-1618.48108886168, 88.64932705139299], [-1617.4037012341666, 91.33066467113846]]]}, "properties": {"id": 205, "height_median_m": 3.0, "building_count": 1, "area_m2": 138.06701335241337}}, {"type": "Feature", "geometry": {"type": "Polygon", "coordinates": [[[-1549.666610104728, 115.04318239044808], [-1551.3393381422165, 117.20562186028553], [-1548.6196244108323, 119.31518761896898], [-1540.1370453143436, 125.53537334969477], [-1537.087101028334, 121.4121289178328], [-1548.2936620972212, 113.08557739293076], [-1549.666610104728, 115.04318239044808]]]}, "properties": {"id": 206, "height_median_m": 3.0, "building_count": 1, "area_m2": 71.899193995914}}, {"type": "Feature", "geometry": {"type": "Polygon", "coordinates": [[[-1592.710286437319, 159.3597229038266], [-1591.2454376454173, 158.69135782636857], [-1589.9154196518136, 162.02901063491797], [-1589.6817583974555, 162.56207255725886], [-1585.831801230478, 161.0982258375381], [-1585.6327522029335, 160.98470096415414], [-1581.5093562574436, 159.29628508044152], [-1583.7544882160958, 154.4304606584824], [-1584.4106531975494, 154.697771134154], [-1589.6216869114733, 141.06134609328282], [-1589.735959088843, 140.45849063058583], [-1590.478769170394, 136.10093228245742], [-1595.1724923486156, 137.01502998382193], [-1593.4437402779479, 146.29474715344335], [-1592.289046649653, 149.23295406398765], [-1596.0957063272172, 150.79167526089742], [-1592.710286437319, 159.3597229038266]]]}, "properties": {"id": 207, "height_median_m": 3.0, "building_count": 1, "area_m2": 185.05835086042052}}, {"type": "Feature", "geometry": {"type": "Polygon", "coordinates": [[[-1616.3501751202527, 185.64880472575146], [-1615.4732989781114, 184.42630325449414], [-1611.6678933167523, 187.20881702614759], [-1607.646968143479, 181.63057000947035], [-1613.0088421415783, 177.73847960163005], [-1611.837743484787, 176.17999960200535], [-1614.5560358452474, 174.2068387956151], [-1617.1028252614954, 177.7171106628107], [-1620.6284311594961, 182.56664331932052], [-1616.3501751202527, 185.64880472575146]]]}, "properties": {"id": 208, "height_median_m": 3.0, "building_count": 1, "area_m2": 82.88063659456334}}, {"type": "Feature", "geometry": {"type": "Polygon", "coordinates": [[[-1546.927990967632, 231.51096232805156], [-1539.0065045535941, 225.8635738954398], [-1537.101487337322, 228.82675666504468], [-1535.248346972519, 227.71421655893062], [-1532.8999235412878, 231.39754175568723], [-1522.8452294744645, 224.8944365940271], [-1527.7108127395443, 217.29329911158402], [-1542.447749369241, 226.71270571592024], [-1545.3090780080045, 222.85544166487227], [-1550.4576453531763, 226.60405594734556], [-1546.927990967632, 231.51096232805156]]]}, "properties": {"id": 209, "height_median_m": 3.0, "building_count": 2, "area_m2": 161.57100953492906}}, {"type": "Feature", "geometry": {"type": "Polygon", "coordinates": [[[-1599.939498735149, 285.42437875172226], [-1605.6144700047441, 277.51258779716915], [-1611.1588506480807, 281.48079007247867], [-1605.4819611215094, 289.51517151622767], [-1599.939498735149, 285.42437875172226]]]}, "properties": {"id": 210, "height_median_m": 3.0, "building_count": 1, "area_m2": 67.06932503835876}}, {"type": "Feature", "geometry": {"type": "Polygon", "coordinates": [[[-1611.5455816053473, 301.1866242336558], [-1618.3467580207641, 293.4287095171148], [-1622.7803416009153, 297.22165957452484], [-1615.9756988314991, 305.10294162982444], [-1611.5455816053473, 301.1866242336558]]]}, "properties": {"id": 211, "height_median_m": 3.0, "building_count": 1, "area_m2": 60.87801501435169}}, {"type": "Feature", "geometry": {"type": "Polygon", "coordinates": [[[-1629.9058226658003, 315.3153226769371], [-1628.3977308394474, 316.684492359722], [-1634.19309229422, 323.6839610074446], [-1629.3670847838064, 327.81263144624234], [-1628.966689216093, 327.32904534983675], [-1619.370326959676, 334.1506564973337], [-1615.9447645792397, 329.23483895972754], [-1626.228419753312, 321.9246629884783], [-1617.8904024961207, 312.7109333158887], [-1623.086245372055, 307.8954449276718], [-1629.9058226658003, 315.3153226769371]]]}, "properties": {"id": 212, "height_median_m": 3.0, "building_count": 3, "area_m2": 194.67658015261918}}, {"type": "Feature", "geometry": {"type": "Polygon", "coordinates": [[[-1697.7700810320466, 307.28126206458626], [-1692.4812776173715, 323.9874565879672], [-1685.8609058748948, 321.5114973082568], [-1691.6546068762548, 305.1636227535584], [-1697.7700810320466, 307.28126206458626]]]}, "properties": {"id": 213, "height_median_m": 3.0, "building_count": 1, "area_m2": 117.97002668912248}}, {"type": "Feature", "geometry": {"type": "Polygon", "coordinates": [[[-1740.4500433339597, 343.052390815191], [-1740.3007441893787, 343.37677448063397], [-1740.1647342769595, 343.69176130262775], [-1740.1572292902347, 343.68859066123366], [-1738.1055162594248, 348.1463669950452], [-1733.4379140976816, 346.110150305581], [-1729.5153514290344, 353.64591326587265], [-1726.0059232027997, 349.6428050945817], [-1728.9120788931673, 343.0128615022561], [-1724.3920489900606, 341.0794088708201], [-1730.1191142923292, 328.01399739572724], [-1724.7918977326003, 325.78334335470487], [-1731.4779423691036, 322.4784889594271], [-1733.7700238748428, 323.42922142436225], [-1735.7526263802104, 324.227397930645], [-1735.0354342309079, 325.99990750580156], [-1733.0964321508745, 330.76371183707363], [-1739.249777596085, 333.4543100125045], [-1743.6552752052407, 335.6079799481465], [-1740.4422358651548, 343.0490923838035], [-1740.4500433339597, 343.052390815191]]]}, "properties": {"id": 214, "height_median_m": 3.0, "building_count": 5, "area_m2": 292.8083750793423}}, {"type": "Feature", "geometry": {"type": "Polygon", "coordinates": [[[-1506.0119090099306, -1708.0751929327766], [-1499.1155994673327, -1705.4940204394682], [-1496.819352378682, -1711.6056407414276], [-1503.8248217471194, -1714.1873310084297], [-1506.0119090099306, -1708.0751929327766]]]}, "properties": {"id": 215, "height_median_m": 3.0, "building_count": 1, "area_m2": 48.2697065981673}}, {"type": "Feature", "geometry": {"type": "Polygon", "coordinates": [[[-1356.585984493243, -1642.0244394342812], [-1367.9915035643705, -1639.1859023498314], [-1366.7570972542867, -1633.9377036955655], [-1355.2375017800255, -1636.897182400583], [-1356.585984493243, -1642.0244394342812]]]}, "properties": {"id": 216, "height_median_m": 3.0, "building_count": 1, "area_m2": 63.208535361681975}}, {"type": "Feature", "geometry": {"type": "Polygon", "coordinates": [[[-1402.6142892792498, -1617.188923517518], [-1402.4080927712619, -1616.9130126807224], [-1402.2185179959868, -1616.6102728620604], [-1402.1945930510756, -1616.6273294408506], [-1397.1140352726043, -1609.829052584824], [-1388.4547733685524, -1616.3743055083578], [-1389.6464920198343, -1617.9602262784856], [-1384.1640172879795, -1620.8689276768198], [-1386.4711951185059, -1624.8165290369047], [-1390.895978473987, -1622.4076244924192], [-1392.4886811075148, -1624.3757725469152], [-1392.922579372775, -1624.0711966657725], [-1396.956653370899, -1629.7245383208626], [-1399.7758336267434, -1627.8394368616073], [-1400.367886615896, -1628.739888257725], [-1406.9890437217657, -1623.9890770611264], [-1404.3650858140331, -1620.0382160102902], [-1402.5911441241124, -1617.205334975645], [-1402.6142892792498, -1617.188923517518]]]}, "properties": {"id": 217, "height_median_m": 3.0, "building_count": 2, "area_m2": 221.7803985215998}}, {"type": "Feature", "geometry": {"type": "Polygon", "coordinates": [[[-1423.5936860166266, -1609.272526625204], [-1421.0133134346106, -1605.9277993836236], [-1416.1333994377649, -1609.849569621651], [-1416.8199645079424, -1610.5208375152656], [-1413.3389832887885, -1613.3885360097538], [-1418.8550837988018, -1620.164604939348], [-1426.320703920483, -1614.0476021865481], [-1422.9557097279605, -1609.7576746185719], [-1423.5936860166266, -1609.272526625204]]]}, "properties": {"id": 218, "height_median_m": 3.0, "building_count": 1, "area_m2": 93.53843013980514}}, {"type": "Feature", "geometry": {"type": "Polygon", "coordinates": [[[-1384.0600334127807, -1597.709584809505], [-1381.7025622241533, -1594.3482066977867], [-1381.7009678331237, -1594.3494191497587], [-1376.9399355895907, -1587.9741575251605], [-1376.550680991959, -1587.308139519579], [-1372.8150115899346, -1590.284198426238], [-1372.8150115899346, -1590.2841984262377], [-1370.0875391151228, -1592.4570670282963], [-1367.967392087497, -1594.1117572164985], [-1369.6261847921635, -1596.3823242270307], [-1369.9193944567903, -1596.8282658175156], [-1375.304513688191, -1604.1299150221926], [-1377.7716980996302, -1602.3207547307086], [-1380.4606540199477, -1606.0695767272618], [-1382.9213367871416, -1609.608627152608], [-1387.7710144587516, -1605.5854316471757], [-1385.026248195365, -1602.0932970214662], [-1382.5872527861438, -1598.7895593000317], [-1384.0600334127807, -1597.709584809505]]]}, "properties": {"id": 219, "height_median_m": 3.0, "building_count": 3, "area_m2": 190.76715643715926}}, {"type": "Feature", "geometry": {"type": "Polygon", "coordinates": [[[-1369.4505482670115, -1583.8297995279233], [-1369.3985084988224, -1583.7299662439104], [-1373.9071590924125, -1580.9349153635205], [-1371.3092713079986, -1576.6831679851382], [-1369.9716208166556, -1577.395217828582], [-1359.0595432068599, -1580.8053840052671], [-1360.2831970631285, -1586.2616472400452], [-1368.7570500519942, -1584.0137656496572], [-1368.801906384958, -1584.0998182049318], [-1369.0780927613766, -1583.9286017936051], [-1369.4505482670115, -1583.8297995279233]]]}, "properties": {"id": 220, "height_median_m": 3.0, "building_count": 2, "area_m2": 77.78698545228524}}, {"type": "Feature", "geometry": {"type": "Polygon", "coordinates": [[[-1389.5917573570725, -1524.0975693773514], [-1388.425166762027, -1523.5431119700427], [-1389.5008201501066, -1521.0891755509367], [-1387.5655045207782, -1520.2061510457122], [-1387.9605481143183, -1519.4175741788983], [-1382.0234988996758, -1516.909341361605], [-1375.341544911338, -1532.8257057527333], [-1375.2400457831886, -1532.8257057527333], [-1373.949289253273, -1536.0380630808606], [-1378.8813237891804, -1538.0838216365532], [-1382.9798734315214, -1528.622304159108], [-1386.9844808938196, -1530.2935037305087], [-1389.5917573570725, -1524.0975693773514]]]}, "properties": {"id": 221, "height_median_m": 3.0, "building_count": 1, "area_m2": 150.66535906974755}}, {"type": "Feature", "geometry": {"type": "Polygon", "coordinates": [[[-1342.1068560483438, -1525.2019119778208], [-1337.7300324803798, -1517.8872864868179], [-1334.700533378549, -1519.7385362527978], [-1333.0241577730817, -1520.6946340060206], [-1334.8783973124214, -1523.7002740061048], [-1333.5235636680454, -1524.472984726097], [-1332.6478810658364, -1525.0556571655188], [-1334.3819504245328, -1527.8990396155596], [-1336.0204567964581, -1530.7648382573857], [-1338.0742117879633, -1529.5377297039495], [-1338.0800111906817, -1529.547545835424], [-1338.3809469471614, -1529.354456947925], [-1338.67512722932, -1529.1786856694705], [-1338.629559378966, -1529.101557035404], [-1342.9780067116817, -1526.6214799504967], [-1342.1068560483438, -1525.2019119778208]]]}, "properties": {"id": 222, "height_median_m": 6.0, "building_count": 2, "area_m2": 72.45395469051746}}, {"type": "Feature", "geometry": {"type": "Polygon", "coordinates": [[[-1468.246529736785, -1472.6995396257207], [-1465.7335578918028, -1477.2381294873414], [-1464.6923572962219, -1479.2175775829535], [-1466.8475774391081, -1480.3820829826238], [-1467.9345791856285, -1481.0020394674402], [-1471.49321376168, -1474.482659633658], [-1468.246529736785, -1472.6995396257207]]]}, "properties": {"id": 223, "height_median_m": 3.0, "building_count": 1, "area_m2": 27.582720514701958}}, {"type": "Feature", "geometry": {"type": "Polygon", "coordinates": [[[-1416.139551410684, -1436.5227245496615], [-1415.417792144275, -1437.110789497586], [-1414.8758725057007, -1435.9775093384549], [-1413.8994745963378, -1436.4230094254353], [-1411.6334573953366, -1431.702970094403], [-1407.4297112958973, -1434.3528923726747], [-1404.2739355329807, -1430.920614042183], [-1401.4543121627298, -1433.8041635515306], [-1398.5125616672442, -1430.3367372803855], [-1397.8012753604135, -1431.1480819905341], [-1394.9794654323007, -1428.484279860627], [-1391.3838428506185, -1432.3293683293798], [-1394.8179479563155, -1435.7242656027595], [-1395.7715770027219, -1434.6364872007073], [-1401.9878740409865, -1441.9488323279045], [-1408.5435814123516, -1436.057141772206], [-1410.4824654490092, -1442.4708735501838], [-1417.2990049132575, -1439.7556409105675], [-1416.139551410684, -1436.5227245496615]]]}, "properties": {"id": 224, "height_median_m": 3.0, "building_count": 2, "area_m2": 154.61725812955947}}, {"type": "Feature", "geometry": {"type": "Polygon", "coordinates": [[[-1405.9257471340316, -1413.191830335332], [-1403.301215138972, -1411.4177672838673], [-1404.3675455201378, -1409.9802819874085], [-1398.4266637525125, -1405.6678999822404], [-1394.850511518953, -1410.7393607080658], [-1393.6244755461219, -1410.0401079652963], [-1390.3067966859712, -1414.7075160676427], [-1391.5747606986438, -1415.5753150551518], [-1395.1755755541915, -1418.1122079392703], [-1398.017213803729, -1414.1228189814383], [-1401.0421405351105, -1416.3554635219846], [-1402.8905154766849, -1417.5414331299983], [-1403.5756837161323, -1416.603570070858], [-1405.9257471340316, -1413.191830335332]]]}, "properties": {"id": 225, "height_median_m": 3.0, "building_count": 1, "area_m2": 99.2870322299018}}, {"type": "Feature", "geometry": {"type": "Polygon", "coordinates": [[[-1519.976056078446, -1285.8252502100065], [-1517.2398545179205, -1284.933504553081], [-1518.307653505065, -1281.9438463181743], [-1515.0168275986503, -1280.6925948102835], [-1510.778525703032, -1292.7199230735673], [-1513.7443662863004, -1293.722309062076], [-1518.552740678493, -1295.5108243788757], [-1519.6273706799805, -1292.7249133311416], [-1523.6337733796574, -1294.1739355885004], [-1525.1449384597156, -1290.0634681538527], [-1519.1879643095688, -1287.9602673532263], [-1519.976056078446, -1285.8252502100065]]]}, "properties": {"id": 226, "height_median_m": 3.0, "building_count": 4, "area_m2": 104.80253488781622}}, {"type": "Feature", "geometry": {"type": "Polygon", "coordinates": [[[-1485.9665414356116, -1264.2691046031237], [-1488.8726814625522, -1262.1972583978159], [-1484.6691346055827, -1256.0499889286643], [-1481.657779760219, -1258.2483694578784], [-1485.9665414356116, -1264.2691046031237]]]}, "properties": {"id": 227, "height_median_m": 3.0, "building_count": 1, "area_m2": 27.088398094815}}, {"type": "Feature", "geometry": {"type": "Polygon", "coordinates": [[[-1473.6015133038334, -1238.3054941625908], [-1473.0026407543141, -1238.6470528784264], [-1472.211733968534, -1239.029789799119], [-1470.8654502773259, -1239.64405729756], [-1469.788423321717, -1240.2024822978055], [-1466.8865088940881, -1241.6067815301692], [-1466.4004885757415, -1240.6088795340042], [-1456.4381744068942, -1245.2739928368635], [-1463.7725291733805, -1255.6432393081604], [-1469.207565452155, -1253.3037690179906], [-1474.1924389363844, -1251.0739227582217], [-1474.8767482051344, -1250.7393915816676], [-1479.586710628844, -1248.5903817886053], [-1475.3341360650718, -1239.581762983376], [-1474.5056543386984, -1237.9617178989918], [-1473.6015133038334, -1238.3054941625908]]]}, "properties": {"id": 228, "height_median_m": 3.0, "building_count": 2, "area_m2": 224.78404568789992}}, {"type": "Feature", "geometry": {"type": "Polygon", "coordinates": [[[-1401.4334503436808, -1229.5815847712497], [-1402.03207452577, -1230.9472530223275], [-1409.017639468477, -1235.9859940557571], [-1412.0962778698859, -1232.0840850816398], [-1403.3723297526913, -1226.3291930523872], [-1401.4334503436808, -1229.5815847712497]]]}, "properties": {"id": 229, "height_median_m": 3.0, "building_count": 1, "area_m2": 47.68253313300836}}, {"type": "Feature", "geometry": {"type": "Polygon", "coordinates": [[[-1488.9610509029555, -1184.6363242279022], [-1503.385469248024, -1179.3851954186257], [-1502.5766427644871, -1177.2763814653097], [-1501.289830614694, -1173.606803474046], [-1496.1119184676418, -1175.5012776523683], [-1492.6963058786944, -1166.2619660445332], [-1487.4950394757282, -1168.1605072947302], [-1481.0001979174936, -1170.2772178600383], [-1479.1517414059958, -1165.3574231216144], [-1474.5627834665772, -1154.2341148751807], [-1478.1091997031228, -1152.8856817480964], [-1477.5895234715153, -1151.551925911671], [-1475.2100986585424, -1145.7696183102894], [-1467.0747132691704, -1149.1440947340966], [-1467.0747132691704, -1147.1363970904547], [-1462.7493158990067, -1149.0551210895287], [-1466.3853459769082, -1157.234951053548], [-1466.4823022935936, -1157.8985234638913], [-1470.8892068941166, -1168.5107301919152], [-1471.408020240779, -1169.8422714233839], [-1473.3590027127939, -1169.0330234234457], [-1480.0846436619147, -1186.294468773474], [-1488.5425421220232, -1183.4805586221398], [-1488.9610509029555, -1184.6363242279022]]]}, "properties": {"id": 230, "height_median_m": 3.0, "building_count": 4, "area_m2": 572.5923918972939}}, {"type": "Feature", "geometry": {"type": "Polygon", "coordinates": [[[-1355.668848178937, -1145.995440153223], [-1339.4972089085031, -1152.3763200665223], [-1340.7011776750435, -1155.3726852226487], [-1343.7477176584132, -1163.2495882902967], [-1344.7569161005285, -1162.920684038535], [-1346.7183201812932, -1162.1376221637784], [-1358.9067060802765, -1157.3550052042933], [-1359.924735687274, -1157.023222819197], [-1359.3111106291262, -1155.3433543103054], [-1355.668848178937, -1145.995440153223]]]}, "properties": {"id": 231, "height_median_m": 3.0, "building_count": 1, "area_m2": 203.8556368073334}}, {"type": "Feature", "geometry": {"type": "Polygon", "coordinates": [[[-1453.3162046881957, -1141.3484074504297], [-1451.1198075648858, -1140.513284205054], [-1451.2143306430758, -1140.4054643313796], [-1444.8834492866904, -1137.9349641432552], [-1447.1645142173888, -1131.430094208275], [-1444.5923751588175, -1130.5273347560524], [-1445.9914876264409, -1126.5375120629728], [-1445.1734684796343, -1126.2348876556205], [-1441.8890594668649, -1124.9805890986995], [-1441.562390732364, -1124.7942780818605], [-1441.5411858010377, -1124.8487008151096], [-1434.4831423651808, -1122.1650621965075], [-1434.317530035991, -1122.7429027905928], [-1428.5944861883365, -1121.3099011523918], [-1428.398961384345, -1122.2020201990742], [-1422.0593170946768, -1120.6444754582242], [-1420.4399870887871, -1127.6635510726271], [-1427.755267648083, -1129.6562290812146], [-1428.0702278607648, -1130.0604038313013], [-1431.0592638632545, -1130.847214082041], [-1431.7331835477328, -1128.3214144319518], [-1439.2513609689443, -1130.9698164696215], [-1436.80327027242, -1138.3419363910825], [-1439.3722792087237, -1139.3187356495207], [-1444.4871457980425, -1141.263531488883], [-1443.342944978449, -1144.3089010369204], [-1448.5744346892775, -1146.4223609773464], [-1448.6755747080547, -1146.3069933420757], [-1451.1197019102317, -1147.236309548347], [-1453.3162046881957, -1141.3484074504297]]]}, "properties": {"id": 232, "height_median_m": 3.0, "building_count": 7, "area_m2": 294.64547329983833}}, {"type": "Feature", "geometry": {"type": "Polygon", "coordinates": [[[-1434.3796322808707, -1139.2826436283704], [-1429.5186733225573, -1139.644258546102], [-1423.7051719344458, -1139.9995068139679], [-1423.9229391109086, -1143.3529206290561], [-1424.101537395476, -1147.0199192741957], [-1424.0932610567409, -1147.020610049203], [-1424.1181910038813, -1147.361852902548], [-1424.1356103800654, -1147.7195093549656], [-1424.1442672821818, -1147.7187868166775], [-1424.4370419462932, -1151.7263068168447], [-1428.785960412289, -1151.3633293843184], [-1435.0868291782033, -1151.009859176441], [-1434.8688379152384, -1147.6529946361884], [-1434.7771219153492, -1146.08372589075], [-1434.5754687627007, -1142.6334228874236], [-1434.3796322808707, -1139.2826436283704]]]}, "properties": {"id": 233, "height_median_m": 6.0, "building_count": 5, "area_m2": 125.06289467542477}}, {"type": "Feature", "geometry": {"type": "Polygon", "coordinates": [[[-1372.538243819351, -1126.9094872509359], [-1378.8029177453313, -1120.853604966436], [-1370.5023203778312, -1112.351491323365], [-1382.1210932796828, -1100.9229948383272], [-1376.6506861088892, -1095.41716289219], [-1362.7822296730512, -1109.0426026426176], [-1363.6592513440437, -1109.931842177904], [-1355.0744286072668, -1118.277698123218], [-1364.4394718659914, -1128.0210289465767], [-1365.7149556501956, -1126.7899518958834], [-1367.863543222662, -1128.9065818622794], [-1371.2709387086654, -1125.5751056625343], [-1372.538243819351, -1126.9094872509359]]]}, "properties": {"id": 234, "height_median_m": 3.0, "building_count": 5, "area_m2": 392.8963958555669}}, {"type": "Feature", "geometry": {"type": "Polygon", "coordinates": [[[-1338.061405986649, -1046.0725812359224], [-1338.0614059866498, -1046.0725812359124], [-1338.0614059866505, -1046.072581235907], [-1338.3503262546833, -1042.2826021735823], [-1338.6720585699973, -1038.490359823598], [-1331.4356534149968, -1037.7511626751657], [-1330.88275183727, -1044.5625024567528], [-1329.787656916508, -1056.8268315571818], [-1328.1431577145668, -1075.1732315801157], [-1327.5668229554863, -1081.0899143316758], [-1334.8073078292064, -1081.7062592409477], [-1335.1292461714932, -1077.9115884570767], [-1335.5240255635067, -1074.459181236981], [-1335.812945832157, -1070.669202173879], [-1336.3979363827561, -1063.7739484567842], [-1336.7672571098522, -1060.544181223863], [-1336.7672571098526, -1060.544181223856], [-1336.7672571098528, -1060.5441812238535], [-1337.0816360434198, -1056.4202421738742], [-1337.6666265940175, -1049.5249884567993], [-1338.061405986649, -1046.0725812359224]]]}, "properties": {"id": 235, "height_median_m": 6.0, "building_count": 7, "area_m2": 314.6835757468692}}, {"type": "Feature", "geometry": {"type": "Polygon", "coordinates": [[[-1354.961135834479, -1035.6920194286738], [-1354.6305899382362, -1029.6593057527987], [-1350.228015214479, -1029.6593057527987], [-1350.4486046130678, -1035.8240019966213], [-1354.961135834479, -1035.6920194286738]]]}, "properties": {"id": 236, "height_median_m": 3.0, "building_count": 1, "area_m2": 27.20348548556266}}, {"type": "Feature", "geometry": {"type": "Polygon", "coordinates": [[[-1335.9473343619816, -1024.1312598410068], [-1335.7878820360827, -1023.8584355228038], [-1346.294231490246, -1018.0056360866914], [-1339.878127237381, -1007.2637120771941], [-1327.2812397499304, -1014.880972353361], [-1327.0185890811158, -1014.4016149328654], [-1323.1742355730555, -1016.3948641242856], [-1329.4723987887598, -1027.7010538787717], [-1335.9473343619816, -1024.1312598410068]]]}, "properties": {"id": 237, "height_median_m": 6.0, "building_count": 2, "area_m2": 239.17608208092017}}, {"type": "Feature", "geometry": {"type": "Polygon", "coordinates": [[[-1419.5956240317594, -986.3836721441961], [-1418.4153667488351, -985.1495757341362], [-1418.4288677584484, -985.135715527122], [-1418.175141887879, -984.8983926719325], [-1417.9312463164322, -984.6433714545195], [-1417.9175390071985, -984.6574434498021], [-1413.043526979877, -980.0985293431905], [-1408.362420189624, -984.6930771861603], [-1410.9886381351537, -987.466831368188], [-1410.4903142586484, -987.9215708302916], [-1413.0486018380548, -990.4228578744804], [-1415.6640140339357, -987.8815038004865], [-1416.7348661265712, -989.1029953044949], [-1419.5956240317594, -986.3836721441961]]]}, "properties": {"id": 238, "height_median_m": 6.0, "building_count": 2, "area_m2": 58.7384024949303}}, {"type": "Feature", "geometry": {"type": "Polygon", "coordinates": [[[-1471.0182562253688, -977.8643592409396], [-1472.1989818270692, -970.2731852544375], [-1465.8552507447262, -969.2712610272034], [-1466.1488324540023, -967.3736044423265], [-1460.7697555732293, -966.606633826883], [-1458.0325888320176, -984.8773486067983], [-1461.2529532074864, -985.4339214848172], [-1460.079508478231, -993.2419320694761], [-1461.3090970230865, -993.3977718257557], [-1466.8263728574452, -994.2289762157208], [-1467.4613470218867, -989.762474659333], [-1469.3146118384154, -977.6071577365568], [-1471.0182562253688, -977.8643592409396]]]}, "properties": {"id": 239, "height_median_m": 3.0, "building_count": 1, "area_m2": 244.9108908953691}}, {"type": "Feature", "geometry": {"type": "Polygon", "coordinates": [[[-1394.747639859676, -983.2894319051491], [-1394.7490312299215, -983.286786742252], [-1399.0402311337937, -985.6229668713339], [-1403.865860073638, -976.6483004146692], [-1398.8494825294, -974.1051698478639], [-1395.9260245298142, -979.5518596856009], [-1388.5117229624038, -975.5457750909277], [-1386.7134221057288, -978.8278107465883], [-1391.4434355070198, -981.4545167331304], [-1394.4474555729248, -983.1227313493198], [-1394.747639859676, -983.2894319051491]]]}, "properties": {"id": 240, "height_median_m": 6.0, "building_count": 2, "area_m2": 88.80322845502654}}, {"type": "Feature", "geometry": {"type": "Polygon", "coordinates": [[[-1438.831222624436, -955.1125635052334], [-1435.8259417879824, -956.6707640149781], [-1434.8267899381324, -957.1592090195257], [-1437.5845004433397, -962.5697174906601], [-1438.580594145447, -962.0827674905127], [-1441.7983040138704, -960.4144251857551], [-1443.943399778838, -959.4134404034603], [-1447.2742891300848, -957.7372107898623], [-1447.7660712272632, -957.4567296390455], [-1444.8246050794205, -951.6161102032397], [-1438.6521935688852, -954.7041364740421], [-1438.831222624436, -955.1125635052334]]]}, "properties": {"id": 241, "height_median_m": 6.0, "building_count": 2, "area_m2": 72.65620001389702}}, {"type": "Feature", "geometry": {"type": "Polygon", "coordinates": [[[-1397.6544372358899, -956.6597655682567], [-1400.408784835061, -948.2010504151905], [-1394.690395192776, -946.068593413937], [-1391.6182653447222, -954.406396257945], [-1397.6544372358899, -956.6597655682567]]]}, "properties": {"id": 242, "height_median_m": 3.0, "building_count": 1, "area_m2": 55.74740560903342}}, {"type": "Feature", "geometry": {"type": "Polygon", "coordinates": [[[-1489.0768912201531, -934.508863955107], [-1489.5400943200027, -934.3180661959934], [-1495.369659769085, -945.324341783086], [-1502.6208867817215, -941.4319770569806], [-1499.5673394763946, -935.5853493551815], [-1495.231736737482, -937.8072418704332], [-1491.0203388084083, -927.2388253572535], [-1486.8642374647106, -929.0824505109863], [-1489.0768912201531, -934.508863955107]]]}, "properties": {"id": 243, "height_median_m": 3.0, "building_count": 2, "area_m2": 102.28391424888147}}, {"type": "Feature", "geometry": {"type": "Polygon", "coordinates": [[[-1356.6397712078867, -934.7051308975819], [-1356.1347757792214, -934.4171137055159], [-1351.7412300108292, -931.7919916171423], [-1345.1489422625311, -942.6014757911934], [-1348.246991220105, -944.9167628295279], [-1349.8286161987976, -945.88820994651], [-1356.6397712078867, -934.7051308975819]]]}, "properties": {"id": 244, "height_median_m": 3.0, "building_count": 1, "area_m2": 73.7333212183699}}, {"type": "Feature", "geometry": {"type": "Polygon", "coordinates": [[[-1477.1180686064965, -938.4025996648695], [-1477.0960194665893, -938.3318629078692], [-1480.7297069496424, -937.2956510869321], [-1476.1285170640917, -922.3667248151672], [-1473.034891014757, -923.3592037733428], [-1472.8397079051124, -922.4686437731905], [-1465.8941837425632, -924.6968660846928], [-1467.356424843071, -929.2558970857215], [-1465.8923317796784, -929.7012439269064], [-1467.07376860272, -933.3766051865583], [-1468.9333166327372, -939.5043292384723], [-1471.6623545569028, -938.6149182565192], [-1472.05073899566, -939.9439765700434], [-1476.448349635415, -938.6063143300404], [-1476.4497934637068, -938.6109463352549], [-1476.7832275589549, -938.5044513889968], [-1477.1180686064965, -938.4025996648695]]]}, "properties": {"id": 245, "height_median_m": 6.0, "building_count": 2, "area_m2": 181.96816552642326}}, {"type": "Feature", "geometry": {"type": "Polygon", "coordinates": [[[-1530.5482886303628, -929.1095150749775], [-1530.407759068636, -927.9874276578422], [-1529.5642326737923, -923.2967643842418], [-1524.196147360967, -924.1897350096417], [-1524.8375625061403, -928.213780307407], [-1525.1988090013167, -929.9993906808105], [-1530.5482886303628, -929.1095150749775]]]}, "properties": {"id": 246, "height_median_m": 3.0, "building_count": 1, "area_m2": 32.32432084768011}}, {"type": "Feature", "geometry": {"type": "Polygon", "coordinates": [[[-1440.011925354819, -913.2828122413853], [-1438.6871134949704, -907.2381065622963], [-1434.830651523808, -908.2435831363897], [-1431.7103373758484, -911.2467057689593], [-1427.757314895473, -912.1959908061186], [-1430.551892272724, -924.3564664012009], [-1434.844342305843, -923.1654794733014], [-1434.2659365955578, -920.8562793251782], [-1436.8835821405578, -920.1672309678169], [-1435.6041618646202, -914.1969603281634], [-1440.011925354819, -913.2828122413853]]]}, "properties": {"id": 247, "height_median_m": 3.0, "building_count": 1, "area_m2": 112.41934030575851}}, {"type": "Feature", "geometry": {"type": "Polygon", "coordinates": [[[-1471.9153194082653, -910.6074280685566], [-1471.7198844489058, -909.6042553175182], [-1471.7297198639208, -909.6020115200862], [-1471.6540765806076, -909.2664618106812], [-1471.585961053463, -908.9168230307114], [-1471.5757807437865, -908.9191455105126], [-1469.973071878905, -901.8096115199746], [-1469.9761216227203, -901.8089157682111], [-1469.8959569277722, -901.4675335679078], [-1469.8191327587688, -901.126745510393], [-1469.8160945148115, -901.1274386386423], [-1468.3522211942573, -894.8935186385662], [-1458.8865018436236, -897.0529757374694], [-1459.2319222961771, -898.5239523837224], [-1449.732626708921, -900.1292242332389], [-1448.8033358855212, -905.6648657527182], [-1449.6923520130258, -910.9605971463287], [-1449.9968291145403, -912.4656012884627], [-1451.6116806540388, -915.4128280050157], [-1457.3701165164946, -914.1734904066011], [-1457.3332869053688, -913.9694392920862], [-1466.119845653077, -911.9059657676047], [-1471.9153194082653, -910.6074280685566]]]}, "properties": {"id": 248, "height_median_m": 3.0, "building_count": 5, "area_m2": 328.8879072628446}}, {"type": "Feature", "geometry": {"type": "Polygon", "coordinates": [[[-1433.1778354093199, -880.6950259055275], [-1437.6330288110482, -882.5193036134973], [-1442.6865859118197, -870.7551128532133], [-1438.3409387220372, -868.7984180673235], [-1433.1778354093199, -880.6950259055275]]]}, "properties": {"id": 249, "height_median_m": 3.0, "building_count": 1, "area_m2": 61.7159571839108}}, {"type": "Feature", "geometry": {"type": "Polygon", "coordinates": [[[-1533.3393789231486, -872.0301857529128], [-1531.9050128673973, -872.0301857529128], [-1530.140657681951, -869.4585923081213], [-1527.759801187386, -869.6015279642777], [-1527.759801187386, -872.1618667354763], [-1527.9639223731735, -880.427524068368], [-1533.441505358251, -880.1724984303135], [-1533.3393789231486, -872.6004655789459], [-1533.3393789231486, -872.0301857529128]]]}, "properties": {"id": 250, "height_median_m": 3.0, "building_count": 1, "area_m2": 53.94528161508306}}, {"type": "Feature", "geometry": {"type": "Polygon", "coordinates": [[[-1405.0086320565993, -859.5624064341852], [-1404.7242390678966, -860.049005314779], [-1401.6745025165033, -858.3096300487599], [-1395.7084084134508, -870.6296770770662], [-1396.2015353207819, -870.9109252208463], [-1399.1371108739788, -872.250337310519], [-1402.9585082201397, -874.1876540920749], [-1405.165593894051, -869.7519498410455], [-1409.1235724826583, -861.6485394425022], [-1405.0086320565993, -859.5624064341852]]]}, "properties": {"id": 251, "height_median_m": 6.0, "building_count": 2, "area_m2": 112.20206501927346}}, {"type": "Feature", "geometry": {"type": "Polygon", "coordinates": [[[-1359.7218118301978, -840.6910937047564], [-1365.817137892509, -835.8119564071255], [-1362.750402852333, -831.9251339179929], [-1359.9240237280194, -834.1485634790945], [-1357.1910573385042, -830.5857983038046], [-1349.0279738660927, -837.0321553390536], [-1354.7282718875376, -844.3772026583475], [-1359.5665440126365, -840.5139839794251], [-1359.7218118301978, -840.6910937047564]]]}, "properties": {"id": 252, "height_median_m": 3.0, "building_count": 1, "area_m2": 115.16748622366484}}, {"type": "Feature", "geometry": {"type": "Polygon", "coordinates": [[[-1380.0709887836015, -830.9954882466982], [-1379.0838339551483, -830.3198760435304], [-1383.278971042159, -824.0878868809444], [-1378.2154225306863, -820.5721518552888], [-1373.716393597603, -827.2203189466164], [-1373.5191272659404, -827.5578433575849], [-1372.265742755671, -829.507435914143], [-1378.1939842917802, -833.5647450717138], [-1380.0709887836015, -830.9954882466982]]]}, "properties": {"id": 253, "height_median_m": 3.0, "building_count": 1, "area_m2": 69.65931567024997}}, {"type": "Feature", "geometry": {"type": "Polygon", "coordinates": [[[-1517.6496847780036, -828.0206566354752], [-1519.7619503376131, -825.9916855381025], [-1524.6974866668968, -821.4174483160011], [-1520.9089086763263, -817.2230254172164], [-1513.859228903141, -823.8241546872696], [-1517.6496847780036, -828.0206566354752]]]}, "properties": {"id": 254, "height_median_m": 3.0, "building_count": 1, "area_m2": 54.41572932178076}}, {"type": "Feature", "geometry": {"type": "Polygon", "coordinates": [[[-1390.3943376714542, -811.268114793827], [-1389.7184176514456, -810.827541445407], [-1390.5056656936024, -809.592802210951], [-1388.229529452265, -808.2182767056624], [-1387.5420386806993, -809.4505938170314], [-1387.168480695043, -809.2375401616919], [-1383.486376238074, -815.0435264596397], [-1386.8122489375596, -817.2113729940771], [-1390.3943376714542, -811.268114793827]]]}, "properties": {"id": 255, "height_median_m": 3.0, "building_count": 1, "area_m2": 30.679284033661293}}, {"type": "Feature", "geometry": {"type": "Polygon", "coordinates": [[[-1368.9600622654475, -783.2420179651278], [-1368.3872432564788, -783.3509177777188], [-1368.2934075991066, -781.6383457529336], [-1367.5005159963966, -781.6383457529336], [-1366.9120467904352, -775.2614648232149], [-1364.5698494771636, -775.4841048234472], [-1364.3753710288927, -773.3766608075736], [-1359.0947037566161, -773.7611402836761], [-1360.3216024342196, -789.1555253128743], [-1369.4150425628045, -788.4318529757645], [-1368.9600622654475, -783.2420179651278]]]}, "properties": {"id": 256, "height_median_m": 3.0, "building_count": 2, "area_m2": 122.47072710831713}}, {"type": "Feature", "geometry": {"type": "Polygon", "coordinates": [[[-1414.6791340111267, -580.309690427742], [-1412.1884837331186, -580.8262388296621], [-1409.3077046373055, -581.5845523865462], [-1409.5860776463387, -582.6959158869485], [-1410.7377347505803, -587.7117221928729], [-1416.1041412358722, -586.4364488276779], [-1414.6791340111267, -580.309690427742]]]}, "properties": {"id": 257, "height_median_m": 6.0, "building_count": 1, "area_m2": 34.857488623591145}}, {"type": "Feature", "geometry": {"type": "Polygon", "coordinates": [[[-1345.9270683866416, -540.8205182254692], [-1340.9220611699234, -545.4125994510958], [-1353.4002183809148, -558.9517732801814], [-1358.4052255972604, -554.3596920545418], [-1345.9270683866416, -540.8205182254692]]]}, "properties": {"id": 258, "height_median_m": 3.0, "building_count": 1, "area_m2": 125.0643741786577}}, {"type": "Feature", "geometry": {"type": "Polygon", "coordinates": [[[-1338.8678579148545, -545.5511860800682], [-1334.0567096298507, -540.1879676804826], [-1329.6103566757795, -546.8679420832513], [-1334.5404405366633, -550.1171395191757], [-1338.8678579148545, -545.5511860800682]]]}, "properties": {"id": 259, "height_median_m": 3.0, "building_count": 1, "area_m2": 46.27813808758025}}, {"type": "Feature", "geometry": {"type": "Polygon", "coordinates": [[[-1368.0620377719993, -385.8770216072111], [-1364.135464476064, -380.52718369116553], [-1350.1007914991878, -390.61979213830506], [-1353.8324372114855, -395.75273352542183], [-1356.5100088036145, -393.78929853499955], [-1360.3042754510066, -399.1238292888827], [-1357.9146495374403, -400.8584168789332], [-1361.338699748179, -405.7720643936467], [-1373.1364015794757, -397.34661580654], [-1365.949836449344, -387.4102315465435], [-1368.0620377719993, -385.8770216072111]]]}, "properties": {"id": 260, "height_median_m": 3.0, "building_count": 1, "area_m2": 271.8883785868625}}, {"type": "Feature", "geometry": {"type": "Polygon", "coordinates": [[[-1486.9071878905845, -158.2215869360347], [-1483.2632143483165, -156.3444216349069], [-1479.5224408777306, -163.53735997954658], [-1483.275441761451, -165.41027332807252], [-1486.9071878905845, -158.2215869360347]]]}, "properties": {"id": 261, "height_median_m": 3.0, "building_count": 1, "area_m2": 33.50700968160701}}, {"type": "Feature", "geometry": {"type": "Polygon", "coordinates": [[[-1443.2950143901596, -129.4445167419377], [-1444.0951927736844, -133.4866574713424], [-1448.8727181585118, -132.96764873913364], [-1448.0735709392059, -127.368033727667], [-1443.2950143901596, -129.4445167419377]]]}, "properties": {"id": 262, "height_median_m": 3.0, "building_count": 1, "area_m2": 24.07211106206093}}, {"type": "Feature", "geometry": {"type": "Polygon", "coordinates": [[[-1513.6451457205753, -116.91296729771511], [-1510.9275717290275, -119.87805253937513], [-1517.4934270912904, -125.91796420775435], [-1520.2110010828628, -122.95287896654636], [-1513.6451457205753, -116.91296729771511]]]}, "properties": {"id": 263, "height_median_m": 3.0, "building_count": 1, "area_m2": 35.882227693994686}}, {"type": "Feature", "geometry": {"type": "Polygon", "coordinates": [[[-1510.3741945340207, -119.36900243200508], [-1509.1959555148237, -108.23312825065295], [-1503.8808661668022, -108.72804874926874], [-1503.331623969463, -109.7722245079728], [-1498.7835835226224, -108.75721535887577], [-1498.2372586126392, -110.62674871562358], [-1500.549823870769, -112.57648575991827], [-1501.1593247769738, -117.90666603375304], [-1507.1899013153663, -117.21877476887082], [-1509.6497637734321, -119.79084737763097], [-1510.2401438094996, -119.24568955188235], [-1510.3741945340207, -119.36900243200508]]]}, "properties": {"id": 264, "height_median_m": 3.0, "building_count": 1, "area_m2": 87.81533383723543}}, {"type": "Feature", "geometry": {"type": "Polygon", "coordinates": [[[-1460.9191062844218, -115.13979044752638], [-1456.0132498498574, -117.93777814136102], [-1460.3362328810397, -126.35674257917958], [-1465.135280229408, -123.55601917302344], [-1460.9191062844218, -115.13979044752638]]]}, "properties": {"id": 265, "height_median_m": 3.0, "building_count": 1, "area_m2": 52.79805069102545}}, {"type": "Feature", "geometry": {"type": "Polygon", "coordinates": [[[-1360.984387574533, -24.348242707443237], [-1363.1516604295969, -31.023043619640273], [-1368.1139007147078, -29.350684946389954], [-1365.8377997963769, -22.67452181588465], [-1360.984387574533, -24.348242707443237]]]}, "properties": {"id": 266, "height_median_m": 3.0, "building_count": 1, "area_m2": 36.47907646449486}}, {"type": "Feature", "geometry": {"type": "Polygon", "coordinates": [[[-1353.5073853269537, -22.17059388672194], [-1355.9686644833528, -19.78846132161891], [-1357.3176402339266, -18.482864166326188], [-1354.0067843166148, -16.594563063958], [-1357.5035273525434, -13.126181738771546], [-1354.5320585185643, -9.475980368340506], [-1351.348893139699, -12.380739666897885], [-1347.2850050284537, -8.037946912930996], [-1345.7190929073527, -9.553504483093727], [-1338.6621718156277, -5.271783403698818], [-1336.6480959501782, -8.650314134613593], [-1337.8176764601426, -9.391485408238296], [-1341.8307884901853, -11.800772998177054], [-1342.5575094071064, -10.581728078998964], [-1353.5073853269537, -22.17059388672194]]]}, "properties": {"id": 267, "height_median_m": 3.0, "building_count": 3, "area_m2": 121.90766434356155}}, {"type": "Feature", "geometry": {"type": "Polygon", "coordinates": [[[-1472.1986182396531, -18.094064073849534], [-1467.7421323829076, -19.918871006179227], [-1469.9355971789118, -25.798629547983804], [-1474.3937643627069, -24.10352668678063], [-1472.1986182396531, -18.094064073849534]]]}, "properties": {"id": 268, "height_median_m": 3.0, "building_count": 1, "area_m2": 30.358949017680217}}, {"type": "Feature", "geometry": {"type": "Polygon", "coordinates": [[[-1502.7305708464144, 44.666651371105175], [-1495.803324724729, 49.16455293291497], [-1492.4933523422887, 44.13042709180909], [-1499.4225250924158, 39.50967584160929], [-1502.7305708464144, 44.666651371105175]]]}, "properties": {"id": 269, "height_median_m": 3.0, "building_count": 1, "area_m2": 50.38989476148204}}, {"type": "Feature", "geometry": {"type": "Polygon", "coordinates": [[[-1519.8319011608512, 68.33388003549794], [-1524.0140894023652, 72.85330772059288], [-1516.9720709195215, 79.56715326492655], [-1512.6821603656304, 75.05018445521988], [-1519.8319011608512, 68.33388003549794]]]}, "properties": {"id": 270, "height_median_m": 3.0, "building_count": 1, "area_m2": 60.50598028198935}}, {"type": "Feature", "geometry": {"type": "Polygon", "coordinates": [[[-1371.2132612918274, 75.14240536339395], [-1368.7082796364325, 85.61940529594168], [-1362.661435846022, 84.11450313117636], [-1365.1664175014218, 73.63750319818438], [-1371.2132612918274, 75.14240536339395]]]}, "properties": {"id": 271, "height_median_m": 3.0, "building_count": 1, "area_m2": 67.12253430203629}}, {"type": "Feature", "geometry": {"type": "Polygon", "coordinates": [[[-1483.1394196081187, 90.02935145701085], [-1487.7885482660504, 87.9598361086946], [-1489.4345721823995, 91.71498444905372], [-1484.9022790572333, 93.78292925054511], [-1483.1394196081187, 90.02935145701085]]]}, "properties": {"id": 272, "height_median_m": 3.0, "building_count": 1, "area_m2": 20.761225192248315}}, {"type": "Feature", "geometry": {"type": "Polygon", "coordinates": [[[-1434.2832507380917, 164.40383757818412], [-1437.9381164049264, 167.53059107024112], [-1433.1942848100123, 173.18771091618157], [-1429.494561665197, 170.02258165604158], [-1426.4625335059268, 171.22248712462698], [-1426.148357605917, 171.6525332854457], [-1421.6551870028145, 173.15995564444492], [-1421.7807704980207, 173.26606648589618], [-1421.663042634873, 173.2821811578202], [-1424.8895755705105, 176.80924773755132], [-1420.8883436830001, 173.4284365750026], [-1420.8588144823245, 173.440122564549], [-1420.8497216245476, 173.43018275751177], [-1408.5797860981686, 177.54664678475328], [-1413.1153264332897, 175.7517361291696], [-1413.6298236454618, 170.46988086533474], [-1416.154467401344, 170.2898938886006], [-1416.6501577898218, 167.01045567812537], [-1422.4514022304104, 166.7782690168886], [-1424.9470535297844, 165.9347962059434], [-1428.5240736813935, 161.73801040248065], [-1429.6012603954466, 162.6316229351217], [-1430.577706138454, 161.51781815534736], [-1434.1831538517997, 164.52320523925624], [-1434.2832507380917, 164.40383757818412]]]}, "properties": {"id": 273, "height_median_m": 3.0, "building_count": 5, "area_m2": 166.1750007509818}}, {"type": "Feature", "geometry": {"type": "Polygon", "coordinates": [[[-1458.4866564537429, 187.97079337931618], [-1454.2682504464092, 187.82926927300107], [-1452.1584091146308, 192.29873971104868], [-1447.7770017123667, 190.33533760527365], [-1447.461748263571, 190.9746281490085], [-1442.640196497652, 188.5444789372084], [-1447.3414226058658, 179.01104034542988], [-1448.0783605716929, 179.38247039611582], [-1452.3769930159635, 168.56629753266145], [-1457.3223648750527, 170.48938260505454], [-1454.9114508470705, 176.61452351291084], [-1454.6107962581148, 176.47734414758997], [-1450.7378141429097, 184.3312180758955], [-1458.4866564537429, 184.5990632615296], [-1458.4866564537429, 187.97079337931618]]]}, "properties": {"id": 274, "height_median_m": 3.0, "building_count": 4, "area_m2": 165.4631696442996}}, {"type": "Feature", "geometry": {"type": "Polygon", "coordinates": [[[-1472.0153143565171, 180.4868019010887], [-1475.3468959839033, 176.21152801788804], [-1479.4132011804584, 179.3037429522764], [-1473.5022194795897, 187.12985218808524], [-1469.562497731643, 183.40630840940054], [-1472.0153143565171, 180.4868019010887]]]}, "properties": {"id": 275, "height_median_m": 3.0, "building_count": 1, "area_m2": 49.61268942000105}}, {"type": "Feature", "geometry": {"type": "Polygon", "coordinates": [[[-1426.3879488039136, 190.78905401540092], [-1424.962942664883, 190.55684469006573], [-1423.7504738196642, 193.09239938866418], [-1420.4894220510116, 191.4391585071199], [-1422.844097286419, 186.5789345810977], [-1426.9243652525388, 188.64748984738716], [-1426.3879488039136, 190.78905401540092]]]}, "properties": {"id": 276, "height_median_m": 3.0, "building_count": 1, "area_m2": 22.4810605174718}}, {"type": "Feature", "geometry": {"type": "Polygon", "coordinates": [[[-1486.440295646071, 194.49624656141387], [-1491.7141936206667, 189.33985492583417], [-1495.1299705792433, 192.84650939932754], [-1489.741735692863, 198.13225103938916], [-1486.440295646071, 194.49624656141387]]]}, "properties": {"id": 277, "height_median_m": 3.0, "building_count": 1, "area_m2": 36.57451348316497}}, {"type": "Feature", "geometry": {"type": "Polygon", "coordinates": [[[-1496.3807544890262, 211.10049870644468], [-1494.408096392202, 212.33808494016853], [-1494.8000523233754, 213.12049828691872], [-1490.2155806344178, 215.92650741948745], [-1487.913699551504, 211.856684221261], [-1493.8626942817846, 208.46375695782064], [-1496.3811813373818, 206.69589920055415], [-1500.171751593402, 203.81336643704094], [-1502.1510532363152, 206.49442662899355], [-1496.2535335604473, 210.88765983676913], [-1496.3807544890262, 211.10049870644468]]]}, "properties": {"id": 278, "height_median_m": 3.0, "building_count": 2, "area_m2": 56.89317694686871}}, {"type": "Feature", "geometry": {"type": "Polygon", "coordinates": [[[-1396.661898884198, 701.6940676383749], [-1403.2992917057472, 697.2979501209942], [-1406.7950220540902, 702.9053486226326], [-1400.1587567562692, 707.1786257203012], [-1396.661898884198, 701.6940676383749]]]}, "properties": {"id": 279, "height_median_m": 3.0, "building_count": 1, "area_m2": 51.96308655711214}}, {"type": "Feature", "geometry": {"type": "Polygon", "coordinates": [[[-1290.3903766457647, -1584.3111302218529], [-1292.8119528119764, -1580.4059151809042], [-1296.7087959442133, -1574.4930748902184], [-1291.8455433129272, -1571.0890017791526], [-1288.5658678509824, -1576.0114169336264], [-1284.8029589856033, -1573.660900961098], [-1282.4604304807938, -1577.3349804099475], [-1281.3794274592299, -1576.6623965614344], [-1279.9300350068754, -1579.0671704840138], [-1281.013089791124, -1579.628720837986], [-1280.148161390948, -1581.163431975209], [-1287.1700813671346, -1585.532365149582], [-1288.6324177775045, -1583.197099506098], [-1290.3903766457647, -1584.3111302218529]]]}, "properties": {"id": 280, "height_median_m": 3.0, "building_count": 2, "area_m2": 123.74327952723905}}, {"type": "Feature", "geometry": {"type": "Polygon", "coordinates": [[[-1277.8823224568894, -1462.1001393887898], [-1286.7259016413273, -1469.1021395371413], [-1292.4285517355017, -1461.8745217792891], [-1287.9787893143832, -1458.3215167280282], [-1285.1527568105612, -1461.8785677433182], [-1280.8572842162332, -1458.3151296751653], [-1277.8823224568894, -1462.1001393887898]]]}, "properties": {"id": 281, "height_median_m": 3.0, "building_count": 1, "area_m2": 79.07954893860712}}, {"type": "Feature", "geometry": {"type": "Polygon", "coordinates": [[[-1304.1617712016255, -1440.9867057528486], [-1303.7761817105263, -1440.9867057528486], [-1302.0501529174232, -1440.6950267112086], [-1298.5084194212636, -1440.0613078243005], [-1295.2511295682502, -1444.9298951706203], [-1298.4891454514272, -1445.4864523132808], [-1297.394844551539, -1452.7678459733927], [-1307.9563336009237, -1454.1991964479453], [-1309.4033700830014, -1441.9376359564285], [-1304.1509381342692, -1441.0500352841764], [-1304.1617712016255, -1440.9867057528486]]]}, "properties": {"id": 282, "height_median_m": 3.0, "building_count": 2, "area_m2": 141.8223303158461}}, {"type": "Feature", "geometry": {"type": "Polygon", "coordinates": [[[-1256.8868638998754, -1412.649429772499], [-1250.7238149138032, -1408.900085599424], [-1247.1211590946027, -1415.347671446881], [-1240.1352143587283, -1410.3477185977797], [-1236.5074534286578, -1415.3635816638957], [-1246.6147333083622, -1422.8235849117941], [-1246.0806387912796, -1423.7712712210957], [-1250.3519600093684, -1426.1532251711694], [-1248.5814475729649, -1427.7476263274862], [-1255.8299197628398, -1434.6976509107365], [-1260.7400527786338, -1429.9680412322796], [-1257.4433244175689, -1427.1191872243016], [-1263.328234111752, -1416.3787800394791], [-1261.0790352903828, -1415.0959804488543], [-1256.8868638998754, -1412.649429772499]]]}, "properties": {"id": 283, "height_median_m": 3.0, "building_count": 5, "area_m2": 318.38485459617124}}, {"type": "Feature", "geometry": {"type": "Polygon", "coordinates": [[[-1283.152220025504, -1417.906305633704], [-1279.8734362633545, -1415.1980164615882], [-1279.4067394617907, -1415.4641905588223], [-1275.1542176724593, -1421.0247886934744], [-1278.6299803795418, -1423.8000834815161], [-1281.3829662720193, -1420.1767120688003], [-1283.152220025504, -1417.906305633704]]]}, "properties": {"id": 284, "height_median_m": 3.0, "building_count": 1, "area_m2": 33.11229589348194}}, {"type": "Feature", "geometry": {"type": "Polygon", "coordinates": [[[-1216.2135779449331, -1405.0303457526672], [-1203.6707464722958, -1404.572513350249], [-1203.4508787728973, -1410.8424391500353], [-1218.0084710976257, -1411.1932584069143], [-1218.2289966749781, -1405.0303457526672], [-1216.2135779449331, -1405.0303457526672]]]}, "properties": {"id": 285, "height_median_m": 3.0, "building_count": 1, "area_m2": 90.12581083806208}}, {"type": "Feature", "geometry": {"type": "Polygon", "coordinates": [[[-1273.6388842627089, -1374.6259934875152], [-1273.6319306417283, -1374.6297261011791], [-1271.775576976031, -1371.286318429974], [-1268.251862893765, -1373.2351202015498], [-1261.4382939481063, -1376.8549793545913], [-1261.4359905679205, -1376.8506799688919], [-1261.1281346894625, -1377.0197583184881], [-1260.8201148580936, -1377.1834006643412], [-1260.8224023499442, -1377.1876703935893], [-1258.1877106193726, -1378.6346764788104], [-1263.3957161653702, -1388.3773073208629], [-1265.0590652718142, -1387.484443067735], [-1265.0627733903318, -1387.491152324321], [-1265.3670687471026, -1387.319110792112], [-1265.6758719939053, -1387.1533492095002], [-1265.6721542467706, -1387.1466225314477], [-1272.2513242448063, -1383.4269125130704], [-1279.1275017171804, -1388.5020966272025], [-1284.8134910679632, -1380.9352698419355], [-1280.939013415418, -1377.9456013105048], [-1277.8166771102003, -1382.1667131006275], [-1273.8013535711223, -1374.934867267047], [-1273.6388842627089, -1374.6259934875152]]]}, "properties": {"id": 286, "height_median_m": 6.0, "building_count": 4, "area_m2": 228.70797411364677}}, {"type": "Feature", "geometry": {"type": "Polygon", "coordinates": [[[-1224.2409126643054, -1383.7576494366883], [-1236.6280693022977, -1380.9317117192031], [-1235.4080038091267, -1375.2384134911104], [-1222.9103183737045, -1378.0660033907332], [-1224.2409126643054, -1383.7576494366883]]]}, "properties": {"id": 287, "height_median_m": 3.0, "building_count": 1, "area_m2": 74.43319145092732}}, {"type": "Feature", "geometry": {"type": "Polygon", "coordinates": [[[-1288.261219494363, -1336.105689779928], [-1280.528368602152, -1340.576430264856], [-1285.7622209797596, -1349.531597261512], [-1293.3900800272095, -1345.0603071641642], [-1288.261219494363, -1336.105689779928]]]}, "properties": {"id": 288, "height_median_m": 3.0, "building_count": 1, "area_m2": 91.94267467934316}}, {"type": "Feature", "geometry": {"type": "Polygon", "coordinates": [[[-1290.3186198071842, -1301.6461457528503], [-1290.841894399434, -1291.6184790448924], [-1287.432411204376, -1291.3962445521768], [-1287.6262907174719, -1288.6318317607079], [-1285.4291716631, -1288.3680219479024], [-1282.8215586311433, -1288.2386987997606], [-1282.7244892927326, -1290.3424609198164], [-1281.3411255218432, -1290.2297491363397], [-1281.3411255218432, -1292.1557444001721], [-1280.8540539065427, -1299.1561681163291], [-1280.7290737099534, -1300.8669057528402], [-1281.8087280109191, -1300.8669057528402], [-1281.4197437671162, -1307.7443118475512], [-1286.994799090927, -1308.1258705758548], [-1287.1898093632242, -1305.1228921063582], [-1288.6572689219604, -1305.234484821325], [-1288.8538820576723, -1301.6461457528503], [-1290.3186198071842, -1301.6461457528503]]]}, "properties": {"id": 289, "height_median_m": 3.0, "building_count": 1, "area_m2": 153.0950117726829}}, {"type": "Feature", "geometry": {"type": "Polygon", "coordinates": [[[-1199.6815962141939, -1287.5014905117314], [-1195.1843064658872, -1289.3973359132174], [-1193.606702840142, -1290.0894624627665], [-1195.3205222901943, -1294.520584245905], [-1202.703954861393, -1291.4691066062014], [-1201.2009351441075, -1287.6728173403144], [-1200.8427654701293, -1287.0599859097435], [-1199.6815962141939, -1287.5014905117314]]]}, "properties": {"id": 290, "height_median_m": 3.0, "building_count": 1, "area_m2": 38.186536430246946}}, {"type": "Feature", "geometry": {"type": "Polygon", "coordinates": [[[-1196.1595760929295, -1255.4254119211791], [-1197.7216928495363, -1260.7710026692178], [-1203.3733276530945, -1259.00133013202], [-1200.7041673790786, -1250.4763447159214], [-1206.947424470234, -1249.4892045077777], [-1205.427676571975, -1240.1281177096505], [-1205.3341635129516, -1239.4881110747435], [-1205.3341635129516, -1238.8812182517918], [-1194.7272219877775, -1240.5583137665294], [-1197.026697373256, -1255.1484635362654], [-1196.1595760929295, -1255.4254119211791]]]}, "properties": {"id": 291, "height_median_m": 3.0, "building_count": 2, "area_m2": 164.13103369889873}}, {"type": "Feature", "geometry": {"type": "Polygon", "coordinates": [[[-1216.4748841744279, -1234.2870836392246], [-1214.0049996023154, -1235.055446187251], [-1215.497490008658, -1239.5079886904653], [-1223.7344427660273, -1236.8400837379895], [-1229.6977509924352, -1234.8113629285385], [-1227.1071436433567, -1230.1860915533516], [-1222.0330019446626, -1231.839786912327], [-1221.529361485244, -1232.0695824352865], [-1216.4748841744279, -1234.2870836392246]]]}, "properties": {"id": 292, "height_median_m": 3.0, "building_count": 1, "area_m2": 72.73785342589531}}, {"type": "Feature", "geometry": {"type": "Polygon", "coordinates": [[[-1202.0151316822564, -1214.1188924764892], [-1200.4525358431283, -1214.3416937337254], [-1190.5569259286146, -1215.3475239161128], [-1190.2811364121544, -1215.4523857527652], [-1184.6597249604729, -1215.4523857527652], [-1184.5232837010396, -1213.2994378429953], [-1178.7724015121967, -1213.930194862403], [-1178.7724015121967, -1214.9108042893172], [-1171.84108578504, -1215.2148950987769], [-1171.8402523264826, -1215.1994461712407], [-1171.4872826274493, -1215.2304171573314], [-1164.9312598593815, -1215.518043107274], [-1164.9312598593815, -1211.406694855787], [-1160.9511500445467, -1211.819422283211], [-1161.1083301082856, -1212.7158771414693], [-1161.1083301082856, -1213.253664664857], [-1161.6947626202748, -1222.0611902758776], [-1161.815992385415, -1223.8588752009098], [-1171.5669268989468, -1223.12712371573], [-1171.5707024373073, -1223.1971068217067], [-1173.9904153312534, -1222.9762988307536], [-1173.9904153312534, -1223.9678880220317], [-1190.3802118424805, -1222.919548412429], [-1191.029377269071, -1226.992216642276], [-1195.2205053934306, -1226.4363207728086], [-1195.2226074775062, -1226.4509739304926], [-1195.5710640579164, -1226.3898239567218], [-1195.9144672369043, -1226.344276217999], [-1195.9124080598615, -1226.3299221556383], [-1197.1794523069905, -1226.1075710024836], [-1196.8888228235396, -1224.0079883433525], [-1202.0611752237833, -1223.3400683430584], [-1201.4755077779407, -1219.1090550332854], [-1206.5529118491318, -1218.4407871424398], [-1205.8679174943493, -1213.752661916758], [-1202.0151316822564, -1214.1188924764892]]]}, "properties": {"id": 293, "height_median_m": 3.0, "building_count": 5, "area_m2": 400.02093617686216}}, {"type": "Feature", "geometry": {"type": "Polygon", "coordinates": [[[-1253.2951085807526, -1200.3581388208077], [-1252.6077229585699, -1199.5740569637069], [-1254.7590997807204, -1197.566225430706], [-1251.4527347954934, -1193.9247969267062], [-1250.774164911315, -1194.5882477729676], [-1249.90712499502, -1193.5992392080373], [-1242.7410333929072, -1199.9702783474], [-1245.163270713422, -1202.5951088085953], [-1247.1084838700356, -1200.9309704829725], [-1249.553908430385, -1203.7203989621282], [-1253.2951085807526, -1200.3581388208077]]]}, "properties": {"id": 294, "height_median_m": 3.0, "building_count": 1, "area_m2": 62.926131631708145}}, {"type": "Feature", "geometry": {"type": "Polygon", "coordinates": [[[-1198.5659698265679, -1184.0384907116263], [-1209.1997621558319, -1182.0168783472116], [-1207.4088688552208, -1172.6439271860168], [-1196.5642139521804, -1174.7849232222243], [-1198.5659698265679, -1184.0384907116263]]]}, "properties": {"id": 295, "height_median_m": 3.0, "building_count": 1, "area_m2": 103.96400281871033}}, {"type": "Feature", "geometry": {"type": "Polygon", "coordinates": [[[-1234.579720471703, -1163.6545171712064], [-1238.7472045656698, -1160.3140551711508], [-1235.8892888649634, -1156.5325180801667], [-1231.7470397343736, -1159.725051564691], [-1232.2314412310518, -1160.4986123983997], [-1230.5442008089924, -1161.7439345008554], [-1232.5360834610592, -1164.300030923661], [-1234.1809731908781, -1163.0859671131911], [-1234.579720471703, -1163.6545171712064]]]}, "properties": {"id": 296, "height_median_m": 3.0, "building_count": 1, "area_m2": 32.12683408454918}}, {"type": "Feature", "geometry": {"type": "Polygon", "coordinates": [[[-1234.9583028739587, -1114.255008054776], [-1234.7630525319296, -1113.0300662567734], [-1236.888847471484, -1112.8096266415182], [-1236.4860337296266, -1108.739959512661], [-1250.9274736907166, -1108.3857024580066], [-1250.643323246601, -1102.8756184405063], [-1255.9950897650233, -1102.7060458640635], [-1255.6799264553654, -1092.7599314529052], [-1246.290879269841, -1093.2412720222337], [-1246.3976620045894, -1095.6773545405892], [-1243.3648725356595, -1099.2416048946804], [-1235.581043823531, -1099.5967568607352], [-1234.7720446579979, -1091.423358167678], [-1232.830882256751, -1091.5340696931742], [-1232.7325074231587, -1090.075294654337], [-1232.0166501051629, -1090.1399144104882], [-1221.883654764911, -1091.0546102185886], [-1218.802425770019, -1091.33274981609], [-1217.7880138117293, -1091.4243198143756], [-1214.9114301005104, -1091.6655874506755], [-1214.5653780555388, -1091.6902582033033], [-1214.565675692044, -1091.694586901846], [-1201.6305503122558, -1092.7794943611534], [-1199.441621561617, -1093.0423207577478], [-1200.1680605453498, -1104.524750515137], [-1205.997991583256, -1104.0739002205248], [-1206.7109120441644, -1113.4258007830092], [-1210.1357170135816, -1113.2025675973666], [-1210.3311112183121, -1115.0970543187639], [-1220.451159338765, -1114.3755755495158], [-1220.5742307850112, -1115.7794176578168], [-1220.6579633000786, -1115.7700537975284], [-1221.3540255707355, -1125.1843770698272], [-1222.634285269365, -1124.859853292757], [-1227.1125407277818, -1123.7906903968424], [-1227.0165174797264, -1122.038193180389], [-1227.8078372900568, -1121.9253635896819], [-1227.20508757345, -1115.0499634944774], [-1234.9583028739587, -1114.255008054776]]]}, "properties": {"id": 297, "height_median_m": 6.0, "building_count": 8, "area_m2": 1041.9406535239984}}, {"type": "Feature", "geometry": {"type": "Polygon", "coordinates": [[[-1216.4917109684304, -1132.3547571608797], [-1218.4516945232324, -1145.1806109653505], [-1224.803505121854, -1144.1812543446022], [-1222.8435215674226, -1131.355400540578], [-1216.4917109684304, -1132.3547571608797]]]}, "properties": {"id": 298, "height_median_m": 3.0, "building_count": 1, "area_m2": 83.42611667399274}}, {"type": "Feature", "geometry": {"type": "Polygon", "coordinates": [[[-1231.1421862473217, -1084.5930235699036], [-1238.4338371510712, -1081.8601683462766], [-1238.975493154588, -1081.448266951397], [-1236.2418866057426, -1074.2272886039755], [-1245.2064847081547, -1069.440804642256], [-1247.621022937109, -1073.2382584831296], [-1256.508379470454, -1067.632782499425], [-1249.6917455622486, -1056.9119530225817], [-1239.2617347042872, -1063.4904193136863], [-1237.4801245091107, -1060.800698232081], [-1235.2805631213737, -1062.3060857076207], [-1234.1541336024889, -1059.8531193415067], [-1229.9955394306635, -1061.3025508095723], [-1224.6824014469446, -1062.4680412405762], [-1226.1562199164534, -1070.4534759877718], [-1225.9014098303942, -1070.547938814284], [-1227.0735803473, -1073.556329757195], [-1225.9117484328708, -1073.9980863179505], [-1227.220752030346, -1077.6630770435754], [-1228.3922872738879, -1077.217631043079], [-1229.2727788702316, -1079.672714995824], [-1229.2786421766314, -1079.6703651185621], [-1231.1421862473217, -1084.5930235699036]]]}, "properties": {"id": 299, "height_median_m": 3.0, "building_count": 7, "area_m2": 423.7962581096715}}, {"type": "Feature", "geometry": {"type": "Polygon", "coordinates": [[[-1320.76826042574, -1067.671778477978], [-1320.7845496349116, -1067.3187460809077], [-1320.802721063032, -1066.9725943619665], [-1320.7943840419885, -1066.9721024752214], [-1321.7777238917338, -1047.1559554898608], [-1314.9311595399083, -1046.7840656096296], [-1314.636492913571, -1052.4980734637409], [-1306.739294323157, -1051.8975323276281], [-1305.541030633247, -1069.802958242613], [-1287.9963963020364, -1068.7113574381185], [-1287.6667692369629, -1074.9779660932777], [-1295.3737677777992, -1075.4230881733345], [-1295.17891601382, -1078.6458877988425], [-1303.5429745329445, -1079.2614136893346], [-1302.7443941358026, -1082.933554602048], [-1313.0792090321058, -1085.1099186993956], [-1313.0474568968143, -1086.1240447249827], [-1319.790842132031, -1086.248109142984], [-1320.7660239287425, -1067.6716465239836], [-1320.76826042574, -1067.671778477978]]]}, "properties": {"id": 300, "height_median_m": 6.0, "building_count": 6, "area_m2": 679.9471384305829}}, {"type": "Feature", "geometry": {"type": "Polygon", "coordinates": [[[-1313.7571547564687, -1028.1970646993252], [-1312.122970968451, -1029.0574039891947], [-1308.5805017224088, -1022.1880488288765], [-1307.003579276715, -1023.0182420711071], [-1303.4059282377923, -1016.1786728966572], [-1299.791805742282, -1018.0728083215032], [-1298.9905745420322, -1016.5876519638974], [-1298.2012126588681, -1017.1278939865255], [-1291.462312539481, -1020.5054615307929], [-1293.9326000370818, -1025.2017764431707], [-1293.0439772218954, -1025.7649028785315], [-1295.957309259416, -1031.5250428185552], [-1295.0771471720975, -1031.9712546692645], [-1297.4193444853584, -1036.5353746692606], [-1296.5391953907817, -1036.9815799332732], [-1298.7176976121982, -1041.1667715373371], [-1304.9467629544263, -1037.957915824403], [-1308.2698396389858, -1039.072781147461], [-1311.8547707494843, -1037.1099496751551], [-1311.8831132625724, -1037.169634951115], [-1316.8989884895489, -1034.4996152462545], [-1313.7571547564687, -1028.1970646993252]]]}, "properties": {"id": 301, "height_median_m": 6.0, "building_count": 5, "area_m2": 356.00882307387735}}, {"type": "Feature", "geometry": {"type": "Polygon", "coordinates": [[[-1269.1233303303338, -997.9045870059409], [-1266.4842455779412, -999.5769933001199], [-1265.4120008231773, -997.7979677362088], [-1262.9571078245845, -999.3301684363329], [-1257.7520142390842, -992.5022654222906], [-1258.504598112565, -989.8042743411359], [-1256.9446299790009, -989.3594211641191], [-1259.1875595409513, -981.9065508785144], [-1259.203544648696, -981.9111922023909], [-1259.2898104084784, -981.5667887811229], [-1259.3892958006402, -981.2362158841079], [-1259.3737430258695, -981.2317000894044], [-1259.9588873075963, -978.8955971782318], [-1254.0304392765934, -977.1423778334134], [-1253.249129966511, -979.8160319005781], [-1250.4235462758434, -989.2550095366688], [-1252.5201522756488, -990.052189786437], [-1252.426434621265, -990.8004978253701], [-1255.386806204679, -992.3354134488015], [-1254.2364449616568, -994.3036915529493], [-1255.1607817829251, -995.4898528156799], [-1257.5473920305292, -998.6815624984046], [-1257.6797467459899, -998.8585657721123], [-1257.996999053972, -999.2828400180938], [-1258.0219875989358, -999.3113437634574], [-1262.4799051421649, -1005.2099714011105], [-1270.5106345657468, -1000.0270954087108], [-1270.0702255413305, -999.5247329579922], [-1269.1233303303338, -997.9045870059409]]]}, "properties": {"id": 302, "height_median_m": 3.0, "building_count": 4, "area_m2": 164.81985116701858}}, {"type": "Feature", "geometry": {"type": "Polygon", "coordinates": [[[-1261.5427320929043, -1006.3760521306075], [-1257.501701810476, -1008.552756687466], [-1257.6373800866263, -1009.6361080092502], [-1259.7806812991694, -1013.5477955184135], [-1264.1098191767105, -1011.4685835582293], [-1261.5427320929043, -1006.3760521306075]]]}, "properties": {"id": 303, "height_median_m": 3.0, "building_count": 1, "area_m2": 27.160387131334375}}, {"type": "Feature", "geometry": {"type": "Polygon", "coordinates": [[[-1317.7178850198961, -978.5180860955646], [-1325.242557142102, -977.6597674599474], [-1324.5240093705224, -973.9714429755305], [-1319.414634118923, -974.4472081756168], [-1314.2755400571693, -975.2846400512442], [-1314.8756723557804, -978.9812337736319], [-1317.7178850198961, -978.5180860955646]]]}, "properties": {"id": 304, "height_median_m": 3.0, "building_count": 1, "area_m2": 39.32336611344757}}, {"type": "Feature", "geometry": {"type": "Polygon", "coordinates": [[[-1313.7920057289089, -939.4172177462315], [-1317.473729564784, -942.776930570481], [-1318.4335734477468, -943.5589787809009], [-1325.6031781802637, -934.9067111695359], [-1321.3869671997068, -931.1098829040998], [-1313.7920057289089, -939.4172177462315]]]}, "properties": {"id": 305, "height_median_m": 3.0, "building_count": 1, "area_m2": 67.03131529416164}}, {"type": "Feature", "geometry": {"type": "Polygon", "coordinates": [[[-1293.2109943792818, -896.1408919974465], [-1298.64820495681, -892.2956046094372], [-1297.8920742250566, -891.0018583426435], [-1295.8247815219972, -888.1473115420769], [-1290.37799937426, -891.9993681063384], [-1292.1366321226994, -894.5068980622514], [-1293.2109943792818, -896.1408919974465]]]}, "properties": {"id": 306, "height_median_m": 3.0, "building_count": 1, "area_m2": 33.60969741103828}}, {"type": "Feature", "geometry": {"type": "Polygon", "coordinates": [[[-1290.6942969979366, -903.1727120357336], [-1284.4811824587791, -895.7252208361243], [-1280.2322533420863, -898.8612797350438], [-1275.541976574034, -893.7659753572675], [-1279.7238002764113, -889.6614782944271], [-1276.850490421334, -886.1217724019709], [-1270.1584667572727, -892.1800320665761], [-1273.0602372404917, -895.1415839131439], [-1272.1373587644182, -896.0773190886047], [-1274.5402527375284, -898.8182340976646], [-1276.663175669872, -896.8623589152427], [-1281.81764106114, -903.5005681846834], [-1278.0146779057973, -907.6577562614251], [-1276.5678912876108, -909.3080659301288], [-1277.6682329645816, -910.9815718775753], [-1279.32468810057, -911.3864589007802], [-1282.0964779069527, -909.3957561736929], [-1283.6617053527896, -908.1682855198875], [-1284.8252760317503, -907.283450157819], [-1290.6942969979366, -903.1727120357336]]]}, "properties": {"id": 307, "height_median_m": 3.0, "building_count": 2, "area_m2": 159.25054376568718}}, {"type": "Feature", "geometry": {"type": "Polygon", "coordinates": [[[-1287.6038441409937, -870.4565108638142], [-1287.6038441409937, -870.1226830846343], [-1298.3892951860612, -868.556889089338], [-1297.0125043225264, -859.7381103973215], [-1281.9752513354251, -861.9551106031781], [-1282.7599607630364, -867.1019151490011], [-1281.7844535710067, -867.3244619889451], [-1282.3729982508369, -871.2182149377774], [-1287.6038441409937, -870.4565108638142]]]}, "properties": {"id": 308, "height_median_m": 3.0, "building_count": 1, "area_m2": 140.9550911233784}}, {"type": "Feature", "geometry": {"type": "Polygon", "coordinates": [[[-1267.6951669783198, -844.6054496677859], [-1267.2704618164753, -843.3135843688085], [-1262.6589805584968, -845.0669809446925], [-1260.1092721919863, -838.4746480791584], [-1264.8724738466617, -836.6224027355995], [-1263.2471414591275, -832.5171792143561], [-1253.746259675779, -836.3281310607983], [-1256.5744156918524, -846.1256116768376], [-1256.6634175070972, -846.0917710366251], [-1258.429124240063, -852.1340502290419], [-1268.9636019081884, -848.207903430167], [-1267.6951669783198, -844.7113038118885], [-1267.6951669783198, -844.6054496677859]]]}, "properties": {"id": 309, "height_median_m": 6.0, "building_count": 3, "area_m2": 143.67516046838458}}, {"type": "Feature", "geometry": {"type": "Polygon", "coordinates": [[[-1314.8401647973674, -838.0282338204271], [-1313.5519883773939, -837.4404788676139], [-1307.9557888006946, -834.9580335537581], [-1305.4672300814095, -840.7929960974776], [-1305.9792026322293, -839.7418087059408], [-1311.6143451067833, -842.3129494654643], [-1312.8176429683535, -842.7704723808533], [-1314.8401647973674, -838.0282338204271]]]}, "properties": {"id": 310, "height_median_m": 3.0, "building_count": 1, "area_m2": 39.26764151840226}}, {"type": "Feature", "geometry": {"type": "Polygon", "coordinates": [[[-1305.2976733383346, -841.1411317742542], [-1301.1448262692381, -839.0686775033705], [-1299.0884309194685, -843.369079044257], [-1300.15635940423, -843.9227866008188], [-1298.9832119665862, -846.2645963304035], [-1302.05214628138, -847.8048818432659], [-1303.1831563653973, -845.4826801201241], [-1305.2976733383346, -841.1411317742542]]]}, "properties": {"id": 311, "height_median_m": 3.0, "building_count": 1, "area_m2": 31.082212691263933}}, {"type": "Feature", "geometry": {"type": "Polygon", "coordinates": [[[-1325.6600792743275, -809.5010647226857], [-1324.479068913161, -809.0520160530455], [-1325.361047699464, -806.2574357116354], [-1316.5068989814938, -803.2515774649899], [-1315.3016635180024, -806.8260026466772], [-1316.0860564431089, -807.0496865007689], [-1314.930157181635, -810.5995008389187], [-1313.8147342404152, -813.9538313004861], [-1313.7526255657858, -813.9331348168747], [-1313.6771736483283, -814.2128490738099], [-1313.3834060479815, -814.5479416899796], [-1313.5700102093472, -814.6101238246099], [-1313.1810023631729, -816.0522480846845], [-1317.6240644737252, -817.6116568975792], [-1317.821824510111, -817.0477083242988], [-1322.6038106916542, -818.6061883244015], [-1322.8163368768192, -818.0001314010874], [-1322.8163368768228, -818.0001314010763], [-1322.9153360841308, -817.717817224378], [-1323.014335292025, -817.379040211097], [-1324.1826186423139, -813.7143114024166], [-1325.6600792743275, -809.5010647226857]]]}, "properties": {"id": 312, "height_median_m": 6.0, "building_count": 3, "area_m2": 125.9465551897112}}, {"type": "Feature", "geometry": {"type": "Polygon", "coordinates": [[[-1244.4460268515925, -794.6160755978892], [-1241.6413534037993, -797.2000559712515], [-1239.828643075457, -798.750837550026], [-1244.8612430255748, -805.1020823975298], [-1246.799061133344, -803.2817399970718], [-1249.4745895380374, -800.7181426529754], [-1244.4460268515925, -794.6160755978892]]]}, "properties": {"id": 313, "height_median_m": 3.0, "building_count": 1, "area_m2": 50.04671942984925}}, {"type": "Feature", "geometry": {"type": "Polygon", "coordinates": [[[-1225.5603812051256, -798.7900442981504], [-1224.6941050409064, -797.3627347578525], [-1230.2681924548187, -794.1278569672676], [-1227.5342438596542, -789.9698037627466], [-1219.3336200477854, -795.126620570821], [-1222.8389117661868, -800.6244065056645], [-1225.5603812051256, -798.7900442981504]]]}, "properties": {"id": 314, "height_median_m": 3.0, "building_count": 1, "area_m2": 52.553960996820905}}, {"type": "Feature", "geometry": {"type": "Polygon", "coordinates": [[[-1216.1714689108203, -775.8210095277283], [-1206.2469853321234, -783.4859891039774], [-1208.0082934868155, -785.7182954679661], [-1201.935798826331, -790.6202872356666], [-1197.1000800461609, -794.4289340829027], [-1195.6087456206396, -790.8849254869609], [-1189.2321994146198, -793.4738164232712], [-1191.8653199713, -801.9067992642425], [-1194.7098839696614, -811.1774159748064], [-1197.7957083044764, -809.9203035200048], [-1200.061579642531, -809.0156875487116], [-1196.8866051829957, -800.2909095391886], [-1201.5043820442238, -796.9389462081771], [-1202.58464532669, -798.2831933964825], [-1210.1751028755068, -792.3955997308167], [-1215.6248478804407, -788.1731563644656], [-1213.3805980633217, -785.2792953352889], [-1219.7246981659423, -780.380714176438], [-1216.1714689108203, -775.8210095277283]]]}, "properties": {"id": 315, "height_median_m": 3.0, "building_count": 2, "area_m2": 296.75109347253135}}, {"type": "Feature", "geometry": {"type": "Polygon", "coordinates": [[[-1201.776816468627, -760.0615590202652], [-1201.5243177003113, -759.8119430785274], [-1201.2839937608878, -759.564340973362], [-1201.2788590642317, -759.5692868904935], [-1198.3483683425532, -756.6722541400956], [-1193.559873324985, -761.3895261655758], [-1196.389106868587, -764.2829037292868], [-1194.344942436548, -766.2815226692408], [-1197.849972151645, -770.0216722306133], [-1204.7941395174496, -763.1807908403482], [-1201.771534500952, -760.0666467939277], [-1201.776816468627, -760.0615590202652]]]}, "properties": {"id": 316, "height_median_m": 3.0, "building_count": 2, "area_m2": 76.97151170098721}}, {"type": "Feature", "geometry": {"type": "Polygon", "coordinates": [[[-1188.3141758538911, -769.7953221352475], [-1185.2149930685275, -767.4838762766121], [-1178.2813783192064, -775.7469933438757], [-1180.1216051942997, -778.0930419699324], [-1180.790357207229, -778.8558689818971], [-1183.881083880358, -775.0872237436367], [-1188.3141758538911, -769.7953221352475]]]}, "properties": {"id": 317, "height_median_m": 3.0, "building_count": 1, "area_m2": 43.78657149105896}}, {"type": "Feature", "geometry": {"type": "Polygon", "coordinates": [[[-1232.9974170900232, -664.6798692685626], [-1231.0082580798464, -664.3962469028545], [-1231.5201647817678, -660.3088217191748], [-1230.3606418303266, -659.8679430821873], [-1231.4482676152802, -653.4392509726932], [-1221.613630766308, -652.3875541420435], [-1221.9757904161002, -650.1154736556873], [-1215.110885136369, -649.0636008748638], [-1211.275186704285, -647.9697819716682], [-1209.9316168985563, -653.0783589457786], [-1213.385261224744, -654.3164802924983], [-1213.1815035532143, -655.9434256594316], [-1220.7913969306887, -656.9079140921375], [-1220.2015953984176, -661.5561457529581], [-1220.6863953789618, -661.5561457529581], [-1219.131673214206, -673.0834327970022], [-1226.5497783749322, -674.085467733469], [-1225.6713649024864, -680.7653481809808], [-1232.2217049136889, -681.6370573100795], [-1233.8351366877414, -669.0993513112904], [-1232.9974170900232, -664.6798692685626]]]}, "properties": {"id": 318, "height_median_m": 3.0, "building_count": 5, "area_m2": 368.42146893672486}}, {"type": "Feature", "geometry": {"type": "Polygon", "coordinates": [[[-1200.207539051111, -577.5387091441178], [-1204.7900655455114, -574.3514153481497], [-1200.7772754818488, -568.6607439567251], [-1196.302506880805, -571.7232911747759], [-1200.207539051111, -577.5387091441178]]]}, "properties": {"id": 319, "height_median_m": 3.0, "building_count": 1, "area_m2": 38.42479421864539}}, {"type": "Feature", "geometry": {"type": "Polygon", "coordinates": [[[-1223.8940786497574, -565.3044809373685], [-1221.50313601529, -560.2056485381718], [-1219.7482699652585, -556.2021937463694], [-1219.2136912061317, -554.9826351972522], [-1213.9310577071951, -557.463828273538], [-1212.9014673194704, -557.7993783912984], [-1213.4474902888815, -559.0450451322351], [-1217.595553731687, -568.2773998299384], [-1223.8940786497574, -565.3044809373685]]]}, "properties": {"id": 320, "height_median_m": 3.0, "building_count": 1, "area_m2": 78.40902040074867}}, {"type": "Feature", "geometry": {"type": "Polygon", "coordinates": [[[-1213.0001991963907, -541.8178184625267], [-1214.138874281429, -539.7396499435245], [-1207.2041720684688, -535.6019943555983], [-1204.4893751061927, -540.1851017163183], [-1206.0327075629627, -543.3538880443547], [-1207.1779585752834, -545.9666006521475], [-1211.445214627603, -542.9533606688012], [-1212.1442707185897, -543.3520576886032], [-1213.0001991963907, -541.8178184625267]]]}, "properties": {"id": 321, "height_median_m": 3.0, "building_count": 1, "area_m2": 54.27385999358284}}, {"type": "Feature", "geometry": {"type": "Polygon", "coordinates": [[[-1248.3191297504738, -525.2036967461547], [-1243.1776926896184, -519.3390010226087], [-1241.6162278139054, -520.6748410227881], [-1236.4388439705353, -514.7691417935619], [-1230.9359251041546, -519.6889746037979], [-1228.8698610363613, -518.4593907384091], [-1226.6562005965704, -522.1805340407047], [-1232.250848384079, -525.4455697598321], [-1232.8696358902946, -526.100986929018], [-1235.8357737756128, -523.5634430529922], [-1242.0352635975796, -530.7921768218508], [-1248.3191297504738, -525.2036967461547]]]}, "properties": {"id": 322, "height_median_m": 3.0, "building_count": 1, "area_m2": 150.55295310374024}}, {"type": "Feature", "geometry": {"type": "Polygon", "coordinates": [[[-1329.9215614287314, -520.0993698886068], [-1333.816587161333, -515.9103040351926], [-1328.8013499357733, -511.433200782281], [-1325.0165897246588, -515.623396928107], [-1329.9215614287314, -520.0993698886068]]]}, "properties": {"id": 323, "height_median_m": 3.0, "building_count": 1, "area_m2": 37.97043464134174}}, {"type": "Feature", "geometry": {"type": "Polygon", "coordinates": [[[-1259.9737287141431, -265.3156176204258], [-1256.3149901541285, -265.5314842941296], [-1258.446923144113, -261.179775487551], [-1254.9770515482244, -259.5419877587997], [-1252.9276963134719, -263.9575358406884], [-1254.2360819592366, -264.5971527645738], [-1252.2674850630444, -268.9384997218793], [-1251.559972657732, -269.0730063761342], [-1251.790002394487, -273.40241809044517], [-1253.6538591904264, -273.29785824753327], [-1254.1430814495682, -283.3426207982551], [-1259.1201638253422, -280.1169271288915], [-1258.791090779295, -275.23718777972607], [-1260.2889039225445, -275.142270322899], [-1259.9737287141431, -265.3156176204258]]]}, "properties": {"id": 324, "height_median_m": 3.0, "building_count": 3, "area_m2": 126.66585965570931}}, {"type": "Feature", "geometry": {"type": "Polygon", "coordinates": [[[-1213.5140023602232, -271.6648431068613], [-1210.433712065287, -270.911928318066], [-1207.7521547092983, -270.274682764362], [-1205.2645969532607, -280.4423504471374], [-1205.7327104669012, -280.70933254707995], [-1210.797814013516, -281.9130042522809], [-1213.5140023602232, -271.6648431068613]]]}, "properties": {"id": 325, "height_median_m": 3.0, "building_count": 1, "area_m2": 61.79372449751442}}, {"type": "Feature", "geometry": {"type": "Polygon", "coordinates": [[[-1266.1108471553518, -247.9813699549863], [-1266.2207061909262, -254.24702883414807], [-1270.5374250260334, -254.11394877107477], [-1270.3176993980694, -247.84807438406483], [-1266.1108471553518, -247.9813699549863]]]}, "properties": {"id": 326, "height_median_m": 3.0, "building_count": 1, "area_m2": 26.72530195801117}}, {"type": "Feature", "geometry": {"type": "Polygon", "coordinates": [[[-1232.9524454816667, -237.06716027899438], [-1232.8425721177346, -233.93392224010887], [-1228.6937940014539, -234.05526575282164], [-1227.9469963262964, -234.05526575282164], [-1228.0562611106882, -237.42041971851418], [-1228.1613150625326, -242.2137057529743], [-1228.8992117270172, -242.2137057529743], [-1233.0573319964792, -242.0920890008519], [-1232.9524454816667, -237.06716027899438]]]}, "properties": {"id": 327, "height_median_m": 3.0, "building_count": 1, "area_m2": 39.99364343138923}}, {"type": "Feature", "geometry": {"type": "Polygon", "coordinates": [[[-1286.564905806842, -180.79367406320156], [-1285.007053277802, -179.5719869096465], [-1290.2826431844308, -172.5513133643389], [-1285.8140966142137, -169.2381671223888], [-1278.1758522277587, -179.5992575217637], [-1284.2066943173716, -184.02161037926857], [-1286.564905806842, -180.79367406320156]]]}, "properties": {"id": 328, "height_median_m": 3.0, "building_count": 1, "area_m2": 78.85274562771579}}, {"type": "Feature", "geometry": {"type": "Polygon", "coordinates": [[[-1315.8964356023553, -130.82296168073924], [-1321.9997102016528, -123.14093428565391], [-1313.6457859947188, -116.47057032045245], [-1304.4275244128812, -128.03708927277714], [-1312.001622595601, -134.15678135975875], [-1315.1183100241942, -130.15727186027286], [-1315.8964356023553, -130.82296168073924]]]}, "properties": {"id": 329, "height_median_m": 3.0, "building_count": 1, "area_m2": 153.5606414852306}}, {"type": "Feature", "geometry": {"type": "Polygon", "coordinates": [[[-1288.7910609388425, -86.442385576649], [-1287.9153561544547, -84.33361285653001], [-1288.8865707570806, -84.00126152798659], [-1287.0178444981852, -79.32548369149752], [-1285.7204943040022, -76.07935748373866], [-1285.5941468990438, -75.76322108174284], [-1285.5920887228947, -75.76405413831196], [-1284.323398511631, -72.6470941382717], [-1280.9753294817428, -74.00224097566203], [-1275.9661688740878, -76.02588332652475], [-1280.521184250495, -87.36213201958839], [-1285.2021379331356, -85.47108212021207], [-1285.9783478995362, -87.46323513821756], [-1288.7910609388425, -86.442385576649]]]}, "properties": {"id": 330, "height_median_m": 6.0, "building_count": 4, "area_m2": 116.72998336101324}}, {"type": "Feature", "geometry": {"type": "Polygon", "coordinates": [[[-1318.0225565788835, 44.14749929721025], [-1315.3439194497355, 50.25839456996478], [-1312.2908416444798, 48.890245288052476], [-1307.3821898355138, 46.74588460948184], [-1310.3034244864405, 40.20495448208564], [-1312.0534787617257, 40.98126954641559], [-1313.8200508369673, 37.08544794907999], [-1315.1985481053205, 37.71441350406989], [-1316.5524170414835, 34.625771450032865], [-1318.2412391397395, 35.4513683981593], [-1321.2871126275709, 36.81628927177694], [-1318.0225565788835, 44.14749929721025]]]}, "properties": {"id": 331, "height_median_m": 6.0, "building_count": 2, "area_m2": 107.9159237657763}}, {"type": "Feature", "geometry": {"type": "Polygon", "coordinates": [[[-1316.4183096152913, 76.6192315690355], [-1315.6639532735285, 77.90994183961188], [-1315.7506125416126, 77.964858418271], [-1315.5838667195299, 78.21846157700588], [-1315.28740302125, 79.23296551482571], [-1313.7683011577894, 80.38816396737947], [-1311.2809866889193, 81.19879572238362], [-1311.6145540806895, 83.8622337099015], [-1311.467735148831, 84.86706759264221], [-1310.7825607271582, 86.0394069954273], [-1310.1945623569904, 87.0454773277641], [-1309.5003518966323, 88.15409079441653], [-1308.9125984807533, 87.70713469921215], [-1308.2434956697266, 87.27100489514524], [-1304.765526193516, 85.11736898693336], [-1303.413898839756, 83.06168349927886], [-1300.8495266447283, 82.64381081867037], [-1300.29155311387, 82.51651780910147], [-1297.802713675209, 80.92670545312185], [-1295.1686658570518, 79.29922145818462], [-1301.3014537650652, 69.09266885588599], [-1301.8060427198757, 68.28686983329828], [-1302.1105372322577, 67.93954132504783], [-1302.9478845734939, 68.41711085601212], [-1313.1699564103353, 74.57101872101882], [-1313.173931113943, 74.56324643246445], [-1313.4947464774916, 74.76654935127176], [-1313.771103999324, 74.93292254393795], [-1313.767722001689, 74.93953583240048], [-1316.4183096152913, 76.6192315690355]]]}, "properties": {"id": 332, "height_median_m": 3.0, "building_count": 6, "area_m2": 217.93664291962162}}, {"type": "Feature", "geometry": {"type": "Polygon", "coordinates": [[[-1268.4523047172208, 81.1731628394416], [-1269.6667212967004, 79.64938612092213], [-1275.1495647612858, 85.53562481288783], [-1269.4897995194756, 91.26070227200312], [-1263.921143993562, 85.51946059605025], [-1268.4523047172208, 81.1731628394416]]]}, "properties": {"id": 333, "height_median_m": 3.0, "building_count": 1, "area_m2": 64.37667102488663}}, {"type": "Feature", "geometry": {"type": "Polygon", "coordinates": [[[-1195.7597780490414, -1348.2987800174185], [-1194.5833769407288, -1344.273114935399], [-1193.1195036200659, -1344.7183949354937], [-1192.9296859632916, -1344.068835608729], [-1184.0648988581224, -1346.2356538854426], [-1184.4567625646227, -1347.8001123864244], [-1181.9145880443855, -1348.469294347167], [-1184.045434176915, -1356.4902661838134], [-1194.76728873217, -1353.7592675437015], [-1193.5958499183805, -1348.8597648473701], [-1195.7597780490414, -1348.2987800174185]]]}, "properties": {"id": 334, "height_median_m": 3.0, "building_count": 1, "area_m2": 115.66123296135098}}, {"type": "Feature", "geometry": {"type": "Polygon", "coordinates": [[[-1184.39399190126, -1260.0874128674236], [-1184.39399190126, -1260.0874128674232], [-1189.4660674888678, -1259.406756749827], [-1188.3087601473298, -1249.9259766145294], [-1182.5399138176656, -1250.5587039417176], [-1182.9253936508517, -1253.8565006998954], [-1174.7141841507264, -1254.6370257527053], [-1173.8523739472414, -1254.6370257527053], [-1174.2500355848551, -1258.265839218929], [-1173.657530348907, -1258.3784816210555], [-1174.0382583896974, -1261.2737215884674], [-1176.3321605278165, -1261.0120624863355], [-1184.0221267138654, -1260.12378575288], [-1184.122950446397, -1260.12378575288], [-1184.39399190126, -1260.0874128674236]]]}, "properties": {"id": 335, "height_median_m": 6.0, "building_count": 2, "area_m2": 116.58626739166448}}, {"type": "Feature", "geometry": {"type": "Polygon", "coordinates": [[[-1137.7933801612628, -1222.2311065899949], [-1137.282329956944, -1241.5847444653973], [-1137.9989468867252, -1241.3122693970613], [-1147.4511262972503, -1241.5416702661971], [-1147.646217004099, -1235.4219688024893], [-1151.0590193892147, -1235.5331942235796], [-1151.5750847426143, -1222.700372590774], [-1137.7933801612628, -1222.2311065899949]]]}, "properties": {"id": 336, "height_median_m": 3.0, "building_count": 1, "area_m2": 238.96669826595763}}, {"type": "Feature", "geometry": {"type": "Polygon", "coordinates": [[[-1073.3925722330641, -1177.074423781931], [-1073.3896815833914, -1177.073393380522], [-1074.7367006211584, -1173.2833414585834], [-1074.9324512917603, -1172.7251229544984], [-1076.1185588983594, -1169.2812240196401], [-1070.2788499854885, -1167.17184553843], [-1070.283969336968, -1167.1589986311446], [-1069.9325956669886, -1167.0467739947335], [-1069.6201342336515, -1166.9339088787622], [-1069.5801510697836, -1167.0342458064456], [-1061.410832720508, -1164.0333675929103], [-1059.827981242593, -1168.4869715270913], [-1058.5633853905185, -1172.148676092064], [-1058.4665746211624, -1172.3695348513243], [-1056.6278473619047, -1177.5081294950517], [-1054.6791648437077, -1176.8241884164618], [-1056.4220405595604, -1178.0832869725118], [-1056.3920077374012, -1178.1672181255994], [-1056.6763736322448, -1178.2670237712175], [-1059.591087394008, -1180.3726884811879], [-1059.7091271307563, -1180.4265463525664], [-1060.9272749089173, -1181.3528847777532], [-1063.0199118848684, -1182.8305597356455], [-1070.4279119968, -1185.5298978113908], [-1071.809279212073, -1181.4088688180184], [-1072.0800035138839, -1180.6677301970713], [-1073.2767901834875, -1177.391390334175], [-1073.3925722330641, -1177.074423781931]]]}, "properties": {"id": 337, "height_median_m": 6.0, "building_count": 5, "area_m2": 260.22309033413507}}, {"type": "Feature", "geometry": {"type": "Polygon", "coordinates": [[[-1101.674398222118, -1173.7215141497713], [-1105.5900169430427, -1162.040059645123], [-1096.2441754486913, -1158.8059619897615], [-1093.1050620505785, -1168.0464787391352], [-1092.517153055286, -1169.8347763583777], [-1092.3218974371298, -1170.5029444852664], [-1089.887560465163, -1177.9447180265472], [-1089.304471903693, -1179.3857963475746], [-1088.3981618292664, -1181.8410783610777], [-1097.7413922744968, -1185.074272471494], [-1098.5480661878278, -1182.9710708097855], [-1100.9909074340208, -1175.837677494464], [-1101.674398222118, -1173.7215141497713]]]}, "properties": {"id": 338, "height_median_m": 3.0, "building_count": 2, "area_m2": 240.76885850469844}}, {"type": "Feature", "geometry": {"type": "Polygon", "coordinates": [[[-1178.679158803567, -1151.455013957389], [-1178.182425577232, -1149.8685061892277], [-1179.1022939980408, -1149.4487987549885], [-1178.7996108340108, -1145.9961752281956], [-1174.1791717956382, -1140.725767607503], [-1171.1272895030077, -1143.366676526478], [-1170.3974153329114, -1143.678881791671], [-1167.4497183625117, -1144.924199121622], [-1168.219530263801, -1146.8999314228224], [-1166.849211605475, -1147.3465270719864], [-1169.0157484563981, -1152.7252583070833], [-1170.3096602560104, -1155.9375756092647], [-1170.4396885193225, -1156.2603889881486], [-1170.4408752526851, -1156.2598937415344], [-1171.7014915655145, -1159.3570175213213], [-1175.5655145170688, -1158.0213858203078], [-1174.6870385886918, -1155.4605829189948], [-1176.9289728512017, -1154.6822703586754], [-1176.1478684164838, -1152.343436500348], [-1178.679158803567, -1151.455013957389]]]}, "properties": {"id": 339, "height_median_m": 6.0, "building_count": 3, "area_m2": 134.7289552233659}}, {"type": "Feature", "geometry": {"type": "Polygon", "coordinates": [[[-1179.4738940702932, -1162.2251921706072], [-1176.9903467078195, -1166.7321009819332], [-1178.2683074189847, -1167.460968284166], [-1180.8927188583507, -1168.9023283026015], [-1182.0841831483906, -1169.6951194378946], [-1182.9906814538153, -1170.0397919920952], [-1185.4522066845707, -1165.5728468798663], [-1179.4738940702932, -1162.2251921706072]]]}, "properties": {"id": 340, "height_median_m": 3.0, "building_count": 1, "area_m2": 35.34799688734236}}, {"type": "Feature", "geometry": {"type": "Polygon", "coordinates": [[[-1170.0381669893934, -1169.0346231845047], [-1165.5525731557989, -1170.925538139574], [-1164.2822264962879, -1167.8045085227884], [-1160.3211449775204, -1169.5320925356045], [-1164.2926604301333, -1179.1885679665631], [-1165.6592936863185, -1178.6318247752852], [-1166.4381712721513, -1180.519768746464], [-1170.4976936632333, -1178.9321394522217], [-1169.81309212815, -1177.147211164942], [-1172.8232993413442, -1175.9288155021188], [-1172.4239243600211, -1174.7139993760757], [-1170.0381669893934, -1169.0346231845047]]]}, "properties": {"id": 341, "height_median_m": 3.0, "building_count": 1, "area_m2": 90.18606415707576}}, {"type": "Feature", "geometry": {"type": "Polygon", "coordinates": [[[-1140.5478148946274, -1153.5257772845737], [-1138.4472147759034, -1155.2913222443035], [-1142.0412113052223, -1160.5622016956531], [-1142.929813512864, -1161.8654069386075], [-1145.4744696744672, -1159.9723943940219], [-1147.8716803485306, -1157.983716411229], [-1143.3865196749023, -1151.2840625466974], [-1141.8206975455364, -1152.5205865305413], [-1140.5478148946274, -1153.5257772845737]]]}, "properties": {"id": 342, "height_median_m": 3.0, "building_count": 1, "area_m2": 50.88930770703643}}, {"type": "Feature", "geometry": {"type": "Polygon", "coordinates": [[[-1081.8304608983026, -1142.8192408788043], [-1076.941747307721, -1142.0411356205793], [-1075.9608961618778, -1148.7541150279258], [-1080.8503936698226, -1149.4026400526254], [-1081.8304608983026, -1142.8192408788043]]]}, "properties": {"id": 343, "height_median_m": 3.0, "building_count": 1, "area_m2": 33.20307553693325}}, {"type": "Feature", "geometry": {"type": "Polygon", "coordinates": [[[-1058.2305521222625, -1142.9254282968825], [-1056.6271405573452, -1141.8280478366605], [-1059.1032214598781, -1138.8153573567092], [-1056.3881102724765, -1136.8445057081158], [-1052.781683226692, -1141.252097195486], [-1049.860628129649, -1138.8288483667607], [-1044.252169091272, -1145.8297929054193], [-1051.1285936247114, -1151.6220992488395], [-1058.2305521222625, -1142.9254282968825]]]}, "properties": {"id": 344, "height_median_m": 3.0, "building_count": 2, "area_m2": 104.78903643008215}}, {"type": "Feature", "geometry": {"type": "Polygon", "coordinates": [[[-1180.0103381382373, -1076.0213319429693], [-1179.6643288558537, -1076.0820524451092], [-1178.2643620477866, -1076.1885126848665], [-1171.3028684409287, -1077.0156776973683], [-1172.0910268288028, -1083.5657576144808], [-1165.0791533340227, -1084.2552620177237], [-1165.0791533340225, -1084.2552620177212], [-1153.8527058394793, -1085.3592016404032], [-1168.0005880463038, -1075.8531976629856], [-1165.979091084344, -1072.9708652413071], [-1162.093987063618, -1066.7665815489681], [-1162.603584267498, -1066.3966738656122], [-1161.847005696625, -1065.1021613416742], [-1160.9486983857018, -1063.9311048606], [-1158.2298771126061, -1065.7918756097656], [-1156.095998628207, -1062.4727077281636], [-1151.7975329877431, -1065.311368555847], [-1159.0493691685488, -1076.110884821155], [-1157.5510441476204, -1077.117613842433], [-1157.9401966577295, -1077.6724832872583], [-1153.1110849073332, -1080.1206765494967], [-1149.9997496941285, -1081.485682099535], [-1147.8720995504916, -1076.7420941973855], [-1145.3019580448165, -1077.936486283282], [-1144.259575832793, -1075.7566223434467], [-1142.8720047621753, -1076.3321729339143], [-1137.1337814928806, -1079.027351361269], [-1140.3417107649307, -1086.3457445899405], [-1140.4397652465652, -1086.681288733511], [-1142.4336676313765, -1091.1163483813943], [-1142.8912439764313, -1091.507806936874], [-1143.2031403345038, -1091.7449879966498], [-1144.9335465449813, -1092.8552655325216], [-1146.0628272567403, -1092.3645457528635], [-1147.7027192171565, -1092.3645457528635], [-1153.0047474733562, -1095.388484597921], [-1152.7175747993183, -1093.0299808573016], [-1162.955792537055, -1092.0289705883474], [-1165.320117751026, -1091.8042271975467], [-1165.7917756871032, -1091.696625752968], [-1166.2554107143794, -1091.696625752968], [-1169.7654535046934, -1091.3933068750232], [-1173.1857295455816, -1091.1400257527912], [-1173.5550661739223, -1091.1400257527912], [-1173.5523274912928, -1091.1119102938135], [-1181.9786699988813, -1090.4711304978582], [-1185.0073021213705, -1090.2482480917608], [-1186.1853899864172, -1090.1362637255886], [-1188.4508245465545, -1089.8778518412512], [-1188.4508245465545, -1088.9986865873832], [-1188.3521833683994, -1087.3109274405876], [-1188.1564244452113, -1085.4129045125987], [-1187.8644091226377, -1082.1929973923357], [-1187.7668462910801, -1080.412401613828], [-1187.668837971645, -1079.294447694628], [-1187.3469845001111, -1075.378400812798], [-1184.7493215861919, -1075.6360601677118], [-1180.016788723879, -1076.0737577319742], [-1180.0103381382373, -1076.0213319429693]]]}, "properties": {"id": 345, "height_median_m": 6.0, "building_count": 11, "area_m2": 738.4994921032821}}, {"type": "Feature", "geometry": {"type": "Polygon", "coordinates": [[[-1153.469831998494, -1099.208150225638], [-1147.192930989589, -1099.7195708109077], [-1148.0556223598885, -1101.8282457358055], [-1151.8927574743977, -1111.8490760675486], [-1152.0718995972045, -1111.7724476344843], [-1153.423092087483, -1115.0751649449617], [-1155.2930119035414, -1119.9730870079566], [-1155.297599579129, -1120.0107648617775], [-1157.654941165478, -1126.1057287474682], [-1157.7703384086612, -1126.053076563986], [-1160.5670986473492, -1133.8835365843845], [-1166.6426758136818, -1131.493797402662], [-1166.7329194046504, -1131.3908590226404], [-1168.0219228901422, -1130.9707645107767], [-1170.9844070826994, -1129.719200003619], [-1168.0243020326366, -1122.1511595737798], [-1167.6307748298782, -1121.3656096911034], [-1167.3445264255831, -1120.7125783410472], [-1166.9589792918146, -1119.723066586218], [-1166.761386639981, -1119.1595953389135], [-1166.5636676092372, -1118.7085300272615], [-1163.308532347645, -1110.3983857528135], [-1165.7511551549776, -1110.3983857528135], [-1165.6247742007736, -1109.2090717302658], [-1165.6529432344041, -1109.210016778535], [-1164.4050395330974, -1098.4550657527252], [-1163.7870898860747, -1098.4550657527252], [-1153.4746940447696, -1099.2480814425146], [-1153.469831998494, -1099.208150225638]]]}, "properties": {"id": 346, "height_median_m": 3.0, "building_count": 4, "area_m2": 434.4260158191909}}, {"type": "Feature", "geometry": {"type": "Polygon", "coordinates": [[[-1152.439540855344, -1124.1699857526614], [-1140.3213289529317, -1124.1699857526614], [-1140.3213289529317, -1128.3209057526492], [-1142.5659347116946, -1128.3209057526492], [-1142.5659347116946, -1132.9963457527094], [-1142.9563009306248, -1132.9963457527094], [-1142.9563009306248, -1135.3205696585514], [-1146.486456017263, -1135.4594231321662], [-1146.486456017263, -1129.2114657527736], [-1152.439540855344, -1129.2114657527736], [-1152.439540855344, -1124.1699857526614]]]}, "properties": {"id": 347, "height_median_m": 3.0, "building_count": 1, "area_m2": 82.38342750888101}}, {"type": "Feature", "geometry": {"type": "Polygon", "coordinates": [[[-1170.8605172628206, -1109.3847266705043], [-1174.8784612381714, -1109.5195254374619], [-1174.9902330184673, -1103.9097457527955], [-1170.9721401351471, -1103.9097457527955], [-1170.8605172628206, -1109.3847266705043]]]}, "properties": {"id": 348, "height_median_m": 3.0, "building_count": 1, "area_m2": 22.276914523487182}}, {"type": "Feature", "geometry": {"type": "Polygon", "coordinates": [[[-1059.3278283696764, -1115.0300955292628], [-1058.6197559739771, -1107.437915838702], [-1051.730847386384, -1108.1416162914386], [-1044.4569468464658, -1108.84278289239], [-1045.1043912763023, -1116.1049162719376], [-1046.371119712122, -1115.993768406314], [-1046.565346163811, -1118.3200304599109], [-1048.6201593207113, -1118.2084176596136], [-1048.6215309529414, -1118.2221859911353], [-1048.9613299779164, -1118.1898860416402], [-1049.8249605339452, -1118.142975584377], [-1053.8321608272713, -1117.7455057528518], [-1059.0276852800996, -1117.7455057528518], [-1059.0576135063723, -1118.1039579436033], [-1062.7810976566957, -1117.82994014565], [-1062.5276693246974, -1114.7946135621328], [-1059.3278283696764, -1115.0300955292628]]]}, "properties": {"id": 349, "height_median_m": 6.0, "building_count": 4, "area_m2": 147.4680712559348}}, {"type": "Feature", "geometry": {"type": "Polygon", "coordinates": [[[-1084.384458905066, -1116.296093024343], [-1088.526156953934, -1114.458857098025], [-1086.7866971346116, -1110.358272303298], [-1080.3704062830896, -1113.3253883906905], [-1077.6402589533216, -1106.2774532384826], [-1074.8260362442566, -1107.1529367951787], [-1077.050483508315, -1113.0289417138024], [-1071.330551277667, -1114.9479326666676], [-1072.720270501513, -1119.1751712352143], [-1078.6270372662455, -1117.1934988088396], [-1078.793992308246, -1117.634520119543], [-1084.0005063087215, -1115.474910229494], [-1084.384458905066, -1116.296093024343]]]}, "properties": {"id": 350, "height_median_m": 3.0, "building_count": 3, "area_m2": 89.22088841017072}}, {"type": "Feature", "geometry": {"type": "Polygon", "coordinates": [[[-1135.4823791539359, -1100.3475057526932], [-1135.2913331506975, -1100.3475057526932], [-1133.713319849659, -1100.4600055236597], [-1130.2029701372387, -1100.7936854640288], [-1128.1551956035696, -1100.9049159422416], [-1123.925947760284, -1101.2667299367117], [-1123.925947760284, -1102.5237003565194], [-1124.1225652263408, -1104.514151019803], [-1124.151366159409, -1104.859101551112], [-1124.1565981994997, -1104.8586827409993], [-1124.9374330695514, -1112.763439709845], [-1140.371437997454, -1111.4809457352562], [-1139.5562959585568, -1103.2288812302368], [-1139.3372749132845, -1099.981074629696], [-1135.4823791539359, -1100.3475057526932]]]}, "properties": {"id": 351, "height_median_m": 9.0, "building_count": 2, "area_m2": 178.61074583898613}}, {"type": "Feature", "geometry": {"type": "Polygon", "coordinates": [[[-1118.7466488270784, -1065.6477457526885], [-1110.4323475678614, -1062.0553614449257], [-1110.4010203809846, -1062.1268295642108], [-1106.662396670864, -1060.527625132521], [-1105.7873944929531, -1060.0840291780876], [-1098.6591409175307, -1056.8539048461653], [-1094.8919628896697, -1055.063439731101], [-1095.2702353733378, -1054.1914804417454], [-1092.3085465825584, -1053.0653748165964], [-1088.2631028589553, -1051.5271993827996], [-1092.1528524065127, -1043.762571475056], [-1086.7126051499401, -1041.1562445540424], [-1083.308388574498, -1045.0393406915064], [-1081.7279395416863, -1047.1425778472121], [-1069.5411953665998, -1041.9071047999068], [-1069.2525358337746, -1042.565636765774], [-1067.9740863802801, -1045.4822209631545], [-1067.7008289859334, -1046.105615338282], [-1067.7008289859546, -1046.1056153382913], [-1065.2999456771258, -1051.5828583376174], [-1064.9077600530243, -1052.589407864598], [-1064.1915533023107, -1054.359482069007], [-1070.2735160254463, -1056.80802117152], [-1070.2261893836298, -1056.909241541879], [-1070.5595434967825, -1057.047513491131], [-1071.5398663093488, -1057.4868170521952], [-1076.608750429748, -1059.6072483884827], [-1077.4098661229307, -1059.9727726354397], [-1077.4135636145313, -1059.9646747918189], [-1086.2667183371577, -1063.8357855811614], [-1089.3974112930364, -1065.2865430361264], [-1091.2931698737602, -1066.007356246053], [-1092.8949976525826, -1066.8378839060044], [-1098.1756720334347, -1069.1803638678214], [-1103.1606550297004, -1071.354511733172], [-1103.1468699538568, -1071.3938223744758], [-1110.671318118072, -1074.5254322938106], [-1113.0436601321212, -1075.5563142864685], [-1117.1895386749686, -1065.6477457526885], [-1118.7466488270784, -1065.6477457526885]]]}, "properties": {"id": 352, "height_median_m": 6.0, "building_count": 10, "area_m2": 709.7285803941732}}, {"type": "Feature", "geometry": {"type": "Polygon", "coordinates": [[[-1143.0569946598641, -1059.8299174439414], [-1143.7000767228571, -1059.5854021089515], [-1142.2518859644836, -1056.7898598531597], [-1141.7264598710021, -1055.741016461404], [-1139.776974093143, -1056.3950531563305], [-1138.1351487250063, -1056.9712946954671], [-1138.7983820762174, -1058.3330523434167], [-1139.581691410672, -1059.7849888602107], [-1140.3262426291033, -1061.2004706588884], [-1143.0569946598641, -1059.8299174439414]]]}, "properties": {"id": 353, "height_median_m": 3.0, "building_count": 1, "area_m2": 16.989347933206403}}, {"type": "Feature", "geometry": {"type": "Polygon", "coordinates": [[[-1142.784173875668, -1030.5441404865207], [-1142.7894020466856, -1030.5222738403945], [-1146.6388851362183, -1031.1978122084158], [-1146.8768222361932, -1029.0265458062643], [-1146.8768222361932, -1027.9895057526642], [-1146.1551169761756, -1027.9895057526642], [-1143.0700346231288, -1027.6595930794442], [-1139.7890845465358, -1026.9352402855936], [-1138.617713024658, -1029.4590815357185], [-1142.0631712164825, -1030.3948289917141], [-1142.453690095473, -1030.4633603971156], [-1142.784173875668, -1030.5441404865207]]]}, "properties": {"id": 354, "height_median_m": 3.0, "building_count": 2, "area_m2": 22.56384245924138}}, {"type": "Feature", "geometry": {"type": "Polygon", "coordinates": [[[-1137.0212894132742, -1022.3081989075407], [-1138.0749999729867, -1021.7072295929058], [-1137.0413707534412, -1019.8850886147586], [-1137.8920250063352, -1019.3460231201987], [-1137.3736258333597, -1018.1633757876132], [-1135.9224951022939, -1015.6168144357248], [-1133.8656089392505, -1016.7899311484084], [-1130.8558439863796, -1018.4055339859175], [-1129.6803921826593, -1016.2825919209073], [-1124.9695444722229, -1018.9693590730125], [-1124.2473379791181, -1017.4002141854274], [-1121.480937541617, -1018.7886591886771], [-1120.2138684869374, -1019.4557257080346], [-1117.1461342240043, -1020.9554171475629], [-1115.4098514883026, -1017.819578106099], [-1115.2467937797333, -1017.5140141696412], [-1115.2420548942168, -1017.516526592691], [-1114.065743427905, -1015.3920319207504], [-1111.9284137268942, -1016.611028497871], [-1110.4333908865478, -1013.7019337573706], [-1109.3873182904704, -1011.8458040902023], [-1109.0569429106492, -1012.0132930240901], [-1104.166059966078, -1000.3905939825001], [-1100.2323085376122, -1001.9671503493831], [-1091.748436566029, -1005.5815707797301], [-1100.2239651462385, -1018.8511031290217], [-1097.5357442408256, -1020.3014177983022], [-1100.6530030699246, -1025.5165490904353], [-1101.629258751607, -1027.0755722653885], [-1102.7027658535947, -1028.8566922656637], [-1103.1986428976327, -1029.6485788767363], [-1105.7478170087372, -1033.1621375988302], [-1107.2618729219946, -1032.1259124574901], [-1112.2605809741053, -1040.8688084204643], [-1113.3128237493252, -1042.7358863264078], [-1122.3172852387472, -1037.4808837757641], [-1116.3566289882267, -1027.4521279348871], [-1119.5106593319413, -1026.0683911689819], [-1119.610018142549, -1025.955055308838], [-1120.5237497425246, -1025.5381479158573], [-1126.6652841379366, -1022.4427036077097], [-1129.1204736085454, -1026.8143204562516], [-1131.9449123681684, -1025.2034406848065], [-1130.8288294722722, -1024.9570371294526], [-1137.0212894132742, -1022.3081989075407]]]}, "properties": {"id": 355, "height_median_m": 3.0, "building_count": 7, "area_m2": 674.0933661233574}}, {"type": "Feature", "geometry": {"type": "Polygon", "coordinates": [[[-1091.407454557276, -991.4405835407357], [-1090.3392490658432, -992.4375156668707], [-1088.8825705144313, -990.7759225426321], [-1088.515218711329, -991.0982518422259], [-1081.5858245602637, -982.4291630883417], [-1080.3319103783967, -983.4303768608302], [-1079.1563069185727, -984.4361107396793], [-1078.3787662203717, -985.1013001923992], [-1077.6968099401565, -985.6569350184081], [-1075.5767664364523, -987.4388220558355], [-1077.060625479854, -989.2616190014253], [-1080.1874858051353, -993.2741829361887], [-1080.2850773599412, -993.385502936288], [-1081.8465422353559, -995.3892629364219], [-1082.5709049967472, -996.2155235977363], [-1085.7925124712442, -993.4156767691887], [-1089.1592322400977, -997.4960216169919], [-1089.8640577612362, -998.4607917002467], [-1091.7127110462632, -996.8792607655263], [-1094.3296178912876, -994.6404855648327], [-1091.407454557276, -991.4405835407357]]]}, "properties": {"id": 356, "height_median_m": 3.0, "building_count": 3, "area_m2": 120.97278351495345}}, {"type": "Feature", "geometry": {"type": "Polygon", "coordinates": [[[-1068.0541811198993, -967.6077943776082], [-1065.4047202450495, -970.4925902327345], [-1066.4054881607135, -971.2916741215889], [-1065.7385074981523, -972.1611672432551], [-1069.5514725968767, -975.742980217325], [-1070.9584253824373, -974.1381079054398], [-1073.1459199126803, -971.7676538508055], [-1069.206496700927, -968.172780559651], [-1068.9264533468615, -968.4922183046931], [-1068.0541811198993, -967.6077943776082]]]}, "properties": {"id": 357, "height_median_m": 6.0, "building_count": 2, "area_m2": 33.022673371096225}}, {"type": "Feature", "geometry": {"type": "Polygon", "coordinates": [[[-1057.2055823740984, -971.7955077998333], [-1053.1800200039784, -967.0761082800872], [-1049.9808239464016, -969.5849572577372], [-1047.176533538815, -967.930417495915], [-1043.3293517784782, -970.2536744940818], [-1048.2568514281, -976.1187143628496], [-1057.2055823740984, -971.7955077998333]]]}, "properties": {"id": 358, "height_median_m": 3.0, "building_count": 1, "area_m2": 65.70010668771243}}, {"type": "Feature", "geometry": {"type": "Polygon", "coordinates": [[[-1160.5810908058934, -961.4763973895064], [-1165.747128681141, -953.659474579143], [-1158.4298055807747, -948.6998596475395], [-1155.500845993262, -953.265870532192], [-1152.6757991146205, -951.3768462380231], [-1150.4327259107843, -954.7434407865611], [-1160.5810908058934, -961.4763973895064]]]}, "properties": {"id": 359, "height_median_m": 3.0, "building_count": 1, "area_m2": 96.4658123878877}}, {"type": "Feature", "geometry": {"type": "Polygon", "coordinates": [[[-1076.5426537271455, -883.9483364160062], [-1071.164342643977, -880.6930879181901], [-1065.727902220154, -889.7563772135154], [-1071.212109132978, -893.0093328193723], [-1076.5426537271455, -883.9483364160062]]]}, "properties": {"id": 360, "height_median_m": 3.0, "building_count": 1, "area_m2": 66.73727891120377}}, {"type": "Feature", "geometry": {"type": "Polygon", "coordinates": [[[-1093.6380082242265, -878.7896457897283], [-1092.092937033177, -876.8069230925234], [-1092.7514204154684, -876.3777151680872], [-1092.4466442963555, -875.9141821955548], [-1092.4673482295411, -875.8987093774044], [-1092.2583318646957, -875.6277784528137], [-1091.3739644253246, -874.2827469943925], [-1090.0965447876479, -872.825629578077], [-1089.8891153042543, -872.5567555989284], [-1089.8722641663435, -872.569798847276], [-1089.596476603297, -872.2552155658979], [-1088.9404442307448, -872.6828258907119], [-1087.6544491001139, -870.8774114348789], [-1087.6381982951143, -870.8900945399794], [-1086.5673891149122, -869.5576117530185], [-1080.4581439297936, -874.2033769594252], [-1081.5342228308145, -875.6540039184297], [-1081.5295575933512, -875.6576449501858], [-1081.7394932778059, -875.9307223300718], [-1081.9513924787916, -876.2163767493246], [-1081.9562083697558, -876.2126181385202], [-1087.5162453986532, -883.4449300147254], [-1093.6380082242265, -878.7896457897283]]]}, "properties": {"id": 361, "height_median_m": 3.0, "building_count": 3, "area_m2": 94.0122226542639}}, {"type": "Feature", "geometry": {"type": "Polygon", "coordinates": [[[-1158.816062026279, -726.5335211785997], [-1151.3528978369827, -722.2770082049869], [-1150.8688550626382, -723.2708498878496], [-1147.3746712046284, -721.1672757919702], [-1141.9456949051264, -730.80033950848], [-1141.3969543981957, -731.4262726991896], [-1142.0905109624593, -731.8306233716697], [-1136.7881527563131, -738.1308880013006], [-1134.3328273644909, -741.296921663079], [-1138.1781266305582, -744.5220885897545], [-1140.2581036503457, -742.0246438216618], [-1146.357279791074, -734.5705413281462], [-1149.1998361974274, -729.47530071667], [-1152.3034182266383, -731.1948121444469], [-1155.143772853684, -732.9393814015083], [-1157.077497462479, -729.508220287768], [-1158.816062026279, -726.5335211785997]]]}, "properties": {"id": 362, "height_median_m": 3.0, "building_count": 3, "area_m2": 183.94671627294633}}, {"type": "Feature", "geometry": {"type": "Polygon", "coordinates": [[[-1101.2363085150935, -707.6235036825113], [-1098.6473365523643, -714.3911827543574], [-1102.9100422772744, -716.0995763763145], [-1105.789486067044, -708.435737754044], [-1115.1306135379116, -714.0092097054451], [-1119.9704532472945, -705.6081872072903], [-1113.2314916052762, -701.6482442791477], [-1109.0222368915493, -699.1275192640039], [-1106.3094840320318, -703.8880769728556], [-1103.5683407097329, -708.4862339296499], [-1101.2363085150935, -707.6235036825113]]]}, "properties": {"id": 363, "height_median_m": 3.0, "building_count": 3, "area_m2": 158.19850187692984}}, {"type": "Feature", "geometry": {"type": "Polygon", "coordinates": [[[-1165.7182289221128, -697.352377067328], [-1161.64150851635, -704.5601913205204], [-1158.83699095987, -709.5364695033857], [-1164.0344467170567, -712.5638370138895], [-1165.7661828898274, -709.3539033686998], [-1168.029376392779, -705.3266658244592], [-1170.8577020621478, -706.995386462911], [-1173.744220497572, -701.9298908939761], [-1165.7182289221128, -697.352377067328]]]}, "properties": {"id": 364, "height_median_m": 3.0, "building_count": 1, "area_m2": 102.54450218819213}}, {"type": "Feature", "geometry": {"type": "Polygon", "coordinates": [[[-1140.90931621145, -697.5632351684861], [-1139.6852887086761, -700.1018069460431], [-1139.2937159151659, -700.6601273297271], [-1137.5723004398494, -704.3418234155863], [-1145.4215330202537, -708.0925735443559], [-1147.1353970924981, -704.5492129509367], [-1148.6505929075272, -701.3394346607366], [-1141.419753087863, -697.8543558153801], [-1140.90931621145, -697.5632351684861]]]}, "properties": {"id": 365, "height_median_m": 3.0, "building_count": 1, "area_m2": 65.15354931314522}}, {"type": "Feature", "geometry": {"type": "Polygon", "coordinates": [[[-1072.8614109864448, -699.9898488165423], [-1077.9233754830643, -696.3496909221338], [-1074.4814738116002, -691.6637214993096], [-1068.9534357665443, -695.7273824749644], [-1066.513536549903, -691.7753437371089], [-1063.4804728405104, -693.752333611283], [-1062.5042366936925, -694.3886568680329], [-1065.2291064390631, -698.5727505923295], [-1067.7507763291158, -702.7674997580946], [-1072.6704151133288, -699.7211502102958], [-1072.8614109864448, -699.9898488165423]]]}, "properties": {"id": 366, "height_median_m": 3.0, "building_count": 2, "area_m2": 87.39161689414543}}, {"type": "Feature", "geometry": {"type": "Polygon", "coordinates": [[[-1059.6556937036542, -688.1947111478358], [-1064.450457774743, -685.0149115041147], [-1062.5017181830476, -682.097389893997], [-1057.830914139531, -685.141879949103], [-1059.6556937036542, -688.1947111478358]]]}, "properties": {"id": 367, "height_median_m": 3.0, "building_count": 1, "area_m2": 20.000064397572277}}, {"type": "Feature", "geometry": {"type": "Polygon", "coordinates": [[[-1108.0711219443895, -660.2211720247941], [-1108.7904706123836, -658.4433327068541], [-1110.7751732620225, -653.5580841376892], [-1105.4217008067578, -651.3268415501929], [-1099.895994223935, -647.124827285743], [-1103.6538029823848, -638.200622632117], [-1099.8862121786071, -636.5890274635848], [-1091.0692433330555, -657.7206024391252], [-1090.139333649183, -659.5768666006493], [-1091.4980867120717, -660.2813630624378], [-1085.2552559952433, -672.1497383090166], [-1093.0010343483289, -676.2648543212666], [-1099.0790915832747, -664.3963741536073], [-1095.7771291178997, -662.6700810462518], [-1098.5257989567538, -656.1381393361665], [-1108.0711219443895, -660.2211720247941]]]}, "properties": {"id": 368, "height_median_m": 3.0, "building_count": 3, "area_m2": 329.36265616721533}}, {"type": "Feature", "geometry": {"type": "Polygon", "coordinates": [[[-1177.361009902573, -591.2067765333873], [-1183.0414929591045, -596.4637866847586], [-1185.7242461950336, -593.6484553400207], [-1188.069705485775, -590.9730544920959], [-1192.0076427237245, -586.5993656925144], [-1186.3214882152347, -581.337106888398], [-1182.3766287541143, -585.7184838882025], [-1180.1327615128707, -588.1667181084949], [-1177.361009902573, -591.2067765333873]]]}, "properties": {"id": 369, "height_median_m": 6.0, "building_count": 2, "area_m2": 103.54866440330635}}, {"type": "Feature", "geometry": {"type": "Polygon", "coordinates": [[[-1084.5922847733646, -557.4826989679983], [-1079.2733249109667, -556.8440472740501], [-1077.864875983702, -568.5491222623943], [-1074.018318893232, -606.0130036681185], [-1090.1036232169856, -605.7850774092659], [-1105.3776614269918, -607.3386917340165], [-1114.5304983040241, -609.7747825168988], [-1119.4874426224496, -561.2613181077907], [-1111.3337195866434, -560.4475044590274], [-1094.9396535025548, -558.5552162557557], [-1088.8119344126915, -557.896764325966], [-1089.6218942605842, -549.5816742071172], [-1085.4138621794668, -549.0483423895511], [-1084.5922847733646, -557.4826989679983]]]}, "properties": {"id": 370, "height_median_m": 8.0, "building_count": 2, "area_m2": 1984.266658777349}}, {"type": "Feature", "geometry": {"type": "Polygon", "coordinates": [[[-1127.2472249135699, -509.7179675997549], [-1124.0609799144356, -511.1313694732881], [-1122.5971065938809, -507.9030894731341], [-1118.4451709413918, -509.74486674751665], [-1122.92829429355, -519.7345675245272], [-1132.8406027976694, -515.330906412852], [-1129.7121507864113, -508.4399343771771], [-1127.2472249135699, -509.7179675997549]]]}, "properties": {"id": 371, "height_median_m": 3.0, "building_count": 1, "area_m2": 96.523803706178}}, {"type": "Feature", "geometry": {"type": "Polygon", "coordinates": [[[-1192.427255839947, -429.6987616239572], [-1190.9785502986397, -423.6789455451585], [-1189.7254380198488, -418.43784638020617], [-1180.0699600258781, -420.83213723982584], [-1181.5141243527285, -427.068414392154], [-1182.6677403343183, -431.97312509655114], [-1192.427255839947, -429.6987616239572]]]}, "properties": {"id": 372, "height_median_m": 3.0, "building_count": 1, "area_m2": 114.94957710771679}}, {"type": "Feature", "geometry": {"type": "Polygon", "coordinates": [[[-1186.3880066734685, -398.91208786035736], [-1181.009622936063, -399.03989982409604], [-1181.0385320608625, -400.39190938468647], [-1170.291055948299, -400.13650625632494], [-1170.1754211451357, -404.6211551037145], [-1181.1533857766797, -404.882035562588], [-1181.2270215330432, -406.6459154463218], [-1184.5986044323954, -406.5218550659418], [-1193.3464815505918, -406.28979779546796], [-1193.1191814973074, -401.36357443070506], [-1186.485689734552, -401.4748485697805], [-1186.3880066734685, -398.91208786035736]]]}, "properties": {"id": 373, "height_median_m": 3.0, "building_count": 3, "area_m2": 122.90438754214543}}, {"type": "Feature", "geometry": {"type": "Polygon", "coordinates": [[[-1095.788738194016, -254.32109989322197], [-1096.9387398637157, -251.40604378788908], [-1093.6935507266228, -250.6941788043365], [-1093.2088994094431, -252.13153268587172], [-1089.6912084965857, -251.23985864336922], [-1086.8385238816834, -260.10414575270556], [-1086.8334929553687, -260.10414575270556], [-1086.7593933796777, -260.3500318507409], [-1086.6132514817937, -260.8041457527056], [-1086.622542830908, -260.8041457527056], [-1085.5861878226317, -264.2431032202509], [-1090.378022474942, -265.8047929004085], [-1090.4759965164117, -265.35776773237467], [-1093.5687401360876, -266.34996359464446], [-1094.8536020230679, -262.21961776380834], [-1092.608408562399, -261.57936016932837], [-1095.1221196404194, -254.10384462663484], [-1095.788738194016, -254.32109989322197]]]}, "properties": {"id": 374, "height_median_m": 3.0, "building_count": 2, "area_m2": 98.5651637368383}}, {"type": "Feature", "geometry": {"type": "Polygon", "coordinates": [[[-1195.2733817889834, -216.7422651631896], [-1193.4435161600327, -225.20733441976876], [-1197.5373398819072, -226.14127682499327], [-1199.8391451159048, -216.11623624039765], [-1195.643669856035, -215.05275554301352], [-1195.2733817889834, -216.7422651631896]]]}, "properties": {"id": 375, "height_median_m": 3.0, "building_count": 1, "area_m2": 44.08827323105223}}, {"type": "Feature", "geometry": {"type": "Polygon", "coordinates": [[[-1082.1657709869135, -192.2517324664475], [-1075.0887713105317, -193.1486812128422], [-1073.2826439395906, -185.563400229012], [-1072.318138971626, -181.773876644219], [-1066.856517565939, -183.10885975651473], [-1066.3682118384106, -181.10367091176397], [-1061.4965816689692, -182.31609296932166], [-1058.505927034581, -170.825204831457], [-1057.179581392992, -170.1375112121166], [-1050.4498786904094, -171.6967772442067], [-1054.284385221874, -185.18301838462762], [-1051.5529405239151, -185.70229901410923], [-1052.6262091110407, -191.48965287770935], [-1052.6230870391664, -191.4902343081492], [-1052.690268928099, -191.83508069904136], [-1052.7538482833256, -192.17791774051426], [-1052.795553182819, -192.17015094364575], [-1054.4067142053816, -201.12946020289974], [-1054.5461362358703, -207.49085508472177], [-1059.5401309469416, -207.36138889608833], [-1059.4314064809098, -202.52464768798697], [-1069.940856224986, -201.91509649978204], [-1071.7818779197526, -201.77509631560102], [-1071.3862232401025, -199.0672219062453], [-1080.8428872071538, -198.79063328471204], [-1082.1657709869135, -192.2517324664475]]]}, "properties": {"id": 376, "height_median_m": 3.0, "building_count": 6, "area_m2": 571.0559945217659}}, {"type": "Feature", "geometry": {"type": "Polygon", "coordinates": [[[-1119.0565526019468, -164.46472402855596], [-1117.2990895928806, -167.80587348759872], [-1115.6436247691872, -166.91724141531756], [-1112.4815486913576, -172.76289581111567], [-1114.740529387788, -173.9952579002226], [-1113.6379855878324, -175.8817199434455], [-1117.2999759458746, -177.7681664699363], [-1117.5519097935469, -177.28920979523517], [-1122.0672910213211, -179.65568839484635], [-1122.6295663341105, -178.69363043780513], [-1124.9440943576449, -174.37343668743247], [-1118.9878041347995, -171.14341844888068], [-1121.720257964714, -165.91158849596437], [-1119.0565526019468, -164.46472402855596]]]}, "properties": {"id": 377, "height_median_m": 3.0, "building_count": 1, "area_m2": 91.64448879902439}}, {"type": "Feature", "geometry": {"type": "Polygon", "coordinates": [[[-1115.6049646751164, -156.50745679425245], [-1117.2587433628476, -155.73069569005443], [-1117.8395328817544, -157.16609202494743], [-1120.8294272285239, -155.8871582089338], [-1119.7565224410494, -153.32823475431474], [-1122.389655841854, -152.21581150015308], [-1120.5611424634833, -147.7836248883668], [-1113.8736814600597, -150.6134420101161], [-1114.55226016039, -152.3826672532608], [-1113.9553190945587, -152.6096386667914], [-1115.6049646751164, -156.50745679425245]]]}, "properties": {"id": 378, "height_median_m": 3.0, "building_count": 1, "area_m2": 48.14093551776544}}, {"type": "Feature", "geometry": {"type": "Polygon", "coordinates": [[[-1063.3301994935089, -105.08716996728502], [-1061.8678262152052, -98.63722605559411], [-1061.7069284241193, -97.71956765049445], [-1059.105689482638, -98.36460279301754], [-1054.1351390466843, -99.3651504495777], [-1052.714040072529, -99.6598792644594], [-1053.8634687287679, -104.90436577236159], [-1054.9174056374504, -109.62728184813176], [-1052.8306161143141, -111.53155653946715], [-1052.5967387861544, -112.19850011503985], [-1052.4889297060854, -112.81337436411296], [-1052.4889297060854, -112.96262615260767], [-1052.89489815633, -122.45570538567173], [-1058.792655763234, -122.07490860737371], [-1057.8106281652174, -113.78563693074375], [-1062.576914918663, -112.74010383561408], [-1064.867344491797, -112.21757784274342], [-1063.3301994935089, -105.08716996728502]]]}, "properties": {"id": 379, "height_median_m": 3.0, "building_count": 1, "area_m2": 192.47176101351909}}, {"type": "Feature", "geometry": {"type": "Polygon", "coordinates": [[[-1171.4154585146423, 1.5702817221501069], [-1169.9955329561215, 1.717524449373597], [-1164.634612879533, 2.6069868433555605], [-1163.4981820649964, 2.7690237618559683], [-1162.5313143785297, -4.828589566638904], [-1170.4457741258384, -5.926566016502686], [-1171.4154585146423, 1.5702817221501069]]]}, "properties": {"id": 380, "height_median_m": 6.0, "building_count": 1, "area_m2": 60.65770136175879}}, {"type": "Feature", "geometry": {"type": "Polygon", "coordinates": [[[-1068.7497570011462, 7.1920629609540985], [-1067.0947276946051, 19.463064369960474], [-1057.1295542378202, 18.14688553316421], [-1058.7845835439934, 5.875884124158503], [-1068.7497570011462, 7.1920629609540985]]]}, "properties": {"id": 381, "height_median_m": 3.0, "building_count": 1, "area_m2": 124.4609720787586}}, {"type": "Feature", "geometry": {"type": "Polygon", "coordinates": [[[-1090.8288445911671, 34.858288953613354], [-1095.7572099174595, 37.15805513337979], [-1092.5318923774173, 44.025579540543895], [-1087.6035270507332, 41.72581336123422], [-1090.8288445911671, 34.858288953613354]]]}, "properties": {"id": 382, "height_median_m": 3.0, "building_count": 1, "area_m2": 41.26314536551513}}, {"type": "Feature", "geometry": {"type": "Polygon", "coordinates": [[[-1034.4357744076583, -1127.732225752764], [-1032.8221642444685, -1127.732225752764], [-1030.9679247049828, -1127.8435457528783], [-1028.1365373322417, -1127.8435457528783], [-1025.4922447367053, -1128.0209735043884], [-1016.4307728844577, -1135.6095551128885], [-1019.6189290550038, -1139.3760771645555], [-1027.0946335764945, -1132.925917021384], [-1027.3290445085108, -1137.4714806879767], [-1034.8569693368852, -1136.9808008807422], [-1034.4357744076583, -1127.732225752764]]]}, "properties": {"id": 383, "height_median_m": 6.0, "building_count": 2, "area_m2": 127.38082451277072}}, {"type": "Feature", "geometry": {"type": "Polygon", "coordinates": [[[-988.384181443137, -1119.9719057527675], [-989.4584546949402, -1119.9719057527675], [-989.6541355766385, -1124.882477248862], [-1002.5458603906246, -1124.411909709498], [-1002.4482264735633, -1119.623071887268], [-1015.5310559055857, -1119.0662351937174], [-1015.2128401096079, -1110.3547152327196], [-1002.043479827497, -1110.799809358767], [-1001.9458682631807, -1106.1234107222267], [-989.040389136329, -1106.5944803153225], [-989.2363834315937, -1111.401134211962], [-988.066340666364, -1111.5123538428443], [-988.384181443137, -1119.9719057527675]]]}, "properties": {"id": 384, "height_median_m": 3.0, "building_count": 1, "area_m2": 361.01589732658874}}, {"type": "Feature", "geometry": {"type": "Polygon", "coordinates": [[[-994.6668736420753, -1086.050751328702], [-993.0952377192491, -1085.378480641265], [-994.6479673639194, -1082.0575632114935], [-992.4561971658675, -1080.9637729919966], [-991.0008952084502, -1084.1731505640487], [-990.6203584450741, -1083.9561166588946], [-988.448041254017, -1088.3902578328507], [-992.4889050271781, -1090.3656730055832], [-994.6668736420753, -1086.050751328702]]]}, "properties": {"id": 385, "height_median_m": 3.0, "building_count": 1, "area_m2": 30.558308236088624}}, {"type": "Feature", "geometry": {"type": "Polygon", "coordinates": [[[-985.9054926181366, -1093.5801166801475], [-984.8727458553353, -1095.6881628540943], [-985.8398853680158, -1095.7129536275372], [-985.9054926181366, -1093.5801166801475]]]}, "properties": {"id": 386, "height_median_m": 3.0, "building_count": 1, "area_m2": 1.0321886701996286}}, {"type": "Feature", "geometry": {"type": "Polygon", "coordinates": [[[-984.6940935856738, -1095.6835834445221], [-985.181887166019, -1083.9989165614602], [-973.6235964573542, -1083.4982498259153], [-972.150476322689, -1070.5137457528735], [-967.84407549743, -1070.5137457528735], [-965.2395115698043, -1070.4037104055476], [-963.6796590568912, -1070.1299748946744], [-962.9158238475666, -1072.9180894442193], [-953.7577156045874, -1069.8645257907233], [-948.6537436709563, -1085.1180617349096], [-948.9948512548124, -1085.2241777434692], [-947.2073987461837, -1094.9089426347284], [-948.5697979862509, -1090.3042565032117], [-952.9616822213484, -1091.3354516362513], [-950.7447733374588, -1103.979286314857], [-960.3281527216585, -1105.8970928156857], [-960.2190391106574, -1106.6794309966835], [-960.2199027723603, -1106.6795356149273], [-959.2449937942205, -1113.7966673551275], [-970.8651442765026, -1115.4535155775645], [-971.4953254477699, -1111.1405336899174], [-971.9909859856023, -1107.7482157033394], [-972.2463770906891, -1106.0003100839274], [-972.611249465398, -1102.393244510651], [-970.4312913042936, -1102.1409788895392], [-970.4312913042936, -1095.317983760732], [-984.6940935856738, -1095.6835834445221]]]}, "properties": {"id": 387, "height_median_m": 3.0, "building_count": 8, "area_m2": 879.6176390820273}}, {"type": "Feature", "geometry": {"type": "Polygon", "coordinates": [[[-946.3804297265336, -1097.7039623792991], [-928.9103064534279, -1094.5104225224916], [-921.1468145576978, -1090.587054771629], [-919.9736243724101, -1090.0294607093767], [-917.9323313098299, -1089.0315549362106], [-916.0739870391385, -1088.0274570739973], [-914.2959187909782, -1087.2161796718674], [-913.160155209166, -1089.4185879017598], [-913.005105311065, -1089.719251857789], [-913.0078340297345, -1089.7206250523204], [-911.1517618676846, -1093.397815785678], [-928.6145879606992, -1101.9346865059238], [-927.6064588675782, -1106.8698675818998], [-930.596720280143, -1107.4849495108388], [-936.6444096699637, -1108.7383914969948], [-936.3020121344786, -1110.1053635484502], [-942.2090233259921, -1113.5991232090498], [-943.9744878983641, -1105.8992352967732], [-944.068562439482, -1105.5176948899457], [-946.3804297265336, -1097.7039623792991]]]}, "properties": {"id": 388, "height_median_m": 6.0, "building_count": 5, "area_m2": 346.0327025977193}}, {"type": "Feature", "geometry": {"type": "Polygon", "coordinates": [[[-945.0868328702046, -1115.3012318678084], [-945.1218289468284, -1115.3219306403048], [-943.2161381633779, -1123.8962417662997], [-953.5625163898985, -1126.1612392185932], [-955.4475133309796, -1117.5605827351262], [-945.0868328702046, -1115.3012318678084]]]}, "properties": {"id": 389, "height_median_m": 3.0, "building_count": 1, "area_m2": 93.0961761790712}}, {"type": "Feature", "geometry": {"type": "Polygon", "coordinates": [[[-1034.2722949437532, -1082.0414624433201], [-1034.185769537287, -1079.3766394146544], [-1034.060405783145, -1075.962602281044], [-1033.963393426453, -1073.4174378054038], [-1033.963393426453, -1073.3046296381037], [-1033.9619924954825, -1073.274587174314], [-1033.467085887033, -1062.6614918984917], [-1031.2758056256978, -1061.1141619008736], [-1030.6662795908817, -1060.6970001588304], [-1026.156069048886, -1061.5369467727617], [-1026.156069048886, -1061.526959242434], [-1025.7380344574588, -1061.6147982912896], [-1025.456069048886, -1061.6673093410445], [-1025.456069048886, -1061.674045955973], [-1022.061215456881, -1062.3873857528251], [-1021.960581243334, -1062.3873857528251], [-1021.4726234699311, -1062.4987057529397], [-1021.2838832177636, -1062.4987057529397], [-1018.9416859045283, -1062.943985753002], [-1018.4129554445508, -1062.943985753002], [-1018.6113219747431, -1067.2431393215604], [-1018.7222517732912, -1070.8809917794244], [-1018.7222517732912, -1071.2137457528734], [-1018.7350651865348, -1071.2137457528734], [-1018.9302482958265, -1076.4457857527148], [-1020.7907121843315, -1076.4457857527148], [-1020.7914953984026, -1076.4597822075013], [-1021.1289301277016, -1076.4457857527148], [-1026.1392099319276, -1076.4457857527148], [-1026.1392099319276, -1076.801990709994], [-1026.236801486747, -1076.795973412695], [-1026.236801486747, -1078.8949710654106], [-1034.2722949437532, -1082.0414624433201]]]}, "properties": {"id": 390, "height_median_m": 6.0, "building_count": 6, "area_m2": 252.5612093026894}}, {"type": "Feature", "geometry": {"type": "Polygon", "coordinates": [[[-1034.4570967939405, -1084.42874575294], [-1022.5186024442573, -1084.42874575294], [-1022.7333368132342, -1092.266876432379], [-1029.3787359211315, -1092.0054894044295], [-1029.3812009651897, -1092.0462606190144], [-1034.8604996947563, -1091.791155099225], [-1034.4570967939405, -1084.42874575294]]]}, "properties": {"id": 391, "height_median_m": 6.0, "building_count": 2, "area_m2": 91.63401255384417}}, {"type": "Feature", "geometry": {"type": "Polygon", "coordinates": [[[-1021.5754965364554, -1042.381865752897], [-1021.0574640474982, -1041.5939918860945], [-1021.0215906919879, -1041.6008884730256], [-1018.6621672954617, -1037.634718949874], [-1017.5624191927134, -1037.843794347944], [-1017.3680986406313, -1037.1788260334504], [-1013.7851994080194, -1037.8241283272764], [-1013.0544545041486, -1032.8228847480516], [-1011.932120326567, -1031.9694076143053], [-1010.9706726605209, -1032.1887469918665], [-1011.5798918522711, -1036.4740842892297], [-1002.4665481735539, -1038.1898200611413], [-1003.4678820439468, -1043.7969541522045], [-997.2809768252074, -1045.1739751225487], [-995.2896039339136, -1048.5214550538028], [-995.7339799829728, -1052.576555265557], [-998.4471919033112, -1052.0607409072918], [-1001.4725300995838, -1051.5041409071157], [-1001.6102524608328, -1051.4779582227554], [-1006.259110176926, -1050.6127954141195], [-1007.5307351588629, -1050.3896403970375], [-1008.8970169249892, -1050.055680397079], [-1010.148793441565, -1049.8360085485958], [-1010.9328862923998, -1049.7242094075066], [-1017.7750942422077, -1048.3862577059108], [-1018.8477039146765, -1048.1638038284646], [-1019.4287316259912, -1048.0533434423405], [-1021.2892461295107, -1047.7182532826546], [-1022.1189028418446, -1047.5289799677369], [-1021.062820765932, -1042.381865752897], [-1021.5754965364554, -1042.381865752897]]]}, "properties": {"id": 392, "height_median_m": 3.0, "building_count": 4, "area_m2": 278.4282176135682}}, {"type": "Feature", "geometry": {"type": "Polygon", "coordinates": [[[-1054.0705294046309, -1051.2255242045294], [-1054.7452083513554, -1048.6968788974991], [-1057.5727683003695, -1049.475404365884], [-1059.320313092916, -1043.1215176031324], [-1051.2308007371016, -1040.9360608526881], [-1049.858431005843, -1045.744150002066], [-1044.2951833585876, -1044.6308441340739], [-1043.0328112535965, -1049.081608293366], [-1044.861303851192, -1049.4987505277536], [-1050.5307422764188, -1050.6137457596642], [-1054.0705294046309, -1051.2255242045294]]]}, "properties": {"id": 393, "height_median_m": 3.0, "building_count": 1, "area_m2": 97.56233841936589}}, {"type": "Feature", "geometry": {"type": "Polygon", "coordinates": [[[-985.2511404141218, -1008.67231356548], [-987.4122218255102, -1001.0031568839269], [-987.4122218255102, -1000.3248448594818], [-987.0535609774798, -999.5066157469786], [-986.3425602178738, -998.9659364176122], [-981.0915258637109, -997.4967621835323], [-980.3769293371157, -997.3609087522528], [-979.5080999194752, -997.7856443806901], [-979.0321829502707, -998.4642261131701], [-977.4410241270411, -1004.0226362605616], [-977.4410241270411, -1006.4585587843399], [-976.6078573168751, -1007.0921390813393], [-975.4722168511695, -1011.0960836084615], [-976.0474581096436, -1012.7364882785228], [-974.6516808279338, -1014.0101880574039], [-973.0578465434061, -1019.5779444190212], [-972.9349224294397, -1020.2790251859501], [-973.4373218104396, -1021.1386349017305], [-974.1410708187332, -1021.5400084623266], [-979.693926100007, -1023.1235057528748], [-980.1975153329495, -1023.1235057528748], [-980.9669026436551, -1022.8309661112602], [-981.3380310411966, -1022.1254061996326], [-983.2940792245414, -1015.3143431252305], [-983.2410279783998, -1015.2961888964039], [-985.2511404141218, -1008.67231356548]]]}, "properties": {"id": 394, "height_median_m": 3.0, "building_count": 1, "area_m2": 213.160888079749}}, {"type": "Feature", "geometry": {"type": "Polygon", "coordinates": [[[-952.6645120333343, -1006.0861542585135], [-952.6643756376468, -1006.0861145352438], [-952.5685779581742, -1006.4248632405074], [-952.4737468971152, -1006.7596788942548], [-952.473881457837, -1006.7597180831173], [-950.5215194473423, -1013.6634354476901], [-957.048687798598, -1015.524775762939], [-963.2932543749223, -993.8110986355099], [-956.664680847479, -991.9518286304508], [-954.6180006073009, -999.1890632405753], [-952.6645120333343, -1006.0861542585135]]]}, "properties": {"id": 395, "height_median_m": 9.0, "building_count": 2, "area_m2": 154.34548431874148}}, {"type": "Feature", "geometry": {"type": "Polygon", "coordinates": [[[-980.6938243678586, -935.0673334314122], [-982.3529219032478, -931.5527149262689], [-979.4810856549946, -930.1284433812782], [-978.7936892208439, -931.5846183054784], [-974.2077670758842, -929.469944520925], [-970.785982157111, -936.6663512691123], [-976.1073331971921, -939.195484038636], [-978.4530142354254, -934.0671476095974], [-980.6938243678586, -935.0673334314122]]]}, "properties": {"id": 396, "height_median_m": 3.0, "building_count": 1, "area_m2": 57.5647248502281}}, {"type": "Feature", "geometry": {"type": "Polygon", "coordinates": [[[-1009.86613847, -902.63183984], [-1006.97094067, -895.41532601], [-1001.89943185, -897.41780195], [-1001.51067827, -896.42006082], [-999.1743503, -897.30838915], [-998.39158087, -895.18779073], [-993.83049788, -897.00873636], [-995.84721323, -902.12076235], [-998.97222486, -900.78403182], [-1001.11595195, -906.11921105], [-1009.86613847, -902.63183984]]]}, "properties": {"id": 397, "height_median_m": 3.0, "building_count": 1, "area_m2": 99.60432682020203}}, {"type": "Feature", "geometry": {"type": "Polygon", "coordinates": [[[-1005.59641483, -911.42074702], [-1001.70099262, -917.38425874], [-1000.34269527, -919.4500886], [-1003.16034558, -921.40644625], [-1004.72023552, -919.07108413], [-1006.78237654, -920.52722496], [-1010.47533258, -914.45633638], [-1005.59641483, -911.42074702]]]}, "properties": {"id": 398, "height_median_m": 3.0, "building_count": 1, "area_m2": 50.309077536876266}}, {"type": "Feature", "geometry": {"type": "Polygon", "coordinates": [[[-1051.8390938315854, -885.6663833551751], [-1054.6950285095766, -881.4063323409839], [-1050.0994744051, -878.4656858184702], [-1046.4116076165383, -884.1570332840703], [-1047.8273404888062, -885.1846889757501], [-1051.8390938315854, -885.6663833551751]]]}, "properties": {"id": 399, "height_median_m": 3.0, "building_count": 1, "area_m2": 33.93616590300956}}, {"type": "Feature", "geometry": {"type": "Polygon", "coordinates": [[[-1022.3779767597466, -857.2501783916025], [-1018.2172324772924, -855.8941651150279], [-1018.2971921038637, -855.6661457527017], [-1017.8721182909426, -855.6661457527017], [-1017.5949900103018, -855.553248395156], [-1017.5793493108133, -855.5978506835435], [-1013.1987477498038, -854.0079497157479], [-1010.6240754565357, -861.3500942414831], [-1011.7069691721754, -861.734387102076], [-1006.4288655369812, -877.1621426285797], [-1010.3260519336917, -878.4957666013254], [-1014.1636166031351, -879.808987915266], [-1013.5550030982398, -881.6139824600166], [-1016.4526782893302, -882.6199428196335], [-1017.1103938082828, -880.8193716514592], [-1020.3746229691055, -881.8348488368229], [-1021.4661764768418, -878.3762237301247], [-1017.8352771573554, -877.3408070030116], [-1020.0076497964457, -870.8079884210232], [-1017.2657675484523, -870.0260910205892], [-1019.8858857683631, -864.0486975757892], [-1021.9353084171788, -858.260057575663], [-1022.0277801039142, -858.0490977606049], [-1022.3779767597466, -857.2501783916025]]]}, "properties": {"id": 400, "height_median_m": 3.0, "building_count": 4, "area_m2": 254.8892018356196}}, {"type": "Feature", "geometry": {"type": "Polygon", "coordinates": [[[-1051.074776751948, -770.9505585477339], [-1051.2836803827074, -770.5931226160562], [-1056.052901140616, -763.0695540176165], [-1047.3631366522498, -757.4566355629364], [-1040.6463429950807, -768.1829618410829], [-1049.3473487077508, -773.6835629750685], [-1050.684410532997, -771.3958385478195], [-1051.074776751948, -770.9505585477339]]]}, "properties": {"id": 401, "height_median_m": 3.0, "building_count": 1, "area_m2": 129.86257244031208}}, {"type": "Feature", "geometry": {"type": "Polygon", "coordinates": [[[-1036.3250325601302, -769.6864000257823], [-1032.8136460105604, -767.5966563859218], [-1031.6491504456924, -769.4784261018739], [-1031.6388848713134, -769.4718075994668], [-1031.4584319869398, -769.786618104301], [-1031.280732754464, -770.0737716532789], [-1031.2902975585212, -770.0799383494946], [-1029.634801749546, -772.9680466398283], [-1032.8362646232576, -775.1320884596956], [-1036.3250325601302, -769.6864000257823]]]}, "properties": {"id": 402, "height_median_m": 3.0, "building_count": 2, "area_m2": 25.40705535301927}}, {"type": "Feature", "geometry": {"type": "Polygon", "coordinates": [[[-1045.1239264688857, -732.5091337110441], [-1042.6846637598621, -729.2815499140327], [-1045.5270655427312, -727.3001752384807], [-1042.4700964384103, -723.1674338977338], [-1040.8138907978314, -724.3898497807693], [-1037.1063737490547, -719.2704581663256], [-1026.4715538928224, -727.0436217877699], [-1028.8697624463687, -729.9615636332352], [-1025.3205238752494, -734.8624021031054], [-1029.2414785209235, -737.7974966537229], [-1028.1378180312029, -739.0564117931481], [-1035.0972172525687, -744.9239212268723], [-1034.902979855452, -748.2473400027568], [-1036.386323177549, -748.3601405958326], [-1036.386323177549, -748.9189850311271], [-1043.4938971735087, -749.4103434551625], [-1043.8521542458843, -745.5962396417317], [-1035.0940879375005, -744.9907799356603], [-1042.9084161311152, -738.6239306067991], [-1043.1792328080185, -738.4100676716937], [-1043.175996761124, -738.4059149933802], [-1046.6013913763693, -735.6150197472629], [-1044.4543771724734, -733.0546597474561], [-1045.1239264688857, -732.5091337110441]]]}, "properties": {"id": 403, "height_median_m": 3.0, "building_count": 7, "area_m2": 351.29464114660766}}, {"type": "Feature", "geometry": {"type": "Polygon", "coordinates": [[[-1034.0326450155549, -694.792837145567], [-1033.2967581559453, -695.2178527828103], [-1029.0732217217385, -686.0642764643237], [-1028.2511868217641, -686.6268800130754], [-1017.8181058942761, -692.9665202772679], [-1005.2158937802567, -700.4962803221119], [-1009.0069992680377, -706.5504538601934], [-1013.2010566666265, -703.9250628604204], [-1017.6142200604071, -711.3948307303907], [-1014.6879279156202, -713.0638011786268], [-1016.80089538003, -716.6791069114812], [-1024.5237269726538, -712.0934848096722], [-1022.9913384321417, -709.4043256940915], [-1029.8944350245215, -705.3008838134273], [-1029.3082214368942, -704.2978672599567], [-1036.9203627048103, -699.7337472600179], [-1034.0326450155549, -694.792837145567]]]}, "properties": {"id": 404, "height_median_m": 3.0, "building_count": 6, "area_m2": 432.6581880402378}}, {"type": "Feature", "geometry": {"type": "Polygon", "coordinates": [[[-1024.947483567749, -679.0974600577664], [-1026.0209906697064, -678.874820057936], [-1026.0209906697064, -678.8748200579361], [-1026.7064108365448, -678.7326673459974], [-1026.69913270004, -678.6968377914329], [-1027.3798935553002, -678.4749734575402], [-1025.426600425017, -668.4486687897065], [-1026.8107317675212, -668.153951892541], [-1024.7715030398306, -659.0821928019592], [-1022.2852930410759, -654.2374426541986], [-1015.7286487517046, -655.708718126476], [-1018.8561210436417, -670.0973183843154], [-1012.904953544504, -671.2836289960333], [-1014.7937633396544, -681.0986342055999], [-1024.9468166679465, -679.0941769752288], [-1024.947483567749, -679.0974600577664]]]}, "properties": {"id": 405, "height_median_m": 6.0, "building_count": 4, "area_m2": 244.96072237844186}}, {"type": "Feature", "geometry": {"type": "Polygon", "coordinates": [[[-1034.493562261744, -672.1414182383483], [-1037.698235414328, -676.7402509956128], [-1037.952609153788, -677.3205652391539], [-1041.038642733233, -675.1833291533387], [-1045.4223605146126, -671.9539130662606], [-1047.2927964109624, -674.487509317877], [-1048.5508791522543, -673.6264731074342], [-1058.2500802955747, -666.6389288460587], [-1049.7021495269103, -661.3424210653346], [-1042.193989160577, -666.7094148902326], [-1034.493562261744, -672.1414182383483]]]}, "properties": {"id": 406, "height_median_m": 6.0, "building_count": 2, "area_m2": 164.01877744393173}}, {"type": "Feature", "geometry": {"type": "Polygon", "coordinates": [[[-1053.6735379694858, -615.9139037217931], [-1053.283656573024, -617.2480846510475], [-1047.0349287033146, -615.4661466838313], [-1041.8675826313631, -633.7267625324274], [-1047.6172676004257, -635.3941796598186], [-1047.0364192569234, -637.2714265225659], [-1053.269484801068, -639.391918923222], [-1059.5181165756576, -617.549144270692], [-1053.6735379694858, -615.9139037217931]]]}, "properties": {"id": 407, "height_median_m": 3.0, "building_count": 1, "area_m2": 260.8707835618321}}, {"type": "Feature", "geometry": {"type": "Polygon", "coordinates": [[[-976.0347419103805, -596.4789926703914], [-972.4883500283049, -606.4188028774953], [-972.259425130258, -606.9410595354342], [-973.4116897070871, -607.4887080703782], [-961.8038826918715, -630.1870610867827], [-977.45421007428, -638.3015600082344], [-987.1330811830784, -619.4076422256667], [-986.1572325400701, -613.285461961743], [-990.8512235368131, -604.1717490846039], [-976.0347419103805, -596.4789926703914]]]}, "properties": {"id": 408, "height_median_m": 3.0, "building_count": 1, "area_m2": 618.3933839883869}}, {"type": "Feature", "geometry": {"type": "Polygon", "coordinates": [[[-955.7842005475485, -597.6013334809697], [-954.8550993560649, -597.071433404402], [-955.7119241890741, -595.1167204031536], [-955.7014870972711, -595.1124467045292], [-957.2617692666712, -591.2191978181677], [-956.4736211447618, -590.8879803409277], [-951.1393040494046, -588.6278042417815], [-951.2224125952902, -588.4382049800934], [-947.3598762947599, -586.847189568767], [-946.6464134597544, -586.6437327146056], [-945.4100335656248, -589.7464026381788], [-946.8313555117169, -590.151718343096], [-945.0851771033406, -594.2776263158968], [-944.4887517682884, -595.6868729502995], [-943.798407825557, -597.3975539473681], [-943.6583786675166, -597.7292954827134], [-943.6637149939396, -597.731324482932], [-940.8363710303838, -604.7375184845693], [-944.5119927732042, -606.2252438378283], [-944.7458703879504, -605.6383327722925], [-949.1746764678181, -607.3222718329365], [-951.7537191280223, -608.217615344833], [-953.5362228886287, -603.1344829164044], [-955.0837289173046, -599.3325190113773], [-955.7842005475485, -597.6013334809697]]]}, "properties": {"id": 409, "height_median_m": 3.0, "building_count": 5, "area_m2": 203.78513557435474}}, {"type": "Feature", "geometry": {"type": "Polygon", "coordinates": [[[-964.1444917412374, -560.9669597855332], [-976.4086071044967, -547.3244641036576], [-973.2058765600998, -543.8016713415093], [-960.74898419545, -557.3288623102404], [-956.121292259715, -562.2556310583874], [-959.0695529555345, -565.0805509045932], [-963.4587185400871, -560.296466117122], [-964.1444917412374, -560.9669597855332]]]}, "properties": {"id": 410, "height_median_m": 3.0, "building_count": 2, "area_m2": 115.97682318581968}}, {"type": "Feature", "geometry": {"type": "Polygon", "coordinates": [[[-994.8668792460367, -540.378615071449], [-996.7341796453537, -528.7820672927414], [-990.7757190084031, -527.7751558813101], [-989.0184824750452, -538.3540990695634], [-985.5060147742702, -537.7976302893227], [-984.4130724415086, -544.2804143002936], [-991.1578327165853, -545.273132026663], [-992.0356000978676, -539.9331582181935], [-994.8668792460367, -540.378615071449]]]}, "properties": {"id": 411, "height_median_m": 3.0, "building_count": 1, "area_m2": 112.47576644184026}}, {"type": "Feature", "geometry": {"type": "Polygon", "coordinates": [[[-964.4713969134272, -516.7142308792611], [-964.6505817086803, -514.0571457528075], [-965.6357862901561, -514.0571457528075], [-966.053161309701, -503.4641834059868], [-959.8886137633461, -503.21305020249946], [-959.7131473403354, -507.6663814436362], [-951.9975631910452, -507.09857793084143], [-951.357965078733, -515.3670601465518], [-959.6736257231938, -515.9599004703065], [-956.3059365063114, -521.7220460474531], [-961.1938625351711, -521.8547965873001], [-964.4713969134272, -516.7142308792611]]]}, "properties": {"id": 412, "height_median_m": 3.0, "building_count": 2, "area_m2": 171.08983843236953}}, {"type": "Feature", "geometry": {"type": "Polygon", "coordinates": [[[-959.3996358763253, -499.03283910535254], [-959.5047712184156, -489.3189148776656], [-947.4854277114682, -489.0825332520149], [-947.4283088592151, -493.12207519765667], [-941.0082805604438, -493.80329841186676], [-941.8541973579664, -502.7287529553575], [-946.7480639537276, -502.3392902403864], [-946.4253028682579, -498.8877463159004], [-959.3996358763253, -499.03283910535254]]]}, "properties": {"id": 413, "height_median_m": 3.0, "building_count": 2, "area_m2": 168.91268502925857}}, {"type": "Feature", "geometry": {"type": "Polygon", "coordinates": [[[-991.3421966939575, -484.8876658622546], [-989.7059271881988, -482.0257795694166], [-989.5317427334402, -481.7211255367253], [-989.5309212679233, -481.7216127887383], [-985.5663658533306, -474.83055111021184], [-988.038687296967, -473.1687011558173], [-984.1333208338938, -467.47652824244625], [-978.1864326716088, -471.2999282480079], [-980.7575160201595, -475.3220045904555], [-972.6259678314691, -479.95972117823794], [-976.3344469107782, -486.3049611784169], [-974.5777989257502, -487.30684117826877], [-977.8587787273149, -492.92062619070964], [-979.6154267123262, -491.9187461908673], [-979.6193776930018, -491.9255063532097], [-979.9196522230503, -491.7452353581695], [-980.223516890819, -491.5719303272847], [-980.2195705964157, -491.5651781831948], [-991.3421966939575, -484.8876658622546]]]}, "properties": {"id": 414, "height_median_m": 3.0, "building_count": 4, "area_m2": 242.15995651883983}}, {"type": "Feature", "geometry": {"type": "Polygon", "coordinates": [[[-1006.3050626908366, -421.4913307315952], [-1003.498519461462, -420.2107920903871], [-1005.299710263475, -417.1893674358498], [-1000.8059657928322, -414.3701275971301], [-997.4967713631011, -419.79626889751313], [-996.7366215985267, -421.09689176446267], [-1003.8657251127315, -425.4663096262496], [-1006.3050626908366, -421.4913307315952]]]}, "properties": {"id": 415, "height_median_m": 3.0, "building_count": 1, "area_m2": 55.42847526619479}}, {"type": "Feature", "geometry": {"type": "Polygon", "coordinates": [[[-996.6763849604455, -426.60496683503715], [-988.14069132347, -427.6867924753344], [-988.6148955342085, -432.01408600248897], [-982.1965014010626, -432.57013300272894], [-982.643050060977, -438.17315640495707], [-992.0180684120968, -437.17061027753687], [-992.0183898950625, -437.1739106384623], [-992.3710072477936, -437.13286768870216], [-992.7141308617014, -437.0961747204896], [-992.7138183191705, -437.09296614253384], [-997.1344525867441, -436.5784257526558], [-997.599698574177, -436.5784257526558], [-996.9748265535753, -430.51984409444884], [-996.6763849604455, -426.60496683503715]]]}, "properties": {"id": 416, "height_median_m": 3.0, "building_count": 3, "area_m2": 120.35569880296383}}, {"type": "Feature", "geometry": {"type": "Polygon", "coordinates": [[[-1008.4798013040116, -373.40965700534923], [-1004.5292290420863, -376.49969748272036], [-1004.5777283743448, -376.5623955830608], [-999.5446753766266, -382.15625379416656], [-1001.0719268185418, -383.496325853931], [-1002.7891915478979, -385.19398424463805], [-1006.1232488177221, -381.4909976155805], [-1011.35053350463, -377.0616229458245], [-1009.5859568899408, -374.67141823183715], [-1008.4798013040116, -373.40965700534923]]]}, "properties": {"id": 417, "height_median_m": 3.0, "building_count": 2, "area_m2": 56.01351742636399}}, {"type": "Feature", "geometry": {"type": "Polygon", "coordinates": [[[-963.633088406745, -327.39470351315015], [-962.4719740955051, -326.5117360921238], [-961.2006787501293, -325.7308959972383], [-958.1955784860994, -323.5272876878908], [-954.7704657804412, -328.26296257076166], [-954.1624096930883, -329.0721542181225], [-953.9339549835568, -329.59333821387025], [-957.2544294272, -331.94424608562605], [-958.0474433679695, -331.03967691321463], [-959.1311302912127, -331.8637648078612], [-959.5214965100832, -331.3071648077696], [-960.3988783098823, -331.9743683193354], [-963.633088406745, -327.39470351315015]]]}, "properties": {"id": 418, "height_median_m": 3.0, "building_count": 1, "area_m2": 45.978351408804855}}, {"type": "Feature", "geometry": {"type": "Polygon", "coordinates": [[[-1052.170425110105, -257.9739312455355], [-1048.655193723066, -253.39138532911286], [-1049.9469641131063, -252.6546418655567], [-1045.8122462472809, -247.32310577312626], [-1044.5582392248048, -251.31320042645572], [-1042.064256195357, -248.04165996962323], [-1040.032335551399, -249.71559481872757], [-1036.829112142002, -252.15148066261423], [-1040.1588491101522, -256.45603853567], [-1040.2623776765158, -256.39699244284685], [-1042.6029934283235, -259.6601741680314], [-1045.953350849875, -264.0697824174389], [-1045.8041080683595, -264.1908399339357], [-1047.7366287219616, -266.5054317010274], [-1047.2563301099074, -266.8341497446562], [-1050.5400049669342, -270.9672228673831], [-1057.1392838500215, -265.6250439419167], [-1051.3259673048437, -258.5518811091769], [-1052.170425110105, -257.9739312455355]]]}, "properties": {"id": 419, "height_median_m": 3.0, "building_count": 3, "area_m2": 197.51625772156638}}, {"type": "Feature", "geometry": {"type": "Polygon", "coordinates": [[[-1034.3866748991015, -248.9939902770561], [-1035.4210327509245, -243.48796047825383], [-1035.4880401171656, -243.1440099168456], [-1035.4857295182992, -243.14357064409202], [-1036.292193842151, -238.85064959073569], [-1036.5549329022413, -238.25125116423374], [-1034.7522465041855, -237.95749762867027], [-1032.7060724041517, -237.5129234439457], [-1030.2662835360975, -237.06764344388353], [-1027.862644352554, -236.5454024818959], [-1027.5990617810799, -238.1489298608602], [-1027.5108904509318, -238.68532777648227], [-1027.5108904509284, -238.68532777649972], [-1026.5900342280208, -244.28743628186822], [-1026.479051556031, -244.05534567074025], [-1025.8847440856032, -247.14831082902168], [-1034.250788264471, -248.8183211811076], [-1034.3866748991015, -248.9939902770561]]]}, "properties": {"id": 420, "height_median_m": 6.0, "building_count": 2, "area_m2": 93.1091218501555}}, {"type": "Feature", "geometry": {"type": "Polygon", "coordinates": [[[-1022.3739954733837, -235.4707174774072], [-1021.6376617506191, -233.9308721966406], [-1020.0467319622347, -229.9384666027292], [-1018.6429287003971, -230.52075014363012], [-1013.0466961457272, -232.94206575286378], [-1012.393182656767, -232.94206575286378], [-1012.9917585196947, -234.33865918119204], [-1014.8885050252807, -238.7641361657623], [-1022.3739954733837, -235.4707174774072]]]}, "properties": {"id": 421, "height_median_m": 3.0, "building_count": 1, "area_m2": 49.40916113254205}}, {"type": "Feature", "geometry": {"type": "Polygon", "coordinates": [[[-1008.8025186591697, -239.97704493383648], [-1004.6126437113506, -239.72101234374796], [-1005.42821324407, -236.55800011297092], [-1003.6308079011532, -235.64677753675306], [-1003.6311163844736, -235.64308281322354], [-1003.418417136833, -235.5391027375257], [-1002.7783536354914, -235.21461259681587], [-1002.6677053570663, -235.08839915150523], [-996.4060405622405, -234.46731144165682], [-995.659865889986, -242.97872052357758], [-999.0875882226436, -243.10905080682673], [-998.7954803666861, -248.773440442139], [-1004.4784176585929, -248.90054573850392], [-1004.5759345365432, -246.11967528502268], [-1008.4735664732463, -246.23082332118327], [-1008.8025186591697, -239.97704493383648]]]}, "properties": {"id": 422, "height_median_m": 3.0, "building_count": 3, "area_m2": 128.9454042726062}}, {"type": "Feature", "geometry": {"type": "Polygon", "coordinates": [[[-1046.0555774266745, -246.5488561712617], [-1054.4419918064273, -249.0917573423949], [-1056.3959588623327, -242.40524804529034], [-1048.1186832835172, -239.98430948125517], [-1046.0555774266745, -246.5488561712617]]]}, "properties": {"id": 423, "height_median_m": 6.0, "building_count": 1, "area_m2": 60.18789868405422}}, {"type": "Feature", "geometry": {"type": "Polygon", "coordinates": [[[-968.4667002273292, -210.79655656783635], [-973.0545254392725, -214.2853605191307], [-978.5893791357908, -208.09331786935815], [-972.9604907280574, -203.52473002127314], [-968.7866906354512, -208.5657241193781], [-960.6172747455548, -205.0397568359177], [-960.5112527477478, -205.16069321027757], [-959.5376987473264, -207.38170570749736], [-951.7954843172311, -204.26476539900128], [-951.7968337105339, -204.26130216346345], [-951.4726901614024, -204.13481160803696], [-951.1460915290323, -204.0033261717803], [-951.1447262316772, -204.00683022527633], [-947.4404427820452, -202.56130748617932], [-947.3782443379295, -202.71502826770163], [-936.4858845062593, -197.93633018331616], [-937.6505384042919, -195.34577733265473], [-935.9076378758137, -197.68264171654533], [-935.8448355711043, -197.65508907801268], [-935.7183446498708, -197.9364442661402], [-929.8828270724215, -205.7606505048156], [-931.4183393536653, -206.23833684763324], [-932.2677314554643, -206.561296243752], [-933.3375759748209, -207.1159972406705], [-943.9803504848911, -211.45168292414843], [-943.7718878037374, -211.99962835987387], [-951.3430826070631, -215.16220006206777], [-952.239422492851, -212.89013287643166], [-958.8024279477152, -215.88462873989585], [-958.4082455310399, -216.8963030610982], [-963.8243734477365, -219.1657827424213], [-966.9518197902011, -211.91951784112976], [-967.82837172788, -212.25280406308977], [-968.4667002273292, -210.79655656783635]]]}, "properties": {"id": 424, "height_median_m": 6.0, "building_count": 8, "area_m2": 413.3707136167758}}, {"type": "Feature", "geometry": {"type": "Polygon", "coordinates": [[[-1009.6462371844607, -182.42266106021185], [-1009.6462371844607, -183.2087728111341], [-1002.3384891185847, -183.79033655893952], [-1002.3129724974154, -183.4956372218779], [-998.0194835654119, -183.76036504024017], [-998.2290369601089, -189.01906438864168], [-998.8135746106173, -193.0196604312906], [-998.8135746106173, -193.4777907100202], [-1003.4096537290206, -193.19440579503382], [-1003.7181139650284, -197.59255704485534], [-1007.7919976446283, -197.37127290324042], [-1007.7919976446283, -197.92537564654154], [-1010.8440839527018, -197.7803160282745], [-1010.7464114658748, -194.43794650912955], [-1014.7378571468204, -194.21585225460285], [-1014.7378571468204, -191.98152657575142], [-1014.1300947079914, -182.16037322210977], [-1009.6462371844607, -182.42266106021185]]]}, "properties": {"id": 425, "height_median_m": 3.0, "building_count": 3, "area_m2": 199.32569689483654}}, {"type": "Feature", "geometry": {"type": "Polygon", "coordinates": [[[-988.8424519001734, -170.13170922429342], [-986.4048933259236, -169.57561803146166], [-986.5036212862786, -169.12515296535537], [-981.6208788471388, -168.08894647412], [-978.1559951857829, -184.24686824847123], [-987.2320807793258, -186.17297820095158], [-988.3594807973058, -181.02900153722914], [-986.6005015503623, -180.6945983362298], [-988.8424519001734, -170.13170922429342]]]}, "properties": {"id": 426, "height_median_m": 3.0, "building_count": 1, "area_m2": 132.13356699170546}}, {"type": "Feature", "geometry": {"type": "Polygon", "coordinates": [[[-971.7389086245946, -134.64520097337436], [-966.1172785234969, -137.03414872683646], [-967.2525753275482, -139.9119305323064], [-972.8742054286461, -137.5229827788443], [-971.7389086245946, -134.64520097337436]]]}, "properties": {"id": 427, "height_median_m": 3.0, "building_count": 1, "area_m2": 18.88998957157255}}, {"type": "Feature", "geometry": {"type": "Polygon", "coordinates": [[[-1031.9476944105077, -135.0845737063607], [-1033.3798234705146, -135.23308190615046], [-1037.5337919639724, -135.7190631894286], [-1037.9019859732, -132.35915302250154], [-1032.437052176485, -131.59584287380758], [-1031.9476944105077, -135.0845737063607]]]}, "properties": {"id": 428, "height_median_m": 6.0, "building_count": 1, "area_m2": 19.181263219017335}}, {"type": "Feature", "geometry": {"type": "Polygon", "coordinates": [[[-956.1703470821727, -95.63959935807074], [-965.0088623337517, -88.40438860934367], [-959.1041429015962, -81.06766707881442], [-953.3060896400299, -85.84421356414505], [-953.9160035015192, -86.67906790709641], [-950.9513577259322, -89.0789768160491], [-956.1703470821727, -95.63959935807074]]]}, "properties": {"id": 429, "height_median_m": 3.0, "building_count": 1, "area_m2": 103.21747958189489}}, {"type": "Feature", "geometry": {"type": "Polygon", "coordinates": [[[-979.6485530924101, -86.67095927985545], [-987.4562496868119, -91.84608166960297], [-991.2589228990499, -85.98445375779039], [-992.9158587949813, -83.46442553821147], [-985.107108996795, -78.40897297877234], [-979.6485530924101, -86.67095927985545]]]}, "properties": {"id": 430, "height_median_m": 3.0, "building_count": 1, "area_m2": 92.83866487766775}}, {"type": "Feature", "geometry": {"type": "Polygon", "coordinates": [[[-1012.9107522923998, -45.98210554955391], [-1009.8477547286827, -40.11738343636525], [-1006.0163102136576, -42.236376545184385], [-1008.9654053784705, -47.96755346947533], [-1012.9107522923998, -45.98210554955391]]]}, "properties": {"id": 431, "height_median_m": 3.0, "building_count": 1, "area_m2": 28.713792077316175}}, {"type": "Feature", "geometry": {"type": "Polygon", "coordinates": [[[-977.0506579084574, 11.61813564544667], [-977.0506579084574, 9.40157424709742], [-976.338512999166, 9.40157424709742], [-976.4393397497604, 8.136460956173245], [-975.4891930327361, 8.028080335964148], [-975.4891930327361, 6.815609090231618], [-974.0253197118341, 6.704289090117186], [-974.0253197118341, 3.9092253911573596], [-981.7567383453401, 4.031711729833586], [-981.6493446667833, 11.74927553043896], [-977.0506579084574, 11.61813564544667]]]}, "properties": {"id": 432, "height_median_m": 3.0, "building_count": 1, "area_m2": 47.26592043259953}}, {"type": "Feature", "geometry": {"type": "Polygon", "coordinates": [[[-1042.1087935042563, 36.92539583993109], [-1036.898210973496, 43.71804504824666], [-1032.717807791325, 40.49932723582646], [-1027.9505277845062, 36.83465087379825], [-1033.1608478717192, 30.04234379320056], [-1037.8279033559436, 33.70970008759863], [-1042.1087935042563, 36.92539583993109]]]}, "properties": {"id": 433, "height_median_m": 6.0, "building_count": 2, "area_m2": 96.28432105047568}}, {"type": "Feature", "geometry": {"type": "Polygon", "coordinates": [[[-1009.0770427966953, 46.91195013536677], [-1013.5549741983875, 48.221656053976055], [-1011.5985724552675, 54.792518358945664], [-1007.1206410535755, 53.482812440336374], [-1009.0770427966953, 46.91195013536677]]]}, "properties": {"id": 434, "height_median_m": 3.0, "building_count": 1, "area_m2": 31.98618159376008}}, {"type": "Feature", "geometry": {"type": "Polygon", "coordinates": [[[-968.3711026521714, 65.1564775027197], [-970.34636802063, 59.14812861941136], [-976.3782830284141, 61.14971099157102], [-974.4030176599554, 67.15805987487934], [-968.3711026521714, 65.1564775027197]]]}, "properties": {"id": 435, "height_median_m": 3.0, "building_count": 1, "area_m2": 40.19550614307404}}, {"type": "Feature", "geometry": {"type": "Polygon", "coordinates": [[[-1009.68916855471, 97.12153049727459], [-1003.2914512912577, 97.00382565895667], [-1003.4115575506133, 93.30477424705845], [-1005.2677037840018, 93.30477424705845], [-1005.4633757986215, 88.17122758779908], [-1012.1152425398116, 88.42000140010504], [-1011.79693356439, 97.25510102655569], [-1009.68916855471, 97.12153049727459]]]}, "properties": {"id": 436, "height_median_m": 3.0, "building_count": 1, "area_m2": 65.67924710519651}}, {"type": "Feature", "geometry": {"type": "Polygon", "coordinates": [[[-997.873939821698, 107.05995642246765], [-997.7106906411484, 107.14142498026412], [-999.6393433348497, 110.59850660904341], [-993.0699868926075, 114.28382663583325], [-991.0360750187979, 110.47235323830716], [-991.0017228301209, 110.48949649905268], [-988.3518566144319, 105.07395207186154], [-995.2240736060062, 101.64441199527081], [-997.873939821698, 107.05995642246765]]]}, "properties": {"id": 437, "height_median_m": 3.0, "building_count": 2, "area_m2": 77.3213379576742}}, {"type": "Feature", "geometry": {"type": "Polygon", "coordinates": [[[-1024.6502322607532, 110.29364654570648], [-1023.5725956314652, 108.72917144260775], [-1022.8011982609246, 109.27911628407806], [-1020.8270859160814, 106.60508524845196], [-1024.4200985563534, 103.9609235637042], [-1027.4620555597764, 108.20188387172894], [-1024.6502322607532, 110.29364654570648]]]}, "properties": {"id": 438, "height_median_m": 3.0, "building_count": 1, "area_m2": 21.396026233434434}}, {"type": "Feature", "geometry": {"type": "Polygon", "coordinates": [[[-1011.8270757829504, 154.18088898258134], [-1011.556620827141, 154.1247979784271], [-1008.4811728730269, 165.76524133955544], [-1006.3479593615392, 174.45559108989553], [-994.9323703537314, 171.49617105914135], [-996.7956602194615, 164.17533692699766], [-997.2521097352425, 163.6546775293369], [-997.2521097352425, 162.6296047702402], [-1000.0234978943424, 151.6706179999533], [-999.1374107902085, 151.4728654671636], [-999.4069801815701, 150.24290392963266], [-1000.126733558916, 146.84693753610586], [-996.9404423956257, 146.20555260353277], [-995.2470908500583, 145.7916469972534], [-996.4774016590061, 139.00863558275768], [-997.7218356793531, 132.62092324402096], [-998.8587778976514, 132.9451429164942], [-1001.719501097678, 133.57267141765476], [-1000.5502635275731, 139.57439841092585], [-1002.3137768468812, 139.9096635938473], [-1002.3110766788486, 139.9222036237539], [-1006.3577382573806, 140.84538671746765], [-1008.2095064831177, 141.17890161853703], [-1017.102330163186, 143.07389706841101], [-1018.2345201462921, 143.36088772316975], [-1018.6697526224898, 150.31129558758045], [-1012.9227556547895, 149.0680222489395], [-1011.8270757829504, 154.18088898258134]]]}, "properties": {"id": 439, "height_median_m": 3.0, "building_count": 5, "area_m2": 493.31701192243713}}, {"type": "Feature", "geometry": {"type": "Polygon", "coordinates": [[[-892.6103297772133, -1070.0210867074456], [-896.6634796017, -1072.002508034695], [-900.0779997202047, -1064.6996659625518], [-889.2332426051646, -1058.9268518710996], [-885.571709170862, -1065.560291910218], [-893.0015136241583, -1069.2402145773399], [-892.6103297772133, -1070.0210867074456]]]}, "properties": {"id": 440, "height_median_m": 3.0, "building_count": 1, "area_m2": 96.48323265972967}}, {"type": "Feature", "geometry": {"type": "Polygon", "coordinates": [[[-881.7676274638288, -1068.961819774968], [-880.9754035216648, -1068.5099857527912], [-880.739481123477, -1068.5099857527912], [-877.5158587882569, -1067.5294264835557], [-876.3451146352381, -1071.8695922724116], [-876.2385818834775, -1071.8367493055678], [-876.2385818834775, -1072.2645289487054], [-875.861243477708, -1073.6633924282453], [-875.3743083806459, -1075.3296928115576], [-875.1724680998633, -1076.0203937670292], [-876.00807021572, -1076.211023433441], [-879.4617237938218, -1077.3190043110362], [-880.4387573867282, -1073.864130806604], [-880.4599080158571, -1073.870651331041], [-880.5391117229904, -1073.5092693771462], [-880.6292981340318, -1073.1903625921298], [-880.5913696145611, -1073.1786696142724], [-881.7676274638288, -1068.961819774968]]]}, "properties": {"id": 441, "height_median_m": 6.0, "building_count": 2, "area_m2": 39.189403394548194}}, {"type": "Feature", "geometry": {"type": "Polygon", "coordinates": [[[-863.3156261973228, -1057.5011556000163], [-861.3220983914853, -1055.4798557856411], [-858.9173514764036, -1052.9861934136986], [-855.9148386563546, -1056.2793508382401], [-861.0649048138299, -1061.99929641101], [-860.8806852927188, -1062.2868483874151], [-861.9261239127585, -1062.9558135161253], [-861.9261239127587, -1062.9558135161255], [-865.4715586986518, -1065.224499780833], [-867.7034066854335, -1061.7407631179015], [-862.467993294295, -1058.3906773975361], [-863.3156261973228, -1057.5011556000163]]]}, "properties": {"id": 442, "height_median_m": 3.0, "building_count": 2, "area_m2": 55.081572029120615}}, {"type": "Feature", "geometry": {"type": "Polygon", "coordinates": [[[-879.9726443119151, -1027.4963849885105], [-880.1839943403551, -1027.2172383827678], [-880.3997735115998, -1026.9418034314738], [-880.3952018851853, -1026.9382799663354], [-882.2805998866328, -1024.448086534791], [-881.7612996772096, -1024.1519108084344], [-878.085625075294, -1021.2768885211885], [-876.0172754741316, -1024.0087205191028], [-870.8907932470099, -1030.7121094548459], [-863.0027789440827, -1024.781846216442], [-866.7139191415781, -1020.8956339868388], [-864.2794520975561, -1018.0076272631359], [-868.0929618550148, -1014.2153495578547], [-863.7310162266624, -1009.3641870360758], [-859.8306486696913, -1012.9234205593683], [-859.8281827717343, -1012.9206077774492], [-859.565564639713, -1013.1653198040439], [-859.3134760797113, -1013.3953601888257], [-859.3158210895754, -1013.3980350770249], [-852.3868207047028, -1019.8545950769255], [-854.9257208611139, -1022.7506485957391], [-848.5999787961493, -1028.7260672140126], [-854.571506690041, -1032.5653087063133], [-856.8041320025528, -1030.5016082054046], [-861.529703930956, -1033.9318180873584], [-859.2128058055863, -1037.1032043826017], [-861.8434068420896, -1038.9607522131405], [-863.6600515796982, -1036.2964993848118], [-868.6325088977346, -1040.644990692023], [-873.9644389742141, -1033.9019194098064], [-874.603701557656, -1034.3990938859367], [-876.0849670248183, -1032.4495107216374], [-879.9680696014163, -1027.4928591463924], [-879.9726443119151, -1027.4963849885105]]]}, "properties": {"id": 443, "height_median_m": 6.0, "building_count": 9, "area_m2": 400.7594099084978}}, {"type": "Feature", "geometry": {"type": "Polygon", "coordinates": [[[-929.1256521128455, -1038.872391350491], [-929.1378450142876, -1038.857413389071], [-929.9190583453405, -1039.5257447958788], [-940.0179032843096, -1027.0754037518107], [-932.7384635822553, -1020.6171598211246], [-931.2816345744696, -1019.3708362614447], [-930.6906130212235, -1020.1573586139781], [-928.0798767604942, -1017.8175054112652], [-924.1073361487616, -1022.6006157837068], [-925.790547253176, -1023.9559046578207], [-919.9253540327637, -1030.8134257201098], [-920.7559615081386, -1031.6029682887438], [-921.6552363845176, -1032.400795697303], [-922.1361588903826, -1032.7299407354062], [-922.8088043069903, -1033.3875991156076], [-924.1809809697253, -1034.5056020772356], [-925.5417865721034, -1035.7252141057998], [-926.3151199437932, -1036.4113075084886], [-928.8665756971607, -1038.6261235710265], [-929.1256521128455, -1038.872391350491]]]}, "properties": {"id": 444, "height_median_m": 9.0, "building_count": 3, "area_m2": 222.3287909824841}}, {"type": "Feature", "geometry": {"type": "Polygon", "coordinates": [[[-831.9129642542881, -1009.0557554293162], [-832.2818420920113, -1006.1103738662977], [-827.6178457656662, -1005.4615821323353], [-827.4248672807668, -1006.3420831134612], [-825.4534694376007, -1006.0047752253445], [-825.062080307161, -1008.4602326639904], [-823.5991941337693, -1008.2377427990365], [-823.0025171876642, -1011.9130528211848], [-825.0588799230918, -1012.3598407003714], [-825.0559419542071, -1012.3807860768148], [-826.5143228884614, -1012.6025907414147], [-826.0278274552319, -1015.7102096526296], [-830.4060328446618, -1016.4987514997603], [-831.0232933982227, -1013.6282220804491], [-836.9130268981207, -1015.4197572466103], [-838.1775751672742, -1010.961320554313], [-831.9129642542881, -1009.0557554293162]]]}, "properties": {"id": 445, "height_median_m": 3.0, "building_count": 3, "area_m2": 97.0270675092753}}, {"type": "Feature", "geometry": {"type": "Polygon", "coordinates": [[[-913.3787609874456, -1016.620685715992], [-911.9038717711223, -1015.2747932928727], [-912.6823797969714, -1014.2757677842708], [-911.6206265504791, -1013.2848573930162], [-916.9971458749716, -1007.0405034826647], [-911.2942959743847, -1002.131006202946], [-905.4679042096177, -1008.8978473512376], [-906.7328708443647, -1009.9666715132047], [-902.1556896036386, -1015.350894425027], [-903.6850253667259, -1016.6927953526844], [-905.2474050396172, -1018.0294179658332], [-908.0751766109763, -1020.4763954202582], [-909.2186565684876, -1021.4908790612935], [-913.3787609874456, -1016.620685715992]]]}, "properties": {"id": 446, "height_median_m": 3.0, "building_count": 1, "area_m2": 133.03760469948233}}, {"type": "Feature", "geometry": {"type": "Polygon", "coordinates": [[[-915.4601076166691, -991.9831808212986], [-918.6487624544537, -989.1946525430346], [-915.1820944987181, -984.9852015961865], [-909.3774183514171, -989.889819590218], [-912.8428963362624, -994.0978255984148], [-915.4601076166691, -991.9831808212986]]]}, "properties": {"id": 447, "height_median_m": 6.0, "building_count": 1, "area_m2": 41.70771734686837}}, {"type": "Feature", "geometry": {"type": "Polygon", "coordinates": [[[-841.5424982763292, -944.3926117309545], [-836.6472121638865, -941.4737454451227], [-831.9638191985266, -949.4870715941727], [-830.3082044237278, -948.4872699598652], [-828.8524520552268, -950.9142081453608], [-828.6784311247825, -951.2043248233819], [-828.6805961344921, -951.2056157333933], [-825.2648917192821, -956.9942557334161], [-830.1601610772431, -959.913112029897], [-833.5758654924495, -954.12447202988], [-833.5842607855268, -954.1294778124566], [-834.7587138222187, -952.0083395849701], [-836.5082898488979, -953.0061861911097], [-841.5424982763292, -944.3926117309545]]]}, "properties": {"id": 448, "height_median_m": 6.0, "building_count": 2, "area_m2": 110.52301139641601}}, {"type": "Feature", "geometry": {"type": "Polygon", "coordinates": [[[-871.1241187603755, -897.7380895821843], [-871.126489380707, -897.7397313580067], [-869.27302043419, -900.4579897936959], [-866.826351968545, -904.0302744243162], [-866.2649603326043, -904.9908204028577], [-876.7923659977102, -912.1722677824953], [-877.6628405522825, -910.7538015507583], [-883.9092509751707, -901.6750343697005], [-879.1287068824856, -898.4743398843998], [-874.0436726556233, -894.9048884610439], [-873.3607737635386, -894.5154064765585], [-873.3174700824359, -894.5778005611643], [-871.3156314781828, -897.462148590249], [-871.1241187603755, -897.7380895821843]]]}, "properties": {"id": 449, "height_median_m": 9.0, "building_count": 2, "area_m2": 161.5314668732955}}, {"type": "Feature", "geometry": {"type": "Polygon", "coordinates": [[[-935.9538103669157, -845.9251404525436], [-935.9538103669157, -845.9251404525434], [-935.9814724884579, -845.886074312791], [-935.9814724884579, -844.4421296873486], [-936.0824795154319, -839.0269807395545], [-931.3460697632393, -835.7116923306025], [-928.7084361450239, -839.5627976878924], [-926.7628251821119, -842.2864900247583], [-925.7814948742225, -841.6148641437532], [-924.0222802046445, -844.1789651529415], [-922.8541239126932, -843.4016829795374], [-921.8723497619261, -844.8015364140733], [-921.6762770481054, -845.0811048480623], [-921.6776821276419, -845.0820898626183], [-917.9701799879091, -850.424042239721], [-927.809095850591, -857.3941038022245], [-929.8023129782352, -854.5958171449762], [-931.8205460506808, -851.7624104882128], [-932.0222904983418, -851.4791805338671], [-932.0214826213116, -851.4786141811351], [-935.9538103669157, -845.9251404525436]]]}, "properties": {"id": 450, "height_median_m": 3.0, "building_count": 3, "area_m2": 203.94416588079977}}, {"type": "Feature", "geometry": {"type": "Polygon", "coordinates": [[[-955.9680894195332, -840.4765454318375], [-956.3964332695518, -832.414644799169], [-947.3016358984839, -832.052754624714], [-947.2034190833078, -834.1813857527637], [-946.4197231396553, -834.1813857527637], [-946.1999858679379, -840.0716197967835], [-953.2020418423866, -840.9317639121648], [-953.3014761678166, -840.2512319256308], [-955.9680894195332, -840.4765454318375]]]}, "properties": {"id": 451, "height_median_m": 3.0, "building_count": 1, "area_m2": 79.51991825532114}}, {"type": "Feature", "geometry": {"type": "Polygon", "coordinates": [[[-860.4931773438332, -812.3769294464088], [-861.4672072274893, -813.958037746391], [-856.621140821796, -822.2496995684933], [-861.1377550651739, -826.1450972173675], [-863.0330055138962, -823.4067411988038], [-858.2151770914805, -820.4299772259608], [-868.0280484096033, -814.1210419932073], [-875.0187041671373, -809.7068365256555], [-872.1114503845902, -804.9875941672542], [-866.6901927414499, -808.5212395148895], [-860.4931773438332, -812.3769294464088]]]}, "properties": {"id": 452, "height_median_m": 3.0, "building_count": 3, "area_m2": 105.81877492956046}}, {"type": "Feature", "geometry": {"type": "Polygon", "coordinates": [[[-886.5385071268421, -818.96795034219], [-890.6633171408896, -822.7828616147256], [-902.1619825578955, -810.13094116381], [-898.0371725442448, -806.3160298908233], [-886.5385071268421, -818.96795034219]]]}, "properties": {"id": 453, "height_median_m": 3.0, "building_count": 1, "area_m2": 96.05315649309085}}, {"type": "Feature", "geometry": {"type": "Polygon", "coordinates": [[[-842.1955014711754, -763.6639147335521], [-844.6113045413091, -761.6598128710798], [-851.0241857415888, -755.970370718361], [-844.7441435304727, -748.8068994430567], [-843.3431901523616, -747.2088704900979], [-837.5852884239575, -752.2182704900724], [-837.5797741937898, -752.211980559514], [-837.3191014945639, -752.4498542973334], [-837.0571756445729, -752.6777309466457], [-837.0626016037927, -752.6839201889638], [-834.6228127357392, -754.9103201888785], [-836.2143097152776, -756.7256969832381], [-842.1955014711754, -763.6639147335521]]]}, "properties": {"id": 454, "height_median_m": 6.0, "building_count": 2, "area_m2": 136.25353153442896}}, {"type": "Feature", "geometry": {"type": "Polygon", "coordinates": [[[-836.7795415464714, -768.1568866592704], [-836.0172907560121, -767.5813163888324], [-832.3956241753416, -772.4635672840117], [-839.564797114759, -778.83734589756], [-843.4976687945392, -773.2296978198561], [-836.7795415464714, -768.1568866592704]]]}, "properties": {"id": 455, "height_median_m": 3.0, "building_count": 1, "area_m2": 61.1235444466799}}, {"type": "Feature", "geometry": {"type": "Polygon", "coordinates": [[[-861.6010118846849, -752.8436026730592], [-864.7693650517708, -756.2167190308636], [-868.6897397242002, -752.3836931995709], [-862.15152288132, -745.6474676774369], [-858.2313064858324, -749.4803387583149], [-861.6010118846849, -752.8436026730592]]]}, "properties": {"id": 456, "height_median_m": 3.0, "building_count": 1, "area_m2": 51.11344272071527}}, {"type": "Feature", "geometry": {"type": "Polygon", "coordinates": [[[-943.9302926905314, -703.4366852554087], [-947.4157425202361, -698.0942622245311], [-940.5968812671839, -692.4374714431136], [-941.7771070400838, -690.5975950078957], [-936.3992234147272, -687.2174133163297], [-929.6900942816611, -697.9314997981548], [-932.1043443033848, -699.5587857543243], [-937.9338910948985, -704.3243349657334], [-939.006182738844, -705.3945768310881], [-941.3918671346678, -701.7661974740388], [-943.9302926905314, -703.4366852554087]]]}, "properties": {"id": 457, "height_median_m": 3.0, "building_count": 1, "area_m2": 163.0561440415713}}, {"type": "Feature", "geometry": {"type": "Polygon", "coordinates": [[[-862.3940636640698, -657.0532085185112], [-861.8970192901573, -657.9870329524086], [-855.3678952475701, -654.383359372837], [-852.1081787976502, -660.4565317824643], [-858.9508037172271, -664.184385578158], [-863.4560042680284, -666.6941093749202], [-867.2035405808526, -659.7324363424273], [-862.3940636640698, -657.0532085185112]]]}, "properties": {"id": 458, "height_median_m": 3.0, "building_count": 2, "area_m2": 94.70465259173135}}, {"type": "Feature", "geometry": {"type": "Polygon", "coordinates": [[[-944.4300751162145, -648.5248980770119], [-942.0703006188161, -651.5836819525335], [-949.363152880262, -657.2500808438589], [-951.4127512518004, -654.4668422230662], [-956.3007764863285, -658.2582745869274], [-957.9728677962373, -655.8423504508746], [-963.242951315827, -648.5592606536054], [-951.4764227343506, -639.33909835308], [-944.4300751162145, -648.5248980770119]]]}, "properties": {"id": 459, "height_median_m": 6.0, "building_count": 2, "area_m2": 212.53298816477326}}, {"type": "Feature", "geometry": {"type": "Polygon", "coordinates": [[[-861.2909579740773, -647.4531386459221], [-861.5240010310748, -647.1944973269996], [-861.7655881020031, -646.9386092999316], [-861.7595379031262, -646.9330882636825], [-865.3625428500507, -642.9343166908969], [-863.498766464906, -641.1120666193905], [-859.5471366288771, -645.3823443426455], [-857.9376723966153, -647.0870822056751], [-859.9186900673546, -648.8948360651548], [-861.2849718334385, -647.4476760652481], [-861.2909579740773, -647.4531386459221]]]}, "properties": {"id": 460, "height_median_m": 3.0, "building_count": 2, "area_m2": 21.550133719227247}}, {"type": "Feature", "geometry": {"type": "Polygon", "coordinates": [[[-854.5021326195103, -590.2354067504548], [-855.1408039574718, -588.7783771228119], [-856.5031680827648, -586.2253586325999], [-859.5897188869249, -580.0053783839487], [-857.9104284645271, -579.1844410878531], [-851.5317705845204, -575.8985239149582], [-851.1869959673329, -576.6850737456263], [-850.7032272438801, -577.7887170768696], [-848.0473471337817, -582.982127359423], [-847.9328053363937, -582.9261324986272], [-846.3519780163714, -586.1164204041714], [-849.0394507232583, -587.4019636231393], [-847.2524980768563, -590.9227114572958], [-844.0312211313666, -594.9311717531037], [-843.4439370354035, -594.4845725521001], [-841.1736290735001, -597.3468480109876], [-841.5951871453208, -597.7315357613313], [-838.8088803721048, -600.9097991970115], [-841.9155458334777, -603.4994171845574], [-843.9872722769089, -600.5143713016286], [-846.1459339571041, -597.4364638571235], [-846.5363001760477, -597.6591038569644], [-848.8624543123752, -594.3423788695908], [-848.7905627194411, -594.2864665325219], [-851.6672877445678, -588.6185919972378], [-854.5021326195103, -590.2354067504548]]]}, "properties": {"id": 461, "height_median_m": 3.0, "building_count": 3, "area_m2": 163.56346301027486}}, {"type": "Feature", "geometry": {"type": "Polygon", "coordinates": [[[-827.611868986867, -592.5399165470034], [-833.3857551206912, -595.8951061737], [-838.4253811362946, -587.1525004510784], [-832.4377407694349, -583.9238031770435], [-827.611868986867, -592.5399165470034]]]}, "properties": {"id": 462, "height_median_m": 3.0, "building_count": 1, "area_m2": 67.27958908697556}}, {"type": "Feature", "geometry": {"type": "Polygon", "coordinates": [[[-918.0486397354304, -581.9056720012834], [-919.7096764948737, -578.6735385718321], [-914.587218062831, -576.133083213686], [-910.0850872355519, -585.3291335862851], [-913.9859429588203, -587.3314530203754], [-913.2010444438406, -588.8982492469974], [-915.6802760440698, -590.0889824002815], [-916.5519562212002, -588.4318130953386], [-918.0261477086708, -589.216545598014], [-920.8716439277845, -583.3491754923625], [-918.0486397354304, -581.9056720012834]]]}, "properties": {"id": 463, "height_median_m": 3.0, "building_count": 1, "area_m2": 83.89329288245166}}, {"type": "Feature", "geometry": {"type": "Polygon", "coordinates": [[[-935.1630241113694, -558.2889242383858], [-937.871345601189, -556.1881949551205], [-937.1760922078644, -555.2365272664222], [-935.2142950145391, -552.8868708092592], [-934.6762721784746, -552.2731629706747], [-928.8712081412901, -557.8953413413187], [-929.8091470828509, -558.3232937937133], [-932.8283797048265, -560.1046501072825], [-935.1630241113694, -558.2889242383858]]]}, "properties": {"id": 464, "height_median_m": 3.0, "building_count": 1, "area_m2": 33.65845809970097}}, {"type": "Feature", "geometry": {"type": "Polygon", "coordinates": [[[-893.6881933212695, -555.6126175833207], [-899.976690530432, -558.7044777806069], [-905.8449589373209, -546.6087139224915], [-899.5564617285366, -543.5168537247622], [-893.6881933212695, -555.6126175833207]]]}, "properties": {"id": 465, "height_median_m": 3.0, "building_count": 1, "area_m2": 94.20804277969012}}, {"type": "Feature", "geometry": {"type": "Polygon", "coordinates": [[[-873.6594053543888, -538.4924694364827], [-879.1727802961436, -539.3230861379831], [-880.2977229413505, -539.4834850267393], [-882.452880214044, -525.4358931727061], [-871.7653309696772, -523.8257619927015], [-870.5608030264926, -523.614381705248], [-870.0335076216905, -523.3136460297939], [-869.805097099912, -524.0952708126189], [-869.0566069462208, -528.9740257527174], [-870.356677595089, -528.9740257527174], [-869.8414952026436, -532.0298284926699], [-871.207409472854, -532.2524086082666], [-870.6221344510419, -535.7017119904386], [-873.952920576063, -536.2604378790575], [-873.6594053543888, -538.4924694364827]]]}, "properties": {"id": 466, "height_median_m": 3.0, "building_count": 1, "area_m2": 154.1779485100825}}, {"type": "Feature", "geometry": {"type": "Polygon", "coordinates": [[[-920.1513761117559, -509.8370342743431], [-918.4206869129131, -516.7465576204902], [-927.3047487685311, -518.9180872208085], [-928.9267922791165, -511.88724976998446], [-920.1513761117559, -509.8370342743431]]]}, "properties": {"id": 467, "height_median_m": 3.0, "building_count": 1, "area_m2": 65.08346950014909}}, {"type": "Feature", "geometry": {"type": "Polygon", "coordinates": [[[-906.5895554010648, -494.4671631037287], [-906.5895554010648, -497.1044257527108], [-897.2963622768486, -497.1044257527108], [-898.1217117636464, -510.6378189458109], [-904.8569243459743, -510.0182486567002], [-904.6624376298138, -501.2553457526989], [-909.6426844567545, -501.2553457526989], [-909.4248322401254, -494.173151991079], [-906.5895554010648, -494.4671631037287]]]}, "properties": {"id": 468, "height_median_m": 3.0, "building_count": 1, "area_m2": 121.42319396765114}}, {"type": "Feature", "geometry": {"type": "Polygon", "coordinates": [[[-870.2653171301022, -498.28381645805723], [-869.2508750850175, -493.14094483208294], [-865.640137569526, -493.9201524597141], [-864.628035421263, -488.7774819216074], [-864.4018107420251, -488.2613853932695], [-860.3813716535269, -489.070680251087], [-860.6372816489188, -489.6544992253628], [-862.5497084928198, -499.8728827209928], [-870.2653171301022, -498.28381645805723]]]}, "properties": {"id": 469, "height_median_m": 3.0, "building_count": 1, "area_m2": 64.78225344545059}}, {"type": "Feature", "geometry": {"type": "Polygon", "coordinates": [[[-922.9382277131976, -487.1400240333947], [-930.9605003788503, -481.9626058678959], [-930.2606903478031, -481.0047010224167], [-924.5145653703061, -471.9204680363668], [-918.0640145496598, -476.12501989505165], [-916.5145377393936, -477.2126786915745], [-922.9382277131976, -487.1400240333947]]]}, "properties": {"id": 470, "height_median_m": 3.0, "building_count": 1, "area_m2": 113.49838636465378}}, {"type": "Feature", "geometry": {"type": "Polygon", "coordinates": [[[-887.5760613480293, -398.82082111937666], [-883.9719842399818, -400.58270892462974], [-883.8949206917516, -400.4239141177615], [-883.5935027813119, -400.76773323086775], [-883.3431053286101, -400.89014243720703], [-883.378368141926, -400.96280391930486], [-880.7836309596015, -402.6540869344666], [-878.5807791967128, -404.2095879231652], [-878.5807791967128, -405.6080827486581], [-880.4684367814106, -409.32724473396837], [-881.0016408020979, -410.54366703049794], [-886.9897673672452, -407.5994898179755], [-890.720890513069, -405.775494333571], [-887.5760613480293, -399.41107164870834], [-887.5760613480293, -398.82082111937666]]]}, "properties": {"id": 471, "height_median_m": 6.0, "building_count": 2, "area_m2": 78.94152072841575}}, {"type": "Feature", "geometry": {"type": "Polygon", "coordinates": [[[-920.0850892353506, -399.1809047098416], [-922.336334746593, -394.4302272109952], [-915.7499863695318, -391.2607367462013], [-915.0486522738241, -391.0607386218032], [-912.8247534990467, -395.6268708262677], [-913.7061296883921, -396.12955160534057], [-920.0850892353506, -399.1809047098416]]]}, "properties": {"id": 472, "height_median_m": 6.0, "building_count": 1, "area_m2": 42.3426222068818}}, {"type": "Feature", "geometry": {"type": "Polygon", "coordinates": [[[-943.091779564809, -377.46520848671304], [-941.8210816458051, -373.11685807528124], [-936.2663502296602, -374.8167951825614], [-935.9989878549776, -373.4444171275288], [-930.0474985431136, -375.20445046759113], [-930.2173958696643, -375.97963928373383], [-931.715842194178, -381.10734870424966], [-931.6826566601927, -381.11779113876133], [-931.7792480467463, -381.4360864197622], [-931.8582146204573, -381.7963864069075], [-931.8859389622055, -381.7876624362999], [-932.7642629545352, -384.68198243649493], [-935.922259484077, -383.6882611373777], [-939.5227161628063, -382.7756073982412], [-940.9549989408694, -387.6769040096776], [-944.530701761033, -386.6881268516245], [-945.6174327262099, -386.2232753154589], [-943.091779564809, -377.46520848671304]]]}, "properties": {"id": 473, "height_median_m": 3.0, "building_count": 3, "area_m2": 135.39596724668357}}, {"type": "Feature", "geometry": {"type": "Polygon", "coordinates": [[[-892.902385382706, -337.47608333537625], [-891.8709985772861, -332.9009045785554], [-887.5810720948119, -334.4987498182033], [-886.6045232654528, -330.4143678030174], [-886.509760124496, -330.4261975469861], [-881.7117438984837, -310.358659100122], [-881.5383397238795, -309.5674696244827], [-875.7757075878086, -310.9579702837984], [-876.6388330027654, -314.52694011372205], [-876.9992029886165, -316.0048135072631], [-879.2321328476189, -318.45867066476615], [-878.7798029870332, -319.047819932953], [-877.5914464214362, -318.43359738557814], [-880.6321929296738, -330.9036657527146], [-880.4399910936728, -330.9036657527146], [-881.9513252849856, -337.2822337949307], [-878.1702560015486, -337.61400007562395], [-878.5057559619139, -343.0993032360382], [-886.2226709652502, -342.43076101936543], [-886.2304987167216, -342.52674670105165], [-886.6150869722567, -342.3967647051558], [-886.9200676718502, -342.3703432047427], [-886.9139840435646, -342.2957443610947], [-889.5484648097201, -341.40535037946455], [-889.3518682369371, -338.93857509145926], [-892.902385382706, -337.47608333537625]]]}, "properties": {"id": 474, "height_median_m": 3.0, "building_count": 4, "area_m2": 239.97269641984076}}, {"type": "Feature", "geometry": {"type": "Polygon", "coordinates": [[[-865.5380249118193, -313.4282831850369], [-864.733009987703, -313.6225301465488], [-865.2479281310347, -313.1575423932364], [-863.7833894291794, -311.7907214078726], [-863.9756232976097, -311.3960248203761], [-857.4325774330853, -308.01413893288566], [-856.8533029388443, -307.6837576983289], [-855.7579981992271, -307.0590657154033], [-854.0685873381954, -310.27083982095957], [-854.1148543300916, -310.26118576900353], [-851.1301791177741, -316.0488984191194], [-852.1489410357033, -316.5469299943104], [-852.7281027641272, -316.76714127465465], [-858.2021504624686, -319.7124693511721], [-860.4176780478164, -315.1319350690514], [-864.1161505586563, -318.6169859329557], [-867.3207879442996, -315.0920957709644], [-865.5380249118193, -313.4282831850369]]]}, "properties": {"id": 475, "height_median_m": 3.0, "building_count": 2, "area_m2": 106.11338615299591}}, {"type": "Feature", "geometry": {"type": "Polygon", "coordinates": [[[-869.3456608085868, -307.5940256187425], [-873.9337916380326, -303.34176255767676], [-874.3252516625308, -304.96042537636475], [-876.9815306237081, -302.5617194804391], [-876.0198423559162, -301.46474814640425], [-877.0024681223007, -300.6801502327412], [-874.3731998249283, -297.81734053501174], [-873.9888411876773, -298.146161022676], [-871.7569906855956, -295.60035059259076], [-871.4595493277262, -295.8265393718267], [-868.7019060628106, -292.79331331688223], [-868.6642724110286, -292.8290863757268], [-862.2041871715301, -285.70587302065735], [-861.1046238955075, -284.59099163361515], [-860.5535869629733, -285.0100267408982], [-854.13370140012, -290.9381588615403], [-855.8373795885595, -292.75194175236174], [-861.1052132640054, -298.5382637677919], [-867.0539501601039, -305.07557193792627], [-867.0539501872821, -305.07557188212365], [-869.3456608085868, -307.5940256187425]]]}, "properties": {"id": 476, "height_median_m": 6.0, "building_count": 4, "area_m2": 222.46249466909973}}, {"type": "Feature", "geometry": {"type": "Polygon", "coordinates": [[[-852.4344242555659, -310.61182363377543], [-850.4142454139486, -300.5564240977798], [-842.4278562000732, -302.30831916109224], [-842.4112684004497, -302.2263270933208], [-842.0685685606383, -302.30150176130724], [-841.725490690503, -302.36672500838534], [-841.7274344744645, -302.3763329654335], [-836.6505944662517, -303.4899890507346], [-838.7460692335702, -313.52904066171635], [-839.632168359579, -313.3268908859881], [-839.8235815876358, -313.21772098594573], [-840.7533239566982, -313.02918204783066], [-844.169817900563, -312.3363641644183], [-844.5055230048692, -312.26828779617716], [-844.5051162172346, -312.2663498659746], [-852.4344242555659, -310.61182363377543]]]}, "properties": {"id": 477, "height_median_m": 3.0, "building_count": 3, "area_m2": 143.41030839183418}}, {"type": "Feature", "geometry": {"type": "Polygon", "coordinates": [[[-889.2231362939561, -322.1499448064481], [-894.509847654291, -322.0216382931655], [-894.4026336426203, -314.3169857526701], [-889.1158399505217, -314.3169857526701], [-889.2231362939561, -322.1499448064481]]]}, "properties": {"id": 478, "height_median_m": 3.0, "building_count": 1, "area_m2": 41.078634442631156}}, {"type": "Feature", "geometry": {"type": "Polygon", "coordinates": [[[-946.4068620375416, -312.7475356591477], [-946.0218442457078, -313.51609925293025], [-942.6156766564028, -311.6289430447125], [-937.6009213773656, -320.9242571612359], [-938.956881453456, -321.69761032742497], [-938.1665980062056, -323.04979218745206], [-939.193430232011, -323.5665330346601], [-937.8744208853756, -325.57260990415546], [-937.9429630985727, -325.61525584003624], [-933.0052198808678, -333.93576958268096], [-937.9007280845154, -336.85476829298597], [-942.9574705518884, -328.31799963343667], [-944.3140235764226, -326.12587415230905], [-943.7862668471732, -325.81119360272163], [-949.8696023980262, -314.51815924186116], [-946.4068620375416, -312.7475356591477]]]}, "properties": {"id": 479, "height_median_m": 6.0, "building_count": 3, "area_m2": 164.7116481013196}}, {"type": "Feature", "geometry": {"type": "Polygon", "coordinates": [[[-936.3069727045403, -290.72176050267626], [-935.230726235266, -291.1681767648745], [-932.3979954298673, -284.59431935055767], [-922.5912124713259, -288.87844472390594], [-927.2869039332187, -300.6166008280557], [-927.9665681897095, -306.3019457527363], [-925.8150916806972, -306.3019457527363], [-925.8150916806972, -310.230225752891], [-928.5135250662009, -310.230225752891], [-931.9905776075789, -310.10628268655455], [-931.8559732370333, -305.6536371874901], [-935.1647660094511, -305.5409730433335], [-934.1676147255064, -299.62637333729], [-936.9410691550149, -298.4017527745062], [-939.112024700513, -297.4894135846274], [-937.6138067897112, -293.8273223092223], [-936.3069727045403, -290.72176050267626]]]}, "properties": {"id": 480, "height_median_m": 3.0, "building_count": 2, "area_m2": 225.52724805698716}}, {"type": "Feature", "geometry": {"type": "Polygon", "coordinates": [[[-913.7744980215649, -299.16163010975674], [-913.2760677112624, -298.4793752288741], [-915.5299187814244, -296.6909189694191], [-905.9231479028746, -284.45039977396164], [-903.8558738051041, -286.1060748302113], [-900.3647365717533, -279.13714758835005], [-896.7044895099161, -280.8880140350111], [-900.3929218734105, -288.0651613657632], [-906.6646359593715, -295.9591990071365], [-910.8808953282954, -301.35507866312423], [-912.7119621119457, -299.9191335242458], [-913.7744980215649, -299.16163010975674]]]}, "properties": {"id": 481, "height_median_m": 3.0, "building_count": 3, "area_m2": 137.65583825282658}}, {"type": "Feature", "geometry": {"type": "Polygon", "coordinates": [[[-929.5003115332412, -271.70769261429285], [-931.0630180563466, -272.66751985995876], [-935.569742354815, -275.17809249479996], [-937.864459338825, -271.1209357267079], [-931.7912722605957, -267.6571770669781], [-929.5003115332412, -271.70769261429285]]]}, "properties": {"id": 482, "height_median_m": 3.0, "building_count": 1, "area_m2": 32.76274008054655}}, {"type": "Feature", "geometry": {"type": "Polygon", "coordinates": [[[-854.5036375327246, -269.6680331313446], [-858.5176694264195, -267.3786852894581], [-852.5931384534688, -256.4972413525131], [-852.026948266144, -255.52848501076085], [-846.8375609414464, -258.4252083977028], [-853.3150636809685, -270.27059911998174], [-854.5036375327246, -269.6680331313446]]]}, "properties": {"id": 483, "height_median_m": 3.0, "building_count": 1, "area_m2": 80.69013010403609}}, {"type": "Feature", "geometry": {"type": "Polygon", "coordinates": [[[-861.5520675440774, -201.33053935326987], [-861.4552471229442, -200.33657585173836], [-865.445812937781, -200.11453055562777], [-864.9107209664019, -192.17978969329246], [-860.3159805085755, -192.4418443909939], [-860.5110831174538, -196.78153381129175], [-856.2071972300222, -197.0046849091229], [-856.5516397586838, -201.7194382389914], [-861.5520675440774, -201.33053935326987]]]}, "properties": {"id": 484, "height_median_m": 6.0, "building_count": 2, "area_m2": 57.93709570304198}}, {"type": "Feature", "geometry": {"type": "Polygon", "coordinates": [[[-846.4674227207785, -190.3960636247783], [-844.2897483010719, -190.5360080340482], [-844.6565157331607, -184.5394930060986], [-838.7114420267492, -184.1825781680963], [-837.7755821097869, -184.30119035057277], [-833.8181222376091, -185.39923061651353], [-834.5566276093836, -188.6284028184807], [-838.2574339545014, -187.76247298795994], [-838.1633518764247, -190.12344339091246], [-838.7912956006512, -190.11065271017807], [-839.0787936265011, -194.70182788063155], [-846.7063539915389, -194.21165615438562], [-846.4674227207785, -190.3960636247783]]]}, "properties": {"id": 485, "height_median_m": 3.0, "building_count": 2, "area_m2": 82.79968187899718}}, {"type": "Feature", "geometry": {"type": "Polygon", "coordinates": [[[-890.0626388376731, -172.69011426949106], [-885.848922734763, -169.18269024110202], [-885.3741139558309, -170.08535908004328], [-885.1902680947915, -170.29506699288302], [-884.8809219102297, -170.76555056255646], [-881.5969796700751, -176.1502854265108], [-884.3830740106704, -178.45161106478855], [-884.0892961346059, -178.78671540099563], [-888.446630207558, -182.35512947393076], [-891.524230166788, -178.58455639726492], [-887.7222595537329, -175.47095408628033], [-890.0626388376731, -172.69011426949106]]]}, "properties": {"id": 486, "height_median_m": 3.0, "building_count": 1, "area_m2": 63.596131783926324}}, {"type": "Feature", "geometry": {"type": "Polygon", "coordinates": [[[-841.2204805103548, -168.70655403448887], [-841.0222747608691, -168.48046619219252], [-843.6827486739379, -164.71321595756123], [-844.0199688980182, -164.3285581294729], [-840.7004858624477, -161.8944162512784], [-839.907125014824, -162.95020861026074], [-837.5490621310547, -166.08828226692629], [-832.6006314575882, -162.4506906924579], [-828.3197540424285, -168.14761622112218], [-828.6396224632979, -155.92463530122723], [-823.4216088309156, -155.68655352098483], [-821.4897196863842, -155.54882522290916], [-821.4897196863842, -158.58678059584858], [-822.947077636918, -158.69760513574704], [-822.5674739815615, -165.1926567376858], [-811.7030440149861, -164.75782318748236], [-812.3586953716233, -156.1571634681211], [-805.7645691290509, -155.6870548253198], [-800.2426393635824, -155.21168023824185], [-799.1404751378582, -169.66957674769975], [-799.1404751378282, -169.6695767477023], [-799.0182879319351, -171.2723959432009], [-804.2882318869979, -171.71767594326514], [-804.287913426087, -171.72185342860521], [-804.6362300477297, -171.74707978936942], [-804.985769939346, -171.77661390287966], [-804.9860898111293, -171.77241791009067], [-815.2221117387522, -172.5137479698474], [-815.1236661903563, -174.08586575294325], [-822.12872841518, -174.08586575294325], [-827.4604584125696, -174.20061589676283], [-828.7321557483, -172.75002575275653], [-829.3966324747379, -172.75002575275653], [-831.2510794909319, -172.75002575275653], [-832.3596254123588, -172.75002575275653], [-833.1721765990566, -172.75002575275653], [-834.7877773219521, -172.75002575275653], [-837.1862432202058, -174.47793987440548], [-837.6545642032219, -173.58760511871333], [-841.2204805103548, -168.70655403448887]]]}, "properties": {"id": 487, "height_median_m": 3.0, "building_count": 11, "area_m2": 512.399817787514}}, {"type": "Feature", "geometry": {"type": "Polygon", "coordinates": [[[-793.9705158965112, -154.20649739192186], [-793.6858329490733, -153.06994238787783], [-792.7629181764568, -147.59567631540557], [-796.4796485590172, -146.97220983954017], [-794.856019035931, -137.46512506212648], [-794.8237640091578, -137.3915402198575], [-791.3889757597213, -137.93570249845348], [-791.3882341034271, -137.93104957040015], [-791.0413001844188, -137.9907836037589], [-790.6975981309673, -138.04523519698157], [-790.6983313110046, -138.04983494755393], [-785.7445273636946, -138.90276593535475], [-785.4573257720488, -139.23036888495557], [-786.4092424578707, -145.31098977614047], [-786.3770797512155, -145.31914246816171], [-786.4612408413632, -145.64314327411086], [-786.5048809004384, -145.92190575286256], [-786.5336510134163, -145.92190575286256], [-787.2478900406753, -148.67156144370844], [-788.9050263122425, -154.23111946716404], [-789.070558658677, -154.98639222992665], [-793.9705158965112, -154.20649739192186]]]}, "properties": {"id": 488, "height_median_m": 3.0, "building_count": 3, "area_m2": 128.36693127073005}}, {"type": "Feature", "geometry": {"type": "Polygon", "coordinates": [[[-798.1283825013533, -141.7278200886715], [-802.3521449943806, -147.2869696338106], [-803.8348870802755, -146.15942091331172], [-804.2960166110256, -146.68541867484402], [-804.9536090892175, -146.31036985590094], [-808.6654862812958, -143.52800325352197], [-805.0250881500399, -138.62050096483136], [-801.4142006252602, -141.40350096487282], [-800.3361279914322, -139.95018631913513], [-798.1283825013533, -141.7278200886715]]]}, "properties": {"id": 489, "height_median_m": 3.0, "building_count": 1, "area_m2": 47.964848482484506}}, {"type": "Feature", "geometry": {"type": "Polygon", "coordinates": [[[-906.5339170402817, -158.3999049587232], [-906.3765339836174, -158.10961322368286], [-906.2298581802651, -157.76802391072505], [-906.20026656597, -157.78448944235308], [-901.7768896094037, -149.62560754824008], [-901.1259732167, -148.58613217323116], [-896.4079203631308, -151.10882889764298], [-901.7408586312812, -160.63524923644354], [-903.2941020651155, -164.88743010300894], [-908.9023129829017, -163.99183164915027], [-906.5074957153904, -158.41460646017944], [-906.5339170402817, -158.3999049587232]]]}, "properties": {"id": 490, "height_median_m": 3.0, "building_count": 2, "area_m2": 87.7287217461564}}, {"type": "Feature", "geometry": {"type": "Polygon", "coordinates": [[[-897.9623219017479, -143.5339662209381], [-901.7058998932481, -142.11056743342343], [-901.5128420918462, -141.4499202737565], [-904.3630010412279, -140.44095887046032], [-901.3921034318316, -132.2109647193275], [-899.5385475287335, -132.8786384649468], [-899.5364466141505, -132.87278046278098], [-899.2059027191469, -132.9984612367371], [-895.718541525686, -134.2546518412252], [-894.8008149021883, -134.67338204014277], [-894.490408843343, -134.79140592231414], [-894.4976839853831, -134.81169127716606], [-894.0061688254187, -135.03595440240753], [-897.2681324263712, -143.79791382929574], [-897.9623219017479, -143.5339662209381]]]}, "properties": {"id": 491, "height_median_m": 6.0, "building_count": 2, "area_m2": 72.04244344522314}}, {"type": "Feature", "geometry": {"type": "Polygon", "coordinates": [[[-861.79641811075, -127.21604597592632], [-866.9070861392358, -128.2867885271308], [-868.6090881802156, -119.91438512371256], [-862.1638816098143, -118.66830551133269], [-860.4572880875011, -127.06329510032414], [-861.79641811075, -127.21604597592632]]]}, "properties": {"id": 492, "height_median_m": 3.0, "building_count": 1, "area_m2": 55.83174422011115}}, {"type": "Feature", "geometry": {"type": "Polygon", "coordinates": [[[-948.024176948484, 104.73852377126916], [-943.0525665946366, 101.03057591540063], [-943.0499325720654, 101.03996515614693], [-942.6415253148541, 100.72401133701142], [-942.4513384390383, 100.58216534180987], [-942.4525571889504, 100.57782098407344], [-922.6509722551515, 85.25883172935121], [-927.4869693475065, 78.90310772424355], [-928.1863891944034, 79.06266951698167], [-933.9226989773373, 80.07800151653844], [-946.2864226812446, 89.5919026211913], [-953.8585300506151, 95.35009891038092], [-948.024176948484, 104.73852377126916]]]}, "properties": {"id": 493, "height_median_m": 3.0, "building_count": 2, "area_m2": 337.9113635679565}}, {"type": "Feature", "geometry": {"type": "Polygon", "coordinates": [[[-833.3548706704466, -1026.719793898869], [-827.1889094726196, -1027.5989616744034], [-828.0937698741542, -1032.63068976336], [-834.1466905475248, -1031.7519479465207], [-833.3548706704466, -1026.719793898869]]]}, "properties": {"id": 494, "height_median_m": 3.0, "building_count": 1, "area_m2": 31.487999382458852}}, {"type": "Feature", "geometry": {"type": "Polygon", "coordinates": [[[-727.8337681917151, -1009.2697082464986], [-725.0125807549977, -1009.7647929924327], [-722.9797908606447, -1012.9267213669874], [-721.7141509834671, -1012.0383025564996], [-720.5375028400861, -1013.8278627523327], [-716.8516361442979, -1011.3937557289097], [-715.2855634122874, -1013.4034287906702], [-713.3020772925809, -1012.1590493817484], [-711.5735481183519, -1014.9757431625569], [-714.0969880979122, -1016.6363692319568], [-712.0470222325392, -1019.6428059013673], [-725.9140159486564, -1028.714720934597], [-729.5192911127452, -1023.074805778338], [-735.2683182127893, -1014.1010302014814], [-733.8105320413625, -1013.131030543767], [-730.7814866289798, -1011.1248151582491], [-727.8337681917151, -1009.2697082464986]]]}, "properties": {"id": 495, "height_median_m": 3.0, "building_count": 2, "area_m2": 255.93165380730468}}, {"type": "Feature", "geometry": {"type": "Polygon", "coordinates": [[[-813.6137028437694, -1014.3634774618433], [-805.0849818958137, -1010.4000237839791], [-803.6224162119809, -1013.4029789298097], [-801.2735972612816, -1012.286631796695], [-800.2993252276027, -1014.3981498463995], [-798.9384589979038, -1013.7328772836217], [-797.5583309376128, -1016.5951938045572], [-801.3529889501181, -1018.370973060874], [-801.0581648848124, -1018.9314692198668], [-809.8173651261711, -1022.9039450470117], [-813.6137028437694, -1014.3634774618433]]]}, "properties": {"id": 496, "height_median_m": 3.0, "building_count": 1, "area_m2": 108.55968276623277}}, {"type": "Feature", "geometry": {"type": "Polygon", "coordinates": [[[-723.1498158077044, -980.8625592283122], [-733.0697993046612, -984.0308858165189], [-735.027232185201, -977.4565602834942], [-727.4768842505882, -975.1288645955319], [-725.0886978758253, -974.3505393223807], [-723.1498158077044, -980.8625592283122]]]}, "properties": {"id": 497, "height_median_m": 6.0, "building_count": 2, "area_m2": 70.92173677120527}}, {"type": "Feature", "geometry": {"type": "Polygon", "coordinates": [[[-722.4140252831041, -983.3338196631652], [-722.1872305347748, -984.0955431016167], [-717.9842777305436, -983.1367045881867], [-709.2770669385823, -981.0578980543552], [-708.887233581713, -982.2807465464448], [-704.7706060834191, -981.2745200467258], [-703.991419379675, -984.2742093264502], [-703.978128350462, -984.2707107008005], [-703.9014493360278, -984.6205732648075], [-703.8154297264449, -984.9517289422234], [-703.8281371688057, -984.9550739490753], [-703.3401793954055, -987.1814739489787], [-705.877559817882, -987.8493939488609], [-705.8762236055144, -987.8554906715184], [-706.205338521686, -987.9356758283407], [-706.5550867982586, -988.0277408047934], [-706.5565125710964, -988.0212354454842], [-715.9222362028883, -990.3030889296881], [-715.921045121226, -990.308098892801], [-716.2628961937003, -990.3860869144166], [-716.6023522615479, -990.4687915768224], [-716.6035391338207, -990.4637993193685], [-720.5072013224272, -991.3543593194921], [-722.4140252831041, -983.3338196631652]]]}, "properties": {"id": 498, "height_median_m": 6.0, "building_count": 3, "area_m2": 125.79673679505531}}, {"type": "Feature", "geometry": {"type": "Polygon", "coordinates": [[[-679.138505952, -971.679144421], [-677.3900581, -976.764880574], [-670.970390196, -973.998512712], [-669.138041949, -978.439994773], [-674.281872476, -980.480838558], [-675.45974878, -977.52498219], [-680.318240452, -979.133934751], [-688.230291435, -981.822250125], [-687.320932092, -985.16460056], [-692.576845577, -986.695309282], [-693.642966306, -982.911903959], [-689.950329209, -981.746857931], [-691.901678463, -976.023242672], [-679.138505952, -971.679144421]]]}, "properties": {"id": 499, "height_median_m": 3.0, "building_count": 4, "area_m2": 139.20737201305423}}, {"type": "Feature", "geometry": {"type": "Polygon", "coordinates": [[[-665.912465342, -984.742312023], [-664.688762465, -979.042614932], [-664.56641506, -978.472751804], [-662.180002413, -979.905444022], [-661.456436439, -982.14568459], [-660.19383124, -986.073554574], [-665.912465342, -984.742312023]]]}, "properties": {"id": 500, "height_median_m": 3.0, "building_count": 1, "area_m2": 24.766429506002346}}, {"type": "Feature", "geometry": {"type": "Polygon", "coordinates": [[[-660.172302615, -975.144007383], [-663.246412638, -969.406012087], [-657.83051244, -966.792340897], [-653.551071746, -965.125507658], [-649.958314842, -970.658022173], [-642.677070288, -965.397862529], [-638.286904221, -971.62971872], [-638.010602343, -972.021930208], [-637.928574145, -971.366959057], [-635.544954715, -969.619076085], [-632.853996362, -973.711745576], [-633.448967094, -974.390412312], [-630.053166861, -980.200656083], [-637.054977323, -983.003032382], [-632.008873858, -989.219459801], [-638.250181791, -993.804764033], [-644.424735884, -990.110000029], [-651.936089278, -983.973463752], [-649.002784836, -980.34869582], [-651.743491816, -977.943888891], [-650.739415433, -976.798566601], [-654.361961676, -971.915129862], [-660.172302615, -975.144007383]]]}, "properties": {"id": 501, "height_median_m": 3.0, "building_count": 4, "area_m2": 450.4427605737751}}, {"type": "Feature", "geometry": {"type": "Polygon", "coordinates": [[[-671.409231989, -965.812048543], [-674.09520216, -966.450342758], [-675.995349814, -966.992204289], [-677.731602613, -960.184250069], [-673.25361939, -959.005501101], [-671.409231989, -965.812048543]]]}, "properties": {"id": 502, "height_median_m": 3.0, "building_count": 1, "area_m2": 32.84111663041989}}, {"type": "Feature", "geometry": {"type": "Polygon", "coordinates": [[[-636.611845361, -960.853265113], [-635.763170255, -954.076842791], [-638.927026326, -953.858120154], [-638.640851052, -947.166258873], [-642.637324198, -946.840639808], [-642.505349865, -944.130929022], [-640.252662506, -944.354370628], [-639.692261088, -936.470478822], [-639.400737698, -933.588528698], [-639.400737698, -932.328630831], [-637.839244152, -932.485791364], [-637.839244151, -932.485791364], [-635.699802273, -932.701120993], [-635.699802212, -932.701120998], [-634.808835379, -932.790794646], [-634.80797224, -932.77937376], [-634.081324311, -932.843132782], [-634.187641005, -933.934585517], [-629.716896562, -935.708378601], [-630.113119177, -953.221837523], [-631.031915386, -961.489752365], [-636.611845361, -960.853265113]]]}, "properties": {"id": 503, "height_median_m": 3.0, "building_count": 2, "area_m2": 242.98135420397892}}, {"type": "Feature", "geometry": {"type": "Polygon", "coordinates": [[[-707.6244431661909, -973.8227112502208], [-712.2061492505042, -974.998612101483], [-714.4245754394518, -966.0816202557288], [-709.842869355524, -964.905719403997], [-707.6244431661909, -973.8227112502208]]]}, "properties": {"id": 504, "height_median_m": 3.0, "building_count": 1, "area_m2": 43.46368503761447}}, {"type": "Feature", "geometry": {"type": "Polygon", "coordinates": [[[-827.899104168358, -844.4594629717706], [-826.1424561833683, -842.5670229718279], [-829.0831582277904, -839.8835206749436], [-825.1668781263704, -836.0544981845961], [-820.8373773182021, -839.9800062387204], [-820.96444566121, -840.1007923729226], [-817.0551509837774, -843.63101202505], [-818.22862097356, -844.9695569395031], [-813.6385607844047, -849.202720802533], [-817.6322163242237, -853.6413672554725], [-813.9295607190585, -857.2313569803852], [-816.7544530388467, -860.1851108115286], [-818.8584292935309, -858.1641021406068], [-819.6077365856421, -857.4803307801924], [-817.006505984352, -854.7604413173528], [-824.3803686061916, -848.1418219543858], [-824.150787099989, -847.879944650104], [-827.899104168358, -844.4594629717706]]]}, "properties": {"id": 505, "height_median_m": 3.0, "building_count": 2, "area_m2": 138.00032899191737}}, {"type": "Feature", "geometry": {"type": "Polygon", "coordinates": [[[-805.7964479558399, -819.2717991710427], [-808.3050637316352, -808.8988291941178], [-802.3519788938997, -807.3403491940973], [-802.3545838821364, -807.3295777299979], [-802.0143072934056, -807.2519489024353], [-801.6746807015279, -807.1630368063802], [-801.6720606313905, -807.1738706331998], [-799.7211227282648, -806.7287944008558], [-797.3809109534004, -816.2941986910064], [-796.5084336676824, -816.0730407301769], [-794.7430391995467, -822.7854969730051], [-789.9105716468152, -817.0612241576708], [-789.709796573109, -816.7828093893955], [-789.688816385687, -816.7985451848517], [-787.1544773133012, -813.7965077994796], [-776.3581152928074, -821.6547227342971], [-781.3028960751628, -828.302307933352], [-777.5109971626456, -831.2513861434652], [-773.218715128912, -834.7144727487774], [-776.6111954350964, -838.4551913497843], [-781.2583081196753, -834.9213023398406], [-783.3088438164841, -833.3619759241229], [-780.6307749743992, -830.2053498699316], [-787.6252221637586, -825.0991909149478], [-789.963798492293, -827.8778884592367], [-801.981118051897, -819.419868399577], [-800.2221540761524, -825.439073767574], [-801.2289856498082, -825.6687667791533], [-802.8722350590477, -824.4559136596935], [-803.7629195003195, -824.7461934381863], [-804.1277475553973, -822.8041632799033], [-805.0173458791685, -819.0496240982411], [-805.7964479558399, -819.2717991710427]]]}, "properties": {"id": 506, "height_median_m": 3.0, "building_count": 6, "area_m2": 342.6502431655462}}, {"type": "Feature", "geometry": {"type": "Polygon", "coordinates": [[[-799.1548565866372, -768.4112681856265], [-799.1537437592148, -768.4108900749351], [-801.5935326272581, -761.1750900750449], [-797.0067295555982, -759.616610075022], [-797.008380094964, -759.6117149904925], [-796.6736727198312, -759.5034457622525], [-796.3439413619305, -759.39141136299], [-796.3423073027313, -759.3962575714914], [-789.8036731364364, -757.2811775716929], [-787.3577626308422, -764.5351328085263], [-786.6266921466224, -764.1181768201844], [-784.8366950844296, -768.6658231084083], [-790.2757238119176, -770.5540427788816], [-797.5619429366245, -773.0835352607136], [-797.9135465824089, -772.0522262894673], [-799.0436952533211, -768.7373219159537], [-799.1548565866372, -768.4112681856265]]]}, "properties": {"id": 507, "height_median_m": 3.0, "building_count": 2, "area_m2": 159.73864410366158}}, {"type": "Feature", "geometry": {"type": "Polygon", "coordinates": [[[-783.5669738174505, -771.8055131689244], [-772.4364508649139, -783.874817457844], [-772.1313012513215, -783.6116382215199], [-769.0348615352954, -787.1436617678268], [-773.5662171834521, -791.0517732838638], [-776.6626568994778, -787.5197497375569], [-775.8846353379571, -786.8487375150797], [-780.3911231286104, -781.7083109462927], [-781.848967915596, -783.0386496802506], [-784.6879332732466, -779.9475168485336], [-790.5114758275156, -785.8237998367052], [-794.9145136943317, -781.429178758333], [-792.3625799985734, -778.9341040285756], [-791.7503043779969, -779.5549093139787], [-783.5669738174505, -771.8055131689244]]]}, "properties": {"id": 508, "height_median_m": 3.0, "building_count": 3, "area_m2": 165.73628533472652}}, {"type": "Feature", "geometry": {"type": "Polygon", "coordinates": [[[-761.8387368590869, -766.5604343094064], [-766.1020529844697, -759.3874394751201], [-761.8047947673325, -756.6785698105939], [-757.9976393235053, -762.9142666087514], [-756.9248140486617, -762.2467708314572], [-751.9359468854713, -770.3762900327205], [-748.4648921382159, -775.3725957424841], [-746.313839810805, -773.8111845393776], [-743.2677430711306, -778.3281628479642], [-742.5953772546187, -777.5612136697324], [-739.5020390180463, -781.0896994438029], [-734.9755091783313, -786.2529874271561], [-742.7227963064063, -792.940535550214], [-746.1220054916008, -789.1923973499283], [-745.3367006812498, -788.5205656654592], [-748.7441425410352, -784.6337905349296], [-747.4558454299972, -783.4486896875103], [-755.7903695833219, -771.2254524815173], [-759.5882548134912, -765.1094857030952], [-761.8387368590869, -766.5604343094064]]]}, "properties": {"id": 509, "height_median_m": 3.0, "building_count": 3, "area_m2": 244.1001912232577}}, {"type": "Feature", "geometry": {"type": "Polygon", "coordinates": [[[-674.1388952832153, -745.7576802762658], [-666.4718388058313, -755.094199481036], [-670.701613437795, -758.6493060503412], [-672.8481492845652, -756.3121068969499], [-677.7455668825687, -760.4460054822622], [-681.3064343454087, -756.0034297874275], [-676.4324235220384, -751.8892888053905], [-678.4813130834408, -749.4408858398541], [-674.1388952832153, -745.7576802762658]]]}, "properties": {"id": 510, "height_median_m": 3.0, "building_count": 1, "area_m2": 104.73374021041752}}, {"type": "Feature", "geometry": {"type": "Polygon", "coordinates": [[[-661.8158958842353, -756.2413212299706], [-656.8223152234586, -759.1526305626319], [-661.758806968991, -767.6589143355822], [-666.8589191720691, -764.7501355378786], [-661.8158958842353, -756.2413212299706]]]}, "properties": {"id": 511, "height_median_m": 3.0, "building_count": 1, "area_m2": 57.456707767259886}}, {"type": "Feature", "geometry": {"type": "Polygon", "coordinates": [[[-777.3013585225806, -729.0938114291135], [-775.2463860832459, -728.1286141672816], [-769.4867560151547, -725.2334253839228], [-768.0852380448646, -724.5939561966472], [-767.7256162986753, -724.1837455703169], [-764.6414250513626, -729.1575433036888], [-763.9755665957543, -730.372785561048], [-765.9427453155756, -731.419941980778], [-771.8716357206872, -734.9677043817841], [-773.0663423095717, -735.8762169937283], [-775.1936087325739, -731.7511427685823], [-777.3013585225806, -729.0938114291135]]]}, "properties": {"id": 512, "height_median_m": 3.0, "building_count": 1, "area_m2": 77.72117594235138}}, {"type": "Feature", "geometry": {"type": "Polygon", "coordinates": [[[-761.1356646044824, -733.2894055881993], [-758.6893995595959, -731.8207807472111], [-756.5187954525564, -730.3873369642731], [-756.0471362657498, -731.2840180485816], [-752.7418495440697, -737.3650657529752], [-753.3372215940403, -737.3650657529752], [-757.3384753374695, -739.5914657528909], [-757.7357483579286, -739.5914657528909], [-761.1356646044824, -733.2894055881993]]]}, "properties": {"id": 513, "height_median_m": 3.0, "building_count": 1, "area_m2": 40.68110363430102}}, {"type": "Feature", "geometry": {"type": "Polygon", "coordinates": [[[-754.6156379956242, -725.1450386212192], [-756.4713302817675, -719.3518633779206], [-756.9439207842112, -719.56749176842], [-757.3178974302588, -718.5543527127828], [-760.0642655492379, -719.0018822133915], [-761.5655801499622, -718.7572381801042], [-762.2289137549052, -718.9734228612182], [-762.502130959724, -718.2254596345408], [-757.3167155562886, -712.3105990262312], [-766.7206420587925, -715.5286390547121], [-769.2934422479077, -708.1918331731581], [-762.6508020355953, -705.8518535626524], [-763.5272780617634, -703.1857946937005], [-759.0485297036983, -701.5198865536449], [-760.0286888364001, -698.8365892547386], [-757.0177997277534, -697.8348780770363], [-755.552372205302, -702.0138101646816], [-754.3632401390852, -705.2931515763495], [-754.2469070254617, -705.6138383699911], [-754.2494815998505, -705.6147373739094], [-750.3874888516274, -716.5230220616463], [-749.8009335423538, -716.2999995631194], [-747.8209100863718, -721.9463951899232], [-754.6156379956242, -725.1450386212192]]]}, "properties": {"id": 514, "height_median_m": 3.0, "building_count": 4, "area_m2": 254.22407412957887}}, {"type": "Feature", "geometry": {"type": "Polygon", "coordinates": [[[-745.5082573495217, -725.4160034808896], [-742.2813359470874, -723.5755732740395], [-739.6310837190033, -722.0640383931595], [-739.6076123323933, -722.1063118109461], [-734.8579054185392, -719.3973818468063], [-733.1504948706412, -722.2724048248385], [-727.1172621681002, -719.1755307165358], [-724.8246931095579, -723.8113373629276], [-724.3255051125601, -723.5116478857408], [-720.8380954403203, -729.2300116919057], [-727.0009799086982, -732.929923620343], [-730.6053368072485, -727.0197994968307], [-738.230412034032, -731.1992202268549], [-741.3666699815371, -732.9262617266539], [-745.5082573495217, -725.4160034808896]]]}, "properties": {"id": 515, "height_median_m": 3.0, "building_count": 4, "area_m2": 190.64974837887658}}, {"type": "Feature", "geometry": {"type": "Polygon", "coordinates": [[[-709.6589456857159, -690.929091884157], [-709.6557081051349, -690.9280110005337], [-712.5845848992966, -681.5735214249917], [-708.1394915372334, -680.1434098355708], [-707.3285873311526, -682.1255014905079], [-705.9696248820885, -686.3418579641954], [-704.8838102996185, -689.7107379116692], [-704.7784322991059, -690.0376867651505], [-704.7789685428115, -690.0378657929847], [-701.458158119357, -700.3990423912346], [-706.1277856140563, -701.8281075360125], [-709.4431859643012, -691.5950397689937], [-709.446514461743, -691.5961510056981], [-709.552559577939, -691.2574553200452], [-709.6589456857159, -690.929091884157]]]}, "properties": {"id": 516, "height_median_m": 6.0, "building_count": 2, "area_m2": 103.92383122727978}}, {"type": "Feature", "geometry": {"type": "Polygon", "coordinates": [[[-694.1259874002628, -690.3339655966946], [-688.657570632371, -689.060971214234], [-686.9395943057627, -696.5321303720159], [-692.300405610434, -697.8060740978434], [-694.1259874002628, -690.3339655966946]]]}, "properties": {"id": 517, "height_median_m": 3.0, "building_count": 1, "area_m2": 42.712319208401304}}, {"type": "Feature", "geometry": {"type": "Polygon", "coordinates": [[[-717.5113234072012, -659.5203057527713], [-711.9831187559303, -659.5203057527713], [-712.196110470897, -668.0236882575493], [-716.0560179154311, -667.9013857527574], [-717.2918166453379, -667.9013857527574], [-717.1940223212972, -665.2241547143254], [-724.4097605297071, -665.1129277690526], [-724.2985215751381, -659.4030031751599], [-717.5113234072012, -659.5203057527713]]]}, "properties": {"id": 518, "height_median_m": 3.0, "building_count": 1, "area_m2": 84.01015337892129}}, {"type": "Feature", "geometry": {"type": "Polygon", "coordinates": [[[-791.9389727133234, -621.8233236066292], [-795.565525939871, -614.5232481333046], [-788.9857516705428, -611.0781614654999], [-788.1481776127987, -612.8524714261769], [-785.3614353083517, -618.5036007307106], [-786.9290468699336, -619.2983257776152], [-790.0716616440384, -620.8915231837594], [-790.3728729781284, -621.044226951376], [-790.3738737366568, -621.0422700295962], [-791.9389727133234, -621.8233236066292]]]}, "properties": {"id": 519, "height_median_m": 6.0, "building_count": 2, "area_m2": 60.62939968159575}}, {"type": "Feature", "geometry": {"type": "Polygon", "coordinates": [[[-785.4220179379181, -570.3209977055345], [-786.4359794595176, -565.3090730566199], [-774.8200806742215, -562.9430130592784], [-772.8272750758209, -572.7534002222941], [-782.2946114099749, -574.7932358780956], [-783.2745057666795, -569.9869602486432], [-785.4220179379181, -570.3209977055345]]]}, "properties": {"id": 520, "height_median_m": 3.0, "building_count": 1, "area_m2": 108.69991151985653}}, {"type": "Feature", "geometry": {"type": "Polygon", "coordinates": [[[-781.7593734165478, -523.1853857526992], [-783.3467805142725, -523.8244604278449], [-785.8183622529699, -524.97779621269], [-792.0399384467511, -509.7371688101568], [-788.8927310454206, -508.37547014371296], [-787.4916611809488, -507.7943203886779], [-781.2086727358793, -523.1853857526992], [-781.7593734165478, -523.1853857526992]]]}, "properties": {"id": 521, "height_median_m": 3.0, "building_count": 1, "area_m2": 81.22818593711423}}, {"type": "Feature", "geometry": {"type": "Polygon", "coordinates": [[[-774.2698155885689, -509.0210031208323], [-771.3861043001526, -508.16820346917245], [-770.9349964707825, -507.6536371861561], [-769.8802289812901, -511.2630699055464], [-773.3030611930607, -512.3785929003675], [-773.5771907876878, -511.1278245717078], [-774.2698155885689, -509.0210031208323]]]}, "properties": {"id": 522, "height_median_m": 3.0, "building_count": 1, "area_m2": 12.331017263714969}}, {"type": "Feature", "geometry": {"type": "Polygon", "coordinates": [[[-833.1781681375185, -502.6411470149161], [-831.3937271579387, -492.8230327955895], [-820.5606145611642, -494.6052972181529], [-822.1351618101385, -504.4236639952373], [-833.1781681375185, -502.6411470149161]]]}, "properties": {"id": 523, "height_median_m": 3.0, "building_count": 1, "area_m2": 110.38601307476084}}, {"type": "Feature", "geometry": {"type": "Polygon", "coordinates": [[[-713.4099933666172, -496.1115609065315], [-713.1172487430766, -493.2175378822419], [-713.1213164830516, -493.21729041776115], [-713.0803887609209, -492.8531464350345], [-713.0467432794048, -492.52053298856686], [-713.043030280588, -492.52075887206234], [-712.1064459632821, -484.1877384715136], [-712.1064459632821, -483.72762295345507], [-701.2374961764108, -484.28483247376516], [-701.0573689274721, -481.4083057527909], [-697.0430260733715, -481.4083057527909], [-697.3688682927361, -488.0985322532657], [-701.4521073821185, -488.36468302033217], [-701.4521073821185, -491.5824448852021], [-704.8146066777576, -491.46963575612034], [-705.1085279790382, -493.70475533907], [-705.1096080900488, -493.70468962958216], [-705.5000100239641, -496.5992744339415], [-713.4099933666172, -496.1115609065315]]]}, "properties": {"id": 524, "height_median_m": 3.0, "building_count": 3, "area_m2": 150.13751936488666}}, {"type": "Feature", "geometry": {"type": "Polygon", "coordinates": [[[-692.6697321413872, -475.40317395338826], [-695.1667488760215, -473.5992643940079], [-691.5379450521136, -468.5819593886843], [-688.1438884097131, -470.9849637223212], [-691.6640829883016, -476.12968094690234], [-692.6697321413872, -475.40317395338826]]]}, "properties": {"id": 525, "height_median_m": 3.0, "building_count": 1, "area_m2": 26.338416425305994}}, {"type": "Feature", "geometry": {"type": "Polygon", "coordinates": [[[-748.5347941095404, -487.53451274508143], [-748.2158811699909, -487.6703221572655], [-746.3221717881058, -483.04153180753457], [-745.8481545191929, -482.32060054206977], [-743.1867762521573, -483.49229774214035], [-740.7932757489672, -478.83489751052576], [-736.3677700359178, -481.16476791478624], [-741.2381435773044, -490.6417990818952], [-740.5730912769968, -490.92501230649503], [-744.1705828011401, -499.2528243366701], [-752.1321400484087, -495.74129971692753], [-748.5347941095404, -487.53451274508143]]]}, "properties": {"id": 526, "height_median_m": 3.0, "building_count": 3, "area_m2": 148.94276714192767}}, {"type": "Feature", "geometry": {"type": "Polygon", "coordinates": [[[-789.062538455508, -360.4769013417036], [-782.6092965838061, -361.22548120918105], [-783.4734022652528, -368.4947352427873], [-785.4839677588253, -368.2249238645831], [-788.876491530631, -367.78266575272914], [-789.930984172619, -367.78266575272914], [-789.062538455508, -360.4769013417036]]]}, "properties": {"id": 527, "height_median_m": 6.0, "building_count": 1, "area_m2": 47.28802387394447}}, {"type": "Feature", "geometry": {"type": "Polygon", "coordinates": [[[-773.5999001407232, -358.53515206207305], [-774.0184212632164, -358.05775653855574], [-770.1867417373863, -354.47154824487325], [-771.2841348938233, -353.4284097743926], [-770.7556242508502, -352.82555223261875], [-768.5019019600979, -350.81365390233464], [-766.0082792502219, -348.3402567013411], [-761.0345165029455, -353.64368436960467], [-765.8625057058206, -358.2134507706493], [-766.0583374427132, -358.43683064213184], [-770.1259667930681, -362.2438729622248], [-772.1292527627808, -360.2126790425995], [-773.5999001407232, -358.53515206207305]]]}, "properties": {"id": 528, "height_median_m": 3.0, "building_count": 1, "area_m2": 82.7636236034482}}, {"type": "Feature", "geometry": {"type": "Polygon", "coordinates": [[[-789.8139389513686, -301.2353604665982], [-786.073724659483, -294.04349733753844], [-781.262492983628, -296.5960738634482], [-784.6979119183424, -303.3961497687595], [-783.1701631679107, -303.70733922307545], [-783.9499628532432, -307.48769737119926], [-782.7745290380271, -307.71116153740866], [-783.60758940762, -311.5121576629512], [-784.7786880644109, -311.28951766272235], [-784.7927122552709, -311.3535056965652], [-785.0807220533004, -311.2439974140332], [-785.8488991034698, -314.9680106772233], [-790.9265593425163, -313.93833116445245], [-790.1405172439954, -310.1277106835725], [-790.9240506718537, -309.9042719302965], [-789.1315177679031, -301.58918731137226], [-789.8139389513686, -301.2353604665982]]]}, "properties": {"id": 529, "height_median_m": 3.0, "building_count": 4, "area_m2": 118.61893749302227}}, {"type": "Feature", "geometry": {"type": "Polygon", "coordinates": [[[-803.4882195694014, -299.56430759786235], [-806.259779275019, -297.77740567609663], [-804.2546518817231, -292.31355424805355], [-800.9509270349266, -294.4832782419703], [-799.4989035006537, -292.38531942729423], [-795.034556757987, -294.9314981454471], [-797.8730539724095, -300.90896701092583], [-802.5998091827033, -298.2131272350084], [-803.4882195694014, -299.56430759786235]]]}, "properties": {"id": 530, "height_median_m": 3.0, "building_count": 1, "area_m2": 56.93956280746049}}, {"type": "Feature", "geometry": {"type": "Polygon", "coordinates": [[[-750.4162103093547, -277.89151076618225], [-740.3564466631798, -284.27959690359063], [-744.2346986054833, -290.4237847254741], [-744.6240181600793, -290.20174167584275], [-746.040648864324, -292.4640179825991], [-749.0580828514558, -291.79784303698466], [-749.6963383562795, -292.889903763985], [-756.93564801044, -288.3967536771527], [-754.6037049793292, -284.64859550003814], [-750.4162103093547, -277.89151076618225]]]}, "properties": {"id": 531, "height_median_m": 3.0, "building_count": 1, "area_m2": 138.66509333318493}}, {"type": "Feature", "geometry": {"type": "Polygon", "coordinates": [[[-825.5618281616361, -247.10586699268993], [-825.4361575294607, -247.2492160233929], [-823.0191339105991, -254.02692044488253], [-821.8473603533432, -253.5408805028183], [-820.5393857409839, -256.6491526592982], [-820.0236871831808, -257.972699743948], [-824.8219982994718, -259.99544156725324], [-825.3340251041265, -260.22906351988547], [-826.5645729519217, -260.5409861987825], [-827.6229713962441, -257.13863482843806], [-831.1568555165347, -258.5942752831044], [-832.3075871821684, -254.00014751423595], [-826.6221288753587, -251.91167853302974], [-828.4355791882297, -248.2917110421367], [-828.4355791882297, -247.57900485972195], [-828.1787925598292, -246.9931859826428], [-827.7022995744175, -246.58554415897453], [-827.2024568713058, -246.30046575275355], [-826.5456310789122, -246.30046575275355], [-825.8967081365448, -246.59654916777325], [-825.5618281616361, -247.10586699268993]]]}, "properties": {"id": 532, "height_median_m": 3.0, "building_count": 1, "area_m2": 82.58361400007448}}, {"type": "Feature", "geometry": {"type": "Polygon", "coordinates": [[[-752.4397082336304, -238.55418067042118], [-752.2731768138319, -238.2483949333767], [-752.1109694018602, -237.9361643520838], [-752.1049123564517, -237.9394269849821], [-748.1036586130226, -230.59230698494397], [-740.4607790983547, -234.70915083544875], [-744.6285642615807, -242.36205657252808], [-746.3522365489289, -245.67992715375024], [-753.9951784480569, -241.5630496998005], [-752.433713572682, -238.55740969987457], [-752.4397082336304, -238.55418067042118]]]}, "properties": {"id": 533, "height_median_m": 9.0, "building_count": 2, "area_m2": 108.10519235293137}}, {"type": "Feature", "geometry": {"type": "Polygon", "coordinates": [[[-796.6129099371443, -222.9663147761867], [-802.0076489613527, -220.12617771452796], [-803.3842322520358, -219.2696882607736], [-801.9402951640362, -216.8624477624583], [-800.3099217951356, -214.01087399649637], [-795.8092020410777, -216.3987098703353], [-793.7531353443412, -217.5713592114584], [-796.6129099371443, -222.9663147761867]]]}, "properties": {"id": 534, "height_median_m": 3.0, "building_count": 1, "area_m2": 46.707868204962665}}, {"type": "Feature", "geometry": {"type": "Polygon", "coordinates": [[[-807.3007254432792, -194.99958843279558], [-810.4705866485718, -194.1268155388283], [-808.4447067639945, -187.46608580894429], [-813.6106037848591, -185.44050575275068], [-814.5119125221581, -185.44050575275068], [-813.9408699481887, -184.7891332104089], [-812.297454652291, -181.03993603271192], [-811.0202819371437, -181.18561960820782], [-802.6378156158673, -184.42975037767673], [-801.9633358061758, -182.31400885968506], [-796.7246192225873, -183.96685093165868], [-797.4956958036778, -186.85678723039945], [-798.7660236051206, -190.99686709860197], [-796.9159702712615, -191.66327917576083], [-797.6928861942066, -194.3218989956214], [-798.7777265600755, -197.66300735966283], [-800.8640172445104, -197.00195892808628], [-804.86565619343, -195.7773210420069], [-807.3007254432792, -194.99958843279558]]]}, "properties": {"id": 535, "height_median_m": 6.0, "building_count": 2, "area_m2": 172.35152682741813}}, {"type": "Feature", "geometry": {"type": "Polygon", "coordinates": [[[-697.3506007581952, -180.87973668377455], [-698.5233423395148, -184.00106944097618], [-693.7421028586961, -185.89321393907807], [-695.9374214176464, -191.77794164238023], [-705.5728815892511, -188.0744848005679], [-702.1008893727178, -179.07356219770162], [-697.3506007581952, -180.87973668377455]]]}, "properties": {"id": 536, "height_median_m": 3.0, "building_count": 1, "area_m2": 81.95097315937319}}, {"type": "Feature", "geometry": {"type": "Polygon", "coordinates": [[[-771.2155058506177, -159.43749047067897], [-760.9813568638491, -157.342190876125], [-761.2514618331527, -159.6016004301832], [-755.1823143092347, -160.04823975311885], [-753.5024532005808, -169.15005354278182], [-760.0603714758859, -169.77342328067007], [-760.1630543301769, -169.1877857526541], [-766.806476998267, -169.1877857526541], [-769.0174920444391, -169.705128111269], [-771.2155058506177, -159.43749047067897]]]}, "properties": {"id": 537, "height_median_m": 3.0, "building_count": 4, "area_m2": 164.397726329281}}, {"type": "Feature", "geometry": {"type": "Polygon", "coordinates": [[[-760.5384209701491, -153.63706248607178], [-769.7211019529684, -152.6738963783818], [-768.8660252065741, -144.7490760120149], [-765.8851842706895, -145.00093995301816], [-763.5861985926819, -145.26317892050415], [-763.7791742124047, -147.24427671378982], [-761.534568453644, -147.35559671350867], [-761.8279589580259, -150.36755895866145], [-760.1609344480893, -150.4794136036039], [-760.5384209701491, -153.63706248607178]]]}, "properties": {"id": 538, "height_median_m": 3.0, "building_count": 1, "area_m2": 61.620282067356825}}, {"type": "Feature", "geometry": {"type": "Polygon", "coordinates": [[[-681.792591159072, -166.2721943480146], [-675.4584433881903, -156.44120084242897], [-671.4524909915764, -159.05233205664072], [-677.8879875672836, -168.76112384293322], [-681.792591159072, -166.2721943480146]]]}, "properties": {"id": 539, "height_median_m": 3.0, "building_count": 1, "area_m2": 54.92413173859208}}, {"type": "Feature", "geometry": {"type": "Polygon", "coordinates": [[[-700.8087495458777, -160.3874771571582], [-706.165200786509, -158.35082499699746], [-703.9461278363566, -152.9086688261205], [-698.9227738294275, -154.94600274043268], [-700.8087495458777, -160.3874771571582]]]}, "properties": {"id": 540, "height_median_m": 3.0, "building_count": 1, "area_m2": 32.4234692471195}}, {"type": "Feature", "geometry": {"type": "Polygon", "coordinates": [[[-740.6913923555796, -129.73523622700193], [-738.3073653455845, -127.41871542622603], [-741.5277321045497, -124.07927568731257], [-737.7039928113485, -120.35905832116663], [-734.3383527434661, -123.95820798748903], [-731.8999182578592, -126.51714667348308], [-730.4922383450424, -127.9890399225688], [-732.297006166527, -129.79035777404366], [-736.342371209238, -133.77555297154964], [-734.5521140555036, -135.59075035235728], [-735.1432665353992, -136.04029125926982], [-739.1901395819137, -140.0646329833175], [-741.0451053569083, -138.06008818621612], [-743.968655803521, -140.950259899597], [-747.9680056561635, -136.7684739724355], [-743.1311227755965, -132.07290022417507], [-740.6913923555796, -129.73523622700193]]]}, "properties": {"id": 541, "height_median_m": 6.0, "building_count": 4, "area_m2": 150.6180863233001}}, {"type": "Feature", "geometry": {"type": "Polygon", "coordinates": [[[-733.7949444655601, -91.91890063296849], [-741.865072420301, -89.01194079946343], [-739.8860415032746, -83.11755045607933], [-731.7063881676578, -86.02569759168175], [-733.7274030404947, -91.72832146016475], [-733.7949444655601, -91.91890063296849]]]}, "properties": {"id": 542, "height_median_m": 3.0, "building_count": 1, "area_m2": 53.799817300388156}}, {"type": "Feature", "geometry": {"type": "Polygon", "coordinates": [[[-729.7982122405741, -90.88682688140646], [-723.915535444527, -87.6559862402285], [-713.9180162422783, -105.74095095172119], [-719.796898396495, -109.09389047220046], [-729.7982122405741, -90.88682688140646]]]}, "properties": {"id": 543, "height_median_m": 3.0, "building_count": 1, "area_m2": 139.62968764217334}}, {"type": "Feature", "geometry": {"type": "Polygon", "coordinates": [[[-668.5172753221004, -87.08508655437922], [-672.515522974679, -82.90445310612975], [-669.5054146704808, -79.6029649511241], [-665.5071670182965, -83.78359839982399], [-668.5172753221004, -87.08508655437922]]]}, "properties": {"id": 544, "height_median_m": 3.0, "building_count": 1, "area_m2": 25.78432672345426}}, {"type": "Feature", "geometry": {"type": "Polygon", "coordinates": [[[-671.1064380428639, -91.22015427939176], [-663.7706055244163, -91.46626552126642], [-663.8795096736121, -94.82031257571657], [-664.0857073297293, -101.28840511900995], [-671.3186042642877, -101.1652653214461], [-671.220923101075, -94.92562134701713], [-671.2267462718733, -94.92542598435129], [-671.2154956223734, -94.57892671661672], [-671.2099642433467, -94.22559517674803], [-671.2040295973364, -94.22579427931697], [-671.1064380428639, -91.22015427939176]]]}, "properties": {"id": 545, "height_median_m": 6.0, "building_count": 2, "area_m2": 72.22624728130614}}, {"type": "Feature", "geometry": {"type": "Polygon", "coordinates": [[[-763.0830232344423, -75.67898575303022], [-762.8207547238673, -72.83694228210089], [-761.109991923345, -72.97632942747421], [-756.4776182613261, -73.33660359452084], [-756.5750331889212, -75.33673706598404], [-753.2521304289181, -75.5596984603252], [-753.5885170193969, -80.93159539472335], [-761.2460006498051, -80.46574575280945], [-762.8761156758721, -80.46574575280945], [-762.5833410117611, -75.67898575303022], [-763.0830232344423, -75.67898575303022]]]}, "properties": {"id": 546, "height_median_m": 3.0, "building_count": 1, "area_m2": 63.84062518174385}}, {"type": "Feature", "geometry": {"type": "Polygon", "coordinates": [[[-745.0304226930255, -51.21427960175865], [-748.8356127345536, -57.11287455597621], [-757.4114787483428, -51.505972707885626], [-757.044214226841, -50.87757991290133], [-753.4333267019699, -45.31157991267744], [-752.8472343842348, -44.30877085304855], [-749.1368803490388, -38.66570590536393], [-744.5542095423185, -41.668638114784], [-742.9928045806076, -39.219692084706395], [-737.1357574044137, -43.055065176648235], [-742.2031360896266, -50.91616352367675], [-743.1746061166564, -52.43984106015568], [-745.0304226930255, -51.21427960175865]]]}, "properties": {"id": 547, "height_median_m": 6.0, "building_count": 2, "area_m2": 195.50559539423554}}, {"type": "Feature", "geometry": {"type": "Polygon", "coordinates": [[[-730.880409216211, -21.883073821287176], [-726.6252860973675, -15.41147141021759], [-739.4965772842722, -19.89332297527622], [-740.9889446593488, -15.441147510898876], [-729.3174557695586, -11.51721392717241], [-729.8412116093181, -9.276836920093569], [-721.4494404477176, -7.338150872590262], [-720.1189916462232, -13.029174585724192], [-724.9111267457824, -14.136264528521723], [-720.8410880243339, -16.899705677912618], [-726.0979323422769, -25.054724820629293], [-730.880409216211, -21.883073821287176]]]}, "properties": {"id": 548, "height_median_m": 3.0, "building_count": 3, "area_m2": 163.53352422416975}}, {"type": "Feature", "geometry": {"type": "Polygon", "coordinates": [[[-789.9158309751418, 7.860801878252881], [-786.9050532484613, 3.1545234669360704], [-793.1529702589886, -0.7775189847188778], [-796.274156072903, 3.92709806345844], [-789.9158309751418, 7.860801878252881]]]}, "properties": {"id": 549, "height_median_m": 3.0, "building_count": 1, "area_m2": 41.71712398590355}}, {"type": "Feature", "geometry": {"type": "Polygon", "coordinates": [[[-763.9440737766809, 1.9992031768697631], [-766.119159815968, 4.8937740756565], [-756.4716277060694, 11.993563949188978], [-752.7481314820832, 6.746912036431632], [-760.4300071627339, 1.1052997919043581], [-762.0909539103532, 3.3342365365860256], [-763.9440737766809, 1.9992031768697631]]]}, "properties": {"id": 550, "height_median_m": 3.0, "building_count": 1, "area_m2": 70.06567861222797}}, {"type": "Feature", "geometry": {"type": "Polygon", "coordinates": [[[-732.7464383930501, 12.2889517365494], [-729.2325083719669, 15.664314469011067], [-729.341831589773, 15.798253638243327], [-724.5604516025094, 19.222851088159853], [-720.2438354541314, 13.314236831614629], [-724.4402723072236, 10.308596831671547], [-723.9581941325591, 9.648724867571183], [-726.2737410491776, 7.887871117131861], [-727.6368714258366, 9.775946120398979], [-729.1599796613425, 8.581505870316395], [-732.7464383930501, 12.2889517365494]]]}, "properties": {"id": 551, "height_median_m": 3.0, "building_count": 1, "area_m2": 72.83925107547427}}, {"type": "Feature", "geometry": {"type": "Polygon", "coordinates": [[[-748.0764183080174, 480.8820005718344], [-747.4386620835035, 481.8519618646038], [-746.6046235061739, 482.4465648930512], [-745.7823286212097, 483.0327956055521], [-744.7221930296463, 483.39557585138004], [-743.668884356237, 483.515723872328], [-742.6155756831813, 483.39557585137766], [-741.5724119399318, 483.03860340160196], [-740.9903734109455, 482.7066457376763], [-737.1782496511729, 481.498761117245], [-737.7118549765896, 479.8249216264506], [-725.759931142714, 475.9297129096137], [-727.7307263711351, 469.81007060881325], [-737.7262129683502, 473.0232421422678], [-741.1017557188746, 462.57218711260043], [-747.523413657806, 464.6827827640883], [-745.616299404268, 470.6651127732466], [-748.9337427108043, 472.17875927871313], [-749.7621157454504, 472.8874360165856], [-750.594008233709, 473.71773827011475], [-751.113994445975, 474.7853793953511], [-751.5221723907058, 475.8329734225312], [-751.7286171793381, 477.01040285852304], [-751.7286171793381, 478.09282616862623], [-751.4393609263092, 479.08266610329457], [-748.9539012551883, 478.88015928716726], [-748.0764183080174, 480.8820005718344]]]}, "properties": {"id": 552, "height_median_m": 3.0, "building_count": 1, "area_m2": 268.40446893980675}}, {"type": "Feature", "geometry": {"type": "Polygon", "coordinates": [[[-603.6283255135955, -934.0345500044938], [-594.2043063716123, -925.1145702310172], [-593.3155075563957, -924.269713279585], [-592.8098250086775, -925.0388041616911], [-588.7838567364869, -929.2778606379743], [-599.0553219593517, -939.002454071102], [-603.6283255135955, -934.0345500044938]]]}, "properties": {"id": 553, "height_median_m": 3.0, "building_count": 1, "area_m2": 95.20529865275923}}, {"type": "Feature", "geometry": {"type": "Polygon", "coordinates": [[[-525.9384464272596, -929.2343445739049], [-524.2187769536121, -926.7823700362803], [-525.5566080621219, -925.9103545401086], [-522.032790893037, -920.8268423809802], [-521.0440822522036, -919.4171014684101], [-517.1992520726519, -922.299127605006], [-517.1992520726519, -922.6969335917078], [-523.2262502289653, -931.2030802832871], [-525.9384464272596, -929.2343445739049]]]}, "properties": {"id": 554, "height_median_m": 3.0, "building_count": 1, "area_m2": 49.03124084720151}}, {"type": "Feature", "geometry": {"type": "Polygon", "coordinates": [[[-511.6063400410819, -925.8583984120754], [-509.2065434328697, -925.4673438506868], [-507.9874047316615, -925.3128285220733], [-507.3476958534346, -929.2045528305268], [-506.89476719136326, -931.6586082995395], [-510.4989009618077, -932.3437976627933], [-510.76911568722306, -931.1108916660983], [-511.6063400410819, -925.8583984120754]]]}, "properties": {"id": 555, "height_median_m": 3.0, "building_count": 1, "area_m2": 23.99718132426951}}, {"type": "Feature", "geometry": {"type": "Polygon", "coordinates": [[[-548.1555966852551, -915.8459532713117], [-550.5385777575923, -913.336844737972], [-549.6056178673683, -912.4246718827816], [-546.7082017921775, -909.7317066728001], [-540.7726383367718, -916.2604357347118], [-543.9856230442998, -919.2590419974302], [-543.9805909715103, -919.2642601309847], [-544.2482972433615, -919.5041899113046], [-544.4974443912604, -919.7367133329933], [-544.5022173251383, -919.7317639200053], [-548.3471425416006, -923.1777499111175], [-551.8125796322184, -926.4119642975114], [-555.0473923075842, -923.1693584979631], [-557.3187936171929, -925.2420984563233], [-557.7721148256655, -924.9835529440497], [-560.4041434074895, -922.481650819392], [-557.350924915734, -919.4007811047295], [-554.9644272319713, -922.1229933178829], [-552.0410872604241, -919.4338211945486], [-548.1555966852551, -915.8459532713117]]]}, "properties": {"id": 556, "height_median_m": 3.0, "building_count": 4, "area_m2": 115.32517730862952}}, {"type": "Feature", "geometry": {"type": "Polygon", "coordinates": [[[-495.18347225119925, -919.7658630076438], [-495.8022786305612, -916.6600992368226], [-495.07069791559684, -916.4514757409249], [-493.8829889989446, -916.3385768356951], [-489.9336813220201, -915.6080579350581], [-487.97011133702256, -928.1037297402152], [-491.87646530118064, -928.7788616238646], [-493.4551696076972, -919.4372917990377], [-495.18347225119925, -919.7658630076438]]]}, "properties": {"id": 557, "height_median_m": 3.0, "building_count": 1, "area_m2": 56.72552373799115}}, {"type": "Feature", "geometry": {"type": "Polygon", "coordinates": [[[-543.9025681820651, -889.8734657527384], [-555.0933865291877, -889.6434647000927], [-554.8745132800275, -883.1522347603216], [-543.0155738948891, -883.4961457528347], [-542.4693966356671, -883.4961457528347], [-542.579020996172, -889.8734657527384], [-543.9025681820651, -889.8734657527384]]]}, "properties": {"id": 558, "height_median_m": 3.0, "building_count": 1, "area_m2": 80.27482284268663}}, {"type": "Feature", "geometry": {"type": "Polygon", "coordinates": [[[-573.4594418871752, -868.6996989280343], [-568.66262372854, -865.7730300015115], [-568.2874596151391, -866.4149390670364], [-565.1845005293976, -871.7241290844349], [-567.7302820475052, -873.2392088570592], [-569.9829930699449, -874.5240115827672], [-573.4594418871752, -868.6996989280343]]]}, "properties": {"id": 559, "height_median_m": 3.0, "building_count": 1, "area_m2": 38.27471706521152}}, {"type": "Feature", "geometry": {"type": "Polygon", "coordinates": [[[-431.6916046978383, -869.8193485694811], [-431.35330716997254, -870.2052352469751], [-431.94011291395736, -870.6514706858909], [-433.29858952832143, -871.7583113132005], [-433.9632771961565, -872.3269545070808], [-436.06701102325485, -869.644968975051], [-434.055630812808, -868.1154182832665], [-433.50704970155726, -867.4896669108214], [-431.6916046978383, -869.8193485694811]]]}, "properties": {"id": 560, "height_median_m": 3.0, "building_count": 1, "area_m2": 11.216439075486878}}, {"type": "Feature", "geometry": {"type": "Polygon", "coordinates": [[[-635.303514565728, -846.0527899224821], [-633.3141056070389, -848.4481241817347], [-632.1241807816939, -849.9411701235368], [-635.6714777466137, -852.9432666392912], [-636.5840086876108, -851.9023677147445], [-638.8547325023338, -849.1888749884325], [-635.303514565728, -846.0527899224821]]]}, "properties": {"id": 561, "height_median_m": 3.0, "building_count": 1, "area_m2": 23.443045099870357}}, {"type": "Feature", "geometry": {"type": "Polygon", "coordinates": [[[-555.9571555324435, -852.3557131456937], [-560.7245181318822, -853.7799510531609], [-565.0247525671259, -839.4148424209327], [-560.1541295545501, -837.9935949433627], [-555.9571555324435, -852.3557131456937]]]}, "properties": {"id": 562, "height_median_m": 3.0, "building_count": 1, "area_m2": 75.26282034589065}}, {"type": "Feature", "geometry": {"type": "Polygon", "coordinates": [[[-487.83910063923315, -844.4534357488365], [-483.2758238826594, -842.7617443904294], [-481.77570657997904, -847.1054138451481], [-486.3385083405419, -848.6668125549203], [-487.83910063923315, -844.4534357488365]]]}, "properties": {"id": 563, "height_median_m": 3.0, "building_count": 1, "area_m2": 21.963463663141585}}, {"type": "Feature", "geometry": {"type": "Polygon", "coordinates": [[[-593.8318229553331, -739.6840018035554], [-590.9256140965358, -739.5735007219814], [-591.0233898768984, -738.3466691708452], [-583.172365147265, -738.0979067324547], [-584.8276230774981, -745.0603018694295], [-584.7100054988771, -746.9385857529292], [-585.4781720410083, -746.9385857529292], [-585.2136098912047, -760.0659618648568], [-590.6049603381142, -760.194081969607], [-590.6049603381142, -759.6441644521825], [-593.2312336976046, -759.7551169606546], [-593.5725272476595, -745.6103992345226], [-593.7211743517986, -745.6160511565014], [-593.8318229553331, -739.6840018035554]]]}, "properties": {"id": 564, "height_median_m": 3.0, "building_count": 3, "area_m2": 184.32089199221306}}, {"type": "Feature", "geometry": {"type": "Polygon", "coordinates": [[[-467.20296891994633, -715.1975341497878], [-467.49647654154444, -714.4163433327768], [-470.32663162852936, -715.4182233326202], [-470.9450026677914, -713.7723860806034], [-474.7431006896678, -713.8834728976677], [-476.4362210926557, -709.7633751143456], [-468.63505915433024, -706.8378176321121], [-468.14510550852845, -708.2908968874492], [-462.19202067044756, -706.175816887648], [-461.7036276298962, -707.6242677804152], [-459.16064767185355, -706.7317424770214], [-458.7639337895921, -707.9761741414676], [-458.393514306942, -707.8705423146051], [-456.97641773794606, -711.5075391699879], [-467.20296891994633, -715.1975341497878]]]}, "properties": {"id": 565, "height_median_m": 3.0, "building_count": 2, "area_m2": 111.9507860785508}}, {"type": "Feature", "geometry": {"type": "Polygon", "coordinates": [[[-646.9739702558636, -687.1068723561665], [-651.1396790867803, -686.3149207911263], [-650.3917344095105, -678.2708416945466], [-645.3706934896354, -679.1820131063573], [-646.9739702558636, -687.1068723561665]]]}, "properties": {"id": 566, "height_median_m": 3.0, "building_count": 1, "area_m2": 37.67676490954606}}, {"type": "Feature", "geometry": {"type": "Polygon", "coordinates": [[[-637.234164247678, -678.768525481543], [-629.815266248709, -676.8061990533032], [-628.4803777469563, -682.3893244685222], [-635.7872131750455, -684.2278625641462], [-637.234164247678, -678.768525481543]]]}, "properties": {"id": 567, "height_median_m": 3.0, "building_count": 1, "area_m2": 43.295438617644855}}, {"type": "Feature", "geometry": {"type": "Polygon", "coordinates": [[[-589.317898363823, -682.7820286948869], [-589.7328982896204, -681.0068574773283], [-592.657783413811, -681.7853358647441], [-594.0944162263694, -675.8607056645122], [-591.3123146833084, -675.2260123352514], [-586.9791095742687, -674.1410145289775], [-585.0452716550038, -681.4939334651418], [-588.7555346496385, -682.4612922907829], [-589.317898363823, -682.7820286948869]]]}, "properties": {"id": 568, "height_median_m": 3.0, "building_count": 1, "area_m2": 51.647425852538504}}, {"type": "Feature", "geometry": {"type": "Polygon", "coordinates": [[[-562.8324495493436, -670.2951888254405], [-564.6419792511658, -670.5703995877105], [-569.3798673315365, -671.0507887886897], [-569.9585776909119, -666.6940035460909], [-559.7121498413757, -665.330424757537], [-561.2290383910915, -660.8681417262846], [-556.6467712362358, -659.4307535750587], [-554.9883882328111, -664.8693101173328], [-554.5482489026647, -665.8734197531104], [-563.0439131401274, -668.6067139487998], [-562.8324495493436, -670.2951888254405]]]}, "properties": {"id": 569, "height_median_m": 3.0, "building_count": 2, "area_m2": 71.22604325950314}}, {"type": "Feature", "geometry": {"type": "Polygon", "coordinates": [[[-609.0758719692844, -660.6292455130238], [-608.8531788839844, -657.8350269217444], [-608.5247161724559, -654.5879010201393], [-606.0294684577613, -654.8466519635488], [-603.4400543181572, -655.1034931315232], [-603.9917435008066, -661.1447411032989], [-609.0758719692844, -660.6292455130238]]]}, "properties": {"id": 570, "height_median_m": 3.0, "building_count": 1, "area_m2": 31.083396363784217}}, {"type": "Feature", "geometry": {"type": "Polygon", "coordinates": [[[-536.3545309904899, -649.6667689564877], [-525.5656513360517, -645.0518021957243], [-525.1336116498985, -646.0374337484573], [-523.2740412241243, -650.279755338941], [-523.075745524966, -650.8452314526713], [-522.6677115319022, -651.9312421201176], [-525.8379821274359, -653.3221038115693], [-525.8405033050709, -653.3159096991134], [-533.4474074795063, -656.5445557237213], [-536.3545309904899, -649.6667689564877]]]}, "properties": {"id": 571, "height_median_m": 3.0, "building_count": 1, "area_m2": 88.02947095490568}}, {"type": "Feature", "geometry": {"type": "Polygon", "coordinates": [[[-477.51760563229436, -626.5294974922449], [-474.736214264531, -625.2315925328921], [-471.2664998488406, -632.4487713180359], [-469.1274028293484, -627.5687531464705], [-459.07413854549924, -632.0862459870593], [-457.08236993308924, -634.358201606418], [-454.79526921674056, -634.7595605032066], [-455.13620657450844, -637.2225802757307], [-455.6034071378141, -639.3542715622145], [-459.55097017053845, -638.5460629624188], [-460.07392578827233, -639.858409331937], [-460.8905769311337, -639.485796740805], [-472.2356906106252, -634.7903683015238], [-471.451353140698, -632.889189959772], [-475.28217640174637, -631.1793016217849], [-477.51760563229436, -626.5294974922449]]]}, "properties": {"id": 572, "height_median_m": 3.0, "building_count": 3, "area_m2": 137.51294272839783}}, {"type": "Feature", "geometry": {"type": "Polygon", "coordinates": [[[-534.8589512411997, -615.9941857527185], [-533.5865217291374, -615.9941857527185], [-532.9998505258908, -608.0753227313947], [-530.4602426287181, -608.1911971642629], [-530.358428181593, -607.9589232891954], [-522.0341537721778, -608.6755474908615], [-521.7775621476811, -605.0657411238357], [-517.6442111274456, -605.3014811096128], [-517.4586079491478, -603.9253502737873], [-513.3143963504643, -604.5162487848447], [-513.3143963504644, -604.5162487848445], [-512.8694660490488, -604.5796887531884], [-513.4355049446643, -609.6158756499829], [-519.3806982051433, -608.7888612235004], [-519.4692099446513, -610.0340703821788], [-524.6927272584145, -609.7361542614333], [-525.3900395912127, -618.3719797871345], [-523.7104749084241, -618.4632099395834], [-524.3522471373979, -626.515781006958], [-531.3951632529305, -625.980203637847], [-531.0971498548802, -621.6743516963053], [-535.1937405724306, -621.3405753919387], [-534.8589512411997, -615.9941857527185]]]}, "properties": {"id": 573, "height_median_m": 3.0, "building_count": 5, "area_m2": 202.4297914027727}}, {"type": "Feature", "geometry": {"type": "Polygon", "coordinates": [[[-516.4530283160267, -597.554843899015], [-518.4974403359075, -593.0203906786302], [-511.52129233477405, -589.7149676063834], [-509.47688031450303, -594.2494208271988], [-516.4530283160267, -597.554843899015]]]}, "properties": {"id": 574, "height_median_m": 3.0, "building_count": 1, "area_m2": 38.390663431905026}}, {"type": "Feature", "geometry": {"type": "Polygon", "coordinates": [[[-504.17454437544365, -598.2565179863392], [-500.41547084494965, -595.1380658424265], [-497.0517393529736, -599.4865705481783], [-500.9245883595939, -602.4749823656214], [-504.17454437544365, -598.2565179863392]]]}, "properties": {"id": 575, "height_median_m": 3.0, "building_count": 1, "area_m2": 26.442833582010657}}, {"type": "Feature", "geometry": {"type": "Polygon", "coordinates": [[[-494.9692881356759, -611.4681971475131], [-492.70397058460173, -610.3054037304302], [-488.8807152611893, -617.9372974096676], [-491.68437688235184, -619.4601829493693], [-489.5634795636609, -623.9687837086417], [-497.89934916015113, -627.9406875107638], [-502.4421585195442, -618.7284962519051], [-503.87184877585975, -615.9686667880627], [-494.9692881356759, -611.4681971475131]]]}, "properties": {"id": 576, "height_median_m": 3.0, "building_count": 1, "area_m2": 152.7529812145575}}, {"type": "Feature", "geometry": {"type": "Polygon", "coordinates": [[[-435.5324147881583, -608.4292052123945], [-433.23612191748055, -608.0363075025418], [-432.20019423549525, -614.1809092916649], [-432.06545943016454, -615.4104155586189], [-436.74035806462, -616.190785536545], [-437.9251623599595, -608.8191111106704], [-435.5324147881583, -608.4292052123945]]]}, "properties": {"id": 577, "height_median_m": 3.0, "building_count": 1, "area_m2": 35.64066353727435}}, {"type": "Feature", "geometry": {"type": "Polygon", "coordinates": [[[-477.0472446542169, -600.8004490283428], [-481.1397246448776, -598.0773444546161], [-475.4934664867551, -589.2514312561458], [-470.0720290266656, -592.8191722974958], [-466.9924354271273, -596.8985618204586], [-465.46851686401567, -599.8402866677768], [-460.71152028876713, -602.4956489238787], [-460.51219309414324, -602.4336397300658], [-460.4538028229848, -602.6395071799342], [-455.8650745877179, -605.2009418092622], [-454.8566535232201, -608.9073936208778], [-462.0124563854106, -610.8896974039574], [-463.3263016562144, -611.3508257527626], [-463.43147681650896, -611.3508257527626], [-465.18894915792697, -611.8854125049919], [-466.71853559442036, -606.360348221885], [-469.1256024778504, -601.2229668904477], [-473.4277860266544, -598.5239066004135], [-475.00036420108256, -600.9156354458429], [-476.4642375216714, -599.9137554455812], [-477.0472446542169, -600.8004490283428]]]}, "properties": {"id": 578, "height_median_m": 6.0, "building_count": 5, "area_m2": 199.06316979737417}}, {"type": "Feature", "geometry": {"type": "Polygon", "coordinates": [[[-455.9632031981573, -588.6130795046449], [-451.0678752897809, -581.10010735316], [-450.8646242687776, -580.7881733440112], [-450.2144784662766, -579.7903796517363], [-450.19003362540025, -579.8065227637284], [-447.27770253094354, -575.5617246563709], [-441.4335025463248, -579.5121353498087], [-443.5796751531107, -582.7762420342265], [-444.79401042559294, -581.9105177732491], [-451.38456172753877, -591.6702874770733], [-455.9632031981573, -588.6130795046449]]]}, "properties": {"id": 579, "height_median_m": 3.0, "building_count": 1, "area_m2": 93.47851703039692}}, {"type": "Feature", "geometry": {"type": "Polygon", "coordinates": [[[-461.2157181536662, -524.5150255983704], [-461.1983455167731, -524.158328802558], [-461.18975502973103, -523.8153661796578], [-461.1412209589765, -523.8161924703822], [-460.9947992330427, -517.8035000990797], [-453.55487317603763, -517.9426233585496], [-453.8255005318918, -515.9717106251984], [-447.08225275558146, -514.9792155142], [-445.71833410883187, -524.9123008804207], [-454.0061430032878, -526.132129971906], [-454.06631992059914, -528.5346053258636], [-461.304875167386, -528.4113691961852], [-461.2072836125662, -524.5151691961145], [-461.2157181536662, -524.5150255983704]]]}, "properties": {"id": 580, "height_median_m": 3.0, "building_count": 4, "area_m2": 152.1193560032344}}, {"type": "Feature", "geometry": {"type": "Polygon", "coordinates": [[[-473.1822118257266, -494.80561064369067], [-466.0131967162384, -484.7318809901502], [-461.260560736096, -487.8461879668958], [-456.1340949164584, -486.9465543608936], [-452.055999411692, -491.3657370784036], [-448.41620263837336, -500.707323043179], [-452.07285895576825, -503.1292214186603], [-453.0319123632889, -499.84732395429535], [-455.7455323310461, -502.1172484590492], [-462.4637854618418, -497.8476808889559], [-463.32345716751144, -499.5909766222407], [-473.1822118257266, -494.80561064369067]]]}, "properties": {"id": 581, "height_median_m": 3.0, "building_count": 1, "area_m2": 244.0390622486188}}, {"type": "Feature", "geometry": {"type": "Polygon", "coordinates": [[[-614.6392837207837, -484.99818898147566], [-613.0896159895046, -484.88034475987524], [-614.1613158433719, -475.2118091780088], [-609.4287458357841, -474.73195919296114], [-608.0449532743678, -474.5064657528149], [-607.0217449667008, -474.5064657528149], [-606.1488985092508, -482.0290180850977], [-605.3580324839107, -481.91625319729707], [-605.1011721394153, -484.84618843617216], [-611.2421069986173, -485.62449903042517], [-611.1445154437974, -486.5150590305552], [-614.4846537384118, -486.9383927867717], [-614.6392837207837, -484.99818898147566]]]}, "properties": {"id": 582, "height_median_m": 3.0, "building_count": 1, "area_m2": 83.29001238287663}}, {"type": "Feature", "geometry": {"type": "Polygon", "coordinates": [[[-579.4258637913947, -468.27731624565035], [-578.0433583292419, -467.488823283887], [-579.5973164656118, -464.71920255026424], [-572.6697118564125, -460.3426394186403], [-569.7372806100757, -465.2485566982842], [-565.757113463769, -462.87533980529514], [-564.2676977788975, -461.7941990506952], [-563.5105207224153, -465.1050146454618], [-567.5514200471973, -467.82871710431345], [-567.2758600042487, -468.14304085977966], [-567.3872293579808, -468.2134463294015], [-563.7171065484622, -474.0744176119754], [-567.3275575265797, -476.3758440482704], [-572.3088468094476, -479.5719800516689], [-576.2050953573568, -473.37329048336636], [-579.4258637913947, -468.27731624565035]]]}, "properties": {"id": 583, "height_median_m": 6.0, "building_count": 2, "area_m2": 178.09192835715783}}, {"type": "Feature", "geometry": {"type": "Polygon", "coordinates": [[[-583.5539353999721, -421.60536710121454], [-579.7327726504116, -421.8777855485481], [-579.9750547553864, -425.47052440450415], [-580.5661253212855, -425.42838578430394], [-580.2301138472723, -434.11604399819157], [-586.8825089436666, -434.3648375705198], [-587.2024861550356, -426.2134121747048], [-583.8520111182561, -426.02545506110624], [-583.5539353999721, -421.60536710121454]]]}, "properties": {"id": 584, "height_median_m": 3.0, "building_count": 2, "area_m2": 70.55780455399237}}, {"type": "Feature", "geometry": {"type": "Polygon", "coordinates": [[[-535.6849826699266, -422.5957334231316], [-537.130582879226, -418.88558160196607], [-532.2399937615933, -416.9888710727363], [-533.2146592982612, -414.20943570401903], [-528.959905548199, -412.5042290493748], [-527.2986353354196, -416.96297069827676], [-525.8342738067188, -416.406185069965], [-524.5177401491954, -419.9557374561542], [-534.733815489076, -423.8797728156274], [-535.2989695733576, -422.3755761667191], [-535.6849826699266, -422.5957334231316]]]}, "properties": {"id": 585, "height_median_m": 3.0, "building_count": 1, "area_m2": 73.4523221615729}}, {"type": "Feature", "geometry": {"type": "Polygon", "coordinates": [[[-501.5296702134326, -395.8256809831311], [-501.4320456691408, -394.4893894211424], [-509.6132786095534, -394.2671963922202], [-509.39913974126176, -386.3286712360756], [-503.1548691340259, -386.5512545985437], [-502.95969461865485, -377.8686769248513], [-495.8181917786107, -378.1155289160346], [-496.2294646103548, -394.6522767356878], [-496.50984247211727, -394.545670299307], [-496.50984247211727, -395.95581687690196], [-501.5296702134326, -395.8256809831311]]]}, "properties": {"id": 586, "height_median_m": 3.0, "building_count": 1, "area_m2": 174.13000781975208}}, {"type": "Feature", "geometry": {"type": "Polygon", "coordinates": [[[-535.4079527540961, -368.040525837393], [-530.7132614058308, -368.69358744532235], [-532.3837222220303, -379.29264566822604], [-537.0784135702955, -378.63958406029667], [-535.4079527540961, -368.040525837393]]]}, "properties": {"id": 587, "height_median_m": 3.0, "building_count": 1, "area_m2": 50.85022076543558}}, {"type": "Feature", "geometry": {"type": "Polygon", "coordinates": [[[-570.0131422923988, -363.984289658605], [-570.0131422923988, -361.3295498830632], [-568.108637420997, -357.9502356687994], [-562.0821381413544, -358.07299034451], [-562.1797761239922, -361.74829798916505], [-553.7512836373274, -361.96194575300206], [-552.91046696166, -361.96194575300206], [-553.1204002685562, -372.1392143890349], [-558.9931165298432, -371.88642775613283], [-558.895656606648, -367.6619734017972], [-567.2906805048524, -367.4392763628404], [-567.1929586495714, -364.09521744659963], [-570.0131422923988, -363.984289658605]]]}, "properties": {"id": 588, "height_median_m": 3.0, "building_count": 1, "area_m2": 140.6669823292438}}, {"type": "Feature", "geometry": {"type": "Polygon", "coordinates": [[[-453.14078230261913, -346.03384040886164], [-453.13725752176606, -346.02886753615036], [-456.8457366010862, -343.35718753617107], [-452.73245529075103, -337.5540396995571], [-451.5995348838501, -338.3702235657583], [-448.7359341936411, -340.4332322893671], [-445.98806566727444, -342.41286470131877], [-445.79411985238846, -342.302250375433], [-438.0017817144393, -348.09910185811225], [-436.88923853904834, -345.9071109389439], [-434.54403108269736, -347.24466773282575], [-432.98506000579937, -344.24382800728023], [-429.5368399298083, -346.1426575268403], [-431.42402973981046, -349.64073890939613], [-432.9838805119944, -348.86230441823244], [-437.666968050875, -357.6541305484305], [-440.0300973309328, -356.49889204077283], [-441.2078177500555, -355.8271954094755], [-447.85135588582403, -352.21302412973984], [-447.54193434078644, -351.62477639859435], [-451.12971210842903, -349.98778466461744], [-449.95901257939494, -348.3185537568221], [-452.8529839454075, -346.2336652476206], [-453.14078230261913, -346.03384040886164]]]}, "properties": {"id": 589, "height_median_m": 3.0, "building_count": 3, "area_m2": 215.69726192448647}}, {"type": "Feature", "geometry": {"type": "Polygon", "coordinates": [[[-540.9693935376577, -324.83786651810567], [-544.2187420256042, -329.1833506795239], [-547.9020572575594, -326.426144987628], [-544.6527087700148, -322.08066082621497], [-540.9693935376577, -324.83786651810567]]]}, "properties": {"id": 590, "height_median_m": 3.0, "building_count": 1, "area_m2": 24.96491014819251}}, {"type": "Feature", "geometry": {"type": "Polygon", "coordinates": [[[-503.80758364837357, -289.88414017173716], [-505.458615977453, -288.15779363671334], [-503.6159305700681, -286.44999946469426], [-498.1310474521476, -282.79056341226635], [-495.10266948687354, -287.2684729801455], [-500.8994694221064, -291.08323266099126], [-502.4894701825684, -288.7027906570829], [-503.80758364837357, -289.88414017173716]]]}, "properties": {"id": 591, "height_median_m": 3.0, "building_count": 1, "area_m2": 42.03245966793756}}, {"type": "Feature", "geometry": {"type": "Polygon", "coordinates": [[[-500.3603496457772, -296.4444074653959], [-496.2533290248522, -297.24751009936114], [-497.95166619859884, -305.84404127868555], [-499.8552270333799, -305.43691513312274], [-502.0722994688779, -305.03760668635715], [-501.59365026991736, -303.1266698085462], [-500.3603496457772, -296.4444074653959]]]}, "properties": {"id": 592, "height_median_m": 3.0, "building_count": 1, "area_m2": 36.2379239683406}}, {"type": "Feature", "geometry": {"type": "Polygon", "coordinates": [[[-492.9313523620305, -310.6153690005718], [-486.8060616402337, -315.15075792903014], [-489.3701206801103, -318.6072825050574], [-495.4954114023098, -314.07189357658353], [-492.9313523620305, -310.6153690005718]]]}, "properties": {"id": 593, "height_median_m": 3.0, "building_count": 1, "area_m2": 32.80122289815401}}, {"type": "Feature", "geometry": {"type": "Polygon", "coordinates": [[[-486.372894522387, -315.47149068110394], [-483.63996904458565, -317.4950485034641], [-479.9531675405561, -314.17496982956385], [-477.3365043571381, -317.02405478064185], [-481.5634782643273, -320.9574594146592], [-486.372894522387, -315.47149068110394]]]}, "properties": {"id": 594, "height_median_m": 3.0, "building_count": 1, "area_m2": 23.62767459115581}}, {"type": "Feature", "geometry": {"type": "Polygon", "coordinates": [[[-530.3618228063859, -308.12842246258634], [-533.1584128459174, -303.4072324161753], [-530.6849599442255, -301.99653259834594], [-528.8297664235554, -301.20296953048074], [-526.037477429782, -305.6620915963813], [-530.3618228063859, -308.12842246258634]]]}, "properties": {"id": 595, "height_median_m": 3.0, "building_count": 1, "area_m2": 26.712277372594365}}, {"type": "Feature", "geometry": {"type": "Polygon", "coordinates": [[[-662.3181712191957, -249.51712696458455], [-660.4431607667188, -253.25997937929807], [-669.9466170453254, -258.144084541466], [-671.8216274977817, -254.40123212631872], [-662.3181712191957, -249.51712696458455]]]}, "properties": {"id": 596, "height_median_m": 3.0, "building_count": 1, "area_m2": 44.72778251213378}}, {"type": "Feature", "geometry": {"type": "Polygon", "coordinates": [[[-628.6900187562829, -249.35945713310045], [-624.9782976457926, -242.22874876116924], [-627.419382608882, -240.89219911981294], [-623.874883619138, -234.15367841012943], [-617.4021840601989, -237.59918584076075], [-624.6542488345448, -251.4639104606226], [-628.6900187562829, -249.35945713310045]]]}, "properties": {"id": 597, "height_median_m": 3.0, "building_count": 1, "area_m2": 92.65595327307707}}, {"type": "Feature", "geometry": {"type": "Polygon", "coordinates": [[[-633.9771087536843, -227.52804308817156], [-637.010047666005, -231.88456373771143], [-640.506613525466, -229.49150188365556], [-637.5851716172916, -225.0055675475328], [-633.9771087536843, -227.52804308817156]]]}, "properties": {"id": 598, "height_median_m": 3.0, "building_count": 1, "area_m2": 23.02283531474346}}, {"type": "Feature", "geometry": {"type": "Polygon", "coordinates": [[[-656.6814243227494, -223.16685032130243], [-656.5695633568832, -217.68019115454493], [-652.3565739183274, -217.81368118416873], [-652.5025854265305, -224.97538742324755], [-649.7173348794432, -225.04759330096707], [-649.935235135848, -231.7585195595256], [-654.929043399666, -231.62905820443103], [-654.656363342852, -223.23101508010996], [-656.6814243227494, -223.16685032130243]]]}, "properties": {"id": 599, "height_median_m": 6.0, "building_count": 2, "area_m2": 60.369699148901866}}, {"type": "Feature", "geometry": {"type": "Polygon", "coordinates": [[[-561.6307332306038, -195.06420645088815], [-561.8492656759026, -196.0197565721975], [-549.0140989111412, -198.83527991955447], [-549.0140989111412, -199.2697399251592], [-550.1778725264817, -204.09695638866285], [-560.9044495323905, -201.72112898823772], [-560.8281949056285, -201.36450461845007], [-571.8342120414771, -198.8237613660623], [-570.6151445512152, -193.13512020615644], [-561.6307332306038, -195.06420645088815]]]}, "properties": {"id": 600, "height_median_m": 3.0, "building_count": 2, "area_m2": 124.03788423688985}}, {"type": "Feature", "geometry": {"type": "Polygon", "coordinates": [[[-594.4608433311537, -204.1696234005903], [-598.0564241254662, -201.65587434717818], [-592.0944266202714, -192.78040222140547], [-591.5831757975677, -192.19723248149035], [-587.9098948446032, -194.68505119548476], [-588.5037447984517, -195.53178656444896], [-594.4608433311537, -204.1696234005903]]]}, "properties": {"id": 601, "height_median_m": 3.0, "building_count": 1, "area_m2": 51.196873232921746}}, {"type": "Feature", "geometry": {"type": "Polygon", "coordinates": [[[-625.1277984230844, -192.86091658394415], [-630.3911498850848, -191.58352081279222], [-628.8744824185363, -184.78701041416414], [-623.5016912421221, -185.93612197546744], [-625.1277984230844, -192.86091658394415]]]}, "properties": {"id": 602, "height_median_m": 3.0, "building_count": 1, "area_m2": 38.39193074179969}}, {"type": "Feature", "geometry": {"type": "Polygon", "coordinates": [[[-480.9238964993019, -193.48936843370913], [-486.42276263730037, -188.5698349179103], [-477.95560341015744, -179.02936307223052], [-472.4567372725238, -183.94889658760871], [-480.9238964993019, -193.48936843370913]]]}, "properties": {"id": 603, "height_median_m": 3.0, "building_count": 1, "area_m2": 94.1162511710091}}, {"type": "Feature", "geometry": {"type": "Polygon", "coordinates": [[[-649.2214346297519, -166.37545935072336], [-646.4635113124227, -162.6678065690567], [-649.023191149437, -160.646436803534], [-646.6143813335333, -157.89877375593701], [-641.7894109002303, -161.52888098040975], [-640.1547565382273, -162.40634226604692], [-637.0585907520768, -164.04606526874196], [-641.9799435205633, -170.51396823289377], [-642.5753975717579, -170.1879435714358], [-644.4173266706111, -173.25869115303468], [-644.8045297456797, -173.81078101429918], [-645.6338766681953, -175.29737319291004], [-648.4625501671958, -174.05637704152016], [-650.1009315962261, -173.3375860430624], [-646.7284492558289, -167.90667154543723], [-649.2214346297519, -166.37545935072336]]]}, "properties": {"id": 604, "height_median_m": 3.0, "building_count": 2, "area_m2": 108.5313242930346}}, {"type": "Feature", "geometry": {"type": "Polygon", "coordinates": [[[-624.159064559102, -169.7266286188308], [-621.3486363933392, -168.77946692374988], [-626.07240771072, -163.8222530894365], [-624.2047567132983, -161.9581722690757], [-616.4638220143751, -159.75070448857366], [-614.6683539162615, -162.2538657529692], [-614.4688421713338, -162.2538657529692], [-614.2671612775413, -163.1740731267206], [-612.4731802655625, -171.1355900026884], [-619.1899992791342, -172.07856730134318], [-623.2962862675965, -172.67907095936886], [-624.159064559102, -169.7266286188308]]]}, "properties": {"id": 605, "height_median_m": 3.0, "building_count": 2, "area_m2": 114.57371011880117}}, {"type": "Feature", "geometry": {"type": "Polygon", "coordinates": [[[-544.8333942162624, -161.81493184317515], [-539.5252321077512, -146.7941857460905], [-532.6183319012014, -149.25622041317467], [-535.9344726061584, -158.490288783089], [-533.2986067406763, -159.38115089647414], [-535.3930044586479, -165.1650984686433], [-544.8333942162624, -161.81493184317515]]]}, "properties": {"id": 606, "height_median_m": 3.0, "building_count": 1, "area_m2": 133.1371329294284}}, {"type": "Feature", "geometry": {"type": "Polygon", "coordinates": [[[-568.023331521044, -120.915960511163], [-566.9157916258351, -115.10459526662183], [-552.039437107418, -118.01025418591776], [-552.039437107418, -118.66505605354376], [-552.9882970499469, -123.71596866492584], [-568.023331521044, -120.915960511163]]]}, "properties": {"id": 607, "height_median_m": 3.0, "building_count": 1, "area_m2": 89.36690375062969}}, {"type": "Feature", "geometry": {"type": "Polygon", "coordinates": [[[-644.9753760444249, -113.62749638349143], [-644.6584789880587, -104.47011074681112], [-639.5680143654582, -104.59914525508536], [-639.7852246884149, -111.41270575298253], [-640.8477519014166, -111.41270575298253], [-640.8477519014166, -113.76201830465835], [-644.9753760444249, -113.62749638349143]]]}, "properties": {"id": 608, "height_median_m": 3.0, "building_count": 1, "area_m2": 44.44118851795435}}, {"type": "Feature", "geometry": {"type": "Polygon", "coordinates": [[[-637.1999217429491, -101.46392552941276], [-633.3709072948818, -96.09795383745411], [-629.1979310045037, -99.18552087427612], [-632.9145947530909, -104.42254537773772], [-637.1999217429491, -101.46392552941276]]]}, "properties": {"id": 609, "height_median_m": 3.0, "building_count": 1, "area_m2": 33.82648451305169}}, {"type": "Feature", "geometry": {"type": "Polygon", "coordinates": [[[-602.794493364391, 72.99218681804943], [-600.5161596647999, 74.92274812906723], [-597.7921059779077, 77.23099325487709], [-594.6262733362868, 79.91358273514852], [-594.5049778168125, 79.7752242750669], [-593.2445503954094, 80.77057917983522], [-591.2177922659557, 78.60320367353548], [-592.9702764599807, 77.04841774599596], [-591.9013786463069, 75.93999746265442], [-598.3498502273691, 70.00390404221879], [-597.648941009455, 66.90581112206053], [-597.491688154544, 66.77128061992624], [-597.588359991571, 66.63803661174455], [-597.3905086328244, 65.7635126675439], [-597.9040802448175, 66.20287541795275], [-600.230177928038, 62.99678574110025], [-601.6214550327741, 64.01699455924549], [-601.8116074984855, 63.80009287644778], [-605.8247646053779, 66.59757488903023], [-603.8696056197133, 70.72343755233025], [-603.8796444823053, 70.73083302484228], [-603.7429790574632, 70.9906505049344], [-602.794493364391, 72.99218681804943]]]}, "properties": {"id": 610, "height_median_m": 6.0, "building_count": 3, "area_m2": 101.9974613696156}}, {"type": "Feature", "geometry": {"type": "Polygon", "coordinates": [[[-597.022267925997, 56.439013975328734], [-592.1323906591747, 57.05876379634485], [-592.1323906591747, 57.05876379634489], [-591.8567914327658, 57.093693624215625], [-591.8567914327658, 56.608457544219256], [-591.2232922423477, 51.85984411035215], [-586.4425278692289, 52.52759345519302], [-585.9062008873714, 48.612243540329644], [-585.5770045815061, 45.48303383939952], [-589.7734796542126, 44.95116677309544], [-590.1507525364788, 47.676683785200396], [-595.729773880354, 46.953520595751705], [-596.8459994881474, 55.63475575685908], [-597.022267925997, 56.439013975328734]]]}, "properties": {"id": 611, "height_median_m": 6.0, "building_count": 2, "area_m2": 81.38759657354656}}, {"type": "Feature", "geometry": {"type": "Polygon", "coordinates": [[[-592.6936377832351, 89.24906060241422], [-599.0023417854208, 84.37030467582366], [-603.3337050238478, 89.92855484150645], [-597.0242655437147, 94.92986265776764], [-592.6936377832351, 89.24906060241422]]]}, "properties": {"id": 612, "height_median_m": 3.0, "building_count": 1, "area_m2": 56.84924918487832}}, {"type": "Feature", "geometry": {"type": "Polygon", "coordinates": [[[-474.5577173295239, 71.93059616543258], [-472.7945135385363, 77.83860787018347], [-465.49006989998355, 75.63308433937924], [-465.8799166136921, 74.29902209458278], [-467.83036182753744, 67.50746885714386], [-470.9548495649172, 68.39847314538383], [-472.2309977000279, 64.03147200116287], [-475.62083401350446, 65.27433759812651], [-473.77347074954605, 71.70695404390857], [-474.5577173295239, 71.93059616543258]]]}, "properties": {"id": 613, "height_median_m": 3.0, "building_count": 1, "area_m2": 79.25368324374985}}, {"type": "Feature", "geometry": {"type": "Polygon", "coordinates": [[[-570.528138588924, 86.58666142452631], [-568.5745799270534, 84.46970936500136], [-566.7220358155646, 86.24920079393202], [-565.0311915649875, 84.44104502023036], [-563.2343713876439, 86.49062833183025], [-559.4917641688513, 82.6096383052171], [-560.1566563719089, 82.04082013056336], [-568.5018671001601, 74.0126195190566], [-575.7189670999855, 81.52911053209134], [-570.528138588924, 86.58666142452631]]]}, "properties": {"id": 614, "height_median_m": 3.0, "building_count": 1, "area_m2": 108.68961154154736}}, {"type": "Feature", "geometry": {"type": "Polygon", "coordinates": [[[-512.9603183362759, 130.74476268729217], [-516.7477144800913, 126.55164823811404], [-522.72373513725, 132.15106580700845], [-518.9363389934346, 136.34418025618658], [-512.9603183362759, 130.74476268729217]]]}, "properties": {"id": 615, "height_median_m": 3.0, "building_count": 1, "area_m2": 46.26535107416167}}, {"type": "Feature", "geometry": {"type": "Polygon", "coordinates": [[[-491.95277368679655, 146.38776456948207], [-494.2826230512478, 142.15977246831912], [-501.1410459721135, 145.94914186058367], [-498.23425877013, 151.22968860912485], [-490.3186403619133, 150.98565812185885], [-491.95277368679655, 146.38776456948207]]]}, "properties": {"id": 616, "height_median_m": 3.0, "building_count": 1, "area_m2": 60.932042732026595}}, {"type": "Feature", "geometry": {"type": "Polygon", "coordinates": [[[-437.7392329717221, 157.76952169656238], [-438.17181197109096, 150.61477282566614], [-442.6819966355926, 150.8786006973116], [-442.14123900638117, 158.03379786034867], [-437.7392329717221, 157.76952169656238]]]}, "properties": {"id": 617, "height_median_m": 3.0, "building_count": 1, "area_m2": 32.01174773762469}}, {"type": "Feature", "geometry": {"type": "Polygon", "coordinates": [[[-436.33080884545836, 159.50406297394932], [-433.00420404012755, 166.48116916997262], [-425.9330518924448, 163.05928552038628], [-429.2596566977754, 156.08217932436298], [-436.33080884545836, 159.50406297394932]]]}, "properties": {"id": 618, "height_median_m": 3.0, "building_count": 1, "area_m2": 60.71943405461805}}, {"type": "Feature", "geometry": {"type": "Polygon", "coordinates": [[[-487.30851754985093, 166.93242179992092], [-486.6120430106348, 171.30189313790646], [-483.19862935538356, 170.85691176754548], [-482.8074525167803, 173.42258851380035], [-478.3113039906011, 172.76507148087413], [-480.3619550668637, 158.6133880203749], [-482.3201459057324, 158.83675345916004], [-482.6162713089141, 157.0352489499988], [-485.83890576959664, 157.60078286052848], [-484.47558907820064, 166.59813453891704], [-487.30851754985093, 166.93242179992092]]]}, "properties": {"id": 619, "height_median_m": 3.0, "building_count": 1, "area_m2": 91.56990966928956}}, {"type": "Feature", "geometry": {"type": "Polygon", "coordinates": [[[-564.4990419425035, 273.73529486041576], [-563.7187666572078, 274.2915689472509], [-566.8332910838318, 278.39932314328803], [-563.5457501209913, 280.94397107497605], [-553.4764821200265, 267.52499141734586], [-552.6813073696918, 266.46678478591235], [-553.2705649294147, 266.01868486771883], [-550.833067052049, 262.682220791861], [-557.5286304690877, 257.46936159026933], [-560.4698452373627, 261.34047242274596], [-559.6442992637456, 262.1252037287425], [-557.1713004782381, 264.03937341232637], [-564.4990419425035, 273.73529486041576]]]}, "properties": {"id": 620, "height_median_m": 3.0, "building_count": 1, "area_m2": 125.6885389201114}}, {"type": "Feature", "geometry": {"type": "Polygon", "coordinates": [[[-599.1577383801022, 319.48072578851514], [-602.8045291088386, 317.6021092351695], [-604.7729993900405, 321.5645442863293], [-601.8507294914565, 323.12010894024246], [-603.413648289583, 326.1285475733013], [-598.2989648941129, 328.7919769130991], [-595.6415088951636, 323.48722483022476], [-600.0350728972832, 321.25983926913614], [-599.1577383801022, 319.48072578851514]]]}, "properties": {"id": 621, "height_median_m": 3.0, "building_count": 1, "area_m2": 50.1260102377843}}, {"type": "Feature", "geometry": {"type": "Polygon", "coordinates": [[[-483.29105419791694, 340.94145215615083], [-484.47747773214275, 348.2001720916704], [-476.0764034853011, 349.53449633790075], [-474.8899799510753, 342.27577640238115], [-483.29105419791694, 340.94145215615083]]]}, "properties": {"id": 622, "height_median_m": 3.0, "building_count": 1, "area_m2": 62.56411880334537}}, {"type": "Feature", "geometry": {"type": "Polygon", "coordinates": [[[-474.45677375358133, 415.36133010912175], [-480.7968351866107, 417.49803774866905], [-479.1980024585305, 403.5919860845063], [-485.2593601266938, 402.96343846279535], [-485.8868705228019, 408.09322261420766], [-486.9018840123684, 417.23982639259003], [-479.8467176464065, 417.9714294893151], [-474.54117831966727, 433.2661874870007], [-464.8382454583733, 430.7669913930773], [-467.33665842715004, 416.85962141117136], [-467.6126713333012, 415.60026011383303], [-473.9642905161065, 417.3836735680243], [-474.45677375358133, 415.36133010912175]]]}, "properties": {"id": 623, "height_median_m": 3.0, "building_count": 2, "area_m2": 270.4993656909384}}, {"type": "Feature", "geometry": {"type": "Polygon", "coordinates": [[[-445.6137943843691, 447.25004413303094], [-442.1204676289582, 441.6465011643036], [-448.85527941095353, 437.2566643611498], [-452.3486061663644, 442.86020732987714], [-445.6137943843691, 447.25004413303094]]]}, "properties": {"id": 624, "height_median_m": 3.0, "building_count": 1, "area_m2": 53.07394156304668}}, {"type": "Feature", "geometry": {"type": "Polygon", "coordinates": [[[-499.29744962201966, 474.5494704842113], [-506.7594561493013, 468.19566220218036], [-510.7200249607548, 472.9643580098736], [-503.25801843308955, 479.31816629191337], [-499.29744962201966, 474.5494704842113]]]}, "properties": {"id": 625, "height_median_m": 3.0, "building_count": 1, "area_m2": 60.7487341591407}}, {"type": "Feature", "geometry": {"type": "Polygon", "coordinates": [[[-438.7488564850995, 482.64230427472603], [-438.45457252358676, 482.30662266077974], [-432.28377443318874, 487.1109235990453], [-429.23130153122884, 482.9842607107588], [-437.58735176908885, 476.55048708442746], [-440.9326095834519, 480.87510971977565], [-440.2838626751267, 481.4301155249823], [-438.7488564850995, 482.64230427472603]]]}, "properties": {"id": 626, "height_median_m": 3.0, "building_count": 1, "area_m2": 55.31592670118992}}, {"type": "Feature", "geometry": {"type": "Polygon", "coordinates": [[[-623.7631283957542, 498.687433054053], [-620.4276108505442, 494.288210470829], [-619.1359766647148, 492.6809396783402], [-631.4118590181972, 482.99569660221516], [-632.4993534685315, 484.5118326932542], [-636.0282332946985, 489.0106930134262], [-623.7631283957542, 498.687433054053]]]}, "properties": {"id": 627, "height_median_m": 3.0, "building_count": 1, "area_m2": 118.1086141354879}}, {"type": "Feature", "geometry": {"type": "Polygon", "coordinates": [[[-426.8393203496608, -901.1827315820977], [-425.4031335064794, -901.237338875394], [-425.18775163521514, -891.6558121597961], [-426.5931931856461, -880.0902409246473], [-417.69999569232954, -879.0033596135843], [-416.738492704351, -887.046266211533], [-420.4450182751333, -887.4913116518934], [-419.99678638381386, -891.0703121083508], [-420.602497809879, -901.4340873583311], [-414.72811961782463, -901.0618239414969], [-414.72811961782463, -901.7584465871272], [-414.35894734055455, -908.0750163998316], [-411.0475990110339, -907.8528302890654], [-410.6576202146753, -912.8572586636187], [-410.64233600236685, -912.8560133578874], [-410.62975133922237, -913.2148878280407], [-410.5316827647568, -914.4733592149216], [-410.5316827647568, -916.478945752799], [-412.22806727585197, -916.478945752799], [-413.1917402250264, -916.5888692734616], [-421.45713464672326, -917.1708512417276], [-422.0584582056794, -907.0781279906964], [-426.9505488369284, -906.8921188866796], [-426.8393203496608, -901.1827315820977]]]}, "properties": {"id": 628, "height_median_m": 3.0, "building_count": 4, "area_m2": 315.88119770176525}}, {"type": "Feature", "geometry": {"type": "Polygon", "coordinates": [[[-412.9091974251093, -853.5275294417966], [-412.43365069336755, -852.8042720208318], [-411.13623890533904, -851.1898117531488], [-409.9692328728004, -852.077259523663], [-408.40241310559986, -850.0666278240664], [-402.29316554894797, -854.9569088865629], [-403.0675544320155, -855.9506484782883], [-397.8909136539717, -859.8500788030308], [-400.2591128320057, -862.7969947425231], [-400.9608274371529, -863.7575065835491], [-403.41103767870993, -861.7451876742745], [-405.1633453391786, -863.966086686714], [-413.61418165563356, -857.3016467377666], [-411.5614383206085, -854.6256378059118], [-412.9091974251093, -853.5275294417966]]]}, "properties": {"id": 629, "height_median_m": 3.0, "building_count": 1, "area_m2": 113.31981518723423}}, {"type": "Feature", "geometry": {"type": "Polygon", "coordinates": [[[-338.54531474158676, -827.6839533107859], [-345.57608286454104, -829.0411508527947], [-346.5898741813485, -823.9015781949665], [-339.5591060587939, -822.5443806529609], [-338.54531474158676, -827.6839533107859]]]}, "properties": {"id": 630, "height_median_m": 3.0, "building_count": 1, "area_m2": 37.51105869077803}}, {"type": "Feature", "geometry": {"type": "Polygon", "coordinates": [[[-268.48744338005463, -788.4350772783127], [-267.52013839467196, -786.9179322958187], [-263.66339556001753, -781.1294054743862], [-266.25239928975196, -778.1762001891127], [-264.2713533793365, -776.3684205594279], [-263.39302938659057, -777.3703005593467], [-262.41711383938645, -776.4797405595705], [-259.9998052587053, -779.2370979146858], [-260.74254214110766, -779.8917675405913], [-256.4982581812946, -782.9176037147038], [-255.5272502268323, -783.4714047365425], [-254.0583782966921, -784.4487807727617], [-258.9302998429218, -791.9742462245051], [-260.1956250512758, -793.9424120887076], [-268.48744338005463, -788.4350772783127]]]}, "properties": {"id": 631, "height_median_m": 3.0, "building_count": 2, "area_m2": 126.46173731914202}}, {"type": "Feature", "geometry": {"type": "Polygon", "coordinates": [[[-278.7437918420723, -764.9719516940296], [-276.01790017234066, -761.9977912160914], [-274.7865025158379, -763.2619504847812], [-271.8064638204054, -766.1755917187463], [-273.8991270178674, -768.311367305592], [-274.52457051266134, -769.0247934837362], [-278.7437918420723, -764.9719516940296]]]}, "properties": {"id": 632, "height_median_m": 3.0, "building_count": 1, "area_m2": 23.30732104034775}}, {"type": "Feature", "geometry": {"type": "Polygon", "coordinates": [[[-387.0959375454346, -753.6077594703886], [-387.38856201287206, -760.728584532363], [-385.28211424608264, -760.837801213468], [-385.0598872333262, -763.4994276941234], [-385.2446737234167, -770.2444152991563], [-384.1600447124598, -770.1319419853114], [-384.299202063328, -772.6716693338184], [-391.24348478566475, -772.3003653272355], [-390.65804579082675, -761.2817619221728], [-395.3427270917863, -761.0591082972686], [-394.91436864926936, -753.1190871888216], [-387.0959375454346, -753.6077594703886]]]}, "properties": {"id": 633, "height_median_m": 3.0, "building_count": 1, "area_m2": 130.19407089933517}}, {"type": "Feature", "geometry": {"type": "Polygon", "coordinates": [[[-294.0667693240629, -744.9154283850919], [-296.3455769342178, -739.345343148059], [-293.4508981763842, -737.1919429035164], [-293.45383492058625, -737.1856619098878], [-293.1641557177955, -737.0440494417034], [-292.8446767576312, -736.8358089529062], [-292.824864108924, -736.8781834709893], [-288.03863854420285, -734.5383910075392], [-285.5586542627666, -740.0296876814535], [-283.0566210853004, -738.8880875332133], [-280.6271301203229, -744.3101051826229], [-280.8623080875532, -746.0538018972887], [-287.56080519651323, -748.8918100788235], [-287.5580915841232, -748.8985470017217], [-287.8807454175283, -749.0273618227556], [-288.2054456131528, -749.1649302648611], [-288.20819959785365, -749.1580931120457], [-290.15507929214294, -749.9353563379234], [-292.502176070953, -744.3577132433218], [-294.0667693240629, -744.9154283850919]]]}, "properties": {"id": 634, "height_median_m": 3.0, "building_count": 3, "area_m2": 136.2154835492778}}, {"type": "Feature", "geometry": {"type": "Polygon", "coordinates": [[[-413.3759158230968, -721.2318308716617], [-416.32832866072954, -715.4942064884568], [-413.5929706965184, -714.0455665631146], [-417.0137389231298, -707.2449795584903], [-416.0156399128556, -706.7570492447093], [-411.80945033907295, -704.5980011474378], [-409.95337542896215, -708.0523369498962], [-408.39071450883, -707.2725000706791], [-406.4026458895886, -711.00759325421], [-407.96661530811133, -711.7880831319685], [-405.236776563009, -717.0149059814164], [-411.875662078704, -720.4672091076983], [-411.8740194526056, -720.4704211620517], [-412.1856826166288, -720.6284236473613], [-412.4967250659422, -720.7901695936699], [-412.4983731065797, -720.7869469515182], [-413.3759158230968, -721.2318308716617]]]}, "properties": {"id": 635, "height_median_m": 3.0, "building_count": 2, "area_m2": 111.69114525997128}}, {"type": "Feature", "geometry": {"type": "Polygon", "coordinates": [[[-352.3272506168235, -705.0630367004412], [-351.513344540216, -707.0524658214978], [-348.36192477078094, -715.2855749302281], [-354.1497535156803, -717.5255449577337], [-357.50966270008985, -718.8854841538869], [-359.11353692423, -714.4424244395169], [-354.64025002831403, -712.6200832885323], [-356.7748870717287, -706.7541355239711], [-352.3272506168235, -705.0630367004412]]]}, "properties": {"id": 636, "height_median_m": 3.0, "building_count": 1, "area_m2": 76.58966056939059}}, {"type": "Feature", "geometry": {"type": "Polygon", "coordinates": [[[-233.21674485869195, -668.742364992343], [-228.1104158715069, -671.5280666454339], [-228.55787567180292, -672.3787417730206], [-229.1419227407631, -673.7111546016336], [-232.9189277469644, -681.2798347773962], [-238.2243796797297, -678.3800221025227], [-237.18615970469696, -676.4062405262807], [-234.3566584877755, -670.9528207581934], [-233.21674485869195, -668.742364992343]]]}, "properties": {"id": 637, "height_median_m": 3.0, "building_count": 1, "area_m2": 64.51153819285625}}, {"type": "Feature", "geometry": {"type": "Polygon", "coordinates": [[[-120.55173463998732, -663.6162467476908], [-116.11616108833216, -659.8215942606575], [-109.026076855056, -668.1469247579504], [-113.46165040671114, -671.9415772449837], [-120.55173463998732, -663.6162467476908]]]}, "properties": {"id": 638, "height_median_m": 3.0, "building_count": 1, "area_m2": 63.83202153165706}}, {"type": "Feature", "geometry": {"type": "Polygon", "coordinates": [[[-153.35502842513384, -651.1299181797931], [-147.8848738699689, -650.1111990416264], [-146.29351935802524, -658.7032133258477], [-151.76367391319016, -659.7219324640145], [-153.35502842513384, -651.1299181797931]]]}, "properties": {"id": 639, "height_median_m": 3.0, "building_count": 1, "area_m2": 48.62078937180057}}, {"type": "Feature", "geometry": {"type": "Polygon", "coordinates": [[[-197.52481262745934, -631.5999091782817], [-195.31334944407135, -632.4407609019124], [-192.85890718938592, -627.9181448237271], [-192.37540582959332, -628.3593581768092], [-191.83781732370022, -627.3373374931642], [-187.40234852495402, -629.6724531053318], [-188.65179373548966, -631.8750469119708], [-193.2106755399814, -640.426472077592], [-195.0791598168487, -639.3608077875515], [-199.5683713337777, -637.0230877876514], [-200.0553160109841, -636.7453655942192], [-197.52481262745934, -631.5999091782817]]]}, "properties": {"id": 640, "height_median_m": 6.0, "building_count": 2, "area_m2": 80.84196197156326}}, {"type": "Feature", "geometry": {"type": "Polygon", "coordinates": [[[-126.97039984232315, -622.299071445443], [-119.43856899868672, -606.8578575185093], [-115.20322144315521, -608.9470010284031], [-122.52687789136414, -624.3784983872675], [-122.55708708184174, -624.3643614469613], [-125.06264816616869, -629.7231574915312], [-129.01435449921195, -627.8670858191286], [-126.51140158658393, -622.5138680301723], [-126.97039984232315, -622.299071445443]]]}, "properties": {"id": 641, "height_median_m": 3.0, "building_count": 2, "area_m2": 108.28004141100249}}, {"type": "Feature", "geometry": {"type": "Polygon", "coordinates": [[[-376.125225549458, -594.286785752947], [-371.11130146134593, -594.286785752947], [-370.90277763273076, -605.2282257527967], [-375.89972551447187, -605.2282257527967], [-376.0009916278284, -595.9873083313673], [-376.125225549458, -594.286785752947]]]}, "properties": {"id": 642, "height_median_m": 3.0, "building_count": 1, "area_m2": 54.27876245289867}}, {"type": "Feature", "geometry": {"type": "Polygon", "coordinates": [[[-420.3583996774377, -593.8642729715033], [-420.4867146505754, -595.3279265464053], [-420.7929665322351, -602.0816996402151], [-425.1120712789966, -602.4811604960895], [-424.6993173159469, -595.1834957029337], [-424.6993173159469, -593.5966207952796], [-420.3583996774377, -593.8642729715033]]]}, "properties": {"id": 643, "height_median_m": 3.0, "building_count": 1, "area_m2": 36.461255609142775}}, {"type": "Feature", "geometry": {"type": "Polygon", "coordinates": [[[-358.85618561270275, -586.765238912523], [-355.71750587302535, -584.4195869816649], [-355.43173872733195, -584.3109314097258], [-354.4948063837543, -583.5475507432385], [-350.576372833974, -589.3829261991214], [-354.9525941220825, -592.4548247569451], [-358.85618561270275, -586.765238912523]]]}, "properties": {"id": 644, "height_median_m": 3.0, "building_count": 1, "area_m2": 37.481772547241505}}, {"type": "Feature", "geometry": {"type": "Polygon", "coordinates": [[[13.048620856517188, -565.7060503438828], [10.264166885860528, -558.254313817278], [16.481044338695177, -555.8905068255463], [20.143177655130614, -565.6773114672598], [15.8762087637673, -567.2558673442499], [15.001049922522327, -564.926571612561], [13.048620856517188, -565.7060503438828]]]}, "properties": {"id": 645, "height_median_m": 3.0, "building_count": 1, "area_m2": 64.14665280462685}}, {"type": "Feature", "geometry": {"type": "Polygon", "coordinates": [[[13.848394070327327, -528.2736152391755], [16.038604167899617, -530.6053734481277], [16.296174130284562, -530.8572045617703], [16.284933436455603, -530.8676223961611], [19.188907911895768, -533.9592738907829], [18.77148577887222, -534.435415828111], [15.831317450316993, -537.1184310889972], [11.674337734403302, -541.0303767611937], [5.241708387808036, -534.1740026045247], [12.037714138462073, -527.8104068209644], [12.783236341180084, -527.130089497763], [13.848394070327327, -528.2736152391755]]]}, "properties": {"id": 646, "height_median_m": 6.0, "building_count": 2, "area_m2": 96.99258986615015}}, {"type": "Feature", "geometry": {"type": "Polygon", "coordinates": [[[3.3086386145466395, -463.2991980462853], [6.483121823642437, -457.68033416818906], [10.799662023440598, -460.14221345923175], [7.625178814344802, -465.761077337328], [3.3086386145466395, -463.2991980462853]]]}, "properties": {"id": 647, "height_median_m": 3.0, "building_count": 1, "area_m2": 32.06924627923195}}, {"type": "Feature", "geometry": {"type": "Polygon", "coordinates": [[[-56.583972916290875, -448.89190932290126], [-52.26413661954968, -449.02508549414176], [-52.57497822032075, -460.96222355702736], [-61.3726738989575, -460.8413164571372], [-61.163934835830624, -450.0076343532925], [-56.583972916290875, -450.11878832080134], [-56.583972916290875, -448.89190932290126]]]}, "properties": {"id": 648, "height_median_m": 3.0, "building_count": 1, "area_m2": 100.54000571445144}}, {"type": "Feature", "geometry": {"type": "Polygon", "coordinates": [[[-18.725084165162887, -456.61915317261526], [-28.287197623935473, -452.9035001222157], [-25.497555352859454, -445.68265317539414], [-15.949449352878727, -449.3928631973434], [-16.244585924099923, -450.0661715220844], [-13.528639455901025, -451.1726020122433], [-15.629258143732036, -456.72150665113446], [-18.43275358407746, -455.6187928322253], [-18.725084165162887, -456.61915317261526]]]}, "properties": {"id": 649, "height_median_m": 8.0, "building_count": 2, "area_m2": 96.62610978366936}}, {"type": "Feature", "geometry": {"type": "Polygon", "coordinates": [[[0.8725068330950781, -435.3249195071449], [8.248166236577505, -438.49511519996], [7.662864161570305, -439.8303911294839], [11.56652635049174, -441.5001911292079], [8.943293860015471, -447.4846893100352], [4.9590382383639735, -445.78041529400616], [3.4840474712312712, -449.3857325041371], [-3.898354835157166, -446.09059651224686], [0.8725068330950781, -435.3249195071449]]]}, "properties": {"id": 650, "height_median_m": 3.0, "building_count": 1, "area_m2": 122.84863630874008}}, {"type": "Feature", "geometry": {"type": "Polygon", "coordinates": [[[-4.6709235725183795, -424.8107195440297], [-12.512045434956777, -414.5720193880598], [-5.231565076453856, -408.7948760626714], [2.7136138051670655, -419.03471599606013], [-4.6709235725183795, -424.8107195440297]]]}, "properties": {"id": 651, "height_median_m": 3.0, "building_count": 1, "area_m2": 120.67490117620181}}, {"type": "Feature", "geometry": {"type": "Polygon", "coordinates": [[[-108.37253755883016, -397.3026413128396], [-107.24867148155955, -392.1747889251175], [-104.53061839348203, -392.7653428939367], [-104.44357237005772, -392.16959687604924], [-104.41856549414038, -392.17501294977944], [-103.83367055525662, -389.50631872700006], [-102.77442499913047, -389.72600095360696], [-102.2091234009424, -385.5346451415226], [-93.71859953834856, -386.26101315526495], [-93.94643552900506, -388.7299324586049], [-94.0422708110981, -389.6044658062289], [-94.0422708110981, -394.0421660773771], [-84.14311842039079, -395.1175651855939], [-83.17727417326282, -387.5057371981605], [-80.64077770541853, -387.96257588705265], [-80.83425915575084, -389.83851708165065], [-75.65375559125098, -390.5074896640604], [-76.6213679811256, -398.1109548491207], [-80.3363382565943, -397.5533805951593], [-80.9210257897822, -401.55500243771905], [-85.80759213169087, -400.90686619208344], [-85.58111001772154, -399.22764375805474], [-96.85433808410907, -397.87405839649045], [-97.92918725317331, -402.91448970561265], [-107.39619188306906, -400.8747255189286], [-106.72549021137186, -397.7052287920301], [-108.37253755883016, -397.3026413128396]]]}, "properties": {"id": 652, "height_median_m": 3.0, "building_count": 5, "area_m2": 298.9153536309969}}, {"type": "Feature", "geometry": {"type": "Polygon", "coordinates": [[[-127.49632222455806, -389.4344136664209], [-128.5125078260915, -389.6000043726532], [-135.7194053800449, -389.95232050048133], [-135.83894799996236, -386.1342691816684], [-127.73432786631037, -385.7693461388898], [-127.49632222455806, -389.4344136664209]]]}, "properties": {"id": 653, "height_median_m": 3.0, "building_count": 1, "area_m2": 31.0421379617786}}, {"type": "Feature", "geometry": {"type": "Polygon", "coordinates": [[[-364.8113593899664, -378.24674575280756], [-363.8765162426127, -375.3523676047514], [-362.7094552767692, -375.6851761840692], [-361.45454594768205, -371.62942802497747], [-358.79835785266624, -374.65926865553485], [-356.2683816165122, -367.54077884331195], [-356.15408025262485, -367.20178975302355], [-356.1486210830005, -367.20381356849], [-354.803801459316, -363.4199500468984], [-352.93269970317147, -358.08416438063966], [-351.3219481556703, -358.6314571316861], [-348.00676647182115, -359.7578722555997], [-347.68534819350424, -359.8670820800755], [-347.6860982681921, -359.8692685866997], [-343.1983746235753, -361.427232055235], [-346.54452698050164, -371.32722274941057], [-348.0355670042766, -370.823285472357], [-350.2732747439453, -379.33159087258156], [-348.2688821567664, -380.017497506761], [-349.0972611867971, -382.3797703968743], [-347.3864694745076, -382.90015786633694], [-347.8954688046345, -384.3516616773732], [-348.58356884152784, -386.5755358601854], [-354.8078167554483, -384.58260161256317], [-354.45272333786426, -383.3674657529301], [-355.53565230283544, -383.3674657529301], [-355.5236353602469, -383.32908504521623], [-360.3864033579746, -381.6976657527956], [-360.80359460197496, -381.6976657527956], [-360.45996236704286, -380.58446575283773], [-364.17997850953776, -380.58446575283773], [-363.6676228468016, -378.24674575280756], [-364.8113593899664, -378.24674575280756]]]}, "properties": {"id": 654, "height_median_m": 3.0, "building_count": 6, "area_m2": 294.0961050109497}}, {"type": "Feature", "geometry": {"type": "Polygon", "coordinates": [[[-420.8988035866595, -379.00362664549823], [-425.470377936823, -377.5695926662983], [-424.18894352073534, -373.4502648602433], [-419.61736917057186, -374.88429883944326], [-420.8988035866595, -379.00362664549823]]]}, "properties": {"id": 655, "height_median_m": 3.0, "building_count": 1, "area_m2": 20.669433832862236}}, {"type": "Feature", "geometry": {"type": "Polygon", "coordinates": [[[-158.22908102661944, -358.36623151302285], [-156.17840720376174, -358.57888125681666], [-156.17824263750597, -358.57756724343324], [-153.7351464704934, -358.91197994876643], [-153.5401583575683, -357.466265724282], [-148.65641672925483, -358.11402731020814], [-149.71117869258833, -367.25787562422727], [-153.81743280128737, -366.8563992505806], [-153.62176044548724, -364.8476166202765], [-160.5624880420182, -364.06705777023126], [-159.88431010419293, -358.9098650690275], [-158.32501001482763, -359.13219640527984], [-158.22908102661944, -358.36623151302285]]]}, "properties": {"id": 656, "height_median_m": 3.0, "building_count": 1, "area_m2": 79.58519233933825}}, {"type": "Feature", "geometry": {"type": "Polygon", "coordinates": [[[-404.7728162588392, -357.8428010392728], [-414.7219975120718, -355.2146677983157], [-412.59873544218135, -346.85895204639934], [-402.64993979982677, -349.3675274544273], [-402.86071042144545, -350.2089983154766], [-395.22783118616456, -352.38565212279843], [-396.48728568289425, -356.95673190532455], [-404.0133021125347, -354.81055196318374], [-404.7728162588392, -357.8428010392728]]]}, "properties": {"id": 657, "height_median_m": 3.0, "building_count": 2, "area_m2": 126.54692031660164}}, {"type": "Feature", "geometry": {"type": "Polygon", "coordinates": [[[-383.65658016834163, -349.6959506246677], [-377.3705375929953, -344.2270657492205], [-373.6963592466796, -348.54510088071373], [-379.98240182202585, -354.01398575616093], [-383.65658016834163, -349.6959506246677]]]}, "properties": {"id": 658, "height_median_m": 3.0, "building_count": 1, "area_m2": 47.237011066269126}}, {"type": "Feature", "geometry": {"type": "Polygon", "coordinates": [[[-49.949835338140446, -348.98418241838266], [-54.362773139795834, -346.5318589115796], [-51.59472128225334, -341.35365640015885], [-47.07049884411919, -343.80496799689996], [-49.949835338140446, -348.98418241838266]]]}, "properties": {"id": 659, "height_median_m": 3.0, "building_count": 1, "area_m2": 30.06465664093549}}, {"type": "Feature", "geometry": {"type": "Polygon", "coordinates": [[[-195.8208800370885, -350.870559893688], [-201.23431705909795, -348.2241490686694], [-194.88263263218948, -335.13606105529175], [-189.62936455107896, -337.50799662861897], [-189.72530706456317, -337.9457525640725], [-187.8121152154509, -338.74976713958745], [-189.46969492923762, -342.5312782400131], [-191.39358094417474, -341.55593432099374], [-195.8208800370885, -350.870559893688]]]}, "properties": {"id": 660, "height_median_m": 6.0, "building_count": 2, "area_m2": 95.77812280258345}}, {"type": "Feature", "geometry": {"type": "Polygon", "coordinates": [[[-188.809459396304, -310.5606507437769], [-183.84226557527762, -311.977136057987], [-185.98458552037195, -319.55256076196906], [-190.9517793413983, -318.13607544775886], [-188.809459396304, -310.5606507437769]]]}, "properties": {"id": 661, "height_median_m": 3.0, "building_count": 1, "area_m2": 40.6631675218355}}, {"type": "Feature", "geometry": {"type": "Polygon", "coordinates": [[[-384.60910781176557, -120.5564034837343], [-384.60910781176557, -120.55640348373431], [-380.4892483339604, -121.73125605778658], [-381.6173725177616, -125.72039868360984], [-383.8522834637595, -126.20597990161694], [-384.9091109280191, -126.56762810051977], [-386.62160250192085, -126.11684533191841], [-385.0692395749997, -120.42518857474258], [-384.60910781176557, -120.5564034837343]]]}, "properties": {"id": 662, "height_median_m": 3.0, "building_count": 1, "area_m2": 25.12511558199404}}, {"type": "Feature", "geometry": {"type": "Polygon", "coordinates": [[[-378.9887199788833, -115.23661953262078], [-382.687379412631, -111.14550777413918], [-378.70612177359556, -107.64491388291616], [-381.01639738621924, -99.73911049962575], [-383.8518463223926, -96.32510758810166], [-379.66893324604087, -92.79078625455358], [-377.1748083244285, -87.89109909492332], [-373.0436390475416, -89.8545620414896], [-374.8907254750943, -93.93672078554613], [-378.4572431973002, -92.3308410800838], [-374.9257329470276, -104.16396212979035], [-378.5964218911524, -105.37600402890533], [-373.8891851198781, -110.40983097145352], [-378.9887199788833, -115.23661953262078]]]}, "properties": {"id": 663, "height_median_m": 3.0, "building_count": 4, "area_m2": 119.63611292595928}}, {"type": "Feature", "geometry": {"type": "Polygon", "coordinates": [[[11.486819241613844, -112.99834889734241], [13.221377089037128, -110.0305053147875], [15.586115252549885, -111.37920117821747], [14.017951528452812, -114.06234296649863], [18.31557476069952, -116.73625961221637], [15.644997747114719, -121.17871290195828], [15.047367634691222, -120.95147949653705], [8.970743859900542, -117.1920557868191], [9.925354365889586, -115.55870889760612], [11.486819241613844, -112.99834889734241]]]}, "properties": {"id": 664, "height_median_m": 6.0, "building_count": 2, "area_m2": 49.66222957076971}}, {"type": "Feature", "geometry": {"type": "Polygon", "coordinates": [[[-360.8636916127801, 39.565505768456426], [-362.1350424564298, 35.54958140219586], [-358.3260653106568, 34.32412629544923], [-360.10105756152666, 28.88278589703312], [-361.21386417480426, 29.20012286501369], [-367.49861049703856, 31.315517426726434], [-365.15148831205954, 38.88179343854445], [-364.55460806180736, 40.651990101794894], [-360.8636916127801, 39.565505768456426]]]}, "properties": {"id": 665, "height_median_m": 3.0, "building_count": 1, "area_m2": 60.90366973028819}}, {"type": "Feature", "geometry": {"type": "Polygon", "coordinates": [[[-275.88352890271005, 87.61827060050398], [-270.3387561512447, 89.7686922794431], [-269.2833666475553, 86.8794432685426], [-267.1715927004563, 81.09822148590031], [-272.60164019715893, 78.94931542575907], [-272.89809190301327, 79.73834212646157], [-276.8993456464243, 78.29118212656246], [-279.1919841077056, 84.39319781741393], [-275.20019237397673, 85.94799238436137], [-275.88352890271005, 87.61827060050398]]]}, "properties": {"id": 666, "height_median_m": 3.0, "building_count": 1, "area_m2": 82.34729192006334}}, {"type": "Feature", "geometry": {"type": "Polygon", "coordinates": [[[-262.1903032725694, 87.16840263084855], [-262.9106912293319, 100.55080907800769], [-256.746684792997, 100.92747581693713], [-256.0258620175997, 87.41953150420534], [-262.1903032725694, 87.16840263084855]]]}, "properties": {"id": 667, "height_median_m": 3.0, "building_count": 1, "area_m2": 83.10526712954473}}, {"type": "Feature", "geometry": {"type": "Polygon", "coordinates": [[[-431.0456173699447, 133.59508241277584], [-421.9408190543173, 137.1723421566237], [-415.74290063463116, 139.64677038108653], [-415.26409739580646, 138.22676042772449], [-410.967377366447, 139.86047718046723], [-409.7522783170664, 136.5340050920838], [-428.57919499375464, 129.19010452688792], [-427.7009842972908, 126.96399171248194], [-435.18319662340775, 124.03779046709943], [-436.9062014844602, 128.36163574036368], [-430.06989564035, 131.03523090232397], [-431.0456173699447, 133.59508241277584]]]}, "properties": {"id": 668, "height_median_m": 3.0, "building_count": 1, "area_m2": 134.55489432952834}}, {"type": "Feature", "geometry": {"type": "Polygon", "coordinates": [[[-292.55062117943964, 147.322456832047], [-291.9646465672533, 149.104870458192], [-291.98463743581425, 149.1123580214198], [-291.85633783183897, 149.43432323962364], [-291.74584836612155, 149.77040935179394], [-291.72545499361956, 149.76277103104914], [-290.756552027688, 152.1942131024101], [-288.62280236408856, 151.5304196014305], [-288.2277792393102, 152.6568996121537], [-286.65594874240014, 152.096604680993], [-285.1909628372269, 155.88436129496029], [-281.8085604211428, 154.64422129675918], [-283.17416841148844, 150.86120779249322], [-281.3156258957408, 150.19173780736475], [-282.1473971523141, 147.9779211304732], [-283.9943686426514, 148.64322308911053], [-284.7765860721192, 146.4125883655854], [-284.782525580481, 146.41481300351273], [-285.8525819912602, 143.52979653237884], [-289.4511064742622, 144.76121787820543], [-288.9598350904217, 145.9940533146681], [-292.55062117943964, 147.322456832047]]]}, "properties": {"id": 669, "height_median_m": 3.0, "building_count": 2, "area_m2": 71.19778240575724}}, {"type": "Feature", "geometry": {"type": "Polygon", "coordinates": [[[-280.8103959989365, 156.51702783593635], [-283.0321835565244, 160.11844686026942], [-275.79671535912235, 164.48784065838728], [-273.5749278019398, 160.88642163403773], [-280.8103959989365, 156.51702783593635]]]}, "properties": {"id": 670, "height_median_m": 3.0, "building_count": 1, "area_m2": 35.76581758936648}}, {"type": "Feature", "geometry": {"type": "Polygon", "coordinates": [[[-393.2103152560591, 160.87458967290706], [-391.84984969851786, 163.20235808947223], [-391.85863325884674, 163.20700111737546], [-391.6631811887416, 163.5217495353019], [-391.49631499487134, 163.80725904616781], [-391.1365781032958, 163.61710057251145], [-389.62566708856303, 167.0640097778091], [-387.97057913020717, 169.8329492449337], [-383.5418733301266, 167.1741583007122], [-381.67652833578836, 175.78186485121518], [-372.50201766941433, 173.7369579548015], [-374.7979580432483, 163.26129402333913], [-384.74948714397595, 165.34891430919095], [-387.0525567818981, 161.06267787417852], [-388.4842154313497, 158.29904868564094], [-390.8469492785609, 159.58243223746211], [-392.704380972101, 160.5860370171344], [-393.2103152560591, 160.87458967290706]]]}, "properties": {"id": 671, "height_median_m": 3.0, "building_count": 3, "area_m2": 154.57690113136695}}, {"type": "Feature", "geometry": {"type": "Polygon", "coordinates": [[[-357.871807887608, 161.38528378621427], [-363.8320264779271, 160.3780753013019], [-364.4457633833597, 163.73842470795788], [-358.48554479303175, 164.745633193319], [-357.871807887608, 161.38528378621427]]]}, "properties": {"id": 672, "height_median_m": 3.0, "building_count": 1, "area_m2": 20.646578023659814}}, {"type": "Feature", "geometry": {"type": "Polygon", "coordinates": [[[-270.1082672532647, 189.0558374271704], [-267.7400976173008, 189.84008753098644], [-268.9265672594121, 193.51352923634718], [-270.089032443559, 197.18550718147785], [-275.548302406322, 195.40629604863182], [-278.01562367192673, 202.74822330459338], [-271.5961136724754, 204.85811299637905], [-269.3760560561217, 198.47216519707908], [-265.8334786722171, 199.6267139122595], [-263.68988643294267, 193.18044453835236], [-261.83705581186325, 193.84785702829944], [-260.74728602107285, 190.61587398439983], [-259.7535253569059, 187.7190100975271], [-268.7194477134508, 184.83133551269867], [-270.1082672532647, 189.0558374271704]]]}, "properties": {"id": 673, "height_median_m": 3.0, "building_count": 1, "area_m2": 139.76618836850534}}, {"type": "Feature", "geometry": {"type": "Polygon", "coordinates": [[[-372.5261942779947, 208.04845215389045], [-373.986401129701, 197.22193671615125], [-379.2578640672761, 198.11749179348095], [-379.0236355996816, 200.12132653430436], [-377.8032494815199, 208.82170684923537], [-373.5488556814691, 208.21509811224752], [-372.5261942779947, 208.04845215389045]]]}, "properties": {"id": 674, "height_median_m": 3.0, "building_count": 1, "area_m2": 58.24349469647219}}, {"type": "Feature", "geometry": {"type": "Polygon", "coordinates": [[[-409.5174095370834, 217.74374566496437], [-408.8305721403442, 218.68389347890152], [-404.8342864634884, 216.33954618967056], [-408.4537422221872, 210.42558624112982], [-406.40476716425445, 209.09003798662945], [-408.32560784459235, 205.94040348532977], [-412.6254596601032, 208.57220585658925], [-414.3884195411366, 209.6447177530282], [-410.4028600043187, 216.1726205946712], [-409.5174095370834, 217.74374566496437]]]}, "properties": {"id": 675, "height_median_m": 3.0, "building_count": 1, "area_m2": 58.81714630187441}}, {"type": "Feature", "geometry": {"type": "Polygon", "coordinates": [[[-85.07060555143566, 278.58125585402956], [-84.95967869646627, 272.76082020419886], [-90.43485354844603, 272.6333634441744], [-90.6567079633435, 278.453817588925], [-85.07060555143566, 278.58125585402956]]]}, "properties": {"id": 676, "height_median_m": 3.0, "building_count": 1, "area_m2": 32.21198347659213}}, {"type": "Feature", "geometry": {"type": "Polygon", "coordinates": [[[-387.9012442898208, 316.98695694239206], [-394.8107868019618, 318.7110405230872], [-393.3787970965845, 324.61652268995397], [-390.1121906844733, 323.87129708768265], [-380.1091353947963, 321.45094955255826], [-381.1491750776365, 317.1010192200596], [-387.4479913249382, 318.53799648068895], [-387.9012442898208, 316.98695694239206]]]}, "properties": {"id": 677, "height_median_m": 3.0, "building_count": 1, "area_m2": 73.22918820428711}}, {"type": "Feature", "geometry": {"type": "Polygon", "coordinates": [[[-380.4646133744567, 313.3242527850081], [-373.8801771875271, 309.485458175783], [-366.1884548469847, 316.88829787405876], [-365.1276460713048, 315.89826893614116], [-365.11082415105346, 315.9161989882349], [-364.863734962156, 315.65196664199976], [-364.61589136512663, 315.42065979503343], [-364.6316891283867, 315.4038213655328], [-358.8541771770213, 309.22546307667915], [-358.85135716507114, 309.22822025668177], [-358.6084332780964, 308.9626693572307], [-358.375947802534, 308.7140539364284], [-358.3786156686425, 308.7114455123458], [-353.69365875625004, 303.5901108528826], [-357.5096898529842, 299.8773929955054], [-358.8041982554649, 301.2485309453171], [-361.62559216086413, 298.772926051792], [-364.3504743827535, 301.7701171160766], [-364.35520253309085, 301.7656869292375], [-364.4510738450783, 301.875044695708], [-368.5427184121934, 297.9856894254782], [-372.38868347428115, 302.13554149742237], [-375.3606821961184, 305.0413218943376], [-374.72541624974764, 305.7159777631216], [-382.07154526142835, 310.5042789869204], [-380.4646133744567, 313.3242527850081]]]}, "properties": {"id": 678, "height_median_m": 3.0, "building_count": 6, "area_m2": 249.9938275347613}}, {"type": "Feature", "geometry": {"type": "Polygon", "coordinates": [[[-335.1418179526321, 335.16491845612717], [-335.1328230981247, 335.09651723657794], [-327.83352808030594, 336.18253091896884], [-327.83423747555804, 336.18783559347077], [-327.4897451864064, 336.2336800951064], [-327.14107413766396, 336.2855565473752], [-327.140354655715, 336.28017644715896], [-321.2852504306682, 337.05936467190276], [-320.0200838995232, 327.67895054551553], [-325.51327156171186, 327.0076011222421], [-324.5432543973254, 320.36876985830304], [-322.04940319080566, 320.697000714585], [-321.79251889788856, 317.7667923026572], [-323.7443499923086, 317.5441523028107], [-323.6457814526289, 316.4198081011079], [-327.0727136118921, 316.14059330284755], [-327.36489627659205, 319.14015580588466], [-331.84992972634836, 318.6952902237443], [-332.1395865665248, 321.3385188931019], [-333.9859247901877, 321.00598196896266], [-333.9881939092399, 321.0232374465576], [-337.40141995669165, 320.578280532881], [-339.3520781356092, 334.63130424579094], [-338.9759365492828, 334.6789769517139], [-335.47601121982296, 335.1225623383051], [-335.1418179526321, 335.16491845612717]]]}, "properties": {"id": 679, "height_median_m": 6.0, "building_count": 4, "area_m2": 268.7265575124474}}, {"type": "Feature", "geometry": {"type": "Polygon", "coordinates": [[[-353.19575562147287, 361.0337008317458], [-344.25231037883935, 376.2200869142271], [-338.1288151959036, 372.5800673590858], [-334.29204738973544, 378.6585332196742], [-333.8685204222534, 378.4169804431256], [-332.9534954443515, 378.31260606263544], [-330.3798465340629, 377.8609613755561], [-328.2416219580318, 377.1436043425809], [-333.01396072273633, 370.6348619478855], [-333.5109165536538, 369.9546253446567], [-333.82342279271717, 369.5981580790585], [-336.78321646171804, 371.62385117618607], [-342.6352524189412, 362.4316949271225], [-340.5264804333016, 361.1656853723175], [-343.63465514601137, 355.9657516830016], [-346.35678129659976, 351.5470204694118], [-353.09792974242686, 355.69687830703447], [-350.7586910282876, 359.5881567346223], [-353.19575562147287, 361.0337008317458]]]}, "properties": {"id": 680, "height_median_m": 3.0, "building_count": 3, "area_m2": 248.8702522226242}}, {"type": "Feature", "geometry": {"type": "Polygon", "coordinates": [[[-297.3194235557502, 372.1602273032135], [-292.6172191017435, 374.06731181148484], [-291.9032172719615, 374.2709223697725], [-287.98021248906366, 364.28853441707497], [-285.320751892667, 357.28798020151373], [-291.43614865521414, 354.7966713643449], [-293.9371681378911, 361.4898824679583], [-297.0850276926975, 360.38505885513644], [-297.4135621886243, 361.1345593659014], [-300.85533876493315, 370.0256583166834], [-297.16834060638837, 371.6432188187801], [-297.3194235557502, 372.1602273032135]]]}, "properties": {"id": 681, "height_median_m": 3.0, "building_count": 1, "area_m2": 154.86987821661344}}, {"type": "Feature", "geometry": {"type": "Polygon", "coordinates": [[[-236.07829307468447, 383.0497121777885], [-230.6815434490605, 393.46742927263745], [-220.49747469663077, 388.13323631656937], [-225.89422432225481, 377.7155192217204], [-236.07829307468447, 383.0497121777885]]]}, "properties": {"id": 682, "height_median_m": 6.0, "building_count": 2, "area_m2": 134.8820509759706}}, {"type": "Feature", "geometry": {"type": "Polygon", "coordinates": [[[-289.836481029471, 393.8270049256545], [-289.3526906725954, 394.93069761098207], [-292.8659866423166, 396.4891776110206], [-291.316844416771, 400.0233053958351], [-287.2979426211742, 398.26013206992394], [-281.72672375115593, 410.1756370735689], [-284.46019160381155, 411.1500094276525], [-281.1966660192351, 420.2764174463232], [-276.57344800310545, 418.51855827159017], [-276.19817741458286, 419.3746799315975], [-268.05429759188263, 416.3586086549987], [-268.73779009939125, 414.3538172848726], [-262.7789687203714, 412.125271870291], [-265.7485893154003, 403.8988153102019], [-272.1301089443348, 406.2469520108867], [-277.6249129462215, 408.28194281151656], [-284.7183502822436, 392.6387846514982], [-286.8740640502496, 393.64472420510447], [-287.3637113219916, 392.63937531032894], [-289.836481029471, 393.8270049256545]]]}, "properties": {"id": 683, "height_median_m": 3.0, "building_count": 2, "area_m2": 298.0512651086825}}, {"type": "Feature", "geometry": {"type": "Polygon", "coordinates": [[[-240.00829304510563, 405.8421870903498], [-240.00829304509938, 405.8421870903895], [-243.3263686234407, 406.39878083665377], [-242.33813375126, 412.66129369792424], [-240.617284376554, 412.3472256161696], [-238.68096656928756, 412.04257673056424], [-238.32821617401348, 411.99786865672644], [-238.4084511195635, 411.48941424714116], [-235.00250585954115, 411.48941424714116], [-235.99975596618097, 405.1697712229186], [-236.18103136002372, 405.2001794363877], [-239.66618322245915, 405.78479955254676], [-240.00829304510563, 405.8421870903498]]]}, "properties": {"id": 684, "height_median_m": 6.0, "building_count": 2, "area_m2": 46.29343352666314}}, {"type": "Feature", "geometry": {"type": "Polygon", "coordinates": [[[-275.3176638347557, 432.70036562377976], [-269.7313203274379, 431.63833424728796], [-264.5891293365716, 431.63833424728796], [-264.5295019799588, 431.81970833869076], [-257.3462428119133, 429.9852875939515], [-257.5411698339873, 429.0958960419675], [-257.53487826031323, 429.09431296294576], [-257.6145406866814, 428.7611275945063], [-258.3528467157738, 425.3924661433281], [-256.4699037770294, 424.8555108488378], [-257.2919597318678, 421.1047244552341], [-259.37032257702106, 421.3681390427665], [-262.6827380930579, 421.87192320182476], [-262.48050371865617, 422.67931434444296], [-266.78009080331395, 423.6824912916406], [-266.34726375898157, 425.3007757243757], [-276.31806945272933, 426.99468987493435], [-275.3176638347557, 432.70036562377976]]]}, "properties": {"id": 685, "height_median_m": 3.0, "building_count": 3, "area_m2": 135.64880069900946}}, {"type": "Feature", "geometry": {"type": "Polygon", "coordinates": [[[-297.05935665151384, 431.35953604508506], [-300.4146581803152, 435.6971428141572], [-294.4704686591642, 440.1394563930057], [-293.0242244861877, 441.2392503372624], [-289.6681692136801, 436.9006691568671], [-292.87851128184246, 434.45936994091863], [-297.05935665151384, 431.35953604508506]]]}, "properties": {"id": 686, "height_median_m": 3.0, "building_count": 1, "area_m2": 50.72915331452162}}, {"type": "Feature", "geometry": {"type": "Polygon", "coordinates": [[[-170.6032401648856, 447.60974830439886], [-166.94248543194118, 446.9956715175962], [-163.28199117389698, 446.38163842396716], [-163.9212650289302, 442.3710269355862], [-164.06336374740638, 441.2364102611014], [-171.50501055649244, 442.4666249949618], [-170.6032401648856, 447.60974830439886]]]}, "properties": {"id": 687, "height_median_m": 3.0, "building_count": 1, "area_m2": 38.92817911962686}}, {"type": "Feature", "geometry": {"type": "Polygon", "coordinates": [[[-417.53402336914013, 442.806658805107], [-416.05031077634237, 451.02703363193814], [-412.6112851220293, 450.8091001934702], [-412.7080446782908, 453.56837424728826], [-411.6042408191302, 453.56837424728826], [-410.6526427869293, 453.7854665831455], [-405.30833800312007, 454.54747925186314], [-403.1752302526592, 455.2233618325334], [-402.3084712771524, 455.4705338586297], [-402.541200499201, 451.0903148812279], [-402.4868545981856, 451.0854208649177], [-402.58572969998676, 450.29593211795316], [-398.7944808566391, 449.9755933632688], [-399.53422183865257, 440.57322627208634], [-411.86430668533023, 442.3592057474268], [-411.9640902868442, 441.7901037106455], [-417.53402336914013, 442.806658805107]]]}, "properties": {"id": 688, "height_median_m": 3.0, "building_count": 2, "area_m2": 195.2796445041855}}, {"type": "Feature", "geometry": {"type": "Polygon", "coordinates": [[[-429.3140353953808, 463.480218965664], [-419.33787308099284, 469.169985831434], [-416.34065668108747, 463.86488580255], [-415.84949878529613, 463.11788541459526], [-425.8366258125019, 457.4218649757862], [-426.70056554084897, 458.8296824983998], [-429.3140353953808, 463.480218965664]]]}, "properties": {"id": 689, "height_median_m": 3.0, "building_count": 1, "area_m2": 80.25474705891159}}, {"type": "Feature", "geometry": {"type": "Polygon", "coordinates": [[[-410.5940994043442, 474.21883535132775], [-408.0672340444619, 478.3021301741446], [-402.9862780004708, 475.15228958035976], [-406.37679113706184, 469.53822748066807], [-411.4566179675616, 472.81333366241756], [-410.5940994043442, 474.21883535132775]]]}, "properties": {"id": 690, "height_median_m": 6.0, "building_count": 1, "area_m2": 39.10835132082508}}, {"type": "Feature", "geometry": {"type": "Polygon", "coordinates": [[[-172.9949366060315, 490.7445241091552], [-164.85985971965638, 490.8605173375862], [-159.97778741670066, 490.9718942469797], [-156.2133414731189, 490.9718942469797], [-156.1053517410202, 483.8274012018485], [-159.67497370335965, 483.7040142473469], [-164.3081902088524, 483.7040142473469], [-164.3081902088524, 483.1563701851562], [-168.57104854196757, 483.04585824972116], [-168.4743266863451, 481.94257866516324], [-173.41874598865704, 481.680254805356], [-172.9949366060315, 490.7445241091552]]]}, "properties": {"id": 691, "height_median_m": 6.0, "building_count": 2, "area_m2": 133.3696783490637}}, {"type": "Feature", "geometry": {"type": "Polygon", "coordinates": [[[-295.61843041297857, 592.9129298144147], [-291.1621487981305, 600.4166388989362], [-284.5082456322821, 596.499258679969], [-288.96452724713026, 588.9955495954475], [-295.61843041297857, 592.9129298144147]]]}, "properties": {"id": 692, "height_median_m": 3.0, "building_count": 1, "area_m2": 67.38590308125542}}, {"type": "Feature", "geometry": {"type": "Polygon", "coordinates": [[[-175.8687677901098, 676.1719295285901], [-170.64624523908506, 685.4651423564968], [-166.329697850555, 683.0032589659202], [-171.55222040159555, 673.7100461375622], [-175.8687677901098, 676.1719295285901]]]}, "properties": {"id": 693, "height_median_m": 3.0, "building_count": 1, "area_m2": 52.97183509073276}}, {"type": "Feature", "geometry": {"type": "Polygon", "coordinates": [[[-159.78693348605165, 700.8491439957066], [-156.86430006407562, 701.4289296463667], [-156.05266533564617, 697.0643996538548], [-159.09157372902806, 696.486666462143], [-159.78693348605165, 700.8491439957066]]]}, "properties": {"id": 694, "height_median_m": 3.0, "building_count": 1, "area_m2": 13.4426987004761}}, {"type": "Feature", "geometry": {"type": "Polygon", "coordinates": [[[-110.64017365706734, 740.9444587928701], [-110.5406740166217, 740.6039692894738], [-110.20798605370386, 737.5680652832065], [-115.27951270774602, 736.796738503733], [-115.72090715814768, 739.8176574973661], [-116.64810589161802, 746.3984668301806], [-112.41285156584122, 747.0023465831838], [-111.57061261977378, 747.194490339638], [-110.64017365706734, 740.9444587928701]]]}, "properties": {"id": 695, "height_median_m": 3.0, "building_count": 1, "area_m2": 50.0707776424203}}, {"type": "Feature", "geometry": {"type": "Polygon", "coordinates": [[[-35.5041970968259, 740.8625907941198], [-35.5041970968259, 743.1981178078605], [-40.881626273306665, 743.3096429976763], [-40.373636872029664, 761.1566884137247], [-29.328299024533507, 760.8001097487816], [-29.54504007850048, 753.8776542470455], [-30.325232301460243, 753.8776542470455], [-30.715876347168376, 740.7325454209441], [-35.5041970968259, 740.8625907941198]]]}, "properties": {"id": 696, "height_median_m": 3.0, "building_count": 1, "area_m2": 199.17232131265925}}, {"type": "Feature", "geometry": {"type": "Polygon", "coordinates": [[[-264.25664119809466, 874.9705132423132], [-264.68072103004175, 879.4450730029447], [-257.93804195833815, 880.0653301322886], [-257.54959300108874, 876.5205858731576], [-256.0167313868508, 876.7391475042589], [-255.6681699591733, 874.9499725890328], [-254.97630538483497, 871.3986136524234], [-252.58798481149827, 859.1393017491954], [-252.453683203948, 858.6031222352582], [-252.4823160339425, 858.5969011531661], [-252.42852189090536, 858.3207744114623], [-253.03983099039527, 858.1999806634567], [-253.07754865291784, 858.3882084732173], [-258.0728834902488, 857.5248689372988], [-258.83408509818184, 857.3077985070898], [-259.08194327334843, 859.1455109918031], [-261.7139122657802, 872.655476590963], [-263.91800918836975, 872.3953918303846], [-264.25664119809466, 874.9705132423132]]]}, "properties": {"id": 697, "height_median_m": 3.0, "building_count": 2, "area_m2": 151.50096107237346}}, {"type": "Feature", "geometry": {"type": "Polygon", "coordinates": [[[53.682207025286914, -576.5249363955054], [48.88119496587302, -573.7230663837869], [53.13807059601587, -566.4395151102652], [57.93908265505621, -569.2413851215448], [57.50082807477995, -569.9912425249811], [57.500828074779946, -569.9912425249811], [53.682207025286914, -576.5249363955054]]]}, "properties": {"id": 698, "height_median_m": 3.0, "building_count": 1, "area_m2": 46.89562966948505}}, {"type": "Feature", "geometry": {"type": "Polygon", "coordinates": [[[58.33995342846641, -577.0742797451054], [63.91502772109745, -576.4383463671984], [65.46125471405139, -589.4900117608082], [59.88618042104973, -590.1259451382605], [58.33995342846641, -577.0742797451054]]]}, "properties": {"id": 699, "height_median_m": 3.0, "building_count": 1, "area_m2": 73.7473015672581}}, {"type": "Feature", "geometry": {"type": "Polygon", "coordinates": [[[71.5768378662304, -552.5151395237515], [76.69063371624844, -559.0774514482907], [70.4695845736243, -563.849020426662], [65.46219510769598, -557.1650093054768], [71.5768378662304, -552.5151395237515]]]}, "properties": {"id": 700, "height_median_m": 3.0, "building_count": 1, "area_m2": 64.68967188726285}}, {"type": "Feature", "geometry": {"type": "Polygon", "coordinates": [[[135.49658472408913, -533.4173205638311], [134.41023592647906, -530.1954833250783], [144.55396361685436, -526.419790701434], [143.57590159826347, -523.7422344909417], [154.96678284891306, -519.4898933237453], [157.16002377588214, -525.4941402453292], [153.14530768573914, -526.9461692615279], [153.53510782944306, -528.1689135689232], [147.42509712268168, -530.4171461555742], [149.26093737262076, -535.1764471494996], [144.63294415624569, -536.8561367517583], [137.76925985264623, -539.4269240107676], [135.49658472408913, -533.4173205638311]]]}, "properties": {"id": 701, "height_median_m": 3.0, "building_count": 1, "area_m2": 200.92806204952376}}, {"type": "Feature", "geometry": {"type": "Polygon", "coordinates": [[[84.98814978086591, -522.4132839609977], [90.47652264122927, -521.8226768060941], [91.23454635295418, -521.6065126105672], [91.81053164290478, -526.5997929008133], [85.44117046796029, -527.2261166043096], [85.31554983190583, -525.6499045836911], [84.98814978086591, -522.4132839609977]]]}, "properties": {"id": 702, "height_median_m": 3.0, "building_count": 1, "area_m2": 30.87247163094861}}, {"type": "Feature", "geometry": {"type": "Polygon", "coordinates": [[[165.18310817945658, -511.5544106809206], [172.48102954087798, -516.0635354322761], [173.13126970326215, -516.3107724504478], [170.30410265215798, -521.0835824623754], [168.82686514599303, -520.2410603831861], [162.38134878996385, -516.1564920069143], [165.18310817945658, -511.5544106809206]]]}, "properties": {"id": 703, "height_median_m": 3.0, "building_count": 1, "area_m2": 50.56173189360118}}, {"type": "Feature", "geometry": {"type": "Polygon", "coordinates": [[[52.37981110790962, -476.9411445981901], [53.089127576650334, -473.435054260925], [58.07187941310303, -474.5495028600994], [59.144329623797454, -469.6562451273506], [66.37717941015026, -471.16686575294136], [66.86783800632749, -471.16686575294136], [65.2810420096352, -478.88959433934997], [61.729628979680854, -480.4385057526564], [61.12812119954393, -480.4385057526564], [57.730038676765375, -479.6404853310633], [52.37981110790962, -476.9411445981901]]]}, "properties": {"id": 704, "height_median_m": 3.0, "building_count": 1, "area_m2": 97.67441537363585}}, {"type": "Feature", "geometry": {"type": "Polygon", "coordinates": [[[121.07838723778305, -468.5695289507151], [124.35224182316246, -468.9429685315091], [129.09080089628233, -469.5435400749641], [128.12938376120314, -477.58572851929335], [124.22500816486847, -477.090882545424], [123.63833417146542, -476.86781492032384], [124.2056600029566, -472.0143177283703], [120.69878960844413, -471.600504915674], [121.07838723778305, -468.5695289507151]]]}, "properties": {"id": 705, "height_median_m": 3.0, "building_count": 1, "area_m2": 47.61750225887542}}, {"type": "Feature", "geometry": {"type": "Polygon", "coordinates": [[[89.65161588279939, -469.905219800128], [91.22360192842652, -468.0000285157184], [89.762684609774, -466.7779811912685], [92.44111325794393, -463.4571009430755], [94.6019417478693, -465.1717427350644], [94.73814016860563, -464.86102715534247], [94.93033901150935, -465.08026308465674], [97.42624949326002, -462.1237460750051], [99.76326382041597, -464.01199834487846], [104.20540537893903, -458.5396074632759], [102.74153205839276, -457.3150874632112], [105.62162204893976, -453.76702894325155], [111.53341970755193, -458.6713379257671], [103.2056591827857, -468.5139313963479], [100.93515544007477, -471.22716113921905], [100.76710679346725, -471.0902408069364], [94.49881593761766, -478.79890660589274], [89.27496164531364, -474.57815596251316], [91.70840552716362, -471.4693020192641], [89.65161588279939, -469.905219800128]]]}, "properties": {"id": 706, "height_median_m": 3.0, "building_count": 2, "area_m2": 207.73453311638713}}, {"type": "Feature", "geometry": {"type": "Polygon", "coordinates": [[[382.26514276708303, -446.58102007769213], [382.285248654869, -446.23700658711954], [382.285248654869, -445.88121946827187], [382.305988431383, -445.88214720521995], [382.50117154102156, -442.542547205346], [388.1777069428754, -442.7964714280079], [387.94358900172455, -446.80224978498495], [387.9825238332132, -446.80399142774814], [387.96241794545085, -447.1480049183369], [387.96241794545085, -447.5037920371676], [387.94167816896305, -447.5028643002223], [387.648903504852, -452.51226430023075], [381.97236810299563, -452.2583400780197], [382.3040775985975, -446.5827617204596], [382.26514276708303, -446.58102007769213]]]}, "properties": {"id": 707, "height_median_m": 3.0, "building_count": 3, "area_m2": 55.294973428099034}}, {"type": "Feature", "geometry": {"type": "Polygon", "coordinates": [[[418.25967187762944, -448.67455056390315], [414.5727268206384, -452.75270497247175], [409.37275212665935, -448.0569594805047], [413.0578252934604, -443.8534979606048], [418.25967187762944, -448.67455056390315]]]}, "properties": {"id": 708, "height_median_m": 3.0, "building_count": 1, "area_m2": 39.075474443160104}}, {"type": "Feature", "geometry": {"type": "Polygon", "coordinates": [[[476.03591869981096, -413.67697927367675], [472.99274922828516, -410.73975957433066], [479.5449382660694, -404.23023231401595], [482.47676190018313, -407.17317276567854], [476.03591869981096, -413.67697927367675]]]}, "properties": {"id": 709, "height_median_m": 3.0, "building_count": 1, "area_m2": 38.538922488658606}}, {"type": "Feature", "geometry": {"type": "Polygon", "coordinates": [[[1266.363864787439, -340.4736003222343], [1269.0510917275483, -333.36223007238465], [1275.8536608449695, -335.948731183657], [1273.1664339052427, -343.06010143350613], [1266.363864787439, -340.4736003222343]]]}, "properties": {"id": 710, "height_median_m": 3.0, "building_count": 1, "area_m2": 55.32610311187116}}, {"type": "Feature", "geometry": {"type": "Polygon", "coordinates": [[[1501.8411090556594, -311.14510904026764], [1508.442762594912, -308.3058063735695], [1511.7394860622899, -316.19068737443047], [1505.243675901721, -318.90753771427364], [1501.8411090556594, -311.14510904026764]]]}, "properties": {"id": 711, "height_median_m": 3.0, "building_count": 1, "area_m2": 60.54058812078609}}, {"type": "Feature", "geometry": {"type": "Polygon", "coordinates": [[[1740.1839194153536, -267.3844392484604], [1739.0558919460186, -259.1494960045434], [1742.9028554722183, -258.66192651600613], [1743.8018876560561, -258.4568262630915], [1743.8018876560561, -258.987865699484], [1744.6194081407286, -266.44805060143557], [1740.695007627735, -266.80145499366296], [1740.1839194153536, -267.3844392484604]]]}, "properties": {"id": 712, "height_median_m": 3.0, "building_count": 1, "area_m2": 36.591403560862794}}, {"type": "Feature", "geometry": {"type": "Polygon", "coordinates": [[[1215.2553821847778, -249.50456409088486], [1221.784598727991, -248.01502457580173], [1223.1325456418906, -253.14024437105994], [1216.490299523948, -254.75493543508216], [1215.2553821847778, -249.50456409088486]]]}, "properties": {"id": 713, "height_median_m": 3.0, "building_count": 1, "area_m2": 36.169879369203734}}, {"type": "Feature", "geometry": {"type": "Polygon", "coordinates": [[[1858.7997664010634, -219.35265022269036], [1867.0237941051275, -211.87166178122246], [1871.112028925086, -216.2829264346148], [1862.7803685455872, -223.76708675408756], [1858.7997664010634, -219.35265022269036]]]}, "properties": {"id": 714, "height_median_m": 3.0, "building_count": 1, "area_m2": 66.71672535884018}}, {"type": "Feature", "geometry": {"type": "Polygon", "coordinates": [[[1805.8474813990651, -193.42571749214255], [1810.7774580577766, -188.27085288369932], [1813.8627055161774, -191.18334130791993], [1815.475933561639, -192.76062544209833], [1813.6712004902956, -194.69057169340255], [1812.4472802408056, -195.80744540313938], [1810.9040839055729, -194.37721661978313], [1808.1597697138411, -197.28398287003927], [1806.053479713283, -195.13429974498388], [1805.1360106598167, -194.23727257927354], [1805.8474813990651, -193.42571749214255]]]}, "properties": {"id": 715, "height_median_m": 3.0, "building_count": 1, "area_m2": 45.137550345599834}}, {"type": "Feature", "geometry": {"type": "Polygon", "coordinates": [[[127.60638080187032, -188.11453263591466], [122.09241574678472, -185.59868137495144], [124.8207445447954, -179.4989074470082], [130.33421979254157, -182.14031661214307], [127.60638080187032, -188.11453263591466]]]}, "properties": {"id": 716, "height_median_m": 3.0, "building_count": 1, "area_m2": 40.32102040606154}}, {"type": "Feature", "geometry": {"type": "Polygon", "coordinates": [[[1817.8494736016614, -149.91984429322483], [1817.9624255644992, -144.76619651007914], [1822.0183411188887, -144.88794575291476], [1822.7534554237104, -144.88794575291476], [1822.7534554237104, -145.35319905807432], [1822.6478729835908, -150.05016339018516], [1817.8494736016614, -149.91984429322483]]]}, "properties": {"id": 717, "height_median_m": 3.0, "building_count": 1, "area_m2": 24.724398263199085}}, {"type": "Feature", "geometry": {"type": "Polygon", "coordinates": [[[1272.5809651950158, -122.79747335927883], [1273.01588644192, -126.14616654604035], [1273.2793675593714, -127.49862200442395], [1270.5781781902772, -127.88376854885215], [1268.968602081982, -128.16622995771397], [1268.1663649892155, -123.4600540083195], [1272.5809651950158, -122.79747335927883]]]}, "properties": {"id": 718, "height_median_m": 3.0, "building_count": 1, "area_m2": 20.80103772887335}}, {"type": "Feature", "geometry": {"type": "Polygon", "coordinates": [[[1353.2825389240577, -100.00300380928591], [1355.6484987076658, -96.76446157422228], [1358.5003709396517, -98.93316300720522], [1365.6747240158759, -103.55493053097881], [1363.4875134497156, -114.24732003377025], [1359.3470385415465, -112.22320899786301], [1360.81182239017, -109.32708873394635], [1356.3653383565495, -107.12187919637978], [1357.650765888775, -103.28706679308961], [1353.2825389240577, -100.00300380928591]]]}, "properties": {"id": 719, "height_median_m": 3.0, "building_count": 2, "area_m2": 96.58530837199588}}, {"type": "Feature", "geometry": {"type": "Polygon", "coordinates": [[[2194.201741588333, -99.10560926636327], [2197.2529996242097, -103.23062976679084], [2190.4467455828767, -108.32556223913568], [2187.3954875473923, -104.20054173869676], [2194.201741588333, -99.10560926636327]]]}, "properties": {"id": 720, "height_median_m": 3.0, "building_count": 1, "area_m2": 43.62189109832049}}, {"type": "Feature", "geometry": {"type": "Polygon", "coordinates": [[[109.9626197094402, -83.19229428649977], [112.62607522598054, -79.62579339551522], [116.01694622340196, -82.15991721924263], [113.35349070727446, -85.72641811022527], [109.9626197094402, -83.19229428649977]]]}, "properties": {"id": 721, "height_median_m": 3.0, "building_count": 1, "area_m2": 18.84307051162754}}, {"type": "Feature", "geometry": {"type": "Polygon", "coordinates": [[[264.37065552311554, -57.364480233836304], [272.5028391467431, -63.14843757488071], [275.3754271617039, -58.56108267242351], [275.6178507438658, -58.146293812182776], [275.62795172645434, -58.157815724965026], [276.5879313888038, -56.624784400110066], [279.2644747905819, -59.31147665362688], [281.40964072472394, -59.75637333217803], [278.13973268278914, -60.99967135939716], [281.32744690768413, -65.13734548237643], [280.1520173691333, -66.14293057081892], [283.91389897640454, -71.20419827567443], [281.6358386087501, -74.45234921552313], [277.37116140225436, -72.07937365810571], [274.1586379085547, -70.61359881171227], [272.8767692988533, -71.58839363586762], [272.4372117104604, -71.01537507454638], [272.43721171046053, -71.01537507454628], [269.9637132583297, -67.79085896585558], [261.3283629182761, -61.60590842187905], [264.37065552311554, -57.364480233836304]]]}, "properties": {"id": 722, "height_median_m": 3.0, "building_count": 4, "area_m2": 177.11842718228866}}, {"type": "Feature", "geometry": {"type": "Polygon", "coordinates": [[[299.32038036234604, -57.0907178996961], [296.57948821329694, -51.338031087494365], [299.8492908159419, -49.818493606125706], [302.5901829649729, -55.5711804178451], [299.32038036234604, -57.0907178996961]]]}, "properties": {"id": 723, "height_median_m": 3.0, "building_count": 1, "area_m2": 22.97503866341436}}, {"type": "Feature", "geometry": {"type": "Polygon", "coordinates": [[[2502.3060386992006, -42.85905380754566], [2503.711975468721, -49.89072012604381], [2497.852384084731, -51.02571769831714], [2496.4464473152084, -43.99405137937132], [2502.3060386992006, -42.85905380754566]]]}, "properties": {"id": 724, "height_median_m": 3.0, "building_count": 1, "area_m2": 42.7984261961456}}, {"type": "Feature", "geometry": {"type": "Polygon", "coordinates": [[[2253.0505111455495, -30.08377605918025], [2264.542779491154, -40.500681050676235], [2260.2829581168453, -43.95317174600308], [2249.458944278707, -34.05255247105157], [2253.0505111455495, -30.08377605918025]]]}, "properties": {"id": 725, "height_median_m": 3.0, "building_count": 1, "area_m2": 81.28396551001306}}, {"type": "Feature", "geometry": {"type": "Polygon", "coordinates": [[[258.40287158369773, -28.698930712289727], [266.4010108885392, -23.41704488692741], [270.2090440273144, -29.001825912031045], [262.2090361279387, -34.40501664252387], [258.40287158369773, -28.698930712289727]]]}, "properties": {"id": 726, "height_median_m": 3.0, "building_count": 1, "area_m2": 65.49780919229194}}, {"type": "Feature", "geometry": {"type": "Polygon", "coordinates": [[[2557.946326203998, 29.418294819673264], [2552.7627571160933, 26.273212602981655], [2547.0269521306586, 35.432957398121545], [2552.2074769749443, 38.701921954067465], [2557.946326203998, 29.418294819673264]]]}, "properties": {"id": 727, "height_median_m": 3.0, "building_count": 1, "area_m2": 66.18695198389655}}, {"type": "Feature", "geometry": {"type": "Polygon", "coordinates": [[[2563.370202925047, 25.535111735970723], [2564.7760361050964, 25.97245588383271], [2567.254919361091, 26.74361785427716], [2568.2449799012115, 23.637947142491324], [2564.358363267334, 22.294505747091502], [2563.370202925047, 25.535111735970723]]]}, "properties": {"id": 728, "height_median_m": 3.0, "building_count": 1, "area_m2": 13.591836464292788}}, {"type": "Feature", "geometry": {"type": "Polygon", "coordinates": [[[2947.832712659283, 53.7355331174094], [2942.1689925057217, 54.622261503474476], [2942.9398376739896, 60.6516228556183], [2951.074545648612, 59.58096468766056], [2951.194323274233, 60.01817121673179], [2960.2564062138176, 57.6142482979332], [2958.7192146636107, 51.477235996854596], [2947.9344945017883, 54.44664406145058], [2947.832712659283, 53.7355331174094]]]}, "properties": {"id": 729, "height_median_m": 3.0, "building_count": 2, "area_m2": 106.23111439216896}}, {"type": "Feature", "geometry": {"type": "Polygon", "coordinates": [[[2917.1232146468424, 122.522248103255], [2919.042691177313, 127.28761748250108], [2923.696514329368, 125.34548774061975], [2921.2379853945176, 119.58093650205257], [2923.767356971555, 118.82634977860982], [2921.2303963050617, 110.14482619163309], [2914.2142246464264, 112.11483329892296], [2917.203922320228, 122.48772522025276], [2917.1232146468424, 122.522248103255]]]}, "properties": {"id": 730, "height_median_m": 3.0, "building_count": 2, "area_m2": 98.69481424916691}}, {"type": "Feature", "geometry": {"type": "Polygon", "coordinates": [[[986.3209289154634, 131.98216177808027], [989.846753929006, 129.83719562558798], [988.8667618231186, 128.2722056003015], [991.3100516182868, 126.71148929001725], [988.782997821947, 122.78075196958612], [979.8048514215328, 128.61581125020692], [982.2283587886789, 132.43335487251846], [985.3494534452221, 130.4307723209715], [986.3209289154634, 131.98216177808027]]]}, "properties": {"id": 731, "height_median_m": 3.0, "building_count": 1, "area_m2": 56.81689370172727}}, {"type": "Feature", "geometry": {"type": "Polygon", "coordinates": [[[1614.4576369154852, 140.52490700896183], [1614.5926964844048, 142.98984672449333], [1623.8479593832096, 142.87122623433805], [1624.8009215766203, 140.47978720385942], [1628.363497043987, 141.24860132182664], [1630.3356137809617, 138.07278117013848], [1625.4031510113018, 134.94704533550953], [1622.8522371166932, 137.74041230430555], [1619.5074664713063, 138.16433317117605], [1617.2038319743615, 137.91407674644776], [1616.5081832696583, 140.4079569198649], [1614.4576369154852, 140.52490700896183]]]}, "properties": {"id": 732, "height_median_m": 3.0, "building_count": 1, "area_m2": 68.90108322481682}}, {"type": "Feature", "geometry": {"type": "Polygon", "coordinates": [[[2610.962345487786, 184.90675168285424], [2622.290997910131, 182.53569077157107], [2620.9698934957637, 176.50790101649815], [2609.751082353142, 178.87771380207084], [2610.962345487786, 184.90675168285424]]]}, "properties": {"id": 733, "height_median_m": 3.0, "building_count": 1, "area_m2": 70.9641291331079}}, {"type": "Feature", "geometry": {"type": "Polygon", "coordinates": [[[2660.035796762875, 204.73090340284574], [2665.1000357097214, 208.24711781350103], [2671.153179627891, 199.3186850914062], [2666.0889406806677, 195.80247068076048], [2660.035796762875, 204.73090340284574]]]}, "properties": {"id": 734, "height_median_m": 3.0, "building_count": 1, "area_m2": 66.49986860133404}}, {"type": "Feature", "geometry": {"type": "Polygon", "coordinates": [[[2826.26101643382, 229.4043403433624], [2829.3583460779178, 225.87130168060168], [2816.336749536262, 214.3831431224707], [2813.348568156551, 217.92277691207786], [2826.26101643382, 229.4043403433624]]]}, "properties": {"id": 735, "height_median_m": 3.0, "building_count": 1, "area_m2": 80.80137518742184}}, {"type": "Feature", "geometry": {"type": "Polygon", "coordinates": [[[2717.3491673329554, 231.44360562269918], [2717.3568241853955, 231.44659670516566], [2716.7712748571753, 233.00507670518058], [2723.889022242051, 235.78556249504516], [2723.40074544699, 237.01088307340834], [2728.9345278977175, 239.1570423986559], [2730.4592538000593, 235.2772598555277], [2725.5812374893203, 233.38542542103852], [2727.0447917885576, 229.7126659991308], [2719.269776522463, 226.67542425726856], [2717.6107200922625, 230.79426425756424], [2717.603043998344, 230.79126565858257], [2717.479779599932, 231.11934237284223], [2717.3491673329554, 231.44360562269918]]]}, "properties": {"id": 736, "height_median_m": 6.0, "building_count": 3, "area_m2": 79.59529440157871}}, {"type": "Feature", "geometry": {"type": "Polygon", "coordinates": [[[1027.1463352837047, 235.0721058238631], [1025.5471904903998, 243.09814778124263], [1031.7929825677172, 244.3480430602711], [1033.4995258907586, 236.19662628460773], [1027.1463352837047, 235.0721058238631]]]}, "properties": {"id": 737, "height_median_m": 6.0, "building_count": 1, "area_m2": 52.917150087243186}}, {"type": "Feature", "geometry": {"type": "Polygon", "coordinates": [[[1072.1120370381575, 259.0300540196567], [1074.7470090154866, 259.475334019716], [1074.746703196146, 259.4773398480097], [1075.0876153072397, 259.53289257097083], [1075.4373126647515, 259.59198740792294], [1075.4376266466652, 259.5899280424006], [1078.853331061877, 260.14652804257804], [1079.7395755380442, 254.33376864635986], [1075.9829590117674, 253.72161592322604], [1072.9982896768977, 253.21724108620973], [1072.1120370381575, 259.0300540196567]]]}, "properties": {"id": 738, "height_median_m": 6.0, "building_count": 2, "area_m2": 40.17587252776275}}, {"type": "Feature", "geometry": {"type": "Polygon", "coordinates": [[[1164.9529583155663, 261.86164968829854], [1171.5035747500579, 262.110719949576], [1172.0336920427965, 253.40318103015852], [1165.3772160032447, 253.02976173608073], [1164.9529583155663, 261.86164968829854]]]}, "properties": {"id": 739, "height_median_m": 3.0, "building_count": 1, "area_m2": 58.05973027315221}}, {"type": "Feature", "geometry": {"type": "Polygon", "coordinates": [[[1037.8083015170134, 263.78839059546885], [1039.755073737443, 264.8987053365385], [1039.755073737443, 264.8987053365386], [1042.2192998862545, 266.3041428035636], [1043.4016892465795, 266.76554667021065], [1043.5787175261135, 266.8552939081145], [1045.6440474594356, 267.6405822418559], [1049.375238843999, 269.0966052659162], [1050.248781769238, 269.29589053970193], [1051.2426908881891, 263.5012972596102], [1050.5558741102368, 263.3054390113996], [1046.7640574760912, 262.08550492452986], [1045.6203080334756, 261.65062375625547], [1042.4206630338251, 259.99164785952445], [1040.4009851731764, 258.8946045554751], [1034.663808877798, 254.33700948946645], [1031.6357877044256, 258.81439148717743], [1037.8266911532291, 263.74643749186134], [1037.8083015170134, 263.78839059546885]]]}, "properties": {"id": 740, "height_median_m": 3.0, "building_count": 4, "area_m2": 113.2233320717582}}, {"type": "Feature", "geometry": {"type": "Polygon", "coordinates": [[[1095.3252303275342, 262.9264978443185], [1089.8199997570218, 260.16344525937217], [1087.830752668781, 264.22390312303173], [1087.4708650464993, 264.6344170269016], [1093.0764153988857, 267.57570163730617], [1093.3217505956811, 267.0160074273428], [1095.3252303275342, 262.9264978443185]]]}, "properties": {"id": 741, "height_median_m": 3.0, "building_count": 1, "area_m2": 31.508766792427917}}, {"type": "Feature", "geometry": {"type": "Polygon", "coordinates": [[[2628.042874525604, 285.85657332898666], [2628.5307179357437, 286.85821851737944], [2623.348549430281, 289.42343757580534], [2624.3926790838673, 291.40845416447826], [2625.6230587535497, 293.832612725448], [2631.0071489511374, 291.1161873415693], [2635.9125940701806, 288.7351208684684], [2633.153536030214, 283.3219685925489], [2628.042874525604, 285.85657332898666]]]}, "properties": {"id": 742, "height_median_m": 6.0, "building_count": 2, "area_m2": 63.08364790227878}}, {"type": "Feature", "geometry": {"type": "Polygon", "coordinates": [[[3023.3033515009465, 292.2178147597428], [3019.16590427284, 292.48749888337807], [3021.7668444181872, 299.5336983449184], [3025.1073830518367, 299.110313849178], [3024.2863270015546, 296.768923762597], [3024.9814959418604, 296.4290837310142], [3023.3033515009465, 292.2178147597428]]]}, "properties": {"id": 743, "height_median_m": 3.0, "building_count": 1, "area_m2": 27.85291336588826}}, {"type": "Feature", "geometry": {"type": "Polygon", "coordinates": [[[2121.480657659091, 301.9474073040722], [2116.2566061587986, 300.04562057864297], [2112.1740991441166, 309.4786325324494], [2113.3862039425276, 309.93950405815934], [2117.9995387016997, 311.97266695374327], [2119.663622146958, 307.9530039890329], [2121.86719297265, 308.82728314805433], [2122.2286929048923, 308.20875361660035], [2123.345836391384, 305.2778755244671], [2120.606410753648, 304.3850791200777], [2121.480657659091, 301.9474073040722]]]}, "properties": {"id": 744, "height_median_m": 3.0, "building_count": 1, "area_m2": 72.87762680960255}}, {"type": "Feature", "geometry": {"type": "Polygon", "coordinates": [[[2949.5343849793894, 322.55428252757815], [2952.207294310587, 317.59979712281165], [2942.902021258096, 312.59081633193955], [2940.232316675398, 317.66624720969446], [2949.5343849793894, 322.55428252757815]]]}, "properties": {"id": 745, "height_median_m": 3.0, "building_count": 1, "area_m2": 59.87650300362453}}, {"type": "Feature", "geometry": {"type": "Polygon", "coordinates": [[[3374.2960748218056, 346.4945171050336], [3373.9261470930032, 346.5679025618993], [3372.8367140776922, 339.9402425555064], [3361.5148385301773, 341.71747445087817], [3362.246191696189, 346.82716029736633], [3354.965186075188, 348.03519559631775], [3353.245753273328, 350.7319963862204], [3355.6761380800895, 363.90029335599723], [3366.3195435319158, 361.99587929953043], [3365.537905834341, 357.76081442428097], [3375.8780898321806, 355.7579300999177], [3374.2960748218056, 346.4945171050336]]]}, "properties": {"id": 746, "height_median_m": 3.0, "building_count": 2, "area_m2": 344.0244165641154}}, {"type": "Feature", "geometry": {"type": "Polygon", "coordinates": [[[2461.936955174609, 373.2424995871297], [2460.544356831622, 365.4221988142674], [2453.419225260044, 366.7767723885809], [2454.704523220467, 374.4738183987154], [2461.936955174609, 373.2424995871297]]]}, "properties": {"id": 747, "height_median_m": 3.0, "building_count": 1, "area_m2": 57.42901096217892}}, {"type": "Feature", "geometry": {"type": "Polygon", "coordinates": [[[844.021400337902, 381.8378910663546], [845.5372961511824, 374.92132856582424], [838.7126807030133, 373.31497201535075], [837.0885040914047, 380.2315452738399], [844.021400337902, 381.8378910663546]]]}, "properties": {"id": 748, "height_median_m": 3.0, "building_count": 1, "area_m2": 50.09941125380306}}, {"type": "Feature", "geometry": {"type": "Polygon", "coordinates": [[[243.66437405180056, 414.3645051943478], [240.67662469132722, 415.50051967775596], [243.36385163142774, 422.61188992758355], [252.80077598509732, 419.02374331634616], [250.7997897370979, 413.6979801440262], [244.34946402933002, 416.0390693625438], [243.66437405180056, 414.3645051943478]]]}, "properties": {"id": 749, "height_median_m": 3.0, "building_count": 1, "area_m2": 63.99062422556252}}, {"type": "Feature", "geometry": {"type": "Polygon", "coordinates": [[[652.7425755625911, 417.89575970305896], [653.7173341064365, 422.2320926320618], [649.4155350922491, 423.2357856649473], [651.6346586864712, 432.1555807388545], [658.7560825983784, 430.4324751163914], [656.707781672438, 422.1993038966121], [657.6758791676655, 421.9784474641011], [656.544867600226, 416.9470037963964], [652.7425755625911, 417.89575970305896]]]}, "properties": {"id": 750, "height_median_m": 3.0, "building_count": 2, "area_m2": 85.30640471451615}}, {"type": "Feature", "geometry": {"type": "Polygon", "coordinates": [[[2523.2021350846417, 435.8309639230135], [2524.869799518211, 433.54825322806147], [2519.521037936285, 429.68831979904917], [2516.5669655022584, 433.70595450352255], [2522.0298117932307, 437.5693719021658], [2523.2021350846417, 435.8309639230135]]]}, "properties": {"id": 751, "height_median_m": 3.0, "building_count": 1, "area_m2": 32.80384903885755}}, {"type": "Feature", "geometry": {"type": "Polygon", "coordinates": [[[1111.7537926061043, 436.76721648570316], [1111.7564521302806, 436.7686980337582], [1109.5118463718738, 440.8875380336247], [1114.3342775839762, 443.57398234077334], [1114.9790927948206, 442.25004101204837], [1116.5828983554416, 439.4449351685703], [1117.6442120318072, 439.9952130299265], [1121.087734235371, 433.61232517870167], [1119.528981573789, 432.6549264274202], [1115.3126530950567, 430.3704377582982], [1113.626407826011, 433.40133427691774], [1111.9164233148974, 436.4749002621085], [1111.7537926061043, 436.76721648570316]]]}, "properties": {"id": 752, "height_median_m": 3.0, "building_count": 2, "area_m2": 74.68898546642667}}, {"type": "Feature", "geometry": {"type": "Polygon", "coordinates": [[[2530.2373367951136, 441.3521208725115], [2528.7884532157923, 440.3880449305296], [2526.5204479170147, 443.3835779115868], [2529.5316643549963, 445.58185739920714], [2531.8003225482307, 442.44926230162815], [2530.2373367951136, 441.3521208725115]]]}, "properties": {"id": 753, "height_median_m": 3.0, "building_count": 1, "area_m2": 14.099932850058508}}, {"type": "Feature", "geometry": {"type": "Polygon", "coordinates": [[[515.977210324954, 440.1778942472941], [516.2870379522728, 453.1363285897709], [519.5628514451296, 453.0117742471116], [521.2809499866241, 453.0117742471116], [520.9708360746135, 440.04136614549833], [519.055781859409, 440.1778942472941], [515.977210324954, 440.1778942472941]]]}, "properties": {"id": 754, "height_median_m": 3.0, "building_count": 1, "area_m2": 64.46463328347994}}, {"type": "Feature", "geometry": {"type": "Polygon", "coordinates": [[[2301.98748045381, 493.905332739145], [2304.2861122653003, 494.98497404622196], [2305.6601496617973, 491.99280501754976], [2302.483358731545, 490.7138598537893], [2304.487450909655, 486.5574729822169], [2293.986785547734, 481.6951896482267], [2291.649808956596, 486.89970010120607], [2302.892095339663, 492.02920674231916], [2301.98748045381, 493.905332739145]]]}, "properties": {"id": 755, "height_median_m": 3.0, "building_count": 2, "area_m2": 74.2772939784589}}, {"type": "Feature", "geometry": {"type": "Polygon", "coordinates": [[[1269.6148056154016, 504.15403912520543], [1262.4243231489118, 509.7024410217065], [1265.6737196321599, 514.0479893691682], [1272.86420209826, 508.4995874726782], [1269.6148056154016, 504.15403912520543]]]}, "properties": {"id": 756, "height_median_m": 3.0, "building_count": 1, "area_m2": 49.275546807939044}}, {"type": "Feature", "geometry": {"type": "Polygon", "coordinates": [[[1427.7204711987363, 508.838192604208], [1426.9830422149041, 510.38032833091495], [1435.2911833209153, 514.3097613441377], [1435.8085671771603, 514.6048441048374], [1437.6694086284217, 510.49228603144644], [1428.9460928067979, 506.296314731618], [1427.7204711987363, 508.838192604208]]]}, "properties": {"id": 757, "height_median_m": 3.0, "building_count": 1, "area_m2": 43.808369416616664}}, {"type": "Feature", "geometry": {"type": "Polygon", "coordinates": [[[2206.169220673336, 542.368952096099], [2214.047528910751, 545.2835151240057], [2216.1496066192753, 539.7307563978965], [2208.271298382257, 536.8161933704281], [2206.169220673336, 542.368952096099]]]}, "properties": {"id": 758, "height_median_m": 3.0, "building_count": 1, "area_m2": 49.872982780625804}}, {"type": "Feature", "geometry": {"type": "Polygon", "coordinates": [[[2935.452767532986, 583.3361336585123], [2936.7261867313473, 583.4478685990124], [2936.635738605802, 585.0986155889062], [2940.5017450040204, 587.4823167116352], [2943.6613674318196, 587.6110343658212], [2943.9536909913495, 584.0542830336066], [2945.8985120478533, 584.165203225469], [2946.093402446948, 582.2756012638063], [2946.143192018658, 582.278865263452], [2946.130473426742, 581.9161715717022], [2946.1652683416946, 581.5788099579133], [2946.1185357243535, 581.5757463596294], [2945.9231506515225, 576.003987013493], [2943.2637558786787, 575.8775912462601], [2938.4260659168485, 575.51770734831], [2938.3231815112526, 577.1607110767832], [2935.8910083522887, 576.9625458644124], [2935.452767532986, 583.3361336585123]]]}, "properties": {"id": 759, "height_median_m": 8.0, "building_count": 4, "area_m2": 101.79846757540442}}, {"type": "Feature", "geometry": {"type": "Polygon", "coordinates": [[[2930.4506082220573, 625.6369453508386], [2933.8572321202582, 629.263731315005], [2942.119431543163, 621.5648738551431], [2947.3335091235235, 617.953858462505], [2946.163451173486, 616.1743212696499], [2948.8076742107723, 614.3646058122596], [2949.5775469905125, 613.837702199657], [2947.244364046253, 610.2448154970779], [2946.462682197246, 610.779801277195], [2943.146123459586, 612.9764441995054], [2944.4188324511356, 614.8748788075316], [2938.400746404658, 619.0427111836082], [2937.9974965125657, 618.5827351322839], [2933.9048033658837, 622.4082479403967], [2930.7628873641424, 619.1501596738357], [2928.605573575053, 621.1766913413996], [2931.5856592526643, 624.5759930390412], [2930.4506082220573, 625.6369453508386]]]}, "properties": {"id": 760, "height_median_m": 3.0, "building_count": 3, "area_m2": 117.16446642641718}}, {"type": "Feature", "geometry": {"type": "Polygon", "coordinates": [[[2444.6147187562847, 618.2339431123505], [2435.2932543096217, 614.1719982981269], [2433.059823356518, 619.2672247127002], [2442.491904086968, 623.3317036544619], [2444.6147187562847, 618.2339431123505]]]}, "properties": {"id": 761, "height_median_m": 3.0, "building_count": 1, "area_m2": 56.638834823713715}}, {"type": "Feature", "geometry": {"type": "Polygon", "coordinates": [[[2785.277487067382, 644.6686410784556], [2794.7196239457908, 648.2587696173783], [2797.2047493537953, 641.4801053626143], [2787.8702592446843, 637.8910280891566], [2785.277487067382, 644.6686410784556]]]}, "properties": {"id": 762, "height_median_m": 3.0, "building_count": 1, "area_m2": 72.74910825256983}}, {"type": "Feature", "geometry": {"type": "Polygon", "coordinates": [[[2489.7979042629872, 650.5790162177674], [2500.758691331578, 655.052447917261], [2503.756734622233, 647.7243362336808], [2492.373667684059, 643.1207935682952], [2491.5916002263125, 645.0164695616857], [2485.6398546350592, 642.6792754710568], [2483.419718996805, 647.9974154459203], [2489.7979042629872, 650.5790162177674]]]}, "properties": {"id": 763, "height_median_m": 6.0, "building_count": 2, "area_m2": 134.1945912653373}}, {"type": "Feature", "geometry": {"type": "Polygon", "coordinates": [[[2609.355810507144, 655.9481342472991], [2611.79544989988, 655.9481342472991], [2609.4105653497522, 661.6911421325887], [2617.291049394138, 664.8494574257438], [2621.6247105631264, 653.550513426258], [2621.146744955753, 653.2779123202479], [2612.909837047409, 650.034188401833], [2611.80734522122, 649.7197928828361], [2609.355810507144, 655.9481342472991]]]}, "properties": {"id": 764, "height_median_m": 3.0, "building_count": 1, "area_m2": 115.8389351439785}}, {"type": "Feature", "geometry": {"type": "Polygon", "coordinates": [[[2671.580970934709, 659.601393329482], [2671.887900667316, 674.6559640997461], [2674.331360078534, 674.6130843014303], [2677.579568669099, 683.8759396120179], [2681.3618689517343, 682.5277002950777], [2678.9685625260618, 675.7027534012963], [2678.4257440712627, 657.1274113283566], [2674.7933800281708, 657.2655225837783], [2674.890902554397, 659.4903478037639], [2671.580970934709, 659.601393329482]]]}, "properties": {"id": 765, "height_median_m": 3.0, "building_count": 2, "area_m2": 150.51089036048273}}, {"type": "Feature", "geometry": {"type": "Polygon", "coordinates": [[[2138.7168259563578, 697.4845294430243], [2141.849045168766, 699.209346934711], [2151.136889015033, 704.1610716688616], [2152.0844450994537, 702.4046885638215], [2154.4886688474157, 697.7544780413343], [2142.064777864352, 691.0786048569387], [2138.7168259563578, 697.4845294430243]]]}, "properties": {"id": 766, "height_median_m": 3.0, "building_count": 1, "area_m2": 102.28957648914181}}, {"type": "Feature", "geometry": {"type": "Polygon", "coordinates": [[[2161.1246347203964, 716.7619495011584], [2165.2541858251952, 712.9426533376811], [2159.20712111531, 706.6499962645707], [2155.183046155615, 710.347618332494], [2161.1246347203964, 716.7619495011584]]]}, "properties": {"id": 767, "height_median_m": 8.0, "building_count": 1, "area_m2": 48.43143922490774}}, {"type": "Feature", "geometry": {"type": "Polygon", "coordinates": [[[2199.392949526409, 812.373612614823], [2190.2071087342747, 814.059733306504], [2191.409979928792, 820.4212046720833], [2200.485871160107, 818.8562738493551], [2199.392949526409, 812.373612614823]]]}, "properties": {"id": 768, "height_median_m": 3.0, "building_count": 1, "area_m2": 60.504962091956145}}, {"type": "Feature", "geometry": {"type": "Polygon", "coordinates": [[[2733.558576498478, 886.8182908835626], [2733.558576498478, 887.7005339671437], [2731.115707144389, 887.8166387100019], [2732.7683259406886, 893.9746214856971], [2734.326815691421, 893.8378733042343], [2743.9460763050397, 893.1448779915204], [2743.40442503364, 886.1014256672452], [2733.558576498478, 886.8182908835626]]]}, "properties": {"id": 769, "height_median_m": 8.0, "building_count": 2, "area_m2": 81.6877341675486}}, {"type": "Feature", "geometry": {"type": "Polygon", "coordinates": [[[2318.4812593646507, 901.2919243885658], [2318.8167382161664, 906.7768824269094], [2324.108810736695, 906.3915725474417], [2323.661500951939, 900.9065574986935], [2318.4812593646507, 901.2919243885658]]]}, "properties": {"id": 770, "height_median_m": 3.0, "building_count": 1, "area_m2": 28.87107023490077}}, {"type": "Feature", "geometry": {"type": "Polygon", "coordinates": [[[2909.629989025459, 921.3246460009291], [2905.064012686904, 919.762160945501], [2903.075718348067, 925.432142493289], [2907.6416946870163, 926.9946275487131], [2909.629989025459, 921.3246460009291]]]}, "properties": {"id": 771, "height_median_m": 3.0, "building_count": 1, "area_m2": 28.995681778266118}}, {"type": "Feature", "geometry": {"type": "Polygon", "coordinates": [[[2603.543437991666, 931.7635451886855], [2604.517854064056, 933.5419285335981], [2599.2438498946262, 936.5498842211146], [2601.5402987057387, 940.6101029328353], [2612.0935938981925, 934.5911762738316], [2611.3461276479493, 933.1701526484227], [2609.878242125183, 930.7144002889736], [2608.7268497469613, 928.7443579027048], [2603.543437991666, 931.7635451886855]]]}, "properties": {"id": 772, "height_median_m": 3.0, "building_count": 1, "area_m2": 69.13159779160216}}, {"type": "Feature", "geometry": {"type": "Polygon", "coordinates": [[[2992.697541835267, 1028.1455891651378], [2990.000595868426, 1032.7600872009796], [3000.355121544204, 1039.0199820739958], [3003.0564849381694, 1034.5263162345605], [2992.697541835267, 1028.1455891651378]]]}, "properties": {"id": 773, "height_median_m": 3.0, "building_count": 1, "area_m2": 64.22491395498541}}, {"type": "Feature", "geometry": {"type": "Polygon", "coordinates": [[[2951.6757012952116, 1058.4491742473008], [2951.6757012952116, 1062.8827404757674], [2948.352575606709, 1063.0285327064828], [2948.4605629445296, 1070.2960455321481], [2951.4505192078686, 1070.169728465235], [2958.335553792903, 1070.052511011054], [2958.2243276043528, 1064.3432417002525], [2957.8772295789695, 1064.349151031046], [2958.0461765020664, 1058.5677579026692], [2952.2244486366612, 1058.4491742473008], [2951.6757012952116, 1058.4491742473008]]]}, "properties": {"id": 774, "height_median_m": 3.0, "building_count": 3, "area_m2": 98.58035363608245}}]}