{"type": "FeatureCollection", "crs": {"type": "name", "properties": {"name": "EPSG:32628_local_enu_m_section_centroid", "lng0": -16.294329562288826, "lat0": 28.46795421221842}}, "features": [{"type": "Feature", "geometry": {"type": "Polygon", "coordinates": [[[-403.3223053170739, -303.8799758453813], [-406.25809374989456, -305.3271358456824], [-404.20304184681584, -310.0025758453472], [-406.1602341357106, -310.7818158453573], [-404.98591876237373, -313.0082158456685], [-401.9522707150215, -319.1308158456344], [-402.53942840151603, -319.46477584558227], [-398.82076305313745, -327.1458558455683], [-393.6342034885225, -324.47417584559037], [-395.5913957770695, -320.46665584542563], [-397.5485880656167, -316.2364958454276], [-400.77795534203227, -309.22333584573266], [-403.3223053170739, -303.8799758453813]]]}, "properties": {"id": 0, "height_m": 3.0, "levels": 1, "category": "residencial", "extrude": true, "manzana_id": 0}}, {"type": "Feature", "geometry": {"type": "Polygon", "coordinates": [[[-404.7901995336581, -300.76301584573656], [-407.33454950869975, -304.5478958456724], [-406.25809374989456, -305.3271358456824], [-403.3223053170739, -303.8799758453813], [-404.7901995336581, -300.76301584573656]]]}, "properties": {"id": 1, "height_m": 6.0, "levels": 2, "category": "residencial", "extrude": true, "manzana_id": 0}}, {"type": "Feature", "geometry": {"type": "Polygon", "coordinates": [[[-407.33454950869975, -304.5478958456724], [-408.411005267505, -306.2176958454114], [-406.1602341357106, -310.7818158453573], [-404.20304184681584, -310.0025758453472], [-406.25809374989456, -305.3271358456824], [-407.33454950869975, -304.5478958456724]]]}, "properties": {"id": 2, "height_m": 6.0, "levels": 2, "category": "residencial", "extrude": true, "manzana_id": 0}}, {"type": "Feature", "geometry": {"type": "Polygon", "coordinates": [[[-396.7657111500587, -299.3158558454354], [-393.73206310270643, -305.995055845578], [-400.77795534203227, -309.22333584573266], [-397.5485880656167, -316.2364958454276], [-388.5455035380914, -311.6723758454817], [-388.9369419958703, -311.0044558455861], [-391.97059004322267, -305.215815845568], [-394.5149400182643, -299.6498158453832], [-396.7657111500587, -299.3158558454354]]]}, "properties": {"id": 3, "height_m": 3.0, "levels": 1, "category": "residencial", "extrude": true, "manzana_id": 0}}, {"type": "Feature", "geometry": {"type": "Polygon", "coordinates": [[[-383.2610843585971, -294.6404158453751], [-383.3589439731287, -295.3083358456662], [-383.55466320184433, -296.86681584568635], [-383.9461016596233, -301.09697584568437], [-383.3589439731287, -301.87621584569445], [-380.7167343835553, -306.9969358454215], [-378.2702440226977, -305.7724158453492], [-380.5210151544921, -301.4309358456322], [-378.4659632514133, -300.3177358456743], [-376.3130517341505, -304.6592158453913], [-374.0622806023561, -303.4346958457145], [-376.9002094206451, -297.8686958455297], [-379.4445593960345, -299.20453584571646], [-380.6188747690237, -296.86681584568635], [-378.074524793982, -295.64229584561406], [-379.6402786247501, -292.63665584568827], [-383.2610843585971, -294.6404158453751]]]}, "properties": {"id": 4, "height_m": 3.0, "levels": 1, "category": "residencial", "extrude": true, "manzana_id": 0}}, {"type": "Feature", "geometry": {"type": "Polygon", "coordinates": [[[-376.3130517341505, -304.6592158453913], [-378.4659632514133, -300.3177358456743], [-380.5210151544921, -301.4309358456322], [-378.2702440226977, -305.7724158453492], [-376.3130517341505, -304.6592158453913]]]}, "properties": {"id": 5, "height_m": 6.0, "levels": 2, "category": "residencial", "extrude": true, "manzana_id": 0}}, {"type": "Feature", "geometry": {"type": "Polygon", "coordinates": [[[-381.49961129911327, -278.72165584562185], [-378.75954209500827, -278.72165584562185], [-377.6830863362031, -281.1706958453709], [-374.5515786743191, -279.6122158453508], [-378.5638228659449, -271.81981584564585], [-380.814593998087, -271.485855845698], [-381.49961129911327, -278.72165584562185]]]}, "properties": {"id": 6, "height_m": 3.0, "levels": 1, "category": "residencial", "extrude": true, "manzana_id": 0}}, {"type": "Feature", "geometry": {"type": "Polygon", "coordinates": [[[-370.7350537114089, -287.0706558455035], [-374.35585944560347, -288.74045584563805], [-373.08368445773493, -291.412135845616], [-378.8574017091923, -294.19513584570836], [-376.9980690351768, -297.8686958455297], [-372.1050883134614, -295.41965584538514], [-371.1264921691879, -297.2007758456341], [-372.3986671567087, -297.9800158456442], [-371.42007101243513, -299.8724558456121], [-375.0408767466297, -301.5422558453511], [-374.0622806023561, -303.4346958457145], [-373.6708421445772, -304.21393584572456], [-372.3008075425247, -303.4346958457145], [-365.8420729900411, -299.98377584572654], [-364.4720383879887, -299.3158558454354], [-370.7350537114089, -287.0706558455035]]]}, "properties": {"id": 7, "height_m": 6.0, "levels": 2, "category": "residencial", "extrude": true, "manzana_id": 0}}, {"type": "Feature", "geometry": {"type": "Polygon", "coordinates": [[[-376.7044901919295, -237.53325584559917], [-362.1234076416626, -234.63893584539235], [-372.2029479279931, -214.37869584552658], [-373.8665613732929, -215.38057584537], [-376.7044901919295, -237.53325584559917]]]}, "properties": {"id": 8, "height_m": 3.0, "levels": 1, "category": "residencial", "extrude": true, "manzana_id": 8}}, {"type": "Feature", "geometry": {"type": "Polygon", "coordinates": [[[-346.5637289471221, -265.474575845451], [-364.6677576167043, -274.38017584550937], [-355.6646730891791, -292.9706158456361], [-337.5606444192493, -284.17633584569217], [-342.0621866831857, -274.7141358454571], [-346.1722904893432, -266.3651358455755], [-346.5637289471221, -265.474575845451]]]}, "properties": {"id": 9, "height_m": 6.0, "levels": 2, "category": "residencial", "extrude": true, "manzana_id": 1}}, {"type": "Feature", "geometry": {"type": "Polygon", "coordinates": [[[-372.0072286992774, -249.11053584563547], [-364.0805999302097, -267.47833584553337], [-354.9796557881528, -263.5821358454831], [-362.8084249426889, -245.1030158454708], [-372.0072286992774, -249.11053584563547]]]}, "properties": {"id": 10, "height_m": 3.0, "levels": 1, "category": "residencial", "extrude": true, "manzana_id": 1}}, {"type": "Feature", "geometry": {"type": "Polygon", "coordinates": [[[-346.27015010387487, -191.0014958456206], [-350.67383275327967, -190.11093584549613], [-345.29155395960134, -206.80893584565496], [-341.4750289966911, -205.58441584558267], [-346.27015010387487, -191.0014958456206]]]}, "properties": {"id": 11, "height_m": 3.0, "levels": 1, "category": "residencial", "extrude": true, "manzana_id": 11}}, {"type": "Feature", "geometry": {"type": "Polygon", "coordinates": [[[-313.97647734145716, -247.55205584561537], [-320.6309311226563, -249.66713584541665], [-314.75935425701505, -267.0330558454711], [-314.2700561847044, -268.3688958456578], [-308.00704086128417, -266.2538158454611], [-313.97647734145716, -247.55205584561537]]]}, "properties": {"id": 12, "height_m": 3.0, "levels": 1, "category": "residencial", "extrude": true, "manzana_id": 2}}, {"type": "Feature", "geometry": {"type": "Polygon", "coordinates": [[[-318.1844407621463, -261.9123358453486], [-322.0009657247088, -263.47081584536863], [-320.9245099662513, -266.2538158454611], [-317.20584461787274, -264.8066558455554], [-318.1844407621463, -261.9123358453486]]]}, "properties": {"id": 13, "height_m": 9.0, "levels": 3, "category": "residencial", "extrude": true, "manzana_id": 2}}, {"type": "Feature", "geometry": {"type": "Polygon", "coordinates": [[[-318.77159844864093, -269.8160558455635], [-319.0651772918882, -269.14813584566787], [-324.0560176277875, -270.8179358454069], [-323.86029839907195, -271.485855845698], [-318.77159844864093, -269.8160558455635]]]}, "properties": {"id": 14, "height_m": 3.0, "levels": 1, "category": "residencial", "extrude": true, "manzana_id": 2}}, {"type": "Feature", "geometry": {"type": "Polygon", "coordinates": [[[-326.30678875992965, -258.68405584558946], [-328.0682618194134, -259.2406558453706], [-323.95815801360357, -271.5971758454169], [-323.86029839907195, -271.485855845698], [-324.0560176277875, -270.8179358454069], [-319.0651772918882, -269.14813584566787], [-318.77159844864093, -269.8160558455635], [-314.2700561847044, -268.3688958456578], [-314.75935425701505, -267.0330558454711], [-316.22724847359916, -267.58965584564777], [-317.20584461787274, -264.8066558455554], [-320.9245099662513, -266.2538158454611], [-322.0009657247088, -263.47081584536863], [-318.1844407621463, -261.9123358453486], [-319.45661574966715, -258.01613584569384], [-323.86029839907195, -259.4632958455995], [-324.3495964710349, -258.01613584569384], [-326.30678875992965, -258.68405584558946]]]}, "properties": {"id": 15, "height_m": 6.0, "levels": 2, "category": "residencial", "extrude": true, "manzana_id": 2}}, {"type": "Feature", "geometry": {"type": "Polygon", "coordinates": [[[-326.30678875992965, -258.68405584558946], [-328.4597002771923, -252.0048558454468], [-326.89394644642425, -251.4482558456656], [-328.7532791204397, -245.99357584559527], [-332.08050601138694, -247.10677584555313], [-328.0682618194134, -259.2406558453706], [-326.30678875992965, -258.68405584558946]]]}, "properties": {"id": 16, "height_m": 3.0, "levels": 1, "category": "residencial", "extrude": true, "manzana_id": 2}}, {"type": "Feature", "geometry": {"type": "Polygon", "coordinates": [[[-294.99171214178546, 60.69302415446117], [-306.0498485727371, 60.025104154565554], [-305.8541293436738, 56.685504154296495], [-310.35567160761025, 56.35154415434869], [-319.8480542074461, 59.35718415427445], [-328.8511387349713, 30.859264154641437], [-321.0223695804353, 28.41022415449686], [-312.80216196846794, 53.791184154485165], [-309.27921584880505, 52.67798415452731], [-317.4015638465884, 27.63098415448681], [-304.9733928139319, 28.52154415461129], [-304.48409474162133, 22.17630415441647], [-304.09265628384236, 16.832944154460563], [-292.8388006245227, 17.389544154637235], [-293.13237946776997, 22.51026415436428], [-299.00395633341134, 22.287624154530903], [-299.10181594794295, 25.627224154404473], [-303.21191975410045, 25.404584154571097], [-304.48409474162133, 52.900624154360685], [-299.88469286350085, 53.12326415458955], [-299.68897363443756, 49.67234415460155], [-294.40455445529085, 49.89498415443492], [-294.99171214178546, 60.69302415446117]]]}, "properties": {"id": 17, "height_m": 12.0, "levels": 4, "category": "residencial", "extrude": true, "manzana_id": 25}}, {"type": "Feature", "geometry": {"type": "Polygon", "coordinates": [[[-252.52063947885327, 24.29138415461324], [-253.79281446637415, 19.838584154386325], [-238.62457422961262, 15.608424154388274], [-230.60008584636097, 45.21954415437463], [-232.36155890584476, 77.94762415440118], [-248.50839528722742, 77.0570641542767], [-247.04050107064327, 45.33086415448906], [-248.50839528722742, 45.1082241542602], [-252.22706063560597, 32.3064241545471], [-252.71635870756893, 30.413984154579197], [-250.95488564808517, 29.968704154516956], [-242.24537996345956, 27.853624154320187], [-243.71327418004367, 22.51026415436428], [-252.4227798643216, 24.959304154508857], [-252.52063947885327, 24.29138415461324]]]}, "properties": {"id": 18, "height_m": 6.0, "levels": 2, "category": "publico", "extrude": true, "manzana_id": 23}}, {"type": "Feature", "geometry": {"type": "Polygon", "coordinates": [[[-253.79281446637415, 19.838584154386325], [-265.63382781253597, -23.576215845552042], [-239.60317037388617, -30.700695845361423], [-236.56952232653387, -19.568695845387367], [-247.4319395284222, -16.563055845461605], [-238.62457422961262, 15.608424154388274], [-253.79281446637415, 19.838584154386325]]]}, "properties": {"id": 19, "height_m": 3.0, "levels": 1, "category": "residencial", "extrude": true, "manzana_id": 23}}, {"type": "Feature", "geometry": {"type": "Polygon", "coordinates": [[[-250.95488564808517, 29.968704154516956], [-252.4227798643216, 24.959304154508857], [-243.71327418004367, 22.51026415436428], [-242.24537996345956, 27.853624154320187], [-250.95488564808517, 29.968704154516956]]]}, "properties": {"id": 20, "height_m": 3.0, "levels": 1, "category": "residencial", "extrude": true, "manzana_id": 23}}, {"type": "Feature", "geometry": {"type": "Polygon", "coordinates": [[[-271.99470275048793, 91.97394415458206], [-270.03751046194077, 91.97394415458206], [-270.03751046194077, 96.20410415458011], [-271.99470275048793, 96.20410415458011], [-271.99470275048793, 91.97394415458206]]]}, "properties": {"id": 21, "height_m": 3.0, "levels": 1, "category": "residencial", "extrude": true, "manzana_id": 27}}, {"type": "Feature", "geometry": {"type": "Polygon", "coordinates": [[[-279.334173833061, 96.31542415429905], [-271.99470275048793, 96.20410415458011], [-272.09256236501955, 99.98898415451592], [-279.334173833061, 100.2116241543493], [-279.334173833061, 97.53994415437134], [-279.334173833061, 96.31542415429905]]]}, "properties": {"id": 22, "height_m": 9.0, "levels": 3, "category": "residencial", "extrude": true, "manzana_id": 27}}, {"type": "Feature", "geometry": {"type": "Polygon", "coordinates": [[[-279.334173833061, 96.31542415429905], [-279.432033447245, 87.4098241546362], [-271.99470275048793, 87.29850415452177], [-271.99470275048793, 91.97394415458206], [-271.99470275048793, 96.20410415458011], [-279.334173833061, 96.31542415429905]]]}, "properties": {"id": 23, "height_m": 6.0, "levels": 2, "category": "residencial", "extrude": true, "manzana_id": 27}}, {"type": "Feature", "geometry": {"type": "Polygon", "coordinates": [[[-302.0376043807636, -8.993295845589984], [-301.05900823649006, -8.993295845589984], [-301.35258707973736, -4.20653584541526], [-302.33118322435854, -4.317855845529692], [-302.0376043807636, -8.993295845589984]]]}, "properties": {"id": 24, "height_m": 3.0, "levels": 1, "category": "residencial", "extrude": true, "manzana_id": 22}}, {"type": "Feature", "geometry": {"type": "Polygon", "coordinates": [[[-279.334173833061, 97.53994415437134], [-283.63999686793414, 97.7625841546002], [-283.63999686793414, 96.09278415446568], [-289.9030121913544, 96.20410415458011], [-291.7623448657175, 96.20410415458011], [-291.66448525118585, 98.20786415426696], [-297.2424832739275, 98.20786415426696], [-297.43820250264315, 89.19094415448967], [-291.86020448024914, 89.07962415437524], [-291.86020448024914, 86.29662415428285], [-298.02536018913776, 86.29662415428285], [-298.22107941820104, 80.06270415459795], [-302.13546399529525, 79.84006415436909], [-301.74402553751634, 74.49670415441318], [-292.34950255221213, 74.71934415464204], [-292.44736216674374, 75.8325441545999], [-292.44736216674374, 76.50046415449552], [-288.04367951733894, 76.38914415438109], [-288.04367951733894, 74.2740641545798], [-284.0314353257131, 74.2740641545798], [-284.0314353257131, 76.27782415426665], [-274.73477195459293, 76.05518415443328], [-274.63691234006126, 81.732504154337], [-271.99470275048793, 81.50986415450362], [-271.99470275048793, 87.29850415452177], [-279.432033447245, 87.4098241546362], [-279.334173833061, 96.31542415429905], [-279.334173833061, 97.53994415437134]]]}, "properties": {"id": 25, "height_m": 3.0, "levels": 1, "category": "residencial", "extrude": true, "manzana_id": 27}}, {"type": "Feature", "geometry": {"type": "Polygon", "coordinates": [[[-294.99171214178546, 60.69302415446117], [-294.40455445529085, 49.89498415443492], [-299.68897363443756, 49.67234415460155], [-299.88469286350085, 53.12326415458955], [-304.48409474162133, 52.900624154360685], [-303.21191975410045, 25.404584154571097], [-299.10181594794295, 25.627224154404473], [-299.00395633341134, 22.287624154530903], [-293.13237946776997, 22.51026415436428], [-292.8388006245227, 17.389544154637235], [-289.3158545048598, 17.50086415435618], [-292.15378332349644, 60.91566415429455], [-294.99171214178546, 60.69302415446117]]]}, "properties": {"id": 26, "height_m": 9.0, "levels": 3, "category": "residencial", "extrude": true, "manzana_id": 25}}, {"type": "Feature", "geometry": {"type": "Polygon", "coordinates": [[[-305.8541293436738, -10.217815845662273], [-311.13854852316814, -10.55177584561008], [-310.74711006538917, -16.00645584568042], [-305.65841011495814, -15.783815845451556], [-305.8541293436738, -10.217815845662273]]]}, "properties": {"id": 27, "height_m": 9.0, "levels": 3, "category": "residencial", "extrude": true, "manzana_id": 22}}, {"type": "Feature", "geometry": {"type": "Polygon", "coordinates": [[[-317.4015638465884, 27.63098415448681], [-309.27921584880505, 52.67798415452731], [-312.80216196846794, 53.791184154485165], [-321.0223695804353, 28.41022415449686], [-318.1844407621463, 27.51966415437238], [-317.4015638465884, 27.63098415448681]]]}, "properties": {"id": 28, "height_m": 9.0, "levels": 3, "category": "residencial", "extrude": true, "manzana_id": 25}}, {"type": "Feature", "geometry": {"type": "Polygon", "coordinates": [[[-321.0223695804353, 28.41022415449686], [-321.3159484236825, 27.51966415437238], [-317.79300230436735, 26.40646415441452], [-317.4015638465884, 27.63098415448681], [-318.1844407621463, 27.51966415437238], [-321.0223695804353, 28.41022415449686]]]}, "properties": {"id": 29, "height_m": 9.0, "levels": 3, "category": "residencial", "extrude": true, "manzana_id": 25}}, {"type": "Feature", "geometry": {"type": "Polygon", "coordinates": [[[-302.33118322435854, -4.317855845529692], [-308.3006197045315, -4.429175845644124], [-308.7899177768421, 0.3575841545305991], [-314.75935425701505, -0.19901584564607333], [-314.2700561847044, -8.881975845475552], [-316.71654654556215, -8.881975845475552], [-316.5208273168465, -10.10649584554784], [-325.9153503021507, -10.663095845724513], [-326.01320991668234, -8.993295845589984], [-329.34043680728195, -9.438575845652224], [-329.2425771927503, -10.997055845672321], [-331.4933483245447, -11.219695845505697], [-331.1997694812973, -15.56117584561818], [-327.57896374745053, -15.338535845389316], [-327.4811041329188, -16.78569584569047], [-325.3281926156561, -16.563055845461605], [-324.93675415787715, -23.46489584543761], [-326.208929145398, -23.576215845552042], [-325.9153503021507, -26.915815845425612], [-325.7196310730873, -29.81013584563243], [-313.68289849820985, -28.696935845674574], [-314.2700561847044, -23.687535845666474], [-311.82356582419436, -23.46489584543761], [-312.1171446674417, -16.00645584568042], [-310.74711006538917, -16.00645584568042], [-311.13854852316814, -10.55177584561008], [-305.8541293436738, -10.217815845662273], [-303.4076389828161, -10.10649584554784], [-303.4076389828161, -9.104615845704416], [-302.0376043807636, -8.993295845589984], [-302.33118322435854, -4.317855845529692]]]}, "properties": {"id": 30, "height_m": 6.0, "levels": 2, "category": "residencial", "extrude": true, "manzana_id": 22}}, {"type": "Feature", "geometry": {"type": "Polygon", "coordinates": [[[-328.8511387349713, 30.859264154641437], [-332.37408485463425, 19.727264154271893], [-320.1416330506934, 15.831064154617138], [-318.6737388341092, 21.28574415429199], [-304.48409474162133, 22.17630415441647], [-304.9733928139319, 28.52154415461129], [-317.4015638465884, 27.63098415448681], [-317.79300230436735, 26.40646415441452], [-321.3159484236825, 27.51966415437238], [-321.0223695804353, 28.41022415449686], [-328.8511387349713, 30.859264154641437]]]}, "properties": {"id": 31, "height_m": 12.0, "levels": 4, "category": "residencial", "extrude": true, "manzana_id": 25}}, {"type": "Feature", "geometry": {"type": "Polygon", "coordinates": [[[-326.208929145398, -23.576215845552042], [-330.2211733370238, -23.798855845385418], [-330.3190329515555, -21.34981584563633], [-334.1355579144657, -21.572455845469705], [-333.8419790708707, -26.02525584569662], [-325.9153503021507, -26.915815845425612], [-326.208929145398, -23.576215845552042]]]}, "properties": {"id": 32, "height_m": 3.0, "levels": 1, "category": "residencial", "extrude": true, "manzana_id": 22}}, {"type": "Feature", "geometry": {"type": "Polygon", "coordinates": [[[-268.37389701664097, -222.05977584551263], [-273.9518950393827, -223.72957584564716], [-270.5268085342514, -234.97289584573565], [-265.3402489692887, -233.5257358454345], [-261.8173028496258, -232.6351758457055], [-263.3830566807416, -227.84841584553078], [-266.31884511356225, -228.8502958453742], [-268.37389701664097, -222.05977584551263]]]}, "properties": {"id": 33, "height_m": 3.0, "levels": 1, "category": "residencial", "extrude": true, "manzana_id": 5}}, {"type": "Feature", "geometry": {"type": "Polygon", "coordinates": [[[-265.3402489692887, -233.5257358454345], [-263.97021436723617, -238.08985584538036], [-259.95797017561034, -236.86533584570356], [-260.055829790142, -236.42005584564131], [-256.82646251372637, -235.4181758454024], [-256.6307432850108, -236.0860958456935], [-256.04358559816853, -237.3106158453703], [-254.37997215286873, -237.86721584554698], [-252.22706063560597, -236.9766558454225], [-251.63990294876373, -235.4181758454024], [-252.22706063560597, -233.41441584571555], [-253.59709523765846, -232.9691358456533], [-255.7500067549212, -233.63705584554893], [-256.5328836704791, -231.18801584540435], [-255.7500067549212, -230.96537584557097], [-257.21790097150534, -226.0672958456773], [-257.707199043816, -226.28993584551068], [-258.3922163448422, -223.95221584548054], [-257.21790097150534, -223.61825584553273], [-256.14144521270015, -221.6144958454504], [-256.72860289919475, -219.83337584559692], [-258.1964971157789, -219.05413584558687], [-268.37389701664097, -222.05977584551263], [-266.31884511356225, -228.8502958453742], [-263.3830566807416, -227.84841584553078], [-261.8173028496258, -232.6351758457055], [-265.3402489692887, -233.5257358454345]]]}, "properties": {"id": 34, "height_m": 6.0, "levels": 2, "category": "residencial", "extrude": true, "manzana_id": 5}}, {"type": "Feature", "geometry": {"type": "Polygon", "coordinates": [[[-176.38585945145087, -209.36929584551848], [-177.75589405350337, -201.0202958456368], [-183.13817284718172, -202.02217584548023], [-184.60606706376586, -193.33921584565076], [-178.93020942649255, -192.33733584541184], [-180.9852613295713, -180.53741584554217], [-182.2574363174398, -172.96765584567055], [-183.52961130496067, -172.96765584567055], [-194.489888121033, -175.08273584547183], [-188.1290131830811, -211.15041584537195], [-188.1290131830811, -211.37305584560082], [-176.38585945145087, -209.36929584551848]]]}, "properties": {"id": 35, "height_m": 3.0, "levels": 1, "category": "residencial", "extrude": true, "manzana_id": 16}}, {"type": "Feature", "geometry": {"type": "Polygon", "coordinates": [[[-172.66719410307232, -180.42609584542774], [-174.03722870512482, -171.63181584548383], [-180.49596325760837, -172.63369584572274], [-179.12592865555587, -181.42797584566665], [-172.66719410307232, -180.42609584542774]]]}, "properties": {"id": 36, "height_m": 3.0, "levels": 1, "category": "restauracion", "extrude": true, "manzana_id": 16}}, {"type": "Feature", "geometry": {"type": "Polygon", "coordinates": [[[-178.63663058324525, -147.92065584563005], [-191.74981891727566, -148.3659358456923], [-191.35838045949671, -160.49981584550977], [-178.14733251128231, -160.05453584544753], [-178.63663058324525, -147.92065584563005]]]}, "properties": {"id": 37, "height_m": 3.0, "levels": 1, "category": "residencial", "extrude": true, "manzana_id": 17}}, {"type": "Feature", "geometry": {"type": "Polygon", "coordinates": [[[-192.8262746757332, -163.0601758453733], [-197.32781693966965, -163.61677584554997], [-196.25136118086445, -171.96577584543164], [-191.74981891727566, -171.29785584553602], [-192.8262746757332, -163.0601758453733]]]}, "properties": {"id": 38, "height_m": 3.0, "levels": 1, "category": "residencial", "extrude": true, "manzana_id": 16}}, {"type": "Feature", "geometry": {"type": "Polygon", "coordinates": [[[-374.5515786743191, -178.53365584545983], [-379.9338574679975, -177.97705584567865], [-380.4231555403081, -181.8732558457289], [-375.0408767466297, -182.42985584551008], [-374.5515786743191, -178.53365584545983]]]}, "properties": {"id": 39, "height_m": 3.0, "levels": 1, "category": "residencial", "extrude": true, "manzana_id": 10}}, {"type": "Feature", "geometry": {"type": "Polygon", "coordinates": [[[-311.72570620966275, -119.97933584538274], [-324.7410349288138, -122.0944158455795], [-323.468859941293, -129.99813584539893], [-312.1171446674417, -128.10569584543103], [-312.9978811971836, -123.09629584542293], [-311.23640813735216, -122.76233584547512], [-311.72570620966275, -119.97933584538274]]]}, "properties": {"id": 40, "height_m": 3.0, "levels": 1, "category": "residencial", "extrude": true, "manzana_id": 19}}, {"type": "Feature", "geometry": {"type": "Polygon", "coordinates": [[[-336.9734867327547, -138.56977584550947], [-335.50559251651816, -138.3471358456761], [-336.19060981719673, -135.00753584540703], [-337.5606444192493, -135.11885584552147], [-336.9734867327547, -138.56977584550947]]]}, "properties": {"id": 41, "height_m": 3.0, "levels": 1, "category": "residencial", "extrude": true, "manzana_id": 18}}, {"type": "Feature", "geometry": {"type": "Polygon", "coordinates": [[[-337.5606444192493, -135.11885584552147], [-344.7043962727591, -136.23205584547932], [-344.0193789717328, -140.01693584541513], [-336.9734867327547, -138.56977584550947], [-337.5606444192493, -135.11885584552147]]]}, "properties": {"id": 42, "height_m": 6.0, "levels": 2, "category": "residencial", "extrude": true, "manzana_id": 18}}, {"type": "Feature", "geometry": {"type": "Polygon", "coordinates": [[[-344.0193789717328, -140.01693584541513], [-343.6279405139539, -142.1320158456119], [-349.8909558377217, -143.13389584545533], [-350.67383275327967, -138.3471358456761], [-355.5668134746474, -139.12637584568614], [-354.3924981016582, -147.03009584550557], [-358.6983211365313, -147.58669584568224], [-357.5240057631945, -153.3753358457004], [-351.7502885117372, -152.4847758455759], [-352.1417269695161, -150.14705584554576], [-349.40165776541113, -149.70177584548352], [-348.9123596934482, -152.1508158456281], [-350.8695519819953, -152.37345584546148], [-348.5209212356693, -166.28845584552792], [-346.0744308748115, -165.84317584546568], [-346.1722904893432, -165.17525584557006], [-340.0071347801069, -163.95073584549777], [-341.3771693821595, -157.1602158456362], [-340.3007136233543, -156.93757584540734], [-339.7135559368597, -156.71493584557396], [-340.3007136233543, -152.1508158456281], [-338.5392405638705, -151.8168558456803], [-334.6248559864286, -151.03761584567025], [-336.9734867327547, -138.56977584550947], [-344.0193789717328, -140.01693584541513]]]}, "properties": {"id": 43, "height_m": 3.0, "levels": 1, "category": "residencial", "extrude": true, "manzana_id": 18}}, {"type": "Feature", "geometry": {"type": "Polygon", "coordinates": [[[-373.5729825300455, -174.9714158453574], [-372.594386385772, -180.87137584548998], [-363.88488070149407, -179.86949584564655], [-364.0805999302097, -181.5392958453856], [-363.4934422437151, -181.76193584561446], [-363.6891614724307, -183.7656958456968], [-363.0041441714045, -183.7656958456968], [-363.1020037859361, -184.76757584554022], [-352.4353058127635, -186.5486958453937], [-351.2609904397743, -179.4242158455843], [-357.7197249922578, -179.9808158453655], [-358.6004615219997, -171.40917584565045], [-366.0377922187568, -172.29973584537944], [-365.7442133755095, -173.85821584539954], [-373.5729825300455, -174.9714158453574]]]}, "properties": {"id": 44, "height_m": 3.0, "levels": 1, "category": "residencial", "extrude": true, "manzana_id": 10}}, {"type": "Feature", "geometry": {"type": "Polygon", "coordinates": [[[-395.6892553916012, -249.88977584564552], [-395.8849746203169, -254.5652158457058], [-392.7534669584329, -254.67653584542475], [-392.4598881151856, -250.00109584536446], [-395.6892553916012, -249.88977584564552]]]}, "properties": {"id": 45, "height_m": 6.0, "levels": 2, "category": "residencial", "extrude": true, "manzana_id": 4}}, {"type": "Feature", "geometry": {"type": "Polygon", "coordinates": [[[-380.6188747690237, -194.1184558456608], [-381.3038920700499, -202.91273584560471], [-379.9338574679975, -202.91273584560471], [-379.3466997815029, -194.22977584537975], [-380.6188747690237, -194.1184558456608]]]}, "properties": {"id": 46, "height_m": 3.0, "levels": 1, "category": "residencial", "extrude": true, "manzana_id": 9}}, {"type": "Feature", "geometry": {"type": "Polygon", "coordinates": [[[-381.5974709132973, -210.3711758453619], [-382.2824882143235, -219.05413584558687], [-381.1081728413343, -219.1654558457013], [-380.5210151544921, -210.48249584547634], [-381.5974709132973, -210.3711758453619]]]}, "properties": {"id": 47, "height_m": 3.0, "levels": 1, "category": "residencial", "extrude": true, "manzana_id": 7}}, {"type": "Feature", "geometry": {"type": "Polygon", "coordinates": [[[-386.4904516350127, -193.784495845713], [-390.99199389860144, -193.4505358453697], [-391.1877131276647, -196.12221584534765], [-386.58831124919664, -196.34485584557652], [-386.4904516350127, -193.784495845713]]]}, "properties": {"id": 48, "height_m": 9.0, "levels": 3, "category": "residencial", "extrude": true, "manzana_id": 9}}, {"type": "Feature", "geometry": {"type": "Polygon", "coordinates": [[[-391.1877131276647, -196.12221584534765], [-391.4812919709121, -202.2448158457091], [-381.3038920700499, -202.91273584560471], [-380.6188747690237, -194.1184558456608], [-386.4904516350127, -193.784495845713], [-386.58831124919664, -196.34485584557652], [-391.1877131276647, -196.12221584534765]]]}, "properties": {"id": 49, "height_m": 6.0, "levels": 2, "category": "residencial", "extrude": true, "manzana_id": 9}}, {"type": "Feature", "geometry": {"type": "Polygon", "coordinates": [[[-387.95834585124913, -210.14853584552853], [-392.1663092719383, -209.92589584569515], [-392.2641688864699, -211.929655845382], [-388.1540650803125, -212.15229584561087], [-387.95834585124913, -210.14853584552853]]]}, "properties": {"id": 50, "height_m": 9.0, "levels": 3, "category": "residencial", "extrude": true, "manzana_id": 7}}, {"type": "Feature", "geometry": {"type": "Polygon", "coordinates": [[[-392.2641688864699, -211.929655845382], [-392.6556073442489, -218.38621584569125], [-382.2824882143235, -219.05413584558687], [-381.5974709132973, -210.3711758453619], [-387.95834585124913, -210.14853584552853], [-388.1540650803125, -212.15229584561087], [-392.2641688864699, -211.929655845382]]]}, "properties": {"id": 51, "height_m": 6.0, "levels": 2, "category": "residencial", "extrude": true, "manzana_id": 7}}, {"type": "Feature", "geometry": {"type": "Polygon", "coordinates": [[[-392.7534669584329, -254.67653584542475], [-385.6097151049231, -254.89917584565362], [-385.1204170329601, -241.54077584536836], [-395.39567654800624, -241.0954958457016], [-395.6892553916012, -249.88977584564552], [-392.4598881151856, -250.00109584536446], [-392.7534669584329, -254.67653584542475]]]}, "properties": {"id": 52, "height_m": 3.0, "levels": 1, "category": "residencial", "extrude": true, "manzana_id": 4}}, {"type": "Feature", "geometry": {"type": "Polygon", "coordinates": [[[-402.14798994373706, -281.1706958453709], [-402.24584955826873, -282.3952158454432], [-403.1265860883583, -291.7460958455638], [-397.9400265233956, -292.4140158454594], [-397.0592899936537, -281.6159758454331], [-402.14798994373706, -281.1706958453709]]]}, "properties": {"id": 53, "height_m": 3.0, "levels": 1, "category": "residencial", "extrude": true, "manzana_id": 0}}, {"type": "Feature", "geometry": {"type": "Polygon", "coordinates": [[[-398.3314649811745, -272.59905584565587], [-401.3651130285269, -272.376415845427], [-401.3651130285269, -273.2669758455515], [-401.56083225724245, -274.8254558455716], [-398.5271842098902, -275.1594158455194], [-398.3314649811745, -272.59905584565587]]]}, "properties": {"id": 54, "height_m": 3.0, "levels": 1, "category": "residencial", "extrude": true, "manzana_id": 0}}, {"type": "Feature", "geometry": {"type": "Polygon", "coordinates": [[[-388.4476439235597, -270.37265584574016], [-401.0715341852795, -268.70285584560565], [-401.3651130285269, -272.376415845427], [-396.37427269262747, -272.7103758453748], [-388.8390823813387, -273.48961584538483], [-388.4476439235597, -270.37265584574016]]]}, "properties": {"id": 55, "height_m": 3.0, "levels": 1, "category": "residencial", "extrude": true, "manzana_id": 0}}, {"type": "Feature", "geometry": {"type": "Polygon", "coordinates": [[[-388.4476439235597, -270.37265584574016], [-388.8390823813387, -273.48961584538483], [-381.1081728413343, -274.2688558453949], [-380.814593998087, -271.485855845698], [-388.4476439235597, -270.37265584574016]]]}, "properties": {"id": 56, "height_m": 3.0, "levels": 1, "category": "residencial", "extrude": true, "manzana_id": 0}}, {"type": "Feature", "geometry": {"type": "Polygon", "coordinates": [[[-397.9400265233956, -292.4140158454594], [-398.13574575211123, -295.0856958454374], [-394.1235015604854, -295.5309758454996], [-394.3192207895487, -297.2007758456341], [-388.2519246948441, -297.7573758454153], [-388.4476439235597, -300.42905584539324], [-384.3375401174023, -300.9856558455699], [-383.9461016596233, -301.09697584568437], [-383.55466320184433, -296.86681584568635], [-389.03480161005433, -296.4215358456241], [-388.9369419958703, -294.863055845604], [-393.6342034885225, -294.41777584554177], [-392.6556073442489, -284.51029584564], [-388.9369419958703, -284.8442558455878], [-388.64336315227536, -281.83861584566205], [-397.0592899936537, -281.05937584565197], [-397.9400265233956, -292.4140158454594]]]}, "properties": {"id": 57, "height_m": 3.0, "levels": 1, "category": "residencial", "extrude": true, "manzana_id": null}}, {"type": "Feature", "geometry": {"type": "Polygon", "coordinates": [[[-274.34333349681395, -253.5633358454669], [-275.61550848468244, -250.4463758454267], [-279.72561229049234, -252.11617584556123], [-278.45343730297145, -255.23313584560142], [-274.34333349681395, -253.5633358454669]]]}, "properties": {"id": 58, "height_m": 3.0, "levels": 1, "category": "residencial", "extrude": true, "manzana_id": 3}}, {"type": "Feature", "geometry": {"type": "Polygon", "coordinates": [[[-227.07713972669802, -220.0560158454303], [-228.7407531719978, -207.47685584555057], [-237.84169731405476, -208.70137584562286], [-235.688785796792, -226.0672958456773], [-235.19948772448137, -229.62953584538425], [-231.67654160516616, -229.1842558457175], [-232.16583967712907, -225.95597584556288], [-226.39212242567177, -225.17673584555283], [-226.68570126891908, -222.6163758456893], [-231.67654160516616, -223.1729758454705], [-231.9701204484134, -220.7239358457214], [-227.07713972669802, -220.0560158454303]]]}, "properties": {"id": 59, "height_m": 3.0, "levels": 1, "category": "residencial", "extrude": true, "manzana_id": 6}}, {"type": "Feature", "geometry": {"type": "Polygon", "coordinates": [[[-227.07713972669802, -220.0560158454303], [-231.9701204484134, -220.7239358457214], [-231.67654160516616, -223.1729758454705], [-226.68570126891908, -222.6163758456893], [-227.07713972669802, -220.0560158454303]]]}, "properties": {"id": 60, "height_m": 6.0, "levels": 2, "category": "residencial", "extrude": true, "manzana_id": 6}}, {"type": "Feature", "geometry": {"type": "Polygon", "coordinates": [[[-226.39212242567177, -225.17673584555283], [-232.16583967712907, -225.95597584556288], [-231.67654160516616, -229.1842558457175], [-231.38296276157118, -230.85405584545654], [-225.70710512464555, -230.0748158454465], [-226.39212242567177, -225.17673584555283]]]}, "properties": {"id": 61, "height_m": 6.0, "levels": 2, "category": "residencial", "extrude": true, "manzana_id": 6}}, {"type": "Feature", "geometry": {"type": "Polygon", "coordinates": [[[-100.83823711054306, 322.74030415450693], [-87.43146993361302, 337.6571841544168], [-93.59662564284928, 358.69666415429265], [-98.29388713550136, 362.92682415429067], [-103.969744772427, 356.80422415432474], [-109.54774279516866, 350.6816241543588], [-114.34286390200475, 345.56090415463177], [-120.11658115346205, 339.3269841545514], [-120.2144407679937, 339.10434415432246], [-134.0126464027027, 324.1874641544126], [-133.9147867885187, 323.7421841543504], [-133.9147867885187, 323.7421841543504], [-133.9147867885187, 323.29690415428814], [-126.2817368626983, 316.2837441545932], [-100.83823711054306, 322.74030415450693]]]}, "properties": {"id": 62, "height_m": 3.0, "levels": 1, "category": "publico", "extrude": true, "manzana_id": 30}}, {"type": "Feature", "geometry": {"type": "Polygon", "coordinates": [[[-106.02479667550575, 369.71734415454773], [-111.40707546918411, 374.504104154327], [-116.98507349192576, 368.1588641545277], [-111.50493508371576, 363.37210415435294], [-109.449883180637, 365.4871841545497], [-107.68841012080556, 363.8173841544152], [-108.0798485785845, 363.37210415435294], [-104.94834091670056, 360.4777841545416], [-103.48044670046407, 362.14758415428065], [-101.03395633960636, 360.0325041544794], [-98.29388713550136, 362.92682415429067], [-103.969744772427, 367.8249041545798], [-106.2205159042214, 365.4871841545497], [-108.27556780730015, 367.26830415440315], [-106.02479667550575, 369.71734415454773]]]}, "properties": {"id": 63, "height_m": 3.0, "levels": 1, "category": "residencial", "extrude": true, "manzana_id": 30}}, {"type": "Feature", "geometry": {"type": "Polygon", "coordinates": [[[-108.0798485785845, 363.37210415435294], [-109.54774279516866, 361.7023041546139], [-103.969744772427, 356.80422415432474], [-102.59971017037451, 358.36270415434484], [-104.94834091670056, 360.4777841545416], [-108.0798485785845, 363.37210415435294]]]}, "properties": {"id": 64, "height_m": 6.0, "levels": 2, "category": "residencial", "extrude": true, "manzana_id": 30}}, {"type": "Feature", "geometry": {"type": "Polygon", "coordinates": [[[-110.13490048166325, 362.14758415428065], [-116.98507349192576, 368.1588641545277], [-122.1716330565408, 362.14758415428065], [-122.3673522856041, 362.0362641545617], [-109.54774279516866, 350.6816241543588], [-103.969744772427, 356.80422415432474], [-107.5905505062739, 359.92118415436494], [-110.03704086713161, 357.13818415427255], [-112.4835312279893, 359.3645841545838], [-110.13490048166325, 362.14758415428065]]]}, "properties": {"id": 65, "height_m": 3.0, "levels": 1, "category": "residencial", "extrude": true, "manzana_id": 30}}, {"type": "Feature", "geometry": {"type": "Polygon", "coordinates": [[[-115.81075811858891, 356.2476241545436], [-122.3673522856041, 362.0362641545617], [-126.67317532047724, 357.0268641545536], [-126.96675416372454, 356.6929041546058], [-120.508019611241, 351.01558415430657], [-115.81075811858891, 356.2476241545436]]]}, "properties": {"id": 66, "height_m": 6.0, "levels": 2, "category": "residencial", "extrude": true, "manzana_id": 30}}, {"type": "Feature", "geometry": {"type": "Polygon", "coordinates": [[[-115.81075811858891, 356.2476241545436], [-120.508019611241, 351.01558415430657], [-114.34286390200475, 345.56090415463177], [-109.54774279516866, 350.6816241543588], [-115.81075811858891, 356.2476241545436]]]}, "properties": {"id": 67, "height_m": 6.0, "levels": 2, "category": "residencial", "extrude": true, "manzana_id": 30}}, {"type": "Feature", "geometry": {"type": "Polygon", "coordinates": [[[-126.96675416372454, 356.6929041546058], [-132.5447521864662, 350.34766415441095], [-132.5447521864662, 350.34766415441095], [-120.11658115346205, 339.3269841545514], [-114.34286390200475, 345.56090415463177], [-126.96675416372454, 356.6929041546058]]]}, "properties": {"id": 68, "height_m": 3.0, "levels": 1, "category": "residencial", "extrude": true, "manzana_id": 30}}, {"type": "Feature", "geometry": {"type": "Polygon", "coordinates": [[[-125.79243879073536, 344.4477041542784], [-132.5447521864662, 350.34766415441095], [-137.92703098014454, 344.225064154445], [-129.5111041391139, 336.76662415429234], [-126.2817368626983, 340.5515041546237], [-127.9453503079981, 341.9986641545293], [-125.79243879073536, 344.4477041542784]]]}, "properties": {"id": 69, "height_m": 3.0, "levels": 1, "category": "residencial", "extrude": true, "manzana_id": 30}}, {"type": "Feature", "geometry": {"type": "Polygon", "coordinates": [[[-142.526432858265, 325.7459441544327], [-134.30622524594997, 325.96858415426607], [-134.7955233182606, 328.1949841545773], [-139.10134635313375, 327.97234415434843], [-139.39492519638102, 331.75722415428424], [-135.57840023381848, 331.8685441543987], [-137.14415406458664, 339.88358415433254], [-143.8964674603175, 339.54962415438473], [-144.09218668903313, 339.4383041542703], [-143.21145015929125, 331.42326415433644], [-141.44997709945977, 331.53458415445084], [-141.05853864168083, 327.74970415451503], [-142.72215208732828, 327.6383841544006], [-142.526432858265, 325.7459441544327]]]}, "properties": {"id": 70, "height_m": 3.0, "levels": 1, "category": "residencial", "extrude": true, "manzana_id": 30}}, {"type": "Feature", "geometry": {"type": "Polygon", "coordinates": [[[-152.1166750726325, 321.1818241544869], [-151.8230962293852, 320.6252241543102], [-151.23593854254293, 319.4007041546334], [-150.84450008511163, 318.5101441545089], [-150.35520201280104, 317.17430415432216], [-150.15948278408538, 316.06110415436433], [-149.96376355502207, 314.83658415429204], [-149.86590394049043, 314.50262415434423], [-149.86590394049043, 313.27810415427194], [-150.06162316955374, 312.0535841545951], [-147.32155396544874, 310.7177441544084], [-140.96067902749684, 312.4988641542619], [-141.54783671399144, 317.3969441545511], [-142.526432858265, 325.7459441544327], [-142.72215208732828, 327.6383841544006], [-142.72215208732828, 327.8610241546295], [-143.79860784578582, 336.8779441544068], [-153.29099044562167, 326.41386415432834], [-153.38885006015332, 326.3025441546094], [-153.68242890340062, 323.29690415428814], [-152.99741160237437, 322.5176641542781], [-152.50811353041144, 321.9610641544969], [-152.1166750726325, 321.1818241544869]]]}, "properties": {"id": 71, "height_m": 9.0, "levels": 3, "category": "residencial", "extrude": true, "manzana_id": 30}}, {"type": "Feature", "geometry": {"type": "Polygon", "coordinates": [[[-146.24509820664352, 318.7327841543423], [-145.46222129108563, 318.8441041544567], [-145.65794052014894, 320.6252241543102], [-146.44081743570683, 320.5139041545913], [-146.24509820664352, 318.7327841543423]]]}, "properties": {"id": 72, "height_m": 3.0, "levels": 1, "category": "residencial", "extrude": true, "manzana_id": 30}}, {"type": "Feature", "geometry": {"type": "Polygon", "coordinates": [[[-163.85982880426272, 119.24734415453827], [-161.70691728665233, 119.46998415437164], [-162.09835574443127, 125.36994415450422], [-164.25126726204167, 125.25862415438979], [-163.85982880426272, 119.24734415453827]]]}, "properties": {"id": 73, "height_m": 6.0, "levels": 2, "category": "residencial", "extrude": true, "manzana_id": 28}}, {"type": "Feature", "geometry": {"type": "Polygon", "coordinates": [[[-127.26033300697185, 107.44742415427311], [-128.33678876577704, 121.47374415445398], [-130.78327912663474, 121.2511041546206], [-131.27257719859767, 127.70766415453437], [-128.82608683808766, 127.8189841546488], [-130.29398105432415, 145.74150415448443], [-132.6426118006502, 145.63018415437], [-133.1319098729608, 151.75278415433596], [-130.6854195121031, 151.8641041544504], [-131.7618752709083, 164.4432641543301], [-134.0126464027027, 164.22062415449673], [-134.5019444750133, 170.00926415451488], [-132.15331372868724, 170.1205841546293], [-134.69766370372895, 202.2920641544792], [-169.24210759794107, 199.28642415455343], [-167.18705569486232, 167.78286415459917], [-165.0341441775996, 167.8941841543181], [-164.54484610528897, 161.99422415458102], [-166.6977576228994, 161.6602641546332], [-165.91488070734147, 149.63770415453467], [-163.56624996101542, 149.86034415436805], [-162.97909227452084, 143.96038415463096], [-165.52344224956252, 143.84906415451653], [-164.25126726204167, 125.25862415438979], [-162.09835574443127, 125.36994415450422], [-161.70691728665233, 119.46998415437164], [-163.85982880426272, 119.24734415453827], [-162.68551343092588, 102.7719841546083], [-159.84758461263687, 101.21350415458821], [-127.26033300697185, 107.44742415427311]]]}, "properties": {"id": 74, "height_m": 9.0, "levels": 3, "category": "residencial", "extrude": true, "manzana_id": 28}}, {"type": "Feature", "geometry": {"type": "Polygon", "coordinates": [[[-128.82608683808766, 127.8189841546488], [-131.27257719859767, 127.70766415453437], [-130.78327912663474, 121.2511041546206], [-128.33678876577704, 121.47374415445398], [-128.82608683808766, 127.8189841546488]]]}, "properties": {"id": 75, "height_m": 6.0, "levels": 2, "category": "residencial", "extrude": true, "manzana_id": 28}}, {"type": "Feature", "geometry": {"type": "Polygon", "coordinates": [[[-130.6854195121031, 151.8641041544504], [-133.1319098729608, 151.75278415433596], [-132.6426118006502, 145.63018415437], [-130.29398105432415, 145.74150415448443], [-130.6854195121031, 151.8641041544504]]]}, "properties": {"id": 76, "height_m": 6.0, "levels": 2, "category": "residencial", "extrude": true, "manzana_id": 28}}, {"type": "Feature", "geometry": {"type": "Polygon", "coordinates": [[[-165.52344224956252, 143.84906415451653], [-162.97909227452084, 143.96038415463096], [-163.56624996101542, 149.86034415436805], [-165.91488070734147, 149.63770415453467], [-165.52344224956252, 143.84906415451653]]]}, "properties": {"id": 77, "height_m": 6.0, "levels": 2, "category": "residencial", "extrude": true, "manzana_id": 28}}, {"type": "Feature", "geometry": {"type": "Polygon", "coordinates": [[[-166.6977576228994, 161.6602641546332], [-164.54484610528897, 161.99422415458102], [-165.0341441775996, 167.8941841543181], [-167.18705569486232, 167.78286415459917], [-166.6977576228994, 161.6602641546332]]]}, "properties": {"id": 78, "height_m": 6.0, "levels": 2, "category": "residencial", "extrude": true, "manzana_id": 28}}, {"type": "Feature", "geometry": {"type": "Polygon", "coordinates": [[[-132.15331372868724, 170.1205841546293], [-134.5019444750133, 170.00926415451488], [-134.0126464027027, 164.22062415449673], [-131.7618752709083, 164.4432641543301], [-132.15331372868724, 170.1205841546293]]]}, "properties": {"id": 79, "height_m": 6.0, "levels": 2, "category": "residencial", "extrude": true, "manzana_id": 28}}, {"type": "Feature", "geometry": {"type": "Polygon", "coordinates": [[[-142.42857324373333, 299.6970641545488], [-150.64878085604832, 297.581984154352], [-153.58456928886898, 294.2423841544785], [-155.05246350545312, 290.680144154376], [-157.20537502306354, 286.8952641544402], [-158.57540962511604, 285.0028241544723], [-160.14116345588417, 283.2217041546188], [-162.09835574443127, 281.2179441545365], [-164.64270571982064, 279.2141841544542], [-166.79561723708338, 277.65570415443403], [-169.24210759794107, 276.2085441545284], [-172.1778960307617, 274.53874415439384], [-174.42866716290376, 271.64442415458257], [-173.4500710186302, 257.61810415440164], [-171.39501911555146, 257.84074415463056], [-170.90572104324087, 251.94078415449795], [-173.05863256085127, 251.71814415426908], [-172.1778960307617, 239.47294415433717], [-170.12284412803064, 239.80690415428498], [-169.63354605572002, 233.9069441545479], [-171.68859795879877, 233.68430415431902], [-171.00358065777252, 223.55418415458388], [-168.94852875469377, 223.77682415441726], [-168.45923068238315, 217.87686415428468], [-170.61214219999357, 217.6542241544513], [-169.82926528443568, 206.85618415442505], [-167.7742133813569, 207.19014415437286], [-167.28491530939397, 201.29018415463577], [-169.4378268270044, 201.0675441544069], [-169.24210759794107, 199.28642415455343], [-134.69766370372895, 202.2920641544792], [-134.7955233182606, 204.07318415433267], [-137.14415406458664, 203.8505441544993], [-137.63345213689723, 209.527864154403], [-135.2848213905712, 209.75050415463187], [-136.1655579203131, 220.7711841544915], [-138.41632905210747, 220.65986415437706], [-138.9056271244181, 226.33718415428078], [-136.65485599227603, 226.55982415450964], [-137.43773290783395, 237.13522415430702], [-139.78636365416, 236.91258415447365], [-140.17780211193895, 242.7012241544918], [-137.92703098014454, 242.81254415460623], [-138.80776750988645, 254.05586415429923], [-141.05853864168083, 253.83322415446585], [-141.54783671399144, 259.51054415436954], [-139.1992059676654, 259.73318415459846], [-140.07994249740727, 270.4199041545103], [-142.33071362954934, 270.19726415428136], [-142.72215208732828, 275.8745841545806], [-140.5692405697179, 276.097224154414], [-142.42857324373333, 299.6970641545488]]]}, "properties": {"id": 80, "height_m": 9.0, "levels": 3, "category": "residencial", "extrude": true, "manzana_id": 28}}, {"type": "Feature", "geometry": {"type": "Polygon", "coordinates": [[[-171.68859795879877, 233.68430415431902], [-169.63354605572002, 233.9069441545479], [-170.12284412803064, 239.80690415428498], [-172.1778960307617, 239.47294415433717], [-171.68859795879877, 233.68430415431902]]]}, "properties": {"id": 81, "height_m": 6.0, "levels": 2, "category": "residencial", "extrude": true, "manzana_id": 28}}, {"type": "Feature", "geometry": {"type": "Polygon", "coordinates": [[[-170.61214219999357, 217.6542241544513], [-168.45923068238315, 217.87686415428468], [-168.94852875469377, 223.77682415441726], [-171.00358065777252, 223.55418415458388], [-170.61214219999357, 217.6542241544513]]]}, "properties": {"id": 82, "height_m": 6.0, "levels": 2, "category": "residencial", "extrude": true, "manzana_id": 28}}, {"type": "Feature", "geometry": {"type": "Polygon", "coordinates": [[[-136.65485599227603, 226.55982415450964], [-138.9056271244181, 226.33718415428078], [-138.41632905210747, 220.65986415437706], [-136.1655579203131, 220.7711841544915], [-136.65485599227603, 226.55982415450964]]]}, "properties": {"id": 83, "height_m": 6.0, "levels": 2, "category": "residencial", "extrude": true, "manzana_id": 28}}, {"type": "Feature", "geometry": {"type": "Polygon", "coordinates": [[[-139.1992059676654, 259.73318415459846], [-141.54783671399144, 259.51054415436954], [-141.05853864168083, 253.83322415446585], [-138.80776750988645, 254.05586415429923], [-139.1992059676654, 259.73318415459846]]]}, "properties": {"id": 84, "height_m": 6.0, "levels": 2, "category": "residencial", "extrude": true, "manzana_id": 28}}, {"type": "Feature", "geometry": {"type": "Polygon", "coordinates": [[[-169.4378268270044, 201.0675441544069], [-167.28491530939397, 201.29018415463577], [-167.7742133813569, 207.19014415437286], [-169.82926528443568, 206.85618415442505], [-169.4378268270044, 201.0675441544069]]]}, "properties": {"id": 85, "height_m": 6.0, "levels": 2, "category": "residencial", "extrude": true, "manzana_id": 28}}, {"type": "Feature", "geometry": {"type": "Polygon", "coordinates": [[[-137.92703098014454, 242.81254415460623], [-140.17780211193895, 242.7012241544918], [-139.78636365416, 236.91258415447365], [-137.43773290783395, 237.13522415430702], [-137.92703098014454, 242.81254415460623]]]}, "properties": {"id": 86, "height_m": 6.0, "levels": 2, "category": "residencial", "extrude": true, "manzana_id": 28}}, {"type": "Feature", "geometry": {"type": "Polygon", "coordinates": [[[-173.05863256085127, 251.71814415426908], [-170.90572104324087, 251.94078415449795], [-171.39501911555146, 257.84074415463056], [-173.4500710186302, 257.61810415440164], [-173.05863256085127, 251.71814415426908]]]}, "properties": {"id": 87, "height_m": 6.0, "levels": 2, "category": "residencial", "extrude": true, "manzana_id": 28}}, {"type": "Feature", "geometry": {"type": "Polygon", "coordinates": [[[-135.2848213905712, 209.75050415463187], [-137.63345213689723, 209.527864154403], [-137.14415406458664, 203.8505441544993], [-134.7955233182606, 204.07318415433267], [-135.2848213905712, 209.75050415463187]]]}, "properties": {"id": 88, "height_m": 6.0, "levels": 2, "category": "residencial", "extrude": true, "manzana_id": 28}}, {"type": "Feature", "geometry": {"type": "Polygon", "coordinates": [[[-140.5692405697179, 276.097224154414], [-142.72215208732828, 275.8745841545806], [-142.33071362954934, 270.19726415428136], [-140.07994249740727, 270.4199041545103], [-140.5692405697179, 276.097224154414]]]}, "properties": {"id": 89, "height_m": 6.0, "levels": 2, "category": "residencial", "extrude": true, "manzana_id": 28}}, {"type": "Feature", "geometry": {"type": "Polygon", "coordinates": [[[-87.82290839139198, 12.380144154629136], [-88.89936415019717, 12.380144154629136], [-88.70364492113387, 9.485824154422318], [-88.60578530694988, 7.48206415433998], [-84.69140072950802, 7.704704154568844], [-84.78926034403968, 9.708464154651182], [-84.98497957275532, 12.602784154462512], [-87.82290839139198, 12.380144154629136]]]}, "properties": {"id": 90, "height_m": 12.0, "levels": 4, "category": "residencial", "extrude": true, "manzana_id": 24}}, {"type": "Feature", "geometry": {"type": "Polygon", "coordinates": [[[-69.81673933599383, 28.966824154278044], [-85.96357571702886, 27.853624154320187], [-84.98497957275532, 12.602784154462512], [-84.78926034403968, 9.708464154651182], [-83.81066419976612, 9.374504154307886], [-82.34276998318197, 8.929224154641133], [-82.34276998318197, 11.489584154504655], [-79.30912193582968, 11.712224154338031], [-79.01554309258238, 7.9273441544022205], [-68.34884511940967, 4.58774415452865], [-68.54456434847299, 8.595264154297837], [-69.81673933599383, 28.966824154278044]]]}, "properties": {"id": 91, "height_m": 9.0, "levels": 3, "category": "residencial", "extrude": true, "manzana_id": 24}}, {"type": "Feature", "geometry": {"type": "Polygon", "coordinates": [[[-85.66999687378157, 24.402704154332184], [-89.68224106540741, 24.068744154384376], [-89.19294299344448, 19.17066415449071], [-87.62718916232866, 19.393304154324085], [-87.43146993361302, 17.50086415435618], [-85.27855841600261, 17.723504154585044], [-85.66999687378157, 24.402704154332184]]]}, "properties": {"id": 92, "height_m": 12.0, "levels": 4, "category": "residencial", "extrude": true, "manzana_id": 24}}, {"type": "Feature", "geometry": {"type": "Polygon", "coordinates": [[[-85.66999687378157, 24.402704154332184], [-85.96357571702886, 27.853624154320187], [-105.63335821772681, 26.40646415441452], [-105.53549860319515, 24.402704154332184], [-104.16546400149032, 1.9160641545506962], [-103.1868678568691, -14.22533584543146], [-93.89020448609656, -13.00081584535917], [-88.99722376438116, -12.221575845349122], [-84.59354111497636, -11.553655845453505], [-84.39782188626073, -11.442335845734561], [-83.90852381395011, 7.704704154568844], [-83.81066419976612, 9.374504154307886], [-84.78926034403968, 9.708464154651182], [-84.69140072950802, 7.704704154568844], [-88.60578530694988, 7.48206415433998], [-88.70364492113387, 9.485824154422318], [-88.89936415019717, 12.380144154629136], [-87.82290839139198, 12.380144154629136], [-84.98497957275532, 12.602784154462512], [-85.27855841600261, 17.723504154585044], [-87.43146993361302, 17.50086415435618], [-87.62718916232866, 19.393304154324085], [-89.19294299344448, 19.17066415449071], [-89.68224106540741, 24.068744154384376], [-85.66999687378157, 24.402704154332184]]]}, "properties": {"id": 93, "height_m": 9.0, "levels": 3, "category": "residencial", "extrude": true, "manzana_id": 24}}, {"type": "Feature", "geometry": {"type": "Polygon", "coordinates": [[[-69.81673933599383, 28.966824154278044], [-71.38249316676198, 52.78930415464174], [-87.33361031908136, 51.676104154288396], [-86.74645263258677, 41.99126415461549], [-85.96357571702886, 27.853624154320187], [-69.81673933599383, 28.966824154278044]]]}, "properties": {"id": 94, "height_m": 9.0, "levels": 3, "category": "residencial", "extrude": true, "manzana_id": 24}}, {"type": "Feature", "geometry": {"type": "Polygon", "coordinates": [[[-85.96357571702886, 27.853624154320187], [-86.15929494609217, 31.527184154537053], [-89.97581990865471, 31.30454415430819], [-90.36725836643366, 36.202624154597345], [-86.45287378933948, 36.42526415443072], [-86.74645263258677, 41.99126415461549], [-88.99722376438116, 41.76862415438663], [-89.19294299344448, 43.661064154354534], [-90.66083720968096, 43.54974415463559], [-91.15013528199157, 48.336504154414826], [-87.23575070489737, 48.781784154477066], [-87.33361031908136, 51.676104154288396], [-107.19911204884262, 50.34026415449716], [-107.00339281977931, 47.11198415434254], [-105.63335821772681, 26.40646415441452], [-85.96357571702886, 27.853624154320187]]]}, "properties": {"id": 95, "height_m": 9.0, "levels": 3, "category": "residencial", "extrude": true, "manzana_id": 24}}, {"type": "Feature", "geometry": {"type": "Polygon", "coordinates": [[[-86.45287378933948, 36.42526415443072], [-90.36725836643366, 36.202624154597345], [-89.97581990865471, 31.30454415430819], [-86.15929494609217, 31.527184154537053], [-86.45287378933948, 36.42526415443072]]]}, "properties": {"id": 96, "height_m": 12.0, "levels": 4, "category": "residencial", "extrude": true, "manzana_id": 24}}, {"type": "Feature", "geometry": {"type": "Polygon", "coordinates": [[[-71.38249316676198, 52.78930415464174], [-72.94824699787779, 77.16838415439113], [-88.80150453566552, 75.94386415431885], [-87.33361031908136, 51.676104154288396], [-71.38249316676198, 52.78930415464174]]]}, "properties": {"id": 97, "height_m": 9.0, "levels": 3, "category": "residencial", "extrude": true, "manzana_id": 24}}, {"type": "Feature", "geometry": {"type": "Polygon", "coordinates": [[[-87.23575070489737, 48.781784154477066], [-91.15013528199157, 48.336504154414826], [-90.66083720968096, 43.54974415463559], [-89.19294299344448, 43.661064154354534], [-88.99722376438116, 41.76862415438663], [-86.74645263258677, 41.99126415461549], [-87.23575070489737, 48.781784154477066]]]}, "properties": {"id": 98, "height_m": 12.0, "levels": 4, "category": "residencial", "extrude": true, "manzana_id": 24}}, {"type": "Feature", "geometry": {"type": "Polygon", "coordinates": [[[-87.33361031908136, 51.676104154288396], [-87.62718916232866, 55.57230415433864], [-91.54157373977051, 55.34966415450526], [-91.83515258301782, 60.24774415439893], [-87.92076800592363, 60.470384154627794], [-88.21434684917092, 65.92506415430265], [-88.31220646335491, 65.92506415430265], [-90.46511798096532, 65.59110415435484], [-90.66083720968096, 67.48354415432274], [-92.22659104079678, 67.3722241546038], [-92.61802949857572, 72.27030415449747], [-88.60578530694988, 72.60426415444527], [-88.80150453566552, 75.94386415431885], [-108.66700626507911, 74.2740641545798], [-108.27556780730015, 69.37598415429065], [-107.19911204884262, 50.34026415449716], [-87.33361031908136, 51.676104154288396]]]}, "properties": {"id": 99, "height_m": 9.0, "levels": 3, "category": "residencial", "extrude": true, "manzana_id": 24}}, {"type": "Feature", "geometry": {"type": "Polygon", "coordinates": [[[-88.31220646335491, 65.92506415430265], [-88.21434684917092, 65.92506415430265], [-88.60578530694988, 72.60426415444527], [-92.61802949857572, 72.27030415449747], [-92.22659104079678, 67.3722241546038], [-90.66083720968096, 67.48354415432274], [-90.46511798096532, 65.59110415435484], [-88.31220646335491, 65.92506415430265]]]}, "properties": {"id": 100, "height_m": 12.0, "levels": 4, "category": "residencial", "extrude": true, "manzana_id": 24}}, {"type": "Feature", "geometry": {"type": "Polygon", "coordinates": [[[-87.92076800592363, 60.470384154627794], [-91.83515258301782, 60.24774415439893], [-91.54157373977051, 55.34966415450526], [-87.62718916232866, 55.57230415433864], [-87.92076800592363, 60.470384154627794]]]}, "properties": {"id": 101, "height_m": 12.0, "levels": 4, "category": "residencial", "extrude": true, "manzana_id": 24}}, {"type": "Feature", "geometry": {"type": "Polygon", "coordinates": [[[-72.94824699787779, 77.16838415439113], [-73.43754506984072, 86.07398415444948], [-74.61186044317758, 104.10782415439954], [-90.36725836643366, 101.21350415458821], [-88.80150453566552, 75.94386415431885], [-72.94824699787779, 77.16838415439113]]]}, "properties": {"id": 102, "height_m": 9.0, "levels": 3, "category": "residencial", "extrude": true, "manzana_id": 24}}, {"type": "Feature", "geometry": {"type": "Polygon", "coordinates": [[[-88.80150453566552, 75.94386415431885], [-89.09508337891282, 79.84006415436909], [-93.00946795635467, 79.61742415453571], [-93.30304679960197, 84.40418415431495], [-89.38866222216012, 84.73814415426276], [-89.68224106540741, 89.97018415449972], [-91.83515258301782, 89.85886415438529], [-91.93301219754947, 91.63998415463425], [-93.59662564284928, 91.52866415451982], [-93.98806410062822, 96.42674415441348], [-90.07367952318637, 96.87202415447572], [-90.36725836643366, 101.21350415458821], [-93.30304679960197, 100.65690415441154], [-98.48960636421701, 99.76634415428705], [-110.13490048166325, 97.53994415437134], [-109.54774279516866, 88.18906415464625], [-108.66700626507911, 74.2740641545798], [-88.80150453566552, 75.94386415431885]]]}, "properties": {"id": 103, "height_m": 9.0, "levels": 3, "category": "residencial", "extrude": true, "manzana_id": 24}}, {"type": "Feature", "geometry": {"type": "Polygon", "coordinates": [[[-90.07367952318637, 96.87202415447572], [-93.98806410062822, 96.42674415441348], [-93.59662564284928, 91.52866415451982], [-91.93301219754947, 91.63998415463425], [-91.83515258301782, 89.85886415438529], [-89.68224106540741, 89.97018415449972], [-90.07367952318637, 96.87202415447572]]]}, "properties": {"id": 104, "height_m": 12.0, "levels": 4, "category": "residencial", "extrude": true, "manzana_id": 24}}, {"type": "Feature", "geometry": {"type": "Polygon", "coordinates": [[[-99.37034289430657, 91.97394415458206], [-96.23883523242262, 92.30790415452987], [-96.43455446113826, 95.42486415457006], [-99.5660621230222, 95.2022241543412], [-99.37034289430657, 91.97394415458206]]]}, "properties": {"id": 105, "height_m": 9.0, "levels": 3, "category": "residencial", "extrude": true, "manzana_id": 24}}, {"type": "Feature", "geometry": {"type": "Polygon", "coordinates": [[[-89.38866222216012, 84.73814415426276], [-93.30304679960197, 84.40418415431495], [-93.00946795635467, 79.61742415453571], [-89.09508337891282, 79.84006415436909], [-89.38866222216012, 84.73814415426276]]]}, "properties": {"id": 106, "height_m": 12.0, "levels": 4, "category": "residencial", "extrude": true, "manzana_id": 24}}, {"type": "Feature", "geometry": {"type": "Polygon", "coordinates": [[[-119.33370423825181, -16.00645584568042], [-126.08601763398265, 94.64562415456001], [-138.70990789535477, 92.19658415441543], [-142.62429247279664, 91.52866415451982], [-142.62429247279664, 91.41734415440538], [-134.69766370372895, -16.117775845399365], [-138.3184694379235, -16.34041584562823], [-138.22060982339184, -18.566815845543942], [-119.33370423825181, -16.00645584568042]]]}, "properties": {"id": 107, "height_m": 9.0, "levels": 3, "category": "residencial", "extrude": true, "manzana_id": 26}}, {"type": "Feature", "geometry": {"type": "Polygon", "coordinates": [[[-138.22060982339184, -18.566815845543942], [-138.3184694379235, -16.34041584562823], [-134.69766370372895, -16.117775845399365], [-142.62429247279664, 91.41734415440538], [-142.62429247279664, 91.52866415451982], [-160.6304615281948, 88.18906415464625], [-161.02189998562608, 87.743784154584], [-162.5876538167419, 85.74002415450167], [-161.51119805793667, 68.9307041546239], [-159.2604269261423, 32.75170415460934], [-157.40109425177917, 3.6971841544041695], [-155.93320003519503, -20.681895845345224], [-155.93320003519503, -20.904535845574088], [-138.22060982339184, -18.566815845543942]]]}, "properties": {"id": 108, "height_m": 12.0, "levels": 4, "category": "residencial", "extrude": true, "manzana_id": 26}}, {"type": "Feature", "geometry": {"type": "Polygon", "coordinates": [[[-133.32762910167645, -38.27045584562853], [-137.04629445005497, -38.27045584562853], [-136.94843483587098, -41.721375845616535], [-133.1319098729608, -41.721375845616535], [-133.32762910167645, -38.27045584562853]]]}, "properties": {"id": 109, "height_m": 15.0, "levels": 5, "category": "residencial", "extrude": true, "manzana_id": 20}}, {"type": "Feature", "geometry": {"type": "Polygon", "coordinates": [[[-133.62120794492373, -33.59501584556824], [-154.17172697571124, -35.93273584559839], [-149.6701847117748, -118.75481584570593], [-132.8383310297135, -116.63973584550916], [-133.03405025842915, -113.18881584552116], [-129.21752529551893, -113.07749584540673], [-129.3153849100506, -111.40769584566769], [-133.1319098729608, -111.40769584566769], [-133.22976948749246, -107.95677584567969], [-129.5111041391139, -107.95677584567969], [-130.00040221107685, -99.38513584556915], [-133.62120794492373, -99.49645584568358], [-133.7190675594554, -95.93421584558115], [-130.19612144014016, -95.93421584558115], [-130.6854195121031, -86.91729584540838], [-134.30622524594997, -86.80597584568943], [-134.208365631766, -83.35505584570143], [-130.8811387411664, -83.46637584542037], [-131.37043681312934, -74.56077584536203], [-134.7955233182606, -74.67209584547646], [-134.89338293279224, -71.22117584548846], [-131.56615604219266, -71.10985584537403], [-132.6426118006502, -50.73829584539382], [-136.36127714902872, -50.73829584539382], [-136.36127714902872, -47.176055845686875], [-132.8383310297135, -47.28737584540582], [-133.1319098729608, -41.721375845616535], [-136.94843483587098, -41.721375845616535], [-137.04629445005497, -38.27045584562853], [-133.32762910167645, -38.27045584562853], [-133.62120794492373, -33.59501584556824]]]}, "properties": {"id": 110, "height_m": 12.0, "levels": 4, "category": "residencial", "extrude": true, "manzana_id": 20}}, {"type": "Feature", "geometry": {"type": "Polygon", "coordinates": [[[-129.5111041391139, -107.95677584567969], [-133.22976948749246, -107.95677584567969], [-133.1319098729608, -111.40769584566769], [-129.3153849100506, -111.40769584566769], [-129.5111041391139, -107.95677584567969]]]}, "properties": {"id": 111, "height_m": 15.0, "levels": 5, "category": "residencial", "extrude": true, "manzana_id": 20}}, {"type": "Feature", "geometry": {"type": "Polygon", "coordinates": [[[-130.19612144014016, -95.93421584558115], [-133.7190675594554, -95.93421584558115], [-133.62120794492373, -99.49645584568358], [-130.00040221107685, -99.38513584556915], [-130.19612144014016, -95.93421584558115]]]}, "properties": {"id": 112, "height_m": 15.0, "levels": 5, "category": "residencial", "extrude": true, "manzana_id": 20}}, {"type": "Feature", "geometry": {"type": "Polygon", "coordinates": [[[-132.8383310297135, -116.63973584550916], [-112.97282929995225, -114.19069584536459], [-116.8872138773941, -31.591255845485904], [-133.62120794492373, -33.59501584556824], [-133.32762910167645, -38.27045584562853], [-133.1319098729608, -41.721375845616535], [-132.8383310297135, -47.28737584540582], [-132.6426118006502, -50.73829584539382], [-131.56615604219266, -71.10985584537403], [-131.37043681312934, -74.56077584536203], [-130.8811387411664, -83.46637584542037], [-130.6854195121031, -86.91729584540838], [-130.19612144014016, -95.93421584558115], [-130.00040221107685, -99.38513584556915], [-129.5111041391139, -107.95677584567969], [-129.3153849100506, -111.40769584566769], [-129.21752529551893, -113.07749584540673], [-133.03405025842915, -113.18881584552116], [-132.8383310297135, -116.63973584550916]]]}, "properties": {"id": 113, "height_m": 9.0, "levels": 3, "category": "residencial", "extrude": true, "manzana_id": 20}}, {"type": "Feature", "geometry": {"type": "Polygon", "coordinates": [[[-130.8811387411664, -83.46637584542037], [-134.208365631766, -83.35505584570143], [-134.30622524594997, -86.80597584568943], [-130.6854195121031, -86.91729584540838], [-130.8811387411664, -83.46637584542037]]]}, "properties": {"id": 114, "height_m": 15.0, "levels": 5, "category": "residencial", "extrude": true, "manzana_id": 20}}, {"type": "Feature", "geometry": {"type": "Polygon", "coordinates": [[[-131.56615604219266, -71.10985584537403], [-134.89338293279224, -71.22117584548846], [-134.7955233182606, -74.67209584547646], [-131.37043681312934, -74.56077584536203], [-131.56615604219266, -71.10985584537403]]]}, "properties": {"id": 115, "height_m": 15.0, "levels": 5, "category": "residencial", "extrude": true, "manzana_id": 20}}, {"type": "Feature", "geometry": {"type": "Polygon", "coordinates": [[[-132.8383310297135, -47.28737584540582], [-136.36127714902872, -47.176055845686875], [-136.36127714902872, -50.73829584539382], [-132.6426118006502, -50.73829584539382], [-132.8383310297135, -47.28737584540582]]]}, "properties": {"id": 116, "height_m": 15.0, "levels": 5, "category": "residencial", "extrude": true, "manzana_id": 20}}, {"type": "Feature", "geometry": {"type": "Polygon", "coordinates": [[[-29.302858961608756, 48.11386415458145], [-31.749349322466458, 48.00254415446702], [-31.162191635624197, 40.766744154543204], [-28.226403202803553, 41.10070415449101], [-29.302858961608756, 48.11386415458145]]]}, "properties": {"id": 117, "height_m": 12.0, "levels": 4, "category": "residencial", "extrude": true, "manzana_id": 32}}, {"type": "Feature", "geometry": {"type": "Polygon", "coordinates": [[[-51.614851051880045, 41.43466415443882], [-54.55063948470069, 41.212024154605444], [-53.76776256949045, 29.412104154340284], [-51.614851051880045, 29.746064154288092], [-48.581203004527744, 30.191344154350332], [-27.14994744399835, 33.53094415461939], [-27.541385901777304, 36.42526415443072], [-48.09190493221714, 33.41962415450496], [-48.77692223324339, 33.30830415439053], [-51.125552979569434, 32.97434415444272], [-51.614851051880045, 41.43466415443882]]]}, "properties": {"id": 118, "height_m": 6.0, "levels": 2, "category": "residencial", "extrude": true, "manzana_id": 32}}, {"type": "Feature", "geometry": {"type": "Polygon", "coordinates": [[[-52.006289509659, 47.3346241545714], [-54.844218327947985, 47.11198415434254], [-54.55063948470069, 41.212024154605444], [-51.614851051880045, 41.43466415443882], [-51.810570280595684, 43.99502415430234], [-52.006289509659, 47.3346241545714]]]}, "properties": {"id": 119, "height_m": 6.0, "levels": 2, "category": "residencial", "extrude": true, "manzana_id": 32}}, {"type": "Feature", "geometry": {"type": "Polygon", "coordinates": [[[-52.299868352906294, 52.900624154360685], [-55.23565678572694, 52.67798415452731], [-54.844218327947985, 47.11198415434254], [-52.006289509659, 47.3346241545714], [-52.299868352906294, 52.900624154360685]]]}, "properties": {"id": 120, "height_m": 6.0, "levels": 2, "category": "residencial", "extrude": true, "manzana_id": 32}}, {"type": "Feature", "geometry": {"type": "Polygon", "coordinates": [[[-52.59344719615359, 58.24398415431659], [-55.529235628974234, 58.13266415459765], [-55.33351640025859, 55.015704154557454], [-55.23565678572694, 52.67798415452731], [-52.299868352906294, 52.900624154360685], [-52.299868352906294, 53.01194415447512], [-52.59344719615359, 58.24398415431659]]]}, "properties": {"id": 121, "height_m": 6.0, "levels": 2, "category": "residencial", "extrude": true, "manzana_id": 32}}, {"type": "Feature", "geometry": {"type": "Polygon", "coordinates": [[[-52.984885653932544, 64.14394415444917], [-55.92067408675319, 64.03262415433474], [-55.529235628974234, 58.13266415459765], [-52.59344719615359, 58.24398415431659], [-52.78916642486924, 61.24962415463784], [-52.984885653932544, 64.14394415444917]]]}, "properties": {"id": 122, "height_m": 6.0, "levels": 2, "category": "residencial", "extrude": true, "manzana_id": 32}}, {"type": "Feature", "geometry": {"type": "Polygon", "coordinates": [[[-53.3763241117115, 70.04390415458175], [-56.31211254453214, 69.82126415435289], [-56.116393315816495, 67.0382641542605], [-55.92067408675319, 64.03262415433474], [-52.984885653932544, 64.14394415444917], [-53.3763241117115, 70.04390415458175]]]}, "properties": {"id": 123, "height_m": 6.0, "levels": 2, "category": "residencial", "extrude": true, "manzana_id": 32}}, {"type": "Feature", "geometry": {"type": "Polygon", "coordinates": [[[-53.66990295495879, 75.8325441545999], [-56.60569138777944, 75.4985841546521], [-56.31211254453214, 69.82126415435289], [-53.3763241117115, 70.04390415458175], [-53.3763241117115, 70.93446415431075], [-53.66990295495879, 75.8325441545999]]]}, "properties": {"id": 124, "height_m": 6.0, "levels": 2, "category": "residencial", "extrude": true, "manzana_id": 32}}, {"type": "Feature", "geometry": {"type": "Polygon", "coordinates": [[[-53.96348179820609, 81.50986415450362], [-56.99712984555839, 81.17590415455581], [-56.89927023102673, 80.28534415443133], [-56.60569138777944, 75.4985841546521], [-53.66990295495879, 75.8325441545999], [-53.96348179820609, 81.50986415450362]]]}, "properties": {"id": 125, "height_m": 6.0, "levels": 2, "category": "residencial", "extrude": true, "manzana_id": 32}}, {"type": "Feature", "geometry": {"type": "Polygon", "coordinates": [[[-54.35492025598504, 87.52114415435514], [-57.388568303337344, 87.18718415440733], [-56.99712984555839, 81.17590415455581], [-53.96348179820609, 81.50986415450362], [-54.159201026921735, 84.62682415454381], [-54.35492025598504, 87.52114415435514]]]}, "properties": {"id": 126, "height_m": 6.0, "levels": 2, "category": "residencial", "extrude": true, "manzana_id": 32}}, {"type": "Feature", "geometry": {"type": "Polygon", "coordinates": [[[-54.35492025598504, 87.52114415435514], [-54.64849909923234, 92.86450415431105], [-57.68214714658464, 92.7531841545921], [-57.388568303337344, 87.18718415440733], [-54.35492025598504, 87.52114415435514]]]}, "properties": {"id": 127, "height_m": 6.0, "levels": 2, "category": "residencial", "extrude": true, "manzana_id": 32}}, {"type": "Feature", "geometry": {"type": "Polygon", "coordinates": [[[-47.896185703501494, 105.8889441546485], [-38.208083874950006, 107.7813841546164], [-38.59952233238129, 110.78702415454217], [-48.38548377546444, 109.0059041542932], [-47.896185703501494, 105.8889441546485]]]}, "properties": {"id": 128, "height_m": 6.0, "levels": 2, "category": "residencial", "extrude": true, "manzana_id": 32}}, {"type": "Feature", "geometry": {"type": "Polygon", "coordinates": [[[-48.38548377546444, 109.0059041542932], [-58.56288367632653, 107.1134641543253], [-58.171445218895244, 99.76634415428705], [-58.07358560436359, 98.43050415449582], [-55.03993755701129, 98.6531441543292], [-55.13779717119528, 100.2116241543493], [-55.33351640025859, 104.55310415446178], [-47.896185703501494, 105.8889441546485], [-48.38548377546444, 109.0059041542932]]]}, "properties": {"id": 129, "height_m": 6.0, "levels": 2, "category": "residencial", "extrude": true, "manzana_id": 32}}, {"type": "Feature", "geometry": {"type": "Polygon", "coordinates": [[[-53.3763241117115, 70.04390415458175], [-44.079660740591294, 70.489184154644], [-44.079660740591294, 70.60050415436294], [-44.079660740591294, 70.8231441545918], [-44.17752035512295, 72.27030415449747], [-38.5016627181973, 72.60426415444527], [-38.40380310366565, 70.93446415431075], [-38.40380310366565, 70.8231441545918], [-32.82580508092399, 71.26842415465404], [-37.52306657392376, 102.88330415432725], [-38.208083874950006, 107.7813841546164], [-55.33351640025859, 104.55310415446178], [-55.13779717119528, 100.2116241543493], [-54.159201026921735, 84.62682415454381], [-53.3763241117115, 70.93446415431075], [-53.3763241117115, 70.04390415458175]]]}, "properties": {"id": 130, "height_m": 9.0, "levels": 3, "category": "residencial", "extrude": true, "manzana_id": 32}}, {"type": "Feature", "geometry": {"type": "Polygon", "coordinates": [[[-44.079660740591294, 70.489184154644], [-53.3763241117115, 70.04390415458175], [-52.78916642486924, 61.24962415463784], [-52.299868352906294, 53.01194415447512], [-51.810570280595684, 43.99502415430234], [-51.125552979569434, 32.97434415444272], [-48.77692223324339, 33.30830415439053], [-48.09190493221714, 33.41962415450496], [-27.541385901777304, 36.42526415443072], [-28.226403202803553, 41.10070415449101], [-31.162191635624197, 40.766744154543204], [-31.749349322466458, 48.00254415446702], [-29.302858961608756, 48.11386415458145], [-31.064332021440208, 59.80246415433669], [-33.51082238195024, 59.46850415438888], [-33.902260839729195, 65.70242415446927], [-31.945068551182104, 66.03638415441708], [-32.82580508092399, 71.26842415465404], [-38.40380310366565, 70.8231441545918], [-38.305943489133995, 69.2646641545717], [-38.990960790160244, 69.2646641545717], [-43.981801126059636, 68.9307041546239], [-44.079660740591294, 70.489184154644]]]}, "properties": {"id": 131, "height_m": 9.0, "levels": 3, "category": "residencial", "extrude": true, "manzana_id": 32}}, {"type": "Feature", "geometry": {"type": "Polygon", "coordinates": [[[-55.03993755701129, 98.6531441543292], [-58.07358560436359, 98.43050415449582], [-57.68214714658464, 92.7531841545921], [-54.64849909923234, 92.86450415431105], [-55.03993755701129, 98.6531441543292]]]}, "properties": {"id": 132, "height_m": 6.0, "levels": 2, "category": "residencial", "extrude": true, "manzana_id": 32}}, {"type": "Feature", "geometry": {"type": "Polygon", "coordinates": [[[-31.064332021440208, 59.91378415445112], [-31.945068551182104, 65.36846415452146], [-31.945068551182104, 66.03638415441708], [-33.902260839729195, 65.70242415446927], [-33.51082238195024, 59.46850415438888], [-31.064332021440208, 59.80246415433669], [-31.064332021440208, 59.91378415445112]]]}, "properties": {"id": 133, "height_m": 12.0, "levels": 4, "category": "residencial", "extrude": true, "manzana_id": 32}}, {"type": "Feature", "geometry": {"type": "Polygon", "coordinates": [[[-82.63634882642927, -87.25125584535618], [-87.62718916232866, -87.91917584564729], [-87.52932954814467, -91.37009584563529], [-82.04919113993468, -90.81349584545862], [-80.87487576659781, -90.47953584551081], [-81.26631422437677, -87.13993584563724], [-82.63634882642927, -87.25125584535618]]]}, "properties": {"id": 134, "height_m": 12.0, "levels": 4, "category": "residencial", "extrude": true, "manzana_id": 21}}, {"type": "Feature", "geometry": {"type": "Polygon", "coordinates": [[[-61.69439133821049, -94.26441584544662], [-64.72803938556278, -94.59837584539443], [-64.43446054231548, -97.82665584554906], [-62.67298748248403, -97.60401584571568], [-62.67298748248403, -97.60401584571568], [-61.40081249496318, -97.49269584560125], [-61.69439133821049, -94.26441584544662]]]}, "properties": {"id": 135, "height_m": 3.0, "levels": 1, "category": "residencial", "extrude": true, "manzana_id": 21}}, {"type": "Feature", "geometry": {"type": "Polygon", "coordinates": [[[-64.72803938556278, -94.59837584539443], [-72.36108931138318, -95.60025584563334], [-71.96965085360424, -98.93985584550691], [-71.08891432351467, -98.71721584567354], [-64.43446054231548, -97.82665584554906], [-64.72803938556278, -94.59837584539443]]]}, "properties": {"id": 136, "height_m": 6.0, "levels": 2, "category": "residencial", "extrude": true, "manzana_id": 21}}, {"type": "Feature", "geometry": {"type": "Polygon", "coordinates": [[[-75.59045658745113, -78.5682958455267], [-78.42838540608778, -79.01357584558895], [-77.64550849052988, -84.46825584565929], [-76.17761427394572, -84.24561584543042], [-74.80757967189322, -84.02297584559705], [-75.59045658745113, -78.5682958455267]]]}, "properties": {"id": 137, "height_m": 12.0, "levels": 4, "category": "residencial", "extrude": true, "manzana_id": 21}}, {"type": "Feature", "geometry": {"type": "Polygon", "coordinates": [[[-75.98189504523008, -75.67397584571538], [-76.17761427394572, -74.33813584552865], [-79.11340270711403, -74.7834158455909], [-78.91768347805072, -76.11925584538213], [-75.98189504523008, -75.67397584571538]]]}, "properties": {"id": 138, "height_m": 12.0, "levels": 4, "category": "residencial", "extrude": true, "manzana_id": 21}}, {"type": "Feature", "geometry": {"type": "Polygon", "coordinates": [[[-78.03694694830882, -56.08165584534973], [-80.97273538112947, -56.19297584546416], [-80.67915653788218, -62.87217584560679], [-77.93908733377718, -62.76085584549236], [-78.03694694830882, -56.08165584534973]]]}, "properties": {"id": 139, "height_m": 12.0, "levels": 4, "category": "residencial", "extrude": true, "manzana_id": 21}}, {"type": "Feature", "geometry": {"type": "Polygon", "coordinates": [[[-78.03694694830882, -53.07601584542397], [-78.23266617702447, -46.730775845624635], [-81.26631422437677, -46.84209584573907], [-81.07059499566112, -53.1873358455384], [-78.03694694830882, -53.07601584542397]]]}, "properties": {"id": 140, "height_m": 12.0, "levels": 4, "category": "residencial", "extrude": true, "manzana_id": 21}}, {"type": "Feature", "geometry": {"type": "Polygon", "coordinates": [[[-83.22350651292386, -83.35505584570143], [-83.61494497070282, -80.1267758455468], [-86.25715456027616, -80.23809584566123], [-86.15929494609217, -83.68901584564924], [-83.22350651292386, -83.35505584570143]]]}, "properties": {"id": 141, "height_m": 6.0, "levels": 2, "category": "residencial", "extrude": true, "manzana_id": 21}}, {"type": "Feature", "geometry": {"type": "Polygon", "coordinates": [[[-85.96357571702886, -35.042175845473906], [-70.99105470933068, -33.59501584556824], [-64.72803938556278, -94.59837584539443], [-61.69439133821049, -94.26441584544662], [-68.54456434847299, -31.368615845652528], [-69.62102010727818, -30.366735845413615], [-85.86571610284487, -32.036535845548144], [-85.96357571702886, -35.042175845473906]]]}, "properties": {"id": 142, "height_m": 6.0, "levels": 2, "category": "residencial", "extrude": true, "manzana_id": 21}}, {"type": "Feature", "geometry": {"type": "Polygon", "coordinates": [[[-86.15929494609217, -57.08353584558864], [-83.61494497070282, -56.97221584547421], [-82.92992766967657, -64.54197584534583], [-82.53848921189761, -69.88533584569723], [-86.74645263258677, -70.1079758455306], [-86.25715456027616, -80.23809584566123], [-83.61494497070282, -80.1267758455468], [-83.22350651292386, -83.35505584570143], [-82.63634882642927, -87.25125584535618], [-81.26631422437677, -87.13993584563724], [-80.87487576659781, -90.47953584551081], [-82.04919113993468, -90.81349584545862], [-80.67915653788218, -100.1643758455792], [-71.96965085360424, -98.93985584550691], [-72.36108931138318, -95.60025584563334], [-64.72803938556278, -94.59837584539443], [-70.99105470933068, -33.59501584556824], [-85.96357571702886, -35.042175845473906], [-86.15929494609217, -57.08353584558864]]]}, "properties": {"id": 143, "height_m": 9.0, "levels": 3, "category": "residencial", "extrude": true, "manzana_id": 21}}, {"type": "Feature", "geometry": {"type": "Polygon", "coordinates": [[[-86.15929494609217, -57.08353584558864], [-86.25715456027616, -61.6476558455345], [-86.94217186130241, -61.98161584548231], [-86.74645263258677, -70.1079758455306], [-82.53848921189761, -69.88533584569723], [-82.92992766967657, -64.54197584534583], [-83.61494497070282, -56.97221584547421], [-86.15929494609217, -57.08353584558864]]]}, "properties": {"id": 144, "height_m": 12.0, "levels": 4, "category": "residencial", "extrude": true, "manzana_id": 21}}, {"type": "Feature", "geometry": {"type": "Polygon", "coordinates": [[[41.15606342886801, -64.20801584539802], [40.47104612784176, -64.31933584551246], [42.3303788018572, -76.6758558455588], [43.01539610288345, -76.56453584544437], [41.15606342886801, -64.20801584539802]]]}, "properties": {"id": 145, "height_m": 3.0, "levels": 1, "category": "residencial", "extrude": true, "manzana_id": 31}}, {"type": "Feature", "geometry": {"type": "Polygon", "coordinates": [[[50.550586414172194, -69.66269584546836], [49.865569113145945, -65.54385584558474], [48.006236439130504, -65.87781584553255], [48.5933941256251, -69.99665584541617], [50.550586414172194, -69.66269584546836]]]}, "properties": {"id": 146, "height_m": 9.0, "levels": 3, "category": "residencial", "extrude": true, "manzana_id": 31}}, {"type": "Feature", "geometry": {"type": "Polygon", "coordinates": [[[51.9206210162247, -62.53821584565898], [51.43132294391409, -59.08729584567098], [46.4404826080147, -59.755215845566596], [46.92978068032531, -63.31745584566903], [51.9206210162247, -62.53821584565898]]]}, "properties": {"id": 147, "height_m": 9.0, "levels": 3, "category": "residencial", "extrude": true, "manzana_id": 31}}, {"type": "Feature", "geometry": {"type": "Polygon", "coordinates": [[[41.35178265758365, -56.749575845640834], [42.3303788018572, -63.98537584556465], [41.15606342886801, -64.20801584539802], [43.01539610288345, -76.56453584544437], [45.46188646374115, -76.23057584549656], [45.853324921520105, -76.11925584538213], [47.61479798135156, -75.89661584554875], [46.734061451261994, -70.21929584564504], [48.10409605331449, -69.99665584541617], [48.5933941256251, -69.99665584541617], [48.006236439130504, -65.87781584553255], [49.865569113145945, -65.54385584558474], [50.550586414172194, -69.66269584546836], [55.83500559331889, -68.77213584573937], [54.85640944904534, -62.204255845711174], [53.77995369024014, -54.85713584567293], [41.35178265758365, -56.749575845640834]]]}, "properties": {"id": 148, "height_m": 6.0, "levels": 2, "category": "residencial", "extrude": true, "manzana_id": 31}}, {"type": "Feature", "geometry": {"type": "Polygon", "coordinates": [[[-85.86571610284487, -30.032775845465807], [-94.86880063037012, -31.03465584570472], [-101.52325441156931, -31.925215845433712], [-102.3061313271272, -32.59313584572482], [-96.04311600370697, -114.74729584554126], [-95.94525638917531, -114.85861584565569], [-92.03087181173346, -114.19069584536459], [-92.32445065532842, -108.17941584551306], [-86.94217186130241, -107.84545584556525], [-87.13789109036573, -101.16625584542263], [-87.33361031908136, -96.37949584564339], [-90.36725836643366, -96.37949584564339], [-90.36725836643366, -93.37385584571763], [-87.43146993361302, -93.37385584571763], [-87.72504877686032, -85.24749584566933], [-87.62718916232866, -84.02297584559705], [-86.15929494609217, -83.91165584548261], [-86.15929494609217, -83.68901584564924], [-86.74645263258677, -70.1079758455306], [-86.94217186130241, -61.98161584548231], [-86.25715456027616, -61.6476558455345], [-85.86571610284487, -30.032775845465807]]]}, "properties": {"id": 149, "height_m": 9.0, "levels": 3, "category": "residencial", "extrude": true, "manzana_id": 21}}, {"type": "Feature", "geometry": {"type": "Polygon", "coordinates": [[[-86.94217186130241, -107.84545584556525], [-92.32445065532842, -108.17941584551306], [-92.03087181173346, -114.19069584536459], [-86.74645263258677, -113.3001358456356], [-86.74645263258677, -112.52089584562555], [-86.94217186130241, -107.84545584556525]]]}, "properties": {"id": 150, "height_m": 6.0, "levels": 2, "category": "residencial", "extrude": true, "manzana_id": 21}}, {"type": "Feature", "geometry": {"type": "Polygon", "coordinates": [[[-85.18069880181862, -127.66041584536879], [-146.6365366644225, -139.34901584551952], [-144.58148476134375, -172.96765584567055], [-132.44689257193454, -170.9638958455882], [-132.74047141518184, -168.18089584549583], [-128.92394645227165, -167.84693584554802], [-128.728227223556, -170.40729584541154], [-124.81384264611414, -169.85069584563036], [-125.79243879073536, -153.3753358457004], [-126.67317532047724, -148.81121584535904], [-118.35510809397826, -147.14141584562], [-117.4743715638887, -151.59421584545143], [-82.63634882642927, -144.80369584558986], [-85.18069880181862, -127.66041584536879]]]}, "properties": {"id": 151, "height_m": 9.0, "levels": 3, "category": "residencial", "extrude": true, "manzana_id": 12}}, {"type": "Feature", "geometry": {"type": "Polygon", "coordinates": [[[-132.44689257193454, -170.9638958455882], [-144.58148476134375, -172.96765584567055], [-142.42857324373333, -208.92401584545624], [-139.1992059676654, -210.3711758453619], [-133.9147867885187, -208.59005584550843], [-104.16546400149032, -199.1278558456689], [-106.51409474781637, -189.9996158453817], [-104.06760438695866, -189.22037584537165], [-100.54465826729576, -188.1071758454138], [-97.21743137669617, -187.10529584557037], [-95.84739677464366, -186.66001584550813], [-94.57522178712281, -190.333575845725], [-93.00946795635467, -195.6769358456809], [-71.67607201035693, -188.7750958457049], [-71.87179123907258, -188.1071758454138], [-74.22042198539863, -180.20345584559436], [-78.03694694830882, -181.31665584555222], [-78.91768347805072, -178.4223358453454], [-75.10115851514053, -177.30913584538754], [-75.39473735873548, -176.64121584549193], [-76.56905273172467, -172.63369584572274], [-77.05835080403529, -170.85257584547378], [-77.64550849052988, -168.96013584550587], [-123.93310611637224, -183.65437584558236], [-124.81384264611414, -169.85069584563036], [-128.728227223556, -170.40729584541154], [-128.63036760902435, -171.74313584559826], [-132.44689257193454, -172.07709584554607], [-132.44689257193454, -170.9638958455882]]]}, "properties": {"id": 152, "height_m": 9.0, "levels": 3, "category": "residencial", "extrude": true, "manzana_id": 12}}, {"type": "Feature", "geometry": {"type": "Polygon", "coordinates": [[[-103.77402554371136, -189.1090558456527], [-104.06760438695866, -189.22037584537165], [-106.51409474781637, -189.9996158453817], [-105.63335821772681, -193.33921584565076], [-102.69756978490616, -192.33733584541184], [-103.77402554371136, -189.1090558456527]]]}, "properties": {"id": 153, "height_m": 9.0, "levels": 3, "category": "residencial", "extrude": true, "manzana_id": 12}}, {"type": "Feature", "geometry": {"type": "Polygon", "coordinates": [[[-102.69756978490616, -192.33733584541184], [-105.63335821772681, -193.33921584565076], [-104.16546400149032, -199.1278558456689], [-93.00946795635467, -195.6769358456809], [-94.57522178712281, -190.333575845725], [-95.84739677464366, -186.66001584550813], [-97.21743137669617, -187.10529584557037], [-98.88104482199596, -187.5505758456326], [-97.60886983447512, -191.44677584568285], [-102.40399094165886, -193.00525584570295], [-102.69756978490616, -192.33733584541184]]]}, "properties": {"id": 154, "height_m": 6.0, "levels": 2, "category": "residencial", "extrude": true, "manzana_id": 12}}, {"type": "Feature", "geometry": {"type": "Polygon", "coordinates": [[[-69.13172203496758, -174.52613584569065], [-72.16537008231988, -175.52801584553407], [-75.39473735873548, -176.64121584549193], [-72.65466815463049, -185.3241758457169], [-66.39165283086258, -183.32041584563456], [-69.13172203496758, -174.52613584569065]]]}, "properties": {"id": 155, "height_m": 6.0, "levels": 2, "category": "residencial", "extrude": true, "manzana_id": 12}}, {"type": "Feature", "geometry": {"type": "Polygon", "coordinates": [[[-66.39165283086258, -183.32041584563456], [-66.09807398761528, -183.20909584552012], [-63.847302855820885, -182.5411758456245], [-67.17452974642049, -173.85821584539954], [-69.13172203496758, -174.52613584569065], [-66.39165283086258, -183.32041584563456]]]}, "properties": {"id": 156, "height_m": 3.0, "levels": 1, "category": "residencial", "extrude": true, "manzana_id": 12}}, {"type": "Feature", "geometry": {"type": "Polygon", "coordinates": [[[-73.04610661240943, -171.07521584570264], [-72.65466815463049, -172.29973584537944], [-76.27547388847738, -173.63557584556617], [-75.39473735873548, -176.64121584549193], [-72.16537008231988, -175.52801584553407], [-67.17452974642049, -173.85821584539954], [-67.37024897513612, -172.74501584544169], [-70.89319509479903, -173.85821584539954], [-71.77393162454092, -170.51861584552597], [-73.04610661240943, -171.07521584570264]]]}, "properties": {"id": 157, "height_m": 9.0, "levels": 3, "category": "residencial", "extrude": true, "manzana_id": 12}}, {"type": "Feature", "geometry": {"type": "Polygon", "coordinates": [[[-67.37024897513612, -172.74501584544169], [-67.85954704744674, -170.18465584557816], [-65.80449514436799, -169.29409584545368], [-60.030777892910685, -166.73373584559016], [-61.79225095274214, -162.7262158454255], [-68.25098550522569, -166.28845584552792], [-67.46810858966778, -168.18089584549583], [-67.27238936095213, -168.51485584544363], [-71.77393162454092, -170.51861584552597], [-70.89319509479903, -173.85821584539954], [-67.37024897513612, -172.74501584544169]]]}, "properties": {"id": 158, "height_m": 6.0, "levels": 2, "category": "residencial", "extrude": true, "manzana_id": 12}}, {"type": "Feature", "geometry": {"type": "Polygon", "coordinates": [[[-77.84122771924552, -155.37909584538724], [-78.23266617702447, -155.37909584538724], [-80.97273538112947, -155.9356958455639], [-80.48343730916653, -159.27529584543748], [-80.38557769463488, -159.38661584555192], [-76.96049118950363, -158.49605584542743], [-77.84122771924552, -155.37909584538724]]]}, "properties": {"id": 159, "height_m": 3.0, "levels": 1, "category": "residencial", "extrude": true, "manzana_id": 12}}, {"type": "Feature", "geometry": {"type": "Polygon", "coordinates": [[[-66.29379321633093, -154.043255845596], [-67.27238936095213, -154.26589584542938], [-66.09807398761528, -158.3847358457085], [-65.21733745787338, -158.16209584547963], [-66.29379321633093, -154.043255845596]]]}, "properties": {"id": 160, "height_m": 6.0, "levels": 2, "category": "residencial", "extrude": true, "manzana_id": 12}}, {"type": "Feature", "geometry": {"type": "Polygon", "coordinates": [[[-67.56596820419944, -153.15269584547153], [-67.76168743291508, -153.15269584547153], [-77.84122771924552, -155.37909584538724], [-76.96049118950363, -158.49605584542743], [-74.61186044317758, -166.8450558457046], [-73.82898352761967, -169.85069584563036], [-72.16537008231988, -168.84881584539144], [-69.62102010727818, -167.29033584537135], [-70.59961625155174, -164.9526158457367], [-65.21733745787338, -161.61301584546763], [-65.60877591565234, -160.05453584544753], [-66.09807398761528, -158.3847358457085], [-67.27238936095213, -154.26589584542938], [-67.56596820419944, -153.15269584547153]]]}, "properties": {"id": 161, "height_m": 9.0, "levels": 3, "category": "residencial", "extrude": true, "manzana_id": 12}}, {"type": "Feature", "geometry": {"type": "Polygon", "coordinates": [[[-74.61186044317758, -166.8450558457046], [-78.03694694830882, -167.73561584543359], [-77.05835080403529, -170.85257584547378], [-76.86263157497197, -171.63181584548383], [-73.82898352761967, -169.85069584563036], [-74.61186044317758, -166.8450558457046]]]}, "properties": {"id": 162, "height_m": 3.0, "levels": 1, "category": "residencial", "extrude": true, "manzana_id": 12}}, {"type": "Feature", "geometry": {"type": "Polygon", "coordinates": [[[-76.96049118950363, -158.49605584542743], [-80.38557769463488, -159.38661584555192], [-80.28771808010322, -160.49981584550977], [-78.13480656249281, -167.40165584548578], [-78.03694694830882, -167.73561584543359], [-74.61186044317758, -166.8450558457046], [-76.96049118950363, -158.49605584542743]]]}, "properties": {"id": 163, "height_m": 12.0, "levels": 4, "category": "residencial", "extrude": true, "manzana_id": 12}}, {"type": "Feature", "geometry": {"type": "Polygon", "coordinates": [[[-82.14705075446633, -127.43777584553541], [-85.18069880181862, -128.10569584543103], [-82.73420844096093, -143.91313584546538], [-80.58129692335052, -143.46785584540314], [-77.64550849052988, -142.79993584550752], [-77.54764887599822, -143.690495845632], [-75.39473735873548, -143.13389584545533], [-75.00329890095654, -145.02633584542323], [-73.04610661240943, -154.26589584542938], [-66.29379321633093, -152.81873584552372], [-53.76776256949045, -150.14705584554576], [-55.431376014790246, -138.01317584572828], [-57.19284907427403, -124.65477584544303], [-57.486427917868994, -122.20573584569394], [-64.14088169906819, -123.54157584548517], [-70.20817779377278, -124.87741584567189], [-76.07975465976173, -126.10193584534869], [-82.14705075446633, -127.43777584553541]]]}, "properties": {"id": 164, "height_m": 12.0, "levels": 4, "category": "residencial", "extrude": true, "manzana_id": 12}}, {"type": "Feature", "geometry": {"type": "Polygon", "coordinates": [[[-55.431376014790246, -138.01317584572828], [-54.4527798705167, -137.90185584561385], [-56.214252930000484, -124.43213584560965], [-57.19284907427403, -124.65477584544303], [-55.431376014790246, -138.01317584572828]]]}, "properties": {"id": 165, "height_m": 6.0, "levels": 2, "category": "residencial", "extrude": true, "manzana_id": 12}}, {"type": "Feature", "geometry": {"type": "Polygon", "coordinates": [[[-64.14088169906819, -123.54157584548517], [-64.43446054231548, -122.65101584536069], [-70.40389702248842, -123.87553584543298], [-70.20817779377278, -124.87741584567189], [-64.14088169906819, -123.54157584548517]]]}, "properties": {"id": 166, "height_m": 6.0, "levels": 2, "category": "residencial", "extrude": true, "manzana_id": 12}}, {"type": "Feature", "geometry": {"type": "Polygon", "coordinates": [[[-75.00329890095654, -145.02633584542323], [-75.39473735873548, -143.13389584545533], [-77.54764887599822, -143.690495845632], [-77.64550849052988, -142.79993584550752], [-80.58129692335052, -143.46785584540314], [-79.99413923685593, -146.02821584566215], [-75.00329890095654, -145.02633584542323]]]}, "properties": {"id": 167, "height_m": 12.0, "levels": 4, "category": "residencial", "extrude": true, "manzana_id": 12}}, {"type": "Feature", "geometry": {"type": "Polygon", "coordinates": [[[-76.07975465976173, -126.10193584534869], [-76.27547388847738, -125.10005584550527], [-82.34276998318197, -126.43589584569199], [-82.14705075446633, -127.43777584553541], [-76.07975465976173, -126.10193584534869]]]}, "properties": {"id": 168, "height_m": 6.0, "levels": 2, "category": "residencial", "extrude": true, "manzana_id": 12}}, {"type": "Feature", "geometry": {"type": "Polygon", "coordinates": [[[-80.58129692335052, -143.46785584540314], [-82.73420844096093, -143.91313584546538], [-82.34276998318197, -146.4734958457244], [-79.99413923685593, -146.02821584566215], [-80.58129692335052, -143.46785584540314]]]}, "properties": {"id": 169, "height_m": 9.0, "levels": 3, "category": "residencial", "extrude": true, "manzana_id": 12}}, {"type": "Feature", "geometry": {"type": "Polygon", "coordinates": [[[-72.45894892556717, -98.93985584550691], [-78.72196424933507, -99.94173584535034], [-76.37333350300904, -111.63033584550107], [-70.20817779377278, -110.51713584554321], [-72.45894892556717, -98.93985584550691]]]}, "properties": {"id": 170, "height_m": 12.0, "levels": 4, "category": "residencial", "extrude": true, "manzana_id": 21}}, {"type": "Feature", "geometry": {"type": "Polygon", "coordinates": [[[-78.72196424933507, -99.94173584535034], [-80.67915653788218, -100.1643758455792], [-87.13789109036573, -101.16625584542263], [-86.74645263258677, -112.52089584562555], [-86.74645263258677, -113.3001358456356], [-76.37333350300904, -111.63033584550107], [-78.72196424933507, -99.94173584535034]]]}, "properties": {"id": 171, "height_m": 9.0, "levels": 3, "category": "residencial", "extrude": true, "manzana_id": 21}}, {"type": "Feature", "geometry": {"type": "Polygon", "coordinates": [[[-58.95432213410548, -97.15873584565344], [-60.22649712162633, -97.38137584548682], [-60.42221635068964, -97.38137584548682], [-58.171445218895244, -108.51337584546087], [-56.70355100231109, -108.2907358456275], [-58.95432213410548, -97.15873584565344]]]}, "properties": {"id": 172, "height_m": 6.0, "levels": 2, "category": "residencial", "extrude": true, "manzana_id": 21}}, {"type": "Feature", "geometry": {"type": "Polygon", "coordinates": [[[-60.42221635068964, -97.38137584548682], [-62.67298748248403, -97.60401584571568], [-62.67298748248403, -97.60401584571568], [-71.08891432351467, -98.71721584567354], [-71.96965085360424, -98.93985584550691], [-72.45894892556717, -98.93985584550691], [-70.20817779377278, -110.51713584554321], [-58.171445218895244, -108.51337584546087], [-60.42221635068964, -97.38137584548682]]]}, "properties": {"id": 173, "height_m": 9.0, "levels": 3, "category": "residencial", "extrude": true, "manzana_id": 21}}, {"type": "Feature", "geometry": {"type": "Polygon", "coordinates": [[[-42.9053453676021, -164.39601584556002], [-40.36099539221274, -162.1696158456443], [-44.8625376561492, -156.26965584551172], [-45.841133800422746, -155.49041584550167], [-48.77692223324339, -153.3753358457004], [-54.746358713763996, -160.16585584556196], [-53.572043340427136, -161.39037584563425], [-55.23565678572694, -163.50545584543553], [-53.0827452684642, -165.17525584557006], [-50.73411452213815, -163.3941358457166], [-51.32127220863275, -162.5035758455921], [-47.50474724572254, -159.27529584543748], [-42.9053453676021, -164.39601584556002]]]}, "properties": {"id": 174, "height_m": 3.0, "levels": 1, "category": "residencial", "extrude": true, "manzana_id": null}}, {"type": "Feature", "geometry": {"type": "Polygon", "coordinates": [[[-45.6454145717071, -166.8450558457046], [-47.01544917341194, -165.2865758456845], [-53.76776256949045, -170.9638958455882], [-52.59344719615359, -172.85633584555612], [-45.6454145717071, -166.8450558457046]]]}, "properties": {"id": 175, "height_m": 3.0, "levels": 1, "category": "residencial", "extrude": true, "manzana_id": 13}}, {"type": "Feature", "geometry": {"type": "Polygon", "coordinates": [[[-34.48941852657146, -153.48665584541934], [-35.95731274280795, -154.37721584554382], [-36.83804927289751, -155.15645584555386], [-35.565874285029, -156.71493584557396], [-41.24173192230231, -161.05641584568644], [-40.36099539221274, -162.1696158456443], [-35.272295441781694, -168.96013584550587], [-27.541385901777304, -162.5035758455921], [-26.26921091425646, -161.5016958453532], [-25.58419361323021, -160.945095845572], [-30.085735877166663, -155.37909584538724], [-31.945068551182104, -156.60361584545953], [-34.48941852657146, -153.48665584541934]]]}, "properties": {"id": 176, "height_m": 6.0, "levels": 2, "category": "residencial", "extrude": true, "manzana_id": 13}}, {"type": "Feature", "geometry": {"type": "Polygon", "coordinates": [[[-30.085735877166663, -155.37909584538724], [-32.532226237676696, -152.26213584534705], [-34.48941852657146, -153.48665584541934], [-31.945068551182104, -156.60361584545953], [-30.085735877166663, -155.37909584538724]]]}, "properties": {"id": 177, "height_m": 9.0, "levels": 3, "category": "residencial", "extrude": true, "manzana_id": 13}}, {"type": "Feature", "geometry": {"type": "Polygon", "coordinates": [[[-16.581109085357305, -155.82437584544948], [-18.636160988436053, -156.1583358453973], [-18.24472253100477, -161.39037584563425], [-16.18967062792602, -161.1677358454054], [-16.581109085357305, -155.82437584544948]]]}, "properties": {"id": 178, "height_m": 3.0, "levels": 1, "category": "residencial", "extrude": true, "manzana_id": 14}}, {"type": "Feature", "geometry": {"type": "Polygon", "coordinates": [[[-11.59026874945791, -158.83001584537524], [-11.394549520742268, -161.05641584568644], [-9.143778388600209, -160.945095845572], [-9.339497617663518, -158.60737584554187], [-11.59026874945791, -158.83001584537524]]]}, "properties": {"id": 179, "height_m": 12.0, "levels": 4, "category": "residencial", "extrude": true, "manzana_id": 14}}, {"type": "Feature", "geometry": {"type": "Polygon", "coordinates": [[[-15.504653326899769, -158.60737584554187], [-15.211074483652471, -161.8356558456965], [-12.079566821768518, -161.5016958453532], [-12.373145665015816, -158.27341584559406], [-15.504653326899769, -158.60737584554187]]]}, "properties": {"id": 180, "height_m": 12.0, "levels": 4, "category": "residencial", "extrude": true, "manzana_id": 14}}, {"type": "Feature", "geometry": {"type": "Polygon", "coordinates": [[[-15.015355254589162, -151.8168558456803], [-15.89609178467872, -152.59609584569034], [-15.308934097836458, -153.3753358457004], [-13.547461038005006, -153.0413758453571], [-13.253882194757708, -155.37909584538724], [-9.143778388600209, -154.71117584549162], [-8.948059159884565, -156.04701584567835], [-6.599428413558518, -155.6017358456161], [-7.1865861000531135, -152.03949584551367], [-7.382305329116423, -150.592335845608], [-15.015355254589162, -151.8168558456803]]]}, "properties": {"id": 181, "height_m": 6.0, "levels": 2, "category": "residencial", "extrude": true, "manzana_id": 14}}, {"type": "Feature", "geometry": {"type": "Polygon", "coordinates": [[[-16.581109085357305, -155.82437584544948], [-16.18967062792602, -161.1677358454054], [-18.24472253100477, -161.39037584563425], [-17.363986000915208, -172.96765584567055], [-4.152938052700815, -170.74125584535935], [-6.110130341247911, -158.7186958456563], [-8.458761087573958, -159.0526558456041], [-8.948059159884565, -156.04701584567835], [-9.143778388600209, -154.71117584549162], [-13.253882194757708, -155.37909584538724], [-16.18967062792602, -155.82437584544948], [-16.581109085357305, -155.82437584544948]]]}, "properties": {"id": 182, "height_m": 9.0, "levels": 3, "category": "residencial", "extrude": true, "manzana_id": 14}}, {"type": "Feature", "geometry": {"type": "Polygon", "coordinates": [[[-2.0000265354380775, -155.6017358456161], [-6.501568799026863, -156.38097584562615], [-5.718691883816625, -161.1677358454054], [-1.2171496198801728, -160.38849584539534], [-2.0000265354380775, -155.6017358456161]]]}, "properties": {"id": 183, "height_m": 9.0, "levels": 3, "category": "residencial", "extrude": true, "manzana_id": 14}}, {"type": "Feature", "geometry": {"type": "Polygon", "coordinates": [[[5.045865703887732, -169.29409584545368], [4.4587080170454705, -165.6205358456323], [5.437304161319018, -165.50921584551787], [4.850146474824423, -162.1696158456443], [1.2293407409775299, -162.7262158454255], [1.816498427472125, -166.06581584569454], [2.8929541862773274, -165.9544958455801], [3.4801118727719227, -169.51673584568255], [5.045865703887732, -169.29409584545368]]]}, "properties": {"id": 184, "height_m": 9.0, "levels": 3, "category": "residencial", "extrude": true, "manzana_id": 14}}, {"type": "Feature", "geometry": {"type": "Polygon", "coordinates": [[[-2.0000265354380775, -155.6017358456161], [-1.2171496198801728, -160.38849584539534], [-5.718691883816625, -161.1677358454054], [-4.152938052700815, -170.74125584535935], [3.4801118727719227, -169.51673584568255], [2.8929541862773274, -165.9544958455801], [1.816498427472125, -166.06581584569454], [1.2293407409775299, -162.7262158454255], [4.850146474824423, -162.1696158456443], [5.437304161319018, -165.50921584551787], [4.4587080170454705, -165.6205358456323], [5.045865703887732, -169.29409584545368], [10.13456565431878, -168.4035358457247], [7.688075293461078, -153.93193584548158], [-2.0000265354380775, -155.6017358456161]]]}, "properties": {"id": 185, "height_m": 6.0, "levels": 2, "category": "residencial", "extrude": true, "manzana_id": 14}}, {"type": "Feature", "geometry": {"type": "Polygon", "coordinates": [[[-16.87468792895227, -118.08689584541483], [-21.376230192541055, -118.75481584570593], [-19.41903790399396, -121.87177584535064], [-16.18967062792602, -127.21513584570204], [-14.33033795356291, -130.33209584534674], [-10.513812990652708, -129.44153584561775], [-10.807391834247673, -128.21701584554546], [-16.87468792895227, -118.08689584541483]]]}, "properties": {"id": 186, "height_m": 6.0, "levels": 2, "category": "residencial", "extrude": true, "manzana_id": 14}}, {"type": "Feature", "geometry": {"type": "Polygon", "coordinates": [[[1.816498427472125, -114.52465584570788], [-7.871603401079363, -116.08313584572798], [-7.773743786895375, -116.52841584539473], [1.816498427472125, -114.96993584537464], [1.816498427472125, -114.52465584570788]]]}, "properties": {"id": 187, "height_m": 6.0, "levels": 2, "category": "residencial", "extrude": true, "manzana_id": 14}}, {"type": "Feature", "geometry": {"type": "Polygon", "coordinates": [[[-7.871603401079363, -147.92065584563005], [-5.718691883816625, -147.36405584545338], [-8.067322630142673, -137.679215845385], [-9.53521684637916, -138.12449584544723], [-8.16518224432666, -146.25085584549552], [-7.871603401079363, -147.92065584563005]]]}, "properties": {"id": 188, "height_m": 12.0, "levels": 4, "category": "residencial", "extrude": true, "manzana_id": 14}}, {"type": "Feature", "geometry": {"type": "Polygon", "coordinates": [[[-7.773743786895375, -116.52841584539473], [-16.87468792895227, -118.08689584541483], [-10.807391834247673, -128.21701584554546], [-10.513812990652708, -129.44153584561775], [-9.633076460910816, -132.89245584560575], [-12.177426436300173, -133.56037584550137], [-9.828795689626459, -137.34525584543718], [-9.53521684637916, -137.679215845385], [-9.53521684637916, -138.12449584544723], [-8.067322630142673, -137.679215845385], [-5.718691883816625, -147.36405584545338], [-7.871603401079363, -147.92065584563005], [-7.1865861000531135, -152.03949584551367], [-6.501568799026863, -156.38097584562615], [-2.0000265354380775, -155.6017358456161], [7.688075293461078, -153.93193584548158], [10.428144497566079, -153.48665584541934], [10.036706039787125, -148.47725584541124], [1.816498427472125, -114.96993584537464], [-7.773743786895375, -116.52841584539473]]]}, "properties": {"id": 189, "height_m": 9.0, "levels": 3, "category": "residencial", "extrude": true, "manzana_id": 14}}, {"type": "Feature", "geometry": {"type": "Polygon", "coordinates": [[[-15.113214869120815, -131.33397584558566], [-13.743180267068317, -131.1113358453568], [-16.18967062792602, -127.21513584570204], [-16.581109085357305, -126.54721584541093], [-17.461845615446865, -126.65853584552536], [-21.66980903578835, -127.32645584542098], [-21.376230192541055, -128.43965584537884], [-19.81047636177291, -128.21701584554546], [-19.027599446215007, -132.00189584548127], [-15.113214869120815, -131.33397584558566]]]}, "properties": {"id": 190, "height_m": 3.0, "levels": 1, "category": "residencial", "extrude": true, "manzana_id": 14}}, {"type": "Feature", "geometry": {"type": "Polygon", "coordinates": [[[-22.648405180409565, -132.78113584549132], [-23.627001324683114, -127.54909584564984], [-26.07349168519315, -127.99437584571209], [-25.0948955409196, -133.11509584543913], [-22.648405180409565, -132.78113584549132]]]}, "properties": {"id": 191, "height_m": 12.0, "levels": 4, "category": "residencial", "extrude": true, "manzana_id": 14}}, {"type": "Feature", "geometry": {"type": "Polygon", "coordinates": [[[-26.954228215282708, -128.10569584543103], [-29.89001664810335, -128.6622958456077], [-29.302858961608756, -132.22453584571014], [-27.541385901777304, -131.89057584536684], [-27.34566667306166, -133.56037584550137], [-25.0948955409196, -133.11509584543913], [-26.07349168519315, -127.99437584571209], [-26.954228215282708, -128.10569584543103]]]}, "properties": {"id": 192, "height_m": 3.0, "levels": 1, "category": "residencial", "extrude": true, "manzana_id": 14}}, {"type": "Feature", "geometry": {"type": "Polygon", "coordinates": [[[-36.0551723573396, -129.55285584573218], [-36.0551723573396, -129.66417584545113], [-36.83804927289751, -135.11885584552147], [-37.32734734486045, -137.34525584543718], [-37.4252069593921, -137.56789584566604], [-34.48941852657146, -139.9056158456962], [-31.55363009340315, -139.34901584551952], [-32.33650700896106, -134.33961584551142], [-27.34566667306166, -133.56037584550137], [-27.541385901777304, -131.89057584536684], [-29.302858961608756, -132.22453584571014], [-29.89001664810335, -128.6622958456077], [-36.0551723573396, -129.55285584573218]]]}, "properties": {"id": 193, "height_m": 9.0, "levels": 3, "category": "residencial", "extrude": true, "manzana_id": 14}}, {"type": "Feature", "geometry": {"type": "Polygon", "coordinates": [[[-19.908335976304567, -121.98309584546507], [-19.41903790399396, -121.87177584535064], [-21.767668650320008, -118.08689584541483], [-21.865528264851662, -118.08689584541483], [-22.061247493567304, -118.19821584552926], [-34.00012045426085, -119.75669584554936], [-36.0551723573396, -129.55285584573218], [-29.89001664810335, -128.6622958456077], [-26.954228215282708, -128.10569584543103], [-27.834964745024603, -123.20761584553736], [-25.682053227761863, -122.87365584558955], [-19.908335976304567, -121.98309584546507]]]}, "properties": {"id": 194, "height_m": 6.0, "levels": 2, "category": "residencial", "extrude": true, "manzana_id": 14}}, {"type": "Feature", "geometry": {"type": "Polygon", "coordinates": [[[-17.461845615446865, -126.65853584552536], [-16.581109085357305, -126.54721584541093], [-19.41903790399396, -121.87177584535064], [-19.908335976304567, -121.98309584546507], [-25.682053227761863, -122.87365584558955], [-27.834964745024603, -123.20761584553736], [-26.954228215282708, -128.10569584543103], [-26.07349168519315, -127.99437584571209], [-23.627001324683114, -127.54909584564984], [-22.648405180409565, -132.78113584549132], [-19.12545906074666, -132.22453584571014], [-17.55970522997852, -138.45845584539504], [-13.449601423821019, -137.679215845385], [-13.253882194757708, -137.56789584566604], [-9.53521684637916, -137.679215845385], [-9.828795689626459, -137.34525584543718], [-13.743180267068317, -131.1113358453568], [-15.113214869120815, -131.33397584558566], [-19.027599446215007, -132.00189584548127], [-19.81047636177291, -128.21701584554546], [-21.376230192541055, -128.43965584537884], [-21.66980903578835, -127.32645584542098], [-17.461845615446865, -126.65853584552536]]]}, "properties": {"id": 195, "height_m": 9.0, "levels": 3, "category": "residencial", "extrude": true, "manzana_id": 14}}, {"type": "Feature", "geometry": {"type": "Polygon", "coordinates": [[[-1.2171496198801728, -85.58145584561714], [-7.871603401079363, -86.58333584546057], [-7.284445714584768, -90.92481584557305], [-5.816551498000613, -90.70217584573967], [-5.3272534260376725, -93.2625358456032], [-6.893007256805816, -93.48517584543657], [-5.914411112532268, -99.94173584535034], [1.03362151191422, -98.82853584539248], [0.15288498217232738, -93.37385584571763], [-4.055078438516828, -93.93045584549881], [-4.5443765104797675, -90.70217584573967], [-0.4342727043222677, -90.145575845563], [-1.2171496198801728, -85.58145584561714]]]}, "properties": {"id": 196, "height_m": 6.0, "levels": 2, "category": "residencial", "extrude": true, "manzana_id": 31}}, {"type": "Feature", "geometry": {"type": "Polygon", "coordinates": [[[-0.4342727043222677, -90.145575845563], [-4.5443765104797675, -90.70217584573967], [-4.055078438516828, -93.93045584549881], [0.15288498217232738, -93.37385584571763], [-0.4342727043222677, -90.145575845563]]]}, "properties": {"id": 197, "height_m": 9.0, "levels": 3, "category": "residencial", "extrude": true, "manzana_id": 31}}, {"type": "Feature", "geometry": {"type": "Polygon", "coordinates": [[[-6.893007256805816, -93.48517584543657], [-5.3272534260376725, -93.2625358456032], [-5.816551498000613, -90.70217584573967], [-7.284445714584768, -90.92481584557305], [-6.893007256805816, -93.48517584543657]]]}, "properties": {"id": 198, "height_m": 3.0, "levels": 1, "category": "residencial", "extrude": true, "manzana_id": 31}}, {"type": "Feature", "geometry": {"type": "Polygon", "coordinates": [[[6.807338763371518, -90.145575845563], [1.3272003555091847, -91.03613584568748], [1.03362151191422, -89.14369584571958], [-0.5321323188539226, -89.36633584555295], [0.6421830544829348, -96.37949584564339], [2.697234957561685, -96.04553584569558], [1.9143580420037798, -91.81537584569753], [3.6758311018352323, -91.48141584535423], [4.4587080170454705, -95.82289584546672], [7.688075293461078, -95.37761584540448], [6.807338763371518, -90.145575845563]]]}, "properties": {"id": 199, "height_m": 6.0, "levels": 2, "category": "residencial", "extrude": true, "manzana_id": 31}}, {"type": "Feature", "geometry": {"type": "Polygon", "coordinates": [[[4.4587080170454705, -95.82289584546672], [3.6758311018352323, -91.48141584535423], [1.9143580420037798, -91.81537584569753], [2.697234957561685, -96.04553584569558], [4.4587080170454705, -95.82289584546672]]]}, "properties": {"id": 200, "height_m": 9.0, "levels": 3, "category": "residencial", "extrude": true, "manzana_id": 31}}, {"type": "Feature", "geometry": {"type": "Polygon", "coordinates": [[[2.697234957561685, -96.04553584569558], [0.6421830544829348, -96.37949584564339], [1.03362151191422, -98.71721584567354], [8.07951375124003, -97.60401584571568], [7.688075293461078, -95.37761584540448], [4.4587080170454705, -95.82289584546672], [2.697234957561685, -96.04553584569558]]]}, "properties": {"id": 201, "height_m": 3.0, "levels": 1, "category": "residencial", "extrude": true, "manzana_id": 31}}, {"type": "Feature", "geometry": {"type": "Polygon", "coordinates": [[[13.266073315855065, -81.23997584550466], [10.721723340813375, -81.6852558455669], [9.743127196539827, -81.90789584540028], [11.99389832833422, -97.047415845539], [16.78901943551797, -96.37949584564339], [16.299721363207365, -93.37385584571763], [15.223265604402162, -93.48517584543657], [13.266073315855065, -81.23997584550466]]]}, "properties": {"id": 202, "height_m": 6.0, "levels": 2, "category": "residencial", "extrude": true, "manzana_id": 31}}, {"type": "Feature", "geometry": {"type": "Polygon", "coordinates": [[[18.746211724065066, -92.92857584565539], [16.299721363207365, -93.37385584571763], [16.78901943551797, -96.37949584564339], [19.235509796375673, -96.04553584569558], [18.746211724065066, -92.92857584565539]]]}, "properties": {"id": 203, "height_m": 9.0, "levels": 3, "category": "residencial", "extrude": true, "manzana_id": 31}}, {"type": "Feature", "geometry": {"type": "Polygon", "coordinates": [[[18.746211724065066, -92.92857584565539], [16.984738664233614, -80.68337584572348], [13.266073315855065, -81.23997584550466], [15.223265604402162, -93.48517584543657], [16.299721363207365, -93.37385584571763], [18.746211724065066, -92.92857584565539]]]}, "properties": {"id": 204, "height_m": 9.0, "levels": 3, "category": "residencial", "extrude": true, "manzana_id": 31}}, {"type": "Feature", "geometry": {"type": "Polygon", "coordinates": [[[25.30280589108027, -86.694655845575], [23.834911674496112, -86.91729584540838], [24.32420974680672, -90.36821584539638], [25.79210396304321, -90.145575845563], [25.694244348859222, -89.47765584566739], [25.30280589108027, -86.694655845575]]]}, "properties": {"id": 205, "height_m": 3.0, "levels": 1, "category": "residencial", "extrude": true, "manzana_id": 31}}, {"type": "Feature", "geometry": {"type": "Polygon", "coordinates": [[[24.422069360990708, -81.23997584550466], [24.226350132275066, -79.57017584537013], [21.38842131363841, -80.01545584543237], [18.15905403757047, -80.46073584549461], [16.984738664233614, -80.68337584572348], [18.452632880817767, -90.81349584545862], [19.333369410559662, -96.37949584564339], [25.694244348859222, -95.26629584568553], [26.47712126406946, -95.1549758455711], [25.79210396304321, -90.145575845563], [24.32420974680672, -90.36821584539638], [23.834911674496112, -86.91729584540838], [25.30280589108027, -86.694655845575], [25.204946276548615, -86.36069584562719], [24.422069360990708, -81.23997584550466]]]}, "properties": {"id": 206, "height_m": 9.0, "levels": 3, "category": "residencial", "extrude": true, "manzana_id": 31}}, {"type": "Feature", "geometry": {"type": "Polygon", "coordinates": [[[27.064278950564052, -89.25501584543852], [25.694244348859222, -89.47765584566739], [26.47712126406946, -95.1549758455711], [28.434313552616555, -94.93233584573773], [27.553577022874663, -89.14369584571958], [27.064278950564052, -89.25501584543852]]]}, "properties": {"id": 207, "height_m": 9.0, "levels": 3, "category": "residencial", "extrude": true, "manzana_id": 31}}, {"type": "Feature", "geometry": {"type": "Polygon", "coordinates": [[[27.84715586612196, -79.01357584558895], [28.140734709369255, -80.68337584572348], [27.553577022874663, -80.79469584544242], [28.72789239621152, -88.5870958455429], [32.74013658783736, -88.03049584536623], [31.467961599968852, -78.45697584541227], [27.84715586612196, -79.01357584558895]]]}, "properties": {"id": 208, "height_m": 9.0, "levels": 3, "category": "residencial", "extrude": true, "manzana_id": 31}}, {"type": "Feature", "geometry": {"type": "Polygon", "coordinates": [[[27.553577022874663, -80.79469584544242], [25.889963577574864, -81.01733584567128], [26.672840493132767, -86.13805584539833], [27.064278950564052, -89.25501584543852], [27.553577022874663, -89.14369584571958], [28.434313552616555, -94.93233584573773], [33.62087311757926, -94.04177584561324], [32.74013658783736, -88.03049584536623], [28.72789239621152, -88.5870958455429], [27.553577022874663, -80.79469584544242]]]}, "properties": {"id": 209, "height_m": 6.0, "levels": 2, "category": "residencial", "extrude": true, "manzana_id": 31}}, {"type": "Feature", "geometry": {"type": "Polygon", "coordinates": [[[26.672840493132767, -86.13805584539833], [25.204946276548615, -86.36069584562719], [25.694244348859222, -89.47765584566739], [27.064278950564052, -89.25501584543852], [26.672840493132767, -86.13805584539833]]]}, "properties": {"id": 210, "height_m": 3.0, "levels": 1, "category": "residencial", "extrude": true, "manzana_id": 31}}, {"type": "Feature", "geometry": {"type": "Polygon", "coordinates": [[[25.889963577574864, -81.01733584567128], [24.422069360990708, -81.23997584550466], [25.204946276548615, -86.36069584562719], [26.672840493132767, -86.13805584539833], [25.889963577574864, -81.01733584567128]]]}, "properties": {"id": 211, "height_m": 9.0, "levels": 3, "category": "residencial", "extrude": true, "manzana_id": 31}}, {"type": "Feature", "geometry": {"type": "Polygon", "coordinates": [[[27.84715586612196, -79.01357584558895], [25.596384734327565, -79.34753584553675], [24.226350132275066, -79.57017584537013], [24.422069360990708, -81.23997584550466], [25.889963577574864, -81.01733584567128], [27.553577022874663, -80.79469584544242], [28.140734709369255, -80.68337584572348], [27.84715586612196, -79.01357584558895]]]}, "properties": {"id": 212, "height_m": 3.0, "levels": 1, "category": "residencial", "extrude": true, "manzana_id": 31}}, {"type": "Feature", "geometry": {"type": "Polygon", "coordinates": [[[40.3731865133101, -89.92293584572963], [38.51385383929466, -77.34377584545442], [35.28448656287905, -77.78905584551666], [32.05511928681111, -78.34565584569333], [31.467961599968852, -78.45697584541227], [32.446557744590066, -85.35881584538828], [36.16522309296862, -84.8022158456071], [36.65452116493155, -88.14181584548066], [32.83799620202135, -88.69841584565734], [33.131575045616316, -91.03613584568748], [40.3731865133101, -89.92293584572963]]]}, "properties": {"id": 213, "height_m": 9.0, "levels": 3, "category": "residencial", "extrude": true, "manzana_id": 31}}, {"type": "Feature", "geometry": {"type": "Polygon", "coordinates": [[[40.3731865133101, -89.92293584572963], [33.131575045616316, -91.03613584568748], [33.62087311757926, -94.04177584561324], [40.764624971089056, -92.92857584565539], [40.3731865133101, -89.92293584572963]]]}, "properties": {"id": 214, "height_m": 6.0, "levels": 2, "category": "residencial", "extrude": true, "manzana_id": 31}}, {"type": "Feature", "geometry": {"type": "Polygon", "coordinates": [[[32.83799620202135, -88.69841584565734], [36.65452116493155, -88.14181584548066], [36.16522309296862, -84.8022158456071], [32.446557744590066, -85.35881584538828], [32.83799620202135, -88.69841584565734]]]}, "properties": {"id": 215, "height_m": 3.0, "levels": 1, "category": "residencial", "extrude": true, "manzana_id": 31}}, {"type": "Feature", "geometry": {"type": "Polygon", "coordinates": [[[41.35178265758365, -76.78717584567323], [38.51385383929466, -77.34377584545442], [39.101011525789254, -81.6852558455669], [41.84108072989426, -81.23997584550466], [41.35178265758365, -76.78717584567323]]]}, "properties": {"id": 216, "height_m": 12.0, "levels": 4, "category": "residencial", "extrude": true, "manzana_id": 31}}, {"type": "Feature", "geometry": {"type": "Polygon", "coordinates": [[[47.41907875228824, -88.14181584548066], [40.17746728459446, -89.14369584571958], [40.764624971089056, -92.92857584565539], [48.10409605331449, -91.81537584569753], [47.41907875228824, -88.14181584548066]]]}, "properties": {"id": 217, "height_m": 6.0, "levels": 2, "category": "residencial", "extrude": true, "manzana_id": 31}}, {"type": "Feature", "geometry": {"type": "Polygon", "coordinates": [[[41.84108072989426, -81.23997584550466], [42.134659573141555, -84.02297584559705], [39.49244998356821, -84.46825584565929], [40.17746728459446, -89.14369584571958], [47.41907875228824, -88.14181584548066], [46.538342222546355, -82.57581584569138], [45.46188646374115, -76.23057584549656], [41.35178265758365, -76.78717584567323], [41.84108072989426, -81.23997584550466]]]}, "properties": {"id": 218, "height_m": 9.0, "levels": 3, "category": "residencial", "extrude": true, "manzana_id": 31}}, {"type": "Feature", "geometry": {"type": "Polygon", "coordinates": [[[41.84108072989426, -81.23997584550466], [39.101011525789254, -81.6852558455669], [39.49244998356821, -84.46825584565929], [42.134659573141555, -84.02297584559705], [41.84108072989426, -81.23997584550466]]]}, "properties": {"id": 219, "height_m": 3.0, "levels": 1, "category": "residencial", "extrude": true, "manzana_id": 31}}, {"type": "Feature", "geometry": {"type": "Polygon", "coordinates": [[[53.584234461524495, -81.57393584545247], [46.538342222546355, -82.57581584569138], [47.321219138104254, -87.69653584541842], [53.48637484699284, -86.80597584568943], [54.17139214801909, -90.92481584557305], [58.96651325520284, -90.145575845563], [58.57507479742389, -87.36257584547062], [55.93286520785054, -87.80785584553286], [55.7371459791349, -86.58333584546057], [54.269251762550745, -86.80597584568943], [53.584234461524495, -81.57393584545247]]]}, "properties": {"id": 220, "height_m": 9.0, "levels": 3, "category": "residencial", "extrude": true, "manzana_id": 31}}, {"type": "Feature", "geometry": {"type": "Polygon", "coordinates": [[[57.59647865315034, -81.01733584567128], [53.584234461524495, -81.57393584545247], [54.269251762550745, -86.80597584568943], [55.7371459791349, -86.58333584546057], [55.93286520785054, -87.80785584553286], [58.57507479742389, -87.36257584547062], [57.59647865315034, -81.01733584567128]]]}, "properties": {"id": 221, "height_m": 6.0, "levels": 2, "category": "residencial", "extrude": true, "manzana_id": 31}}, {"type": "Feature", "geometry": {"type": "Polygon", "coordinates": [[[50.74630564288784, -90.81349584545862], [52.01848063075635, -90.59085584562524], [51.6270421729774, -88.14181584548066], [50.354867185456555, -88.36445584570953], [50.74630564288784, -90.81349584545862]]]}, "properties": {"id": 222, "height_m": 6.0, "levels": 2, "category": "residencial", "extrude": true, "manzana_id": 31}}, {"type": "Feature", "geometry": {"type": "Polygon", "coordinates": [[[54.17139214801909, -90.92481584557305], [53.48637484699284, -86.80597584568943], [47.321219138104254, -87.69653584541842], [48.10409605331449, -91.81537584569753], [54.17139214801909, -90.92481584557305]]]}, "properties": {"id": 223, "height_m": 9.0, "levels": 3, "category": "residencial", "extrude": true, "manzana_id": 31}}, {"type": "Feature", "geometry": {"type": "Polygon", "coordinates": [[[55.83500559331889, -68.77213584573937], [52.11634024494034, -69.44005584563499], [52.899217160498246, -74.56077584536203], [56.61788250887679, -74.00417584558085], [55.83500559331889, -68.77213584573937]]]}, "properties": {"id": 224, "height_m": 6.0, "levels": 2, "category": "residencial", "extrude": true, "manzana_id": 31}}, {"type": "Feature", "geometry": {"type": "Polygon", "coordinates": [[[48.10409605331449, -69.99665584541617], [46.734061451261994, -70.21929584564504], [47.61479798135156, -75.89661584554875], [48.5933941256251, -75.67397584571538], [49.082692197588045, -78.5682958455267], [45.951184536051755, -79.12489584570338], [46.538342222546355, -82.57581584569138], [53.584234461524495, -81.57393584545247], [52.9970767750299, -76.89849584539218], [56.91146135212409, -76.23057584549656], [56.61788250887679, -74.00417584558085], [52.899217160498246, -74.56077584536203], [52.11634024494034, -69.44005584563499], [48.10409605331449, -69.99665584541617]]]}, "properties": {"id": 225, "height_m": 9.0, "levels": 3, "category": "residencial", "extrude": true, "manzana_id": 31}}, {"type": "Feature", "geometry": {"type": "Polygon", "coordinates": [[[56.91146135212409, -76.23057584549656], [52.9970767750299, -76.89849584539218], [53.584234461524495, -81.57393584545247], [57.59647865315034, -81.01733584567128], [56.91146135212409, -76.23057584549656]]]}, "properties": {"id": 226, "height_m": 6.0, "levels": 2, "category": "residencial", "extrude": true, "manzana_id": 31}}, {"type": "Feature", "geometry": {"type": "Polygon", "coordinates": [[[-10.22023414740541, -60.42313584546221], [-11.198830291678957, -60.64577584569108], [-10.905251448431661, -62.76085584549236], [-9.926655304158114, -62.649535845377926], [-10.22023414740541, -60.42313584546221]]]}, "properties": {"id": 227, "height_m": 9.0, "levels": 3, "category": "residencial", "extrude": true, "manzana_id": 31}}, {"type": "Feature", "geometry": {"type": "Polygon", "coordinates": [[[-0.8257111621012202, -65.87781584553255], [2.59937534303003, -65.32121584535588], [1.5229195842248275, -58.30805584566093], [-1.8043073063747679, -58.75333584572317], [-0.8257111621012202, -65.87781584553255]]]}, "properties": {"id": 228, "height_m": 12.0, "levels": 4, "category": "residencial", "extrude": true, "manzana_id": 31}}, {"type": "Feature", "geometry": {"type": "Polygon", "coordinates": [[[-1.8043073063747679, -58.75333584572317], [-10.22023414740541, -59.97785584539997], [-10.22023414740541, -60.42313584546221], [-9.926655304158114, -62.649535845377926], [-9.73093607544247, -63.98537584556465], [-9.339497617663518, -66.21177584548036], [-9.241638003131863, -67.10233584560484], [-0.8257111621012202, -65.87781584553255], [-1.8043073063747679, -58.75333584572317]]]}, "properties": {"id": 229, "height_m": 12.0, "levels": 4, "category": "residencial", "extrude": true, "manzana_id": 31}}, {"type": "Feature", "geometry": {"type": "Polygon", "coordinates": [[[-9.73093607544247, -63.98537584556465], [-10.709532219716019, -64.09669584567908], [-10.318093761937066, -66.43441584570922], [-9.339497617663518, -66.21177584548036], [-9.73093607544247, -63.98537584556465]]]}, "properties": {"id": 230, "height_m": 9.0, "levels": 3, "category": "residencial", "extrude": true, "manzana_id": 31}}, {"type": "Feature", "geometry": {"type": "Polygon", "coordinates": [[[-2.3914649928693628, -51.294895845570494], [-14.526057182626221, -53.07601584542397], [-13.449601423821019, -60.534455845576645], [-10.22023414740541, -59.97785584539997], [-10.611672605184364, -57.41749584553645], [-7.578024557832066, -56.97221584547421], [-7.1865861000531135, -59.53257584573322], [-1.3150092344118276, -58.75333584572317], [-2.3914649928693628, -51.294895845570494]]]}, "properties": {"id": 231, "height_m": 6.0, "levels": 2, "category": "residencial", "extrude": true, "manzana_id": 31}}, {"type": "Feature", "geometry": {"type": "Polygon", "coordinates": [[[-7.1865861000531135, -59.53257584573322], [-7.578024557832066, -56.97221584547421], [-10.611672605184364, -57.41749584553645], [-10.22023414740541, -59.97785584539997], [-7.1865861000531135, -59.53257584573322]]]}, "properties": {"id": 232, "height_m": 9.0, "levels": 3, "category": "residencial", "extrude": true, "manzana_id": 31}}, {"type": "Feature", "geometry": {"type": "Polygon", "coordinates": [[[-6.99086687133747, -47.84397584558249], [-15.113214869120815, -48.95717584554035], [-14.526057182626221, -53.07601584542397], [-6.403709184842875, -51.96281584546611], [-6.99086687133747, -47.84397584558249]]]}, "properties": {"id": 233, "height_m": 9.0, "levels": 3, "category": "residencial", "extrude": true, "manzana_id": 31}}, {"type": "Feature", "geometry": {"type": "Polygon", "coordinates": [[[-2.9786226797116253, -47.28737584540582], [-6.99086687133747, -47.84397584558249], [-6.403709184842875, -51.96281584546611], [-2.3914649928693628, -51.294895845570494], [-2.9786226797116253, -47.28737584540582]]]}, "properties": {"id": 234, "height_m": 6.0, "levels": 2, "category": "residencial", "extrude": true, "manzana_id": 31}}, {"type": "Feature", "geometry": {"type": "Polygon", "coordinates": [[[-7.4801649433004105, -43.94777584553225], [-15.700372555615411, -45.17229584560454], [-15.113214869120815, -48.95717584554035], [-6.99086687133747, -47.84397584558249], [-7.4801649433004105, -43.94777584553225]]]}, "properties": {"id": 235, "height_m": 9.0, "levels": 3, "category": "residencial", "extrude": true, "manzana_id": 31}}, {"type": "Feature", "geometry": {"type": "Polygon", "coordinates": [[[-3.6636399807378752, -43.391175845355576], [-7.4801649433004105, -43.94777584553225], [-6.99086687133747, -47.84397584558249], [-2.9786226797116253, -47.28737584540582], [-3.6636399807378752, -43.391175845355576]]]}, "properties": {"id": 236, "height_m": 6.0, "levels": 2, "category": "residencial", "extrude": true, "manzana_id": 31}}, {"type": "Feature", "geometry": {"type": "Polygon", "coordinates": [[[-4.837955353727065, -36.37801584566063], [-14.036759110315613, -37.71385584545186], [-13.058162966042065, -44.83833584565673], [-10.122374533221423, -44.39305584559449], [-10.905251448431661, -39.940255845367574], [-8.067322630142673, -39.49497584570082], [-7.4801649433004105, -43.94777584553225], [-3.6636399807378752, -43.391175845355576], [-4.837955353727065, -36.37801584566063]]]}, "properties": {"id": 237, "height_m": 6.0, "levels": 2, "category": "residencial", "extrude": true, "manzana_id": 31}}, {"type": "Feature", "geometry": {"type": "Polygon", "coordinates": [[[-7.4801649433004105, -43.94777584553225], [-8.067322630142673, -39.49497584570082], [-10.905251448431661, -39.940255845367574], [-10.122374533221423, -44.39305584559449], [-7.4801649433004105, -43.94777584553225]]]}, "properties": {"id": 238, "height_m": 9.0, "levels": 3, "category": "residencial", "extrude": true, "manzana_id": 31}}, {"type": "Feature", "geometry": {"type": "Polygon", "coordinates": [[[-7.675884172363721, -25.24601584568657], [-9.241638003131863, -25.468655845519947], [-20.886932120578113, -27.24977584537342], [-20.886932120578113, -27.917695845664525], [-20.886932120578113, -28.02901584538347], [-20.886932120578113, -31.47993584537147], [-17.951143687409804, -31.257295845538096], [-17.461845615446865, -35.15349584558834], [-18.538301374252065, -35.376135845421715], [-18.146862916473115, -38.27045584562853], [-5.816551498000613, -36.48933584537957], [-7.675884172363721, -25.24601584568657]]]}, "properties": {"id": 239, "height_m": 9.0, "levels": 3, "category": "residencial", "extrude": true, "manzana_id": 31}}, {"type": "Feature", "geometry": {"type": "Polygon", "coordinates": [[[-5.816551498000613, -32.59313584572482], [-5.131534196974363, -32.481815845610384], [-5.816551498000613, -28.47429584544571], [-6.501568799026863, -28.58561584556014], [-5.816551498000613, -32.59313584572482]]]}, "properties": {"id": 240, "height_m": 3.0, "levels": 1, "category": "residencial", "extrude": true, "manzana_id": 31}}, {"type": "Feature", "geometry": {"type": "Polygon", "coordinates": [[[-6.99086687133747, -25.13469584557214], [-7.675884172363721, -25.24601584568657], [-5.816551498000613, -36.48933584537957], [-5.229393811506018, -36.37801584566063], [-5.816551498000613, -32.59313584572482], [-6.501568799026863, -28.58561584556014], [-6.99086687133747, -25.13469584557214]]]}, "properties": {"id": 241, "height_m": 6.0, "levels": 2, "category": "residencial", "extrude": true, "manzana_id": 31}}, {"type": "Feature", "geometry": {"type": "Polygon", "coordinates": [[[-18.146862916473115, -38.27045584562853], [-18.538301374252065, -35.376135845421715], [-17.461845615446865, -35.15349584558834], [-17.951143687409804, -31.257295845538096], [-20.886932120578113, -31.47993584537147], [-20.9847917347621, -38.71573584569077], [-18.146862916473115, -38.27045584562853]]]}, "properties": {"id": 242, "height_m": 3.0, "levels": 1, "category": "residencial", "extrude": true, "manzana_id": 31}}, {"type": "Feature", "geometry": {"type": "Polygon", "coordinates": [[[-17.657564844162508, -17.008335845523845], [-21.082651349293755, -17.564935845700518], [-21.082651349293755, -20.013975845449608], [-17.363986000915208, -19.457375845668423], [-17.657564844162508, -17.008335845523845]]]}, "properties": {"id": 243, "height_m": 3.0, "levels": 1, "category": "residencial", "extrude": true, "manzana_id": 31}}, {"type": "Feature", "geometry": {"type": "Polygon", "coordinates": [[[-9.241638003131863, -25.468655845519947], [-9.73093607544247, -21.572455845469705], [-20.9847917347621, -23.1309358454898], [-20.886932120578113, -27.24977584537342], [-9.241638003131863, -25.468655845519947]]]}, "properties": {"id": 244, "height_m": 9.0, "levels": 3, "category": "residencial", "extrude": true, "manzana_id": 31}}, {"type": "Feature", "geometry": {"type": "Polygon", "coordinates": [[[-17.363986000915208, -19.457375845668423], [-21.082651349293755, -20.013975845449608], [-20.9847917347621, -23.1309358454898], [-9.73093607544247, -21.572455845469705], [-9.241638003131863, -25.468655845519947], [-6.99086687133747, -25.13469584557214], [-7.675884172363721, -20.459255845511848], [-10.318093761937066, -18.45549584542951], [-17.363986000915208, -19.457375845668423]]]}, "properties": {"id": 245, "height_m": 6.0, "levels": 2, "category": "residencial", "extrude": true, "manzana_id": 31}}, {"type": "Feature", "geometry": {"type": "Polygon", "coordinates": [[[-30.085735877166663, -103.50397584545277], [-10.807391834247673, -100.49833584552701], [-5.914411112532268, -99.94173584535034], [-6.403709184842875, -97.047415845539], [-29.596437804856055, -100.60965584564144], [-30.085735877166663, -103.50397584545277]]]}, "properties": {"id": 246, "height_m": 6.0, "levels": 2, "category": "residencial", "extrude": true, "manzana_id": 31}}, {"type": "Feature", "geometry": {"type": "Polygon", "coordinates": [[[-21.376230192541055, -85.69277584573157], [-27.541385901777304, -86.58333584546057], [-27.63924551630896, -87.47389584558505], [-29.498578190324398, -99.94173584535034], [-27.932824359556257, -100.1643758455792], [-26.26921091425646, -88.5870958455429], [-25.58419361323021, -88.47577584542847], [-25.388474384166898, -89.47765584566739], [-24.21415901117771, -89.25501584543852], [-23.822720553398756, -91.81537584569753], [-23.137703252372507, -91.7040558455831], [-21.66980903578835, -91.48141584535423], [-22.159107108098958, -88.03049584536623], [-21.082651349293755, -87.91917584564729], [-21.376230192541055, -85.69277584573157]]]}, "properties": {"id": 247, "height_m": 12.0, "levels": 4, "category": "residencial", "extrude": true, "manzana_id": 31}}, {"type": "Feature", "geometry": {"type": "Polygon", "coordinates": [[[-29.596437804856055, -100.60965584564144], [-6.403709184842875, -97.047415845539], [-7.284445714584768, -90.59085584562524], [-10.318093761937066, -91.03613584568748], [-10.709532219716019, -88.03049584536623], [-7.773743786895375, -87.58521584569948], [-8.16518224432666, -84.69089584549266], [-8.360901473389971, -83.91165584548261], [-21.376230192541055, -85.69277584573157], [-21.082651349293755, -87.91917584564729], [-22.159107108098958, -88.03049584536623], [-21.66980903578835, -91.48141584535423], [-20.201914819551863, -91.25877584552086], [-19.712616747241256, -94.26441584544662], [-22.648405180409565, -94.70969584550886], [-23.137703252372507, -91.7040558455831], [-23.822720553398756, -91.81537584569753], [-24.21415901117771, -89.25501584543852], [-25.388474384166898, -89.47765584566739], [-25.58419361323021, -88.47577584542847], [-26.26921091425646, -88.5870958455429], [-27.932824359556257, -100.1643758455792], [-29.498578190324398, -99.94173584535034], [-29.596437804856055, -100.60965584564144]]]}, "properties": {"id": 248, "height_m": 9.0, "levels": 3, "category": "residencial", "extrude": true, "manzana_id": 31}}, {"type": "Feature", "geometry": {"type": "Polygon", "coordinates": [[[-36.54447042930254, -133.11509584543913], [-46.91758955922795, -132.78113584549132], [-46.91758955922795, -151.37157584561805], [-39.480258862470855, -145.47161584548547], [-40.94815307870734, -142.24333584572634], [-37.4252069593921, -137.56789584566604], [-37.32734734486045, -137.34525584543718], [-36.83804927289751, -135.11885584552147], [-36.54447042930254, -133.11509584543913]]]}, "properties": {"id": 249, "height_m": 3.0, "levels": 1, "category": "residencial", "extrude": true, "manzana_id": 14}}, {"type": "Feature", "geometry": {"type": "Polygon", "coordinates": [[[-42.9053453676021, -66.87969584537598], [-46.13471264367004, -66.99101584549041], [-44.2753799696546, -105.1737758455873], [-43.786081897344, -105.61905584564954], [-33.11938392451896, -103.94925584551501], [-33.217243538702945, -103.72661584568164], [-33.217243538702945, -101.05493584570368], [-41.73102999426524, -102.50209584560935], [-42.22032806657585, -89.92293584572963], [-42.51390690982315, -84.13429584571148], [-42.9053453676021, -66.87969584537598]]]}, "properties": {"id": 250, "height_m": 6.0, "levels": 2, "category": "residencial", "extrude": true, "manzana_id": 31}}, {"type": "Feature", "geometry": {"type": "Polygon", "coordinates": [[[-33.217243538702945, -103.72661584568164], [-30.085735877166663, -103.2813358456194], [-29.69429741938771, -101.05493584570368], [-32.43436662349271, -100.94361584558925], [-33.217243538702945, -101.05493584570368], [-33.217243538702945, -103.72661584568164]]]}, "properties": {"id": 253, "height_m": 3.0, "levels": 1, "category": "residencial", "extrude": true, "manzana_id": 31}}, {"type": "Feature", "geometry": {"type": "Polygon", "coordinates": [[[-34.391558912039805, -73.2249358455708], [-34.48941852657146, -72.55701584567518], [-37.4252069593921, -72.77965584550856], [-37.32734734486045, -75.78529584543432], [-34.29369929750815, -75.56265584560094], [-34.391558912039805, -73.2249358455708]]]}, "properties": {"id": 254, "height_m": 3.0, "levels": 1, "category": "residencial", "extrude": true, "manzana_id": 31}}, {"type": "Feature", "geometry": {"type": "Polygon", "coordinates": [[[-37.32734734486045, -75.78529584543432], [-38.208083874950006, -75.78529584543432], [-38.11022426041835, -79.01357584558895], [-31.064332021440208, -78.5682958455267], [-31.162191635624197, -73.00229584573742], [-34.391558912039805, -73.2249358455708], [-34.29369929750815, -75.56265584560094], [-37.32734734486045, -75.78529584543432]]]}, "properties": {"id": 255, "height_m": 12.0, "levels": 4, "category": "residencial", "extrude": true, "manzana_id": 31}}, {"type": "Feature", "geometry": {"type": "Polygon", "coordinates": [[[-31.945068551182104, -89.70029584550076], [-40.65457423546004, -89.8116158456152], [-40.55671462127606, -93.37385584571763], [-35.076576213066055, -93.2625358456032], [-35.17443582759771, -91.59273584546867], [-32.042928165713754, -91.48141584535423], [-31.945068551182104, -89.70029584550076]]]}, "properties": {"id": 256, "height_m": 12.0, "levels": 4, "category": "residencial", "extrude": true, "manzana_id": 31}}, {"type": "Feature", "geometry": {"type": "Polygon", "coordinates": [[[-37.32734734486045, -66.54573584542817], [-42.9053453676021, -66.87969584537598], [-42.51390690982315, -84.13429584571148], [-42.22032806657585, -89.92293584572963], [-41.73102999426524, -102.50209584560935], [-33.217243538702945, -101.05493584570368], [-32.43436662349271, -100.94361584558925], [-29.596437804856055, -100.49833584552701], [-28.519982046050853, -93.2625358456032], [-32.042928165713754, -93.15121584548876], [-32.042928165713754, -91.48141584535423], [-35.17443582759771, -91.59273584546867], [-35.076576213066055, -93.2625358456032], [-40.55671462127606, -93.37385584571763], [-40.65457423546004, -89.8116158456152], [-31.945068551182104, -89.70029584550076], [-28.03068397408791, -89.58897584538633], [-27.63924551630896, -87.47389584558505], [-26.26921091425646, -79.57017584537013], [-29.204999347077102, -79.57017584537013], [-29.204999347077102, -77.00981584550661], [-28.617841660582506, -77.00981584550661], [-28.617841660582506, -75.1173758455387], [-28.911420503829802, -75.1173758455387], [-29.00928011836146, -74.00417584558085], [-28.617841660582506, -74.00417584558085], [-28.81356088929815, -70.88721584554065], [-28.519982046050853, -70.88721584554065], [-28.617841660582506, -68.43817584539607], [-28.226403202803553, -68.43817584539607], [-28.32426281733521, -66.21177584548036], [-34.29369929750815, -66.43441584570922], [-34.1958396829765, -69.21741584540612], [-34.1958396829765, -69.44005584563499], [-37.22948773032879, -69.66269584546836], [-37.32734734486045, -66.54573584542817]]]}, "properties": {"id": 257, "height_m": 9.0, "levels": 3, "category": "residencial", "extrude": true, "manzana_id": 31}}, {"type": "Feature", "geometry": {"type": "Polygon", "coordinates": [[[-24.507737854425006, -21.127175845407464], [-47.99404531803315, -24.912055845738763], [-45.9389934149544, -66.99101584549041], [-43.00320498178609, -66.87969584537598], [-44.96039727068085, -27.027135845540045], [-28.1285435882719, -24.35545584556209], [-28.1285435882719, -25.357335845405515], [-24.409878239893352, -24.6894158455099], [-24.507737854425006, -21.127175845407464]]]}, "properties": {"id": 258, "height_m": 6.0, "levels": 2, "category": "residencial", "extrude": true, "manzana_id": 31}}, {"type": "Feature", "geometry": {"type": "Polygon", "coordinates": [[[-20.9847917347621, -23.1309358454898], [-22.941984023656865, -23.46489584543761], [-22.941984023656865, -24.466775845676523], [-24.409878239893352, -24.6894158455099], [-24.409878239893352, -27.917695845664525], [-20.886932120578113, -28.02901584538347], [-20.886932120578113, -27.917695845664525], [-20.886932120578113, -27.24977584537342], [-20.9847917347621, -23.1309358454898]]]}, "properties": {"id": 259, "height_m": 6.0, "levels": 2, "category": "residencial", "extrude": true, "manzana_id": 31}}, {"type": "Feature", "geometry": {"type": "Polygon", "coordinates": [[[-21.082651349293755, -20.57057584562628], [-24.507737854425006, -21.127175845407464], [-24.409878239893352, -24.6894158455099], [-22.941984023656865, -24.466775845676523], [-22.941984023656865, -23.46489584543761], [-20.9847917347621, -23.1309358454898], [-21.082651349293755, -20.57057584562628]]]}, "properties": {"id": 260, "height_m": 3.0, "levels": 1, "category": "residencial", "extrude": true, "manzana_id": 31}}, {"type": "Feature", "geometry": {"type": "Polygon", "coordinates": [[[-24.409878239893352, -24.6894158455099], [-28.1285435882719, -25.357335845405515], [-28.1285435882719, -24.35545584556209], [-44.96039727068085, -27.027135845540045], [-43.00320498178609, -66.87969584537598], [-26.856368600751054, -66.10045584536593], [-27.247807058530007, -57.52881584565088], [-26.7585089862194, -57.52881584565088], [-27.541385901777304, -40.051575845482006], [-20.9847917347621, -40.051575845482006], [-20.9847917347621, -39.82893584564863], [-20.9847917347621, -38.71573584569077], [-20.886932120578113, -28.02901584538347], [-24.409878239893352, -27.917695845664525], [-24.409878239893352, -24.6894158455099]]]}, "properties": {"id": 261, "height_m": 9.0, "levels": 3, "category": "residencial", "extrude": true, "manzana_id": 31}}, {"type": "Feature", "geometry": {"type": "Polygon", "coordinates": [[[-71.38249316676198, 119.46998415437164], [-73.14396622659342, 142.73586415455867], [-101.42539479738532, 140.50946415464296], [-102.11041209841157, 147.63394415445234], [-73.73112391343568, 150.19430415431586], [-78.23266617702447, 209.97314415446525], [-106.41623513328472, 207.74674415454953], [-107.10125243431096, 214.8712241543589], [-78.72196424933507, 217.43158415461792], [-79.01554309258238, 221.32778415427268], [-80.38557769463488, 243.0351841544396], [-109.7434620238843, 240.69746415440946], [-110.42847932491055, 247.82194415461433], [-82.04919113993468, 250.38230415447785], [-80.77701615241384, 250.27098415436342], [-80.87487576659781, 251.94078415449795], [-111.21135624046846, 250.49362415459228], [-122.9545099720987, 249.9370241544156], [-112.97282929995225, 112.23418415444783], [-71.38249316676198, 119.46998415437164]]]}, "properties": {"id": 262, "height_m": 12.0, "levels": 4, "category": "residencial", "extrude": true, "manzana_id": 29}}, {"type": "Feature", "geometry": {"type": "Polygon", "coordinates": [[[-101.03395633960636, 284.44622415429563], [-101.13181595379035, 286.2273441545446], [-103.67616592917972, 286.00470415431573], [-103.57830631464806, 284.3349041545767], [-101.03395633960636, 284.44622415429563]]]}, "properties": {"id": 263, "height_m": 6.0, "levels": 2, "category": "residencial", "extrude": true, "manzana_id": 29}}, {"type": "Feature", "geometry": {"type": "Polygon", "coordinates": [[[-113.3642677577312, 281.2179441545365], [-116.00647734765221, 281.1066241544221], [-114.93002158884701, 262.7388241545242], [-120.70373884030431, 262.293544154462], [-119.9208619247464, 250.15966415464447], [-111.21135624046846, 250.49362415459228], [-101.8168332548166, 250.93890415465452], [-102.59971017037451, 264.0746641543154], [-102.01255248387992, 264.1859841544299], [-102.11041209841157, 265.8557841545644], [-99.46820250849055, 265.96710415428333], [-99.95750058080117, 273.8708241544982], [-101.91469286934826, 273.7595041543838], [-101.91469286934826, 272.9802641543738], [-103.08900824268511, 272.86894415465486], [-103.48044670046407, 278.54626415455857], [-100.64251788182742, 278.6575841542775], [-101.03395633960636, 284.44622415429563], [-103.57830631464806, 284.3349041545767], [-103.67616592917972, 286.00470415431573], [-103.87188515789535, 286.00470415431573], [-105.3397793744795, 309.60454415445054], [-106.80767359106366, 309.1592641543883], [-106.41623513328472, 303.9272241545468], [-108.3734274218318, 303.8159041544324], [-108.3734274218318, 303.704584154318], [-107.00339281977931, 303.8159041544324], [-106.90553320524765, 302.0347841545789], [-108.27556780730015, 302.0347841545789], [-108.27556780730015, 301.70082415463116], [-106.31837551875306, 301.8121441543501], [-105.14406014576386, 281.66322415459877], [-110.3306197103789, 281.3292641546509], [-110.23276009619491, 279.3255041545686], [-113.16854852901555, 279.1028641543397], [-113.3642677577312, 281.2179441545365]]]}, "properties": {"id": 264, "height_m": 9.0, "levels": 3, "category": "residencial", "extrude": true, "manzana_id": 29}}, {"type": "Feature", "geometry": {"type": "Polygon", "coordinates": [[[-99.46820250849055, 265.96710415428333], [-102.11041209841157, 265.8557841545644], [-102.01255248387992, 264.1859841544299], [-99.37034289430657, 264.2973041545443], [-99.46820250849055, 265.96710415428333]]]}, "properties": {"id": 265, "height_m": 9.0, "levels": 3, "category": "residencial", "extrude": true, "manzana_id": 29}}, {"type": "Feature", "geometry": {"type": "Polygon", "coordinates": [[[-108.27556780730015, 302.0347841545789], [-106.90553320524765, 302.0347841545789], [-107.00339281977931, 303.8159041544324], [-108.3734274218318, 303.704584154318], [-108.27556780730015, 302.0347841545789]]]}, "properties": {"id": 266, "height_m": 9.0, "levels": 3, "category": "residencial", "extrude": true, "manzana_id": 29}}, {"type": "Feature", "geometry": {"type": "Polygon", "coordinates": [[[-108.3734274218318, 303.704584154318], [-109.54774279516866, 303.704584154318], [-109.449883180637, 301.9234641544645], [-108.27556780730015, 302.0347841545789], [-108.3734274218318, 303.704584154318]]]}, "properties": {"id": 267, "height_m": 9.0, "levels": 3, "category": "residencial", "extrude": true, "manzana_id": 29}}, {"type": "Feature", "geometry": {"type": "Polygon", "coordinates": [[[-111.79851392696305, 307.71210415448263], [-115.027881203031, 306.8215441543582], [-114.53858313106805, 294.131064154364], [-114.24500428782076, 294.131064154364], [-111.30921585465245, 294.3537041545929], [-111.40707546918411, 299.2517841544866], [-111.79851392696305, 304.3725041546091], [-111.79851392696305, 307.71210415448263]]]}, "properties": {"id": 268, "height_m": 6.0, "levels": 2, "category": "residencial", "extrude": true, "manzana_id": 29}}, {"type": "Feature", "geometry": {"type": "Polygon", "coordinates": [[[-115.027881203031, 306.8215441543582], [-121.58447537004619, 304.9291041543903], [-123.248088815346, 304.48382415432803], [-120.70373884030431, 262.293544154462], [-114.93002158884701, 262.7388241545242], [-116.00647734765221, 281.1066241544221], [-113.3642677577312, 281.2179441545365], [-113.46212737226286, 282.10850415426546], [-110.42847932491055, 282.3311441544944], [-110.3306197103789, 281.3292641546509], [-105.14406014576386, 281.66322415459877], [-106.31837551875306, 301.8121441543501], [-108.27556780730015, 301.70082415463116], [-108.27556780730015, 302.0347841545789], [-109.449883180637, 301.9234641544645], [-109.54774279516866, 303.704584154318], [-108.3734274218318, 303.704584154318], [-108.3734274218318, 303.8159041544324], [-106.41623513328472, 303.9272241545468], [-106.80767359106366, 309.1592641543883], [-111.30921585465245, 307.8234241545971], [-111.79851392696305, 307.71210415448263], [-111.79851392696305, 304.3725041546091], [-111.40707546918411, 299.2517841544866], [-111.30921585465245, 294.3537041545929], [-111.01563701140515, 291.34806415427164], [-114.04928505875745, 291.1254241544383], [-114.24500428782076, 294.131064154364], [-114.53858313106805, 294.131064154364], [-115.027881203031, 306.8215441543582]]]}, "properties": {"id": 269, "height_m": 9.0, "levels": 3, "category": "residencial", "extrude": true, "manzana_id": 29}}, {"type": "Feature", "geometry": {"type": "Polygon", "coordinates": [[[-88.21434684917092, 313.7233841543342], [-89.09508337891282, 314.2799841545109], [-105.3397793744795, 309.60454415445054], [-103.87188515789535, 286.00470415431573], [-103.67616592917972, 286.00470415431573], [-101.13181595379035, 286.2273441545446], [-101.03395633960636, 284.44622415429563], [-100.64251788182742, 278.6575841542775], [-103.48044670046407, 278.54626415455857], [-103.08900824268511, 272.86894415465486], [-101.91469286934826, 272.9802641543738], [-101.91469286934826, 273.7595041543838], [-99.95750058080117, 273.8708241544982], [-99.46820250849055, 265.96710415428333], [-99.37034289430657, 264.2973041545443], [-102.01255248387992, 264.1859841544299], [-102.59971017037451, 264.0746641543154], [-101.8168332548166, 250.93890415465452], [-83.90852381395011, 251.82946415438352], [-88.21434684917092, 313.7233841543342]]]}, "properties": {"id": 270, "height_m": 6.0, "levels": 2, "category": "publico", "extrude": true, "manzana_id": 29}}, {"type": "Feature", "geometry": {"type": "Polygon", "coordinates": [[[48.69125374015676, -11.33101584562013], [45.75546530698845, -11.77629584568237], [37.82883653826841, -12.889495845640226], [38.02455576698406, -14.22533584543146], [42.23251918767321, -13.668735845650275], [42.91753648869946, -19.123415845720615], [38.70957306801031, -19.6800158455018], [39.19887114032091, -22.68565584542756], [49.767709498614295, -21.238495845521896], [48.69125374015676, -11.33101584562013]]]}, "properties": {"id": 271, "height_m": 6.0, "levels": 2, "category": "residencial", "extrude": true, "manzana_id": 31}}, {"type": "Feature", "geometry": {"type": "Polygon", "coordinates": [[[49.767709498614295, -21.238495845521896], [52.01848063075635, -20.904535845574088], [50.94202487195115, -10.997055845672321], [48.69125374015676, -11.33101584562013], [49.767709498614295, -21.238495845521896]]]}, "properties": {"id": 272, "height_m": 3.0, "levels": 1, "category": "residencial", "extrude": true, "manzana_id": 31}}, {"type": "Feature", "geometry": {"type": "Polygon", "coordinates": [[[38.70957306801031, -19.6800158455018], [42.91753648869946, -19.123415845720615], [42.23251918767321, -13.668735845650275], [38.02455576698406, -14.22533584543146], [38.70957306801031, -19.6800158455018]]]}, "properties": {"id": 273, "height_m": 9.0, "levels": 3, "category": "residencial", "extrude": true, "manzana_id": 31}}, {"type": "Feature", "geometry": {"type": "Polygon", "coordinates": [[[27.84715586612196, -14.336655845545891], [20.214105940649223, -15.449855845503748], [20.605544398428172, -18.232855845596134], [30.782944298942603, -16.897015845409413], [30.489365455695303, -15.227215845670372], [36.2630827071526, -14.447975845660324], [36.06736347843696, -13.112135845473603], [28.72789239621152, -14.22533584543146], [27.84715586612196, -14.336655845545891]]]}, "properties": {"id": 274, "height_m": 6.0, "levels": 2, "category": "residencial", "extrude": true, "manzana_id": 31}}, {"type": "Feature", "geometry": {"type": "Polygon", "coordinates": [[[37.82883653826841, -12.889495845640226], [37.730976923736755, -12.666855845411362], [37.633117309205105, -12.444215845577986], [37.43739808048946, -12.332895845463554], [28.825752010395508, -13.557415845535843], [28.72789239621152, -13.780055845369219], [28.72789239621152, -13.891375845483651], [28.72789239621152, -14.22533584543146], [36.06736347843696, -13.112135845473603], [36.948100008178855, -13.00081584535917], [37.43739808048946, -12.889495845640226], [37.82883653826841, -12.889495845640226]]]}, "properties": {"id": 275, "height_m": 3.0, "levels": 1, "category": "residencial", "extrude": true, "manzana_id": 31}}, {"type": "Feature", "geometry": {"type": "Polygon", "coordinates": [[[36.06736347843696, -13.112135845473603], [36.2630827071526, -14.447975845660324], [30.489365455695303, -15.227215845670372], [30.782944298942603, -16.897015845409413], [20.605544398428172, -18.232855845596134], [21.58414054270172, -25.24601584568657], [39.19887114032091, -22.68565584542756], [37.82883653826841, -12.889495845640226], [36.06736347843696, -13.112135845473603]]]}, "properties": {"id": 276, "height_m": 9.0, "levels": 3, "category": "residencial", "extrude": true, "manzana_id": 31}}, {"type": "Feature", "geometry": {"type": "Polygon", "coordinates": [[[27.84715586612196, -14.336655845545891], [27.945015480653613, -14.002695845598083], [27.84715586612196, -13.780055845369219], [27.749296251590305, -13.668735845650275], [20.50768478389652, -14.6706158454937], [20.311965554833208, -14.893255845722564], [20.214105940649223, -15.449855845503748], [20.214105940649223, -15.449855845503748], [20.605544398428172, -15.338535845389316], [27.84715586612196, -14.336655845545891]]]}, "properties": {"id": 277, "height_m": 3.0, "levels": 1, "category": "residencial", "extrude": true, "manzana_id": 31}}, {"type": "Feature", "geometry": {"type": "Polygon", "coordinates": [[[20.214105940649223, -15.449855845503748], [20.116246326117565, -14.6706158454937], [10.036706039787125, -16.117775845399365], [10.13456565431878, -16.897015845409413], [10.330284883034423, -16.78569584569047], [10.428144497566079, -16.78569584569047], [10.623863726281721, -16.78569584569047], [19.82266748287027, -15.449855845503748], [20.116246326117565, -15.449855845503748], [20.214105940649223, -15.449855845503748]]]}, "properties": {"id": 278, "height_m": 3.0, "levels": 1, "category": "residencial", "extrude": true, "manzana_id": 31}}, {"type": "Feature", "geometry": {"type": "Polygon", "coordinates": [[[10.917442569529017, -22.908295845656426], [13.559652159102363, -22.574335845708617], [13.168213701671078, -19.902655845730663], [10.623863726281721, -20.23661584567847], [10.917442569529017, -22.908295845656426]]]}, "properties": {"id": 279, "height_m": 12.0, "levels": 4, "category": "residencial", "extrude": true, "manzana_id": 31}}, {"type": "Feature", "geometry": {"type": "Polygon", "coordinates": [[[20.605544398428172, -18.232855845596134], [12.581056014828816, -19.34605584555399], [12.385336786113173, -17.342295845471654], [10.232425268502768, -17.676255845419462], [10.623863726281721, -20.23661584567847], [13.168213701671078, -19.902655845730663], [13.559652159102363, -22.574335845708617], [10.917442569529017, -22.908295845656426], [11.406740641839626, -26.693175845592236], [21.58414054270172, -25.24601584568657], [20.605544398428172, -18.232855845596134]]]}, "properties": {"id": 280, "height_m": 9.0, "levels": 3, "category": "residencial", "extrude": true, "manzana_id": 31}}, {"type": "Feature", "geometry": {"type": "Polygon", "coordinates": [[[20.214105940649223, -15.449855845503748], [10.330284883034423, -16.78569584569047], [10.13456565431878, -16.897015845409413], [10.232425268502768, -17.676255845419462], [12.385336786113173, -17.342295845471654], [12.581056014828816, -19.34605584555399], [20.605544398428172, -18.232855845596134], [20.214105940649223, -15.449855845503748]]]}, "properties": {"id": 281, "height_m": 6.0, "levels": 2, "category": "residencial", "extrude": true, "manzana_id": 31}}, {"type": "Feature", "geometry": {"type": "Polygon", "coordinates": [[[10.13456565431878, -16.897015845409413], [10.036706039787125, -16.117775845399365], [3.28439264405628, -17.119655845638277], [-0.9235707766328751, -17.787575845533894], [0.7400426686669225, -28.1403358454979], [1.5229195842248275, -28.02901584538347], [0.4464638254196249, -21.01585584568852], [0.34860421088797, -20.57057584562628], [-0.04283424654331527, -18.344175845710566], [3.3822522582402677, -17.787575845533894], [5.633023390382328, -17.564935845700518], [6.02446184816128, -17.453615845586086], [10.13456565431878, -16.897015845409413]]]}, "properties": {"id": 282, "height_m": 3.0, "levels": 1, "category": "residencial", "extrude": true, "manzana_id": 31}}, {"type": "Feature", "geometry": {"type": "Polygon", "coordinates": [[[10.13456565431878, -16.897015845409413], [6.02446184816128, -17.453615845586086], [6.318040691408577, -20.23661584567847], [10.526004111750066, -19.6800158455018], [10.13456565431878, -16.897015845409413]]]}, "properties": {"id": 283, "height_m": 6.0, "levels": 2, "category": "residencial", "extrude": true, "manzana_id": 31}}, {"type": "Feature", "geometry": {"type": "Polygon", "coordinates": [[[3.3822522582402677, -17.787575845533894], [3.77369071601922, -20.57057584562628], [0.4464638254196249, -21.01585584568852], [1.5229195842248275, -28.02901584538347], [11.406740641839626, -26.693175845592236], [10.526004111750066, -19.6800158455018], [6.318040691408577, -20.23661584567847], [6.02446184816128, -17.453615845586086], [3.3822522582402677, -17.787575845533894]]]}, "properties": {"id": 284, "height_m": 9.0, "levels": 3, "category": "residencial", "extrude": true, "manzana_id": 31}}, {"type": "Feature", "geometry": {"type": "Polygon", "coordinates": [[[3.3822522582402677, -17.787575845533894], [-0.04283424654331527, -18.344175845710566], [0.4464638254196249, -21.01585584568852], [3.77369071601922, -20.57057584562628], [3.3822522582402677, -17.787575845533894]]]}, "properties": {"id": 285, "height_m": 6.0, "levels": 2, "category": "residencial", "extrude": true, "manzana_id": 31}}, {"type": "Feature", "geometry": {"type": "Polygon", "coordinates": [[[72.47114004666453, 41.212024154605444], [71.00324583042804, 51.45346415445502], [63.56591513367095, 50.34026415449716], [63.272336290075984, 52.23270415446507], [57.302899809903046, 51.230824154621644], [58.770794026487195, 39.31958415463754], [62.19588053161845, 39.76486415430429], [61.41300361606054, 45.99878415438468], [63.95735359110223, 46.44406415444692], [63.56591513367095, 48.00254415446702], [69.63321122837554, 48.8931041545915], [70.80752660136473, 40.98938415437658], [72.47114004666453, 41.212024154605444]]]}, "properties": {"id": 286, "height_m": 6.0, "levels": 2, "category": "residencial", "extrude": true, "manzana_id": 38}}, {"type": "Feature", "geometry": {"type": "Polygon", "coordinates": [[[70.80752660136473, 40.98938415437658], [69.63321122837554, 48.8931041545915], [63.56591513367095, 48.00254415446702], [63.95735359110223, 46.44406415444692], [61.41300361606054, 45.99878415438468], [62.19588053161845, 39.76486415430429], [70.80752660136473, 40.98938415437658]]]}, "properties": {"id": 287, "height_m": 9.0, "levels": 3, "category": "residencial", "extrude": true, "manzana_id": 38}}, {"type": "Feature", "geometry": {"type": "Polygon", "coordinates": [[[61.11942477281325, 39.65354415458535], [58.770794026487195, 39.31958415463754], [58.085776725460946, 39.20826415452311], [58.672934411955545, 34.64414415457725], [61.70658245930784, 35.08942415463949], [61.11942477281325, 39.65354415458535]]]}, "properties": {"id": 288, "height_m": 3.0, "levels": 1, "category": "residencial", "extrude": true, "manzana_id": 38}}, {"type": "Feature", "geometry": {"type": "Polygon", "coordinates": [[[69.53535161384389, 40.87806415426215], [66.2081247232443, 40.321464154480964], [66.89314202427055, 35.86866415464954], [70.12250930033848, 36.31394415431629], [69.53535161384389, 40.87806415426215]]]}, "properties": {"id": 289, "height_m": 9.0, "levels": 3, "category": "residencial", "extrude": true, "manzana_id": 38}}, {"type": "Feature", "geometry": {"type": "Polygon", "coordinates": [[[66.2081247232443, 40.321464154480964], [61.11942477281325, 39.65354415458535], [61.70658245930784, 35.08942415463949], [62.09802091708679, 32.417744154266046], [70.51394775811744, 33.642264154338335], [70.12250930033848, 36.31394415431629], [66.89314202427055, 35.86866415464954], [66.2081247232443, 40.321464154480964]]]}, "properties": {"id": 290, "height_m": 12.0, "levels": 4, "category": "residencial", "extrude": true, "manzana_id": 38}}, {"type": "Feature", "geometry": {"type": "Polygon", "coordinates": [[[61.70658245930784, 35.08942415463949], [58.672934411955545, 34.64414415457725], [59.0643728697345, 31.972464154599294], [62.09802091708679, 32.417744154266046], [61.70658245930784, 35.08942415463949]]]}, "properties": {"id": 291, "height_m": 9.0, "levels": 3, "category": "residencial", "extrude": true, "manzana_id": 38}}, {"type": "Feature", "geometry": {"type": "Polygon", "coordinates": [[[68.65461508410199, 6.814144154444364], [65.52310742221805, 6.368864154382123], [66.40384395195994, -1.089575845375066], [69.53535161384389, -0.6442958457083137], [68.65461508410199, 6.814144154444364]]]}, "properties": {"id": 292, "height_m": 6.0, "levels": 2, "category": "residencial", "extrude": true, "manzana_id": 38}}, {"type": "Feature", "geometry": {"type": "Polygon", "coordinates": [[[80.20204958666892, 1.1368241545406477], [82.84425917658994, 1.582104154602888], [82.45282071881098, 5.478304154653131], [81.96352264650038, 8.929224154641133], [79.32131305692702, 8.483944154578893], [80.20204958666892, 1.1368241545406477]]]}, "properties": {"id": 293, "height_m": 6.0, "levels": 2, "category": "residencial", "extrude": true, "manzana_id": 38}}, {"type": "Feature", "geometry": {"type": "Polygon", "coordinates": [[[79.32131305692702, 8.483944154578893], [71.68826313145429, 7.259424154506604], [72.56899966119619, -0.08769584553164123], [80.20204958666892, 1.1368241545406477], [79.32131305692702, 8.483944154578893]]]}, "properties": {"id": 294, "height_m": 9.0, "levels": 3, "category": "residencial", "extrude": true, "manzana_id": 38}}, {"type": "Feature", "geometry": {"type": "Polygon", "coordinates": [[[71.68826313145429, 7.259424154506604], [68.65461508410199, 6.814144154444364], [69.53535161384389, -0.6442958457083137], [72.56899966119619, -0.08769584553164123], [71.68826313145429, 7.259424154506604]]]}, "properties": {"id": 295, "height_m": 6.0, "levels": 2, "category": "residencial", "extrude": true, "manzana_id": 38}}, {"type": "Feature", "geometry": {"type": "Polygon", "coordinates": [[[69.14391315606494, -0.6442958457083137], [64.44665166341284, -1.4235358457183622], [66.99100163845453, -18.90077584549175], [71.68826313145429, -18.232855845596134], [69.14391315606494, -0.6442958457083137]]]}, "properties": {"id": 296, "height_m": 6.0, "levels": 2, "category": "residencial", "extrude": true, "manzana_id": 38}}, {"type": "Feature", "geometry": {"type": "Polygon", "coordinates": [[[83.72499570633182, -4.985775845425309], [81.08278611675848, -5.431055845487549], [80.59348804444788, -6.76689584567427], [81.37636496000579, -10.10649584554784], [82.35496110427933, -10.885735845557889], [84.31215339282643, -10.440455845495649], [83.72499570633182, -4.985775845425309]]]}, "properties": {"id": 297, "height_m": 3.0, "levels": 1, "category": "residencial", "extrude": true, "manzana_id": 38}}, {"type": "Feature", "geometry": {"type": "Polygon", "coordinates": [[[78.92987459914808, -17.119655845638277], [78.53843614136913, -14.114015845712515], [75.60264770854849, -14.559295845379268], [75.99408616632743, -17.564935845700518], [78.92987459914808, -17.119655845638277]]]}, "properties": {"id": 298, "height_m": 3.0, "levels": 1, "category": "residencial", "extrude": true, "manzana_id": 38}}, {"type": "Feature", "geometry": {"type": "Polygon", "coordinates": [[[76.77696308153767, 0.5802241543639752], [72.96043811897513, 0.02362415458279088], [73.44973619093808, -3.4272958454052116], [77.26626115384828, -2.759375845509595], [76.77696308153767, 0.5802241543639752]]]}, "properties": {"id": 299, "height_m": 3.0, "levels": 1, "category": "residencial", "extrude": true, "manzana_id": 38}}, {"type": "Feature", "geometry": {"type": "Polygon", "coordinates": [[[71.29682467367535, -6.432935845726462], [72.27542081794888, -12.221575845349122], [76.28766500957474, -11.553655845453505], [75.30906886530119, -5.765015845435357], [71.29682467367535, -6.432935845726462]]]}, "properties": {"id": 300, "height_m": 12.0, "levels": 4, "category": "residencial", "extrude": true, "manzana_id": 38}}, {"type": "Feature", "geometry": {"type": "Polygon", "coordinates": [[[72.96043811897513, 0.02362415458279088], [69.14391315606494, -0.6442958457083137], [71.68826313145429, -18.232855845596134], [75.99408616632743, -17.564935845700518], [75.60264770854849, -14.559295845379268], [78.53843614136913, -14.114015845712515], [78.92987459914808, -17.119655845638277], [84.99717069385268, -16.117775845399365], [84.31215339282643, -10.440455845495649], [82.35496110427933, -10.885735845557889], [81.37636496000579, -10.10649584554784], [80.59348804444788, -6.76689584567427], [81.08278611675848, -5.431055845487549], [83.72499570633182, -4.985775845425309], [83.43141686308454, -2.8706958456240272], [83.43141686308454, -2.536735845676219], [82.84425917658994, 1.582104154602888], [76.77696308153767, 0.5802241543639752], [77.26626115384828, -2.759375845509595], [73.44973619093808, -3.4272958454052116], [72.96043811897513, 0.02362415458279088]]]}, "properties": {"id": 301, "height_m": 9.0, "levels": 3, "category": "residencial", "extrude": true, "manzana_id": 38}}, {"type": "Feature", "geometry": {"type": "Polygon", "coordinates": [[[67.77387855401244, -18.78945584537732], [66.99100163845453, -18.90077584549175], [68.36103624050703, -28.47429584544571], [69.2417727705966, -28.362975845726766], [67.77387855401244, -18.78945584537732]]]}, "properties": {"id": 302, "height_m": 6.0, "levels": 2, "category": "residencial", "extrude": true, "manzana_id": 38}}, {"type": "Feature", "geometry": {"type": "Polygon", "coordinates": [[[76.09194578085909, -21.238495845521896], [76.87482269606933, -27.24977584537342], [86.26934568137352, -25.802615845467756], [85.29074953709997, -18.45549584542951], [84.99717069385268, -16.117775845399365], [78.92987459914808, -17.119655845638277], [79.51703228564267, -20.681895845345224], [79.22345344239538, -21.01585584568852], [78.92987459914808, -21.461135845355273], [78.63629575590078, -21.683775845584137], [78.14699768359017, -21.79509584569857], [77.7555592261589, -21.906415845417513], [77.26626115384828, -21.906415845417513], [76.77696308153767, -21.79509584569857], [76.3855246241064, -21.461135845355273], [76.09194578085909, -21.238495845521896]]]}, "properties": {"id": 303, "height_m": 6.0, "levels": 2, "category": "residencial", "extrude": true, "manzana_id": 38}}, {"type": "Feature", "geometry": {"type": "Polygon", "coordinates": [[[75.60264770854849, -17.564935845700518], [67.77387855401244, -18.78945584537732], [69.2417727705966, -28.362975845726766], [76.87482269606933, -27.24977584537342], [76.09194578085909, -21.238495845521896], [75.60264770854849, -17.564935845700518]]]}, "properties": {"id": 304, "height_m": 9.0, "levels": 3, "category": "residencial", "extrude": true, "manzana_id": 38}}, {"type": "Feature", "geometry": {"type": "Polygon", "coordinates": [[[80.98492650222683, -30.812015845475855], [79.32131305692702, -31.03465584570472], [79.61489190017433, -33.149735845506], [76.28766500957474, -33.59501584556824], [76.58124385282203, -35.48745584553615], [79.81061112923764, -35.042175845473906], [80.20204958666892, -37.37989584550405], [81.86566303196872, -37.157255845670676], [80.98492650222683, -30.812015845475855]]]}, "properties": {"id": 305, "height_m": 9.0, "levels": 3, "category": "residencial", "extrude": true, "manzana_id": 38}}, {"type": "Feature", "geometry": {"type": "Polygon", "coordinates": [[[81.18064573094247, -26.581855845477804], [68.36103624050703, -28.47429584544571], [70.3182285294018, -42.38929584551215], [83.03997840530558, -40.496855845544246], [81.18064573094247, -26.581855845477804]]]}, "properties": {"id": 306, "height_m": 6.0, "levels": 2, "category": "residencial", "extrude": true, "manzana_id": 38}}, {"type": "Feature", "geometry": {"type": "Polygon", "coordinates": [[[75.30906886530119, -52.74205584547616], [72.07970158888558, -53.1873358455384], [73.3518765767541, -63.094815845440166], [76.58124385282203, -62.649535845377926], [75.30906886530119, -52.74205584547616]]]}, "properties": {"id": 307, "height_m": 6.0, "levels": 2, "category": "residencial", "extrude": true, "manzana_id": 38}}, {"type": "Feature", "geometry": {"type": "Polygon", "coordinates": [[[82.94211879077392, -58.30805584566093], [85.29074953709997, -58.08541584543207], [84.89931107932102, -55.079775845506305], [82.55068033299497, -55.41373584545411], [82.94211879077392, -58.30805584566093]]]}, "properties": {"id": 308, "height_m": 3.0, "levels": 1, "category": "residencial", "extrude": true, "manzana_id": 38}}, {"type": "Feature", "geometry": {"type": "Polygon", "coordinates": [[[82.55068033299497, -55.41373584545411], [82.45282071881098, -54.96845584539187], [79.61489190017433, -55.30241584573517], [76.28766500957474, -55.74769584540192], [76.87482269606933, -59.643895845452164], [83.03997840530558, -58.75333584572317], [82.94211879077392, -58.30805584566093], [82.55068033299497, -55.41373584545411]]]}, "properties": {"id": 309, "height_m": 12.0, "levels": 4, "category": "residencial", "extrude": true, "manzana_id": 38}}, {"type": "Feature", "geometry": {"type": "Polygon", "coordinates": [[[76.58124385282203, -62.649535845377926], [90.47730910206268, -60.86841584552445], [90.28158987334703, -59.08729584567098], [89.30299372872582, -51.07225584573712], [89.20513411454183, -50.73829584539382], [75.30906886530119, -52.74205584547616], [76.58124385282203, -62.649535845377926]]]}, "properties": {"id": 310, "height_m": 9.0, "levels": 3, "category": "residencial", "extrude": true, "manzana_id": 38}}, {"type": "Feature", "geometry": {"type": "Polygon", "coordinates": [[[77.16840153931663, -62.649535845377926], [73.05829773315912, -63.094815845440166], [74.03689387778034, -69.99665584541617], [89.30299372872582, -67.65893584538603], [88.91155527129453, -64.65329584546026], [77.65769961162724, -66.32309584559479], [77.16840153931663, -62.649535845377926]]]}, "properties": {"id": 311, "height_m": 6.0, "levels": 2, "category": "residencial", "extrude": true, "manzana_id": 38}}, {"type": "Feature", "geometry": {"type": "Polygon", "coordinates": [[[88.42225719898393, -61.09105584535783], [77.16840153931663, -62.649535845377926], [77.65769961162724, -66.32309584559479], [88.91155527129453, -64.65329584546026], [88.42225719898393, -61.09105584535783]]]}, "properties": {"id": 312, "height_m": 9.0, "levels": 3, "category": "residencial", "extrude": true, "manzana_id": 38}}, {"type": "Feature", "geometry": {"type": "Polygon", "coordinates": [[[95.66386866702538, -72.11173584561294], [89.98801102975207, -73.00229584573742], [90.37944948753102, -75.89661584554875], [91.26018601762058, -84.35693584554485], [98.01249941335142, -83.35505584570143], [97.32748211232517, -79.01357584558895], [96.74032442548291, -79.12489584570338], [96.05530712445666, -75.00605584542427], [95.66386866702538, -72.11173584561294]]]}, "properties": {"id": 313, "height_m": 6.0, "levels": 2, "category": "residencial", "extrude": true, "manzana_id": 38}}, {"type": "Feature", "geometry": {"type": "Polygon", "coordinates": [[[105.84126856788747, -70.55325584559284], [105.15625126686122, -65.32121584535588], [91.26018601762058, -67.32497584543822], [89.30299372872582, -67.65893584538603], [89.98801102975207, -73.00229584573742], [95.66386866702538, -72.11173584561294], [100.16541093061416, -71.44381584571732], [105.84126856788747, -70.55325584559284]]]}, "properties": {"id": 314, "height_m": 6.0, "levels": 2, "category": "residencial", "extrude": true, "manzana_id": 38}}, {"type": "Feature", "geometry": {"type": "Polygon", "coordinates": [[[105.84126856788747, -70.55325584559284], [100.16541093061416, -71.44381584571732], [100.55684938839312, -74.22681584541422], [101.14400707488771, -78.34565584569333], [100.36113015967747, -78.45697584541227], [101.04614746070372, -82.90977584563919], [107.30916278412396, -82.01921584551471], [105.84126856788747, -70.55325584559284]]]}, "properties": {"id": 315, "height_m": 6.0, "levels": 2, "category": "residencial", "extrude": true, "manzana_id": 38}}, {"type": "Feature", "geometry": {"type": "Polygon", "coordinates": [[[100.36113015967747, -78.45697584541227], [97.32748211232517, -79.01357584558895], [98.01249941335142, -83.35505584570143], [101.04614746070372, -82.90977584563919], [100.36113015967747, -78.45697584541227]]]}, "properties": {"id": 316, "height_m": 9.0, "levels": 3, "category": "residencial", "extrude": true, "manzana_id": 38}}, {"type": "Feature", "geometry": {"type": "Polygon", "coordinates": [[[100.16541093061416, -71.44381584571732], [95.66386866702538, -72.11173584561294], [96.05530712445666, -75.00605584542427], [100.55684938839312, -74.22681584541422], [100.16541093061416, -71.44381584571732]]]}, "properties": {"id": 317, "height_m": 9.0, "levels": 3, "category": "residencial", "extrude": true, "manzana_id": 38}}, {"type": "Feature", "geometry": {"type": "Polygon", "coordinates": [[[108.18989931421352, -64.87593584568913], [105.15625126686122, -65.32121584535588], [105.84126856788747, -70.55325584559284], [106.03698779660311, -72.55701584567518], [111.90856466259207, -71.88909584538408], [111.71284543352876, -70.44193584547841], [111.41926659028147, -67.54761584566708], [111.41926659028147, -67.43629584555265], [108.38561854292917, -67.65893584538603], [108.18989931421352, -64.87593584568913]]]}, "properties": {"id": 318, "height_m": 6.0, "levels": 2, "category": "residencial", "extrude": true, "manzana_id": 38}}, {"type": "Feature", "geometry": {"type": "Polygon", "coordinates": [[[111.41926659028147, -67.43629584555265], [111.22354736156582, -66.32309584559479], [111.0278281325025, -64.43065584562689], [108.18989931421352, -64.87593584568913], [108.38561854292917, -67.65893584538603], [111.41926659028147, -67.43629584555265]]]}, "properties": {"id": 319, "height_m": 3.0, "levels": 1, "category": "residencial", "extrude": true, "manzana_id": 38}}, {"type": "Feature", "geometry": {"type": "Polygon", "coordinates": [[[112.397862734555, -76.00793584566318], [106.6241454830977, -76.78717584567323], [107.30916278412396, -82.01921584551471], [112.9850204210496, -81.23997584550466], [112.397862734555, -76.00793584566318]]]}, "properties": {"id": 320, "height_m": 6.0, "levels": 2, "category": "residencial", "extrude": true, "manzana_id": 38}}, {"type": "Feature", "geometry": {"type": "Polygon", "coordinates": [[[111.90856466259207, -71.88909584538408], [106.03698779660311, -72.55701584567518], [106.6241454830977, -76.78717584567323], [112.397862734555, -76.00793584566318], [111.90856466259207, -71.88909584538408]]]}, "properties": {"id": 321, "height_m": 9.0, "levels": 3, "category": "residencial", "extrude": true, "manzana_id": 38}}, {"type": "Feature", "geometry": {"type": "Polygon", "coordinates": [[[114.45291463763375, -63.874055845450215], [114.84435309541271, -66.99101584549041], [111.41926659028147, -67.54761584566708], [111.71284543352876, -70.44193584547841], [112.69144157780231, -78.2343358455789], [117.29084345627041, -77.56641584568328], [116.89940499849146, -74.67209584547646], [120.22663188909105, -74.22681584541422], [118.95445690157021, -63.31745584566903], [114.45291463763375, -63.874055845450215]]]}, "properties": {"id": 322, "height_m": 9.0, "levels": 3, "category": "residencial", "extrude": true, "manzana_id": 38}}, {"type": "Feature", "geometry": {"type": "Polygon", "coordinates": [[[120.1287722745594, -80.23809584566123], [114.25719540891812, -81.12865584539023], [114.45291463763375, -82.01921584551471], [114.94221270994437, -82.13053584562914], [115.92080885421791, -82.13053584562914], [116.89940499849146, -82.13053584562914], [117.3887030704544, -82.01921584551471], [118.36729921507562, -81.79657584568133], [119.34589535934916, -81.46261584573352], [119.73733381678045, -81.12865584539023], [120.22663188909105, -80.90601584555685], [120.1287722745594, -80.23809584566123]]]}, "properties": {"id": 323, "height_m": 3.0, "levels": 1, "category": "residencial", "extrude": true, "manzana_id": 38}}, {"type": "Feature", "geometry": {"type": "Polygon", "coordinates": [[[120.22663188909105, -74.22681584541422], [116.89940499849146, -74.67209584547646], [117.29084345627041, -77.56641584568328], [112.69144157780231, -78.2343358455789], [112.9850204210496, -81.23997584550466], [114.25719540891812, -81.12865584539023], [120.1287722745594, -80.23809584566123], [120.9116491901173, -80.1267758455468], [120.22663188909105, -74.22681584541422]]]}, "properties": {"id": 324, "height_m": 6.0, "levels": 2, "category": "residencial", "extrude": true, "manzana_id": 38}}, {"type": "Feature", "geometry": {"type": "Polygon", "coordinates": [[[114.45291463763375, -63.874055845450215], [112.00642427677606, -64.31933584551246], [111.0278281325025, -64.43065584562689], [111.22354736156582, -66.32309584559479], [111.41926659028147, -67.54761584566708], [114.84435309541271, -66.99101584549041], [114.45291463763375, -63.874055845450215]]]}, "properties": {"id": 325, "height_m": 6.0, "levels": 2, "category": "residencial", "extrude": true, "manzana_id": 38}}, {"type": "Feature", "geometry": {"type": "Polygon", "coordinates": [[[135.0034336680736, -64.43065584562689], [119.34589535934916, -66.43441584570922], [120.22663188909105, -73.78153584535198], [122.96670109319605, -73.2249358455708], [123.26027993644335, -74.89473584570533], [120.32449150362271, -75.34001584537208], [120.9116491901173, -79.792815845599], [136.8627663424367, -77.45509584556885], [136.2756086559421, -73.11361584545637], [134.51413559611066, -73.33625584568523], [134.22055675286336, -71.44381584571732], [135.98202981234715, -71.33249584560289], [135.0034336680736, -64.43065584562689]]]}, "properties": {"id": 326, "height_m": 6.0, "levels": 2, "category": "residencial", "extrude": true, "manzana_id": 38}}, {"type": "Feature", "geometry": {"type": "Polygon", "coordinates": [[[135.98202981234715, -71.33249584560289], [134.22055675286336, -71.44381584571732], [134.51413559611066, -73.33625584568523], [136.2756086559421, -73.11361584545637], [135.98202981234715, -71.33249584560289]]]}, "properties": {"id": 327, "height_m": 3.0, "levels": 1, "category": "residencial", "extrude": true, "manzana_id": 38}}, {"type": "Feature", "geometry": {"type": "Polygon", "coordinates": [[[132.2633644639686, -73.89285584546641], [131.3826279342267, -68.99477584557275], [124.72817415302751, -69.88533584569723], [125.6089106827694, -74.67209584547646], [132.2633644639686, -73.89285584546641]]]}, "properties": {"id": 328, "height_m": 9.0, "levels": 3, "category": "residencial", "extrude": true, "manzana_id": 38}}, {"type": "Feature", "geometry": {"type": "Polygon", "coordinates": [[[120.32449150362271, -75.34001584537208], [123.26027993644335, -74.89473584570533], [122.96670109319605, -73.2249358455708], [120.22663188909105, -73.78153584535198], [120.32449150362271, -75.34001584537208]]]}, "properties": {"id": 329, "height_m": 3.0, "levels": 1, "category": "residencial", "extrude": true, "manzana_id": 38}}, {"type": "Feature", "geometry": {"type": "Polygon", "coordinates": [[[142.73434320807797, -62.53821584565898], [134.9055740538896, -63.76273584573127], [136.2756086559421, -73.78153584535198], [140.7771509195309, -73.11361584545637], [141.36430860637316, -76.78717584567323], [144.8872547256884, -76.34189584561099], [142.73434320807797, -62.53821584565898]]]}, "properties": {"id": 330, "height_m": 9.0, "levels": 3, "category": "residencial", "extrude": true, "manzana_id": 38}}, {"type": "Feature", "geometry": {"type": "Polygon", "coordinates": [[[141.36430860637316, -76.78717584567323], [140.7771509195309, -73.11361584545637], [136.2756086559421, -73.78153584535198], [136.8627663424367, -77.45509584556885], [141.36430860637316, -76.78717584567323]]]}, "properties": {"id": 331, "height_m": 6.0, "levels": 2, "category": "residencial", "extrude": true, "manzana_id": 38}}, {"type": "Feature", "geometry": {"type": "Polygon", "coordinates": [[[144.49581626790945, -73.78153584535198], [144.8872547256884, -76.34189584561099], [144.98511434022004, -77.00981584550661], [152.91174310894007, -75.78529584543432], [152.81388349475608, -75.1173758455387], [152.81388349475608, -74.56077584536203], [152.5203046515088, -72.77965584550856], [152.3245854224455, -71.44381584571732], [144.3000970391938, -72.66833584539413], [144.49581626790945, -73.78153584535198]]]}, "properties": {"id": 332, "height_m": 6.0, "levels": 2, "category": "residencial", "extrude": true, "manzana_id": 38}}, {"type": "Feature", "geometry": {"type": "Polygon", "coordinates": [[[150.17167390483507, -69.7740158455828], [151.83528735048253, -69.55137584535393], [152.0310065791982, -69.55137584535393], [151.15027004945628, -63.094815845440166], [151.05241043492464, -63.2061358455546], [150.85669120586132, -63.2061358455546], [143.02792205167296, -64.43065584562689], [144.3000970391938, -72.66833584539413], [150.26953351936675, -71.77777584566513], [149.97595467611944, -69.7740158455828], [150.17167390483507, -69.7740158455828]]]}, "properties": {"id": 333, "height_m": 9.0, "levels": 3, "category": "residencial", "extrude": true, "manzana_id": 38}}, {"type": "Feature", "geometry": {"type": "Polygon", "coordinates": [[[150.17167390483507, -69.7740158455828], [149.97595467611944, -69.7740158455828], [150.26953351936675, -71.77777584566513], [152.3245854224455, -71.44381584571732], [152.0310065791982, -69.55137584535393], [151.83528735048253, -69.55137584535393], [150.17167390483507, -69.7740158455828]]]}, "properties": {"id": 334, "height_m": 3.0, "levels": 1, "category": "residencial", "extrude": true, "manzana_id": 38}}, {"type": "Feature", "geometry": {"type": "Polygon", "coordinates": [[[157.70686421612382, -67.43629584555265], [155.55395269886108, -67.77025584550046], [154.57535655423987, -67.88157584561489], [154.96679501201882, -70.1079758455306], [155.84753154210838, -69.99665584541617], [158.19616228843444, -69.7740158455828], [158.00044305937112, -69.10609584568718], [157.70686421612382, -67.43629584555265]]]}, "properties": {"id": 335, "height_m": 3.0, "levels": 1, "category": "residencial", "extrude": true, "manzana_id": 38}}, {"type": "Feature", "geometry": {"type": "Polygon", "coordinates": [[[151.15027004945628, -63.094815845440166], [152.5203046515088, -72.77965584550856], [152.61816426569277, -73.78153584535198], [154.37963732552424, -73.44757584540417], [154.28177771099257, -72.44569584556075], [154.18391809680858, -71.6664558455507], [154.86893539783483, -71.6664558455507], [155.16251424108214, -71.6664558455507], [155.0646546265505, -70.77589584542622], [154.96679501201882, -70.1079758455306], [153.89033925321363, -62.76085584549236], [153.694620024498, -61.6476558455345], [151.05241043492464, -61.98161584548231], [151.15027004945628, -63.094815845440166]]]}, "properties": {"id": 336, "height_m": 12.0, "levels": 4, "category": "residencial", "extrude": true, "manzana_id": 38}}, {"type": "Feature", "geometry": {"type": "Polygon", "coordinates": [[[153.89033925321363, -62.76085584549236], [154.57535655423987, -67.88157584561489], [155.55395269886108, -67.77025584550046], [157.70686421612382, -67.43629584555265], [158.00044305937112, -69.10609584568718], [158.19616228843444, -69.7740158455828], [155.84753154210838, -69.99665584541617], [154.96679501201882, -70.1079758455306], [155.0646546265505, -70.77589584542622], [155.16251424108214, -71.6664558455507], [154.86893539783483, -71.6664558455507], [154.18391809680858, -71.6664558455507], [154.28177771099257, -72.44569584556075], [154.37963732552424, -73.44757584540417], [152.61816426569277, -73.78153584535198], [152.81388349475608, -74.56077584536203], [152.81388349475608, -75.1173758455387], [152.91174310894007, -75.78529584543432], [160.93623149253943, -74.56077584536203], [160.8383718780078, -74.00417584558085], [158.68546036039737, -60.200495845628836], [158.68546036039737, -59.755215845566596], [150.85669120586132, -60.86841584552445], [150.954550820393, -61.31369584558669], [151.05241043492464, -61.98161584548231], [153.694620024498, -61.6476558455345], [153.89033925321363, -62.76085584549236]]]}, "properties": {"id": 337, "height_m": 9.0, "levels": 3, "category": "residencial", "extrude": true, "manzana_id": 38}}, {"type": "Feature", "geometry": {"type": "Polygon", "coordinates": [[[158.68546036039737, -59.755215845566596], [158.29402190261843, -57.64013584536983], [157.70686421612382, -57.75145584548426], [150.56311236261402, -58.75333584572317], [150.85669120586132, -60.86841584552445], [158.68546036039737, -59.755215845566596]]]}, "properties": {"id": 338, "height_m": 3.0, "levels": 1, "category": "residencial", "extrude": true, "manzana_id": 38}}, {"type": "Feature", "geometry": {"type": "Polygon", "coordinates": [[[164.36131799767068, -66.43441584570922], [163.77416031082842, -66.54573584542817], [164.16559876860737, -69.7740158455828], [165.82921221390717, -69.55137584535393], [166.41636990040178, -73.78153584535198], [168.56928141801217, -73.44757584540417], [168.47142180348052, -72.89097584562299], [167.49282565920697, -65.98913584564698], [164.36131799767068, -66.43441584570922]]]}, "properties": {"id": 339, "height_m": 9.0, "levels": 3, "category": "residencial", "extrude": true, "manzana_id": 38}}, {"type": "Feature", "geometry": {"type": "Polygon", "coordinates": [[[165.14419491288092, -65.43253584547031], [165.33991414194423, -66.32309584559479], [167.49282565920697, -65.98913584564698], [167.29710643049134, -64.98725584540807], [167.00352758724404, -63.094815845440166], [165.53563337065987, -63.31745584566903], [164.75275645510197, -63.428775845387975], [165.14419491288092, -65.43253584547031]]]}, "properties": {"id": 340, "height_m": 3.0, "levels": 1, "category": "residencial", "extrude": true, "manzana_id": 38}}, {"type": "Feature", "geometry": {"type": "Polygon", "coordinates": [[[165.53563337065987, -63.31745584566903], [167.00352758724404, -63.094815845440166], [166.90566797271237, -62.42689584554455], [166.3185102862178, -58.30805584566093], [158.68546036039737, -59.755215845566596], [160.8383718780078, -74.00417584558085], [160.93623149253943, -74.56077584536203], [166.41636990040178, -73.78153584535198], [165.82921221390717, -69.55137584535393], [164.16559876860737, -69.7740158455828], [163.77416031082842, -66.54573584542817], [164.36131799767068, -66.43441584570922], [165.33991414194423, -66.32309584559479], [165.14419491288092, -65.43253584547031], [164.75275645510197, -63.428775845387975], [165.53563337065987, -63.31745584566903]]]}, "properties": {"id": 341, "height_m": 6.0, "levels": 2, "category": "residencial", "extrude": true, "manzana_id": 38}}, {"type": "Feature", "geometry": {"type": "Polygon", "coordinates": [[[167.49282565920697, -64.54197584534583], [167.19924681595967, -64.54197584534583], [167.29710643049134, -64.98725584540807], [167.9821237315176, -69.55137584535393], [171.11363139340153, -68.99477584557275], [171.0157717788699, -68.32685584567713], [170.33075447784364, -63.98537584556465], [167.49282565920697, -64.54197584534583]]]}, "properties": {"id": 342, "height_m": 9.0, "levels": 3, "category": "residencial", "extrude": true, "manzana_id": 38}}, {"type": "Feature", "geometry": {"type": "Polygon", "coordinates": [[[167.49282565920697, -64.54197584534583], [170.33075447784364, -63.98537584556465], [171.0157717788699, -68.32685584567713], [171.11363139340153, -68.99477584557275], [167.9821237315176, -69.55137584535393], [168.47142180348052, -72.89097584562299], [168.56928141801217, -73.44757584540417], [175.51731404280633, -72.44569584556075], [175.4194544282747, -71.77777584566513], [173.07082368194864, -55.525055845568545], [167.10138720142803, -56.304295845578594], [166.22065067168612, -56.52693584541197], [166.02493144297048, -56.52693584541197], [166.22065067168612, -58.08541584543207], [166.90566797271237, -62.42689584554455], [167.19924681595967, -64.54197584534583], [167.49282565920697, -64.54197584534583]]]}, "properties": {"id": 343, "height_m": 6.0, "levels": 2, "category": "residencial", "extrude": true, "manzana_id": 38}}, {"type": "Feature", "geometry": {"type": "Polygon", "coordinates": [[[161.03409110672342, -52.07413584558054], [160.25121419151318, -52.185455845694975], [160.74051226347612, -57.30617584542202], [161.71910840774967, -57.08353584558864], [166.22065067168612, -56.52693584541197], [167.10138720142803, -56.304295845578594], [167.9821237315176, -56.19297584546416], [167.29710643049134, -52.29677584541392], [167.29710643049134, -51.740175845632734], [165.43777375612822, -52.07413584558054], [164.9484756841653, -52.185455845694975], [164.85061606963362, -51.406215845684926], [161.03409110672342, -52.07413584558054]]]}, "properties": {"id": 344, "height_m": 9.0, "levels": 3, "category": "residencial", "extrude": true, "manzana_id": 38}}, {"type": "Feature", "geometry": {"type": "Polygon", "coordinates": [[[161.03409110672342, -52.07413584558054], [164.85061606963362, -51.406215845684926], [164.9484756841653, -52.185455845694975], [165.43777375612822, -52.07413584558054], [167.29710643049134, -51.740175845632734], [167.29710643049134, -52.29677584541392], [167.9821237315176, -56.19297584546416], [168.66714103254384, -56.08165584534973], [173.07082368194864, -55.525055845568545], [171.79864869442778, -47.28737584540582], [160.5447930347605, -48.845855845425916], [158.68546036039737, -49.06849584565478], [160.05549496244987, -57.41749584553645], [160.74051226347612, -57.30617584542202], [160.25121419151318, -52.185455845694975], [161.03409110672342, -52.07413584558054]]]}, "properties": {"id": 345, "height_m": 6.0, "levels": 2, "category": "residencial", "extrude": true, "manzana_id": 38}}, {"type": "Feature", "geometry": {"type": "Polygon", "coordinates": [[[160.5447930347605, -48.845855845425916], [170.33075447784364, -47.51001584563468], [170.33075447784364, -47.28737584540582], [169.93931602006467, -44.7270158455423], [167.6885448882703, -45.060975845490105], [167.00352758724404, -39.7176158455342], [167.00352758724404, -39.7176158455342], [155.16251424108214, -41.38741584566873], [153.9881988677453, -41.49873584538767], [154.08605848227694, -41.721375845616535], [154.4774969400559, -44.83833584565673], [158.0983026739028, -44.28173584548006], [158.68546036039737, -49.06849584565478], [160.5447930347605, -48.845855845425916]]]}, "properties": {"id": 346, "height_m": 9.0, "levels": 3, "category": "residencial", "extrude": true, "manzana_id": 38}}, {"type": "Feature", "geometry": {"type": "Polygon", "coordinates": [[[170.62433332109092, -39.161015845357525], [167.00352758724404, -39.7176158455342], [167.00352758724404, -39.7176158455342], [167.6885448882703, -45.060975845490105], [169.93931602006467, -44.7270158455423], [170.33075447784364, -47.28737584540582], [170.33075447784364, -47.51001584563468], [171.79864869442778, -47.28737584540582], [170.62433332109092, -39.161015845357525]]]}, "properties": {"id": 347, "height_m": 6.0, "levels": 2, "category": "residencial", "extrude": true, "manzana_id": 38}}, {"type": "Feature", "geometry": {"type": "Polygon", "coordinates": [[[167.39496604502298, -39.606295845419766], [170.62433332109092, -39.161015845357525], [168.2757025747649, -23.353575845718666], [166.3185102862178, -23.687535845666474], [165.2420545274126, -23.91017584549985], [167.39496604502298, -39.606295845419766]]]}, "properties": {"id": 348, "height_m": 9.0, "levels": 3, "category": "residencial", "extrude": true, "manzana_id": 38}}, {"type": "Feature", "geometry": {"type": "Polygon", "coordinates": [[[167.00352758724404, -39.7176158455342], [167.39496604502298, -39.606295845419766], [165.2420545274126, -23.91017584549985], [164.65489684091798, -23.91017584549985], [155.94539115629237, -25.357335845405515], [154.7710757833032, -25.57997584563438], [157.11970652962924, -41.05345584572092], [167.00352758724404, -39.7176158455342]]]}, "properties": {"id": 349, "height_m": 6.0, "levels": 2, "category": "residencial", "extrude": true, "manzana_id": 38}}, {"type": "Feature", "geometry": {"type": "Polygon", "coordinates": [[[161.22981033578674, -16.897015845409413], [161.62124879356568, -19.34605584555399], [159.56619689048694, -19.6800158455018], [158.8811795894607, -19.79133584561623], [158.39188151715007, -16.78569584569047], [153.59676040996632, -17.453615845586086], [153.59676040996632, -17.453615845586086], [154.37963732552424, -22.908295845656426], [155.26037385526612, -22.68565584542756], [163.5784410821128, -21.34981584563633], [163.77416031082842, -22.129055845646377], [167.9821237315176, -21.34981584563633], [167.10138720142803, -15.449855845503748], [164.06773915407572, -15.895135845565989], [161.52338917903404, -16.34041584562823], [161.22981033578674, -16.34041584562823], [161.22981033578674, -16.897015845409413]]]}, "properties": {"id": 350, "height_m": 6.0, "levels": 2, "category": "residencial", "extrude": true, "manzana_id": 38}}, {"type": "Feature", "geometry": {"type": "Polygon", "coordinates": [[[167.9821237315176, -21.34981584563633], [163.77416031082842, -22.129055845646377], [163.5784410821128, -21.34981584563633], [155.26037385526612, -22.68565584542756], [154.37963732552424, -22.908295845656426], [154.7710757833032, -25.13469584557214], [154.7710757833032, -25.57997584563438], [155.94539115629237, -25.357335845405515], [164.65489684091798, -23.91017584549985], [166.3185102862178, -23.687535845666474], [168.2757025747649, -23.353575845718666], [167.9821237315176, -21.34981584563633]]]}, "properties": {"id": 351, "height_m": 9.0, "levels": 3, "category": "residencial", "extrude": true, "manzana_id": 38}}, {"type": "Feature", "geometry": {"type": "Polygon", "coordinates": [[[161.71910840774967, 1.1368241545406477], [158.39188151715007, 0.6915441544784073], [158.58760074621338, -0.42165584547944945], [161.914827636813, 0.02362415458279088], [161.71910840774967, 1.1368241545406477]]]}, "properties": {"id": 352, "height_m": 6.0, "levels": 2, "category": "residencial", "extrude": true, "manzana_id": 38}}, {"type": "Feature", "geometry": {"type": "Polygon", "coordinates": [[[167.88426411698592, -12.332895845463554], [166.6120891294651, -12.555535845692418], [167.00352758724404, -14.893255845722564], [168.2757025747649, -14.781935845608132], [167.88426411698592, -12.332895845463554]]]}, "properties": {"id": 353, "height_m": 3.0, "levels": 1, "category": "residencial", "extrude": true, "manzana_id": 38}}, {"type": "Feature", "geometry": {"type": "Polygon", "coordinates": [[[167.88426411698592, -12.332895845463554], [167.59068527373864, -10.10649584554784], [166.3185102862178, -10.329135845381217], [166.41636990040178, -10.663095845724513], [166.6120891294651, -12.555535845692418], [167.88426411698592, -12.332895845463554]]]}, "properties": {"id": 354, "height_m": 3.0, "levels": 1, "category": "residencial", "extrude": true, "manzana_id": 38}}, {"type": "Feature", "geometry": {"type": "Polygon", "coordinates": [[[166.70994874399673, -4.6518158454775005], [165.53563337065987, -4.763135845591933], [166.02493144297048, -7.991415845351071], [166.02493144297048, -8.214055845579935], [167.29710643049134, -7.991415845351071], [166.70994874399673, -4.6518158454775005]]]}, "properties": {"id": 355, "height_m": 3.0, "levels": 1, "category": "residencial", "extrude": true, "manzana_id": 38}}, {"type": "Feature", "geometry": {"type": "Polygon", "coordinates": [[[166.70994874399673, -4.6518158454775005], [166.3185102862178, -2.202775845728411], [165.14419491288092, -2.314095845447355], [165.53563337065987, -4.763135845591933], [166.70994874399673, -4.6518158454775005]]]}, "properties": {"id": 356, "height_m": 3.0, "levels": 1, "category": "residencial", "extrude": true, "manzana_id": 38}}, {"type": "Feature", "geometry": {"type": "Polygon", "coordinates": [[[166.41636990040178, -10.663095845724513], [163.8720199253601, -10.885735845557889], [164.65489684091798, -15.895135845565989], [167.10138720142803, -15.449855845503748], [167.00352758724404, -14.893255845722564], [166.6120891294651, -12.555535845692418], [166.41636990040178, -10.663095845724513]]]}, "properties": {"id": 357, "height_m": 6.0, "levels": 2, "category": "residencial", "extrude": true, "manzana_id": 38}}, {"type": "Feature", "geometry": {"type": "Polygon", "coordinates": [[[165.14419491288092, -2.314095845447355], [164.55703722638634, 1.582104154602888], [161.71910840774967, 1.1368241545406477], [161.914827636813, 0.02362415458279088], [162.2084064800603, 0.02362415458279088], [163.5784410821128, -8.548015845527743], [166.02493144297048, -8.214055845579935], [166.02493144297048, -7.991415845351071], [165.53563337065987, -4.763135845591933], [165.14419491288092, -2.314095845447355]]]}, "properties": {"id": 358, "height_m": 6.0, "levels": 2, "category": "residencial", "extrude": true, "manzana_id": 38}}, {"type": "Feature", "geometry": {"type": "Polygon", "coordinates": [[[159.85977573373424, -14.781935845608132], [162.01268725099698, -14.559295845379268], [161.62124879356568, -11.664975845567938], [159.4683372759553, -11.887615845401314], [159.85977573373424, -14.781935845608132]]]}, "properties": {"id": 359, "height_m": 12.0, "levels": 4, "category": "residencial", "extrude": true, "manzana_id": 38}}, {"type": "Feature", "geometry": {"type": "Polygon", "coordinates": [[[158.58760074621338, -0.42165584547944945], [157.8047238306555, -0.5329758455938816], [158.19616228843444, -3.649935845634076], [159.27261804723963, -10.663095845724513], [159.4683372759553, -11.887615845401314], [161.62124879356568, -11.664975845567938], [162.01268725099698, -14.559295845379268], [159.85977573373424, -14.781935845608132], [160.15335457698154, -16.563055845461605], [161.52338917903404, -16.34041584562823], [164.06773915407572, -15.895135845565989], [164.65489684091798, -15.895135845565989], [163.8720199253601, -10.885735845557889], [166.41636990040178, -10.663095845724513], [166.3185102862178, -10.329135845381217], [166.02493144297048, -8.214055845579935], [163.5784410821128, -8.548015845527743], [162.2084064800603, 0.02362415458279088], [161.914827636813, 0.02362415458279088], [158.58760074621338, -0.42165584547944945]]]}, "properties": {"id": 360, "height_m": 9.0, "levels": 3, "category": "residencial", "extrude": true, "manzana_id": 38}}, {"type": "Feature", "geometry": {"type": "Polygon", "coordinates": [[[159.27261804723963, -10.663095845724513], [158.19616228843444, -3.649935845634076], [154.08605848227694, -4.095215845696316], [155.16251424108214, -12.110255845630178], [159.37047766142362, -11.553655845453505], [159.27261804723963, -10.663095845724513]]]}, "properties": {"id": 362, "height_m": 9.0, "levels": 3, "category": "residencial", "extrude": true, "manzana_id": 38}}, {"type": "Feature", "geometry": {"type": "Polygon", "coordinates": [[[149.68237583287214, -0.8669358455416898], [149.97595467611944, -2.648055845395163], [149.97595467611944, -2.9820158457384593], [151.24812966364027, -13.223455845588035], [151.24812966364027, -13.334775845702467], [159.4683372759553, -12.110255845630178], [159.4683372759553, -11.887615845401314], [159.37047766142362, -11.553655845453505], [155.16251424108214, -12.110255845630178], [154.08605848227694, -4.095215845696316], [158.19616228843444, -3.649935845634076], [157.60900460159218, 0.3575841545305991], [157.60900460159218, 0.5802241543639752], [149.68237583287214, -0.5329758455938816], [149.68237583287214, -0.8669358455416898]]]}, "properties": {"id": 363, "height_m": 6.0, "levels": 2, "category": "residencial", "extrude": true, "manzana_id": 38}}, {"type": "Feature", "geometry": {"type": "Polygon", "coordinates": [[[147.52946431526175, -10.774415845443457], [147.9209027730407, -10.774415845443457], [147.43160470107776, -7.323495845455454], [148.214481616288, -7.21217584573651], [147.72518354432503, -3.3159758456862676], [149.97595467611944, -2.9820158457384593], [149.97595467611944, -2.648055845395163], [149.68237583287214, -0.8669358455416898], [149.68237583287214, -0.5329758455938816], [142.83220282260964, -1.6461758455517383], [141.8536066783361, -1.7574958456661705], [142.24504513611504, -4.429175845644124], [143.61507973816754, -13.557415845535843], [147.04016624329878, -13.112135845473603], [146.7465874000515, -10.885735845557889], [147.52946431526175, -10.774415845443457]]]}, "properties": {"id": 364, "height_m": 6.0, "levels": 2, "category": "residencial", "extrude": true, "manzana_id": 38}}, {"type": "Feature", "geometry": {"type": "Polygon", "coordinates": [[[151.15027004945628, -12.444215845577986], [149.97595467611944, -2.9820158457384593], [147.72518354432503, -3.3159758456862676], [148.214481616288, -7.21217584573651], [147.43160470107776, -7.323495845455454], [147.9209027730407, -10.774415845443457], [147.52946431526175, -10.774415845443457], [146.7465874000515, -10.885735845557889], [147.04016624329878, -13.112135845473603], [151.15027004945628, -12.444215845577986]]]}, "properties": {"id": 365, "height_m": 9.0, "levels": 3, "category": "residencial", "extrude": true, "manzana_id": 38}}, {"type": "Feature", "geometry": {"type": "Polygon", "coordinates": [[[136.0798894268788, -12.555535845692418], [139.3092567032944, -12.110255845630178], [139.896414389789, -11.998935845515746], [139.1135374742311, -6.878215845393214], [134.7098548248263, -7.546135845684319], [135.39487212585254, -12.110255845630178], [135.4927317403842, -12.666855845411362], [136.0798894268788, -12.555535845692418]]]}, "properties": {"id": 366, "height_m": 9.0, "levels": 3, "category": "residencial", "extrude": true, "manzana_id": 38}}, {"type": "Feature", "geometry": {"type": "Polygon", "coordinates": [[[139.3092567032944, -12.110255845630178], [136.0798894268788, -12.555535845692418], [135.4927317403842, -12.666855845411362], [135.98202981234715, -16.117775845399365], [136.0798894268788, -17.119655845638277], [143.90865858141484, -16.00645584568042], [142.24504513611504, -4.429175845644124], [141.8536066783361, -1.7574958456661705], [134.7098548248263, -2.8706958456240272], [134.02483752380004, -2.9820158457384593], [134.02483752380004, -2.9820158457384593], [134.61199521029465, -6.878215845393214], [134.7098548248263, -7.546135845684319], [139.1135374742311, -6.878215845393214], [139.896414389789, -11.998935845515746], [139.3092567032944, -12.110255845630178]]]}, "properties": {"id": 367, "height_m": 6.0, "levels": 2, "category": "residencial", "extrude": true, "manzana_id": 38}}, {"type": "Feature", "geometry": {"type": "Polygon", "coordinates": [[[131.18690870551106, -12.666855845411362], [131.77406639200566, -15.895135845565989], [135.88417019816316, -15.227215845670372], [135.39487212585254, -12.110255845630178], [135.1991528971369, -10.885735845557889], [131.08904909097942, -11.553655845453505], [131.18690870551106, -12.666855845411362]]]}, "properties": {"id": 368, "height_m": 6.0, "levels": 2, "category": "residencial", "extrude": true, "manzana_id": 38}}, {"type": "Feature", "geometry": {"type": "Polygon", "coordinates": [[[126.196068369264, -5.653695845716413], [126.58750682704294, -8.77065584536112], [134.7098548248263, -7.546135845684319], [134.61199521029465, -6.878215845393214], [134.02483752380004, -2.9820158457384593], [134.02483752380004, -2.9820158457384593], [126.6853664415746, -4.095215845696316], [125.9024895260167, -4.095215845696316], [126.00034914054835, -4.20653584541526], [126.196068369264, -5.653695845716413]]]}, "properties": {"id": 369, "height_m": 6.0, "levels": 2, "category": "residencial", "extrude": true, "manzana_id": 38}}, {"type": "Feature", "geometry": {"type": "Polygon", "coordinates": [[[126.6853664415746, -9.549895845371168], [127.76182220037981, -16.451735845347173], [131.77406639200566, -15.895135845565989], [131.18690870551106, -12.666855845411362], [131.08904909097942, -11.553655845453505], [135.1991528971369, -10.885735845557889], [134.7098548248263, -7.546135845684319], [126.58750682704294, -8.77065584536112], [126.6853664415746, -9.549895845371168]]]}, "properties": {"id": 370, "height_m": 9.0, "levels": 3, "category": "residencial", "extrude": true, "manzana_id": 38}}, {"type": "Feature", "geometry": {"type": "Polygon", "coordinates": [[[127.76182220037981, -16.451735845347173], [126.6853664415746, -9.549895845371168], [126.39178759832731, -7.21217584573651], [121.2052280333646, -7.991415845351071], [122.47740302088545, -17.23097584535722], [123.1624203219117, -17.119655845638277], [127.76182220037981, -16.451735845347173]]]}, "properties": {"id": 371, "height_m": 9.0, "levels": 3, "category": "residencial", "extrude": true, "manzana_id": 38}}, {"type": "Feature", "geometry": {"type": "Polygon", "coordinates": [[[121.2052280333646, -20.347935845397416], [128.15326065815876, -19.34605584555399], [128.0554010436271, -18.566815845543942], [127.76182220037981, -16.451735845347173], [123.1624203219117, -17.119655845638277], [122.47740302088545, -17.23097584535722], [121.2052280333646, -7.991415845351071], [126.39178759832731, -7.21217584573651], [126.196068369264, -5.653695845716413], [126.00034914054835, -4.20653584541526], [125.9024895260167, -4.095215845696316], [117.78014152823336, -5.431055845487549], [119.93305304584376, -20.57057584562628], [121.2052280333646, -20.347935845397416]]]}, "properties": {"id": 372, "height_m": 6.0, "levels": 2, "category": "residencial", "extrude": true, "manzana_id": 38}}, {"type": "Feature", "geometry": {"type": "Polygon", "coordinates": [[[134.1226971383317, -29.698815845518], [134.7098548248263, -34.04029584563048], [135.10129328260524, -36.37801584566063], [135.59059135491586, -36.266695845546195], [147.82304315850902, -34.596895845411666], [145.47441241218297, -19.012095845606183], [145.47441241218297, -18.678135845658375], [145.27869318346734, -18.78945584537732], [144.39795665372546, -18.90077584549175], [137.05848557115235, -19.902655845730663], [136.5691874991894, -20.013975845449608], [132.7526625362792, -20.57057584562628], [132.7526625362792, -20.904535845574088], [132.7526625362792, -21.01585584568852], [133.73125868055274, -27.472415845602285], [138.0370817154259, -26.80449584570667], [137.84136248671024, -25.13469584557214], [141.95146629286774, -24.578095845395467], [142.73434320807797, -30.14409584558024], [138.62423940226816, -30.812015845475855], [138.33066055867317, -29.142215845736814], [134.1226971383317, -29.698815845518]]]}, "properties": {"id": 373, "height_m": 6.0, "levels": 2, "category": "residencial", "extrude": true, "manzana_id": 38}}, {"type": "Feature", "geometry": {"type": "Polygon", "coordinates": [[[134.1226971383317, -29.698815845518], [138.33066055867317, -29.142215845736814], [138.62423940226816, -30.812015845475855], [142.73434320807797, -30.14409584558024], [141.95146629286774, -24.578095845395467], [137.84136248671024, -25.13469584557214], [138.0370817154259, -26.80449584570667], [133.73125868055274, -27.472415845602285], [134.1226971383317, -29.698815845518]]]}, "properties": {"id": 374, "height_m": 9.0, "levels": 3, "category": "residencial", "extrude": true, "manzana_id": 38}}, {"type": "Feature", "geometry": {"type": "Polygon", "coordinates": [[[144.3000970391938, -43.391175845355576], [145.57227202671464, -43.1685358455222], [148.31234123081964, -42.83457584557439], [149.19307776056152, -42.61193584534553], [148.50806045953527, -38.04781584539967], [143.41936050910422, -38.93837584552415], [143.12578166585695, -38.93837584552415], [143.61507973816754, -43.50249584547001], [144.3000970391938, -43.391175845355576]]]}, "properties": {"id": 375, "height_m": 12.0, "levels": 4, "category": "residencial", "extrude": true, "manzana_id": 38}}, {"type": "Feature", "geometry": {"type": "Polygon", "coordinates": [[[136.2756086559421, -44.615695845427865], [137.25420480021566, -44.50437584570892], [137.84136248671024, -44.39305584559449], [141.46216822055715, -43.83645584541782], [143.61507973816754, -43.50249584547001], [143.12578166585695, -38.93837584552415], [143.41936050910422, -38.93837584552415], [148.50806045953527, -38.04781584539967], [148.41020084535128, -37.491215845618484], [148.41020084535128, -37.37989584550405], [153.1074623380034, -36.711975845608436], [152.71602388022444, -33.92897584551605], [135.59059135491586, -36.266695845546195], [135.10129328260524, -36.37801584566063], [136.2756086559421, -44.50437584570892], [136.2756086559421, -44.615695845427865]]]}, "properties": {"id": 376, "height_m": 9.0, "levels": 3, "category": "residencial", "extrude": true, "manzana_id": 38}}, {"type": "Feature", "geometry": {"type": "Polygon", "coordinates": [[[139.4071163174784, -44.170415845365625], [137.84136248671024, -44.39305584559449], [137.25420480021566, -44.50437584570892], [136.2756086559421, -44.615695845427865], [137.4499240289313, -52.185455845694975], [138.2328009444892, -52.07413584558054], [140.58143169081524, -51.740175845632734], [139.4071163174784, -44.170415845365625]]]}, "properties": {"id": 377, "height_m": 6.0, "levels": 2, "category": "residencial", "extrude": true, "manzana_id": 38}}, {"type": "Feature", "geometry": {"type": "Polygon", "coordinates": [[[149.78023544740378, -46.95341584545801], [149.19307776056152, -42.61193584534553], [148.31234123081964, -42.83457584557439], [145.57227202671464, -43.1685358455222], [144.3000970391938, -43.391175845355576], [141.46216822055715, -43.83645584541782], [140.7771509195309, -43.94777584553225], [141.46216822055715, -49.51377584571702], [142.24504513611504, -49.40245584560259], [149.97595467611944, -48.1779358455303], [149.78023544740378, -46.95341584545801]]]}, "properties": {"id": 378, "height_m": 9.0, "levels": 3, "category": "residencial", "extrude": true, "manzana_id": 38}}, {"type": "Feature", "geometry": {"type": "Polygon", "coordinates": [[[142.53862397936234, -51.406215845684926], [150.3673931338984, -50.29301584572707], [149.97595467611944, -48.1779358455303], [142.24504513611504, -49.40245584560259], [141.46216822055715, -49.51377584571702], [141.75574706380445, -51.6288558455183], [142.53862397936234, -51.406215845684926]]]}, "properties": {"id": 379, "height_m": 12.0, "levels": 4, "category": "residencial", "extrude": true, "manzana_id": 38}}, {"type": "Feature", "geometry": {"type": "Polygon", "coordinates": [[[140.7771509195309, -43.94777584553225], [139.4071163174784, -44.170415845365625], [140.58143169081524, -51.740175845632734], [141.75574706380445, -51.6288558455183], [140.7771509195309, -43.94777584553225]]]}, "properties": {"id": 380, "height_m": 9.0, "levels": 3, "category": "residencial", "extrude": true, "manzana_id": 38}}, {"type": "Feature", "geometry": {"type": "Polygon", "coordinates": [[[107.50488201318727, -56.6382558455264], [103.59049743574542, -57.194855845703074], [104.37337435130331, -61.31369584558669], [108.18989931421352, -60.75709584541002], [107.50488201318727, -56.6382558455264]]]}, "properties": {"id": 381, "height_m": 9.0, "levels": 3, "category": "residencial", "extrude": true, "manzana_id": 38}}, {"type": "Feature", "geometry": {"type": "Polygon", "coordinates": [[[103.59049743574542, -57.194855845703074], [98.50179748531437, -57.86277584559869], [99.87183208736687, -66.10045584536593], [105.15625126686122, -65.32121584535588], [108.18989931421352, -64.87593584568913], [111.0278281325025, -64.43065584562689], [112.00642427677606, -64.31933584551246], [110.83210890378686, -56.19297584546416], [107.50488201318727, -56.6382558455264], [108.18989931421352, -60.75709584541002], [104.37337435130331, -61.31369584558669], [103.59049743574542, -57.194855845703074]]]}, "properties": {"id": 382, "height_m": 6.0, "levels": 2, "category": "residencial", "extrude": true, "manzana_id": 38}}, {"type": "Feature", "geometry": {"type": "Polygon", "coordinates": [[[92.63022061967308, -63.428775845387975], [90.77088794530997, -63.65141584561684], [91.26018601762058, -67.32497584543822], [93.02165907710436, -67.10233584560484], [92.63022061967308, -63.428775845387975]]]}, "properties": {"id": 383, "height_m": 3.0, "levels": 1, "category": "residencial", "extrude": true, "manzana_id": 38}}, {"type": "Feature", "geometry": {"type": "Polygon", "coordinates": [[[93.11951869163602, -58.64201584560874], [92.63022061967308, -55.19109584562074], [89.79229180103643, -55.63637584568298], [90.28158987334703, -59.08729584567098], [93.11951869163602, -58.64201584560874]]]}, "properties": {"id": 384, "height_m": 3.0, "levels": 1, "category": "residencial", "extrude": true, "manzana_id": 38}}, {"type": "Feature", "geometry": {"type": "Polygon", "coordinates": [[[109.65779353045001, -48.1779358455303], [103.78621666480872, -49.06849584565478], [104.66695319455062, -55.19109584562074], [108.18989931421352, -54.7458158455585], [108.48347815746082, -56.52693584541197], [110.83210890378686, -56.19297584546416], [109.65779353045001, -48.1779358455303]]]}, "properties": {"id": 385, "height_m": 6.0, "levels": 2, "category": "residencial", "extrude": true, "manzana_id": 38}}, {"type": "Feature", "geometry": {"type": "Polygon", "coordinates": [[[103.78621666480872, -49.06849584565478], [95.07671098018311, -50.29301584572707], [96.15316673898832, -58.1967358455465], [96.25102635351998, -58.1967358455465], [108.48347815746082, -56.52693584541197], [108.18989931421352, -54.7458158455585], [104.66695319455062, -55.19109584562074], [103.78621666480872, -49.06849584565478]]]}, "properties": {"id": 386, "height_m": 9.0, "levels": 3, "category": "residencial", "extrude": true, "manzana_id": 38}}, {"type": "Feature", "geometry": {"type": "Polygon", "coordinates": [[[92.82593984838873, -50.62697584567488], [92.33664177607811, -46.95341584545801], [88.81369565676287, -47.39869584552025], [89.20513411454183, -50.73829584539382], [89.30299372872582, -51.07225584573712], [92.82593984838873, -50.62697584567488]]]}, "properties": {"id": 387, "height_m": 3.0, "levels": 1, "category": "residencial", "extrude": true, "manzana_id": 38}}, {"type": "Feature", "geometry": {"type": "Polygon", "coordinates": [[[107.11344355540832, -48.51189584547811], [107.79846085643457, -48.51189584547811], [106.52628586891372, -40.051575845482006], [105.84126856788747, -40.16289584559644], [105.44983011010852, -40.16289584559644], [105.15625126686122, -40.27421584571087], [104.86267242326626, -40.27421584571087], [104.47123396583497, -40.385535845429814], [105.15625126686122, -44.39305584559449], [101.63330514719831, -44.94965584537567], [101.63330514719831, -44.39305584559449], [97.22962249779351, -45.060975845490105], [96.74032442548291, -41.38741584566873], [96.64246481129892, -41.38741584566873], [96.34888596805163, -41.49873584538767], [95.46814943796207, -41.6100558455021], [88.22653797026828, -42.61193584534553], [88.81369565676287, -47.39869584552025], [92.33664177607811, -46.95341584545801], [92.82593984838873, -50.62697584567488], [94.48955329368852, -50.40433584544601], [97.42534172650916, -49.95905584538377], [97.81678018428812, -49.84773584566483], [100.45898977386146, -49.51377584571702], [101.14400707488771, -49.40245584560259], [101.33972630395102, -49.40245584560259], [101.63330514719831, -49.29113584548816], [105.44983011010852, -48.845855845425916], [107.11344355540832, -48.51189584547811]]]}, "properties": {"id": 388, "height_m": 9.0, "levels": 3, "category": "residencial", "extrude": true, "manzana_id": 38}}, {"type": "Feature", "geometry": {"type": "Polygon", "coordinates": [[[107.79846085643457, -48.51189584547811], [109.07063584395542, -48.28925584564473], [109.55993391626602, -48.1779358455303], [108.77705700070811, -42.38929584551215], [108.38561854292917, -39.82893584564863], [107.9941800851502, -39.82893584564863], [106.52628586891372, -40.051575845482006], [107.79846085643457, -48.51189584547811]]]}, "properties": {"id": 389, "height_m": 6.0, "levels": 2, "category": "residencial", "extrude": true, "manzana_id": 38}}, {"type": "Feature", "geometry": {"type": "Polygon", "coordinates": [[[109.07063584395542, -44.7270158455423], [110.24495121729227, -44.50437584570892], [109.65779353045001, -40.830815845492054], [108.58133777164481, -41.05345584572092], [109.07063584395542, -44.7270158455423]]]}, "properties": {"id": 390, "height_m": 3.0, "levels": 1, "category": "residencial", "extrude": true, "manzana_id": 38}}, {"type": "Feature", "geometry": {"type": "Polygon", "coordinates": [[[104.47123396583497, -40.385535845429814], [102.41618206275622, -40.60817584565868], [102.02474360497727, -40.71949584537762], [101.14400707488771, -40.830815845492054], [101.63330514719831, -44.39305584559449], [101.63330514719831, -44.94965584537567], [105.15625126686122, -44.39305584559449], [104.47123396583497, -40.385535845429814]]]}, "properties": {"id": 391, "height_m": 12.0, "levels": 4, "category": "residencial", "extrude": true, "manzana_id": 38}}, {"type": "Feature", "geometry": {"type": "Polygon", "coordinates": [[[101.14400707488771, -40.830815845492054], [100.55684938839312, -40.94213584560649], [100.06755131643017, -40.94213584560649], [99.87183208736687, -40.94213584560649], [99.38253401540392, -41.05345584572092], [99.08895517215663, -41.05345584572092], [96.74032442548291, -41.38741584566873], [97.22962249779351, -45.060975845490105], [101.63330514719831, -44.39305584559449], [101.14400707488771, -40.830815845492054]]]}, "properties": {"id": 392, "height_m": 3.0, "levels": 1, "category": "residencial", "extrude": true, "manzana_id": 38}}, {"type": "Feature", "geometry": {"type": "Polygon", "coordinates": [[[98.20821864206707, -33.149735845506], [95.37028982377808, -33.59501584556824], [96.34888596805163, -41.49873584538767], [108.38561854292917, -39.82893584564863], [107.30916278412396, -31.702575845600336], [100.65470900292478, -32.81577584555819], [101.43758591848267, -37.602535845732916], [98.89323594309332, -37.82517584556629], [98.20821864206707, -33.149735845506]]]}, "properties": {"id": 393, "height_m": 6.0, "levels": 2, "category": "residencial", "extrude": true, "manzana_id": 38}}, {"type": "Feature", "geometry": {"type": "Polygon", "coordinates": [[[100.65470900292478, -32.81577584555819], [98.20821864206707, -33.149735845506], [98.89323594309332, -37.82517584556629], [101.43758591848267, -37.602535845732916], [100.65470900292478, -32.81577584555819]]]}, "properties": {"id": 394, "height_m": 9.0, "levels": 3, "category": "residencial", "extrude": true, "manzana_id": 38}}, {"type": "Feature", "geometry": {"type": "Polygon", "coordinates": [[[90.18373025881537, -34.48557584569272], [89.69443218650477, -31.145975845423663], [86.95436298239977, -31.702575845600336], [87.34580144017872, -34.930855845359474], [90.18373025881537, -34.48557584569272]]]}, "properties": {"id": 395, "height_m": 3.0, "levels": 1, "category": "residencial", "extrude": true, "manzana_id": 38}}, {"type": "Feature", "geometry": {"type": "Polygon", "coordinates": [[[102.51404167694021, -24.24413584544766], [100.16541093061416, -24.578095845395467], [97.71892057010413, -24.912055845738763], [98.11035902753541, -27.472415845602285], [102.80762052053518, -26.915815845425612], [102.51404167694021, -24.24413584544766]]]}, "properties": {"id": 396, "height_m": 9.0, "levels": 3, "category": "residencial", "extrude": true, "manzana_id": 38}}, {"type": "Feature", "geometry": {"type": "Polygon", "coordinates": [[[97.71892057010413, -24.912055845738763], [94.29383406497288, -25.468655845519947], [95.37028982377808, -33.59501584556824], [107.30916278412396, -31.702575845600336], [106.13484741113477, -23.798855845385418], [102.51404167694021, -24.24413584544766], [102.80762052053518, -26.915815845425612], [98.11035902753541, -27.472415845602285], [97.71892057010413, -24.912055845738763]]]}, "properties": {"id": 397, "height_m": 6.0, "levels": 2, "category": "residencial", "extrude": true, "manzana_id": 38}}, {"type": "Feature", "geometry": {"type": "Polygon", "coordinates": [[[93.80453599266227, -17.23097584535722], [89.49871295778912, -17.787575845533894], [90.67302833077832, -25.913935845582188], [94.68527252275183, -25.357335845405515], [94.19597445044123, -22.574335845708617], [101.43758591848267, -21.461135845355273], [101.63330514719831, -22.574335845708617], [105.84126856788747, -21.906415845417513], [104.96053203779792, -15.56117584561818], [97.13176288326187, -16.674375845576037], [97.42534172650916, -18.90077584549175], [94.09811483590957, -19.34605584555399], [93.80453599266227, -17.23097584535722]]]}, "properties": {"id": 398, "height_m": 6.0, "levels": 2, "category": "residencial", "extrude": true, "manzana_id": 38}}, {"type": "Feature", "geometry": {"type": "Polygon", "coordinates": [[[105.84126856788747, -21.906415845417513], [101.63330514719831, -22.574335845708617], [101.43758591848267, -21.461135845355273], [94.19597445044123, -22.574335845708617], [94.68527252275183, -25.357335845405515], [100.16541093061416, -24.578095845395467], [106.13484741113477, -23.798855845385418], [105.84126856788747, -21.906415845417513]]]}, "properties": {"id": 399, "height_m": 9.0, "levels": 3, "category": "residencial", "extrude": true, "manzana_id": 38}}, {"type": "Feature", "geometry": {"type": "Polygon", "coordinates": [[[97.13176288326187, -16.674375845576037], [93.80453599266227, -17.23097584535722], [94.09811483590957, -19.34605584555399], [97.42534172650916, -18.90077584549175], [97.13176288326187, -16.674375845576037]]]}, "properties": {"id": 400, "height_m": 3.0, "levels": 1, "category": "residencial", "extrude": true, "manzana_id": 38}}, {"type": "Feature", "geometry": {"type": "Polygon", "coordinates": [[[104.07979550805602, -9.995175845433408], [99.48039362958791, -10.663095845724513], [99.67611285865122, -11.553655845453505], [95.85958789574102, -12.110255845630178], [96.25102635351998, -15.449855845503748], [96.93604365454622, -15.449855845503748], [97.13176288326187, -16.674375845576037], [104.96053203779792, -15.56117584561818], [104.07979550805602, -9.995175845433408]]]}, "properties": {"id": 401, "height_m": 6.0, "levels": 2, "category": "residencial", "extrude": true, "manzana_id": 38}}, {"type": "Feature", "geometry": {"type": "Polygon", "coordinates": [[[96.25102635351998, -15.449855845503748], [93.60881676394662, -15.895135845565989], [93.80453599266227, -17.23097584535722], [97.13176288326187, -16.674375845576037], [96.93604365454622, -15.449855845503748], [96.25102635351998, -15.449855845503748]]]}, "properties": {"id": 402, "height_m": 3.0, "levels": 1, "category": "residencial", "extrude": true, "manzana_id": 38}}, {"type": "Feature", "geometry": {"type": "Polygon", "coordinates": [[[103.78621666480872, -7.880095845632127], [88.91155527129453, -9.883855845714464], [90.08587064428372, -17.787575845533894], [93.80453599266227, -17.23097584535722], [93.60881676394662, -15.895135845565989], [96.25102635351998, -15.449855845503748], [95.85958789574102, -12.110255845630178], [99.67611285865122, -11.553655845453505], [99.48039362958791, -10.663095845724513], [104.07979550805602, -9.995175845433408], [103.78621666480872, -7.880095845632127]]]}, "properties": {"id": 403, "height_m": 9.0, "levels": 3, "category": "residencial", "extrude": true, "manzana_id": 38}}, {"type": "Feature", "geometry": {"type": "Polygon", "coordinates": [[[86.46506491043682, -2.425415845561787], [83.43141686308454, -2.8706958456240272], [84.01857454957913, -7.546135845684319], [87.15008221146309, -7.100855845622078], [86.46506491043682, -2.425415845561787]]]}, "properties": {"id": 404, "height_m": 3.0, "levels": 1, "category": "residencial", "extrude": true, "manzana_id": 38}}, {"type": "Feature", "geometry": {"type": "Polygon", "coordinates": [[[103.59049743574542, -5.9876558456642215], [96.83818404001457, -6.76689584567427], [97.13176288326187, -8.77065584536112], [103.78621666480872, -7.880095845632127], [103.59049743574542, -5.9876558456642215]]]}, "properties": {"id": 405, "height_m": 9.0, "levels": 3, "category": "residencial", "extrude": true, "manzana_id": 38}}, {"type": "Feature", "geometry": {"type": "Polygon", "coordinates": [[[96.83818404001457, -6.76689584567427], [96.74032442548291, -5.9876558456642215], [93.41309753488332, -6.432935845726462], [93.90239560719392, -9.21593584542336], [97.13176288326187, -8.77065584536112], [96.83818404001457, -6.76689584567427]]]}, "properties": {"id": 406, "height_m": 3.0, "levels": 1, "category": "residencial", "extrude": true, "manzana_id": 38}}, {"type": "Feature", "geometry": {"type": "Polygon", "coordinates": [[[102.70976090600352, -0.08769584553164123], [86.46506491043682, -2.425415845561787], [87.15008221146309, -7.100855845622078], [87.63938028342602, -9.995175845433408], [93.90239560719392, -9.21593584542336], [93.41309753488332, -6.432935845726462], [96.74032442548291, -5.9876558456642215], [96.83818404001457, -6.76689584567427], [103.59049743574542, -5.9876558456642215], [102.70976090600352, -0.08769584553164123]]]}, "properties": {"id": 407, "height_m": 6.0, "levels": 2, "category": "residencial", "extrude": true, "manzana_id": 38}}, {"type": "Feature", "geometry": {"type": "Polygon", "coordinates": [[[86.56292452496848, 6.034904154434315], [82.45282071881098, 5.478304154653131], [82.84425917658994, 1.582104154602888], [82.94211879077392, 1.1368241545406477], [87.15008221146309, 1.8047441544362641], [86.56292452496848, 6.034904154434315]]]}, "properties": {"id": 408, "height_m": 3.0, "levels": 1, "category": "residencial", "extrude": true, "manzana_id": 38}}, {"type": "Feature", "geometry": {"type": "Polygon", "coordinates": [[[101.53544553266666, 7.816024154287788], [97.22962249779351, 7.259424154506604], [97.52320134104082, 5.0330241545908905], [101.82902437591396, 5.700944154486507], [101.53544553266666, 7.816024154287788]]]}, "properties": {"id": 409, "height_m": 3.0, "levels": 1, "category": "residencial", "extrude": true, "manzana_id": 38}}, {"type": "Feature", "geometry": {"type": "Polygon", "coordinates": [[[97.22962249779351, 7.259424154506604], [96.64246481129892, 7.259424154506604], [97.81678018428812, -0.8669358455416898], [102.70976090600352, -0.08769584553164123], [101.82902437591396, 5.700944154486507], [97.52320134104082, 5.0330241545908905], [97.22962249779351, 7.259424154506604]]]}, "properties": {"id": 410, "height_m": 6.0, "levels": 2, "category": "residencial", "extrude": true, "manzana_id": 38}}, {"type": "Feature", "geometry": {"type": "Polygon", "coordinates": [[[96.64246481129892, 7.259424154506604], [89.20513411454183, 6.368864154382123], [90.47730910206268, -1.8688158453851145], [97.81678018428812, -0.8669358455416898], [96.64246481129892, 7.259424154506604]]]}, "properties": {"id": 411, "height_m": 9.0, "levels": 3, "category": "residencial", "extrude": true, "manzana_id": 38}}, {"type": "Feature", "geometry": {"type": "Polygon", "coordinates": [[[89.20513411454183, 6.368864154382123], [86.56292452496848, 6.034904154434315], [87.15008221146309, 1.8047441544362641], [87.73723989795768, -2.314095845447355], [90.47730910206268, -1.8688158453851145], [89.20513411454183, 6.368864154382123]]]}, "properties": {"id": 412, "height_m": 6.0, "levels": 2, "category": "residencial", "extrude": true, "manzana_id": 38}}, {"type": "Feature", "geometry": {"type": "Polygon", "coordinates": [[[92.43450139060977, 22.62158415447871], [86.07362645265788, 21.619704154635286], [87.05222259693143, 13.938624154649233], [100.06755131643017, 15.831064154617138], [98.79537632856166, 23.623464154322136], [96.83818404001457, 23.289504154374328], [97.42534172650916, 19.504624154438517], [93.02165907710436, 18.72538415442847], [92.43450139060977, 22.62158415447871]]]}, "properties": {"id": 413, "height_m": 6.0, "levels": 2, "category": "residencial", "extrude": true, "manzana_id": 38}}, {"type": "Feature", "geometry": {"type": "Polygon", "coordinates": [[[86.07362645265788, 21.619704154635286], [80.59348804444788, 20.617824154396374], [80.78920727351118, 18.614064154314036], [81.47422457453743, 13.159384154639184], [87.05222259693143, 13.938624154649233], [86.07362645265788, 21.619704154635286]]]}, "properties": {"id": 414, "height_m": 3.0, "levels": 1, "category": "residencial", "extrude": true, "manzana_id": 38}}, {"type": "Feature", "geometry": {"type": "Polygon", "coordinates": [[[96.83818404001457, 23.289504154374328], [92.43450139060977, 22.62158415447871], [93.02165907710436, 18.72538415442847], [97.42534172650916, 19.504624154438517], [96.83818404001457, 23.289504154374328]]]}, "properties": {"id": 415, "height_m": 9.0, "levels": 3, "category": "residencial", "extrude": true, "manzana_id": 38}}, {"type": "Feature", "geometry": {"type": "Polygon", "coordinates": [[[84.11643416411079, 29.523424154454716], [82.55068033299497, 29.189464154506908], [83.23569763402122, 25.404584154571097], [84.70359185060538, 25.627224154404473], [84.11643416411079, 29.523424154454716]]]}, "properties": {"id": 416, "height_m": 6.0, "levels": 2, "category": "residencial", "extrude": true, "manzana_id": 38}}, {"type": "Feature", "geometry": {"type": "Polygon", "coordinates": [[[97.71892057010413, 31.74982415437043], [95.85958789574102, 31.41586415442262], [96.74032442548291, 25.738544154518905], [97.52320134104082, 25.849864154633337], [97.91463979881976, 23.51214415460319], [98.99109555762497, 23.623464154322136], [98.40393787113038, 27.408344154653435], [98.89323594309332, 27.408344154653435], [98.40393787113038, 30.747944154527005], [97.91463979881976, 30.636624154412573], [97.71892057010413, 31.74982415437043]]]}, "properties": {"id": 417, "height_m": 3.0, "levels": 1, "category": "residencial", "extrude": true, "manzana_id": 38}}, {"type": "Feature", "geometry": {"type": "Polygon", "coordinates": [[[93.80453599266227, 22.844224154312087], [93.31523792069933, 25.627224154404473], [87.63938028342602, 24.62534415456105], [88.03081874120497, 21.842344154468663], [93.80453599266227, 22.844224154312087]]]}, "properties": {"id": 418, "height_m": 9.0, "levels": 3, "category": "residencial", "extrude": true, "manzana_id": 38}}, {"type": "Feature", "geometry": {"type": "Polygon", "coordinates": [[[90.57516871659433, 30.52530415429814], [91.16232640308893, 26.629104154643386], [84.70359185060538, 25.627224154404473], [85.29074953709997, 21.397064154406422], [86.07362645265788, 21.619704154635286], [88.03081874120497, 21.842344154468663], [87.63938028342602, 24.62534415456105], [93.31523792069933, 25.627224154404473], [93.80453599266227, 22.844224154312087], [97.91463979881976, 23.51214415460319], [97.52320134104082, 25.849864154633337], [96.74032442548291, 25.738544154518905], [95.85958789574102, 31.41586415442262], [90.57516871659433, 30.52530415429814]]]}, "properties": {"id": 419, "height_m": 6.0, "levels": 2, "category": "residencial", "extrude": true, "manzana_id": 38}}, {"type": "Feature", "geometry": {"type": "Polygon", "coordinates": [[[90.57516871659433, 30.52530415429814], [86.07362645265788, 29.857384154402524], [84.11643416411079, 29.523424154454716], [84.70359185060538, 25.627224154404473], [91.16232640308893, 26.629104154643386], [90.57516871659433, 30.52530415429814]]]}, "properties": {"id": 420, "height_m": 9.0, "levels": 3, "category": "residencial", "extrude": true, "manzana_id": 38}}, {"type": "Feature", "geometry": {"type": "Polygon", "coordinates": [[[84.70359185060538, 25.627224154404473], [83.23569763402122, 25.404584154571097], [83.92071493504747, 21.174424154573046], [85.29074953709997, 21.397064154406422], [84.70359185060538, 25.627224154404473]]]}, "properties": {"id": 421, "height_m": 3.0, "levels": 1, "category": "residencial", "extrude": true, "manzana_id": 38}}, {"type": "Feature", "geometry": {"type": "Polygon", "coordinates": [[[87.15008221146309, 38.317704154398626], [78.14699768359017, 36.98186415460739], [79.61489190017433, 28.744184154444667], [86.07362645265788, 29.857384154402524], [85.78004760941057, 31.972464154599294], [93.21737830616767, 33.196984154276095], [93.51095714941498, 30.97058415436038], [97.81678018428812, 31.74982415437043], [96.64246481129892, 39.65354415458535], [88.81369565676287, 38.54034415462749], [89.20513411454183, 36.31394415431629], [87.54152066924203, 36.09130415448291], [87.15008221146309, 38.317704154398626]]]}, "properties": {"id": 422, "height_m": 6.0, "levels": 2, "category": "residencial", "extrude": true, "manzana_id": 38}}, {"type": "Feature", "geometry": {"type": "Polygon", "coordinates": [[[93.51095714941498, 30.97058415436038], [93.21737830616767, 33.196984154276095], [85.78004760941057, 31.972464154599294], [86.07362645265788, 29.857384154402524], [93.51095714941498, 30.97058415436038]]]}, "properties": {"id": 423, "height_m": 9.0, "levels": 3, "category": "residencial", "extrude": true, "manzana_id": 38}}, {"type": "Feature", "geometry": {"type": "Polygon", "coordinates": [[[95.46814943796207, 47.77990415463364], [80.78920727351118, 45.66482415443687], [81.86566303196872, 37.53846415438858], [86.75864375368413, 38.317704154398626], [86.07362645265788, 42.77050415462554], [91.65162447539953, 43.661064154354534], [92.23878216189412, 39.096944154408675], [96.64246481129892, 39.65354415458535], [95.46814943796207, 47.77990415463364]]]}, "properties": {"id": 424, "height_m": 6.0, "levels": 2, "category": "residencial", "extrude": true, "manzana_id": 38}}, {"type": "Feature", "geometry": {"type": "Polygon", "coordinates": [[[92.23878216189412, 39.096944154408675], [91.65162447539953, 43.661064154354534], [86.07362645265788, 42.77050415462554], [86.75864375368413, 38.317704154398626], [92.23878216189412, 39.096944154408675]]]}, "properties": {"id": 425, "height_m": 9.0, "levels": 3, "category": "residencial", "extrude": true, "manzana_id": 38}}, {"type": "Feature", "geometry": {"type": "Polygon", "coordinates": [[[74.62405156427494, -72.89097584562299], [74.13475349196433, -73.00229584573742], [74.62405156427494, -76.78717584567323], [75.11334963623787, -76.6758558455588], [74.62405156427494, -72.89097584562299]]]}, "properties": {"id": 426, "height_m": 3.0, "levels": 1, "category": "residencial", "extrude": true, "manzana_id": 38}}, {"type": "Feature", "geometry": {"type": "Polygon", "coordinates": [[[89.69443218650477, -70.66457584570728], [89.30299372872582, -67.65893584538603], [86.36720529590518, -68.10421584544827], [86.75864375368413, -70.99853584565508], [89.69443218650477, -70.66457584570728]]]}, "properties": {"id": 427, "height_m": 3.0, "levels": 1, "category": "residencial", "extrude": true, "manzana_id": 38}}, {"type": "Feature", "geometry": {"type": "Polygon", "coordinates": [[[78.14699768359017, -78.34565584569333], [79.81061112923764, -78.2343358455789], [79.51703228564267, -76.56453584544437], [77.95127845487453, -76.78717584567323], [78.14699768359017, -78.34565584569333]]]}, "properties": {"id": 429, "height_m": 9.0, "levels": 3, "category": "residencial", "extrude": true, "manzana_id": 38}}, {"type": "Feature", "geometry": {"type": "Polygon", "coordinates": [[[86.36720529590518, -68.10421584544827], [76.97268231060099, -69.44005584563499], [77.95127845487453, -76.78717584567323], [79.51703228564267, -76.56453584544437], [79.81061112923764, -78.2343358455789], [78.14699768359017, -78.34565584569333], [78.83201498461642, -83.02109584535813], [90.96660717437328, -81.23997584550466], [90.37944948753102, -75.89661584554875], [89.69443218650477, -70.66457584570728], [86.75864375368413, -70.99853584565508], [86.36720529590518, -68.10421584544827]]]}, "properties": {"id": 430, "height_m": 9.0, "levels": 3, "category": "residencial", "extrude": true, "manzana_id": 38}}, {"type": "Feature", "geometry": {"type": "Polygon", "coordinates": [[[75.99408616632743, -83.13241584547256], [75.60264770854849, -83.13241584547256], [76.18980539504308, -87.25125584535618], [80.00633035795329, -86.694655845575], [79.90847074342163, -86.47201584534614], [76.58124385282203, -86.91729584540838], [75.99408616632743, -83.13241584547256]]]}, "properties": {"id": 431, "height_m": 3.0, "levels": 1, "category": "residencial", "extrude": true, "manzana_id": 38}}, {"type": "Feature", "geometry": {"type": "Polygon", "coordinates": [[[76.97268231060099, -69.44005584563499], [74.23261310649599, -69.88533584569723], [74.62405156427494, -72.89097584562299], [75.11334963623787, -76.6758558455588], [75.99408616632743, -83.13241584547256], [76.58124385282203, -86.91729584540838], [79.90847074342163, -86.47201584534614], [85.38860915163163, -85.58145584561714], [87.93295912667331, -85.24749584566933], [91.26018601762058, -84.69089584549266], [90.96660717437328, -81.23997584550466], [78.83201498461642, -83.02109584535813], [78.14699768359017, -78.34565584569333], [77.95127845487453, -76.78717584567323], [76.97268231060099, -69.44005584563499]]]}, "properties": {"id": 432, "height_m": 6.0, "levels": 2, "category": "residencial", "extrude": true, "manzana_id": 38}}, {"type": "Feature", "geometry": {"type": "Polygon", "coordinates": [[[95.46814943796207, 50.7855441545594], [94.58741290822017, 57.130784154358736], [74.03689387778034, 53.9025041545996], [74.42833233521162, 51.00818415439278], [92.04306293283082, 53.67986415437073], [92.53236100514142, 50.34026415449716], [95.46814943796207, 50.7855441545594]]]}, "properties": {"id": 433, "height_m": 6.0, "levels": 2, "category": "residencial", "extrude": true, "manzana_id": 38}}, {"type": "Feature", "geometry": {"type": "Polygon", "coordinates": [[[95.46814943796207, 50.7855441545594], [92.53236100514142, 50.34026415449716], [92.92379946292037, 47.445944154290345], [95.95744751027267, 47.891224154352585], [95.46814943796207, 50.7855441545594]]]}, "properties": {"id": 434, "height_m": 3.0, "levels": 1, "category": "residencial", "extrude": true, "manzana_id": 38}}, {"type": "Feature", "geometry": {"type": "Polygon", "coordinates": [[[92.53236100514142, 50.34026415449716], [89.69443218650477, 50.006304154549355], [90.18373025881537, 47.00066415462359], [92.92379946292037, 47.445944154290345], [92.53236100514142, 50.34026415449716]]]}, "properties": {"id": 435, "height_m": 6.0, "levels": 2, "category": "residencial", "extrude": true, "manzana_id": 38}}, {"type": "Feature", "geometry": {"type": "Polygon", "coordinates": [[[92.53236100514142, 50.34026415449716], [92.04306293283082, 53.67986415437073], [74.42833233521162, 51.00818415439278], [75.40692847983284, 44.88558415442682], [81.86566303196872, 45.776144154551304], [81.37636496000579, 48.8931041545915], [84.41001300735807, 49.33838415465374], [84.80145146513703, 46.221424154613544], [90.18373025881537, 47.00066415462359], [89.69443218650477, 50.006304154549355], [92.53236100514142, 50.34026415449716]]]}, "properties": {"id": 436, "height_m": 9.0, "levels": 3, "category": "residencial", "extrude": true, "manzana_id": 38}}, {"type": "Feature", "geometry": {"type": "Polygon", "coordinates": [[[23.345613602185505, -111.18505584543882], [15.41898483346547, -112.63221584573998], [15.223265604402162, -111.7416558456155], [8.666671437734625, -112.85485584557335], [17.082598278765268, -159.27529584543748], [21.486280928170068, -158.49605584542743], [21.975579000480675, -161.61301584546763], [17.669755965259863, -162.28093584536325], [17.865475194323174, -163.7280958456644], [24.226350132275066, -162.61489584570654], [24.422069360990708, -163.95073584549777], [26.18354242082216, -163.7280958456644], [25.30280589108027, -158.3847358457085], [24.715648204238008, -155.37909584538724], [22.856315530222567, -144.13577584569424], [22.36701745791196, -141.130135845373], [22.171298229196317, -139.9056158456962], [21.58414054270172, -136.67733584554156], [20.70340401261216, -131.55661584541903], [20.311965554833208, -128.55097584549327], [18.84407133859672, -120.42461584544498], [18.061194423038817, -116.41709584567579], [24.128490517743412, -115.1925758456035], [23.345613602185505, -111.18505584543882]]]}, "properties": {"id": 437, "height_m": 9.0, "levels": 3, "category": "residencial", "extrude": true, "manzana_id": 14}}, {"type": "Feature", "geometry": {"type": "Polygon", "coordinates": [[[25.30280589108027, -158.3847358457085], [28.434313552616555, -157.82813584553182], [27.945015480653613, -154.82249584560606], [24.715648204238008, -155.37909584538724], [25.30280589108027, -158.3847358457085]]]}, "properties": {"id": 438, "height_m": 6.0, "levels": 2, "category": "residencial", "extrude": true, "manzana_id": 14}}, {"type": "Feature", "geometry": {"type": "Polygon", "coordinates": [[[22.856315530222567, -144.13577584569424], [26.085682806290507, -143.57917584551757], [25.596384734327565, -140.5735358455918], [22.36701745791196, -141.130135845373], [22.856315530222567, -144.13577584569424]]]}, "properties": {"id": 439, "height_m": 6.0, "levels": 2, "category": "residencial", "extrude": true, "manzana_id": 14}}, {"type": "Feature", "geometry": {"type": "Polygon", "coordinates": [[[22.171298229196317, -139.9056158456962], [25.400665505264257, -139.34901584551952], [24.81350781876966, -136.00941584564595], [21.58414054270172, -136.67733584554156], [22.171298229196317, -139.9056158456962]]]}, "properties": {"id": 440, "height_m": 6.0, "levels": 2, "category": "residencial", "extrude": true, "manzana_id": 14}}, {"type": "Feature", "geometry": {"type": "Polygon", "coordinates": [[[20.70340401261216, -131.55661584541903], [23.93277128902777, -131.00001584563785], [23.443473216717162, -127.99437584571209], [20.311965554833208, -128.55097584549327], [20.70340401261216, -131.55661584541903]]]}, "properties": {"id": 441, "height_m": 6.0, "levels": 2, "category": "residencial", "extrude": true, "manzana_id": 14}}, {"type": "Feature", "geometry": {"type": "Polygon", "coordinates": [[[22.26915784372797, -152.37345584546148], [17.865475194323174, -153.15269584547153], [18.746211724065066, -157.82813584553182], [23.149894373469863, -157.04889584552177], [22.26915784372797, -152.37345584546148]]]}, "properties": {"id": 442, "height_m": 12.0, "levels": 4, "category": "residencial", "extrude": true, "manzana_id": 14}}, {"type": "Feature", "geometry": {"type": "Polygon", "coordinates": [[[24.128490517743412, -115.1925758456035], [18.061194423038817, -116.41709584567579], [18.84407133859672, -120.42461584544498], [20.311965554833208, -128.55097584549327], [23.443473216717162, -127.99437584571209], [23.93277128902777, -131.00001584563785], [20.70340401261216, -131.55661584541903], [21.58414054270172, -136.67733584554156], [24.81350781876966, -136.00941584564595], [25.400665505264257, -139.34901584551952], [22.171298229196317, -139.9056158456962], [22.36701745791196, -141.130135845373], [25.596384734327565, -140.5735358455918], [26.085682806290507, -143.57917584551757], [22.856315530222567, -144.13577584569424], [24.715648204238008, -155.37909584538724], [27.945015480653613, -154.82249584560606], [28.434313552616555, -157.82813584553182], [25.30280589108027, -158.3847358457085], [26.18354242082216, -163.7280958456644], [31.27224237125321, -162.94885584565435], [29.217190468174458, -151.1489358453892], [29.902207769200707, -144.80369584558986], [24.128490517743412, -115.1925758456035]]]}, "properties": {"id": 443, "height_m": 12.0, "levels": 4, "category": "residencial", "extrude": true, "manzana_id": 14}}, {"type": "Feature", "geometry": {"type": "Polygon", "coordinates": [[[17.669755965259863, -162.28093584536325], [21.975579000480675, -161.61301584546763], [21.486280928170068, -158.49605584542743], [17.082598278765268, -159.27529584543748], [17.669755965259863, -162.28093584536325]]]}, "properties": {"id": 444, "height_m": 12.0, "levels": 4, "category": "residencial", "extrude": true, "manzana_id": 14}}, {"type": "Feature", "geometry": {"type": "Polygon", "coordinates": [[[20.801263627143815, -144.35841584552762], [20.116246326117565, -140.68485584570624], [15.810423291244422, -141.35277584560185], [16.39758097773902, -144.9150158457043], [20.801263627143815, -144.35841584552762]]]}, "properties": {"id": 445, "height_m": 12.0, "levels": 4, "category": "residencial", "extrude": true, "manzana_id": 14}}, {"type": "Feature", "geometry": {"type": "Polygon", "coordinates": [[[18.648352109533413, -131.33397584558566], [17.96333480850716, -127.32645584542098], [13.461792544918376, -128.10569584543103], [14.146809845944626, -132.1132158455957], [18.648352109533413, -131.33397584558566]]]}, "properties": {"id": 446, "height_m": 12.0, "levels": 4, "category": "residencial", "extrude": true, "manzana_id": 14}}, {"type": "Feature", "geometry": {"type": "Polygon", "coordinates": [[[43.89613263297301, -106.7322558456074], [23.05203475893821, -109.84921584564759], [26.86855972184841, -129.33021584550332], [29.217190468174458, -128.9962558455555], [45.364026849209495, -126.43589584569199], [47.321219138104254, -126.10193584534869], [43.89613263297301, -106.7322558456074]]]}, "properties": {"id": 447, "height_m": 12.0, "levels": 4, "category": "residencial", "extrude": true, "manzana_id": 14}}, {"type": "Feature", "geometry": {"type": "Polygon", "coordinates": [[[56.42216328016115, -140.35089584536294], [58.96651325520284, -140.01693584541513], [58.4772151832399, -135.45281584546927], [55.93286520785054, -135.78677584541708], [56.42216328016115, -140.35089584536294]]]}, "properties": {"id": 448, "height_m": 12.0, "levels": 4, "category": "residencial", "extrude": true, "manzana_id": 14}}, {"type": "Feature", "geometry": {"type": "Polygon", "coordinates": [[[55.541426750071594, -117.41897584551921], [55.83500559331889, -119.53405584571598], [59.74939017076075, -118.86613584542488], [59.357951712981794, -116.7510558456236], [55.541426750071594, -117.41897584551921]]]}, "properties": {"id": 449, "height_m": 12.0, "levels": 4, "category": "residencial", "extrude": true, "manzana_id": 14}}, {"type": "Feature", "geometry": {"type": "Polygon", "coordinates": [[[55.05212867810865, -130.66605584569004], [55.83500559331889, -135.00753584540703], [59.16223248426615, -134.45093584562585], [58.868653640671184, -132.4471758455435], [56.813601737940104, -132.6698158453769], [56.42216328016115, -129.2188958453889], [54.85640944904534, -129.44153584561775], [55.05212867810865, -130.66605584569004]]]}, "properties": {"id": 450, "height_m": 12.0, "levels": 4, "category": "residencial", "extrude": true, "manzana_id": 14}}, {"type": "Feature", "geometry": {"type": "Polygon", "coordinates": [[[55.443567135887605, -115.30389584571793], [57.400759424434696, -114.96993584537464], [57.00932096665574, -112.52089584562555], [59.26009209845014, -112.18693584567774], [58.868653640671184, -109.96053584536654], [54.758549834861356, -110.73977584537658], [54.954269063576994, -112.29825584539668], [55.443567135887605, -115.30389584571793]]]}, "properties": {"id": 451, "height_m": 12.0, "levels": 4, "category": "residencial", "extrude": true, "manzana_id": 14}}, {"type": "Feature", "geometry": {"type": "Polygon", "coordinates": [[[56.61788250887679, -141.57541584543523], [56.813601737940104, -143.3565358456842], [53.87781330477179, -143.80181584535094], [54.46497099126639, -148.6998958456401], [55.93286520785054, -148.58857584552567], [56.22644405109784, -150.36969584537914], [57.498619038618685, -150.14705584554576], [60.434407471787, -149.81309584559796], [59.26009209845014, -141.130135845373], [56.61788250887679, -141.57541584543523]]]}, "properties": {"id": 452, "height_m": 12.0, "levels": 4, "category": "residencial", "extrude": true, "manzana_id": 14}}, {"type": "Feature", "geometry": {"type": "Polygon", "coordinates": [[[52.01848063075635, -123.6528958455996], [50.94202487195115, -123.87553584543298], [51.6270421729774, -128.3283358456599], [52.80135754596659, -128.10569584543103], [52.50777870271929, -125.76797584540088], [56.32430366562949, -124.98873584539083], [56.42216328016115, -126.10193584534869], [57.498619038618685, -125.87929584551532], [57.1071805811874, -123.76421584571403], [52.214199859472, -124.65477584544303], [52.01848063075635, -123.6528958455996]]]}, "properties": {"id": 453, "height_m": 12.0, "levels": 4, "category": "residencial", "extrude": true, "manzana_id": 14}}, {"type": "Feature", "geometry": {"type": "Polygon", "coordinates": [[[53.38851523280885, -120.42461584544498], [52.7034979317826, -116.86237584573803], [49.767709498614295, -117.30765584540478], [50.452726799640544, -120.86989584550722], [53.38851523280885, -120.42461584544498]]]}, "properties": {"id": 454, "height_m": 12.0, "levels": 4, "category": "residencial", "extrude": true, "manzana_id": 14}}, {"type": "Feature", "geometry": {"type": "Polygon", "coordinates": [[[49.27841142665135, -138.56977584550947], [52.31205947400365, -159.6092558453853], [59.74939017076075, -158.49605584542743], [69.53535161384389, -157.04889584552177], [61.804442073839496, -104.06057584562944], [43.89613263297301, -106.7322558456074], [47.321219138104254, -126.10193584534869], [45.364026849209495, -126.43589584569199], [47.321219138104254, -138.90373584545728], [49.27841142665135, -138.56977584550947]]]}, "properties": {"id": 455, "height_m": 9.0, "levels": 3, "category": "residencial", "extrude": true, "manzana_id": 14}}, {"type": "Feature", "geometry": {"type": "Polygon", "coordinates": [[[47.321219138104254, -138.90373584545728], [29.315050082706115, -141.7980558456641], [29.902207769200707, -144.80369584558986], [31.174382756721553, -144.581055845361], [34.30589041860551, -162.28093584536325], [52.31205947400365, -159.6092558453853], [49.27841142665135, -138.56977584550947], [47.321219138104254, -138.90373584545728]]]}, "properties": {"id": 456, "height_m": 12.0, "levels": 4, "category": "residencial", "extrude": true, "manzana_id": 14}}, {"type": "Feature", "geometry": {"type": "Polygon", "coordinates": [[[45.364026849209495, -126.43589584569199], [29.217190468174458, -128.9962558455555], [26.86855972184841, -129.33021584550332], [29.315050082706115, -141.7980558456641], [47.321219138104254, -138.90373584545728], [45.364026849209495, -126.43589584569199]]]}, "properties": {"id": 457, "height_m": 3.0, "levels": 1, "category": "residencial", "extrude": true, "manzana_id": 14}}, {"type": "Feature", "geometry": {"type": "Polygon", "coordinates": [[[115.72508962515461, -97.047415845539], [91.74948408958352, -100.49833584552701], [94.48955329368852, -120.2019758456116], [102.61190129147187, -118.97745584553931], [107.40702239865561, -118.19821584552926], [119.0523165157542, -116.41709584567579], [115.72508962515461, -97.047415845539]]]}, "properties": {"id": 458, "height_m": 6.0, "levels": 2, "category": "residencial", "extrude": true, "manzana_id": 37}}, {"type": "Feature", "geometry": {"type": "Polygon", "coordinates": [[[111.6149858189971, -106.06433584571178], [113.37645887882856, -105.73037584536848], [112.69144157780231, -101.83417584571373], [107.30916278412396, -102.72473584544272], [107.89632047061856, -106.7322558456074], [109.55993391626602, -106.39829584565959], [111.6149858189971, -106.06433584571178]]]}, "properties": {"id": 459, "height_m": 9.0, "levels": 3, "category": "residencial", "extrude": true, "manzana_id": 37}}, {"type": "Feature", "geometry": {"type": "Polygon", "coordinates": [[[99.28467440087228, -107.73413584545082], [101.33972630395102, -107.40017584550301], [100.65470900292478, -103.6152958455672], [94.97885136599913, -104.39453584557725], [95.66386866702538, -108.2907358456275], [97.62106095557247, -107.95677584567969], [99.28467440087228, -107.73413584545082]]]}, "properties": {"id": 460, "height_m": 9.0, "levels": 3, "category": "residencial", "extrude": true, "manzana_id": 37}}, {"type": "Feature", "geometry": {"type": "Polygon", "coordinates": [[[91.74948408958352, -100.49833584552701], [78.44057652718514, -102.39077584549491], [81.27850534547413, -122.31705584541288], [83.72499570633182, -121.98309584546507], [81.27850534547413, -105.95301584559735], [85.58432838034727, -105.28509584570173], [86.95436298239977, -105.1737758455873], [92.23878216189412, -104.50585584569168], [91.74948408958352, -100.49833584552701]]]}, "properties": {"id": 461, "height_m": 6.0, "levels": 2, "category": "residencial", "extrude": true, "manzana_id": 37}}, {"type": "Feature", "geometry": {"type": "Polygon", "coordinates": [[[93.21737830616767, -111.29637584555326], [88.91155527129453, -112.0756158455633], [89.59657257232078, -116.41709584567579], [93.80453599266227, -115.74917584538468], [93.21737830616767, -111.29637584555326]]]}, "properties": {"id": 462, "height_m": 3.0, "levels": 1, "category": "residencial", "extrude": true, "manzana_id": 37}}, {"type": "Feature", "geometry": {"type": "Polygon", "coordinates": [[[92.23878216189412, -104.50585584569168], [86.95436298239977, -105.1737758455873], [87.63938028342602, -109.18129584535649], [92.82593984838873, -108.2907358456275], [92.23878216189412, -104.50585584569168]]]}, "properties": {"id": 463, "height_m": 9.0, "levels": 3, "category": "residencial", "extrude": true, "manzana_id": 37}}, {"type": "Feature", "geometry": {"type": "Polygon", "coordinates": [[[86.95436298239977, -105.1737758455873], [85.58432838034727, -105.28509584570173], [86.17148606718953, -109.40393584558535], [87.63938028342602, -109.18129584535649], [86.95436298239977, -105.1737758455873]]]}, "properties": {"id": 464, "height_m": 3.0, "levels": 1, "category": "residencial", "extrude": true, "manzana_id": 37}}, {"type": "Feature", "geometry": {"type": "Polygon", "coordinates": [[[85.58432838034727, -105.28509584570173], [81.27850534547413, -105.95301584559735], [83.72499570633182, -121.98309584546507], [94.48955329368852, -120.53593584555941], [94.48955329368852, -120.2019758456116], [93.80453599266227, -115.74917584538468], [89.59657257232078, -116.41709584567579], [88.91155527129453, -112.0756158455633], [93.21737830616767, -111.29637584555326], [92.82593984838873, -108.2907358456275], [87.63938028342602, -109.18129584535649], [86.17148606718953, -109.40393584558535], [85.58432838034727, -105.28509584570173]]]}, "properties": {"id": 465, "height_m": 9.0, "levels": 3, "category": "residencial", "extrude": true, "manzana_id": 37}}, {"type": "Feature", "geometry": {"type": "Polygon", "coordinates": [[[87.24794182599473, -121.53781584540283], [81.27850534547413, -122.31705584541288], [82.45282071881098, -131.00001584563785], [88.61797642769957, -129.99813584539893], [87.93295912667331, -125.32269584573413], [87.24794182599473, -121.53781584540283]]]}, "properties": {"id": 466, "height_m": 6.0, "levels": 2, "category": "residencial", "extrude": true, "manzana_id": 37}}, {"type": "Feature", "geometry": {"type": "Polygon", "coordinates": [[[91.84734370411518, -124.76609584555746], [87.93295912667331, -125.32269584573413], [88.61797642769957, -129.99813584539893], [92.53236100514142, -129.44153584561775], [91.84734370411518, -124.76609584555746]]]}, "properties": {"id": 467, "height_m": 3.0, "levels": 1, "category": "residencial", "extrude": true, "manzana_id": 37}}, {"type": "Feature", "geometry": {"type": "Polygon", "coordinates": [[[94.97885136599913, -124.20949584538079], [94.48955329368852, -120.53593584555941], [87.24794182599473, -121.53781584540283], [87.93295912667331, -125.32269584573413], [91.84734370411518, -124.76609584555746], [94.97885136599913, -124.20949584538079]]]}, "properties": {"id": 468, "height_m": 9.0, "levels": 3, "category": "residencial", "extrude": true, "manzana_id": 37}}, {"type": "Feature", "geometry": {"type": "Polygon", "coordinates": [[[82.45282071881098, -131.00001584563785], [81.76780341778473, -131.1113358453568], [82.84425917658994, -138.12449584544723], [83.43141686308454, -138.12449584544723], [82.45282071881098, -131.00001584563785]]]}, "properties": {"id": 469, "height_m": 3.0, "levels": 1, "category": "residencial", "extrude": true, "manzana_id": 37}}, {"type": "Feature", "geometry": {"type": "Polygon", "coordinates": [[[96.25102635351998, -133.00377584572018], [96.05530712445666, -131.7792558456479], [95.66386866702538, -128.88493584544108], [93.31523792069933, -129.33021584550332], [93.90239560719392, -133.337735845668], [96.25102635351998, -133.00377584572018]]]}, "properties": {"id": 470, "height_m": 3.0, "levels": 1, "category": "residencial", "extrude": true, "manzana_id": 37}}, {"type": "Feature", "geometry": {"type": "Polygon", "coordinates": [[[93.31523792069933, -129.33021584550332], [88.81369565676287, -129.99813584539893], [89.89015141556808, -137.1226158456038], [96.64246481129892, -136.00941584564595], [96.25102635351998, -133.00377584572018], [93.90239560719392, -133.337735845668], [93.31523792069933, -129.33021584550332]]]}, "properties": {"id": 471, "height_m": 9.0, "levels": 3, "category": "residencial", "extrude": true, "manzana_id": 37}}, {"type": "Feature", "geometry": {"type": "Polygon", "coordinates": [[[88.81369565676287, -129.99813584539893], [84.60573223607372, -130.66605584569004], [84.89931107932102, -132.6698158453769], [87.15008221146309, -132.33585584542908], [87.93295912667331, -137.34525584543718], [89.89015141556808, -137.1226158456038], [88.81369565676287, -129.99813584539893]]]}, "properties": {"id": 472, "height_m": 12.0, "levels": 4, "category": "residencial", "extrude": true, "manzana_id": 37}}, {"type": "Feature", "geometry": {"type": "Polygon", "coordinates": [[[84.60573223607372, -130.66605584569004], [82.45282071881098, -131.00001584563785], [83.43141686308454, -138.12449584544723], [87.93295912667331, -137.34525584543718], [87.15008221146309, -132.33585584542908], [84.89931107932102, -132.6698158453769], [84.60573223607372, -130.66605584569004]]]}, "properties": {"id": 473, "height_m": 6.0, "levels": 2, "category": "residencial", "extrude": true, "manzana_id": 37}}, {"type": "Feature", "geometry": {"type": "Polygon", "coordinates": [[[83.13783801983723, -140.239575845644], [82.64853994752663, -140.35089584536294], [83.23569763402122, -144.24709584541318], [82.84425917658994, -144.35841584552762], [83.62713609180017, -149.36781584553572], [84.50787262188973, -149.25649584542128], [83.13783801983723, -140.239575845644]]]}, "properties": {"id": 474, "height_m": 3.0, "levels": 1, "category": "residencial", "extrude": true, "manzana_id": 37}}, {"type": "Feature", "geometry": {"type": "Polygon", "coordinates": [[[97.13176288326187, -139.5716558453529], [96.64246481129892, -136.00941584564595], [92.14092254736248, -136.67733584554156], [92.63022061967308, -140.239575845644], [97.13176288326187, -139.5716558453529]]]}, "properties": {"id": 475, "height_m": 6.0, "levels": 2, "category": "residencial", "extrude": true, "manzana_id": 37}}, {"type": "Feature", "geometry": {"type": "Polygon", "coordinates": [[[92.53236100514142, -151.1489358453892], [87.83509951248934, -151.92817584539924], [87.93295912667331, -152.4847758455759], [92.63022061967308, -151.8168558456803], [92.53236100514142, -151.1489358453892]]]}, "properties": {"id": 476, "height_m": 3.0, "levels": 1, "category": "residencial", "extrude": true, "manzana_id": 37}}, {"type": "Feature", "geometry": {"type": "Polygon", "coordinates": [[[92.63022061967308, -140.239575845644], [86.85650336821578, -141.130135845373], [87.34580144017872, -143.91313584546538], [93.11951869163602, -143.02257584573638], [92.63022061967308, -140.239575845644]]]}, "properties": {"id": 477, "height_m": 12.0, "levels": 4, "category": "residencial", "extrude": true, "manzana_id": 37}}, {"type": "Feature", "geometry": {"type": "Polygon", "coordinates": [[[92.14092254736248, -136.67733584554156], [84.89931107932102, -137.79053584549942], [86.46506491043682, -147.92065584563005], [88.52011681351559, -149.47913584565015], [98.30607825659872, -147.92065584563005], [97.71892057010413, -143.91313584546538], [93.31523792069933, -144.581055845361], [93.11951869163602, -143.02257584573638], [87.34580144017872, -143.91313584546538], [86.85650336821578, -141.130135845373], [92.63022061967308, -140.239575845644], [92.14092254736248, -136.67733584554156]]]}, "properties": {"id": 478, "height_m": 9.0, "levels": 3, "category": "residencial", "extrude": true, "manzana_id": 37}}, {"type": "Feature", "geometry": {"type": "Polygon", "coordinates": [[[84.89931107932102, -137.79053584549942], [82.84425917658994, -138.12449584544723], [83.13783801983723, -140.239575845644], [84.50787262188973, -149.25649584542128], [84.60573223607372, -149.47913584565015], [87.83509951248934, -151.92817584539924], [92.53236100514142, -151.1489358453892], [98.59965709984603, -150.14705584554576], [98.30607825659872, -147.92065584563005], [88.52011681351559, -149.47913584565015], [86.46506491043682, -147.92065584563005], [84.89931107932102, -137.79053584549942]]]}, "properties": {"id": 479, "height_m": 6.0, "levels": 2, "category": "residencial", "extrude": true, "manzana_id": 37}}, {"type": "Feature", "geometry": {"type": "Polygon", "coordinates": [[[102.12260321950893, -144.46973584564205], [100.06755131643017, -131.22265584547122], [96.05530712445666, -131.7792558456479], [96.64246481129892, -136.00941584564595], [97.91463979881976, -145.13765584553767], [102.12260321950893, -144.46973584564205]]]}, "properties": {"id": 480, "height_m": 8.0, "levels": 0, "category": "residencial", "extrude": true, "manzana_id": 37}}, {"type": "Feature", "geometry": {"type": "Polygon", "coordinates": [[[102.12260321950893, -144.46973584564205], [97.91463979881976, -145.13765584553767], [98.59965709984603, -149.9244158457124], [102.80762052053518, -149.25649584542128], [102.12260321950893, -144.46973584564205]]]}, "properties": {"id": 481, "height_m": 8.0, "levels": 0, "category": "residencial", "extrude": true, "manzana_id": 37}}, {"type": "Feature", "geometry": {"type": "Polygon", "coordinates": [[[103.10119936378247, -122.98497584570399], [94.97885136599913, -124.20949584538079], [95.66386866702538, -128.88493584544108], [96.05530712445666, -131.7792558456479], [100.06755131643017, -131.22265584547122], [102.12260321950893, -144.46973584564205], [105.64554933882417, -143.91313584546538], [103.10119936378247, -122.98497584570399]]]}, "properties": {"id": 482, "height_m": 9.0, "levels": 3, "category": "residencial", "extrude": true, "manzana_id": 37}}, {"type": "Feature", "geometry": {"type": "Polygon", "coordinates": [[[105.64554933882417, -143.91313584546538], [102.12260321950893, -144.46973584564205], [102.80762052053518, -149.25649584542128], [106.23270702531876, -148.6998958456401], [105.64554933882417, -143.91313584546538]]]}, "properties": {"id": 483, "height_m": 6.0, "levels": 2, "category": "residencial", "extrude": true, "manzana_id": 37}}, {"type": "Feature", "geometry": {"type": "Polygon", "coordinates": [[[107.40702239865561, -118.19821584552926], [102.61190129147187, -118.97745584553931], [103.19905897796646, -123.76421584571403], [108.18989931421352, -122.98497584570399], [107.79846085643457, -120.31329584572603], [107.40702239865561, -118.19821584552926]]]}, "properties": {"id": 484, "height_m": 6.0, "levels": 2, "category": "residencial", "extrude": true, "manzana_id": 37}}, {"type": "Feature", "geometry": {"type": "Polygon", "coordinates": [[[119.93305304584376, -121.20385584545502], [119.0523165157542, -116.41709584567579], [112.88716080686561, -117.30765584540478], [113.18073965011291, -119.42273584560155], [113.67003772207585, -122.0944158455795], [119.93305304584376, -121.20385584545502]]]}, "properties": {"id": 485, "height_m": 6.0, "levels": 2, "category": "residencial", "extrude": true, "manzana_id": 37}}, {"type": "Feature", "geometry": {"type": "Polygon", "coordinates": [[[112.88716080686561, -117.30765584540478], [107.40702239865561, -118.19821584552926], [107.79846085643457, -120.31329584572603], [113.18073965011291, -119.42273584560155], [112.88716080686561, -117.30765584540478]]]}, "properties": {"id": 486, "height_m": 3.0, "levels": 1, "category": "residencial", "extrude": true, "manzana_id": 37}}, {"type": "Feature", "geometry": {"type": "Polygon", "coordinates": [[[121.00950880464896, -127.43777584553541], [114.55077425216541, -128.55097584549327], [115.92080885421791, -136.788655845656], [109.95137237369731, -137.679215845385], [108.48347815746082, -129.55285584573218], [103.98193589352437, -130.2207758456278], [106.23270702531876, -148.6998958456401], [124.2388760807169, -146.02821584566215], [123.6517183942223, -142.57729584567414], [121.89024533439085, -132.78113584549132], [121.00950880464896, -127.43777584553541]]]}, "properties": {"id": 487, "height_m": 6.0, "levels": 2, "category": "residencial", "extrude": true, "manzana_id": 37}}, {"type": "Feature", "geometry": {"type": "Polygon", "coordinates": [[[108.18989931421352, -122.98497584570399], [103.19905897796646, -123.76421584571403], [103.98193589352437, -130.2207758456278], [108.48347815746082, -129.55285584573218], [109.95137237369731, -137.679215845385], [115.92080885421791, -136.788655845656], [114.55077425216541, -128.55097584549327], [121.00950880464896, -127.43777584553541], [120.22663188909105, -123.20761584553736], [119.93305304584376, -121.20385584545502], [113.67003772207585, -122.0944158455795], [108.18989931421352, -122.98497584570399]]]}, "properties": {"id": 488, "height_m": 3.0, "levels": 1, "category": "residencial", "extrude": true, "manzana_id": 37}}, {"type": "Feature", "geometry": {"type": "Polygon", "coordinates": [[[146.64872778551984, -133.44905584538694], [146.15942971320925, -129.55285584573218], [138.72209901645215, -130.5547358455756], [134.02483752380004, -131.22265584547122], [124.04315685200126, -132.55849584565794], [121.89024533439085, -132.78113584549132], [122.5752626354171, -136.67733584554156], [128.15326065815876, -136.00941584564595], [137.35206441439965, -134.78489584557366], [146.64872778551984, -133.44905584538694]]]}, "properties": {"id": 489, "height_m": 6.0, "levels": 2, "category": "residencial", "extrude": true, "manzana_id": 37}}, {"type": "Feature", "geometry": {"type": "Polygon", "coordinates": [[[137.35206441439965, -134.78489584557366], [128.15326065815876, -136.00941584564595], [129.03399718790064, -142.1320158456119], [135.0034336680736, -141.24145584548742], [138.2328009444892, -140.79617584542518], [137.35206441439965, -134.78489584557366]]]}, "properties": {"id": 490, "height_m": 12.0, "levels": 4, "category": "residencial", "extrude": true, "manzana_id": 37}}, {"type": "Feature", "geometry": {"type": "Polygon", "coordinates": [[[128.15326065815876, -136.00941584564595], [122.5752626354171, -136.67733584554156], [123.6517183942223, -142.57729584567414], [124.14101646618525, -145.80557584543328], [147.72518354432503, -142.24333584572634], [146.64872778551984, -133.44905584538694], [137.35206441439965, -134.78489584557366], [138.2328009444892, -140.79617584542518], [135.0034336680736, -141.24145584548742], [129.03399718790064, -142.1320158456119], [128.15326065815876, -136.00941584564595]]]}, "properties": {"id": 491, "height_m": 9.0, "levels": 3, "category": "residencial", "extrude": true, "manzana_id": 37}}, {"type": "Feature", "geometry": {"type": "Polygon", "coordinates": [[[150.17167390483507, -128.9962558455555], [146.15942971320925, -129.55285584573218], [146.7465874000515, -134.11697584567804], [149.19307776056152, -133.89433584544918], [149.4866566041565, -136.788655845656], [147.04016624329878, -137.01129584548937], [147.82304315850902, -142.6886158453931], [151.93314696466652, -142.02069584549747], [151.24812966364027, -137.79053584549942], [152.42244503697714, -137.679215845385], [151.83528735048253, -133.6716958456158], [150.85669120586132, -133.89433584544918], [150.17167390483507, -128.9962558455555]]]}, "properties": {"id": 492, "height_m": 6.0, "levels": 2, "category": "residencial", "extrude": true, "manzana_id": 37}}, {"type": "Feature", "geometry": {"type": "Polygon", "coordinates": [[[155.55395269886108, -141.4640958457163], [153.89033925321363, -128.55097584549327], [150.17167390483507, -128.9962558455555], [150.85669120586132, -133.89433584544918], [151.83528735048253, -133.6716958456158], [152.42244503697714, -137.679215845385], [151.24812966364027, -137.79053584549942], [151.93314696466652, -142.02069584549747], [155.55395269886108, -141.4640958457163]]]}, "properties": {"id": 493, "height_m": 9.0, "levels": 3, "category": "residencial", "extrude": true, "manzana_id": 37}}, {"type": "Feature", "geometry": {"type": "Polygon", "coordinates": [[[147.04016624329878, -137.01129584548937], [149.4866566041565, -136.788655845656], [149.19307776056152, -133.89433584544918], [146.7465874000515, -134.11697584567804], [147.04016624329878, -137.01129584548937]]]}, "properties": {"id": 494, "height_m": 3.0, "levels": 1, "category": "residencial", "extrude": true, "manzana_id": 37}}, {"type": "Feature", "geometry": {"type": "Polygon", "coordinates": [[[162.11054686552862, -130.44341584546117], [161.71910840774967, -127.43777584553541], [154.08605848227694, -128.55097584549327], [153.89033925321363, -128.55097584549327], [154.28177771099257, -131.66793584553346], [162.11054686552862, -130.44341584546117]]]}, "properties": {"id": 495, "height_m": 9.0, "levels": 3, "category": "residencial", "extrude": true, "manzana_id": 37}}, {"type": "Feature", "geometry": {"type": "Polygon", "coordinates": [[[162.5019853233076, -140.68485584570624], [156.53254884313463, -141.57541584543523], [157.02184691509757, -142.57729584567414], [162.30626609459193, -141.7980558456641], [162.5019853233076, -140.68485584570624]]]}, "properties": {"id": 496, "height_m": 6.0, "levels": 2, "category": "residencial", "extrude": true, "manzana_id": 37}}, {"type": "Feature", "geometry": {"type": "Polygon", "coordinates": [[[162.59984493783924, -134.33961584551142], [154.7710757833032, -135.45281584546927], [155.65181231304507, -141.68673584554966], [156.53254884313463, -141.57541584543523], [162.5019853233076, -140.68485584570624], [163.38272185304947, -140.46221584547737], [162.59984493783924, -134.33961584551142]]]}, "properties": {"id": 497, "height_m": 9.0, "levels": 3, "category": "residencial", "extrude": true, "manzana_id": 37}}, {"type": "Feature", "geometry": {"type": "Polygon", "coordinates": [[[162.11054686552862, -130.44341584546117], [154.28177771099257, -131.66793584553346], [154.7710757833032, -135.45281584546927], [162.59984493783924, -134.33961584551142], [162.11054686552862, -130.44341584546117]]]}, "properties": {"id": 498, "height_m": 12.0, "levels": 4, "category": "residencial", "extrude": true, "manzana_id": 37}}, {"type": "Feature", "geometry": {"type": "Polygon", "coordinates": [[[166.3185102862178, -130.66605584569004], [162.2084064800603, -131.22265584547122], [162.89342378108654, -136.23205584547932], [168.17784296023322, -135.5641358455837], [167.59068527373864, -130.5547358455756], [166.3185102862178, -130.66605584569004]]]}, "properties": {"id": 499, "height_m": 9.0, "levels": 3, "category": "residencial", "extrude": true, "manzana_id": 37}}, {"type": "Feature", "geometry": {"type": "Polygon", "coordinates": [[[166.3185102862178, -130.66605584569004], [167.59068527373864, -130.5547358455756], [168.17784296023322, -135.5641358455837], [162.89342378108654, -136.23205584547932], [163.38272185304947, -140.46221584547737], [171.11363139340153, -139.46033584563395], [169.6457371768174, -126.32457584557756], [167.78640450245427, -126.54721584541093], [166.80780835818072, -126.65853584552536], [165.92707182843884, -126.7698558456398], [166.3185102862178, -130.66605584569004]]]}, "properties": {"id": 500, "height_m": 6.0, "levels": 2, "category": "residencial", "extrude": true, "manzana_id": 37}}, {"type": "Feature", "geometry": {"type": "Polygon", "coordinates": [[[173.7558409829749, -125.65665584568194], [169.84145640553302, -126.21325584546312], [169.6457371768174, -126.32457584557756], [170.7221929356226, -135.45281584546927], [173.85370059715888, -135.00753584540703], [173.07082368194864, -129.33021584550332], [174.24513905493782, -129.2188958453889], [173.7558409829749, -125.65665584568194]]]}, "properties": {"id": 501, "height_m": 9.0, "levels": 3, "category": "residencial", "extrude": true, "manzana_id": 37}}, {"type": "Feature", "geometry": {"type": "Polygon", "coordinates": [[[174.24513905493782, -129.2188958453889], [173.07082368194864, -129.33021584550332], [173.85370059715888, -135.00753584540703], [178.45310247562696, -134.45093584562585], [177.7680851746007, -128.77361584572213], [174.24513905493782, -129.2188958453889]]]}, "properties": {"id": 502, "height_m": 12.0, "levels": 4, "category": "residencial", "extrude": true, "manzana_id": 37}}, {"type": "Feature", "geometry": {"type": "Polygon", "coordinates": [[[173.85370059715888, -135.00753584540703], [170.7221929356226, -135.45281584546927], [171.11363139340153, -139.46033584563395], [179.04026016212157, -138.45845584539504], [178.45310247562696, -134.45093584562585], [173.85370059715888, -135.00753584540703]]]}, "properties": {"id": 503, "height_m": 6.0, "levels": 2, "category": "residencial", "extrude": true, "manzana_id": 37}}, {"type": "Feature", "geometry": {"type": "Polygon", "coordinates": [[[178.84454093340594, -124.98873584539083], [179.23597939118488, -127.77173584548322], [177.67022556006907, -127.99437584571209], [179.04026016212157, -138.45845584539504], [181.58461013751094, -138.12449584544723], [184.42253895579992, -137.679215845385], [183.83538126930532, -133.56037584550137], [180.6060139928897, -134.0056558455636], [179.43169861990052, -124.87741584567189], [178.84454093340594, -124.98873584539083]]]}, "properties": {"id": 504, "height_m": 6.0, "levels": 2, "category": "residencial", "extrude": true, "manzana_id": 37}}, {"type": "Feature", "geometry": {"type": "Polygon", "coordinates": [[[183.83538126930532, -133.56037584550137], [184.42253895579992, -137.679215845385], [181.58461013751094, -138.12449584544723], [181.78032936622657, -139.34901584551952], [185.89043317238406, -138.90373584545728], [184.52039857033157, -128.3283358456599], [183.24822358281074, -128.43965584537884], [183.83538126930532, -133.56037584550137]]]}, "properties": {"id": 505, "height_m": 3.0, "levels": 1, "category": "residencial", "extrude": true, "manzana_id": 37}}, {"type": "Feature", "geometry": {"type": "Polygon", "coordinates": [[[182.66106589596845, -124.43213584560965], [179.43169861990052, -124.87741584567189], [180.6060139928897, -134.0056558455636], [183.83538126930532, -133.56037584550137], [183.24822358281074, -128.43965584537884], [182.66106589596845, -124.43213584560965]]]}, "properties": {"id": 506, "height_m": 9.0, "levels": 3, "category": "residencial", "extrude": true, "manzana_id": 37}}, {"type": "Feature", "geometry": {"type": "Polygon", "coordinates": [[[172.77724483870134, -125.87929584551532], [172.3858063809224, -122.76233584547512], [169.3521583335701, -123.20761584553736], [169.84145640553302, -126.21325584546312], [172.77724483870134, -125.87929584551532]]]}, "properties": {"id": 507, "height_m": 3.0, "levels": 1, "category": "residencial", "extrude": true, "manzana_id": 37}}, {"type": "Feature", "geometry": {"type": "Polygon", "coordinates": [[[181.38889090844762, -114.52465584570788], [176.4959101870799, -115.1925758456035], [177.27878710229012, -120.64725584567384], [178.84454093340594, -120.42461584544498], [179.43169861990052, -124.87741584567189], [182.66106589596845, -124.43213584560965], [181.38889090844762, -114.52465584570788]]]}, "properties": {"id": 508, "height_m": 6.0, "levels": 2, "category": "residencial", "extrude": true, "manzana_id": 37}}, {"type": "Feature", "geometry": {"type": "Polygon", "coordinates": [[[176.4959101870799, -115.1925758456035], [169.45001794775408, -116.30577584556136], [168.37356218929654, -116.41709584567579], [169.3521583335701, -123.20761584553736], [172.3858063809224, -122.76233584547512], [172.77724483870134, -125.87929584551532], [177.27878710229012, -125.2113758456197], [178.84454093340594, -124.98873584539083], [179.43169861990052, -124.87741584567189], [178.84454093340594, -120.42461584544498], [177.27878710229012, -120.64725584567384], [176.4959101870799, -115.1925758456035]]]}, "properties": {"id": 509, "height_m": 9.0, "levels": 3, "category": "residencial", "extrude": true, "manzana_id": 37}}, {"type": "Feature", "geometry": {"type": "Polygon", "coordinates": [[[175.61517365699032, -104.95113584535844], [169.15643910450677, -105.95301584559735], [166.41636990040178, -106.39829584565959], [166.80780835818072, -109.51525584569978], [176.10447172930094, -108.06809584539863], [175.61517365699032, -104.95113584535844]]]}, "properties": {"id": 510, "height_m": 12.0, "levels": 4, "category": "residencial", "extrude": true, "manzana_id": 37}}, {"type": "Feature", "geometry": {"type": "Polygon", "coordinates": [[[181.09531206520032, -112.29825584539668], [181.9760485949422, -112.18693584567774], [181.09531206520032, -106.39829584565959], [180.41029476417407, -106.50961584537853], [181.09531206520032, -112.29825584539668]]]}, "properties": {"id": 511, "height_m": 3.0, "levels": 1, "category": "residencial", "extrude": true, "manzana_id": 37}}, {"type": "Feature", "geometry": {"type": "Polygon", "coordinates": [[[178.94240054758993, -104.50585584569168], [179.43169861990052, -107.62281584573188], [178.55096209015863, -107.73413584545082], [179.1381197766532, -111.63033584550107], [179.92099669221113, -111.40769584566769], [180.41029476417407, -114.63597584542683], [181.38889090844762, -114.52465584570788], [181.09531206520032, -112.29825584539668], [180.41029476417407, -106.50961584537853], [180.11671592092677, -104.28321584546282], [178.94240054758993, -104.50585584569168]]]}, "properties": {"id": 512, "height_m": 6.0, "levels": 2, "category": "residencial", "extrude": true, "manzana_id": 37}}, {"type": "Feature", "geometry": {"type": "Polygon", "coordinates": [[[175.61517365699032, -104.95113584535844], [176.10447172930094, -108.06809584539863], [166.80780835818072, -109.51525584569978], [166.90566797271237, -110.1831758455954], [169.74359679134903, -109.73789584553316], [170.13503524878033, -112.85485584557335], [167.39496604502298, -113.3001358456356], [167.6885448882703, -115.30389584571793], [167.88426411698592, -116.52841584539473], [168.37356218929654, -116.41709584567579], [169.45001794775408, -116.30577584556136], [180.41029476417407, -114.63597584542683], [179.92099669221113, -111.40769584566769], [179.1381197766532, -111.63033584550107], [178.55096209015863, -107.73413584545082], [179.43169861990052, -107.62281584573188], [178.94240054758993, -104.50585584569168], [175.61517365699032, -104.95113584535844]]]}, "properties": {"id": 513, "height_m": 9.0, "levels": 3, "category": "residencial", "extrude": true, "manzana_id": 37}}, {"type": "Feature", "geometry": {"type": "Polygon", "coordinates": [[[168.56928141801217, -95.93421584558115], [164.9484756841653, -96.49081584536233], [166.12279105715447, -105.28509584570173], [166.3185102862178, -106.39829584565959], [166.41636990040178, -106.39829584565959], [169.15643910450677, -105.95301584559735], [170.03717563459634, -105.84169584548292], [168.56928141801217, -95.93421584558115]]]}, "properties": {"id": 514, "height_m": 9.0, "levels": 3, "category": "residencial", "extrude": true, "manzana_id": 37}}, {"type": "Feature", "geometry": {"type": "Polygon", "coordinates": [[[179.1381197766532, -97.71533584543462], [176.10447172930094, -98.16061584549686], [176.59376980126387, -101.05493584570368], [179.5295582344322, -100.60965584564144], [179.1381197766532, -97.71533584543462]]]}, "properties": {"id": 515, "height_m": 9.0, "levels": 3, "category": "residencial", "extrude": true, "manzana_id": 37}}, {"type": "Feature", "geometry": {"type": "Polygon", "coordinates": [[[178.64882170434262, -94.26441584544662], [168.56928141801217, -95.93421584558115], [170.03717563459634, -105.84169584548292], [180.11671592092677, -104.28321584546282], [179.5295582344322, -100.60965584564144], [176.59376980126387, -101.05493584570368], [176.69162941579552, -101.61153584548487], [174.04941982622216, -102.0568158455471], [173.3644025251959, -98.04929584538243], [176.00661211476927, -97.60401584571568], [176.10447172930094, -98.16061584549686], [179.1381197766532, -97.71533584543462], [178.64882170434262, -94.26441584544662]]]}, "properties": {"id": 516, "height_m": 6.0, "levels": 2, "category": "residencial", "extrude": true, "manzana_id": 37}}, {"type": "Feature", "geometry": {"type": "Polygon", "coordinates": [[[163.96987953989174, -89.58897584538633], [164.45917761185467, -93.37385584571763], [175.51731404280633, -91.59273584546867], [176.00661211476927, -94.70969584550886], [179.43169861990052, -94.15309584572768], [178.55096209015863, -87.47389584558505], [178.45310247562696, -87.13993584563724], [163.96987953989174, -89.36633584555295], [163.96987953989174, -89.58897584538633]]]}, "properties": {"id": 517, "height_m": 6.0, "levels": 2, "category": "residencial", "extrude": true, "manzana_id": 37}}, {"type": "Feature", "geometry": {"type": "Polygon", "coordinates": [[[164.45917761185467, -93.37385584571763], [164.75275645510197, -95.60025584563334], [164.9484756841653, -96.49081584536233], [168.56928141801217, -95.93421584558115], [176.00661211476927, -94.70969584550886], [175.51731404280633, -91.59273584546867], [164.45917761185467, -93.37385584571763]]]}, "properties": {"id": 518, "height_m": 9.0, "levels": 3, "category": "residencial", "extrude": true, "manzana_id": 37}}, {"type": "Feature", "geometry": {"type": "Polygon", "coordinates": [[[152.22672580791382, -91.03613584568748], [149.78023544740378, -91.48141584535423], [150.3673931338984, -95.48893584551891], [156.23896999988733, -94.59837584539443], [156.04325077082405, -93.596495845551], [162.11054686552862, -92.70593584542652], [162.59984493783924, -95.93421584558115], [164.75275645510197, -95.60025584563334], [163.96987953989174, -89.36633584555295], [158.97903920364467, -90.145575845563], [152.22672580791382, -91.03613584568748]]]}, "properties": {"id": 519, "height_m": 6.0, "levels": 2, "category": "residencial", "extrude": true, "manzana_id": 37}}, {"type": "Feature", "geometry": {"type": "Polygon", "coordinates": [[[158.97903920364467, -90.145575845563], [158.8811795894607, -89.47765584566739], [152.12886619372983, -90.47953584551081], [152.22672580791382, -91.03613584568748], [158.97903920364467, -90.145575845563]]]}, "properties": {"id": 520, "height_m": 3.0, "levels": 1, "category": "residencial", "extrude": true, "manzana_id": 37}}, {"type": "Feature", "geometry": {"type": "Polygon", "coordinates": [[[162.59984493783924, -95.93421584558115], [162.11054686552862, -92.70593584542652], [156.04325077082405, -93.596495845551], [156.23896999988733, -94.59837584539443], [150.3673931338984, -95.48893584551891], [150.75883159167734, -97.71533584543462], [162.59984493783924, -95.93421584558115]]]}, "properties": {"id": 521, "height_m": 9.0, "levels": 3, "category": "residencial", "extrude": true, "manzana_id": 37}}, {"type": "Feature", "geometry": {"type": "Polygon", "coordinates": [[[156.434689228603, -96.93609584542457], [152.42244503697714, -97.49269584560125], [153.79247963902964, -107.0662158455552], [158.00044305937112, -106.50961584537853], [157.60900460159218, -103.94925584551501], [161.62124879356568, -103.39265584573383], [161.1319507212551, -100.1643758455792], [157.02184691509757, -100.83229584547482], [156.434689228603, -96.93609584542457]]]}, "properties": {"id": 522, "height_m": 6.0, "levels": 2, "category": "residencial", "extrude": true, "manzana_id": 37}}, {"type": "Feature", "geometry": {"type": "Polygon", "coordinates": [[[165.73135259937553, -102.72473584544272], [161.62124879356568, -103.39265584573383], [161.914827636813, -105.84169584548292], [166.12279105715447, -105.28509584570173], [165.73135259937553, -102.72473584544272]]]}, "properties": {"id": 523, "height_m": 6.0, "levels": 2, "category": "residencial", "extrude": true, "manzana_id": 37}}, {"type": "Feature", "geometry": {"type": "Polygon", "coordinates": [[[165.33991414194423, -99.49645584568358], [164.9484756841653, -96.49081584536233], [164.75275645510197, -95.60025584563334], [160.44693342022885, -96.26817584552896], [161.1319507212551, -100.1643758455792], [165.33991414194423, -99.49645584568358]]]}, "properties": {"id": 524, "height_m": 6.0, "levels": 2, "category": "residencial", "extrude": true, "manzana_id": 37}}, {"type": "Feature", "geometry": {"type": "Polygon", "coordinates": [[[161.62124879356568, -103.39265584573383], [157.60900460159218, -103.94925584551501], [158.00044305937112, -106.50961584537853], [161.914827636813, -105.84169584548292], [161.62124879356568, -103.39265584573383]]]}, "properties": {"id": 525, "height_m": 9.0, "levels": 3, "category": "residencial", "extrude": true, "manzana_id": 37}}, {"type": "Feature", "geometry": {"type": "Polygon", "coordinates": [[[160.44693342022885, -96.26817584552896], [156.434689228603, -96.93609584542457], [157.02184691509757, -100.83229584547482], [161.1319507212551, -100.1643758455792], [160.44693342022885, -96.26817584552896]]]}, "properties": {"id": 526, "height_m": 9.0, "levels": 3, "category": "residencial", "extrude": true, "manzana_id": 37}}, {"type": "Feature", "geometry": {"type": "Polygon", "coordinates": [[[155.0646546265505, -106.95489584544077], [154.08605848227694, -107.0662158455552], [151.7374277359509, -107.40017584550301], [152.81388349475608, -115.41521584543688], [156.04325077082405, -114.85861584565569], [155.0646546265505, -106.95489584544077]]]}, "properties": {"id": 527, "height_m": 6.0, "levels": 2, "category": "residencial", "extrude": true, "manzana_id": 37}}, {"type": "Feature", "geometry": {"type": "Polygon", "coordinates": [[[155.0646546265505, -106.95489584544077], [156.04325077082405, -114.85861584565569], [152.81388349475608, -115.41521584543688], [153.20532195253506, -117.53029584563365], [155.55395269886108, -117.19633584568584], [167.6885448882703, -115.30389584571793], [166.41636990040178, -106.39829584565959], [166.3185102862178, -106.39829584565959], [166.12279105715447, -105.28509584570173], [157.21756614416088, -106.62093584549297], [155.0646546265505, -106.95489584544077]]]}, "properties": {"id": 528, "height_m": 9.0, "levels": 3, "category": "residencial", "extrude": true, "manzana_id": 37}}, {"type": "Feature", "geometry": {"type": "Polygon", "coordinates": [[[166.12279105715447, -115.52653584555131], [155.55395269886108, -117.19633584568584], [156.33682961407132, -122.76233584547512], [156.7282680718503, -125.99061584562975], [160.25121419151318, -125.54533584556751], [160.05549496244987, -123.87553584543298], [167.19924681595967, -122.76233584547512], [166.12279105715447, -115.52653584555131]]]}, "properties": {"id": 529, "height_m": 6.0, "levels": 2, "category": "residencial", "extrude": true, "manzana_id": 37}}, {"type": "Feature", "geometry": {"type": "Polygon", "coordinates": [[[167.19924681595967, -122.76233584547512], [160.05549496244987, -123.87553584543298], [160.25121419151318, -125.54533584556751], [156.7282680718503, -125.99061584562975], [157.02184691509757, -128.10569584543103], [161.71910840774967, -127.43777584553541], [161.914827636813, -127.32645584542098], [166.80780835818072, -126.65853584552536], [167.78640450245427, -126.54721584541093], [167.19924681595967, -122.76233584547512]]]}, "properties": {"id": 530, "height_m": 9.0, "levels": 3, "category": "residencial", "extrude": true, "manzana_id": 37}}, {"type": "Feature", "geometry": {"type": "Polygon", "coordinates": [[[156.33682961407132, -122.76233584547512], [155.65181231304507, -122.87365584558955], [156.1411103853557, -126.10193584534869], [156.7282680718503, -125.99061584562975], [156.33682961407132, -122.76233584547512]]]}, "properties": {"id": 531, "height_m": 3.0, "levels": 1, "category": "residencial", "extrude": true, "manzana_id": 37}}, {"type": "Feature", "geometry": {"type": "Polygon", "coordinates": [[[126.00034914054835, -122.42837584552731], [122.5752626354171, -122.87365584558955], [124.04315685200126, -132.55849584565794], [127.46824335713251, -132.1132158455957], [127.17466451353755, -129.99813584539893], [129.2297164166163, -129.66417584545113], [129.62115487439524, -131.7792558456479], [134.02483752380004, -131.22265584547122], [132.55694330756356, -121.53781584540283], [128.15326065815876, -122.0944158455795], [128.44683950140606, -124.09817584566184], [126.29392798379565, -124.43213584560965], [126.00034914054835, -122.42837584552731]]]}, "properties": {"id": 532, "height_m": 9.0, "levels": 3, "category": "residencial", "extrude": true, "manzana_id": 37}}, {"type": "Feature", "geometry": {"type": "Polygon", "coordinates": [[[134.7098548248263, -121.20385584545502], [132.55694330756356, -121.53781584540283], [134.02483752380004, -131.22265584547122], [136.17774904141044, -130.88869584552342], [134.7098548248263, -121.20385584545502]]]}, "properties": {"id": 533, "height_m": 6.0, "levels": 2, "category": "residencial", "extrude": true, "manzana_id": 37}}, {"type": "Feature", "geometry": {"type": "Polygon", "coordinates": [[[129.62115487439524, -131.7792558456479], [129.2297164166163, -129.66417584545113], [127.17466451353755, -129.99813584539893], [127.46824335713251, -132.1132158455957], [129.62115487439524, -131.7792558456479]]]}, "properties": {"id": 534, "height_m": 3.0, "levels": 1, "category": "residencial", "extrude": true, "manzana_id": 37}}, {"type": "Feature", "geometry": {"type": "Polygon", "coordinates": [[[128.15326065815876, -122.0944158455795], [126.00034914054835, -122.42837584552731], [126.29392798379565, -124.43213584560965], [128.44683950140606, -124.09817584566184], [128.15326065815876, -122.0944158455795]]]}, "properties": {"id": 535, "height_m": 3.0, "levels": 1, "category": "residencial", "extrude": true, "manzana_id": 37}}, {"type": "Feature", "geometry": {"type": "Polygon", "coordinates": [[[132.1655048497846, -103.2813358456194], [130.8933298619161, -94.37573584556105], [115.72508962515461, -97.047415845539], [116.11652808293356, -98.93985584550691], [128.936137573369, -96.93609584542457], [129.91473371764255, -103.6152958455672], [132.1655048497846, -103.2813358456194]]]}, "properties": {"id": 536, "height_m": 3.0, "levels": 1, "category": "residencial", "extrude": true, "manzana_id": 37}}, {"type": "Feature", "geometry": {"type": "Polygon", "coordinates": [[[132.1655048497846, -103.2813358456194], [129.91473371764255, -103.6152958455672], [130.5997510186688, -107.95677584567969], [131.18690870551106, -112.29825584539668], [131.8719260065373, -116.97369584545697], [132.55694330756356, -121.53781584540283], [134.7098548248263, -121.20385584545502], [132.1655048497846, -103.2813358456194]]]}, "properties": {"id": 537, "height_m": 3.0, "levels": 1, "category": "residencial", "extrude": true, "manzana_id": 37}}, {"type": "Feature", "geometry": {"type": "Polygon", "coordinates": [[[131.8719260065373, -116.97369584545697], [121.7923857198592, -118.3095358456437], [122.5752626354171, -122.87365584558955], [132.55694330756356, -121.53781584540283], [131.8719260065373, -116.97369584545697]]]}, "properties": {"id": 538, "height_m": 6.0, "levels": 2, "category": "residencial", "extrude": true, "manzana_id": 37}}, {"type": "Feature", "geometry": {"type": "Polygon", "coordinates": [[[131.18690870551106, -112.29825584539668], [130.40403178995317, -112.52089584562555], [121.10736841883295, -113.85673584541678], [121.7923857198592, -118.3095358456437], [131.8719260065373, -116.97369584545697], [131.18690870551106, -112.29825584539668]]]}, "properties": {"id": 539, "height_m": 6.0, "levels": 2, "category": "residencial", "extrude": true, "manzana_id": 37}}, {"type": "Feature", "geometry": {"type": "Polygon", "coordinates": [[[130.5997510186688, -107.95677584567969], [120.32449150362271, -109.40393584558535], [121.10736841883295, -113.85673584541678], [130.40403178995317, -112.52089584562555], [131.18690870551106, -112.29825584539668], [130.5997510186688, -107.95677584567969]]]}, "properties": {"id": 540, "height_m": 6.0, "levels": 2, "category": "residencial", "extrude": true, "manzana_id": 37}}, {"type": "Feature", "geometry": {"type": "Polygon", "coordinates": [[[129.91473371764255, -103.6152958455672], [119.63947420259646, -105.06245584547287], [120.32449150362271, -109.40393584558535], [130.5997510186688, -107.95677584567969], [129.91473371764255, -103.6152958455672]]]}, "properties": {"id": 541, "height_m": 6.0, "levels": 2, "category": "residencial", "extrude": true, "manzana_id": 37}}, {"type": "Feature", "geometry": {"type": "Polygon", "coordinates": [[[119.63947420259646, -105.06245584547287], [117.19298384173877, -105.50773584553511], [119.0523165157542, -116.41709584567579], [120.22663188909105, -123.20761584553736], [122.5752626354171, -122.87365584558955], [121.7923857198592, -118.3095358456437], [121.10736841883295, -113.85673584541678], [120.32449150362271, -109.40393584558535], [119.63947420259646, -105.06245584547287]]]}, "properties": {"id": 542, "height_m": 3.0, "levels": 1, "category": "residencial", "extrude": true, "manzana_id": 37}}, {"type": "Feature", "geometry": {"type": "Polygon", "coordinates": [[[129.91473371764255, -103.6152958455672], [128.936137573369, -96.93609584542457], [116.11652808293356, -98.93985584550691], [117.19298384173877, -105.50773584553511], [119.63947420259646, -105.06245584547287], [129.91473371764255, -103.6152958455672]]]}, "properties": {"id": 543, "height_m": 6.0, "levels": 2, "category": "residencial", "extrude": true, "manzana_id": 37}}, {"type": "Feature", "geometry": {"type": "Polygon", "coordinates": [[[133.8291182950844, -95.1549758455711], [138.0370817154259, -94.59837584539443], [137.4499240289313, -90.59085584562524], [137.156345185684, -90.59085584562524], [133.2419606085898, -91.14745584540643], [133.8291182950844, -95.1549758455711]]]}, "properties": {"id": 544, "height_m": 3.0, "levels": 1, "category": "residencial", "extrude": true, "manzana_id": 37}}, {"type": "Feature", "geometry": {"type": "Polygon", "coordinates": [[[165.33991414194423, 146.74338415432786], [164.36131799767068, 146.52074415449448], [165.14419491288092, 140.84342415459076], [166.12279105715447, 140.9547441543097], [165.33991414194423, 146.74338415432786]]]}, "properties": {"id": 545, "height_m": 3.0, "levels": 1, "category": "residencial", "extrude": true, "manzana_id": 45}}, {"type": "Feature", "geometry": {"type": "Polygon", "coordinates": [[[184.12896011255262, 126.48314415446208], [180.21457553545844, 125.92654415428541], [180.6060139928897, 122.92090415435965], [180.6060139928897, 122.58694415441184], [184.61825818486324, 123.14354415458851], [184.52039857033157, 123.81146415448413], [184.12896011255262, 126.48314415446208]]]}, "properties": {"id": 547, "height_m": 3.0, "levels": 1, "category": "residencial", "extrude": true, "manzana_id": 45}}, {"type": "Feature", "geometry": {"type": "Polygon", "coordinates": [[[181.78032936622657, 114.3492641546446], [182.36748705272117, 110.11910415464655], [179.04026016212157, 109.56250415446988], [179.5295582344322, 106.33422415431525], [182.85678512503176, 106.77950415437749], [183.34608319699473, 102.7719841546083], [187.35832738896823, 103.32858415438949], [187.16260815990492, 104.66442415457621], [185.59685432913676, 115.5737841543214], [185.3032754858895, 118.24546415429936], [182.75892551050012, 117.91150415435155], [181.29103129391595, 117.68886415451817], [181.78032936622657, 114.3492641546446]]]}, "properties": {"id": 548, "height_m": 3.0, "levels": 1, "category": "residencial", "extrude": true, "manzana_id": 45}}, {"type": "Feature", "geometry": {"type": "Polygon", "coordinates": [[[179.62741784861618, 130.04538415456452], [179.1381197766532, 133.3849841544381], [175.4194544282747, 132.8283841542614], [175.90875250023763, 129.48878415438784], [179.62741784861618, 130.04538415456452]]]}, "properties": {"id": 549, "height_m": 3.0, "levels": 1, "category": "residencial", "extrude": true, "manzana_id": 45}}, {"type": "Feature", "geometry": {"type": "Polygon", "coordinates": [[[170.91791216433822, 106.89082415449192], [169.93931602006467, 106.77950415437749], [170.7221929356226, 100.99086415435934], [177.86594478913239, 101.99274415459826], [177.37664671682177, 105.66630415441963], [171.21149100758552, 104.77574415429515], [170.91791216433822, 106.89082415449192]]]}, "properties": {"id": 550, "height_m": 3.0, "levels": 1, "category": "residencial", "extrude": true, "manzana_id": 45}}, {"type": "Feature", "geometry": {"type": "Polygon", "coordinates": [[[181.78032936622657, 114.3492641546446], [174.44085828400114, 113.34738415440569], [173.85370059715888, 117.1322641543415], [169.54787756228572, 116.46434415444588], [170.91791216433822, 106.89082415449192], [171.21149100758552, 104.77574415429515], [177.37664671682177, 105.66630415441963], [177.86594478913239, 101.99274415459826], [183.34608319699473, 102.7719841546083], [182.85678512503176, 106.77950415437749], [179.5295582344322, 106.33422415431525], [179.04026016212157, 109.56250415446988], [182.36748705272117, 110.11910415464655], [181.78032936622657, 114.3492641546446]]]}, "properties": {"id": 551, "height_m": 6.0, "levels": 2, "category": "residencial", "extrude": true, "manzana_id": 45}}, {"type": "Feature", "geometry": {"type": "Polygon", "coordinates": [[[180.6060139928897, 122.58694415441184], [180.8995928364847, 120.80582415455837], [173.7558409829749, 119.80394415431945], [173.85370059715888, 119.13602415442384], [169.25429871903842, 118.46810415452822], [169.54787756228572, 116.46434415444588], [173.85370059715888, 117.1322641543415], [174.44085828400114, 113.34738415440569], [181.78032936622657, 114.3492641546446], [181.29103129391595, 117.68886415451817], [182.75892551050012, 117.91150415435155], [185.3032754858895, 118.24546415429936], [185.10755625682617, 119.13602415442384], [184.61825818486324, 123.14354415458851], [180.6060139928897, 122.58694415441184]]]}, "properties": {"id": 552, "height_m": 9.0, "levels": 3, "category": "residencial", "extrude": true, "manzana_id": 45}}, {"type": "Feature", "geometry": {"type": "Polygon", "coordinates": [[[168.2757025747649, 118.35678415441379], [167.29710643049134, 118.24546415429936], [167.59068527373864, 116.2417041546125], [169.54787756228572, 116.46434415444588], [169.25429871903842, 118.46810415452822], [168.2757025747649, 118.35678415441379]]]}, "properties": {"id": 553, "height_m": 3.0, "levels": 1, "category": "residencial", "extrude": true, "manzana_id": 45}}, {"type": "Feature", "geometry": {"type": "Polygon", "coordinates": [[[167.6885448882703, 129.93406415445008], [166.70994874399673, 129.93406415445008], [168.2757025747649, 118.35678415441379], [169.25429871903842, 118.46810415452822], [167.6885448882703, 129.93406415445008]]]}, "properties": {"id": 554, "height_m": 3.0, "levels": 1, "category": "residencial", "extrude": true, "manzana_id": 45}}, {"type": "Feature", "geometry": {"type": "Polygon", "coordinates": [[[184.12896011255262, 126.48314415446208], [184.03110049802098, 127.37370415458656], [182.46534666725282, 138.3943841544462], [180.80173322195301, 150.08298415459691], [165.33991414194423, 146.74338415432786], [166.12279105715447, 140.9547441543097], [167.6885448882703, 129.93406415445008], [169.25429871903842, 118.46810415452822], [173.85370059715888, 119.13602415442384], [173.7558409829749, 119.80394415431945], [180.8995928364847, 120.80582415455837], [180.6060139928897, 122.58694415441184], [180.6060139928897, 122.92090415435965], [180.21457553545844, 125.92654415428541], [184.12896011255262, 126.48314415446208]]]}, "properties": {"id": 555, "height_m": 6.0, "levels": 2, "category": "residencial", "extrude": true, "manzana_id": 45}}, {"type": "Feature", "geometry": {"type": "Polygon", "coordinates": [[[124.63031453849585, 134.49818415439594], [111.0278281325025, 132.60574415442804], [112.59358196361832, 122.1416641543496], [126.09820875508001, 124.0341041543175], [124.63031453849585, 134.49818415439594]]]}, "properties": {"id": 556, "height_m": 6.0, "levels": 2, "category": "residencial", "extrude": true, "manzana_id": 40}}, {"type": "Feature", "geometry": {"type": "Polygon", "coordinates": [[[129.91473371764255, 130.6019841543457], [127.2725241280692, 130.2680241543979], [128.15326065815876, 124.25674415454637], [130.7954702477321, 124.70202415460861], [129.91473371764255, 130.6019841543457]]]}, "properties": {"id": 557, "height_m": 3.0, "levels": 1, "category": "residencial", "extrude": true, "manzana_id": 40}}, {"type": "Feature", "geometry": {"type": "Polygon", "coordinates": [[[118.46515882925961, 131.49254415447018], [113.18073965011291, 130.6019841543457], [113.96361656567082, 125.48126415461866], [118.95445690157021, 126.14918415451427], [118.7587376725069, 127.70766415453437], [120.81378957558564, 128.04162415448218], [120.52021073233836, 130.49066415462676], [118.66087805832291, 130.15670415428346], [118.46515882925961, 131.49254415447018]]]}, "properties": {"id": 558, "height_m": 9.0, "levels": 3, "category": "residencial", "extrude": true, "manzana_id": 40}}, {"type": "Feature", "geometry": {"type": "Polygon", "coordinates": [[[125.8046299118327, 123.92278415459856], [112.59358196361832, 122.1416641543496], [113.18073965011291, 117.8001841546326], [114.35505502310211, 117.91150415435155], [114.94221270994437, 113.79266415446793], [121.30308764789626, 114.68322415459241], [120.81378957558564, 118.35678415441379], [124.4345953097802, 118.91338415459046], [124.92389338174316, 115.2398241543736], [126.9789452848219, 115.5737841543214], [125.8046299118327, 123.92278415459856]]]}, "properties": {"id": 559, "height_m": 6.0, "levels": 2, "category": "residencial", "extrude": true, "manzana_id": 40}}, {"type": "Feature", "geometry": {"type": "Polygon", "coordinates": [[[124.92389338174316, 115.2398241543736], [124.4345953097802, 118.91338415459046], [120.81378957558564, 118.35678415441379], [121.30308764789626, 114.68322415459241], [124.92389338174316, 115.2398241543736]]]}, "properties": {"id": 560, "height_m": 9.0, "levels": 3, "category": "residencial", "extrude": true, "manzana_id": 40}}, {"type": "Feature", "geometry": {"type": "Polygon", "coordinates": [[[114.94221270994437, 113.79266415446793], [115.52937039643896, 110.11910415464655], [114.25719540891812, 109.89646415441769], [114.84435309541271, 105.77762415453407], [128.0554010436271, 107.89270415433535], [126.9789452848219, 115.5737841543214], [124.92389338174316, 115.2398241543736], [125.41319145405376, 111.45494415443778], [121.7923857198592, 110.89834415426111], [121.30308764789626, 114.68322415459241], [114.94221270994437, 113.79266415446793]]]}, "properties": {"id": 561, "height_m": 6.0, "levels": 2, "category": "residencial", "extrude": true, "manzana_id": 40}}, {"type": "Feature", "geometry": {"type": "Polygon", "coordinates": [[[132.4590836930319, 112.23418415444783], [129.91473371764255, 111.78890415438559], [130.5018914044848, 108.22666415428316], [132.94838176499485, 108.56062415462645], [132.4590836930319, 112.23418415444783]]]}, "properties": {"id": 562, "height_m": 3.0, "levels": 1, "category": "residencial", "extrude": true, "manzana_id": 40}}, {"type": "Feature", "geometry": {"type": "Polygon", "coordinates": [[[124.92389338174316, 115.2398241543736], [121.30308764789626, 114.68322415459241], [121.7923857198592, 110.89834415426111], [125.41319145405376, 111.45494415443778], [124.92389338174316, 115.2398241543736]]]}, "properties": {"id": 563, "height_m": 9.0, "levels": 3, "category": "residencial", "extrude": true, "manzana_id": 40}}, {"type": "Feature", "geometry": {"type": "Polygon", "coordinates": [[[126.6853664415746, 107.67006415450197], [114.84435309541271, 105.77762415453407], [115.82294923968625, 99.87766415440149], [122.08596456345417, 100.8795441546404], [122.37954340670146, 99.09842415439144], [134.02483752380004, 100.8795441546404], [134.02483752380004, 100.8795441546404], [132.94838176499485, 108.44930415451202], [132.94838176499485, 108.56062415462645], [130.5997510186688, 108.22666415428316], [131.18690870551106, 104.10782415439954], [127.37038374260085, 103.55122415461835], [126.6853664415746, 107.67006415450197]]]}, "properties": {"id": 564, "height_m": 6.0, "levels": 2, "category": "residencial", "extrude": true, "manzana_id": 40}}, {"type": "Feature", "geometry": {"type": "Polygon", "coordinates": [[[130.5997510186688, 108.22666415428316], [126.6853664415746, 107.67006415450197], [127.37038374260085, 103.55122415461835], [131.18690870551106, 104.10782415439954], [130.5997510186688, 108.22666415428316]]]}, "properties": {"id": 565, "height_m": 3.0, "levels": 1, "category": "residencial", "extrude": true, "manzana_id": 40}}, {"type": "Feature", "geometry": {"type": "Polygon", "coordinates": [[[122.37954340670146, 99.09842415439144], [122.08596456345417, 100.8795441546404], [115.82294923968625, 99.87766415440149], [116.11652808293356, 98.09654415454801], [122.37954340670146, 99.09842415439144]]]}, "properties": {"id": 566, "height_m": 9.0, "levels": 3, "category": "residencial", "extrude": true, "manzana_id": 40}}, {"type": "Feature", "geometry": {"type": "Polygon", "coordinates": [[[116.0186684684019, 96.20410415458011], [115.52937039643896, 96.09278415446568], [115.33365116737565, 95.09090415462225], [115.4315107819073, 94.08902415438334], [115.72508962515461, 93.19846415465435], [116.11652808293356, 92.30790415452987], [116.60582615524416, 92.4192241546443], [116.21438769746521, 95.09090415462225], [116.0186684684019, 96.20410415458011]]]}, "properties": {"id": 567, "height_m": 3.0, "levels": 1, "category": "residencial", "extrude": true, "manzana_id": 40}}, {"type": "Feature", "geometry": {"type": "Polygon", "coordinates": [[[134.7098548248263, 95.98146415435124], [131.77406639200566, 95.536184154289], [132.1655048497846, 92.64186415447767], [135.10129328260524, 93.08714415453991], [134.7098548248263, 95.98146415435124]]]}, "properties": {"id": 568, "height_m": 9.0, "levels": 3, "category": "residencial", "extrude": true, "manzana_id": 40}}, {"type": "Feature", "geometry": {"type": "Polygon", "coordinates": [[[131.08904909097942, 100.43426415457816], [122.08596456345417, 99.09842415439144], [123.1624203219117, 91.30602415429095], [132.1655048497846, 92.64186415447767], [131.77406639200566, 95.536184154289], [131.08904909097942, 100.43426415457816]]]}, "properties": {"id": 569, "height_m": 12.0, "levels": 4, "category": "residencial", "extrude": true, "manzana_id": 40}}, {"type": "Feature", "geometry": {"type": "Polygon", "coordinates": [[[121.69452610567521, 98.987104154277], [122.08596456345417, 95.98146415435124], [116.21438769746521, 95.09090415462225], [116.60582615524416, 92.4192241546443], [116.89940499849146, 90.41546415456196], [123.1624203219117, 91.30602415429095], [122.08596456345417, 99.09842415439144], [121.69452610567521, 98.987104154277]]]}, "properties": {"id": 570, "height_m": 9.0, "levels": 3, "category": "residencial", "extrude": true, "manzana_id": 40}}, {"type": "Feature", "geometry": {"type": "Polygon", "coordinates": [[[121.69452610567521, 98.987104154277], [115.82294923968625, 98.09654415454801], [116.0186684684019, 96.20410415458011], [116.21438769746521, 95.09090415462225], [122.08596456345417, 95.98146415435124], [121.69452610567521, 98.987104154277]]]}, "properties": {"id": 571, "height_m": 6.0, "levels": 2, "category": "residencial", "extrude": true, "manzana_id": 40}}, {"type": "Feature", "geometry": {"type": "Polygon", "coordinates": [[[116.41010692618086, 90.30414415444753], [116.60582615524416, 88.41170415447962], [117.19298384173877, 84.73814415426276], [117.58442229951771, 82.51174415434704], [118.07372037148065, 82.62306415446147], [136.17774904141044, 85.40606415455386], [135.10129328260524, 93.08714415453991], [116.8015453839598, 90.41546415456196], [116.41010692618086, 90.30414415444753]]]}, "properties": {"id": 572, "height_m": 6.0, "levels": 2, "category": "residencial", "extrude": true, "manzana_id": 40}}, {"type": "Feature", "geometry": {"type": "Polygon", "coordinates": [[[116.60582615524416, 88.41170415447962], [115.52937039643896, 88.18906415464625], [116.11652808293356, 84.51550415442938], [117.19298384173877, 84.73814415426276], [116.60582615524416, 88.41170415447962]]]}, "properties": {"id": 573, "height_m": 3.0, "levels": 1, "category": "residencial", "extrude": true, "manzana_id": 40}}, {"type": "Feature", "geometry": {"type": "Polygon", "coordinates": [[[124.14101646618525, 83.51362415458595], [118.07372037148065, 82.62306415446147], [119.24803574481751, 75.05330415458985], [121.69452610567521, 75.38726415453766], [121.2052280333646, 78.83818415452566], [124.8260337672115, 79.39478415430685], [124.14101646618525, 83.51362415458595]]]}, "properties": {"id": 574, "height_m": 6.0, "levels": 2, "category": "residencial", "extrude": true, "manzana_id": 40}}, {"type": "Feature", "geometry": {"type": "Polygon", "coordinates": [[[131.3826279342267, 84.62682415454381], [126.00034914054835, 83.84758415453376], [127.17466451353755, 76.27782415426665], [132.55694330756356, 77.0570641542767], [131.3826279342267, 84.62682415454381]]]}, "properties": {"id": 575, "height_m": 6.0, "levels": 2, "category": "residencial", "extrude": true, "manzana_id": 40}}, {"type": "Feature", "geometry": {"type": "Polygon", "coordinates": [[[124.14101646618525, 83.51362415458595], [124.8260337672115, 79.39478415430685], [121.2052280333646, 78.83818415452566], [121.69452610567521, 75.38726415453766], [127.17466451353755, 76.27782415426665], [126.00034914054835, 83.84758415453376], [124.14101646618525, 83.51362415458595]]]}, "properties": {"id": 576, "height_m": 9.0, "levels": 3, "category": "residencial", "extrude": true, "manzana_id": 40}}, {"type": "Feature", "geometry": {"type": "Polygon", "coordinates": [[[123.55385877969066, 75.72122415448547], [119.24803574481751, 75.05330415458985], [120.61807034687001, 66.92694415454156], [124.8260337672115, 67.48354415432274], [124.33673569524855, 70.60050415436294], [123.55385877969066, 75.72122415448547]]]}, "properties": {"id": 577, "height_m": 6.0, "levels": 2, "category": "residencial", "extrude": true, "manzana_id": 40}}, {"type": "Feature", "geometry": {"type": "Polygon", "coordinates": [[[132.55694330756356, 77.0570641542767], [127.17466451353755, 76.27782415426665], [128.0554010436271, 71.04578415442518], [128.54469911559005, 67.92882415438498], [133.73125868055274, 68.70806415439503], [132.55694330756356, 77.0570641542767]]]}, "properties": {"id": 578, "height_m": 6.0, "levels": 2, "category": "residencial", "extrude": true, "manzana_id": 40}}, {"type": "Feature", "geometry": {"type": "Polygon", "coordinates": [[[127.17466451353755, 76.27782415426665], [123.55385877969066, 75.72122415448547], [124.33673569524855, 70.60050415436294], [128.0554010436271, 71.04578415442518], [127.17466451353755, 76.27782415426665]]]}, "properties": {"id": 579, "height_m": 9.0, "levels": 3, "category": "residencial", "extrude": true, "manzana_id": 40}}, {"type": "Feature", "geometry": {"type": "Polygon", "coordinates": [[[121.30308764789626, 66.92694415454156], [120.4223511178067, 65.8137441545837], [121.2052280333646, 59.691144154617746], [122.37954340670146, 58.800584154493265], [122.08596456345417, 60.69302415446117], [122.08596456345417, 61.13830415452341], [121.30308764789626, 66.92694415454156]]]}, "properties": {"id": 580, "height_m": 3.0, "levels": 1, "category": "residencial", "extrude": true, "manzana_id": 40}}, {"type": "Feature", "geometry": {"type": "Polygon", "coordinates": [[[139.1135374742311, 65.36846415452146], [136.8627663424367, 65.03450415457365], [137.4499240289313, 60.91566415429455], [139.79855477525734, 61.24962415463784], [139.1135374742311, 65.36846415452146]]]}, "properties": {"id": 581, "height_m": 6.0, "levels": 2, "category": "residencial", "extrude": true, "manzana_id": 40}}, {"type": "Feature", "geometry": {"type": "Polygon", "coordinates": [[[136.8627663424367, 65.03450415457365], [134.22055675286336, 64.58922415451141], [134.51413559611066, 62.80810415426245], [134.80771443935794, 60.58170415434674], [137.4499240289313, 60.91566415429455], [136.8627663424367, 65.03450415457365]]]}, "properties": {"id": 582, "height_m": 3.0, "levels": 1, "category": "residencial", "extrude": true, "manzana_id": 40}}, {"type": "Feature", "geometry": {"type": "Polygon", "coordinates": [[[131.08904909097942, 64.36658415428255], [130.99118947644774, 64.36658415428255], [131.18690870551106, 62.3628241545957], [131.28476831969505, 62.3628241545957], [132.55694330756356, 62.474144154314644], [133.3398202227738, 62.585464154429076], [133.0462413795265, 64.58922415451141], [131.08904909097942, 64.36658415428255]]]}, "properties": {"id": 583, "height_m": 9.0, "levels": 3, "category": "residencial", "extrude": true, "manzana_id": 40}}, {"type": "Feature", "geometry": {"type": "Polygon", "coordinates": [[[133.6333990660211, 68.70806415439503], [130.40403178995317, 68.26278415433279], [130.99118947644774, 64.36658415428255], [131.08904909097942, 64.36658415428255], [133.0462413795265, 64.58922415451141], [133.3398202227738, 62.585464154429076], [132.55694330756356, 62.474144154314644], [132.85052215081086, 60.24774415439893], [134.80771443935794, 60.58170415434674], [134.51413559611066, 62.80810415426245], [134.22055675286336, 64.58922415451141], [133.6333990660211, 68.70806415439503]]]}, "properties": {"id": 584, "height_m": 6.0, "levels": 2, "category": "residencial", "extrude": true, "manzana_id": 40}}, {"type": "Feature", "geometry": {"type": "Polygon", "coordinates": [[[130.99118947644774, 64.36658415428255], [129.03399718790064, 64.03262415433474], [129.32757603114794, 62.140184154366835], [131.18690870551106, 62.3628241545957], [130.99118947644774, 64.36658415428255]]]}, "properties": {"id": 585, "height_m": 12.0, "levels": 4, "category": "residencial", "extrude": true, "manzana_id": 40}}, {"type": "Feature", "geometry": {"type": "Polygon", "coordinates": [[[129.62115487439524, 59.80246415433669], [129.32757603114794, 62.02886415464789], [126.4896472125113, 61.694904154304595], [126.78322605610626, 59.46850415438888], [129.62115487439524, 59.80246415433669]]]}, "properties": {"id": 586, "height_m": 6.0, "levels": 2, "category": "residencial", "extrude": true, "manzana_id": 40}}, {"type": "Feature", "geometry": {"type": "Polygon", "coordinates": [[[124.4345953097802, 67.3722241546038], [125.21747222499044, 61.47226415447122], [122.08596456345417, 61.13830415452341], [122.08596456345417, 60.69302415446117], [122.37954340670146, 58.800584154493265], [126.78322605610626, 59.46850415438888], [126.4896472125113, 61.694904154304595], [129.32757603114794, 62.02886415464789], [129.62115487439524, 59.80246415433669], [132.85052215081086, 60.24774415439893], [132.55694330756356, 62.474144154314644], [131.28476831969505, 62.3628241545957], [131.18690870551106, 62.3628241545957], [129.32757603114794, 62.140184154366835], [129.03399718790064, 64.03262415433474], [130.99118947644774, 64.36658415428255], [130.40403178995317, 68.26278415433279], [124.4345953097802, 67.3722241546038]]]}, "properties": {"id": 587, "height_m": 9.0, "levels": 3, "category": "residencial", "extrude": true, "manzana_id": 40}}, {"type": "Feature", "geometry": {"type": "Polygon", "coordinates": [[[124.4345953097802, 67.3722241546038], [121.30308764789626, 66.92694415454156], [122.08596456345417, 61.13830415452341], [125.21747222499044, 61.47226415447122], [124.4345953097802, 67.3722241546038]]]}, "properties": {"id": 588, "height_m": 6.0, "levels": 2, "category": "residencial", "extrude": true, "manzana_id": 40}}, {"type": "Feature", "geometry": {"type": "Polygon", "coordinates": [[[134.9055740538896, 60.58170415434674], [121.89024533439085, 58.800584154493265], [124.14101646618525, 42.77050415462554], [137.35206441439965, 44.66294415459345], [136.0798894268788, 52.67798415452731], [135.7863105836315, 54.681744154609646], [134.9055740538896, 60.58170415434674]]]}, "properties": {"id": 589, "height_m": 6.0, "levels": 2, "category": "residencial", "extrude": true, "manzana_id": 40}}, {"type": "Feature", "geometry": {"type": "Polygon", "coordinates": [[[140.58143169081524, 55.460984154619695], [135.7863105836315, 54.681744154609646], [136.0798894268788, 52.67798415452731], [140.9728701485942, 53.45722415453736], [140.58143169081524, 55.460984154619695]]]}, "properties": {"id": 590, "height_m": 3.0, "levels": 1, "category": "residencial", "extrude": true, "manzana_id": 40}}, {"type": "Feature", "geometry": {"type": "Polygon", "coordinates": [[[127.66396258584815, 47.3346241545714], [132.06764523525294, 48.11386415458145], [131.3826279342267, 53.345904154422925], [126.88108567029025, 52.56666415441288], [127.66396258584815, 47.3346241545714]]]}, "properties": {"id": 591, "height_m": 9.0, "levels": 3, "category": "residencial", "extrude": true, "manzana_id": 40}}, {"type": "Feature", "geometry": {"type": "Polygon", "coordinates": [[[128.44683950140606, 43.327104154406726], [124.14101646618525, 42.77050415462554], [125.3153318395221, 35.08942415463949], [138.62423940226816, 36.6479041542641], [137.35206441439965, 44.66294415459345], [133.0462413795265, 43.99502415430234], [133.6333990660211, 40.321464154480964], [128.936137573369, 39.65354415458535], [128.44683950140606, 43.327104154406726]]]}, "properties": {"id": 592, "height_m": 6.0, "levels": 2, "category": "residencial", "extrude": true, "manzana_id": 40}}, {"type": "Feature", "geometry": {"type": "Polygon", "coordinates": [[[133.0462413795265, 43.99502415430234], [128.44683950140606, 43.327104154406726], [128.936137573369, 39.65354415458535], [133.6333990660211, 40.321464154480964], [133.0462413795265, 43.99502415430234]]]}, "properties": {"id": 593, "height_m": 9.0, "levels": 3, "category": "residencial", "extrude": true, "manzana_id": 40}}, {"type": "Feature", "geometry": {"type": "Polygon", "coordinates": [[[132.94838176499485, 35.97998415436848], [125.3153318395221, 35.08942415463949], [126.4896472125113, 26.629104154643386], [141.65788744962046, 28.8555041545591], [140.4835720762836, 36.98186415460739], [136.3734682701261, 36.42526415443072], [136.76490672790504, 33.97622415428614], [136.96062595696836, 32.64038415449491], [134.31841636704735, 32.3064241545471], [133.5355394518371, 32.08378415431824], [133.3398202227738, 33.41962415450496], [132.94838176499485, 35.97998415436848]]]}, "properties": {"id": 594, "height_m": 9.0, "levels": 3, "category": "residencial", "extrude": true, "manzana_id": 40}}, {"type": "Feature", "geometry": {"type": "Polygon", "coordinates": [[[136.76490672790504, 33.97622415428614], [133.3398202227738, 33.41962415450496], [133.5355394518371, 32.08378415431824], [134.31841636704735, 32.3064241545471], [136.96062595696836, 32.64038415449491], [136.76490672790504, 33.97622415428614]]]}, "properties": {"id": 595, "height_m": 12.0, "levels": 4, "category": "residencial", "extrude": true, "manzana_id": 40}}, {"type": "Feature", "geometry": {"type": "Polygon", "coordinates": [[[127.8596818145638, 24.62534415456105], [126.88108567029025, 24.402704154332184], [127.2725241280692, 22.287624154530903], [128.15326065815876, 22.51026415436428], [127.8596818145638, 24.62534415456105]]]}, "properties": {"id": 596, "height_m": 6.0, "levels": 2, "category": "residencial", "extrude": true, "manzana_id": 40}}, {"type": "Feature", "geometry": {"type": "Polygon", "coordinates": [[[131.9697856207213, 23.06686415454095], [134.61199521029465, 23.40082415448876], [134.31841636704735, 25.404584154571097], [131.676206777474, 25.07062415462329], [131.9697856207213, 23.06686415454095]]]}, "properties": {"id": 597, "height_m": 6.0, "levels": 2, "category": "residencial", "extrude": true, "manzana_id": 40}}, {"type": "Feature", "geometry": {"type": "Polygon", "coordinates": [[[139.1135374742311, 28.52154415461129], [131.3826279342267, 27.408344154653435], [131.676206777474, 25.07062415462329], [134.31841636704735, 25.404584154571097], [134.61199521029465, 23.40082415448876], [131.9697856207213, 23.06686415454095], [132.55694330756356, 19.393304154324085], [140.1899932330363, 20.50650415428194], [139.1135374742311, 28.52154415461129]]]}, "properties": {"id": 598, "height_m": 6.0, "levels": 2, "category": "residencial", "extrude": true, "manzana_id": 40}}, {"type": "Feature", "geometry": {"type": "Polygon", "coordinates": [[[131.9697856207213, 23.06686415454095], [128.15326065815876, 22.51026415436428], [128.74041834465336, 18.8367041545429], [132.55694330756356, 19.393304154324085], [131.9697856207213, 23.06686415454095]]]}, "properties": {"id": 599, "height_m": 9.0, "levels": 3, "category": "residencial", "extrude": true, "manzana_id": 40}}, {"type": "Feature", "geometry": {"type": "Polygon", "coordinates": [[[131.676206777474, 25.07062415462329], [127.8596818145638, 24.62534415456105], [128.15326065815876, 22.51026415436428], [131.9697856207213, 23.06686415454095], [131.676206777474, 25.07062415462329]]]}, "properties": {"id": 600, "height_m": 9.0, "levels": 3, "category": "residencial", "extrude": true, "manzana_id": 40}}, {"type": "Feature", "geometry": {"type": "Polygon", "coordinates": [[[131.3826279342267, 27.408344154653435], [127.46824335713251, 26.851744154476762], [127.8596818145638, 24.62534415456105], [131.676206777474, 25.07062415462329], [131.3826279342267, 27.408344154653435]]]}, "properties": {"id": 601, "height_m": 9.0, "levels": 3, "category": "residencial", "extrude": true, "manzana_id": 40}}, {"type": "Feature", "geometry": {"type": "Polygon", "coordinates": [[[128.15326065815876, 22.51026415436428], [127.2725241280692, 22.287624154530903], [127.76182220037981, 18.72538415442847], [128.74041834465336, 18.8367041545429], [128.15326065815876, 22.51026415436428]]]}, "properties": {"id": 602, "height_m": 9.0, "levels": 3, "category": "residencial", "extrude": true, "manzana_id": 40}}, {"type": "Feature", "geometry": {"type": "Polygon", "coordinates": [[[140.1899932330363, 20.50650415428194], [127.46824335713251, 18.614064154314036], [128.0554010436271, 15.163144154326034], [130.11045294670586, 15.608424154388274], [130.3061721754215, 14.383904154315985], [140.87501053406254, 15.942384154336082], [140.1899932330363, 20.50650415428194]]]}, "properties": {"id": 603, "height_m": 9.0, "levels": 3, "category": "residencial", "extrude": true, "manzana_id": 40}}, {"type": "Feature", "geometry": {"type": "Polygon", "coordinates": [[[146.45300855645652, 16.832944154460563], [140.87501053406254, 15.942384154336082], [141.2664489918415, 12.714104154576944], [146.94230662876714, 13.604664154305937], [146.45300855645652, 16.832944154460563]]]}, "properties": {"id": 604, "height_m": 6.0, "levels": 2, "category": "residencial", "extrude": true, "manzana_id": 40}}, {"type": "Feature", "geometry": {"type": "Polygon", "coordinates": [[[140.87501053406254, 15.942384154336082], [130.3061721754215, 14.383904154315985], [130.11045294670586, 15.608424154388274], [128.0554010436271, 15.163144154326034], [128.74041834465336, 10.932984154327983], [141.2664489918415, 12.714104154576944], [140.87501053406254, 15.942384154336082]]]}, "properties": {"id": 605, "height_m": 6.0, "levels": 2, "category": "residencial", "extrude": true, "manzana_id": 40}}, {"type": "Feature", "geometry": {"type": "Polygon", "coordinates": [[[160.44693342022885, 23.178184154259895], [161.1319507212551, 18.614064154314036], [150.3673931338984, 17.05558415429394], [150.56311236261402, 15.608424154388274], [146.7465874000515, 15.05182415460709], [146.94230662876714, 13.604664154305937], [163.77416031082842, 15.942384154336082], [162.79556416655487, 23.51214415460319], [160.44693342022885, 23.178184154259895]]]}, "properties": {"id": 606, "height_m": 6.0, "levels": 2, "category": "residencial", "extrude": true, "manzana_id": 40}}, {"type": "Feature", "geometry": {"type": "Polygon", "coordinates": [[[150.954550820393, 21.842344154468663], [148.50806045953527, 21.508384154520854], [148.9973585318459, 18.39142415448066], [151.44384889270358, 18.72538415442847], [150.954550820393, 21.842344154468663]]]}, "properties": {"id": 607, "height_m": 3.0, "levels": 1, "category": "residencial", "extrude": true, "manzana_id": 40}}, {"type": "Feature", "geometry": {"type": "Polygon", "coordinates": [[[162.79556416655487, 23.51214415460319], [163.77416031082842, 15.942384154336082], [146.94230662876714, 13.604664154305937], [147.04016624329878, 12.825424154295888], [164.75275645510197, 15.385784154554898], [163.5784410821128, 23.623464154322136], [162.79556416655487, 23.51214415460319]]]}, "properties": {"id": 608, "height_m": 3.0, "levels": 1, "category": "residencial", "extrude": true, "manzana_id": 40}}, {"type": "Feature", "geometry": {"type": "Polygon", "coordinates": [[[148.50806045953527, 21.508384154520854], [146.7465874000515, 21.28574415429199], [145.76799125543027, 21.063104154458614], [146.7465874000515, 15.05182415460709], [150.56311236261402, 15.608424154388274], [150.3673931338984, 17.05558415429394], [161.1319507212551, 18.614064154314036], [160.44693342022885, 23.178184154259895], [150.954550820393, 21.842344154468663], [151.44384889270358, 18.72538415442847], [148.9973585318459, 18.39142415448066], [148.50806045953527, 21.508384154520854]]]}, "properties": {"id": 609, "height_m": 9.0, "levels": 3, "category": "residencial", "extrude": true, "manzana_id": 40}}, {"type": "Feature", "geometry": {"type": "Polygon", "coordinates": [[[153.79247963902964, 30.413984154579197], [148.01876238757234, 29.523424154454716], [149.2909373750932, 21.619704154635286], [160.44693342022885, 23.178184154259895], [159.66405650467092, 28.41022415449686], [162.11054686552862, 28.8555041545591], [161.71910840774967, 31.527184154537053], [157.70686421612382, 30.97058415436038], [158.19616228843444, 27.96494415443462], [154.28177771099257, 27.297024154539002], [153.79247963902964, 30.413984154579197]]]}, "properties": {"id": 610, "height_m": 9.0, "levels": 3, "category": "residencial", "extrude": true, "manzana_id": 40}}, {"type": "Feature", "geometry": {"type": "Polygon", "coordinates": [[[162.11054686552862, 28.8555041545591], [159.66405650467092, 28.41022415449686], [160.44693342022885, 23.178184154259895], [162.79556416655487, 23.51214415460319], [162.11054686552862, 28.8555041545591]]]}, "properties": {"id": 611, "height_m": 6.0, "levels": 2, "category": "residencial", "extrude": true, "manzana_id": 40}}, {"type": "Feature", "geometry": {"type": "Polygon", "coordinates": [[[157.70686421612382, 30.97058415436038], [153.79247963902964, 30.413984154579197], [154.28177771099257, 27.297024154539002], [158.19616228843444, 27.96494415443462], [157.70686421612382, 30.97058415436038]]]}, "properties": {"id": 612, "height_m": 12.0, "levels": 4, "category": "residencial", "extrude": true, "manzana_id": 40}}, {"type": "Feature", "geometry": {"type": "Polygon", "coordinates": [[[147.52946431526175, 37.76110415461744], [143.32150089492023, 37.3158241545552], [144.5936758824411, 29.30078415462134], [144.5936758824411, 29.078144154392476], [148.01876238757234, 29.523424154454716], [148.60592007406694, 29.634744154569148], [147.52946431526175, 37.76110415461744]]]}, "properties": {"id": 613, "height_m": 3.0, "levels": 1, "category": "residencial", "extrude": true, "manzana_id": 40}}, {"type": "Feature", "geometry": {"type": "Polygon", "coordinates": [[[160.44693342022885, 39.43090415435648], [147.52946431526175, 37.76110415461744], [148.60592007406694, 29.634744154569148], [161.71910840774967, 31.527184154537053], [160.44693342022885, 39.43090415435648]]]}, "properties": {"id": 614, "height_m": 9.0, "levels": 3, "category": "residencial", "extrude": true, "manzana_id": 40}}, {"type": "Feature", "geometry": {"type": "Polygon", "coordinates": [[[159.27261804723963, 47.445944154290345], [146.35514894227254, 45.66482415443687], [147.13802585748277, 40.65542415442877], [151.93314696466652, 41.32334415432439], [151.7374277359509, 43.10446415457335], [155.84753154210838, 43.661064154354534], [156.434689228603, 38.8743041545753], [160.44693342022885, 39.43090415435648], [159.27261804723963, 47.445944154290345]]]}, "properties": {"id": 615, "height_m": 6.0, "levels": 2, "category": "residencial", "extrude": true, "manzana_id": 40}}, {"type": "Feature", "geometry": {"type": "Polygon", "coordinates": [[[156.434689228603, 38.8743041545753], [155.84753154210838, 43.661064154354534], [151.7374277359509, 43.10446415457335], [151.93314696466652, 41.32334415432439], [147.13802585748277, 40.65542415442877], [147.52946431526175, 37.76110415461744], [152.61816426569277, 38.42902415451306], [152.3245854224455, 39.987504154533156], [153.4010411812507, 40.21014415436653], [153.59676040996632, 38.54034415462749], [156.434689228603, 38.8743041545753]]]}, "properties": {"id": 616, "height_m": 9.0, "levels": 3, "category": "residencial", "extrude": true, "manzana_id": 40}}, {"type": "Feature", "geometry": {"type": "Polygon", "coordinates": [[[158.00044305937112, 55.57230415433864], [145.27869318346734, 53.791184154485165], [145.9637104844936, 48.670464154362634], [150.75883159167734, 49.33838415465374], [150.3673931338984, 51.78742415440283], [155.16251424108214, 52.3440241545795], [155.84753154210838, 47.00066415462359], [159.27261804723963, 47.445944154290345], [158.00044305937112, 55.57230415433864]]]}, "properties": {"id": 617, "height_m": 6.0, "levels": 2, "category": "residencial", "extrude": true, "manzana_id": 40}}, {"type": "Feature", "geometry": {"type": "Polygon", "coordinates": [[[155.84753154210838, 47.00066415462359], [155.16251424108214, 52.3440241545795], [150.3673931338984, 51.78742415440283], [150.75883159167734, 49.33838415465374], [145.9637104844936, 48.670464154362634], [146.35514894227254, 45.66482415443687], [152.42244503697714, 46.55538415456135], [152.0310065791982, 48.670464154362634], [153.49890079578233, 48.8931041545915], [153.694620024498, 46.666704154280296], [155.84753154210838, 47.00066415462359]]]}, "properties": {"id": 618, "height_m": 9.0, "levels": 3, "category": "residencial", "extrude": true, "manzana_id": 40}}, {"type": "Feature", "geometry": {"type": "Polygon", "coordinates": [[[158.00044305937112, 60.470384154627794], [157.31542575834487, 60.470384154627794], [157.60900460159218, 58.13266415459765], [158.29402190261843, 58.24398415431659], [158.00044305937112, 60.470384154627794]]]}, "properties": {"id": 619, "height_m": 6.0, "levels": 2, "category": "residencial", "extrude": true, "manzana_id": 40}}, {"type": "Feature", "geometry": {"type": "Polygon", "coordinates": [[[158.29402190261843, 58.24398415431659], [157.60900460159218, 58.13266415459765], [158.00044305937112, 55.57230415433864], [158.58760074621338, 55.68362415445307], [158.29402190261843, 58.24398415431659]]]}, "properties": {"id": 620, "height_m": 3.0, "levels": 1, "category": "residencial", "extrude": true, "manzana_id": 40}}, {"type": "Feature", "geometry": {"type": "Polygon", "coordinates": [[[157.5111449874082, 63.5873441542725], [156.92398730091358, 63.476024154553556], [157.31542575834487, 60.470384154627794], [158.00044305937112, 60.470384154627794], [157.5111449874082, 63.5873441542725]]]}, "properties": {"id": 621, "height_m": 3.0, "levels": 1, "category": "residencial", "extrude": true, "manzana_id": 40}}, {"type": "Feature", "geometry": {"type": "Polygon", "coordinates": [[[157.31542575834487, 60.470384154627794], [152.91174310894007, 59.80246415433669], [153.20532195253506, 57.576064154420976], [157.60900460159218, 58.13266415459765], [157.31542575834487, 60.470384154627794]]]}, "properties": {"id": 622, "height_m": 9.0, "levels": 3, "category": "residencial", "extrude": true, "manzana_id": 40}}, {"type": "Feature", "geometry": {"type": "Polygon", "coordinates": [[[156.92398730091358, 63.476024154553556], [144.10437781013047, 61.694904154304595], [145.27869318346734, 53.791184154485165], [158.00044305937112, 55.57230415433864], [157.60900460159218, 58.13266415459765], [153.20532195253506, 57.576064154420976], [152.91174310894007, 59.80246415433669], [157.31542575834487, 60.470384154627794], [156.92398730091358, 63.476024154553556]]]}, "properties": {"id": 623, "height_m": 6.0, "levels": 2, "category": "residencial", "extrude": true, "manzana_id": 40}}, {"type": "Feature", "geometry": {"type": "Polygon", "coordinates": [[[155.74967192757674, 71.49106415448742], [143.02792205167296, 69.82126415435289], [144.10437781013047, 61.694904154304595], [153.1074623380034, 63.030744154491316], [152.91174310894007, 64.81186415434479], [156.04325077082405, 65.25714415440703], [156.23896999988733, 63.476024154553556], [157.11970652962924, 63.5873441542725], [155.74967192757674, 71.49106415448742]]]}, "properties": {"id": 624, "height_m": 6.0, "levels": 2, "category": "residencial", "extrude": true, "manzana_id": 40}}, {"type": "Feature", "geometry": {"type": "Polygon", "coordinates": [[[156.23896999988733, 63.476024154553556], [156.04325077082405, 65.25714415440703], [152.91174310894007, 64.81186415434479], [153.1074623380034, 63.030744154491316], [156.23896999988733, 63.476024154553556]]]}, "properties": {"id": 625, "height_m": 9.0, "levels": 3, "category": "residencial", "extrude": true, "manzana_id": 40}}, {"type": "Feature", "geometry": {"type": "Polygon", "coordinates": [[[141.95146629286774, 77.61366415445337], [137.4499240289313, 76.94574415455776], [138.5263797877365, 69.37598415429065], [138.5263797877365, 69.15334415445727], [143.02792205167296, 69.82126415435289], [142.63648359389398, 72.27030415449747], [141.95146629286774, 77.61366415445337]]]}, "properties": {"id": 626, "height_m": 3.0, "levels": 1, "category": "residencial", "extrude": true, "manzana_id": 40}}, {"type": "Feature", "geometry": {"type": "Polygon", "coordinates": [[[153.59676040996632, 79.2834641545879], [154.18391809680858, 75.38726415453766], [152.12886619372983, 75.1646241543088], [152.61816426569277, 71.15710415453961], [155.74967192757674, 71.49106415448742], [154.67321616877155, 79.39478415430685], [153.59676040996632, 79.2834641545879]]]}, "properties": {"id": 627, "height_m": 6.0, "levels": 2, "category": "residencial", "extrude": true, "manzana_id": 40}}, {"type": "Feature", "geometry": {"type": "Polygon", "coordinates": [[[147.23588547201444, 70.37786415452956], [146.8444470142355, 72.82690415427865], [142.63648359389398, 72.27030415449747], [143.02792205167296, 69.82126415435289], [147.23588547201444, 70.37786415452956]]]}, "properties": {"id": 628, "height_m": 6.0, "levels": 2, "category": "residencial", "extrude": true, "manzana_id": 40}}, {"type": "Feature", "geometry": {"type": "Polygon", "coordinates": [[[153.59676040996632, 79.2834641545879], [141.95146629286774, 77.61366415445337], [142.63648359389398, 72.27030415449747], [146.8444470142355, 72.82690415427865], [147.23588547201444, 70.37786415452956], [152.61816426569277, 71.15710415453961], [152.12886619372983, 75.1646241543088], [154.18391809680858, 75.38726415453766], [153.59676040996632, 79.2834641545879]]]}, "properties": {"id": 629, "height_m": 9.0, "levels": 3, "category": "residencial", "extrude": true, "manzana_id": 40}}, {"type": "Feature", "geometry": {"type": "Polygon", "coordinates": [[[153.4010411812507, 87.29850415452177], [140.87501053406254, 85.62870415438724], [142.1471855215834, 77.61366415445337], [145.376552797999, 78.05894415451561], [144.78939511115672, 82.17778415439923], [148.7037796885986, 82.84570415429485], [148.9973585318459, 80.841944154608], [151.15027004945628, 81.17590415455581], [151.44384889270358, 78.9495041546401], [154.67321616877155, 79.39478415430685], [153.4010411812507, 87.29850415452177]]]}, "properties": {"id": 630, "height_m": 6.0, "levels": 2, "category": "residencial", "extrude": true, "manzana_id": 40}}, {"type": "Feature", "geometry": {"type": "Polygon", "coordinates": [[[153.4010411812507, 87.29850415452177], [154.67321616877155, 79.39478415430685], [155.55395269886108, 80.5079841542647], [154.57535655423987, 86.29662415428285], [153.4010411812507, 87.29850415452177]]]}, "properties": {"id": 631, "height_m": 3.0, "levels": 1, "category": "residencial", "extrude": true, "manzana_id": 40}}, {"type": "Feature", "geometry": {"type": "Polygon", "coordinates": [[[151.44384889270358, 78.9495041546401], [151.15027004945628, 81.17590415455581], [148.9973585318459, 80.841944154608], [148.7037796885986, 82.84570415429485], [144.78939511115672, 82.17778415439923], [145.376552797999, 78.05894415451561], [151.44384889270358, 78.9495041546401]]]}, "properties": {"id": 632, "height_m": 9.0, "levels": 3, "category": "residencial", "extrude": true, "manzana_id": 40}}, {"type": "Feature", "geometry": {"type": "Polygon", "coordinates": [[[145.86585086996195, 94.42298415433115], [139.50497593201004, 93.42110415448772], [140.4835720762836, 85.5173841542728], [153.4010411812507, 87.29850415452177], [152.3245854224455, 95.42486415457006], [148.89949891731425, 94.86826415439339], [149.5845162183405, 89.85886415438529], [146.5508681709882, 89.41358415432305], [145.86585086996195, 94.42298415433115]]]}, "properties": {"id": 633, "height_m": 9.0, "levels": 3, "category": "residencial", "extrude": true, "manzana_id": 40}}, {"type": "Feature", "geometry": {"type": "Polygon", "coordinates": [[[148.89949891731425, 94.86826415439339], [145.86585086996195, 94.42298415433115], [146.5508681709882, 89.41358415432305], [149.5845162183405, 89.85886415438529], [148.89949891731425, 94.86826415439339]]]}, "properties": {"id": 634, "height_m": 12.0, "levels": 4, "category": "residencial", "extrude": true, "manzana_id": 40}}, {"type": "Feature", "geometry": {"type": "Polygon", "coordinates": [[[146.15942971320925, 102.7719841546083], [138.42852017320484, 101.54746415453602], [139.50497593201004, 93.42110415448772], [141.8536066783361, 93.75506415443553], [141.0707297627782, 99.65502415456811], [146.45300855645652, 100.43426415457816], [146.15942971320925, 102.7719841546083]]]}, "properties": {"id": 635, "height_m": 6.0, "levels": 2, "category": "residencial", "extrude": true, "manzana_id": 40}}, {"type": "Feature", "geometry": {"type": "Polygon", "coordinates": [[[151.7374277359509, 98.54182415461025], [146.8444470142355, 97.87390415431915], [147.23588547201444, 94.64562415456001], [152.22672580791382, 95.42486415457006], [151.7374277359509, 98.54182415461025]]]}, "properties": {"id": 636, "height_m": 6.0, "levels": 2, "category": "residencial", "extrude": true, "manzana_id": 40}}, {"type": "Feature", "geometry": {"type": "Polygon", "coordinates": [[[151.15027004945628, 103.55122415461835], [146.15942971320925, 102.7719841546083], [146.45300855645652, 100.43426415457816], [146.8444470142355, 97.87390415431915], [151.7374277359509, 98.54182415461025], [151.15027004945628, 103.55122415461835]]]}, "properties": {"id": 637, "height_m": 3.0, "levels": 1, "category": "residencial", "extrude": true, "manzana_id": 40}}, {"type": "Feature", "geometry": {"type": "Polygon", "coordinates": [[[146.45300855645652, 100.43426415457816], [141.0707297627782, 99.65502415456811], [141.8536066783361, 93.75506415443553], [147.23588547201444, 94.64562415456001], [146.8444470142355, 97.87390415431915], [146.45300855645652, 100.43426415457816]]]}, "properties": {"id": 638, "height_m": 9.0, "levels": 3, "category": "residencial", "extrude": true, "manzana_id": 40}}, {"type": "Feature", "geometry": {"type": "Polygon", "coordinates": [[[143.90865858141484, 109.78514415430325], [137.4499240289313, 108.89458415457426], [137.4499240289313, 108.89458415457426], [138.42852017320484, 101.54746415453602], [151.93314696466652, 103.6625441543373], [150.954550820393, 110.67570415442773], [149.5845162183405, 110.5643841543133], [147.52946431526175, 110.2304241543655], [147.72518354432503, 109.3398641546365], [144.10437781013047, 108.78326415445983], [143.90865858141484, 109.78514415430325]]]}, "properties": {"id": 639, "height_m": 6.0, "levels": 2, "category": "residencial", "extrude": true, "manzana_id": 40}}, {"type": "Feature", "geometry": {"type": "Polygon", "coordinates": [[[142.4407643648307, 110.00778415453212], [142.53862397936234, 109.56250415446988], [143.90865858141484, 109.78514415430325], [147.52946431526175, 110.2304241543655], [149.5845162183405, 110.5643841543133], [150.954550820393, 110.67570415442773], [150.954550820393, 111.34362415432335], [149.87809506158777, 119.0247041543094], [141.2664489918415, 117.68886415451817], [142.4407643648307, 110.00778415453212]]]}, "properties": {"id": 640, "height_m": 6.0, "levels": 2, "category": "residencial", "extrude": true, "manzana_id": 40}}, {"type": "Feature", "geometry": {"type": "Polygon", "coordinates": [[[137.35206441439965, 109.11722415440764], [137.4499240289313, 108.89458415457426], [137.4499240289313, 108.89458415457426], [142.53862397936234, 109.56250415446988], [142.4407643648307, 110.00778415453212], [141.2664489918415, 117.68886415451817], [136.2756086559421, 116.90962415450812], [137.35206441439965, 109.11722415440764]]]}, "properties": {"id": 641, "height_m": 9.0, "levels": 3, "category": "residencial", "extrude": true, "manzana_id": 40}}, {"type": "Feature", "geometry": {"type": "Polygon", "coordinates": [[[132.85052215081086, 124.70202415460861], [130.7954702477321, 124.36806415426531], [130.99118947644774, 122.69826415452627], [132.94838176499485, 123.03222415447408], [132.85052215081086, 124.70202415460861]]]}, "properties": {"id": 642, "height_m": 3.0, "levels": 1, "category": "residencial", "extrude": true, "manzana_id": 40}}, {"type": "Feature", "geometry": {"type": "Polygon", "coordinates": [[[143.7129393526992, 126.2605041546287], [138.33066055867317, 125.48126415461866], [139.1135374742311, 120.69450415444393], [141.5600278350888, 121.13978415450617], [141.5600278350888, 120.80582415455837], [144.49581626790945, 121.2511041546206], [143.7129393526992, 126.2605041546287]]]}, "properties": {"id": 643, "height_m": 9.0, "levels": 3, "category": "residencial", "extrude": true, "manzana_id": 40}}, {"type": "Feature", "geometry": {"type": "Polygon", "coordinates": [[[138.33066055867317, 125.48126415461866], [135.1991528971369, 125.03598415455642], [136.2756086559421, 116.90962415450812], [140.9728701485942, 117.68886415451817], [140.58143169081524, 119.91526415443388], [144.5936758824411, 120.47186415461056], [144.8872547256884, 118.24546415429936], [149.87809506158777, 119.0247041543094], [148.7037796885986, 127.03974415463875], [143.7129393526992, 126.2605041546287], [144.49581626790945, 121.2511041546206], [141.5600278350888, 120.80582415455837], [141.5600278350888, 121.13978415450617], [139.1135374742311, 120.69450415444393], [138.33066055867317, 125.48126415461866]]]}, "properties": {"id": 644, "height_m": 6.0, "levels": 2, "category": "residencial", "extrude": true, "manzana_id": 40}}, {"type": "Feature", "geometry": {"type": "Polygon", "coordinates": [[[138.8199586309838, 142.73586415455867], [133.5355394518371, 141.95662415454862], [134.7098548248263, 134.0529041543337], [141.36430860637316, 134.94346415445818], [140.28785284756796, 140.9547441543097], [139.1135374742311, 140.73210415447633], [138.8199586309838, 142.73586415455867]]]}, "properties": {"id": 645, "height_m": 6.0, "levels": 2, "category": "residencial", "extrude": true, "manzana_id": 41}}, {"type": "Feature", "geometry": {"type": "Polygon", "coordinates": [[[144.3000970391938, 143.62642415428766], [144.69153549697276, 141.6226641546008], [140.28785284756796, 140.9547441543097], [141.36430860637316, 134.94346415445818], [147.43160470107776, 135.83402415458266], [146.7465874000515, 141.17738415453857], [146.06157009902526, 140.9547441543097], [145.57227202671464, 143.84906415451653], [144.3000970391938, 143.62642415428766]]]}, "properties": {"id": 646, "height_m": 6.0, "levels": 2, "category": "residencial", "extrude": true, "manzana_id": 41}}, {"type": "Feature", "geometry": {"type": "Polygon", "coordinates": [[[144.3000970391938, 143.62642415428766], [139.99427400432066, 142.95850415439205], [140.28785284756796, 140.9547441543097], [144.69153549697276, 141.6226641546008], [144.3000970391938, 143.62642415428766]]]}, "properties": {"id": 647, "height_m": 9.0, "levels": 3, "category": "residencial", "extrude": true, "manzana_id": 41}}, {"type": "Feature", "geometry": {"type": "Polygon", "coordinates": [[[139.99427400432066, 142.95850415439205], [138.8199586309838, 142.73586415455867], [139.1135374742311, 140.73210415447633], [140.28785284756796, 140.9547441543097], [139.99427400432066, 142.95850415439205]]]}, "properties": {"id": 648, "height_m": 6.0, "levels": 2, "category": "residencial", "extrude": true, "manzana_id": 41}}, {"type": "Feature", "geometry": {"type": "Polygon", "coordinates": [[[196.2635523019618, -23.46489584543761], [196.2635523019618, -16.117775845399365], [196.2635523019618, -15.56117584561818], [190.58769466503617, -15.672495845732612], [191.27271196606242, -27.027135845540045], [196.36141191649347, -27.361095845487853], [196.36141191649347, -25.357335845405515], [194.59993885666202, -25.357335845405515], [194.59993885666202, -23.46489584543761], [196.2635523019618, -23.46489584543761]]]}, "properties": {"id": 649, "height_m": 9.0, "levels": 3, "category": "residencial", "extrude": true, "manzana_id": 42}}, {"type": "Feature", "geometry": {"type": "Polygon", "coordinates": [[[196.2635523019618, -23.46489584543761], [194.59993885666202, -23.46489584543761], [194.59993885666202, -25.357335845405515], [196.36141191649347, -25.357335845405515], [196.2635523019618, -23.46489584543761]]]}, "properties": {"id": 650, "height_m": 3.0, "levels": 1, "category": "residencial", "extrude": true, "manzana_id": 42}}, {"type": "Feature", "geometry": {"type": "Polygon", "coordinates": [[[190.58769466503617, -15.672495845732612], [188.63050237648906, -15.783815845451556], [189.60909852076261, -27.027135845540045], [191.27271196606242, -27.027135845540045], [190.58769466503617, -15.672495845732612]]]}, "properties": {"id": 651, "height_m": 6.0, "levels": 2, "category": "residencial", "extrude": true, "manzana_id": 42}}, {"type": "Feature", "geometry": {"type": "Polygon", "coordinates": [[[190.00053697854156, -27.027135845540045], [191.27271196606242, -36.266695845546195], [194.30636001341472, -35.821415845483955], [193.91492155563577, -33.03841584539157], [197.04642921751972, -32.59313584572482], [197.43786767529866, -35.376135845421715], [207.61526757616076, -33.81765584540162], [206.83239066060287, -27.917695845664525], [205.75593490179764, -27.806375845550093], [200.76509456589827, -27.583735845716717], [201.05867340914557, -29.81013584563243], [194.59993885666202, -30.700695845361423], [194.11064078469906, -27.24977584537342], [190.00053697854156, -27.027135845540045]]]}, "properties": {"id": 652, "height_m": 6.0, "levels": 2, "category": "residencial", "extrude": true, "manzana_id": 42}}, {"type": "Feature", "geometry": {"type": "Polygon", "coordinates": [[[194.11064078469906, -27.24977584537342], [194.59993885666202, -30.700695845361423], [201.05867340914557, -29.81013584563243], [200.76509456589827, -27.583735845716717], [196.36141191649347, -27.361095845487853], [194.11064078469906, -27.24977584537342]]]}, "properties": {"id": 653, "height_m": 9.0, "levels": 3, "category": "residencial", "extrude": true, "manzana_id": 42}}, {"type": "Feature", "geometry": {"type": "Polygon", "coordinates": [[[197.43786767529866, -35.376135845421715], [197.04642921751972, -32.59313584572482], [193.91492155563577, -33.03841584539157], [194.30636001341472, -35.821415845483955], [197.43786767529866, -35.376135845421715]]]}, "properties": {"id": 654, "height_m": 3.0, "levels": 1, "category": "residencial", "extrude": true, "manzana_id": 42}}, {"type": "Feature", "geometry": {"type": "Polygon", "coordinates": [[[200.6672349513666, -34.81953584564053], [197.43786767529866, -35.376135845421715], [198.02502536179327, -39.04969584563858], [201.93940993888745, -38.38177584534748], [201.74369071017182, -37.37989584550405], [201.05867340914557, -37.491215845618484], [200.6672349513666, -34.81953584564053]]]}, "properties": {"id": 655, "height_m": 3.0, "levels": 1, "category": "residencial", "extrude": true, "manzana_id": 42}}, {"type": "Feature", "geometry": {"type": "Polygon", "coordinates": [[[205.560215673082, -34.151615845349426], [206.53881181735557, -41.49873584538767], [206.7345310460712, -41.49873584538767], [207.51740796162912, -40.385535845429814], [206.7345310460712, -34.930855845359474], [205.560215673082, -34.151615845349426]]]}, "properties": {"id": 656, "height_m": 3.0, "levels": 1, "category": "residencial", "extrude": true, "manzana_id": 42}}, {"type": "Feature", "geometry": {"type": "Polygon", "coordinates": [[[200.6672349513666, -34.81953584564053], [201.05867340914557, -37.491215845618484], [201.74369071017182, -37.37989584550405], [201.93940993888745, -38.38177584534748], [198.02502536179327, -39.04969584563858], [198.51432343410386, -42.72325584545996], [206.53881181735557, -41.49873584538767], [205.560215673082, -34.151615845349426], [200.6672349513666, -34.81953584564053]]]}, "properties": {"id": 657, "height_m": 6.0, "levels": 2, "category": "residencial", "extrude": true, "manzana_id": 42}}, {"type": "Feature", "geometry": {"type": "Polygon", "coordinates": [[[197.43786767529866, -35.376135845421715], [191.27271196606242, -36.266695845546195], [190.4898350505045, -36.37801584566063], [190.4898350505045, -36.711975845608436], [191.46843119477805, -43.72513584569887], [192.3491677248676, -43.61381584558444], [198.51432343410386, -42.72325584545996], [198.02502536179327, -39.04969584563858], [197.43786767529866, -35.376135845421715]]]}, "properties": {"id": 658, "height_m": 9.0, "levels": 3, "category": "residencial", "extrude": true, "manzana_id": 42}}, {"type": "Feature", "geometry": {"type": "Polygon", "coordinates": [[[190.4898350505045, -36.711975845608436], [190.00053697854156, -37.491215845618484], [190.7834138937518, -43.1685358455222], [191.46843119477805, -43.72513584569887], [190.4898350505045, -36.711975845608436]]]}, "properties": {"id": 659, "height_m": 6.0, "levels": 2, "category": "residencial", "extrude": true, "manzana_id": 42}}, {"type": "Feature", "geometry": {"type": "Polygon", "coordinates": [[[196.5571311452091, -42.945895845688824], [194.30636001341472, -43.27985584563663], [195.3828157722199, -50.73829584539382], [197.6335869040143, -50.40433584544601], [197.04642921751972, -46.50813584539577], [196.5571311452091, -42.945895845688824]]]}, "properties": {"id": 660, "height_m": 9.0, "levels": 3, "category": "residencial", "extrude": true, "manzana_id": 42}}, {"type": "Feature", "geometry": {"type": "Polygon", "coordinates": [[[201.93940993888745, -49.7364158455504], [201.35225225239284, -45.951535845614586], [197.04642921751972, -46.50813584539577], [197.6335869040143, -50.40433584544601], [201.93940993888745, -49.7364158455504]]]}, "properties": {"id": 661, "height_m": 3.0, "levels": 1, "category": "residencial", "extrude": true, "manzana_id": 42}}, {"type": "Feature", "geometry": {"type": "Polygon", "coordinates": [[[201.93940993888745, -49.7364158455504], [207.51740796162912, -48.95717584554035], [209.57245986470787, -48.73453584570697], [208.5938637204343, -41.276095845554295], [206.53881181735557, -41.49873584538767], [196.5571311452091, -42.945895845688824], [197.04642921751972, -46.50813584539577], [201.35225225239284, -45.951535845614586], [201.93940993888745, -49.7364158455504]]]}, "properties": {"id": 662, "height_m": 6.0, "levels": 2, "category": "residencial", "extrude": true, "manzana_id": 42}}, {"type": "Feature", "geometry": {"type": "Polygon", "coordinates": [[[194.30636001341472, -43.27985584563663], [192.3491677248676, -43.61381584558444], [193.32776386914117, -51.07225584573712], [195.3828157722199, -50.73829584539382], [194.30636001341472, -43.27985584563663]]]}, "properties": {"id": 663, "height_m": 6.0, "levels": 2, "category": "residencial", "extrude": true, "manzana_id": 42}}, {"type": "Feature", "geometry": {"type": "Polygon", "coordinates": [[[214.85687904385455, -50.62697584567488], [209.86603870795514, -51.294895845570494], [209.57245986470787, -48.73453584570697], [207.51740796162912, -48.95717584554035], [193.32776386914117, -51.07225584573712], [195.48067538675156, -66.6570558455426], [216.81407133240165, -63.428775845387975], [215.93333480265974, -57.86277584559869], [215.2483175016335, -57.97409584571312], [214.85687904385455, -55.079775845506305], [215.5418963448808, -54.96845584539187], [214.85687904385455, -50.62697584567488]]]}, "properties": {"id": 664, "height_m": 6.0, "levels": 2, "category": "residencial", "extrude": true, "manzana_id": 42}}, {"type": "Feature", "geometry": {"type": "Polygon", "coordinates": [[[225.42571740249556, -62.09293584559674], [223.4685251139485, -49.40245584560259], [217.89052709120685, -50.18169584561264], [218.5755443922331, -54.52317584572512], [219.26056169325935, -54.300535845496256], [219.74985976556997, -57.194855845703074], [218.96698285001204, -57.41749584553645], [219.84771937975393, -62.98349584572122], [225.42571740249556, -62.09293584559674]]]}, "properties": {"id": 665, "height_m": 6.0, "levels": 2, "category": "residencial", "extrude": true, "manzana_id": 42}}, {"type": "Feature", "geometry": {"type": "Polygon", "coordinates": [[[218.96698285001204, -57.41749584553645], [215.93333480265974, -57.86277584559869], [216.81407133240165, -63.428775845387975], [219.84771937975393, -62.98349584572122], [218.96698285001204, -57.41749584553645]]]}, "properties": {"id": 666, "height_m": 9.0, "levels": 3, "category": "residencial", "extrude": true, "manzana_id": 42}}, {"type": "Feature", "geometry": {"type": "Polygon", "coordinates": [[[217.89052709120685, -50.18169584561264], [214.85687904385455, -50.62697584567488], [215.5418963448808, -54.96845584539187], [218.5755443922331, -54.52317584572512], [217.89052709120685, -50.18169584561264]]]}, "properties": {"id": 667, "height_m": 9.0, "levels": 3, "category": "residencial", "extrude": true, "manzana_id": 42}}, {"type": "Feature", "geometry": {"type": "Polygon", "coordinates": [[[204.97305798623975, -60.200495845628836], [210.0617579366708, -59.42125584561879], [209.7681790934235, -56.749575845640834], [204.58161952880846, -57.41749584553645], [204.97305798623975, -60.200495845628836]]]}, "properties": {"id": 668, "height_m": 9.0, "levels": 3, "category": "residencial", "extrude": true, "manzana_id": 42}}, {"type": "Feature", "geometry": {"type": "Polygon", "coordinates": [[[201.1565330236772, -57.41749584553645], [196.36141191649347, -58.1967358455465], [196.7528503742724, -60.42313584546221], [201.45011186692452, -59.86653584568103], [201.1565330236772, -57.41749584553645]]]}, "properties": {"id": 669, "height_m": 9.0, "levels": 3, "category": "residencial", "extrude": true, "manzana_id": 42}}, {"type": "Feature", "geometry": {"type": "Polygon", "coordinates": [[[228.36150583531625, -48.73453584570697], [223.4685251139485, -49.40245584560259], [225.42571740249556, -62.09293584559674], [230.31869812421098, -61.31369584558669], [228.36150583531625, -48.73453584570697]]]}, "properties": {"id": 670, "height_m": 6.0, "levels": 2, "category": "residencial", "extrude": true, "manzana_id": 42}}, {"type": "Feature", "geometry": {"type": "Polygon", "coordinates": [[[232.86304809925272, -60.979735845638885], [231.39515388266852, -50.070375845498205], [231.19943465395292, -48.400575845363676], [228.36150583531625, -48.73453584570697], [230.31869812421098, -61.31369584558669], [232.86304809925272, -60.979735845638885]]]}, "properties": {"id": 671, "height_m": 9.0, "levels": 3, "category": "residencial", "extrude": true, "manzana_id": 42}}, {"type": "Feature", "geometry": {"type": "Polygon", "coordinates": [[[243.62760568660934, -43.72513584569887], [243.52974607207773, -43.83645584541782], [240.49609802472543, -43.83645584541782], [233.54806540027894, -44.05909584564668], [230.6122769674583, -44.170415845365625], [231.19943465395292, -48.400575845363676], [231.29729426848453, -49.625095845435965], [235.40739807429435, -49.51377584571702], [235.40739807429435, -48.845855845425916], [238.73462496524164, -48.845855845425916], [238.63676535070996, -50.18169584561264], [243.62760568660934, -50.29301584572707], [243.62760568660934, -43.72513584569887]]]}, "properties": {"id": 672, "height_m": 6.0, "levels": 2, "category": "residencial", "extrude": true, "manzana_id": 42}}, {"type": "Feature", "geometry": {"type": "Polygon", "coordinates": [[[243.62760568660934, -43.72513584569887], [243.62760568660934, -50.29301584572707], [245.09549990319354, -50.29301584572707], [245.19335951772516, -45.506255845552346], [243.62760568660934, -43.72513584569887]]]}, "properties": {"id": 673, "height_m": 3.0, "levels": 1, "category": "residencial", "extrude": true, "manzana_id": 42}}, {"type": "Feature", "geometry": {"type": "Polygon", "coordinates": [[[243.62760568660934, -50.29301584572707], [238.63676535070996, -50.18169584561264], [238.73462496524164, -48.845855845425916], [235.40739807429435, -48.845855845425916], [235.40739807429435, -49.51377584571702], [235.50525768882605, -53.29865584565283], [235.50525768882605, -53.855255845434016], [238.63676535070996, -53.855255845434016], [238.63676535070996, -52.63073584536173], [243.62760568660934, -52.63073584536173], [243.62760568660934, -50.29301584572707]]]}, "properties": {"id": 674, "height_m": 9.0, "levels": 3, "category": "residencial", "extrude": true, "manzana_id": 42}}, {"type": "Feature", "geometry": {"type": "Polygon", "coordinates": [[[243.62760568660934, -52.63073584536173], [243.62760568660934, -58.864655845442115], [232.86304809925272, -60.64577584569108], [234.23308270130516, -61.75897584564893], [244.9976402886619, -60.089175845514404], [245.09549990319354, -52.63073584536173], [243.62760568660934, -52.63073584536173]]]}, "properties": {"id": 675, "height_m": 3.0, "levels": 1, "category": "residencial", "extrude": true, "manzana_id": 42}}, {"type": "Feature", "geometry": {"type": "Polygon", "coordinates": [[[235.50525768882605, -53.29865584565283], [231.88445195497914, -53.74393584571507], [232.86304809925272, -60.64577584569108], [243.62760568660934, -58.864655845442115], [243.62760568660934, -52.63073584536173], [238.63676535070996, -52.63073584536173], [238.63676535070996, -53.855255845434016], [235.50525768882605, -53.855255845434016], [235.50525768882605, -53.29865584565283]]]}, "properties": {"id": 676, "height_m": 6.0, "levels": 2, "category": "residencial", "extrude": true, "manzana_id": 42}}, {"type": "Feature", "geometry": {"type": "Polygon", "coordinates": [[[235.40739807429435, -49.51377584571702], [231.29729426848453, -49.625095845435965], [231.39515388266852, -50.070375845498205], [231.88445195497914, -53.74393584571507], [235.50525768882605, -53.29865584565283], [235.40739807429435, -49.51377584571702]]]}, "properties": {"id": 677, "height_m": 3.0, "levels": 1, "category": "residencial", "extrude": true, "manzana_id": 42}}, {"type": "Feature", "geometry": {"type": "Polygon", "coordinates": [[[233.93950385805792, -29.253535845455758], [233.54806540027894, -29.253535845455758], [228.9486635221585, -29.030895845622382], [228.85080390762684, -32.927095845672625], [228.85080390762684, -33.03841584539157], [230.6122769674583, -44.170415845365625], [233.54806540027894, -44.05909584564668], [233.64592501481056, -40.94213584560649], [236.97315190541016, -40.94213584560649], [236.97315190541016, -43.94777584553225], [240.49609802472543, -43.83645584541782], [240.39823841054144, -38.93837584552415], [239.71322110951516, -38.93837584552415], [236.7774326763469, -39.04969584563858], [236.87529229087855, -35.042175845473906], [239.71322110951516, -35.042175845473906], [240.39823841054144, -35.042175845473906], [240.30037879600977, -29.587495845403566], [237.16887113412582, -29.476175845684622], [236.97315190541016, -33.03841584539157], [233.74378462899455, -32.81577584555819], [233.93950385805792, -29.253535845455758]]]}, "properties": {"id": 678, "height_m": 9.0, "levels": 3, "category": "residencial", "extrude": true, "manzana_id": 42}}, {"type": "Feature", "geometry": {"type": "Polygon", "coordinates": [[[243.43188645789374, -38.82705584540972], [240.39823841054144, -38.93837584552415], [240.49609802472543, -43.83645584541782], [243.3340268433621, -43.83645584541782], [243.43188645789374, -38.82705584540972]]]}, "properties": {"id": 679, "height_m": 6.0, "levels": 2, "category": "residencial", "extrude": true, "manzana_id": 42}}, {"type": "Feature", "geometry": {"type": "Polygon", "coordinates": [[[240.30037879600977, -29.587495845403566], [240.39823841054144, -35.042175845473906], [243.52974607207773, -34.930855845359474], [243.52974607207773, -29.81013584563243], [240.30037879600977, -29.587495845403566]]]}, "properties": {"id": 680, "height_m": 6.0, "levels": 2, "category": "residencial", "extrude": true, "manzana_id": 42}}, {"type": "Feature", "geometry": {"type": "Polygon", "coordinates": [[[240.39823841054144, -35.042175845473906], [239.71322110951516, -35.042175845473906], [239.71322110951516, -38.93837584552415], [240.39823841054144, -38.93837584552415], [243.43188645789374, -38.82705584540972], [243.52974607207773, -34.930855845359474], [240.39823841054144, -35.042175845473906]]]}, "properties": {"id": 681, "height_m": 3.0, "levels": 1, "category": "residencial", "extrude": true, "manzana_id": 42}}, {"type": "Feature", "geometry": {"type": "Polygon", "coordinates": [[[239.71322110951516, -35.042175845473906], [236.87529229087855, -35.042175845473906], [236.7774326763469, -39.04969584563858], [239.71322110951516, -38.93837584552415], [239.71322110951516, -35.042175845473906]]]}, "properties": {"id": 682, "height_m": 6.0, "levels": 2, "category": "residencial", "extrude": true, "manzana_id": 42}}, {"type": "Feature", "geometry": {"type": "Polygon", "coordinates": [[[233.93950385805792, -29.253535845455758], [233.74378462899455, -32.81577584555819], [236.97315190541016, -33.03841584539157], [237.16887113412582, -29.476175845684622], [236.97315190541016, -29.476175845684622], [233.93950385805792, -29.253535845455758]]]}, "properties": {"id": 683, "height_m": 12.0, "levels": 4, "category": "residencial", "extrude": true, "manzana_id": 42}}, {"type": "Feature", "geometry": {"type": "Polygon", "coordinates": [[[236.97315190541016, -43.94777584553225], [236.97315190541016, -40.94213584560649], [233.64592501481056, -40.94213584560649], [233.54806540027894, -44.05909584564668], [236.97315190541016, -43.94777584553225]]]}, "properties": {"id": 684, "height_m": 12.0, "levels": 4, "category": "residencial", "extrude": true, "manzana_id": 42}}, {"type": "Feature", "geometry": {"type": "Polygon", "coordinates": [[[244.01904414438835, -18.01021584536727], [236.97315190541016, -17.898895845648326], [236.97315190541016, -22.351695845479753], [240.20251918147812, -22.463015845594185], [240.10465956729414, -19.79133584561623], [243.9211845298567, -19.79133584561623], [244.01904414438835, -18.01021584536727]]]}, "properties": {"id": 685, "height_m": 9.0, "levels": 3, "category": "residencial", "extrude": true, "manzana_id": 42}}, {"type": "Feature", "geometry": {"type": "Polygon", "coordinates": [[[236.97315190541016, -26.80449584570667], [236.97315190541016, -29.476175845684622], [239.22392303720457, -29.587495845403566], [239.22392303720457, -26.80449584570667], [236.97315190541016, -26.80449584570667]]]}, "properties": {"id": 686, "height_m": 9.0, "levels": 3, "category": "residencial", "extrude": true, "manzana_id": 42}}, {"type": "Feature", "geometry": {"type": "Polygon", "coordinates": [[[236.97315190541016, -25.468655845519947], [236.97315190541016, -26.80449584570667], [239.22392303720457, -26.80449584570667], [239.22392303720457, -29.587495845403566], [243.8233249156727, -29.81013584563243], [243.9211845298567, -19.79133584561623], [240.10465956729414, -19.79133584561623], [240.20251918147812, -22.463015845594185], [240.20251918147812, -25.468655845519947], [236.97315190541016, -25.468655845519947]]]}, "properties": {"id": 687, "height_m": 6.0, "levels": 2, "category": "residencial", "extrude": true, "manzana_id": 42}}, {"type": "Feature", "geometry": {"type": "Polygon", "coordinates": [[[240.30037879600977, -8.993295845589984], [243.9211845298567, -8.993295845589984], [243.8233249156727, -14.336655845545891], [243.72546530114104, -17.453615845586086], [244.01904414438835, -18.01021584536727], [246.75911334849334, -18.01021584536727], [246.85697296302496, -8.548015845527743], [246.95483257720895, -7.100855845622078], [237.07101151994183, -7.21217584573651], [237.07101151994183, -8.548015845527743], [237.07101151994183, -8.993295845589984], [240.30037879600977, -8.993295845589984]]]}, "properties": {"id": 688, "height_m": 3.0, "levels": 1, "category": "residencial", "extrude": true, "manzana_id": 42}}, {"type": "Feature", "geometry": {"type": "Polygon", "coordinates": [[[240.39823841054144, -14.336655845545891], [243.8233249156727, -14.336655845545891], [243.9211845298567, -8.993295845589984], [240.30037879600977, -8.993295845589984], [237.07101151994183, -8.993295845589984], [236.97315190541016, -17.898895845648326], [240.30037879600977, -18.01021584536727], [240.39823841054144, -14.336655845545891]]]}, "properties": {"id": 689, "height_m": 6.0, "levels": 2, "category": "residencial", "extrude": true, "manzana_id": 42}}, {"type": "Feature", "geometry": {"type": "Polygon", "coordinates": [[[227.57862892010598, -8.659335845642175], [225.91501547480618, -8.659335845642175], [225.91501547480618, -13.00081584535917], [227.57862892010598, -13.00081584535917], [227.57862892010598, -8.659335845642175]]]}, "properties": {"id": 690, "height_m": 9.0, "levels": 3, "category": "residencial", "extrude": true, "manzana_id": 42}}, {"type": "Feature", "geometry": {"type": "Polygon", "coordinates": [[[234.82024038779977, -8.659335845642175], [234.72238077326813, -12.889495845640226], [237.07101151994183, -12.889495845640226], [237.07101151994183, -8.548015845527743], [234.82024038779977, -8.659335845642175]]]}, "properties": {"id": 691, "height_m": 9.0, "levels": 3, "category": "residencial", "extrude": true, "manzana_id": 42}}, {"type": "Feature", "geometry": {"type": "Polygon", "coordinates": [[[233.54806540027894, -27.138455845654477], [233.54806540027894, -29.253535845455758], [233.93950385805792, -29.253535845455758], [236.97315190541016, -29.476175845684622], [236.97315190541016, -27.24977584537342], [233.54806540027894, -27.138455845654477]]]}, "properties": {"id": 692, "height_m": 9.0, "levels": 3, "category": "residencial", "extrude": true, "manzana_id": 42}}, {"type": "Feature", "geometry": {"type": "Polygon", "coordinates": [[[226.01287508899017, -26.915815845425612], [226.01287508899017, -28.91957584550795], [228.9486635221585, -29.030895845622382], [229.53582120865312, -29.030895845622382], [229.53582120865312, -27.027135845540045], [226.01287508899017, -26.915815845425612]]]}, "properties": {"id": 693, "height_m": 9.0, "levels": 3, "category": "residencial", "extrude": true, "manzana_id": 42}}, {"type": "Feature", "geometry": {"type": "Polygon", "coordinates": [[[227.57862892010598, -8.659335845642175], [227.57862892010598, -13.00081584535917], [225.91501547480618, -13.00081584535917], [226.01287508899017, -26.915815845425612], [229.53582120865312, -27.027135845540045], [229.53582120865312, -25.57997584563438], [233.54806540027894, -25.57997584563438], [233.54806540027894, -27.138455845654477], [236.97315190541016, -27.24977584537342], [236.97315190541016, -17.898895845648326], [237.07101151994183, -12.889495845640226], [234.72238077326813, -12.889495845640226], [234.82024038779977, -8.659335845642175], [227.57862892010598, -8.659335845642175]]]}, "properties": {"id": 694, "height_m": 6.0, "levels": 2, "category": "residencial", "extrude": true, "manzana_id": 42}}, {"type": "Feature", "geometry": {"type": "Polygon", "coordinates": [[[216.03119441719141, -9.104615845704416], [216.1290540313754, -16.117775845399365], [219.55414053650665, -16.00645584568042], [219.6520001510383, -18.78945584537732], [219.358421307791, -18.78945584537732], [219.358421307791, -22.017735845531945], [221.11989436762246, -22.017735845531945], [221.11989436762246, -19.457375845668423], [225.91501547480618, -19.568695845387367], [225.91501547480618, -13.334775845702467], [220.2391578375329, -13.223455845588035], [220.2391578375329, -9.21593584542336], [216.03119441719141, -9.104615845704416]]]}, "properties": {"id": 695, "height_m": 6.0, "levels": 2, "category": "residencial", "extrude": true, "manzana_id": 42}}, {"type": "Feature", "geometry": {"type": "Polygon", "coordinates": [[[220.2391578375329, -9.21593584542336], [220.2391578375329, -13.223455845588035], [225.91501547480618, -13.334775845702467], [225.91501547480618, -9.21593584542336], [220.2391578375329, -9.21593584542336]]]}, "properties": {"id": 696, "height_m": 6.0, "levels": 2, "category": "residencial", "extrude": true, "manzana_id": 42}}, {"type": "Feature", "geometry": {"type": "Polygon", "coordinates": [[[219.358421307791, -18.78945584537732], [216.1290540313754, -18.78945584537732], [216.22691364590705, -22.017735845531945], [219.358421307791, -22.017735845531945], [219.358421307791, -18.78945584537732]]]}, "properties": {"id": 697, "height_m": 9.0, "levels": 3, "category": "residencial", "extrude": true, "manzana_id": 42}}, {"type": "Feature", "geometry": {"type": "Polygon", "coordinates": [[[216.03119441719141, -8.659335845642175], [211.3339329245393, -8.77065584536112], [211.3339329245393, -10.997055845672321], [213.19326559855475, -11.108375845391265], [213.19326559855475, -15.11589584555594], [213.0954059840231, -18.90077584549175], [211.3339329245393, -18.90077584549175], [211.23607331000764, -26.136575845415564], [212.8018271407758, -26.136575845415564], [212.8018271407758, -21.906415845417513], [216.22691364590705, -22.017735845531945], [216.03119441719141, -8.659335845642175]]]}, "properties": {"id": 698, "height_m": 3.0, "levels": 1, "category": "residencial", "extrude": true, "manzana_id": 42}}, {"type": "Feature", "geometry": {"type": "Polygon", "coordinates": [[[216.22691364590705, -22.017735845531945], [212.8018271407758, -21.906415845417513], [212.8018271407758, -26.136575845415564], [216.22691364590705, -26.247895845529996], [216.22691364590705, -22.017735845531945]]]}, "properties": {"id": 699, "height_m": 6.0, "levels": 2, "category": "residencial", "extrude": true, "manzana_id": 42}}, {"type": "Feature", "geometry": {"type": "Polygon", "coordinates": [[[211.3339329245393, -10.997055845672321], [211.3339329245393, -15.11589584555594], [213.19326559855475, -15.11589584555594], [213.19326559855475, -11.108375845391265], [211.3339329245393, -10.997055845672321]]]}, "properties": {"id": 700, "height_m": 9.0, "levels": 3, "category": "residencial", "extrude": true, "manzana_id": 42}}, {"type": "Feature", "geometry": {"type": "Polygon", "coordinates": [[[206.14737335957662, -8.77065584536112], [205.75593490179764, -27.806375845550093], [206.83239066060287, -27.917695845664525], [207.8109868048764, -27.917695845664525], [207.8109868048764, -26.581855845477804], [208.5938637204343, -26.581855845477804], [208.5938637204343, -23.576215845552042], [211.23607331000764, -23.798855845385418], [211.3339329245393, -18.90077584549175], [209.6703194792395, -18.90077584549175], [209.7681790934235, -15.11589584555594], [211.3339329245393, -15.11589584555594], [211.3339329245393, -12.221575845349122], [209.1810214069289, -12.221575845349122], [209.1810214069289, -8.77065584536112], [206.14737335957662, -8.77065584536112]]]}, "properties": {"id": 701, "height_m": 6.0, "levels": 2, "category": "residencial", "extrude": true, "manzana_id": 42}}, {"type": "Feature", "geometry": {"type": "Polygon", "coordinates": [[[211.3339329245393, -8.77065584536112], [209.1810214069289, -8.77065584536112], [209.1810214069289, -12.221575845349122], [211.3339329245393, -12.221575845349122], [211.3339329245393, -8.77065584536112]]]}, "properties": {"id": 702, "height_m": 9.0, "levels": 3, "category": "residencial", "extrude": true, "manzana_id": 42}}, {"type": "Feature", "geometry": {"type": "Polygon", "coordinates": [[[211.23607331000764, -23.798855845385418], [208.5938637204343, -23.576215845552042], [208.5938637204343, -26.581855845477804], [211.23607331000764, -26.581855845477804], [211.23607331000764, -23.798855845385418]]]}, "properties": {"id": 703, "height_m": 9.0, "levels": 3, "category": "residencial", "extrude": true, "manzana_id": 42}}, {"type": "Feature", "geometry": {"type": "Polygon", "coordinates": [[[206.14737335957662, -8.77065584536112], [195.96997345871452, -8.77065584536112], [196.16569268743015, -12.889495845640226], [206.04951374504495, -13.112135845473603], [206.14737335957662, -8.77065584536112]]]}, "properties": {"id": 704, "height_m": 6.0, "levels": 2, "category": "residencial", "extrude": true, "manzana_id": 42}}, {"type": "Feature", "geometry": {"type": "Polygon", "coordinates": [[[196.16569268743015, -12.889495845640226], [196.2635523019618, -15.56117584561818], [196.2635523019618, -16.117775845399365], [196.36141191649347, -27.361095845487853], [205.75593490179764, -27.806375845550093], [206.04951374504495, -13.112135845473603], [196.16569268743015, -12.889495845640226]]]}, "properties": {"id": 705, "height_m": 9.0, "levels": 3, "category": "residencial", "extrude": true, "manzana_id": 42}}, {"type": "Feature", "geometry": {"type": "Polygon", "coordinates": [[[225.52357701702724, -28.91957584550795], [225.42571740249556, -32.927095845672625], [228.85080390762684, -32.927095845672625], [228.9486635221585, -29.030895845622382], [226.01287508899017, -28.91957584550795], [225.52357701702724, -28.91957584550795]]]}, "properties": {"id": 706, "height_m": 3.0, "levels": 1, "category": "residencial", "extrude": true, "manzana_id": 42}}, {"type": "Feature", "geometry": {"type": "Polygon", "coordinates": [[[190.7834138937518, -7.657455845403263], [190.7834138937518, -7.100855845622078], [185.59685432913676, -7.21217584573651], [184.9118370281105, -7.880095845632127], [185.0096966422945, -11.219695845505697], [185.69471394332075, -11.219695845505697], [185.59685432913676, -7.880095845632127], [190.7834138937518, -7.657455845403263]]]}, "properties": {"id": 707, "height_m": 3.0, "levels": 1, "category": "residencial", "extrude": true, "manzana_id": 42}}, {"type": "Feature", "geometry": {"type": "Polygon", "coordinates": [[[196.16569268743015, -13.557415845535843], [194.8935176999093, -13.668735845650275], [194.99137731444097, -15.56117584561818], [196.2635523019618, -15.56117584561818], [196.16569268743015, -13.557415845535843]]]}, "properties": {"id": 708, "height_m": 6.0, "levels": 2, "category": "residencial", "extrude": true, "manzana_id": 42}}, {"type": "Feature", "geometry": {"type": "Polygon", "coordinates": [[[195.96997345871452, -7.546135845684319], [191.76201003837303, -7.657455845403263], [191.76201003837303, -8.881975845475552], [195.96997345871452, -8.659335845642175], [195.96997345871452, -7.546135845684319]]]}, "properties": {"id": 709, "height_m": 3.0, "levels": 1, "category": "residencial", "extrude": true, "manzana_id": 42}}, {"type": "Feature", "geometry": {"type": "Polygon", "coordinates": [[[193.32776386914117, -15.672495845732612], [193.32776386914117, -13.668735845650275], [191.27271196606242, -13.780055845369219], [191.37057158059406, -15.672495845732612], [193.32776386914117, -15.672495845732612]]]}, "properties": {"id": 710, "height_m": 6.0, "levels": 2, "category": "residencial", "extrude": true, "manzana_id": 42}}, {"type": "Feature", "geometry": {"type": "Polygon", "coordinates": [[[196.06783307324616, -9.21593584542336], [192.54488695358327, -9.438575845652224], [192.64274656811492, -12.110255845630178], [189.80481774947825, -12.221575845349122], [189.80481774947825, -13.223455845588035], [186.47759085887867, -13.334775845702467], [186.47759085887867, -15.783815845451556], [191.37057158059406, -15.672495845732612], [191.27271196606242, -13.780055845369219], [193.32776386914117, -13.668735845650275], [193.32776386914117, -15.672495845732612], [194.99137731444097, -15.56117584561818], [194.8935176999093, -13.668735845650275], [196.16569268743015, -13.557415845535843], [196.06783307324616, -9.21593584542336]]]}, "properties": {"id": 711, "height_m": 9.0, "levels": 3, "category": "residencial", "extrude": true, "manzana_id": 42}}, {"type": "Feature", "geometry": {"type": "Polygon", "coordinates": [[[190.7834138937518, -7.657455845403263], [185.59685432913676, -7.880095845632127], [185.69471394332075, -11.219695845505697], [185.89043317238406, -15.895135845565989], [186.47759085887867, -15.783815845451556], [186.47759085887867, -13.334775845702467], [189.80481774947825, -13.223455845588035], [189.80481774947825, -12.221575845349122], [192.64274656811492, -12.110255845630178], [192.54488695358327, -9.438575845652224], [196.06783307324616, -9.21593584542336], [195.96997345871452, -8.659335845642175], [191.76201003837303, -8.881975845475552], [191.76201003837303, -7.657455845403263], [190.7834138937518, -7.657455845403263]]]}, "properties": {"id": 712, "height_m": 6.0, "levels": 2, "category": "residencial", "extrude": true, "manzana_id": 42}}, {"type": "Feature", "geometry": {"type": "Polygon", "coordinates": [[[6.513759920124221, 78.83818415452566], [3.5779714873035777, 78.39290415446342], [4.9480060893560776, 68.37410415444722], [7.8837945221767205, 68.81938415450946], [6.513759920124221, 78.83818415452566]]]}, "properties": {"id": 713, "height_m": 6.0, "levels": 2, "category": "residencial", "extrude": true, "manzana_id": 35}}, {"type": "Feature", "geometry": {"type": "Polygon", "coordinates": [[[12.776775243892125, 77.94762415440118], [10.917442569529017, 77.7249841545678], [11.798179099618578, 71.04578415442518], [13.657511773634019, 71.37974415437299], [13.559652159102363, 72.49294415433084], [14.733967532439221, 72.60426415444527], [14.244669460128613, 77.0570641542767], [12.972494472607767, 76.83442415444333], [12.776775243892125, 77.94762415440118]]]}, "properties": {"id": 714, "height_m": 12.0, "levels": 4, "category": "residencial", "extrude": true, "manzana_id": 35}}, {"type": "Feature", "geometry": {"type": "Polygon", "coordinates": [[[7.8837945221767205, 68.81938415450946], [20.996982855859457, 70.60050415436294], [20.996982855859457, 70.71182415447737], [20.899123241675472, 71.15710415453961], [19.52908863962297, 80.61930415437914], [6.513759920124221, 78.83818415452566], [7.8837945221767205, 68.81938415450946]]]}, "properties": {"id": 715, "height_m": 9.0, "levels": 3, "category": "residencial", "extrude": true, "manzana_id": 35}}, {"type": "Feature", "geometry": {"type": "Polygon", "coordinates": [[[4.262988788329827, 11.044304154442415], [3.28439264405628, 10.932984154327983], [3.96940994508253, 6.925464154558796], [4.850146474824423, 7.148104154392172], [4.262988788329827, 11.044304154442415]]]}, "properties": {"id": 716, "height_m": 3.0, "levels": 1, "category": "residencial", "extrude": true, "manzana_id": 34}}, {"type": "Feature", "geometry": {"type": "Polygon", "coordinates": [[[18.15905403757047, 6.925464154558796], [17.571896351075875, 10.376384154546798], [16.495440592270672, 10.153744154317934], [16.984738664233614, 6.702824154329932], [18.15905403757047, 6.925464154558796]]]}, "properties": {"id": 717, "height_m": 9.0, "levels": 3, "category": "residencial", "extrude": true, "manzana_id": 34}}, {"type": "Feature", "geometry": {"type": "Polygon", "coordinates": [[[20.01838671158591, 14.383904154315985], [15.908282905428411, 13.715984154420369], [16.299721363207365, 11.155624154556847], [16.495440592270672, 10.153744154317934], [17.571896351075875, 10.376384154546798], [18.15905403757047, 6.925464154558796], [21.192702084922768, 7.259424154506604], [20.01838671158591, 14.383904154315985]]]}, "properties": {"id": 718, "height_m": 6.0, "levels": 2, "category": "residencial", "extrude": true, "manzana_id": 34}}, {"type": "Feature", "geometry": {"type": "Polygon", "coordinates": [[[16.495440592270672, 10.153744154317934], [14.04895023141297, 9.819784154370126], [14.636107917907566, 6.368864154382123], [16.984738664233614, 6.702824154329932], [16.495440592270672, 10.153744154317934]]]}, "properties": {"id": 719, "height_m": 9.0, "levels": 3, "category": "residencial", "extrude": true, "manzana_id": 34}}, {"type": "Feature", "geometry": {"type": "Polygon", "coordinates": [[[16.299721363207365, 11.155624154556847], [13.853231002697328, 10.710344154494607], [14.04895023141297, 9.819784154370126], [16.495440592270672, 10.153744154317934], [16.299721363207365, 11.155624154556847]]]}, "properties": {"id": 720, "height_m": 6.0, "levels": 2, "category": "residencial", "extrude": true, "manzana_id": 34}}, {"type": "Feature", "geometry": {"type": "Polygon", "coordinates": [[[13.461792544918376, 13.38202415447256], [8.960250280981922, 12.602784154462512], [9.25382912422922, 11.044304154442415], [10.623863726281721, 11.26694415427579], [10.917442569529017, 9.263184154588942], [14.04895023141297, 9.819784154370126], [13.853231002697328, 10.710344154494607], [13.461792544918376, 13.38202415447256]]]}, "properties": {"id": 721, "height_m": 9.0, "levels": 3, "category": "residencial", "extrude": true, "manzana_id": 34}}, {"type": "Feature", "geometry": {"type": "Polygon", "coordinates": [[[8.960250280981922, 12.602784154462512], [4.850146474824423, 12.04618415428584], [4.165129173798173, 11.934864154566895], [4.262988788329827, 11.044304154442415], [4.850146474824423, 7.148104154392172], [5.241584932603375, 5.1443441543098345], [5.926602233629625, 5.255664154424267], [14.636107917907566, 6.368864154382123], [14.04895023141297, 9.819784154370126], [10.917442569529017, 9.263184154588942], [10.623863726281721, 11.26694415427579], [9.25382912422922, 11.044304154442415], [8.960250280981922, 12.602784154462512]]]}, "properties": {"id": 722, "height_m": 6.0, "levels": 2, "category": "residencial", "extrude": true, "manzana_id": 34}}, {"type": "Feature", "geometry": {"type": "Polygon", "coordinates": [[[34.99090771963176, 0.3575841545305991], [32.05511928681111, -0.08769584553164123], [32.25083851552676, -1.6461758455517383], [35.1866269483474, -1.200895845489498], [34.99090771963176, 0.3575841545305991]]]}, "properties": {"id": 723, "height_m": 3.0, "levels": 1, "category": "residencial", "extrude": true, "manzana_id": 34}}, {"type": "Feature", "geometry": {"type": "Polygon", "coordinates": [[[40.47104612784176, 9.931104154484558], [40.960344199804695, 6.034904154434315], [39.19887114032091, 5.812264154600939], [39.78602882681551, 1.0255041544262156], [45.364026849209495, 1.8047441544362641], [44.09185186168865, 10.487704154265742], [40.47104612784176, 9.931104154484558]]]}, "properties": {"id": 724, "height_m": 6.0, "levels": 2, "category": "residencial", "extrude": true, "manzana_id": 34}}, {"type": "Feature", "geometry": {"type": "Polygon", "coordinates": [[[33.816592346642565, 7.593384154454412], [34.01231157535821, 6.257544154267691], [31.174382756721553, 5.923584154319883], [31.95725967227946, 0.6915441544784073], [32.05511928681111, -0.08769584553164123], [34.99090771963176, 0.3575841545305991], [39.78602882681551, 1.0255041544262156], [39.19887114032091, 5.812264154600939], [40.960344199804695, 6.034904154434315], [40.47104612784176, 9.931104154484558], [33.62087311757926, 9.040544154360077], [33.816592346642565, 7.593384154454412]]]}, "properties": {"id": 725, "height_m": 9.0, "levels": 3, "category": "residencial", "extrude": true, "manzana_id": 34}}, {"type": "Feature", "geometry": {"type": "Polygon", "coordinates": [[[33.816592346642565, 7.593384154454412], [30.97866352800591, 7.259424154506604], [31.174382756721553, 5.923584154319883], [34.01231157535821, 6.257544154267691], [33.816592346642565, 7.593384154454412]]]}, "properties": {"id": 726, "height_m": 6.0, "levels": 2, "category": "residencial", "extrude": true, "manzana_id": 34}}, {"type": "Feature", "geometry": {"type": "Polygon", "coordinates": [[[41.35178265758365, 17.16690415440837], [29.706488540485065, 15.497104154273842], [30.09792699826402, 12.157504154400272], [37.24167885142615, 13.048064154524752], [37.730976923736755, 9.59714415453675], [40.47104612784176, 9.931104154484558], [40.17746728459446, 12.93674415441032], [41.84108072989426, 13.159384154639184], [41.35178265758365, 17.16690415440837]]]}, "properties": {"id": 727, "height_m": 6.0, "levels": 2, "category": "residencial", "extrude": true, "manzana_id": 34}}, {"type": "Feature", "geometry": {"type": "Polygon", "coordinates": [[[37.730976923736755, 9.59714415453675], [37.24167885142615, 13.048064154524752], [30.09792699826402, 12.157504154400272], [30.58722507022696, 8.595264154297837], [30.782944298942603, 8.595264154297837], [33.62087311757926, 9.040544154360077], [37.730976923736755, 9.59714415453675]]]}, "properties": {"id": 728, "height_m": 9.0, "levels": 3, "category": "residencial", "extrude": true, "manzana_id": 34}}, {"type": "Feature", "geometry": {"type": "Polygon", "coordinates": [[[25.596384734327565, 26.29514415430009], [22.75845591569091, 25.849864154633337], [23.443473216717162, 21.73102415435423], [24.519928975522365, 15.05182415460709], [24.519928975522365, 14.829184154378225], [27.35785779415902, 15.163144154326034], [26.379261649537803, 20.840464154625238], [25.596384734327565, 26.29514415430009]]]}, "properties": {"id": 729, "height_m": 3.0, "levels": 1, "category": "residencial", "extrude": true, "manzana_id": 34}}, {"type": "Feature", "geometry": {"type": "Polygon", "coordinates": [[[43.308974946130746, 22.06498415430204], [38.905292296725946, 21.508384154520854], [39.49244998356821, 16.944264154574995], [43.993992247156996, 17.50086415435618], [43.308974946130746, 22.06498415430204]]]}, "properties": {"id": 730, "height_m": 6.0, "levels": 2, "category": "residencial", "extrude": true, "manzana_id": 34}}, {"type": "Feature", "geometry": {"type": "Polygon", "coordinates": [[[42.3303788018572, 28.966824154278044], [37.9266961524524, 28.298904154382427], [38.51385383929466, 24.068744154384376], [42.91753648869946, 24.736664154279993], [42.3303788018572, 28.966824154278044]]]}, "properties": {"id": 731, "height_m": 6.0, "levels": 2, "category": "residencial", "extrude": true, "manzana_id": 34}}, {"type": "Feature", "geometry": {"type": "Polygon", "coordinates": [[[42.0367999586099, 31.527184154537053], [35.28448656287905, 30.52530415429814], [35.675925020658006, 27.853624154320187], [37.9266961524524, 28.298904154382427], [42.3303788018572, 28.966824154278044], [42.0367999586099, 31.527184154537053]]]}, "properties": {"id": 732, "height_m": 3.0, "levels": 1, "category": "residencial", "extrude": true, "manzana_id": 34}}, {"type": "Feature", "geometry": {"type": "Polygon", "coordinates": [[[34.99090771963176, 16.27634415428389], [34.5994692618528, 18.72538415442847], [31.761540443563817, 18.39142415448066], [32.05511928681111, 15.831064154617138], [34.99090771963176, 16.27634415428389]]]}, "properties": {"id": 733, "height_m": 3.0, "levels": 1, "category": "residencial", "extrude": true, "manzana_id": 34}}, {"type": "Feature", "geometry": {"type": "Polygon", "coordinates": [[[33.71873273211091, 27.63098415448681], [30.685084684758614, 27.07438415431014], [30.880803913474256, 25.627224154404473], [34.01231157535821, 26.183824154581146], [33.71873273211091, 27.63098415448681]]]}, "properties": {"id": 734, "height_m": 3.0, "levels": 1, "category": "residencial", "extrude": true, "manzana_id": 34}}, {"type": "Feature", "geometry": {"type": "Polygon", "coordinates": [[[31.370101985784864, 15.719744154502706], [30.58722507022696, 21.397064154406422], [26.379261649537803, 20.840464154625238], [27.35785779415902, 15.163144154326034], [31.370101985784864, 15.719744154502706]]]}, "properties": {"id": 735, "height_m": 12.0, "levels": 4, "category": "residencial", "extrude": true, "manzana_id": 34}}, {"type": "Feature", "geometry": {"type": "Polygon", "coordinates": [[[30.685084684758614, 27.07438415431014], [25.596384734327565, 26.29514415430009], [26.379261649537803, 20.840464154625238], [30.58722507022696, 21.397064154406422], [31.370101985784864, 15.719744154502706], [32.05511928681111, 15.831064154617138], [31.761540443563817, 18.39142415448066], [34.5994692618528, 18.72538415442847], [34.99090771963176, 16.27634415428389], [39.49244998356821, 16.944264154574995], [38.905292296725946, 21.508384154520854], [43.308974946130746, 22.06498415430204], [42.91753648869946, 24.736664154279993], [38.51385383929466, 24.068744154384376], [37.9266961524524, 28.298904154382427], [35.675925020658006, 27.853624154320187], [33.71873273211091, 27.63098415448681], [34.01231157535821, 26.183824154581146], [30.880803913474256, 25.627224154404473], [30.685084684758614, 27.07438415431014]]]}, "properties": {"id": 736, "height_m": 9.0, "levels": 3, "category": "residencial", "extrude": true, "manzana_id": 34}}, {"type": "Feature", "geometry": {"type": "Polygon", "coordinates": [[[27.84715586612196, 49.78366415432049], [28.140734709369255, 47.77990415463364], [26.379261649537803, 47.445944154290345], [26.574980878601114, 46.221424154613544], [24.519928975522365, 45.88746415427025], [24.81350781876966, 43.8837041545834], [32.74013658783736, 45.1082241542602], [32.05511928681111, 50.34026415449716], [27.84715586612196, 49.78366415432049]]]}, "properties": {"id": 737, "height_m": 9.0, "levels": 3, "category": "residencial", "extrude": true, "manzana_id": 35}}, {"type": "Feature", "geometry": {"type": "Polygon", "coordinates": [[[33.914451960826554, 50.67422415444497], [34.5994692618528, 45.33086415448906], [32.74013658783736, 45.1082241542602], [33.229434659800305, 41.99126415461549], [39.2967307545049, 42.881824154344486], [38.12241538151571, 51.230824154621644], [33.914451960826554, 50.67422415444497]]]}, "properties": {"id": 738, "height_m": 6.0, "levels": 2, "category": "residencial", "extrude": true, "manzana_id": 35}}, {"type": "Feature", "geometry": {"type": "Polygon", "coordinates": [[[33.914451960826554, 50.67422415444497], [32.05511928681111, 50.34026415449716], [32.74013658783736, 45.1082241542602], [34.5994692618528, 45.33086415448906], [33.914451960826554, 50.67422415444497]]]}, "properties": {"id": 739, "height_m": 9.0, "levels": 3, "category": "residencial", "extrude": true, "manzana_id": 35}}, {"type": "Feature", "geometry": {"type": "Polygon", "coordinates": [[[33.229434659800305, 41.99126415461549], [27.553577022874663, 41.212024154605444], [27.651436637406317, 40.65542415442877], [39.98174805553115, 42.3252241545633], [38.80743268254196, 51.34214415434059], [38.12241538151571, 51.230824154621644], [39.2967307545049, 42.881824154344486], [33.229434659800305, 41.99126415461549]]]}, "properties": {"id": 740, "height_m": 3.0, "levels": 1, "category": "residencial", "extrude": true, "manzana_id": 35}}, {"type": "Feature", "geometry": {"type": "Polygon", "coordinates": [[[32.74013658783736, 45.1082241542602], [24.81350781876966, 43.8837041545834], [25.49852511979591, 39.20826415452311], [27.455717408343006, 39.43090415435648], [27.84715586612196, 39.542224154470915], [27.651436637406317, 40.65542415442877], [27.553577022874663, 41.212024154605444], [33.229434659800305, 41.99126415461549], [32.74013658783736, 45.1082241542602]]]}, "properties": {"id": 741, "height_m": 6.0, "levels": 2, "category": "residencial", "extrude": true, "manzana_id": 35}}, {"type": "Feature", "geometry": {"type": "Polygon", "coordinates": [[[36.65452116493155, 58.24398415431659], [31.95725967227946, 57.576064154420976], [32.93585581655301, 50.451584154611595], [37.633117309205105, 51.11950415450721], [37.535257695021116, 52.3440241545795], [36.850240393994866, 56.79682415441093], [36.65452116493155, 58.24398415431659]]]}, "properties": {"id": 742, "height_m": 6.0, "levels": 2, "category": "residencial", "extrude": true, "manzana_id": 35}}, {"type": "Feature", "geometry": {"type": "Polygon", "coordinates": [[[37.535257695021116, 52.3440241545795], [38.70957306801031, 52.455344154298444], [38.12241538151571, 57.01946415463979], [36.850240393994866, 56.79682415441093], [37.535257695021116, 52.3440241545795]]]}, "properties": {"id": 743, "height_m": 3.0, "levels": 1, "category": "residencial", "extrude": true, "manzana_id": 35}}, {"type": "Feature", "geometry": {"type": "Polygon", "coordinates": [[[31.95725967227946, 57.576064154420976], [23.05203475893821, 56.46286415446312], [24.030630903211755, 49.33838415465374], [26.966419336380067, 49.67234415460155], [26.574980878601114, 52.78930415464174], [29.60862892595341, 53.23458415430849], [30.000067383732365, 50.1176241542683], [32.93585581655301, 50.451584154611595], [31.95725967227946, 57.576064154420976]]]}, "properties": {"id": 744, "height_m": 9.0, "levels": 3, "category": "residencial", "extrude": true, "manzana_id": 35}}, {"type": "Feature", "geometry": {"type": "Polygon", "coordinates": [[[24.715648204238008, 63.809984154501365], [22.07343861466466, 63.364704154439124], [23.05203475893821, 56.46286415446312], [25.694244348859222, 56.79682415441093], [24.715648204238008, 63.809984154501365]]]}, "properties": {"id": 745, "height_m": 3.0, "levels": 1, "category": "residencial", "extrude": true, "manzana_id": 35}}, {"type": "Feature", "geometry": {"type": "Polygon", "coordinates": [[[35.48020579194237, 65.25714415440703], [24.715648204238008, 63.809984154501365], [25.694244348859222, 56.79682415441093], [31.95725967227946, 57.576064154420976], [40.079607670062806, 58.68926415437883], [39.68816921228385, 61.58358415458565], [36.06736347843696, 61.13830415452341], [35.48020579194237, 65.25714415440703]]]}, "properties": {"id": 746, "height_m": 6.0, "levels": 2, "category": "residencial", "extrude": true, "manzana_id": 35}}, {"type": "Feature", "geometry": {"type": "Polygon", "coordinates": [[[26.966419336380067, 71.49106415448742], [24.030630903211755, 71.04578415442518], [20.996982855859457, 70.60050415436294], [21.779859771417364, 65.03450415457365], [24.519928975522365, 65.4797841546359], [24.715648204238008, 63.809984154501365], [35.48020579194237, 65.25714415440703], [35.28448656287905, 66.14770415453151], [36.5566615503999, 66.37034415436489], [36.16522309296862, 69.15334415445727], [35.088767334163414, 68.9307041546239], [34.5994692618528, 72.49294415433084], [31.859400057747806, 72.15898415438303], [32.25083851552676, 69.2646641545717], [27.35785779415902, 68.5967441542806], [26.966419336380067, 71.49106415448742]]]}, "properties": {"id": 747, "height_m": 9.0, "levels": 3, "category": "residencial", "extrude": true, "manzana_id": 35}}, {"type": "Feature", "geometry": {"type": "Polygon", "coordinates": [[[31.859400057747806, 72.15898415438303], [26.966419336380067, 71.49106415448742], [27.35785779415902, 68.5967441542806], [32.25083851552676, 69.2646641545717], [31.859400057747806, 72.15898415438303]]]}, "properties": {"id": 748, "height_m": 12.0, "levels": 4, "category": "residencial", "extrude": true, "manzana_id": 35}}, {"type": "Feature", "geometry": {"type": "Polygon", "coordinates": [[[21.58414054270172, 80.95326415432694], [19.52908863962297, 80.73062415449357], [20.214105940649223, 75.94386415431885], [30.000067383732365, 77.16838415439113], [29.60862892595341, 79.95138415448352], [21.877719385949018, 78.83818415452566], [21.779859771417364, 79.39478415430685], [21.58414054270172, 80.95326415432694]]]}, "properties": {"id": 749, "height_m": 6.0, "levels": 2, "category": "residencial", "extrude": true, "manzana_id": 35}}, {"type": "Feature", "geometry": {"type": "Polygon", "coordinates": [[[31.859400057747806, 72.15898415438303], [31.174382756721553, 77.27970415450557], [30.000067383732365, 77.16838415439113], [30.782944298942603, 71.93634415454966], [31.859400057747806, 72.15898415438303]]]}, "properties": {"id": 750, "height_m": 9.0, "levels": 3, "category": "residencial", "extrude": true, "manzana_id": 35}}, {"type": "Feature", "geometry": {"type": "Polygon", "coordinates": [[[34.5994692618528, 72.49294415433084], [33.62087311757926, 80.5079841542647], [29.60862892595341, 79.95138415448352], [30.000067383732365, 77.16838415439113], [31.174382756721553, 77.27970415450557], [31.859400057747806, 72.15898415438303], [34.5994692618528, 72.49294415433084]]]}, "properties": {"id": 751, "height_m": 6.0, "levels": 2, "category": "residencial", "extrude": true, "manzana_id": 35}}, {"type": "Feature", "geometry": {"type": "Polygon", "coordinates": [[[35.28448656287905, 72.60426415444527], [34.20803080407385, 81.28722415427475], [21.779859771417364, 79.39478415430685], [21.877719385949018, 78.83818415452566], [29.60862892595341, 79.95138415448352], [33.62087311757926, 80.5079841542647], [34.5994692618528, 72.49294415433084], [35.28448656287905, 72.60426415444527]]]}, "properties": {"id": 752, "height_m": 3.0, "levels": 1, "category": "residencial", "extrude": true, "manzana_id": 35}}, {"type": "Feature", "geometry": {"type": "Polygon", "coordinates": [[[30.000067383732365, 77.16838415439113], [20.214105940649223, 75.94386415431885], [20.70340401261216, 72.27030415449747], [23.834911674496112, 72.7155841545597], [24.030630903211755, 71.04578415442518], [30.782944298942603, 71.93634415454966], [30.000067383732365, 77.16838415439113]]]}, "properties": {"id": 753, "height_m": 9.0, "levels": 3, "category": "residencial", "extrude": true, "manzana_id": 35}}, {"type": "Feature", "geometry": {"type": "Polygon", "coordinates": [[[27.651436637406317, 92.085264154301], [19.724807868338612, 91.08338415445758], [18.061194423038817, 90.8607441546242], [19.235509796375673, 82.7343841545759], [24.81350781876966, 83.51362415458595], [24.422069360990708, 86.7419041543451], [28.238594323900912, 87.29850415452177], [27.651436637406317, 92.085264154301]]]}, "properties": {"id": 754, "height_m": 9.0, "levels": 3, "category": "residencial", "extrude": true, "manzana_id": 35}}, {"type": "Feature", "geometry": {"type": "Polygon", "coordinates": [[[27.651436637406317, 92.085264154301], [28.238594323900912, 87.29850415452177], [24.422069360990708, 86.7419041543451], [24.81350781876966, 83.51362415458595], [32.64227697330571, 84.51550415442938], [31.565821214500506, 92.64186415447767], [27.651436637406317, 92.085264154301]]]}, "properties": {"id": 755, "height_m": 6.0, "levels": 2, "category": "residencial", "extrude": true, "manzana_id": 35}}, {"type": "Feature", "geometry": {"type": "Polygon", "coordinates": [[[24.81350781876966, 83.51362415458595], [19.235509796375673, 82.7343841545759], [19.333369410559662, 82.17778415439923], [33.32729427433196, 84.18154415448157], [32.1529789009951, 92.7531841545921], [31.565821214500506, 92.64186415447767], [32.64227697330571, 84.51550415442938], [24.81350781876966, 83.51362415458595]]]}, "properties": {"id": 756, "height_m": 3.0, "levels": 1, "category": "residencial", "extrude": true, "manzana_id": 35}}, {"type": "Feature", "geometry": {"type": "Polygon", "coordinates": [[[20.214105940649223, 94.20034415449777], [19.235509796375673, 94.08902415438334], [19.724807868338612, 91.08338415445758], [30.58722507022696, 92.53054415436324], [30.195786612448007, 95.536184154289], [20.214105940649223, 94.20034415449777]]]}, "properties": {"id": 757, "height_m": 9.0, "levels": 3, "category": "residencial", "extrude": true, "manzana_id": 35}}, {"type": "Feature", "geometry": {"type": "Polygon", "coordinates": [[[31.27224237125321, 99.87766415440149], [19.626948253806958, 98.20786415426696], [20.214105940649223, 94.20034415449777], [30.195786612448007, 95.536184154289], [30.58722507022696, 92.53054415436324], [32.1529789009951, 92.7531841545921], [31.27224237125321, 99.87766415440149]]]}, "properties": {"id": 758, "height_m": 6.0, "levels": 2, "category": "residencial", "extrude": true, "manzana_id": 35}}, {"type": "Feature", "geometry": {"type": "Polygon", "coordinates": [[[27.064278950564052, 109.89646415441769], [21.486280928170068, 109.0059041542932], [23.05203475893821, 98.76446415444363], [28.630032781679862, 99.43238415433925], [28.434313552616555, 101.10218415447378], [27.064278950564052, 109.89646415441769]]]}, "properties": {"id": 759, "height_m": 9.0, "levels": 3, "category": "residencial", "extrude": true, "manzana_id": 35}}, {"type": "Feature", "geometry": {"type": "Polygon", "coordinates": [[[32.1529789009951, 101.65878415465045], [28.434313552616555, 101.10218415447378], [28.630032781679862, 99.43238415433925], [32.446557744590066, 99.98898415451592], [32.1529789009951, 101.65878415465045]]]}, "properties": {"id": 760, "height_m": 9.0, "levels": 3, "category": "residencial", "extrude": true, "manzana_id": 35}}, {"type": "Feature", "geometry": {"type": "Polygon", "coordinates": [[[30.782944298942603, 110.45306415459436], [27.064278950564052, 109.89646415441769], [28.434313552616555, 101.10218415447378], [32.1529789009951, 101.65878415465045], [30.782944298942603, 110.45306415459436]]]}, "properties": {"id": 761, "height_m": 6.0, "levels": 2, "category": "residencial", "extrude": true, "manzana_id": 35}}, {"type": "Feature", "geometry": {"type": "Polygon", "coordinates": [[[82.55068033299497, 134.3868641542815], [77.65769961162724, 133.49630415455252], [78.04913806940618, 131.38122415435575], [82.84425917658994, 132.38310415459466], [82.55068033299497, 134.3868641542815]]]}, "properties": {"id": 762, "height_m": 3.0, "levels": 1, "category": "residencial", "extrude": true, "manzana_id": 39}}, {"type": "Feature", "geometry": {"type": "Polygon", "coordinates": [[[60.72798631503429, 100.32294415446373], [64.64237089212848, 100.8795441546404], [63.859493976918245, 106.44554415442968], [64.5445112779445, 106.55686415454412], [65.81668626546534, 106.77950415437749], [66.89314202427055, 106.89082415449192], [65.22952857897074, 118.02282415446598], [63.46805551913929, 117.68886415451817], [62.78303821811304, 122.1416641543496], [62.39159976033409, 124.14542415443194], [57.59647865315034, 123.25486415430746], [57.400759424434696, 123.25486415430746], [57.400759424434696, 123.25486415430746], [60.630126700502636, 100.2116241543493], [60.72798631503429, 100.32294415446373]]]}, "properties": {"id": 763, "height_m": 3.0, "levels": 1, "category": "residencial", "extrude": true, "manzana_id": 36}}, {"type": "Feature", "geometry": {"type": "Polygon", "coordinates": [[[60.630126700502636, 100.2116241543493], [60.630126700502636, 100.2116241543493], [57.400759424434696, 123.25486415430746], [57.302899809903046, 123.25486415430746], [57.302899809903046, 123.25486415430746], [49.082692197588045, 121.80770415440179], [52.7034979317826, 98.987104154277], [58.37935556870825, 99.87766415440149], [60.53226708631865, 100.2116241543493], [60.630126700502636, 100.2116241543493]]]}, "properties": {"id": 764, "height_m": 3.0, "levels": 1, "category": "residencial", "extrude": true, "manzana_id": 36}}, {"type": "Feature", "geometry": {"type": "Polygon", "coordinates": [[[54.56283060579804, 92.7531841545921], [51.6270421729774, 92.30790415452987], [55.05212867810865, 68.9307041546239], [100.55684938839312, 75.60990415437104], [99.28467440087228, 84.51550415442938], [86.95436298239977, 82.7343841545759], [84.80145146513703, 97.20598415442353], [81.76780341778473, 96.76070415436129], [84.31215339282643, 79.2834641545879], [96.74032442548291, 81.17590415455581], [97.13176288326187, 78.17026415463005], [57.498619038618685, 72.27030415449747], [57.1071805811874, 75.1646241543088], [54.56283060579804, 92.7531841545921]]]}, "properties": {"id": 765, "height_m": 6.0, "levels": 2, "category": "residencial", "extrude": true, "manzana_id": 36}}, {"type": "Feature", "geometry": {"type": "Polygon", "coordinates": [[[79.81061112923764, 78.6155441542968], [79.41917267145868, 81.62118415461805], [76.3855246241064, 81.17590415455581], [76.87482269606933, 78.17026415463005], [79.81061112923764, 78.6155441542968]]]}, "properties": {"id": 766, "height_m": 3.0, "levels": 1, "category": "residencial", "extrude": true, "manzana_id": 36}}, {"type": "Feature", "geometry": {"type": "Polygon", "coordinates": [[[60.53226708631865, 78.72686415441123], [57.498619038618685, 78.28158415434899], [57.987917110929295, 75.27594415442323], [60.92370554374993, 75.72122415448547], [60.53226708631865, 78.72686415441123]]]}, "properties": {"id": 767, "height_m": 3.0, "levels": 1, "category": "residencial", "extrude": true, "manzana_id": 36}}, {"type": "Feature", "geometry": {"type": "Polygon", "coordinates": [[[66.50170356649159, 94.53430415444558], [54.56283060579804, 92.7531841545921], [57.1071805811874, 75.1646241543088], [57.498619038618685, 72.27030415449747], [97.13176288326187, 78.17026415463005], [96.74032442548291, 81.17590415455581], [84.31215339282643, 79.2834641545879], [81.76780341778473, 96.76070415436129], [69.92679007162285, 94.97958415450782], [72.07970158888558, 80.5079841542647], [68.55675546957035, 79.95138415448352], [66.50170356649159, 94.53430415444558]]]}, "properties": {"id": 768, "height_m": 9.0, "levels": 3, "category": "residencial", "extrude": true, "manzana_id": 36}}, {"type": "Feature", "geometry": {"type": "Polygon", "coordinates": [[[173.85370059715888, 87.743784154584], [174.44085828400114, 83.51362415458595], [173.46226213972759, 83.40230415447152], [173.7558409829749, 81.39854415438919], [172.58152560963802, 81.28722415427475], [173.16868329613263, 77.0570641542767], [178.35524286109532, 77.94762415440118], [177.7680851746007, 81.95514415456586], [178.84454093340594, 82.17778415439923], [178.55096209015863, 84.07022415436714], [177.47450633135344, 83.9589041546482], [176.88734864451118, 88.30038415436519], [173.85370059715888, 87.743784154584]]]}, "properties": {"id": 769, "height_m": 3.0, "levels": 1, "category": "residencial", "extrude": true, "manzana_id": 44}}, {"type": "Feature", "geometry": {"type": "Polygon", "coordinates": [[[185.49899471460512, 89.63622415455191], [176.88734864451118, 88.30038415436519], [177.47450633135344, 83.9589041546482], [178.55096209015863, 84.07022415436714], [178.84454093340594, 82.17778415439923], [177.7680851746007, 81.95514415456586], [178.35524286109532, 77.94762415440118], [186.96688893118926, 79.2834641545879], [185.49899471460512, 89.63622415455191]]]}, "properties": {"id": 770, "height_m": 6.0, "levels": 2, "category": "residencial", "extrude": true, "manzana_id": 44}}, {"type": "Feature", "geometry": {"type": "Polygon", "coordinates": [[[267.0160535356859, 68.04014415449942], [266.6246150779069, 58.9119041546077], [276.4105765209901, 49.78366415432049], [289.32804562595715, 64.36658415428255], [285.120082205268, 68.26278415433279], [285.120082205268, 70.8231441545918], [267.0160535356859, 68.04014415449942]]]}, "properties": {"id": 771, "height_m": 3.0, "levels": 1, "category": "residencial", "extrude": true, "manzana_id": 50}}, {"type": "Feature", "geometry": {"type": "Polygon", "coordinates": [[[289.32804562595715, 64.36658415428255], [276.4105765209901, 49.78366415432049], [277.2913130510796, 49.00442415431044], [291.5788167577515, 49.00442415431044], [292.3616936733095, 64.70054415462585], [289.32804562595715, 64.36658415428255]]]}, "properties": {"id": 772, "height_m": 6.0, "levels": 2, "category": "residencial", "extrude": true, "manzana_id": 50}}, {"type": "Feature", "geometry": {"type": "Polygon", "coordinates": [[[209.7681790934235, 94.97958415450782], [192.3491677248676, 92.53054415436324], [193.91492155563577, 76.27782415426665], [194.50207924213035, 66.81562415442713], [201.1565330236772, 67.81750415427055], [200.56937533683495, 73.940104154632], [200.08007726487202, 77.0570641542767], [204.09232145649784, 77.27970415450557], [207.41954834709745, 77.7249841545678], [207.12596950385014, 79.84006415436909], [217.00979056146494, 81.17590415455581], [215.93333480265974, 88.30038415436519], [215.5418963448808, 91.19470415457201], [215.05259827291786, 94.97958415450782], [209.86603870795514, 94.20034415449777], [209.7681790934235, 94.97958415450782]]]}, "properties": {"id": 773, "height_m": 6.0, "levels": 2, "category": "residencial", "extrude": true, "manzana_id": 44}}, {"type": "Feature", "geometry": {"type": "Polygon", "coordinates": [[[299.01614745450865, 96.31542415429905], [301.6583570444297, 96.64938415464235], [301.3647782008347, 99.09842415439144], [298.7225686112613, 98.76446415444363], [299.01614745450865, 96.31542415429905]]]}, "properties": {"id": 774, "height_m": 3.0, "levels": 1, "category": "residencial", "extrude": true, "manzana_id": 54}}, {"type": "Feature", "geometry": {"type": "Polygon", "coordinates": [[[302.7348128028872, 92.7531841545921], [302.3433743454559, 95.75882415451787], [295.5910609497251, 94.75694415427895], [295.9824994071563, 91.75130415435319], [302.7348128028872, 92.7531841545921]]]}, "properties": {"id": 775, "height_m": 3.0, "levels": 1, "category": "residencial", "extrude": true, "manzana_id": 54}}, {"type": "Feature", "geometry": {"type": "Polygon", "coordinates": [[[256.6429344061081, 105.77762415453407], [259.1872843811498, 106.2229041545963], [257.91510939362894, 113.79266415446793], [255.56647864730292, 113.45870415452012], [256.6429344061081, 105.77762415453407]]]}, "properties": {"id": 776, "height_m": 3.0, "levels": 1, "category": "residencial", "extrude": true, "manzana_id": 48}}, {"type": "Feature", "geometry": {"type": "Polygon", "coordinates": [[[228.55722506437954, 167.11494415430806], [228.06792699206895, 167.00362415458912], [237.65816920643644, 101.77010415436939], [256.83865363482374, 104.55310415446178], [256.6429344061081, 105.77762415453407], [255.56647864730292, 113.45870415452012], [247.44413064951956, 170.1205841546293], [243.9211845298567, 169.56398415445264], [228.55722506437954, 167.11494415430806]]]}, "properties": {"id": 777, "height_m": 9.0, "levels": 3, "category": "residencial", "extrude": true, "manzana_id": 48}}, {"type": "Feature", "geometry": {"type": "Polygon", "coordinates": [[[243.23616722883042, 173.7941441544507], [227.9700673775373, 170.23190415434826], [228.55722506437954, 167.11494415430806], [243.9211845298567, 169.56398415445264], [243.23616722883042, 173.7941441544507]]]}, "properties": {"id": 778, "height_m": 3.0, "levels": 1, "category": "residencial", "extrude": true, "manzana_id": 48}}, {"type": "Feature", "geometry": {"type": "Polygon", "coordinates": [[[226.99147123326372, 76.7231041543289], [229.63368082318476, 77.27970415450557], [228.9486635221585, 80.73062415449357], [226.40431354676915, 80.1740241543169], [226.99147123326372, 76.7231041543289]]]}, "properties": {"id": 779, "height_m": 3.0, "levels": 1, "category": "residencial", "extrude": true, "manzana_id": 44}}, {"type": "Feature", "geometry": {"type": "Polygon", "coordinates": [[[215.5418963448808, 91.19470415457201], [220.2391578375329, 91.86262415446762], [219.0648424645437, 100.43426415457816], [209.1810214069289, 99.09842415439144], [209.7681790934235, 94.97958415450782], [209.86603870795514, 94.20034415449777], [215.05259827291786, 94.97958415450782], [215.5418963448808, 91.19470415457201]]]}, "properties": {"id": 780, "height_m": 3.0, "levels": 1, "category": "residencial", "extrude": true, "manzana_id": 44}}, {"type": "Feature", "geometry": {"type": "Polygon", "coordinates": [[[204.09232145649784, 77.27970415450557], [204.2880406852135, 74.49670415441318], [200.56937533683495, 73.940104154632], [201.1565330236772, 67.81750415427055], [222.098490511896, 71.04578415442518], [221.3156135963381, 76.94574415455776], [219.358421307791, 76.7231041543289], [218.7712636212964, 81.28722415427475], [220.63059629531185, 81.62118415461805], [219.6520001510383, 88.74566415442743], [215.93333480265974, 88.30038415436519], [217.00979056146494, 81.17590415455581], [207.12596950385014, 79.84006415436909], [207.41954834709745, 77.7249841545678], [204.09232145649784, 77.27970415450557]]]}, "properties": {"id": 781, "height_m": 3.0, "levels": 1, "category": "residencial", "extrude": true, "manzana_id": 44}}, {"type": "Feature", "geometry": {"type": "Polygon", "coordinates": [[[267.79893045124373, 135.16610415429156], [261.82949397072315, 134.16422415444814], [265.05886124713874, 111.12098415448997], [271.12615734184334, 112.1228641543334], [270.63685926953275, 115.5737841543214], [267.89679006542775, 115.12850415465465], [265.5481593191017, 131.38122415435575], [268.38608813773834, 131.93782415453242], [267.79893045124373, 135.16610415429156]]]}, "properties": {"id": 782, "height_m": 6.0, "levels": 2, "category": "residencial", "extrude": true, "manzana_id": 48}}, {"type": "Feature", "geometry": {"type": "Polygon", "coordinates": [[[294.9060436486988, 139.50758415440404], [288.0558706384363, 138.3943841544462], [288.54516871039925, 135.38874415452042], [290.8937994567253, 135.83402415458266], [292.94885135980405, 119.13602415442384], [290.502360999294, 118.6907441543616], [290.8937994567253, 115.2398241543736], [298.2332705392984, 116.35302415433145], [294.9060436486988, 139.50758415440404]]]}, "properties": {"id": 783, "height_m": 6.0, "levels": 2, "category": "residencial", "extrude": true, "manzana_id": 48}}, {"type": "Feature", "geometry": {"type": "Polygon", "coordinates": [[[290.502360999294, 118.6907441543616], [290.40450138476234, 119.69262415460051], [287.3708533374101, 119.24734415453827], [287.4687129519417, 118.24546415429936], [287.860151409373, 114.68322415459241], [290.8937994567253, 115.2398241543736], [290.502360999294, 118.6907441543616]]]}, "properties": {"id": 784, "height_m": 12.0, "levels": 4, "category": "residencial", "extrude": true, "manzana_id": 48}}, {"type": "Feature", "geometry": {"type": "Polygon", "coordinates": [[[288.0558706384363, 138.3943841544462], [284.4350649042417, 137.8377841542695], [285.022222591084, 134.83214415434375], [285.2179418197997, 133.7189441543859], [288.74088793946254, 134.27554415456257], [288.54516871039925, 135.38874415452042], [288.0558706384363, 138.3943841544462]]]}, "properties": {"id": 785, "height_m": 12.0, "levels": 4, "category": "residencial", "extrude": true, "manzana_id": 48}}, {"type": "Feature", "geometry": {"type": "Polygon", "coordinates": [[[287.4687129519417, 118.24546415429936], [273.27906885910613, 116.01906415438364], [273.7683669314167, 112.45682415428121], [287.860151409373, 114.68322415459241], [287.4687129519417, 118.24546415429936]]]}, "properties": {"id": 786, "height_m": 6.0, "levels": 2, "category": "residencial", "extrude": true, "manzana_id": 48}}, {"type": "Feature", "geometry": {"type": "Polygon", "coordinates": [[[284.4350649042417, 137.8377841542695], [270.9304381127801, 135.6113841543538], [271.5175957996223, 132.4944241543136], [285.022222591084, 134.83214415434375], [284.4350649042417, 137.8377841542695]]]}, "properties": {"id": 787, "height_m": 6.0, "levels": 2, "category": "residencial", "extrude": true, "manzana_id": 48}}, {"type": "Feature", "geometry": {"type": "Polygon", "coordinates": [[[273.27906885910613, 116.01906415438364], [273.0833496303905, 117.02094415462255], [270.53899965534873, 116.57566415456031], [270.63685926953275, 115.5737841543214], [271.12615734184334, 112.1228641543334], [273.7683669314167, 112.45682415428121], [273.27906885910613, 116.01906415438364]]]}, "properties": {"id": 788, "height_m": 12.0, "levels": 4, "category": "residencial", "extrude": true, "manzana_id": 48}}, {"type": "Feature", "geometry": {"type": "Polygon", "coordinates": [[[270.9304381127801, 135.6113841543538], [267.79893045124373, 135.16610415429156], [268.38608813773834, 131.93782415453242], [268.58180736645403, 130.71330415446013], [271.71331502833795, 131.2699041546368], [271.5175957996223, 132.4944241543136], [270.9304381127801, 135.6113841543538]]]}, "properties": {"id": 789, "height_m": 12.0, "levels": 4, "category": "residencial", "extrude": true, "manzana_id": 48}}, {"type": "Feature", "geometry": {"type": "Polygon", "coordinates": [[[268.38608813773834, 131.93782415453242], [265.5481593191017, 131.38122415435575], [267.89679006542775, 115.12850415465465], [270.63685926953275, 115.5737841543214], [270.53899965534873, 116.57566415456031], [273.0833496303905, 117.02094415462255], [273.27906885910613, 116.01906415438364], [287.4687129519417, 118.24546415429936], [287.3708533374101, 119.24734415453827], [290.40450138476234, 119.69262415460051], [290.502360999294, 118.6907441543616], [292.94885135980405, 119.13602415442384], [290.8937994567253, 135.83402415458266], [288.54516871039925, 135.38874415452042], [288.74088793946254, 134.27554415456257], [285.2179418197997, 133.7189441543859], [285.022222591084, 134.83214415434375], [271.5175957996223, 132.4944241543136], [271.71331502833795, 131.2699041546368], [268.58180736645403, 130.71330415446013], [268.38608813773834, 131.93782415453242]]]}, "properties": {"id": 790, "height_m": 9.0, "levels": 3, "category": "residencial", "extrude": true, "manzana_id": 48}}, {"type": "Feature", "geometry": {"type": "Polygon", "coordinates": [[[308.2149512110972, 183.25634415429022], [301.0711993575874, 182.14314415433236], [302.14765511639257, 173.23754415427402], [309.5849858131497, 174.57338415446074], [308.2149512110972, 183.25634415429022]]]}, "properties": {"id": 791, "height_m": 3.0, "levels": 1, "category": "residencial", "extrude": true, "manzana_id": 53}}, {"type": "Feature", "geometry": {"type": "Polygon", "coordinates": [[[324.6553664357272, 180.3620241544789], [318.3923511119593, 179.1375041544066], [318.8816491842699, 176.24318415459527], [324.94894527897446, 177.35638415455313], [324.6553664357272, 180.3620241544789]]]}, "properties": {"id": 792, "height_m": 3.0, "levels": 1, "category": "residencial", "extrude": true, "manzana_id": 55}}, {"type": "Feature", "geometry": {"type": "Polygon", "coordinates": [[[327.59115486854785, 156.98482415457292], [323.676770291106, 156.31690415428181], [324.4596472066639, 150.75090415449253], [316.1415799801649, 149.30374415458687], [315.16298383589134, 155.53766415427177], [303.8112685616924, 153.64522415430386], [304.88772432049757, 146.6320641546089], [309.878564656397, 147.29998415450453], [310.2700031141759, 144.85094415435995], [327.4932952540162, 147.5226241543379], [328.8633298560687, 147.74526415456677], [328.0804529405108, 153.08862415452268], [327.59115486854785, 156.98482415457292]]]}, "properties": {"id": 793, "height_m": 3.0, "levels": 1, "category": "residencial", "extrude": true, "manzana_id": 53}}, {"type": "Feature", "geometry": {"type": "Polygon", "coordinates": [[[310.2700031141759, 144.85094415435995], [309.878564656397, 147.29998415450453], [304.88772432049757, 146.6320641546089], [305.27916277827654, 144.0717041543499], [310.2700031141759, 144.85094415435995]]]}, "properties": {"id": 794, "height_m": 6.0, "levels": 2, "category": "residencial", "extrude": true, "manzana_id": 53}}, {"type": "Feature", "geometry": {"type": "Polygon", "coordinates": [[[304.20270701947135, 143.84906415451653], [303.02839164648213, 143.7377441544021], [304.300566634003, 134.0529041543337], [312.9122127037493, 135.38874415452042], [312.42291463178634, 137.94910415438395], [315.8480011369176, 138.50570415456062], [316.2394395943489, 135.9453441543016], [325.43824335093746, 137.28118415448833], [324.5575068211955, 142.8471841542776], [327.98259332632676, 143.40378415445429], [327.4932952540162, 147.5226241543379], [314.8694049926441, 145.51886415465106], [315.2608434500753, 142.8471841542776], [311.7378973307601, 142.29058415449643], [311.34645887298115, 144.96226415447438], [309.29140696990237, 144.62830415452657], [309.780705042213, 141.6226641546008], [304.69200509178194, 140.73210415447633], [304.20270701947135, 143.84906415451653]]]}, "properties": {"id": 795, "height_m": 6.0, "levels": 2, "category": "residencial", "extrude": true, "manzana_id": 53}}, {"type": "Feature", "geometry": {"type": "Polygon", "coordinates": [[[316.2394395943489, 135.9453441543016], [315.8480011369176, 138.50570415456062], [312.42291463178634, 137.94910415438395], [312.9122127037493, 135.38874415452042], [316.2394395943489, 135.9453441543016]]]}, "properties": {"id": 796, "height_m": 3.0, "levels": 1, "category": "residencial", "extrude": true, "manzana_id": 53}}, {"type": "Feature", "geometry": {"type": "Polygon", "coordinates": [[[314.8694049926441, 145.51886415465106], [311.34645887298115, 144.96226415447438], [311.7378973307601, 142.29058415449643], [315.2608434500753, 142.8471841542776], [314.8694049926441, 145.51886415465106]]]}, "properties": {"id": 797, "height_m": 3.0, "levels": 1, "category": "residencial", "extrude": true, "manzana_id": 53}}, {"type": "Feature", "geometry": {"type": "Polygon", "coordinates": [[[309.29140696990237, 144.62830415452657], [304.20270701947135, 143.84906415451653], [304.69200509178194, 140.73210415447633], [309.780705042213, 141.6226641546008], [309.29140696990237, 144.62830415452657]]]}, "properties": {"id": 798, "height_m": 9.0, "levels": 3, "category": "residencial", "extrude": true, "manzana_id": 53}}, {"type": "Feature", "geometry": {"type": "Polygon", "coordinates": [[[319.37094725623285, 126.48314415446208], [307.92137236784987, 124.70202415460861], [309.48712619861806, 114.46058415436354], [314.38010692033345, 115.2398241543736], [313.89080884802286, 118.13414415458041], [317.3158953531541, 118.80206415447603], [317.70733381093305, 115.79642415455027], [321.03456070153266, 116.2417041546125], [320.44740301503805, 120.2492241543817], [319.37094725623285, 126.48314415446208]]]}, "properties": {"id": 799, "height_m": 6.0, "levels": 2, "category": "residencial", "extrude": true, "manzana_id": 53}}, {"type": "Feature", "geometry": {"type": "Polygon", "coordinates": [[[325.3403837367535, 116.90962415450812], [324.5575068211955, 120.91714415427731], [320.44740301503805, 120.2492241543817], [321.03456070153266, 116.2417041546125], [325.3403837367535, 116.90962415450812]]]}, "properties": {"id": 800, "height_m": 3.0, "levels": 1, "category": "residencial", "extrude": true, "manzana_id": 53}}, {"type": "Feature", "geometry": {"type": "Polygon", "coordinates": [[[317.70733381093305, 115.79642415455027], [317.3158953531541, 118.80206415447603], [313.89080884802286, 118.13414415458041], [314.38010692033345, 115.2398241543736], [317.70733381093305, 115.79642415455027]]]}, "properties": {"id": 801, "height_m": 9.0, "levels": 3, "category": "residencial", "extrude": true, "manzana_id": 53}}, {"type": "Feature", "geometry": {"type": "Polygon", "coordinates": [[[311.8357569449441, 114.79454415431135], [309.48712619861806, 114.46058415436354], [310.2700031141759, 109.22854415452207], [325.63396258000074, 111.67758415427116], [325.24252412222177, 114.0153041543013], [320.83884147281697, 113.23606415429126], [320.6431222437537, 114.3492641546446], [318.0009126541803, 114.0153041543013], [317.70733381093305, 115.79642415455027], [314.38010692033345, 115.2398241543736], [314.6736857635807, 113.6813441543535], [312.03147617400737, 113.23606415429126], [311.8357569449441, 114.79454415431135]]]}, "properties": {"id": 802, "height_m": 6.0, "levels": 2, "category": "residencial", "extrude": true, "manzana_id": 53}}, {"type": "Feature", "geometry": {"type": "Polygon", "coordinates": [[[331.1141009878631, 112.56814415439564], [330.6248029159001, 115.5737841543214], [327.59115486854785, 115.12850415465465], [327.4932952540162, 115.79642415455027], [325.0468048931585, 115.35114415448803], [325.24252412222177, 114.0153041543013], [325.63396258000074, 111.67758415427116], [331.1141009878631, 112.56814415439564]]]}, "properties": {"id": 803, "height_m": 3.0, "levels": 1, "category": "residencial", "extrude": true, "manzana_id": 53}}, {"type": "Feature", "geometry": {"type": "Polygon", "coordinates": [[[320.3495434005064, 116.13038415449807], [317.70733381093305, 115.79642415455027], [318.0009126541803, 114.0153041543013], [320.6431222437537, 114.3492641546446], [320.3495434005064, 116.13038415449807]]]}, "properties": {"id": 804, "height_m": 9.0, "levels": 3, "category": "residencial", "extrude": true, "manzana_id": 53}}, {"type": "Feature", "geometry": {"type": "Polygon", "coordinates": [[[314.38010692033345, 115.2398241543736], [311.8357569449441, 114.79454415431135], [312.03147617400737, 113.23606415429126], [314.6736857635807, 113.6813441543535], [314.38010692033345, 115.2398241543736]]]}, "properties": {"id": 805, "height_m": 9.0, "levels": 3, "category": "residencial", "extrude": true, "manzana_id": 53}}, {"type": "Feature", "geometry": {"type": "Polygon", "coordinates": [[[332.4841355899156, 109.0059041542932], [332.1905567466683, 111.2323041546044], [331.99483751795265, 112.67946415451007], [327.6890144830795, 112.01154415461446], [328.27617216957407, 108.33798415439759], [332.4841355899156, 109.0059041542932]]]}, "properties": {"id": 806, "height_m": 3.0, "levels": 1, "category": "residencial", "extrude": true, "manzana_id": 53}}, {"type": "Feature", "geometry": {"type": "Polygon", "coordinates": [[[314.7715453781124, 104.55310415446178], [316.04372036563325, 104.77574415429515], [315.2608434500753, 110.00778415453212], [313.89080884802286, 109.78514415430325], [310.2700031141759, 109.22854415452207], [310.95502041520217, 103.9965041542851], [314.7715453781124, 104.55310415446178]]]}, "properties": {"id": 807, "height_m": 3.0, "levels": 1, "category": "residencial", "extrude": true, "manzana_id": 53}}, {"type": "Feature", "geometry": {"type": "Polygon", "coordinates": [[[316.04372036563325, 104.77574415429515], [325.3403837367535, 106.2229041545963], [324.5575068211955, 111.45494415443778], [315.2608434500753, 110.00778415453212], [316.04372036563325, 104.77574415429515]]]}, "properties": {"id": 808, "height_m": 6.0, "levels": 2, "category": "residencial", "extrude": true, "manzana_id": 53}}, {"type": "Feature", "geometry": {"type": "Polygon", "coordinates": [[[323.87248952016927, 85.96266415433504], [335.12634517983656, 87.743784154584], [335.0284855653049, 88.634344154313], [333.8541701919681, 97.98522415443358], [333.07129327675784, 104.55310415446178], [332.67985481897887, 107.44742415427311], [310.95502041520217, 103.9965041542851], [313.7929492338389, 84.40418415431495], [320.5452626295697, 85.5173841542728], [318.8816491842699, 96.31542415429905], [322.20887607486947, 96.87202415447572], [322.30673568940114, 95.64750415440344], [329.35262792837926, 96.76070415436129], [330.0376452294055, 92.64186415447767], [322.9917529900797, 91.63998415463425], [323.87248952016927, 85.96266415433504]]]}, "properties": {"id": 809, "height_m": 3.0, "levels": 1, "category": "residencial", "extrude": true, "manzana_id": 53}}, {"type": "Feature", "geometry": {"type": "Polygon", "coordinates": [[[323.87248952016927, 85.96266415433504], [322.9917529900797, 91.63998415463425], [330.0376452294055, 92.64186415447767], [329.35262792837926, 96.76070415436129], [322.30673568940114, 95.64750415440344], [322.20887607486947, 96.87202415447572], [318.8816491842699, 96.31542415429905], [320.5452626295697, 85.5173841542728], [323.87248952016927, 85.96266415433504]]]}, "properties": {"id": 810, "height_m": 6.0, "levels": 2, "category": "residencial", "extrude": true, "manzana_id": 53}}, {"type": "Feature", "geometry": {"type": "Polygon", "coordinates": [[[339.4321682147097, 105.33234415447183], [339.0407297569308, 108.44930415451202], [332.67985481897887, 107.44742415427311], [333.07129327675784, 104.55310415446178], [333.07129327675784, 104.3304641546284], [339.4321682147097, 105.33234415447183]]]}, "properties": {"id": 811, "height_m": 3.0, "levels": 1, "category": "residencial", "extrude": true, "manzana_id": 53}}, {"type": "Feature", "geometry": {"type": "Polygon", "coordinates": [[[340.4107643589833, 98.987104154277], [333.8541701919681, 97.98522415443358], [335.0284855653049, 88.634344154313], [335.12634517983656, 87.743784154584], [341.87865857556744, 88.85698415454186], [341.78079896103577, 89.74754415427086], [340.90006243129386, 95.31354415445563], [340.90006243129386, 95.536184154289], [340.6064835876989, 97.31730415453796], [340.4107643589833, 98.987104154277]]]}, "properties": {"id": 812, "height_m": 3.0, "levels": 1, "category": "residencial", "extrude": true, "manzana_id": 53}}, {"type": "Feature", "geometry": {"type": "Polygon", "coordinates": [[[342.85725471984097, 105.5549841543052], [343.7379912495829, 99.65502415456811], [342.85725471984097, 99.54370415445368], [343.15083356308827, 97.65126415448577], [340.6064835876989, 97.31730415453796], [340.90006243129386, 95.536184154289], [340.90006243129386, 95.31354415445563], [346.7716392969352, 96.20410415458011], [346.18448161044057, 100.65690415441154], [345.59732392394596, 100.5455841542971], [344.8144470083881, 105.77762415453407], [342.85725471984097, 105.5549841543052]]]}, "properties": {"id": 813, "height_m": 9.0, "levels": 3, "category": "residencial", "extrude": true, "manzana_id": 53}}, {"type": "Feature", "geometry": {"type": "Polygon", "coordinates": [[[353.42609307848204, 107.00214415460636], [351.5667604041189, 106.77950415437749], [352.34963731967684, 101.10218415447378], [354.1111103791606, 101.32482415430715], [353.42609307848204, 107.00214415460636]]]}, "properties": {"id": 814, "height_m": 6.0, "levels": 2, "category": "residencial", "extrude": true, "manzana_id": 53}}, {"type": "Feature", "geometry": {"type": "Polygon", "coordinates": [[[351.5667604041189, 106.77950415437749], [344.8144470083881, 105.77762415453407], [345.59732392394596, 100.5455841542971], [346.18448161044057, 100.65690415441154], [349.9031469588191, 100.99086415435934], [350.3924450307821, 96.64938415464235], [354.5025488369396, 97.20598415442353], [354.1111103791606, 101.32482415430715], [352.34963731967684, 101.10218415447378], [351.5667604041189, 106.77950415437749]]]}, "properties": {"id": 815, "height_m": 9.0, "levels": 3, "category": "residencial", "extrude": true, "manzana_id": 53}}, {"type": "Feature", "geometry": {"type": "Polygon", "coordinates": [[[346.7716392969352, 96.20410415458011], [340.90006243129386, 95.31354415445563], [341.78079896103577, 89.74754415427086], [341.87865857556744, 88.85698415454186], [355.2854257524975, 90.97206415434314], [354.5025488369396, 97.20598415442353], [350.3924450307821, 96.64938415464235], [346.7716392969352, 96.20410415458011]]]}, "properties": {"id": 816, "height_m": 6.0, "levels": 2, "category": "residencial", "extrude": true, "manzana_id": 53}}, {"type": "Feature", "geometry": {"type": "Polygon", "coordinates": [[[345.4994643094143, 109.3398641546365], [341.19364127454116, 108.6719441543454], [339.0407297569308, 108.33798415439759], [339.53002782924136, 104.99838415452402], [341.6829393465041, 105.33234415447183], [342.85725471984097, 105.5549841543052], [344.3251489360775, 105.66630415441963], [346.0866219959089, 106.00026415436744], [345.4994643094143, 109.3398641546365]]]}, "properties": {"id": 817, "height_m": 6.0, "levels": 2, "category": "residencial", "extrude": true, "manzana_id": 53}}, {"type": "Feature", "geometry": {"type": "Polygon", "coordinates": [[[345.4994643094143, 109.3398641546365], [346.0866219959089, 106.00026415436744], [348.33739312805096, 106.2229041545963], [353.42609307848204, 107.00214415460636], [352.6432161629241, 114.12662415441574], [343.3465527918039, 112.7907841546245], [340.31290474445166, 112.34550415456226], [332.1905567466683, 111.2323041546044], [332.67985481897887, 107.44742415427311], [339.0407297569308, 108.44930415451202], [339.0407297569308, 108.33798415439759], [341.19364127454116, 108.6719441543454], [345.4994643094143, 109.3398641546365]]]}, "properties": {"id": 818, "height_m": 3.0, "levels": 1, "category": "residencial", "extrude": true, "manzana_id": 53}}, {"type": "Feature", "geometry": {"type": "Polygon", "coordinates": [[[352.34963731967684, 121.47374415445398], [339.3343086001781, 119.58130415448608], [339.82360667248867, 115.68510415443583], [342.2700970329987, 116.01906415438364], [342.3679566475304, 115.5737841543214], [345.20588546616705, 115.90774415426921], [345.59732392394596, 113.12474415457231], [352.6432161629241, 114.12662415441574], [352.1539180906135, 117.4662241542893], [352.93679500617145, 117.57754415440374], [352.34963731967684, 121.47374415445398]]]}, "properties": {"id": 819, "height_m": 3.0, "levels": 1, "category": "residencial", "extrude": true, "manzana_id": 53}}, {"type": "Feature", "geometry": {"type": "Polygon", "coordinates": [[[342.3679566475304, 115.5737841543214], [342.2700970329987, 116.01906415438364], [339.82360667248867, 115.68510415443583], [340.31290474445166, 112.34550415456226], [342.7593951053093, 112.7907841546245], [342.3679566475304, 115.5737841543214]]]}, "properties": {"id": 820, "height_m": 6.0, "levels": 2, "category": "residencial", "extrude": true, "manzana_id": 53}}, {"type": "Feature", "geometry": {"type": "Polygon", "coordinates": [[[351.37104117540326, 131.15858415452237], [335.6156432517995, 128.93218415460666], [329.93978561487387, 128.1529441545966], [331.2119606023947, 118.46810415452822], [339.3343086001781, 119.58130415448608], [352.34963731967684, 121.47374415445398], [351.37104117540326, 131.15858415452237]]]}, "properties": {"id": 821, "height_m": 3.0, "levels": 1, "category": "residencial", "extrude": true, "manzana_id": 53}}, {"type": "Feature", "geometry": {"type": "Polygon", "coordinates": [[[349.60956811557185, 124.36806415426531], [349.2181296577929, 126.92842415452432], [347.94595467027204, 126.70578415429546], [345.59732392394596, 126.37182415434765], [345.89090276719327, 123.81146415448413], [349.60956811557185, 124.36806415426531]]]}, "properties": {"id": 822, "height_m": 6.0, "levels": 2, "category": "residencial", "extrude": true, "manzana_id": 53}}, {"type": "Feature", "geometry": {"type": "Polygon", "coordinates": [[[334.24560864974706, 138.728344154394], [328.76547024153706, 137.94910415438395], [328.76547024153706, 137.8377841542695], [329.93978561487387, 128.1529441545966], [335.6156432517995, 128.93218415460666], [334.24560864974706, 138.728344154394]]]}, "properties": {"id": 823, "height_m": 6.0, "levels": 2, "category": "residencial", "extrude": true, "manzana_id": 53}}, {"type": "Feature", "geometry": {"type": "Polygon", "coordinates": [[[350.29458541659807, 140.9547441543097], [343.8358508641145, 140.06418415458072], [344.8144470083881, 132.04914415464685], [348.7288315854823, 132.8283841542614], [349.02241042907724, 130.82462415457456], [351.37104117540326, 131.15858415452237], [350.29458541659807, 140.9547441543097]]]}, "properties": {"id": 824, "height_m": 6.0, "levels": 2, "category": "residencial", "extrude": true, "manzana_id": 53}}, {"type": "Feature", "geometry": {"type": "Polygon", "coordinates": [[[343.8358508641145, 140.06418415458072], [339.72574705795705, 139.50758415440404], [340.9979220454779, 129.7114241546167], [349.02241042907724, 130.82462415457456], [348.7288315854823, 132.8283841542614], [344.8144470083881, 132.04914415464685], [343.8358508641145, 140.06418415458072]]]}, "properties": {"id": 825, "height_m": 9.0, "levels": 3, "category": "residencial", "extrude": true, "manzana_id": 53}}, {"type": "Feature", "geometry": {"type": "Polygon", "coordinates": [[[330.1355048435895, 147.96790415440014], [328.8633298560687, 147.74526415456677], [327.4932952540162, 147.5226241543379], [328.76547024153706, 137.94910415438395], [334.24560864974706, 138.728344154394], [350.29458541659807, 140.9547441543097], [349.8052873442875, 145.74150415448443], [344.0315700928302, 144.96226415447438], [344.3251489360775, 143.1811441546209], [331.01624137367907, 140.9547441543097], [330.1355048435895, 147.96790415440014]]]}, "properties": {"id": 826, "height_m": 3.0, "levels": 1, "category": "residencial", "extrude": true, "manzana_id": 53}}, {"type": "Feature", "geometry": {"type": "Polygon", "coordinates": [[[336.49637978188906, 147.41130415461896], [332.67985481897887, 146.8547041544423], [333.16915289094186, 143.40378415445429], [336.98567785385205, 143.96038415463096], [336.49637978188906, 147.41130415461896]]]}, "properties": {"id": 827, "height_m": 9.0, "levels": 3, "category": "residencial", "extrude": true, "manzana_id": 53}}, {"type": "Feature", "geometry": {"type": "Polygon", "coordinates": [[[349.60956811557185, 147.41130415461896], [346.7716392969352, 146.96602415455672], [346.96735852599846, 145.40754415453662], [349.8052873442875, 145.74150415448443], [349.60956811557185, 147.41130415461896]]]}, "properties": {"id": 828, "height_m": 9.0, "levels": 3, "category": "residencial", "extrude": true, "manzana_id": 53}}, {"type": "Feature", "geometry": {"type": "Polygon", "coordinates": [[[336.8878182393204, 148.96978415463906], [337.1813970829153, 147.5226241543379], [336.49637978188906, 147.41130415461896], [336.98567785385205, 143.96038415463096], [341.48722011778847, 144.62830415452657], [341.19364127454116, 146.96602415455672], [343.64013163505126, 147.41130415461896], [344.0315700928302, 144.96226415447438], [346.96735852599846, 145.40754415453662], [346.7716392969352, 146.96602415455672], [349.60956811557185, 147.41130415461896], [349.2181296577929, 150.86222415460696], [341.48722011778847, 149.7490241546491], [338.2578528413729, 149.19242415447243], [336.8878182393204, 148.96978415463906]]]}, "properties": {"id": 829, "height_m": 6.0, "levels": 2, "category": "residencial", "extrude": true, "manzana_id": 53}}, {"type": "Feature", "geometry": {"type": "Polygon", "coordinates": [[[332.67985481897887, 153.7565441544183], [330.33122407265284, 153.42258415447048], [331.2119606023947, 148.07922415451458], [332.4841355899156, 148.30186415434795], [332.8755740476945, 148.30186415434795], [333.5605913487208, 148.41318415446239], [333.2670125054735, 150.3056241544303], [332.67985481897887, 153.7565441544183]]]}, "properties": {"id": 830, "height_m": 12.0, "levels": 4, "category": "residencial", "extrude": true, "manzana_id": 53}}, {"type": "Feature", "geometry": {"type": "Polygon", "coordinates": [[[350.0988661875348, 152.97730415440824], [346.0866219959089, 152.30938415451263], [346.28234122497224, 150.41694415454472], [350.3924450307821, 151.08486415444034], [350.0988661875348, 152.97730415440824]]]}, "properties": {"id": 831, "height_m": 12.0, "levels": 4, "category": "residencial", "extrude": true, "manzana_id": 53}}, {"type": "Feature", "geometry": {"type": "Polygon", "coordinates": [[[340.90006243129386, 149.63770415453467], [340.7043432022306, 151.08486415444034], [339.23644898564646, 150.86222415460696], [339.4321682147097, 149.4150641543058], [340.90006243129386, 149.63770415453467]]]}, "properties": {"id": 832, "height_m": 3.0, "levels": 1, "category": "residencial", "extrude": true, "manzana_id": 53}}, {"type": "Feature", "geometry": {"type": "Polygon", "coordinates": [[[335.6156432517995, 148.7471441544102], [335.32206440855225, 150.6395841543781], [333.2670125054735, 150.3056241544303], [333.5605913487208, 148.41318415446239], [335.6156432517995, 148.7471441544102]]]}, "properties": {"id": 833, "height_m": 3.0, "levels": 1, "category": "residencial", "extrude": true, "manzana_id": 53}}, {"type": "Feature", "geometry": {"type": "Polygon", "coordinates": [[[349.70742773010346, 156.20558415456287], [332.67985481897887, 153.7565441544183], [333.2670125054735, 150.3056241544303], [335.32206440855225, 150.6395841543781], [335.6156432517995, 148.7471441544102], [338.2578528413729, 149.19242415447243], [339.4321682147097, 149.4150641543058], [339.23644898564646, 150.86222415460696], [340.7043432022306, 151.08486415444034], [340.90006243129386, 149.63770415453467], [341.48722011778847, 149.7490241546491], [346.28234122497224, 150.41694415454472], [346.0866219959089, 152.30938415451263], [350.0988661875348, 152.97730415440824], [349.70742773010346, 156.20558415456287]]]}, "properties": {"id": 834, "height_m": 9.0, "levels": 3, "category": "residencial", "extrude": true, "manzana_id": 53}}, {"type": "Feature", "geometry": {"type": "Polygon", "coordinates": [[[333.16915289094186, 159.0999041543742], [329.5483471570949, 158.54330415459302], [330.2333644581212, 153.42258415447048], [333.9520298064997, 153.97918415464716], [333.16915289094186, 159.0999041543742]]]}, "properties": {"id": 835, "height_m": 9.0, "levels": 3, "category": "residencial", "extrude": true, "manzana_id": 53}}, {"type": "Feature", "geometry": {"type": "Polygon", "coordinates": [[[348.1416738989877, 161.32630415428991], [337.1813970829153, 159.65650415455087], [333.16915289094186, 159.0999041543742], [333.9520298064997, 153.97918415464716], [348.7288315854823, 155.982944154334], [348.1416738989877, 161.32630415428991]]]}, "properties": {"id": 836, "height_m": 6.0, "levels": 2, "category": "residencial", "extrude": true, "manzana_id": 53}}, {"type": "Feature", "geometry": {"type": "Polygon", "coordinates": [[[347.55451621249307, 166.8923041544747], [338.74715091368347, 165.6677841544024], [336.39852016735745, 165.3338241544546], [337.1813970829153, 159.65650415455087], [344.71658739385646, 160.88102415462316], [344.4230085506091, 163.10742415453888], [347.8480950557404, 163.55270415460112], [347.55451621249307, 166.8923041544747]]]}, "properties": {"id": 837, "height_m": 6.0, "levels": 2, "category": "residencial", "extrude": true, "manzana_id": 53}}, {"type": "Feature", "geometry": {"type": "Polygon", "coordinates": [[[347.8480950557404, 163.55270415460112], [344.4230085506091, 163.10742415453888], [344.71658739385646, 160.88102415462316], [348.1416738989877, 161.32630415428991], [347.8480950557404, 163.55270415460112]]]}, "properties": {"id": 838, "height_m": 9.0, "levels": 3, "category": "residencial", "extrude": true, "manzana_id": 53}}, {"type": "Feature", "geometry": {"type": "Polygon", "coordinates": [[[334.9306259507733, 170.89982415463936], [326.0254010377797, 169.56398415445264], [325.0468048931585, 169.4526641543382], [325.1446645076901, 168.89606415455702], [326.0254010377797, 163.99798415426787], [326.7104183384583, 164.1093041543823], [335.5177836372679, 165.22250415434016], [335.2242047940206, 168.00550415443254], [334.9306259507733, 170.89982415463936]]]}, "properties": {"id": 839, "height_m": 3.0, "levels": 1, "category": "residencial", "extrude": true, "manzana_id": 53}}, {"type": "Feature", "geometry": {"type": "Polygon", "coordinates": [[[343.15083356308827, 172.12434415431616], [342.0743778042831, 171.9017041544828], [342.1722374188147, 170.6771841544105], [343.2486931776199, 170.78850415452493], [343.15083356308827, 172.12434415431616]]]}, "properties": {"id": 840, "height_m": 3.0, "levels": 1, "category": "residencial", "extrude": true, "manzana_id": 53}}, {"type": "Feature", "geometry": {"type": "Polygon", "coordinates": [[[348.04381428445606, 168.89606415455702], [341.2915008887252, 167.8941841543181], [341.48722011778847, 166.0017441543502], [348.2395335135193, 167.00362415458912], [348.04381428445606, 168.89606415455702]]]}, "properties": {"id": 841, "height_m": 12.0, "levels": 4, "category": "residencial", "extrude": true, "manzana_id": 53}}, {"type": "Feature", "geometry": {"type": "Polygon", "coordinates": [[[342.0743778042831, 171.9017041544828], [340.31290474445166, 171.6790641546494], [337.2792566970993, 171.23378415458717], [337.57283554034666, 168.45078415449478], [337.86641438394156, 165.55646415428797], [338.74715091368347, 165.6677841544024], [341.48722011778847, 166.0017441543502], [341.2915008887252, 167.8941841543181], [348.04381428445606, 168.89606415455702], [347.7502354412087, 171.79038415436835], [347.6523758270247, 172.68094415449283], [343.15083356308827, 172.12434415431616], [343.2486931776199, 170.78850415452493], [342.1722374188147, 170.6771841544105], [342.0743778042831, 171.9017041544828]]]}, "properties": {"id": 842, "height_m": 9.0, "levels": 3, "category": "residencial", "extrude": true, "manzana_id": 53}}, {"type": "Feature", "geometry": {"type": "Polygon", "coordinates": [[[337.57283554034666, 168.45078415449478], [335.2242047940206, 168.00550415443254], [335.5177836372679, 165.22250415434016], [336.39852016735745, 165.3338241544546], [337.86641438394156, 165.55646415428797], [337.57283554034666, 168.45078415449478]]]}, "properties": {"id": 843, "height_m": 6.0, "levels": 2, "category": "residencial", "extrude": true, "manzana_id": 53}}, {"type": "Feature", "geometry": {"type": "Polygon", "coordinates": [[[337.2792566970993, 171.23378415458717], [335.6156432517995, 171.0111441543583], [334.9306259507733, 170.89982415463936], [335.2242047940206, 168.00550415443254], [337.57283554034666, 168.45078415449478], [337.2792566970993, 171.23378415458717]]]}, "properties": {"id": 844, "height_m": 12.0, "levels": 4, "category": "residencial", "extrude": true, "manzana_id": 53}}, {"type": "Feature", "geometry": {"type": "Polygon", "coordinates": [[[337.47497592616264, 176.57714415454308], [335.0284855653049, 176.24318415459527], [335.41992402308387, 173.12622415455508], [337.86641438394156, 173.57150415461732], [337.47497592616264, 176.57714415454308]]]}, "properties": {"id": 845, "height_m": 3.0, "levels": 1, "category": "residencial", "extrude": true, "manzana_id": 53}}, {"type": "Feature", "geometry": {"type": "Polygon", "coordinates": [[[346.38020083915626, 177.80166415461537], [339.72574705795705, 176.91110415449089], [340.11718551573597, 173.90546415456512], [340.4107643589833, 171.6790641546494], [346.96735852599846, 172.5696241543784], [346.38020083915626, 177.80166415461537]]]}, "properties": {"id": 846, "height_m": 3.0, "levels": 1, "category": "residencial", "extrude": true, "manzana_id": 53}}, {"type": "Feature", "geometry": {"type": "Polygon", "coordinates": [[[337.86641438394156, 173.57150415461732], [335.41992402308387, 173.12622415455508], [335.6156432517995, 171.0111441543583], [340.31290474445166, 171.6790641546494], [340.4107643589833, 171.6790641546494], [340.11718551573597, 173.90546415456512], [337.86641438394156, 173.57150415461732]]]}, "properties": {"id": 847, "height_m": 6.0, "levels": 2, "category": "residencial", "extrude": true, "manzana_id": 53}}, {"type": "Feature", "geometry": {"type": "Polygon", "coordinates": [[[336.8878182393204, 181.92050415449899], [334.34346826427867, 181.47522415443675], [334.34346826427867, 181.3639041543223], [335.0284855653049, 176.24318415459527], [337.47497592616264, 176.57714415454308], [337.57283554034666, 176.57714415454308], [337.1813970829153, 179.24882415452103], [336.8878182393204, 181.92050415449899]]]}, "properties": {"id": 848, "height_m": 9.0, "levels": 3, "category": "residencial", "extrude": true, "manzana_id": 53}}, {"type": "Feature", "geometry": {"type": "Polygon", "coordinates": [[[339.6278874434254, 182.2544641544468], [339.9214662866727, 179.69410415458327], [337.1813970829153, 179.24882415452103], [337.57283554034666, 176.57714415454308], [346.38020083915626, 177.80166415461537], [345.79304315266165, 183.14502415457127], [339.6278874434254, 182.2544641544468]]]}, "properties": {"id": 849, "height_m": 6.0, "levels": 2, "category": "residencial", "extrude": true, "manzana_id": 53}}, {"type": "Feature", "geometry": {"type": "Polygon", "coordinates": [[[344.52086816514077, 194.4996641543787], [332.77771443351054, 192.71854415452523], [332.97343366222617, 191.60534415456738], [333.5605913487208, 187.2638641544549], [333.75631057778406, 185.371424154487], [339.0407297569308, 186.26198415461147], [339.3343086001781, 183.70162415435246], [339.6278874434254, 182.2544641544468], [345.79304315266165, 183.14502415457127], [344.52086816514077, 194.4996641543787]]]}, "properties": {"id": 850, "height_m": 3.0, "levels": 1, "category": "residencial", "extrude": true, "manzana_id": 53}}, {"type": "Feature", "geometry": {"type": "Polygon", "coordinates": [[[339.3343086001781, 183.70162415435246], [339.0407297569308, 186.26198415461147], [333.75631057778406, 185.371424154487], [334.14774903556304, 182.9223841543424], [339.3343086001781, 183.70162415435246]]]}, "properties": {"id": 851, "height_m": 6.0, "levels": 2, "category": "residencial", "extrude": true, "manzana_id": 53}}, {"type": "Feature", "geometry": {"type": "Polygon", "coordinates": [[[324.0682087488849, 201.73546415430252], [309.780705042213, 199.39774415427237], [304.1048474049397, 198.50718415454338], [305.7684608502395, 187.48650415428827], [310.56358195742325, 188.26574415429832], [310.2700031141759, 189.71290415459947], [329.93978561487387, 192.82986415463967], [329.4504875425633, 196.28078415462767], [325.0468048931585, 195.61286415433656], [324.0682087488849, 201.73546415430252]]]}, "properties": {"id": 852, "height_m": 3.0, "levels": 1, "category": "residencial", "extrude": true, "manzana_id": 53}}, {"type": "Feature", "geometry": {"type": "Polygon", "coordinates": [[[289.81734369826773, 159.87914415438425], [292.7531321310884, 160.21310415433206], [290.600220613478, 178.35826415439655], [256.7407940202921, 170.89982415463936], [257.1322324780711, 168.11682415454698], [268.1903689090227, 170.45454415457712], [273.96408616013235, 171.6790641546494], [279.73780341158965, 173.01490415444064], [288.0558706384363, 174.68470415457517], [289.81734369826773, 159.87914415438425]]]}, "properties": {"id": 853, "height_m": 6.0, "levels": 2, "category": "residencial", "extrude": true, "manzana_id": 48}}, {"type": "Feature", "geometry": {"type": "Polygon", "coordinates": [[[294.80818403416714, 142.62454415444424], [293.340289817583, 155.3150241544384], [290.40450138476234, 154.86974415437615], [291.9702552155305, 142.179264154382], [294.80818403416714, 142.62454415444424]]]}, "properties": {"id": 854, "height_m": 6.0, "levels": 2, "category": "residencial", "extrude": true, "manzana_id": 48}}, {"type": "Feature", "geometry": {"type": "Polygon", "coordinates": [[[279.34636495415833, 148.07922415451458], [279.05278611056343, 147.74526415456677], [278.5634880386005, 147.1886641543901], [277.2913130510796, 146.18678415454667], [276.5084361355217, 145.85282415459886], [275.6276996057798, 145.63018415437], [275.3341207621849, 145.63018415437], [276.01913806321113, 139.84154415435185], [281.79285531466843, 140.73210415447633], [280.7163995558632, 149.30374415458687], [279.34636495415833, 148.07922415451458]]]}, "properties": {"id": 855, "height_m": 12.0, "levels": 4, "category": "residencial", "extrude": true, "manzana_id": 48}}, {"type": "Feature", "geometry": {"type": "Polygon", "coordinates": [[[267.7010708367121, 161.6602641546332], [260.06802091123933, 160.54706415427987], [260.4594593686707, 157.98670415441634], [282.5757322302263, 161.10366415445654], [282.18429377244735, 163.7753441544345], [279.34636495415833, 163.33006415437225], [270.63685926953275, 162.10554415429996], [269.1689650532963, 161.8829041544666], [267.7010708367121, 161.6602641546332]]]}, "properties": {"id": 856, "height_m": 12.0, "levels": 4, "category": "residencial", "extrude": true, "manzana_id": 48}}, {"type": "Feature", "geometry": {"type": "Polygon", "coordinates": [[[263.5909670305546, 152.64334415446044], [259.3830036102131, 152.08674415428376], [261.43805551294423, 137.61514415443614], [276.01913806321113, 139.84154415435185], [275.3341207621849, 145.63018415437], [274.7469630756903, 145.51886415465106], [273.86622654594834, 145.51886415465106], [272.78977078714314, 145.74150415448443], [271.8111746428696, 146.18678415454667], [271.224016956375, 146.40942415438005], [270.4411400408171, 147.1886641543901], [270.04970158303814, 147.63394415445234], [269.6582631252592, 148.07922415451458], [269.1689650532963, 149.19242415447243], [268.7775265955173, 150.3056241544303], [268.7775265955173, 150.6395841543781], [268.6796669809857, 151.19618415455477], [268.87538621004893, 152.30938415451263], [269.1689650532963, 153.53390415458492], [269.2668246674803, 153.7565441544183], [265.9395977768807, 153.31126415435605], [266.0374573914123, 152.97730415440824], [263.5909670305546, 152.64334415446044]]]}, "properties": {"id": 857, "height_m": 9.0, "levels": 3, "category": "residencial", "extrude": true, "manzana_id": 48}}, {"type": "Feature", "geometry": {"type": "Polygon", "coordinates": [[[263.5909670305546, 152.64334415446044], [263.1016689585917, 157.2074641544063], [258.7958459233709, 156.53954415451068], [259.3830036102131, 152.08674415428376], [263.5909670305546, 152.64334415446044]]]}, "properties": {"id": 858, "height_m": 12.0, "levels": 4, "category": "residencial", "extrude": true, "manzana_id": 48}}, {"type": "Feature", "geometry": {"type": "Polygon", "coordinates": [[[289.81734369826773, 159.87914415438425], [288.0558706384363, 174.68470415457517], [279.73780341158965, 173.01490415444064], [273.96408616013235, 171.6790641546494], [268.1903689090227, 170.45454415457712], [257.1322324780711, 168.11682415454698], [258.7958459233709, 156.53954415451068], [263.1016689585917, 157.2074641544063], [263.5909670305546, 152.64334415446044], [266.0374573914123, 152.97730415440824], [265.9395977768807, 153.31126415435605], [264.7652824038915, 156.09426415444844], [285.7072398921103, 159.21122415448863], [286.19653796407323, 154.31314415459497], [280.2271014839003, 153.42258415447048], [280.42282071261593, 152.30938415451263], [280.42282071261593, 151.19618415455477], [280.3249610984319, 150.08298415459691], [279.93352264065294, 148.96978415463906], [279.34636495415833, 148.07922415451458], [280.7163995558632, 149.30374415458687], [281.79285531466843, 140.73210415447633], [291.9702552155305, 142.179264154382], [290.40450138476234, 154.86974415437615], [289.81734369826773, 159.87914415438425]]]}, "properties": {"id": 859, "height_m": 9.0, "levels": 3, "category": "residencial", "extrude": true, "manzana_id": 48}}, {"type": "Feature", "geometry": {"type": "Polygon", "coordinates": [[[177.67022556006907, 77.83630415428675], [174.34299866946947, 77.27970415450557], [175.4194544282747, 70.71182415447737], [175.90875250023763, 67.81750415427055], [176.00661211476927, 67.0382641542605], [180.99745245066867, 67.81750415427055], [183.933240883837, 68.26278415433279], [188.33692353324176, 69.04202415434284], [187.06474854537325, 79.2834641545879], [184.03110049802098, 78.83818415452566], [184.81397741357887, 71.37974415437299], [178.74668131887427, 70.489184154644], [177.67022556006907, 77.83630415428675]]]}, "properties": {"id": 860, "height_m": 6.0, "levels": 2, "category": "residencial", "extrude": true, "manzana_id": 44}}, {"type": "Feature", "geometry": {"type": "Polygon", "coordinates": [[[184.03110049802098, 78.83818415452566], [177.67022556006907, 77.83630415428675], [178.74668131887427, 70.489184154644], [184.81397741357887, 71.37974415437299], [184.03110049802098, 78.83818415452566]]]}, "properties": {"id": 862, "height_m": 9.0, "levels": 3, "category": "residencial", "extrude": true, "manzana_id": 44}}, {"type": "Feature", "geometry": {"type": "Polygon", "coordinates": [[[175.4194544282747, 70.71182415447737], [174.7344371272484, 70.60050415436294], [175.22373519921138, 67.70618415455161], [175.90875250023763, 67.81750415427055], [175.4194544282747, 70.71182415447737]]]}, "properties": {"id": 863, "height_m": 3.0, "levels": 1, "category": "residencial", "extrude": true, "manzana_id": 44}}, {"type": "Feature", "geometry": {"type": "Polygon", "coordinates": [[[-28.32426281733521, 87.63246415446957], [-28.32426281733521, 87.743784154584], [-29.596437804856055, 88.85698415454186], [-31.55363009340315, 88.52302415459405], [-32.532226237676696, 86.96454415457396], [-32.2386473944294, 84.84946415437719], [-31.357910864687508, 84.18154415448157], [-30.37931472041396, 85.40606415455386], [-28.1285435882719, 85.96266415433504], [-28.32426281733521, 87.63246415446957]]]}, "properties": {"id": 864, "height_m": 3.0, "levels": 1, "category": "residencial", "extrude": true, "manzana_id": 32}}, {"type": "Feature", "geometry": {"type": "Polygon", "coordinates": [[[-5.816551498000613, 111.45494415443778], [-6.795147642274161, 116.68698415427926], [-6.99086687133747, 117.4662241542893], [-12.079566821768518, 116.13038415449807], [-13.058162966042065, 115.90774415426921], [-12.862443736978756, 115.46246415460246], [-14.33033795356291, 115.12850415465465], [-13.351741809289363, 110.34174415447993], [-5.816551498000613, 111.45494415443778]]]}, "properties": {"id": 865, "height_m": 3.0, "levels": 1, "category": "residencial", "extrude": true, "manzana_id": 33}}, {"type": "Feature", "geometry": {"type": "Polygon", "coordinates": [[[-31.945068551182104, 111.67758415427116], [-38.59952233238129, 110.67570415442773], [-37.52306657392376, 102.88330415432725], [-36.3487512005869, 95.2022241543412], [-32.2386473944294, 96.09278415446568], [-32.63008585220835, 98.987104154277], [-30.183595491350648, 99.3210641546203], [-31.945068551182104, 111.67758415427116]]]}, "properties": {"id": 866, "height_m": 3.0, "levels": 1, "category": "residencial", "extrude": true, "manzana_id": 32}}, {"type": "Feature", "geometry": {"type": "Polygon", "coordinates": [[[-9.339497617663518, 81.62118415461805], [-9.926655304158114, 86.96454415457396], [-10.807391834247673, 85.96266415433504], [-11.492409135273924, 86.85322415445953], [-14.33033795356291, 86.7419041543451], [-14.33033795356291, 87.85510415430295], [-15.308934097836458, 87.743784154584], [-15.504653326899769, 89.52490415443748], [-19.41903790399396, 88.85698415454186], [-28.32426281733521, 87.63246415446957], [-28.1285435882719, 85.96266415433504], [-30.37931472041396, 85.40606415455386], [-31.357910864687508, 84.18154415448157], [-32.2386473944294, 84.84946415437719], [-31.45577047921916, 79.61742415453571], [-20.691212891514805, 80.841944154608], [-20.201914819551863, 75.8325441545999], [-10.709532219716019, 77.0570641542767], [-11.296689906210613, 81.39854415438919], [-9.339497617663518, 81.62118415461805]]]}, "properties": {"id": 867, "height_m": 6.0, "levels": 2, "category": "residencial", "extrude": true, "manzana_id": 32}}, {"type": "Feature", "geometry": {"type": "Polygon", "coordinates": [[[-9.926655304158114, 86.96454415457396], [-10.122374533221423, 88.52302415459405], [-11.492409135273924, 89.85886415438529], [-13.15602258057372, 89.63622415455191], [-14.33033795356291, 87.96642415441738], [-14.33033795356291, 87.85510415430295], [-14.33033795356291, 86.7419041543451], [-11.492409135273924, 86.85322415445953], [-10.807391834247673, 85.96266415433504], [-9.926655304158114, 86.96454415457396]]]}, "properties": {"id": 868, "height_m": 3.0, "levels": 1, "category": "residencial", "extrude": true, "manzana_id": 32}}, {"type": "Feature", "geometry": {"type": "Polygon", "coordinates": [[[199.5907791925614, 100.32294415446373], [204.67947914299245, 101.10218415447378], [203.21158492675596, 110.45306415459436], [198.1228849763249, 109.56250415446988], [199.5907791925614, 100.32294415446373]]]}, "properties": {"id": 869, "height_m": 6.0, "levels": 2, "category": "residencial", "extrude": true, "manzana_id": 44}}, {"type": "Feature", "geometry": {"type": "Polygon", "coordinates": [[[-15.113214869120815, 42.3252241545633], [-15.211074483652471, 43.43842415452116], [-16.87468792895227, 54.570424154495214], [-18.44044175972041, 54.34778415426635], [-20.10405520502021, 54.125144154432974], [-22.061247493567304, 68.37410415444722], [-28.32426281733521, 67.48354415432274], [-29.596437804856055, 67.3722241546038], [-28.1285435882719, 57.3534241545876], [-26.66064937203541, 47.00066415462359], [-25.58419361323021, 39.65354415458535], [-15.015355254589162, 41.10070415449101], [-15.113214869120815, 42.3252241545633]]]}, "properties": {"id": 870, "height_m": 3.0, "levels": 1, "category": "residencial", "extrude": true, "manzana_id": 32}}, {"type": "Feature", "geometry": {"type": "Polygon", "coordinates": [[[-28.519982046050853, 74.60802415452761], [-28.519982046050853, 74.71934415464204], [-31.357910864687508, 74.2740641545798], [-33.217243538702945, 73.940104154632], [-32.14078777989774, 67.0382641542605], [-29.596437804856055, 67.3722241546038], [-28.32426281733521, 67.48354415432274], [-27.44352628724565, 67.59486415443718], [-28.519982046050853, 74.60802415452761]]]}, "properties": {"id": 871, "height_m": 3.0, "levels": 1, "category": "residencial", "extrude": true, "manzana_id": 32}}, {"type": "Feature", "geometry": {"type": "Polygon", "coordinates": [[[-9.73093607544247, 52.3440241545795], [-10.122374533221423, 55.34966415450526], [-10.22023414740541, 55.57230415433864], [-16.87468792895227, 54.570424154495214], [-15.211074483652471, 43.43842415452116], [-6.305849570311221, 44.66294415459345], [-7.284445714584768, 51.78742415440283], [-7.382305329116423, 52.67798415452731], [-9.73093607544247, 52.3440241545795]]]}, "properties": {"id": 872, "height_m": 3.0, "levels": 1, "category": "residencial", "extrude": true, "manzana_id": 32}}, {"type": "Feature", "geometry": {"type": "Polygon", "coordinates": [[[188.14120430417847, 37.64978415450301], [186.5754504734103, 37.53846415438858], [186.5754504734103, 37.98374415445082], [183.24822358281074, 37.872424154336386], [183.24822358281074, 37.53846415438858], [180.6060139928897, 37.53846415438858], [179.82313707767946, 36.87054415449296], [180.80173322195301, 29.078144154392476], [181.09531206520032, 26.851744154476762], [181.48675052297926, 23.178184154259895], [181.78032936622657, 20.951784154344182], [188.23906391871012, 20.951784154344182], [188.14120430417847, 37.64978415450301]]]}, "properties": {"id": 873, "height_m": 6.0, "levels": 2, "category": "residencial", "extrude": true, "manzana_id": 43}}, {"type": "Feature", "geometry": {"type": "Polygon", "coordinates": [[[187.16260815990492, 22.17630415441647], [187.16260815990492, 22.732904154593143], [188.04334468999448, 22.732904154593143], [187.9454850754628, 33.8649041545672], [183.34608319699473, 33.97622415428614], [183.34608319699473, 29.523424154454716], [185.10755625682617, 29.523424154454716], [185.0096966422945, 26.29514415430009], [183.44394281152637, 26.29514415430009], [183.34608319699473, 23.734784154436568], [185.79257355785242, 23.734784154436568], [185.69471394332075, 22.17630415441647], [187.16260815990492, 22.17630415441647]]]}, "properties": {"id": 874, "height_m": 9.0, "levels": 3, "category": "residencial", "extrude": true, "manzana_id": 43}}, {"type": "Feature", "geometry": {"type": "Polygon", "coordinates": [[[181.09531206520032, 26.851744154476762], [179.82313707767946, 26.629104154643386], [180.31243514964243, 22.95554415442652], [181.48675052297926, 23.178184154259895], [181.09531206520032, 26.851744154476762]]]}, "properties": {"id": 875, "height_m": 3.0, "levels": 1, "category": "residencial", "extrude": true, "manzana_id": 43}}, {"type": "Feature", "geometry": {"type": "Polygon", "coordinates": [[[179.82313707767946, 36.87054415449296], [179.5295582344322, 36.53658415454515], [180.01885630639512, 32.64038415449491], [179.1381197766532, 32.52906415438048], [179.5295582344322, 28.966824154278044], [180.80173322195301, 29.078144154392476], [179.82313707767946, 36.87054415449296]]]}, "properties": {"id": 876, "height_m": 3.0, "levels": 1, "category": "residencial", "extrude": true, "manzana_id": 43}}, {"type": "Feature", "geometry": {"type": "Polygon", "coordinates": [[[181.9760485949422, 20.617824154396374], [181.38889090844762, 20.617824154396374], [183.541802426058, 3.029264154508553], [184.22681972708426, 3.029264154508553], [181.9760485949422, 20.617824154396374]]]}, "properties": {"id": 877, "height_m": 3.0, "levels": 1, "category": "residencial", "extrude": true, "manzana_id": 43}}, {"type": "Feature", "geometry": {"type": "Polygon", "coordinates": [[[196.06783307324616, 15.497104154273842], [196.16569268743015, 20.729144154510806], [192.1534484958043, 20.729144154510806], [192.25130811033597, 15.497104154273842], [196.06783307324616, 15.497104154273842]]]}, "properties": {"id": 878, "height_m": 3.0, "levels": 1, "category": "residencial", "extrude": true, "manzana_id": 43}}, {"type": "Feature", "geometry": {"type": "Polygon", "coordinates": [[[194.20850039888305, 3.029264154508553], [189.021940834268, 3.029264154508553], [189.021940834268, 2.1387041543840724], [194.20850039888305, 2.0273841542696402], [194.20850039888305, 3.029264154508553]]]}, "properties": {"id": 879, "height_m": 3.0, "levels": 1, "category": "residencial", "extrude": true, "manzana_id": 43}}, {"type": "Feature", "geometry": {"type": "Polygon", "coordinates": [[[192.25130811033597, 15.497104154273842], [191.27271196606242, 15.497104154273842], [191.17485235153077, 13.048064154524752], [185.49899471460512, 13.270704154358128], [185.40113510007347, 10.487704154265742], [191.17485235153077, 10.487704154265742], [191.17485235153077, 8.483944154578893], [195.96997345871452, 8.37262415446446], [196.06783307324616, 15.497104154273842], [192.25130811033597, 15.497104154273842]]]}, "properties": {"id": 880, "height_m": 9.0, "levels": 3, "category": "residencial", "extrude": true, "manzana_id": 43}}, {"type": "Feature", "geometry": {"type": "Polygon", "coordinates": [[[192.1534484958043, 20.729144154510806], [188.23906391871012, 20.729144154510806], [181.9760485949422, 20.617824154396374], [184.22681972708426, 3.029264154508553], [189.021940834268, 3.029264154508553], [194.20850039888305, 3.029264154508553], [195.96997345871452, 3.029264154508553], [195.96997345871452, 8.37262415446446], [191.17485235153077, 8.483944154578893], [191.17485235153077, 10.487704154265742], [185.40113510007347, 10.487704154265742], [185.49899471460512, 13.270704154358128], [191.17485235153077, 13.048064154524752], [191.27271196606242, 15.497104154273842], [192.25130811033597, 15.497104154273842], [192.1534484958043, 20.729144154510806]]]}, "properties": {"id": 881, "height_m": 6.0, "levels": 2, "category": "residencial", "extrude": true, "manzana_id": 43}}, {"type": "Feature", "geometry": {"type": "Polygon", "coordinates": [[[195.96997345871452, 3.029264154508553], [205.95165413086096, 3.029264154508553], [205.95165413086096, 17.834824154303988], [202.6244272399137, 17.834824154303988], [202.6244272399137, 18.280104154366228], [198.90576189153515, 18.39142415448066], [198.90576189153515, 17.834824154303988], [196.06783307324616, 17.834824154303988], [195.96997345871452, 3.029264154508553]]]}, "properties": {"id": 882, "height_m": 6.0, "levels": 2, "category": "residencial", "extrude": true, "manzana_id": 43}}, {"type": "Feature", "geometry": {"type": "Polygon", "coordinates": [[[205.95165413086096, 17.834824154303988], [205.95165413086096, 20.729144154510806], [202.6244272399137, 20.729144154510806], [202.6244272399137, 18.280104154366228], [202.6244272399137, 17.834824154303988], [205.95165413086096, 17.834824154303988]]]}, "properties": {"id": 883, "height_m": 9.0, "levels": 3, "category": "residencial", "extrude": true, "manzana_id": 43}}, {"type": "Feature", "geometry": {"type": "Polygon", "coordinates": [[[200.9608137946139, 9.819784154370126], [200.9608137946139, 6.814144154444364], [202.82014646897701, 6.814144154444364], [202.82014646897701, 9.708464154651182], [200.9608137946139, 9.819784154370126]]]}, "properties": {"id": 884, "height_m": 9.0, "levels": 3, "category": "residencial", "extrude": true, "manzana_id": 43}}, {"type": "Feature", "geometry": {"type": "Polygon", "coordinates": [[[196.06783307324616, 17.834824154303988], [198.90576189153515, 17.834824154303988], [198.90576189153515, 18.39142415448066], [199.00362150606682, 20.729144154510806], [198.1228849763249, 20.729144154510806], [196.16569268743015, 20.729144154510806], [196.06783307324616, 17.834824154303988]]]}, "properties": {"id": 885, "height_m": 9.0, "levels": 3, "category": "residencial", "extrude": true, "manzana_id": 43}}, {"type": "Feature", "geometry": {"type": "Polygon", "coordinates": [[[210.8446348522287, 17.834824154303988], [210.8446348522287, 20.729144154510806], [207.8109868048764, 20.729144154510806], [205.95165413086096, 20.729144154510806], [205.95165413086096, 17.834824154303988], [210.8446348522287, 17.834824154303988]]]}, "properties": {"id": 886, "height_m": 6.0, "levels": 2, "category": "residencial", "extrude": true, "manzana_id": 43}}, {"type": "Feature", "geometry": {"type": "Polygon", "coordinates": [[[210.8446348522287, 17.834824154303988], [205.95165413086096, 17.834824154303988], [205.95165413086096, 3.029264154508553], [210.74677523769705, 3.029264154508553], [210.8446348522287, 9.59714415453675], [209.7681790934235, 9.59714415453675], [209.7681790934235, 13.38202415447256], [210.8446348522287, 13.38202415447256], [210.8446348522287, 17.834824154303988]]]}, "properties": {"id": 887, "height_m": 3.0, "levels": 1, "category": "residencial", "extrude": true, "manzana_id": 43}}, {"type": "Feature", "geometry": {"type": "Polygon", "coordinates": [[[214.26972135735994, 20.729144154510806], [213.878282899581, 20.729144154510806], [210.94249446676037, 20.729144154510806], [210.8446348522287, 20.729144154510806], [210.8446348522287, 17.723504154585044], [214.26972135735994, 17.723504154585044], [214.26972135735994, 20.729144154510806]]]}, "properties": {"id": 888, "height_m": 6.0, "levels": 2, "category": "residencial", "extrude": true, "manzana_id": 43}}, {"type": "Feature", "geometry": {"type": "Polygon", "coordinates": [[[215.93333480265974, 20.729144154510806], [215.93333480265974, 20.951784154344182], [214.1718617428283, 20.951784154344182], [213.878282899581, 20.729144154510806], [214.26972135735994, 20.729144154510806], [214.26972135735994, 17.723504154585044], [210.8446348522287, 17.723504154585044], [210.8446348522287, 13.38202415447256], [212.41038868299685, 13.38202415447256], [212.41038868299685, 9.59714415453675], [210.8446348522287, 9.59714415453675], [210.74677523769705, 3.029264154508553], [215.8354751881281, 3.029264154508553], [215.93333480265974, 20.729144154510806]]]}, "properties": {"id": 889, "height_m": 3.0, "levels": 1, "category": "residencial", "extrude": true, "manzana_id": 43}}, {"type": "Feature", "geometry": {"type": "Polygon", "coordinates": [[[215.93333480265974, 17.16690415440837], [215.93333480265974, 13.938624154649233], [219.0648424645437, 13.938624154649233], [218.96698285001204, 10.932984154327983], [215.93333480265974, 10.932984154327983], [215.8354751881281, 6.591504154610988], [220.53273668078018, 6.4801841544965555], [220.7284559098435, 17.16690415440837], [215.93333480265974, 17.16690415440837]]]}, "properties": {"id": 890, "height_m": 6.0, "levels": 2, "category": "residencial", "extrude": true, "manzana_id": 43}}, {"type": "Feature", "geometry": {"type": "Polygon", "coordinates": [[[215.8354751881281, 6.591504154610988], [215.8354751881281, 3.029264154508553], [220.53273668078018, 3.029264154508553], [220.53273668078018, 6.4801841544965555], [215.8354751881281, 6.591504154610988]]]}, "properties": {"id": 891, "height_m": 3.0, "levels": 1, "category": "residencial", "extrude": true, "manzana_id": 43}}, {"type": "Feature", "geometry": {"type": "Polygon", "coordinates": [[[220.7284559098435, 20.729144154510806], [220.63059629531185, 13.604664154305937], [225.42571740249556, 13.604664154305937], [225.42571740249556, 15.163144154326034], [223.56638472813248, 15.163144154326034], [223.56638472813248, 17.723504154585044], [225.42571740249556, 17.61218415447061], [225.32785778796395, 20.729144154510806], [225.32785778796395, 20.951784154344182], [221.0220347530908, 20.840464154625238], [220.7284559098435, 20.840464154625238], [220.7284559098435, 20.729144154510806]]]}, "properties": {"id": 893, "height_m": 6.0, "levels": 2, "category": "residencial", "extrude": true, "manzana_id": 43}}, {"type": "Feature", "geometry": {"type": "Polygon", "coordinates": [[[220.53273668078018, 2.2500241544985045], [225.71929624574292, 2.1387041543840724], [225.71929624574292, 9.263184154588942], [222.48992896967496, 9.374504154307886], [222.48992896967496, 11.712224154338031], [225.42571740249556, 11.712224154338031], [225.42571740249556, 13.604664154305937], [220.63059629531185, 13.604664154305937], [220.53273668078018, 2.2500241544985045]]]}, "properties": {"id": 894, "height_m": 6.0, "levels": 2, "category": "residencial", "extrude": true, "manzana_id": 43}}, {"type": "Feature", "geometry": {"type": "Polygon", "coordinates": [[[232.86304809925272, 4.810384154362026], [232.96090771378434, 11.26694415427579], [225.62143663121122, 11.378264154390223], [225.71929624574292, 4.921704154476458], [228.06792699206895, 4.810384154362026], [228.06792699206895, 8.929224154641133], [230.90585581070556, 8.817904154526701], [230.80799619617395, 4.810384154362026], [232.86304809925272, 4.810384154362026]]]}, "properties": {"id": 895, "height_m": 12.0, "levels": 4, "category": "residencial", "extrude": true, "manzana_id": 43}}, {"type": "Feature", "geometry": {"type": "Polygon", "coordinates": [[[230.80799619617395, 4.810384154362026], [230.90585581070556, 8.817904154526701], [228.06792699206895, 8.929224154641133], [228.06792699206895, 4.810384154362026], [230.80799619617395, 4.810384154362026]]]}, "properties": {"id": 896, "height_m": 3.0, "levels": 1, "category": "residencial", "extrude": true, "manzana_id": 43}}, {"type": "Feature", "geometry": {"type": "Polygon", "coordinates": [[[225.71929624574292, 4.921704154476458], [225.71929624574292, 3.029264154508553], [232.86304809925272, 2.917944154394121], [232.86304809925272, 4.810384154362026], [230.80799619617395, 4.810384154362026], [228.06792699206895, 4.810384154362026], [225.71929624574292, 4.921704154476458]]]}, "properties": {"id": 897, "height_m": 9.0, "levels": 3, "category": "residencial", "extrude": true, "manzana_id": 43}}, {"type": "Feature", "geometry": {"type": "Polygon", "coordinates": [[[244.50834221669894, 11.155624154556847], [232.96090771378434, 11.26694415427579], [232.86304809925272, 1.1368241545406477], [244.50834221669894, 1.2481441542595917], [244.60620183088292, 1.3594641543740238], [244.50834221669894, 11.155624154556847]]]}, "properties": {"id": 898, "height_m": 3.0, "levels": 1, "category": "residencial", "extrude": true, "manzana_id": 43}}, {"type": "Feature", "geometry": {"type": "Polygon", "coordinates": [[[229.34010197958975, 11.26694415427579], [229.43796159412145, 17.834824154303988], [225.42571740249556, 17.834824154303988], [225.42571740249556, 11.378264154390223], [225.62143663121122, 11.378264154390223], [229.34010197958975, 11.26694415427579]]]}, "properties": {"id": 899, "height_m": 3.0, "levels": 1, "category": "residencial", "extrude": true, "manzana_id": 43}}, {"type": "Feature", "geometry": {"type": "Polygon", "coordinates": [[[231.98231156951078, 20.840464154625238], [231.98231156951078, 16.944264154574995], [239.12606342267293, 16.832944154460563], [239.12606342267293, 15.163144154326034], [231.29729426848453, 15.163144154326034], [231.29729426848453, 11.26694415427579], [232.96090771378434, 11.26694415427579], [244.50834221669894, 11.155624154556847], [244.50834221669894, 20.840464154625238], [231.98231156951078, 20.840464154625238]]]}, "properties": {"id": 900, "height_m": 3.0, "levels": 1, "category": "residencial", "extrude": true, "manzana_id": 43}}, {"type": "Feature", "geometry": {"type": "Polygon", "coordinates": [[[228.55722506437954, 20.840464154625238], [244.50834221669894, 20.840464154625238], [244.41048260216732, 30.636624154412573], [232.96090771378434, 30.636624154412573], [232.96090771378434, 26.851744154476762], [238.9303441939573, 26.74042415436233], [238.9303441939573, 24.29138415461324], [228.65508467856353, 24.402704154332184], [228.55722506437954, 20.840464154625238]]]}, "properties": {"id": 901, "height_m": 3.0, "levels": 1, "category": "residencial", "extrude": true, "manzana_id": 43}}, {"type": "Feature", "geometry": {"type": "Polygon", "coordinates": [[[238.63676535070996, 40.766744154543204], [234.42880193002082, 40.766744154543204], [229.53582120865312, 40.766744154543204], [229.53582120865312, 38.42902415451306], [230.31869812421098, 38.42902415451306], [230.31869812421098, 36.09130415448291], [231.98231156951078, 36.09130415448291], [231.98231156951078, 30.636624154412573], [234.33094231583684, 30.636624154412573], [238.53890573617832, 30.636624154412573], [238.63676535070996, 40.766744154543204]]]}, "properties": {"id": 902, "height_m": 3.0, "levels": 1, "category": "residencial", "extrude": true, "manzana_id": 43}}, {"type": "Feature", "geometry": {"type": "Polygon", "coordinates": [[[242.8447287710515, 34.42150415434838], [244.50834221669894, 34.42150415434838], [244.50834221669894, 36.75922415437853], [242.8447287710515, 36.75922415437853], [242.8447287710515, 40.766744154543204], [238.63676535070996, 40.766744154543204], [238.53890573617832, 30.636624154412573], [242.8447287710515, 30.636624154412573], [242.8447287710515, 34.42150415434838]]]}, "properties": {"id": 903, "height_m": 6.0, "levels": 2, "category": "residencial", "extrude": true, "manzana_id": 43}}, {"type": "Feature", "geometry": {"type": "Polygon", "coordinates": [[[242.8447287710515, 34.42150415434838], [242.8447287710515, 30.636624154412573], [245.97623643293542, 30.636624154412573], [245.97623643293542, 40.87806415426215], [242.8447287710515, 40.766744154543204], [242.8447287710515, 36.75922415437853], [244.50834221669894, 36.75922415437853], [244.50834221669894, 34.42150415434838], [242.8447287710515, 34.42150415434838]]]}, "properties": {"id": 904, "height_m": 3.0, "levels": 1, "category": "residencial", "extrude": true, "manzana_id": 43}}, {"type": "Feature", "geometry": {"type": "Polygon", "coordinates": [[[208.00670603359205, 27.51966415437238], [210.45319639444975, 27.51966415437238], [210.5510560089814, 33.196984154276095], [208.20242526265537, 33.30830415439053], [208.00670603359205, 27.51966415437238]]]}, "properties": {"id": 905, "height_m": 9.0, "levels": 3, "category": "residencial", "extrude": true, "manzana_id": 43}}, {"type": "Feature", "geometry": {"type": "Polygon", "coordinates": [[[213.878282899581, 24.514024154446616], [214.1718617428283, 24.514024154446616], [214.1718617428283, 26.851744154476762], [214.1718617428283, 28.187584154267995], [213.97614251411267, 28.187584154267995], [212.31252906881286, 28.187584154267995], [212.41038868299685, 30.52530415429814], [213.97614251411267, 30.413984154579197], [214.1718617428283, 30.413984154579197], [214.1718617428283, 30.97058415436038], [214.1718617428283, 33.08566415455715], [213.97614251411267, 33.08566415455715], [210.5510560089814, 33.196984154276095], [210.45319639444975, 27.51966415437238], [208.00670603359205, 27.51966415437238], [207.90884641940806, 24.62534415456105], [213.878282899581, 24.514024154446616]]]}, "properties": {"id": 906, "height_m": 6.0, "levels": 2, "category": "residencial", "extrude": true, "manzana_id": 43}}, {"type": "Feature", "geometry": {"type": "Polygon", "coordinates": [[[213.97614251411267, 33.08566415455715], [214.1718617428283, 33.08566415455715], [214.1718617428283, 38.09506415456525], [214.0740021286443, 38.09506415456525], [208.88744256368162, 38.206384154284194], [208.398144491371, 37.98374415445082], [208.20242526265537, 33.30830415439053], [210.5510560089814, 33.196984154276095], [213.97614251411267, 33.08566415455715]]]}, "properties": {"id": 907, "height_m": 6.0, "levels": 2, "category": "residencial", "extrude": true, "manzana_id": 43}}, {"type": "Feature", "geometry": {"type": "Polygon", "coordinates": [[[198.2207445905089, 39.542224154470915], [198.1228849763249, 31.972464154599294], [202.13512916795077, 31.972464154599294], [202.0372695534191, 29.857384154402524], [204.97305798623975, 29.857384154402524], [204.97305798623975, 31.86114415448486], [208.20242526265537, 31.86114415448486], [208.398144491371, 39.43090415435648], [198.2207445905089, 39.542224154470915]]]}, "properties": {"id": 908, "height_m": 3.0, "levels": 1, "category": "residencial", "extrude": true, "manzana_id": 43}}, {"type": "Feature", "geometry": {"type": "Polygon", "coordinates": [[[188.14120430417847, 38.76298415446087], [188.23906391871012, 20.729144154510806], [196.16569268743015, 20.729144154510806], [198.1228849763249, 20.729144154510806], [198.1228849763249, 32.97434415444272], [195.28495615768827, 33.08566415455715], [195.28495615768827, 38.76298415446087], [188.14120430417847, 38.76298415446087]]]}, "properties": {"id": 909, "height_m": 3.0, "levels": 1, "category": "residencial", "extrude": true, "manzana_id": 43}}, {"type": "Feature", "geometry": {"type": "Polygon", "coordinates": [[[195.28495615768827, 38.76298415446087], [195.28495615768827, 33.08566415455715], [198.1228849763249, 32.97434415444272], [198.2207445905089, 38.651664154346435], [195.28495615768827, 38.76298415446087]]]}, "properties": {"id": 910, "height_m": 3.0, "levels": 1, "category": "residencial", "extrude": true, "manzana_id": 43}}, {"type": "Feature", "geometry": {"type": "Polygon", "coordinates": [[[294.5146051909199, -49.29113584548816], [297.2546743950249, -48.845855845425916], [297.1568147804932, -45.060975845490105], [294.61246480510385, -45.28361584571897], [294.5146051909199, -49.29113584548816]]]}, "properties": {"id": 911, "height_m": 9.0, "levels": 3, "category": "residencial", "extrude": true, "manzana_id": 49}}, {"type": "Feature", "geometry": {"type": "Polygon", "coordinates": [[[304.7898647059659, -41.276095845554295], [300.4840416710928, -41.83269584573097], [300.9733397434034, -45.28361584571897], [305.27916277827654, -44.7270158455423], [304.7898647059659, -41.276095845554295]]]}, "properties": {"id": 912, "height_m": 3.0, "levels": 1, "category": "residencial", "extrude": true, "manzana_id": 49}}, {"type": "Feature", "geometry": {"type": "Polygon", "coordinates": [[[294.61246480510385, -45.28361584571897], [297.1568147804932, -45.060975845490105], [297.2546743950249, -48.845855845425916], [305.7684608502395, -47.39869584552025], [305.6706012360555, -47.28737584540582], [305.27916277827654, -44.7270158455423], [300.9733397434034, -45.28361584571897], [300.4840416710928, -41.83269584573097], [304.7898647059659, -41.276095845554295], [304.20270701947135, -37.37989584550405], [294.7103244196355, -38.82705584540972], [294.61246480510385, -45.28361584571897]]]}, "properties": {"id": 913, "height_m": 6.0, "levels": 2, "category": "residencial", "extrude": true, "manzana_id": 49}}, {"type": "Feature", "geometry": {"type": "Polygon", "coordinates": [[[292.8509917456201, -51.18357584545606], [292.5574129020251, -51.18357584545606], [292.06811483006214, -56.52693584541197], [292.3616936733095, -56.52693584541197], [292.8509917456201, -51.18357584545606]]]}, "properties": {"id": 914, "height_m": 3.0, "levels": 1, "category": "residencial", "extrude": true, "manzana_id": 49}}, {"type": "Feature", "geometry": {"type": "Polygon", "coordinates": [[[298.13541092476675, -48.62321584559254], [297.1568147804932, -56.304295845578594], [306.8449166090447, -54.7458158455585], [306.4534781512657, -52.40809584552835], [306.15989930801845, -50.29301584572707], [303.2241108751978, -50.73829584539382], [302.7348128028872, -47.84397584558249], [298.13541092476675, -48.62321584559254]]]}, "properties": {"id": 915, "height_m": 9.0, "levels": 3, "category": "residencial", "extrude": true, "manzana_id": 49}}, {"type": "Feature", "geometry": {"type": "Polygon", "coordinates": [[[292.3616936733095, -56.52693584541197], [292.1659744445938, -59.08729584567098], [292.65527251655675, -59.42125584561879], [307.23635506682365, -57.41749584553645], [306.8449166090447, -54.7458158455585], [297.1568147804932, -56.304295845578594], [298.13541092476675, -48.62321584559254], [293.0467109743357, -49.51377584571702], [292.8509917456201, -51.18357584545606], [292.3616936733095, -56.52693584541197]]]}, "properties": {"id": 916, "height_m": 6.0, "levels": 2, "category": "residencial", "extrude": true, "manzana_id": 49}}, {"type": "Feature", "geometry": {"type": "Polygon", "coordinates": [[[304.88772432049757, -76.78717584567323], [304.1048474049397, -71.6664558455507], [300.7776205143401, -72.22305584572737], [301.6583570444297, -77.23245584573547], [302.9305320319505, -77.00981584550661], [304.88772432049757, -76.78717584567323]]]}, "properties": {"id": 917, "height_m": 9.0, "levels": 3, "category": "residencial", "extrude": true, "manzana_id": 47}}, {"type": "Feature", "geometry": {"type": "Polygon", "coordinates": [[[290.600220613478, -71.22117584548846], [290.600220613478, -81.6852558455669], [302.53909357417155, -79.792815845599], [303.3219704897295, -79.68149584548456], [302.9305320319505, -77.00981584550661], [301.6583570444297, -77.23245584573547], [300.7776205143401, -72.22305584572737], [304.1048474049397, -71.6664558455507], [304.88772432049757, -76.78717584567323], [307.138495452292, -76.34189584561099], [306.94277622357635, -75.00605584542427], [311.7378973307601, -74.22681584541422], [315.6522819078543, -73.5588958455186], [315.8480011369176, -74.67209584547646], [317.70733381093305, -74.44945584564309], [316.82659728119114, -68.99477584557275], [320.3495434005064, -68.43817584539607], [321.03456070153266, -73.89285584546641], [318.3923511119593, -74.33813584552865], [318.8816491842699, -77.23245584573547], [327.00399718205324, -76.00793584566318], [327.00399718205324, -75.89661584554875], [325.53610296546907, -65.65517584569918], [321.03456070153266, -66.32309584559479], [288.54516871039925, -71.44381584571732], [288.54516871039925, -71.55513584543627], [290.600220613478, -71.22117584548846]]]}, "properties": {"id": 918, "height_m": 6.0, "levels": 2, "category": "residencial", "extrude": true, "manzana_id": 47}}, {"type": "Feature", "geometry": {"type": "Polygon", "coordinates": [[[318.3923511119593, -74.33813584552865], [321.03456070153266, -73.89285584546641], [320.3495434005064, -68.43817584539607], [316.82659728119114, -68.99477584557275], [317.70733381093305, -74.44945584564309], [318.3923511119593, -74.33813584552865]]]}, "properties": {"id": 919, "height_m": 9.0, "levels": 3, "category": "residencial", "extrude": true, "manzana_id": 47}}, {"type": "Feature", "geometry": {"type": "Polygon", "coordinates": [[[317.70733381093305, -74.44945584564309], [315.8480011369176, -74.67209584547646], [316.3372992088805, -77.56641584568328], [318.8816491842699, -77.23245584573547], [318.3923511119593, -74.33813584552865], [317.70733381093305, -74.44945584564309]]]}, "properties": {"id": 920, "height_m": 3.0, "levels": 1, "category": "residencial", "extrude": true, "manzana_id": 47}}, {"type": "Feature", "geometry": {"type": "Polygon", "coordinates": [[[315.8480011369176, -74.67209584547646], [315.6522819078543, -73.5588958455186], [311.7378973307601, -74.22681584541422], [312.42291463178634, -78.2343358455789], [316.3372992088805, -77.56641584568328], [315.8480011369176, -74.67209584547646]]]}, "properties": {"id": 921, "height_m": 9.0, "levels": 3, "category": "residencial", "extrude": true, "manzana_id": 47}}, {"type": "Feature", "geometry": {"type": "Polygon", "coordinates": [[[311.7378973307601, -74.22681584541422], [306.94277622357635, -75.00605584542427], [307.138495452292, -76.34189584561099], [307.6277935246026, -79.01357584558895], [312.42291463178634, -78.2343358455789], [311.7378973307601, -74.22681584541422]]]}, "properties": {"id": 922, "height_m": 9.0, "levels": 3, "category": "residencial", "extrude": true, "manzana_id": 47}}, {"type": "Feature", "geometry": {"type": "Polygon", "coordinates": [[[304.88772432049757, -76.78717584567323], [302.9305320319505, -77.00981584550661], [303.3219704897295, -79.68149584548456], [307.6277935246026, -79.01357584558895], [307.138495452292, -76.34189584561099], [304.88772432049757, -76.78717584567323]]]}, "properties": {"id": 923, "height_m": 3.0, "levels": 1, "category": "residencial", "extrude": true, "manzana_id": 47}}, {"type": "Feature", "geometry": {"type": "Polygon", "coordinates": [[[292.06811483006214, -83.243735845587], [291.8723956013465, -88.47577584542847], [291.7745359868149, -90.47953584551081], [304.0069877907557, -88.69841584565734], [304.20270701947135, -88.69841584565734], [303.2241108751978, -82.57581584569138], [299.79902437006655, -83.13241584547256], [299.6033051413509, -82.01921584551471], [298.62470899707733, -82.13053584562914], [298.3311301534824, -80.46073584549461], [294.7103244196355, -81.01733584567128], [294.80818403416714, -82.01921584551471], [293.0467109743357, -82.35317584546252], [292.94885135980405, -83.13241584547256], [292.06811483006214, -83.243735845587]]]}, "properties": {"id": 924, "height_m": 9.0, "levels": 3, "category": "residencial", "extrude": true, "manzana_id": 47}}, {"type": "Feature", "geometry": {"type": "Polygon", "coordinates": [[[303.2241108751978, -82.57581584569138], [302.83267241741885, -79.792815845599], [302.53909357417155, -79.792815845599], [299.3097262981036, -80.23809584566123], [299.6033051413509, -82.01921584551471], [299.79902437006655, -83.13241584547256], [303.2241108751978, -82.57581584569138]]]}, "properties": {"id": 925, "height_m": 12.0, "levels": 4, "category": "residencial", "extrude": true, "manzana_id": 47}}, {"type": "Feature", "geometry": {"type": "Polygon", "coordinates": [[[299.3097262981036, -80.23809584566123], [298.3311301534824, -80.46073584549461], [298.62470899707733, -82.13053584562914], [299.6033051413509, -82.01921584551471], [299.3097262981036, -80.23809584566123]]]}, "properties": {"id": 926, "height_m": 3.0, "levels": 1, "category": "residencial", "extrude": true, "manzana_id": 47}}, {"type": "Feature", "geometry": {"type": "Polygon", "coordinates": [[[299.3097262981036, -83.35505584570143], [297.74397246698777, -83.5776958455348], [297.74397246698777, -85.47013584550271], [299.5054455268193, -85.1361758455549], [299.3097262981036, -83.35505584570143]]]}, "properties": {"id": 927, "height_m": 3.0, "levels": 1, "category": "residencial", "extrude": true, "manzana_id": 47}}, {"type": "Feature", "geometry": {"type": "Polygon", "coordinates": [[[294.1231667331409, -87.80785584553286], [295.7867801784407, -87.58521584569948], [295.7867801784407, -86.91729584540838], [296.47179747946694, -86.91729584540838], [296.47179747946694, -85.80409584545052], [295.4932013351934, -86.13805584539833], [294.22102634767253, -86.13805584539833], [294.1231667331409, -87.80785584553286]]]}, "properties": {"id": 928, "height_m": 12.0, "levels": 4, "category": "residencial", "extrude": true, "manzana_id": 47}}, {"type": "Feature", "geometry": {"type": "Polygon", "coordinates": [[[292.06811483006214, -83.243735845587], [292.94885135980405, -83.13241584547256], [293.0467109743357, -82.35317584546252], [294.80818403416714, -82.01921584551471], [294.7103244196355, -81.01733584567128], [292.1659744445938, -81.46261584573352], [292.06811483006214, -83.243735845587]]]}, "properties": {"id": 929, "height_m": 6.0, "levels": 2, "category": "residencial", "extrude": true, "manzana_id": 47}}, {"type": "Feature", "geometry": {"type": "Polygon", "coordinates": [[[314.5758261490491, -51.18357584545606], [306.4534781512657, -52.40809584552835], [307.23635506682365, -57.41749584553645], [312.71649347503364, -56.6382558455264], [312.42291463178634, -53.63261584560064], [314.8694049926441, -53.409975845371775], [314.5758261490491, -51.18357584545606]]]}, "properties": {"id": 930, "height_m": 9.0, "levels": 3, "category": "residencial", "extrude": true, "manzana_id": 49}}, {"type": "Feature", "geometry": {"type": "Polygon", "coordinates": [[[314.5758261490491, -51.18357584545606], [314.8694049926441, -53.409975845371775], [312.42291463178634, -53.63261584560064], [312.71649347503364, -56.6382558455264], [321.7195780025589, -55.41373584545411], [321.03456070153266, -50.18169584561264], [314.5758261490491, -51.18357584545606]]]}, "properties": {"id": 931, "height_m": 6.0, "levels": 2, "category": "residencial", "extrude": true, "manzana_id": 49}}, {"type": "Feature", "geometry": {"type": "Polygon", "coordinates": [[[310.56358195742325, -46.50813584539577], [311.0528800297339, -48.51189584547811], [306.0620396938345, -49.40245584560259], [306.4534781512657, -52.40809584552835], [314.5758261490491, -51.18357584545606], [317.90305303999634, -50.62697584567488], [317.2180357389701, -45.394935845437914], [310.56358195742325, -46.50813584539577]]]}, "properties": {"id": 932, "height_m": 6.0, "levels": 2, "category": "residencial", "extrude": true, "manzana_id": 49}}, {"type": "Feature", "geometry": {"type": "Polygon", "coordinates": [[[320.3495434005064, -44.83833584565673], [317.2180357389701, -45.394935845437914], [317.90305303999634, -50.62697584567488], [321.03456070153266, -50.18169584561264], [320.3495434005064, -44.83833584565673]]]}, "properties": {"id": 933, "height_m": 6.0, "levels": 2, "category": "residencial", "extrude": true, "manzana_id": 49}}, {"type": "Feature", "geometry": {"type": "Polygon", "coordinates": [[[306.7470569948607, -36.93461584544181], [304.20270701947135, -37.37989584550405], [305.6706012360555, -47.28737584540582], [310.56358195742325, -46.50813584539577], [311.64003771622845, -46.285495845562394], [311.1507396442655, -43.391175845355576], [315.6522819078543, -42.61193584534553], [316.1415799801649, -45.506255845552346], [322.20887607486947, -44.50437584570892], [320.6431222437537, -34.81953584564053], [317.3158953531541, -35.26481584570277], [317.80519342546467, -38.38177584534748], [318.09877226871197, -40.051575845482006], [311.1507396442655, -41.16477584543986], [310.95502041520217, -39.82893584564863], [307.3342146813553, -40.385535845429814], [306.7470569948607, -36.93461584544181]]]}, "properties": {"id": 934, "height_m": 9.0, "levels": 3, "category": "residencial", "extrude": true, "manzana_id": 49}}, {"type": "Feature", "geometry": {"type": "Polygon", "coordinates": [[[314.2822473058018, -35.821415845483955], [310.3678627287076, -36.37801584566063], [310.95502041520217, -39.82893584564863], [311.1507396442655, -41.16477584543986], [318.09877226871197, -40.051575845482006], [317.80519342546467, -38.38177584534748], [314.7715453781124, -38.93837584552415], [314.2822473058018, -35.821415845483955]]]}, "properties": {"id": 935, "height_m": 12.0, "levels": 4, "category": "residencial", "extrude": true, "manzana_id": 49}}, {"type": "Feature", "geometry": {"type": "Polygon", "coordinates": [[[307.040635838108, -33.81765584540162], [307.5299339100709, -36.82329584572287], [318.78378956973825, -35.042175845473906], [317.70733381093305, -27.69505584543566], [312.22719540272305, -28.362975845726766], [311.8357569449441, -25.913935845582188], [299.5054455268193, -27.806375845550093], [299.8968839845982, -29.698815845518], [302.9305320319505, -29.142215845736814], [303.7134089471607, -34.26293584546386], [307.040635838108, -33.81765584540162]]]}, "properties": {"id": 936, "height_m": 3.0, "levels": 1, "category": "residencial", "extrude": true, "manzana_id": 49}}, {"type": "Feature", "geometry": {"type": "Polygon", "coordinates": [[[307.040635838108, -33.81765584540162], [303.7134089471607, -34.26293584546386], [304.20270701947135, -37.37989584550405], [306.7470569948607, -36.93461584544181], [307.5299339100709, -36.82329584572287], [307.040635838108, -33.81765584540162]]]}, "properties": {"id": 937, "height_m": 6.0, "levels": 2, "category": "residencial", "extrude": true, "manzana_id": 49}}, {"type": "Feature", "geometry": {"type": "Polygon", "coordinates": [[[308.8021088975918, -16.563055845461605], [300.9733397434034, -17.676255845419462], [301.6583570444297, -21.34981584563633], [309.29140696990237, -20.12529584556404], [308.8021088975918, -16.563055845461605]]]}, "properties": {"id": 938, "height_m": 6.0, "levels": 2, "category": "residencial", "extrude": true, "manzana_id": 49}}, {"type": "Feature", "geometry": {"type": "Polygon", "coordinates": [[[315.7501415223859, -15.449855845503748], [308.8021088975918, -16.563055845461605], [309.29140696990237, -20.12529584556404], [309.97642427092865, -24.132815845728715], [310.2700031141759, -26.136575845415564], [317.2180357389701, -25.13469584557214], [315.7501415223859, -15.449855845503748]]]}, "properties": {"id": 939, "height_m": 3.0, "levels": 1, "category": "residencial", "extrude": true, "manzana_id": 49}}, {"type": "Feature", "geometry": {"type": "Polygon", "coordinates": [[[309.97642427092865, -24.132815845728715], [302.2455147309243, -25.468655845519947], [302.53909357417155, -27.24977584537342], [310.2700031141759, -26.136575845415564], [309.97642427092865, -24.132815845728715]]]}, "properties": {"id": 940, "height_m": 6.0, "levels": 2, "category": "residencial", "extrude": true, "manzana_id": 49}}, {"type": "Feature", "geometry": {"type": "Polygon", "coordinates": [[[309.29140696990237, -20.12529584556404], [301.6583570444297, -21.34981584563633], [302.2455147309243, -25.468655845519947], [309.97642427092865, -24.132815845728715], [309.29140696990237, -20.12529584556404]]]}, "properties": {"id": 941, "height_m": 3.0, "levels": 1, "category": "residencial", "extrude": true, "manzana_id": 49}}, {"type": "Feature", "geometry": {"type": "Polygon", "coordinates": [[[315.7501415223859, -15.449855845503748], [314.4779665348651, -6.76689584567427], [297.54825323827214, -9.549895845371168], [298.2332705392984, -13.891375845483651], [308.1170915965655, -12.221575845349122], [308.8021088975918, -16.563055845461605], [311.64003771622845, -16.117775845399365], [311.2485992584495, -14.22533584543146], [312.9122127037493, -13.891375845483651], [313.30365116152825, -15.895135845565989], [315.7501415223859, -15.449855845503748]]]}, "properties": {"id": 942, "height_m": 3.0, "levels": 1, "category": "residencial", "extrude": true, "manzana_id": 49}}, {"type": "Feature", "geometry": {"type": "Polygon", "coordinates": [[[313.30365116152825, -15.895135845565989], [312.9122127037493, -13.891375845483651], [311.2485992584495, -14.22533584543146], [311.64003771622845, -16.117775845399365], [313.30365116152825, -15.895135845565989]]]}, "properties": {"id": 943, "height_m": 6.0, "levels": 2, "category": "residencial", "extrude": true, "manzana_id": 49}}, {"type": "Feature", "geometry": {"type": "Polygon", "coordinates": [[[295.9824994071563, -8.436695845413311], [303.02839164648213, -7.323495845455454], [302.6369531887032, -4.874455845706365], [296.1782186362197, -5.876335845549789], [295.9824994071563, -8.436695845413311]]]}, "properties": {"id": 944, "height_m": 12.0, "levels": 4, "category": "residencial", "extrude": true, "manzana_id": 49}}, {"type": "Feature", "geometry": {"type": "Polygon", "coordinates": [[[313.4015107760599, 1.9160641545506962], [309.29140696990237, 1.1368241545406477], [310.3678627287076, -6.210295845497598], [314.4779665348651, -5.542375845601981], [313.4015107760599, 1.9160641545506962]]]}, "properties": {"id": 945, "height_m": 6.0, "levels": 2, "category": "residencial", "extrude": true, "manzana_id": 49}}, {"type": "Feature", "geometry": {"type": "Polygon", "coordinates": [[[313.1079319328126, 3.6971841544041695], [308.9978281266551, 3.029264154508553], [309.29140696990237, 1.1368241545406477], [313.4015107760599, 1.9160641545506962], [313.1079319328126, 3.6971841544041695]]]}, "properties": {"id": 946, "height_m": 12.0, "levels": 4, "category": "residencial", "extrude": true, "manzana_id": 49}}, {"type": "Feature", "geometry": {"type": "Polygon", "coordinates": [[[305.3770223928082, 2.4726641543318806], [301.3647782008347, 1.9160641545506962], [301.8540762731453, -1.8688158453851145], [305.9641800793028, -1.3122158456039301], [305.3770223928082, 2.4726641543318806]]]}, "properties": {"id": 947, "height_m": 3.0, "levels": 1, "category": "residencial", "extrude": true, "manzana_id": 49}}, {"type": "Feature", "geometry": {"type": "Polygon", "coordinates": [[[296.1782186362197, -5.876335845549789], [302.6369531887032, -4.874455845706365], [303.02839164648213, -7.323495845455454], [310.3678627287076, -6.210295845497598], [309.29140696990237, 1.1368241545406477], [308.9978281266551, 3.029264154508553], [305.3770223928082, 2.4726641543318806], [305.9641800793028, -1.3122158456039301], [301.8540762731453, -1.8688158453851145], [301.3647782008347, 1.9160641545506962], [296.8632359372459, 1.2481441542595917], [296.1782186362197, -5.876335845549789]]]}, "properties": {"id": 948, "height_m": 9.0, "levels": 3, "category": "residencial", "extrude": true, "manzana_id": 49}}, {"type": "Feature", "geometry": {"type": "Polygon", "coordinates": [[[293.8295878898936, 32.417744154266046], [293.73172827536195, 29.857384154402524], [295.9824994071563, 30.191344154350332], [295.9824994071563, 31.972464154599294], [293.8295878898936, 32.417744154266046]]]}, "properties": {"id": 949, "height_m": 3.0, "levels": 1, "category": "residencial", "extrude": true, "manzana_id": 50}}, {"type": "Feature", "geometry": {"type": "Polygon", "coordinates": [[[303.1262512606661, 39.76486415430429], [308.1170915965655, 40.54410415431434], [307.7256531391343, 43.43842415452116], [303.3219704897295, 42.99314415445892], [303.3219704897295, 41.43466415443882], [303.1262512606661, 39.76486415430429]]]}, "properties": {"id": 950, "height_m": 3.0, "levels": 1, "category": "residencial", "extrude": true, "manzana_id": 50}}, {"type": "Feature", "geometry": {"type": "Polygon", "coordinates": [[[302.4412339596399, 31.193224154589245], [308.5085300543445, 32.08378415431824], [308.31281082562884, 33.75358415445277], [309.1935473553707, 33.75358415445277], [308.7042492834078, 36.6479041542641], [308.1170915965655, 40.54410415431434], [303.1262512606661, 39.76486415430429], [302.7348128028872, 34.75546415429619], [302.4412339596399, 31.30454415430819], [302.4412339596399, 31.193224154589245]]]}, "properties": {"id": 951, "height_m": 6.0, "levels": 2, "category": "residencial", "extrude": true, "manzana_id": 50}}, {"type": "Feature", "geometry": {"type": "Polygon", "coordinates": [[[300.3861820565611, 48.55914415464369], [294.80818403416714, 48.11386415458145], [293.8295878898936, 32.417744154266046], [295.9824994071563, 31.972464154599294], [297.4503936237405, 31.74982415437043], [302.4412339596399, 31.30454415430819], [302.7348128028872, 34.75546415429619], [299.3097262981036, 34.978104154525056], [299.79902437006655, 41.54598415455325], [303.3219704897295, 41.43466415443882], [303.3219704897295, 42.99314415445892], [303.61554933297674, 45.21954415437463], [300.09260321331385, 45.33086415448906], [300.3861820565611, 48.55914415464369]]]}, "properties": {"id": 952, "height_m": 3.0, "levels": 1, "category": "residencial", "extrude": true, "manzana_id": 50}}, {"type": "Feature", "geometry": {"type": "Polygon", "coordinates": [[[296.27607825040366, 48.22518415430039], [305.57274162152385, 48.8931041545915], [303.8112685616924, 60.58170415434674], [302.4412339596399, 68.48542415456166], [297.54825323827214, 67.70618415455161], [297.2546743950249, 62.919424154376884], [302.6369531887032, 63.364704154439124], [302.83267241741885, 60.1364241542845], [297.05895516596155, 59.80246415433669], [296.27607825040366, 48.22518415430039]]]}, "properties": {"id": 953, "height_m": 6.0, "levels": 2, "category": "residencial", "extrude": true, "manzana_id": 50}}, {"type": "Feature", "geometry": {"type": "Polygon", "coordinates": [[[297.05895516596155, 59.80246415433669], [302.83267241741885, 60.1364241542845], [302.6369531887032, 63.364704154439124], [297.2546743950249, 62.919424154376884], [297.05895516596155, 59.80246415433669]]]}, "properties": {"id": 954, "height_m": 9.0, "levels": 3, "category": "residencial", "extrude": true, "manzana_id": 50}}, {"type": "Feature", "geometry": {"type": "Polygon", "coordinates": [[[297.1568147804932, -14.781935845608132], [295.9824994071563, -8.436695845413311], [291.28523791450425, -9.21593584542336], [290.600220613478, -19.34605584555399], [295.1996224919461, -18.566815845543942], [294.61246480510385, -15.338535845389316], [297.1568147804932, -14.781935845608132]]]}, "properties": {"id": 955, "height_m": 3.0, "levels": 1, "category": "residencial", "extrude": true, "manzana_id": 49}}, {"type": "Feature", "geometry": {"type": "Polygon", "coordinates": [[[281.3035572427055, -46.50813584539577], [281.00997839945813, -53.63261584560064], [272.20261310064853, -54.634495845444064], [272.30047271483255, -55.19109584562074], [281.59713608595274, -54.07789584566288], [281.8907149292001, -46.6194558455102], [281.3035572427055, -46.50813584539577]]]}, "properties": {"id": 956, "height_m": 3.0, "levels": 1, "category": "residencial", "extrude": true, "manzana_id": 49}}, {"type": "Feature", "geometry": {"type": "Polygon", "coordinates": [[[272.0068938715853, -52.96469584570502], [275.8234188344955, -52.51941584564278], [275.6276996057798, -49.29113584548816], [271.61545541380633, -49.625095845435965], [272.0068938715853, -52.96469584570502]]]}, "properties": {"id": 957, "height_m": 9.0, "levels": 3, "category": "residencial", "extrude": true, "manzana_id": 49}}, {"type": "Feature", "geometry": {"type": "Polygon", "coordinates": [[[281.3035572427055, -46.50813584539577], [270.9304381127801, -44.615695845427865], [271.4197361850907, -48.1779358455303], [271.61545541380633, -49.625095845435965], [275.6276996057798, -49.29113584548816], [275.8234188344955, -52.51941584564278], [272.0068938715853, -52.96469584570502], [272.20261310064853, -54.634495845444064], [281.00997839945813, -53.63261584560064], [281.3035572427055, -46.50813584539577]]]}, "properties": {"id": 958, "height_m": 6.0, "levels": 2, "category": "residencial", "extrude": true, "manzana_id": 49}}, {"type": "Feature", "geometry": {"type": "Polygon", "coordinates": [[[267.79893045124373, -39.04969584563858], [267.7010708367121, -41.721375845616535], [267.7010708367121, -44.28173584548006], [269.1689650532963, -44.28173584548006], [270.9304381127801, -44.615695845427865], [275.7255592199638, -45.506255845552346], [275.8234188344955, -42.27797584539772], [272.20261310064853, -41.721375845616535], [272.30047271483255, -39.38365584558639], [267.79893045124373, -39.04969584563858]]]}, "properties": {"id": 959, "height_m": 9.0, "levels": 3, "category": "residencial", "extrude": true, "manzana_id": 49}}, {"type": "Feature", "geometry": {"type": "Polygon", "coordinates": [[[280.9121187849265, -36.15537584543176], [280.6185399416792, -46.39681584567683], [281.8907149292001, -46.6194558455102], [281.79285531466843, -35.821415845483955], [280.9121187849265, -36.15537584543176]]]}, "properties": {"id": 960, "height_m": 3.0, "levels": 1, "category": "residencial", "extrude": true, "manzana_id": 49}}, {"type": "Feature", "geometry": {"type": "Polygon", "coordinates": [[[275.52983999124814, -32.70445584544376], [275.2362611480009, -38.71573584569077], [275.1384015334692, -39.606295845419766], [279.2485053396267, -39.82893584564863], [279.34636495415833, -36.600655845494], [277.5848918943269, -32.481815845610384], [275.52983999124814, -32.70445584544376]]]}, "properties": {"id": 961, "height_m": 9.0, "levels": 3, "category": "residencial", "extrude": true, "manzana_id": 49}}, {"type": "Feature", "geometry": {"type": "Polygon", "coordinates": [[[275.52983999124814, -32.70445584544376], [273.6705073168851, -33.03841584539157], [273.0833496303905, -33.149735845506], [269.0711054387646, -34.26293584546386], [267.89679006542775, -34.48557584569272], [267.79893045124373, -39.04969584563858], [272.30047271483255, -39.38365584558639], [272.20261310064853, -41.721375845616535], [275.8234188344955, -42.27797584539772], [275.7255592199638, -45.506255845552346], [280.6185399416792, -46.39681584567683], [280.9121187849265, -36.15537584543176], [279.34636495415833, -36.600655845494], [279.2485053396267, -39.82893584564863], [275.1384015334692, -39.606295845419766], [275.2362611480009, -38.71573584569077], [275.52983999124814, -32.70445584544376]]]}, "properties": {"id": 962, "height_m": 6.0, "levels": 2, "category": "residencial", "extrude": true, "manzana_id": 49}}, {"type": "Feature", "geometry": {"type": "Polygon", "coordinates": [[[276.60629575005333, -25.023375845457707], [273.96408616013235, -26.247895845529996], [271.8111746428696, -26.80449584570667], [271.321876570559, -26.915815845425612], [273.0833496303905, -33.149735845506], [273.6705073168851, -33.03841584539157], [277.5848918943269, -32.481815845610384], [279.44422456834235, -31.47993584537147], [276.60629575005333, -25.023375845457707]]]}, "properties": {"id": 963, "height_m": 6.0, "levels": 2, "category": "residencial", "extrude": true, "manzana_id": 49}}, {"type": "Feature", "geometry": {"type": "Polygon", "coordinates": [[[285.7072398921103, -28.02901584538347], [286.19653796407323, -20.57057584562628], [280.9121187849265, -23.01961584537537], [277.9763303521059, -24.35545584556209], [276.60629575005333, -25.023375845457707], [279.44422456834235, -31.47993584537147], [277.5848918943269, -32.481815845610384], [279.34636495415833, -36.600655845494], [282.9671706880053, -35.48745584553615], [280.8142591703949, -30.032775845465807], [285.7072398921103, -28.02901584538347]]]}, "properties": {"id": 964, "height_m": 3.0, "levels": 1, "category": "residencial", "extrude": true, "manzana_id": 49}}, {"type": "Feature", "geometry": {"type": "Polygon", "coordinates": [[[257.52367093585, -6.32161584561203], [257.32795170713433, -31.368615845652528], [258.1108286223446, -31.257295845538096], [267.79893045124373, -28.1403358454979], [267.7010708367121, -23.242255845604234], [272.30047271483255, -23.242255845604234], [272.20261310064853, -26.693175845592236], [273.96408616013235, -26.247895845529996], [277.9763303521059, -24.35545584556209], [279.73780341158965, -23.576215845552042], [280.3249610984319, -6.76689584567427], [272.0068938715853, -6.655575845559838], [272.0068938715853, -10.774415845443457], [267.5053516079965, -10.663095845724513], [267.6032112221805, -6.544255845445406], [257.52367093585, -6.32161584561203]]]}, "properties": {"id": 965, "height_m": 9.0, "levels": 3, "category": "residencial", "extrude": true, "manzana_id": 49}}, {"type": "Feature", "geometry": {"type": "Polygon", "coordinates": [[[279.73780341158965, -23.576215845552042], [280.9121187849265, -23.01961584537537], [283.4564687599682, -21.79509584569857], [284.33720529005774, -6.878215845393214], [280.3249610984319, -6.76689584567427], [279.73780341158965, -23.576215845552042]]]}, "properties": {"id": 966, "height_m": 6.0, "levels": 2, "category": "residencial", "extrude": true, "manzana_id": 49}}, {"type": "Feature", "geometry": {"type": "Polygon", "coordinates": [[[271.9090342574013, -15.449855845503748], [271.9090342574013, -17.564935845700518], [276.3127169068061, -17.676255845419462], [276.3127169068061, -15.56117584561818], [271.9090342574013, -15.449855845503748]]]}, "properties": {"id": 967, "height_m": 12.0, "levels": 4, "category": "residencial", "extrude": true, "manzana_id": 49}}, {"type": "Feature", "geometry": {"type": "Polygon", "coordinates": [[[272.20261310064853, -26.693175845592236], [272.30047271483255, -23.242255845604234], [267.7010708367121, -23.242255845604234], [267.79893045124373, -28.1403358454979], [271.321876570559, -26.915815845425612], [271.8111746428696, -26.80449584570667], [272.20261310064853, -26.693175845592236]]]}, "properties": {"id": 968, "height_m": 3.0, "levels": 1, "category": "residencial", "extrude": true, "manzana_id": 49}}, {"type": "Feature", "geometry": {"type": "Polygon", "coordinates": [[[267.7010708367121, -15.56117584561818], [267.7010708367121, -17.787575845533894], [267.6032112221805, -18.344175845710566], [271.9090342574013, -18.45549584542951], [271.9090342574013, -17.564935845700518], [271.9090342574013, -15.449855845503748], [271.9090342574013, -14.447975845660324], [267.7010708367121, -14.336655845545891], [267.7010708367121, -15.56117584561818]]]}, "properties": {"id": 969, "height_m": 3.0, "levels": 1, "category": "residencial", "extrude": true, "manzana_id": 49}}, {"type": "Feature", "geometry": {"type": "Polygon", "coordinates": [[[267.6032112221805, -6.544255845445406], [267.5053516079965, -10.663095845724513], [272.0068938715853, -10.774415845443457], [272.0068938715853, -6.655575845559838], [271.0282977273117, -6.544255845445406], [267.6032112221805, -6.544255845445406]]]}, "properties": {"id": 970, "height_m": 3.0, "levels": 1, "category": "residencial", "extrude": true, "manzana_id": 49}}, {"type": "Feature", "geometry": {"type": "Polygon", "coordinates": [[[267.7010708367121, -15.56117584561818], [262.80809011499673, -15.56117584561818], [262.80809011499673, -17.787575845533894], [267.7010708367121, -17.787575845533894], [267.7010708367121, -15.56117584561818]]]}, "properties": {"id": 971, "height_m": 12.0, "levels": 4, "category": "residencial", "extrude": true, "manzana_id": 49}}, {"type": "Feature", "geometry": {"type": "Polygon", "coordinates": [[[273.5726477027011, -6.655575845559838], [277.78061112304255, -6.76689584567427], [277.78061112304255, -3.2046558455718355], [277.8784707375742, 0.5802241543639752], [273.5726477027011, 0.6915441544784073], [273.5726477027011, -6.655575845559838]]]}, "properties": {"id": 972, "height_m": 6.0, "levels": 2, "category": "residencial", "extrude": true, "manzana_id": 49}}, {"type": "Feature", "geometry": {"type": "Polygon", "coordinates": [[[277.78061112304255, -3.2046558455718355], [280.7163995558632, -3.2046558455718355], [280.7163995558632, -3.872575845467452], [282.4778726156947, -3.872575845467452], [282.5757322302263, 0.5802241543639752], [277.8784707375742, 0.5802241543639752], [277.78061112304255, -3.2046558455718355]]]}, "properties": {"id": 973, "height_m": 9.0, "levels": 3, "category": "residencial", "extrude": true, "manzana_id": 49}}, {"type": "Feature", "geometry": {"type": "Polygon", "coordinates": [[[277.78061112304255, -6.76689584567427], [284.33720529005774, -6.878215845393214], [284.82650336202073, 0.4689041546450312], [282.5757322302263, 0.5802241543639752], [282.4778726156947, -3.872575845467452], [280.7163995558632, -3.872575845467452], [280.7163995558632, -3.2046558455718355], [277.78061112304255, -3.2046558455718355], [277.78061112304255, -6.76689584567427]]]}, "properties": {"id": 974, "height_m": 6.0, "levels": 2, "category": "residencial", "extrude": true, "manzana_id": 49}}, {"type": "Feature", "geometry": {"type": "Polygon", "coordinates": [[[271.8111746428696, 5.366984154538699], [270.04970158303814, 5.366984154538699], [269.9518419685065, 0.6915441544784073], [271.224016956375, 0.6915441544784073], [278.26990919535314, 0.5802241543639752], [278.36776880953715, 2.806624154279689], [284.92436297655235, 2.695304154560745], [285.120082205268, 5.366984154538699], [276.4105765209901, 5.366984154538699], [276.4105765209901, 3.8085041545186016], [271.8111746428696, 3.9198241546330337], [271.8111746428696, 5.366984154538699]]]}, "properties": {"id": 975, "height_m": 6.0, "levels": 2, "category": "residencial", "extrude": true, "manzana_id": 49}}, {"type": "Feature", "geometry": {"type": "Polygon", "coordinates": [[[284.92436297655235, 2.695304154560745], [278.36776880953715, 2.806624154279689], [278.26990919535314, 0.5802241543639752], [284.82650336202073, 0.4689041546450312], [284.92436297655235, 2.695304154560745]]]}, "properties": {"id": 976, "height_m": 9.0, "levels": 3, "category": "residencial", "extrude": true, "manzana_id": 49}}, {"type": "Feature", "geometry": {"type": "Polygon", "coordinates": [[[273.27906885910613, 10.153744154317934], [269.3646842820119, 10.265064154432366], [269.46254389654354, 5.366984154538699], [270.04970158303814, 5.366984154538699], [271.8111746428696, 5.366984154538699], [271.8111746428696, 7.48206415433998], [273.37692847363775, 7.48206415433998], [273.27906885910613, 10.153744154317934]]]}, "properties": {"id": 977, "height_m": 9.0, "levels": 3, "category": "residencial", "extrude": true, "manzana_id": 49}}, {"type": "Feature", "geometry": {"type": "Polygon", "coordinates": [[[278.4656284240688, 10.153744154317934], [278.4656284240688, 8.261304154350029], [285.2179418197997, 8.149984154631085], [285.41366104886293, 10.04242415459899], [278.4656284240688, 10.153744154317934]]]}, "properties": {"id": 978, "height_m": 9.0, "levels": 3, "category": "residencial", "extrude": true, "manzana_id": 49}}, {"type": "Feature", "geometry": {"type": "Polygon", "coordinates": [[[276.4105765209901, 5.366984154538699], [278.36776880953715, 5.366984154538699], [278.4656284240688, 7.48206415433998], [276.4105765209901, 7.48206415433998], [276.4105765209901, 5.366984154538699]]]}, "properties": {"id": 979, "height_m": 9.0, "levels": 3, "category": "residencial", "extrude": true, "manzana_id": 49}}, {"type": "Feature", "geometry": {"type": "Polygon", "coordinates": [[[273.27906885910613, 10.153744154317934], [273.37692847363775, 7.48206415433998], [276.4105765209901, 7.48206415433998], [278.4656284240688, 7.48206415433998], [278.36776880953715, 5.366984154538699], [285.120082205268, 5.366984154538699], [285.2179418197997, 8.149984154631085], [278.4656284240688, 8.261304154350029], [278.4656284240688, 10.153744154317934], [273.27906885910613, 10.153744154317934]]]}, "properties": {"id": 980, "height_m": 6.0, "levels": 2, "category": "residencial", "extrude": true, "manzana_id": 49}}, {"type": "Feature", "geometry": {"type": "Polygon", "coordinates": [[[269.46254389654354, 12.49146415434808], [269.3646842820119, 10.265064154432366], [278.4656284240688, 10.153744154317934], [278.4656284240688, 15.05182415460709], [276.3127169068061, 15.05182415460709], [276.3127169068061, 13.604664154305937], [273.6705073168851, 13.715984154420369], [273.6705073168851, 12.49146415434808], [269.46254389654354, 12.49146415434808]]]}, "properties": {"id": 981, "height_m": 6.0, "levels": 2, "category": "residencial", "extrude": true, "manzana_id": 49}}, {"type": "Feature", "geometry": {"type": "Polygon", "coordinates": [[[280.7163995558632, 15.05182415460709], [280.7163995558632, 10.04242415459899], [285.41366104886293, 10.04242415459899], [285.7072398921103, 14.940504154492658], [280.7163995558632, 15.05182415460709]]]}, "properties": {"id": 982, "height_m": 6.0, "levels": 2, "category": "residencial", "extrude": true, "manzana_id": 49}}, {"type": "Feature", "geometry": {"type": "Polygon", "coordinates": [[[278.4656284240688, 10.153744154317934], [280.7163995558632, 10.04242415459899], [280.7163995558632, 15.05182415460709], [278.4656284240688, 15.05182415460709], [278.4656284240688, 10.153744154317934]]]}, "properties": {"id": 983, "height_m": 9.0, "levels": 3, "category": "residencial", "extrude": true, "manzana_id": 49}}, {"type": "Feature", "geometry": {"type": "Polygon", "coordinates": [[[273.6705073168851, 13.715984154420369], [276.3127169068061, 13.604664154305937], [276.3127169068061, 15.05182415460709], [273.6705073168851, 15.05182415460709], [273.6705073168851, 13.715984154420369]]]}, "properties": {"id": 984, "height_m": 9.0, "levels": 3, "category": "residencial", "extrude": true, "manzana_id": 49}}, {"type": "Feature", "geometry": {"type": "Polygon", "coordinates": [[[269.46254389654354, 17.94614415441842], [273.6705073168851, 17.94614415441842], [276.3127169068061, 17.94614415441842], [276.3127169068061, 15.05182415460709], [278.4656284240688, 15.05182415460709], [278.5634880386005, 20.06122415461519], [271.0282977273117, 20.172544154334133], [269.56040351072755, 20.172544154334133], [269.46254389654354, 17.94614415441842]]]}, "properties": {"id": 985, "height_m": 6.0, "levels": 2, "category": "residencial", "extrude": true, "manzana_id": 49}}, {"type": "Feature", "geometry": {"type": "Polygon", "coordinates": [[[280.8142591703949, 20.06122415461519], [280.7163995558632, 15.05182415460709], [285.7072398921103, 14.940504154492658], [286.00081873535754, 19.949904154500757], [280.8142591703949, 20.06122415461519]]]}, "properties": {"id": 986, "height_m": 6.0, "levels": 2, "category": "residencial", "extrude": true, "manzana_id": 49}}, {"type": "Feature", "geometry": {"type": "Polygon", "coordinates": [[[278.5634880386005, 20.06122415461519], [278.4656284240688, 15.05182415460709], [280.7163995558632, 15.05182415460709], [280.8142591703949, 20.06122415461519], [278.5634880386005, 20.06122415461519]]]}, "properties": {"id": 987, "height_m": 9.0, "levels": 3, "category": "residencial", "extrude": true, "manzana_id": 49}}, {"type": "Feature", "geometry": {"type": "Polygon", "coordinates": [[[273.6705073168851, 15.05182415460709], [276.3127169068061, 15.05182415460709], [276.3127169068061, 17.94614415441842], [273.6705073168851, 17.94614415441842], [273.6705073168851, 15.05182415460709]]]}, "properties": {"id": 988, "height_m": 9.0, "levels": 3, "category": "residencial", "extrude": true, "manzana_id": 49}}, {"type": "Feature", "geometry": {"type": "Polygon", "coordinates": [[[286.7836956509155, 33.8649041545672], [287.07727449416274, 40.766744154543204], [280.3249610984319, 40.87806415426215], [280.2271014839003, 36.75922415437853], [282.9671706880053, 36.75922415437853], [282.9671706880053, 34.866784154410624], [280.2271014839003, 34.866784154410624], [280.2271014839003, 33.97622415428614], [286.7836956509155, 33.8649041545672]]]}, "properties": {"id": 989, "height_m": 3.0, "levels": 1, "category": "residencial", "extrude": true, "manzana_id": 49}}, {"type": "Feature", "geometry": {"type": "Polygon", "coordinates": [[[280.2271014839003, 33.97622415428614], [280.1292418693686, 29.746064154288092], [286.58797642185215, 29.634744154569148], [286.7836956509155, 33.8649041545672], [280.2271014839003, 33.97622415428614]]]}, "properties": {"id": 990, "height_m": 6.0, "levels": 2, "category": "residencial", "extrude": true, "manzana_id": 49}}, {"type": "Feature", "geometry": {"type": "Polygon", "coordinates": [[[265.9395977768807, 40.98938415437658], [264.8631420180755, 40.98938415437658], [254.78360173174502, 40.98938415437658], [254.58788250302936, 20.283864154448565], [264.0802651028652, 20.172544154334133], [264.0802651028652, 24.180064154498808], [268.87538621004893, 24.180064154498808], [268.87538621004893, 20.172544154334133], [269.56040351072755, 20.172544154334133], [269.6582631252592, 20.172544154334133], [269.7561227397909, 22.287624154530903], [269.7561227397909, 22.844224154312087], [269.7561227397909, 24.959304154508857], [259.57872283892874, 25.07062415462329], [259.6765824534604, 33.196984154276095], [258.6001266946552, 33.196984154276095], [258.6979863091869, 37.3158241545552], [260.65517859773394, 37.20450415444077], [260.5573189832023, 33.196984154276095], [262.1230728139705, 33.196984154276095], [262.1230728139705, 34.64414415457725], [265.84173816234903, 34.64414415457725], [265.9395977768807, 40.98938415437658]]]}, "properties": {"id": 991, "height_m": 3.0, "levels": 1, "category": "residencial", "extrude": true, "manzana_id": 49}}, {"type": "Feature", "geometry": {"type": "Polygon", "coordinates": [[[265.9395977768807, 40.98938415437658], [265.84173816234903, 34.64414415457725], [267.5053516079965, 34.64414415457725], [267.5053516079965, 33.08566415455715], [271.12615734184334, 33.08566415455715], [271.224016956375, 40.98938415437658], [265.9395977768807, 40.98938415437658]]]}, "properties": {"id": 992, "height_m": 6.0, "levels": 2, "category": "residencial", "extrude": true, "manzana_id": 49}}, {"type": "Feature", "geometry": {"type": "Polygon", "coordinates": [[[268.87538621004893, 20.172544154334133], [268.87538621004893, 24.180064154498808], [264.0802651028652, 24.180064154498808], [264.0802651028652, 20.172544154334133], [268.87538621004893, 20.172544154334133]]]}, "properties": {"id": 993, "height_m": 6.0, "levels": 2, "category": "residencial", "extrude": true, "manzana_id": 49}}, {"type": "Feature", "geometry": {"type": "Polygon", "coordinates": [[[265.64601893363334, 20.172544154334133], [254.58788250302936, 20.283864154448565], [254.58788250302936, 16.27634415428389], [265.64601893363334, 16.165024154564946], [265.64601893363334, 20.172544154334133]]]}, "properties": {"id": 994, "height_m": 3.0, "levels": 1, "category": "residencial", "extrude": true, "manzana_id": 49}}, {"type": "Feature", "geometry": {"type": "Polygon", "coordinates": [[[254.58788250302936, 16.27634415428389], [254.49002288849772, 10.376384154546798], [269.3646842820119, 10.265064154432366], [269.46254389654354, 12.49146415434808], [265.5481593191017, 12.602784154462512], [265.64601893363334, 16.165024154564946], [254.58788250302936, 16.27634415428389]]]}, "properties": {"id": 995, "height_m": 3.0, "levels": 1, "category": "residencial", "extrude": true, "manzana_id": 49}}, {"type": "Feature", "geometry": {"type": "Polygon", "coordinates": [[[257.6215305503817, 5.478304154653131], [262.90594972952834, 5.478304154653131], [262.90594972952834, 9.15186415447451], [260.06802091123933, 9.15186415447451], [260.06802091123933, 10.265064154432366], [257.7193901645657, 10.376384154546798], [257.6215305503817, 5.478304154653131]]]}, "properties": {"id": 996, "height_m": 6.0, "levels": 2, "category": "residencial", "extrude": true, "manzana_id": 49}}, {"type": "Feature", "geometry": {"type": "Polygon", "coordinates": [[[262.90594972952834, 9.15186415447451], [264.47170356064413, 9.15186415447451], [264.47170356064413, 7.370744154621036], [269.46254389654354, 7.259424154506604], [269.3646842820119, 10.265064154432366], [262.90594972952834, 10.265064154432366], [262.90594972952834, 9.15186415447451]]]}, "properties": {"id": 997, "height_m": 9.0, "levels": 3, "category": "residencial", "extrude": true, "manzana_id": 49}}, {"type": "Feature", "geometry": {"type": "Polygon", "coordinates": [[[262.90594972952834, 5.478304154653131], [269.46254389654354, 5.366984154538699], [269.46254389654354, 7.259424154506604], [264.47170356064413, 7.370744154621036], [264.47170356064413, 9.15186415447451], [262.90594972952834, 9.15186415447451], [262.90594972952834, 5.478304154653131]]]}, "properties": {"id": 998, "height_m": 6.0, "levels": 2, "category": "residencial", "extrude": true, "manzana_id": 49}}, {"type": "Feature", "geometry": {"type": "Polygon", "coordinates": [[[257.6215305503817, 0.8028641545928394], [260.65517859773394, 0.8028641545928394], [260.65517859773394, 2.695304154560745], [262.80809011499673, 2.695304154560745], [262.80809011499673, 3.029264154508553], [262.90594972952834, 5.478304154653131], [257.6215305503817, 5.478304154653131], [257.6215305503817, 0.8028641545928394]]]}, "properties": {"id": 999, "height_m": 6.0, "levels": 2, "category": "residencial", "extrude": true, "manzana_id": 49}}, {"type": "Feature", "geometry": {"type": "Polygon", "coordinates": [[[262.80809011499673, 3.029264154508553], [268.0925092944911, 3.029264154508553], [268.0925092944911, 4.476424154414218], [266.5267554633753, 4.476424154414218], [266.5267554633753, 5.478304154653131], [262.90594972952834, 5.478304154653131], [262.80809011499673, 3.029264154508553]]]}, "properties": {"id": 1000, "height_m": 9.0, "levels": 3, "category": "residencial", "extrude": true, "manzana_id": 49}}, {"type": "Feature", "geometry": {"type": "Polygon", "coordinates": [[[262.80809011499673, 2.695304154560745], [262.80809011499673, 0.8028641545928394], [269.9518419685065, 0.6915441544784073], [270.04970158303814, 4.365104154299786], [268.0925092944911, 4.476424154414218], [268.0925092944911, 3.029264154508553], [262.80809011499673, 3.029264154508553], [262.80809011499673, 2.695304154560745]]]}, "properties": {"id": 1001, "height_m": 9.0, "levels": 3, "category": "residencial", "extrude": true, "manzana_id": 49}}, {"type": "Feature", "geometry": {"type": "Polygon", "coordinates": [[[262.80809011499673, 2.695304154560745], [260.65517859773394, 2.695304154560745], [260.65517859773394, 0.8028641545928394], [262.80809011499673, 0.8028641545928394], [262.80809011499673, 2.695304154560745]]]}, "properties": {"id": 1002, "height_m": 3.0, "levels": 1, "category": "residencial", "extrude": true, "manzana_id": 49}}, {"type": "Feature", "geometry": {"type": "Polygon", "coordinates": [[[257.6215305503817, 0.8028641545928394], [257.52367093585, -6.32161584561203], [263.7866862596179, -6.432935845726462], [263.7866862596179, -4.874455845706365], [263.7866862596179, -3.4272958454052116], [261.73163435653913, -3.4272958454052116], [261.82949397072315, 0.8028641545928394], [257.6215305503817, 0.8028641545928394]]]}, "properties": {"id": 1003, "height_m": 6.0, "levels": 2, "category": "residencial", "extrude": true, "manzana_id": 49}}, {"type": "Feature", "geometry": {"type": "Polygon", "coordinates": [[[263.7866862596179, -2.202775845728411], [266.0374573914123, -2.202775845728411], [266.0374573914123, 0.6915441544784073], [263.8845458738019, 0.8028641545928394], [263.7866862596179, -2.202775845728411]]]}, "properties": {"id": 1004, "height_m": 9.0, "levels": 3, "category": "residencial", "extrude": true, "manzana_id": 49}}, {"type": "Feature", "geometry": {"type": "Polygon", "coordinates": [[[263.7866862596179, -4.874455845706365], [266.9181939211542, -4.874455845706365], [266.9181939211542, -3.4272958454052116], [269.46254389654354, -3.4272958454052116], [269.46254389654354, 0.6915441544784073], [266.0374573914123, 0.6915441544784073], [266.0374573914123, -2.202775845728411], [263.7866862596179, -2.202775845728411], [263.7866862596179, -3.4272958454052116], [263.7866862596179, -4.874455845706365]]]}, "properties": {"id": 1005, "height_m": 9.0, "levels": 3, "category": "residencial", "extrude": true, "manzana_id": 49}}, {"type": "Feature", "geometry": {"type": "Polygon", "coordinates": [[[263.7866862596179, -6.432935845726462], [269.8539823543225, -6.544255845445406], [269.9518419685065, 0.6915441544784073], [269.46254389654354, 0.6915441544784073], [269.46254389654354, -3.4272958454052116], [266.9181939211542, -3.4272958454052116], [266.9181939211542, -4.874455845706365], [263.7866862596179, -4.874455845706365], [263.7866862596179, -6.432935845726462]]]}, "properties": {"id": 1006, "height_m": 6.0, "levels": 2, "category": "residencial", "extrude": true, "manzana_id": 49}}, {"type": "Feature", "geometry": {"type": "Polygon", "coordinates": [[[261.82949397072315, 0.8028641545928394], [261.73163435653913, -3.4272958454052116], [263.7866862596179, -3.4272958454052116], [263.7866862596179, -2.202775845728411], [263.8845458738019, 0.8028641545928394], [261.82949397072315, 0.8028641545928394]]]}, "properties": {"id": 1007, "height_m": 6.0, "levels": 2, "category": "residencial", "extrude": true, "manzana_id": 49}}, {"type": "Feature", "geometry": {"type": "Polygon", "coordinates": [[[257.7193901645657, -37.045935845556244], [267.89679006542775, -34.48557584569272], [269.0711054387646, -34.26293584546386], [273.0833496303905, -33.149735845506], [272.4961919438959, -30.923335845590287], [270.4411400408171, -31.591255845485904], [267.79893045124373, -32.481815845610384], [266.5267554633753, -28.47429584544571], [258.1108286223446, -31.257295845538096], [257.7193901645657, -37.045935845556244]]]}, "properties": {"id": 1008, "height_m": 6.0, "levels": 2, "category": "residencial", "extrude": true, "manzana_id": 49}}, {"type": "Feature", "geometry": {"type": "Polygon", "coordinates": [[[269.0711054387646, -27.69505584543566], [266.5267554633753, -28.47429584544571], [267.79893045124373, -32.481815845610384], [270.4411400408171, -31.591255845485904], [269.0711054387646, -27.69505584543566]]]}, "properties": {"id": 1009, "height_m": 3.0, "levels": 1, "category": "residencial", "extrude": true, "manzana_id": 49}}, {"type": "Feature", "geometry": {"type": "Polygon", "coordinates": [[[268.87538621004893, -48.06661584541587], [263.98240548833354, -47.62133584535363], [263.7866862596179, -50.73829584539382], [265.3524400903861, -50.849615845508254], [264.9610016326071, -54.85713584567293], [270.7347188840644, -55.41373584545411], [271.0282977273117, -51.294895845570494], [269.3646842820119, -51.18357584545606], [269.56040351072755, -48.06661584541587], [268.87538621004893, -48.06661584541587]]]}, "properties": {"id": 1010, "height_m": 9.0, "levels": 3, "category": "residencial", "extrude": true, "manzana_id": 49}}, {"type": "Feature", "geometry": {"type": "Polygon", "coordinates": [[[259.4808632243971, -58.864655845442115], [272.5940515584275, -57.194855845703074], [272.0068938715853, -52.96469584570502], [271.8111746428696, -51.406215845684926], [271.0282977273117, -51.294895845570494], [270.7347188840644, -55.41373584545411], [264.9610016326071, -54.85713584567293], [265.3524400903861, -50.849615845508254], [263.7866862596179, -50.73829584539382], [263.98240548833354, -47.62133584535363], [268.87538621004893, -48.06661584541587], [269.1689650532963, -44.28173584548006], [267.7010708367121, -44.28173584548006], [259.77444206764443, -44.170415845365625], [259.4808632243971, -58.864655845442115]]]}, "properties": {"id": 1011, "height_m": 6.0, "levels": 2, "category": "residencial", "extrude": true, "manzana_id": 49}}, {"type": "Feature", "geometry": {"type": "Polygon", "coordinates": [[[267.79893045124373, -39.04969584563858], [267.89679006542775, -34.48557584569272], [257.7193901645657, -37.045935845556244], [257.7193901645657, -44.05909584564668], [267.7010708367121, -44.28173584548006], [267.7010708367121, -41.721375845616535], [265.3524400903861, -41.6100558455021], [265.4502997049177, -38.93837584552415], [267.79893045124373, -39.04969584563858]]]}, "properties": {"id": 1012, "height_m": 3.0, "levels": 1, "category": "residencial", "extrude": true, "manzana_id": 49}}, {"type": "Feature", "geometry": {"type": "Polygon", "coordinates": [[[271.224016956375, 37.98374415445082], [271.12615734184334, 33.8649041545672], [272.3983323293642, 33.8649041545672], [272.3983323293642, 29.857384154402524], [274.8448226902219, 29.746064154288092], [274.8448226902219, 33.53094415461939], [278.1720495808215, 33.53094415461939], [278.0741899662899, 29.746064154288092], [280.1292418693686, 29.746064154288092], [280.2271014839003, 36.09130415448291], [276.01913806321113, 36.09130415448291], [276.01913806321113, 37.98374415445082], [271.224016956375, 37.98374415445082]]]}, "properties": {"id": 1013, "height_m": 9.0, "levels": 3, "category": "residencial", "extrude": true, "manzana_id": 49}}, {"type": "Feature", "geometry": {"type": "Polygon", "coordinates": [[[276.01913806321113, 37.98374415445082], [280.2271014839003, 37.98374415445082], [280.3249610984319, 40.87806415426215], [276.01913806321113, 40.87806415426215], [276.01913806321113, 37.98374415445082]]]}, "properties": {"id": 1014, "height_m": 3.0, "levels": 1, "category": "residencial", "extrude": true, "manzana_id": 49}}, {"type": "Feature", "geometry": {"type": "Polygon", "coordinates": [[[276.01913806321113, 37.98374415445082], [276.01913806321113, 36.09130415448291], [280.2271014839003, 36.09130415448291], [280.2271014839003, 37.98374415445082], [276.01913806321113, 37.98374415445082]]]}, "properties": {"id": 1015, "height_m": 6.0, "levels": 2, "category": "residencial", "extrude": true, "manzana_id": 49}}, {"type": "Feature", "geometry": {"type": "Polygon", "coordinates": [[[271.224016956375, 37.98374415445082], [276.01913806321113, 37.98374415445082], [276.01913806321113, 40.87806415426215], [271.224016956375, 40.98938415437658], [271.224016956375, 37.98374415445082]]]}, "properties": {"id": 1016, "height_m": 6.0, "levels": 2, "category": "residencial", "extrude": true, "manzana_id": 49}}, {"type": "Feature", "geometry": {"type": "Polygon", "coordinates": [[[271.12615734184334, 33.8649041545672], [271.12615734184334, 29.857384154402524], [272.3983323293642, 29.857384154402524], [272.3983323293642, 33.8649041545672], [271.12615734184334, 33.8649041545672]]]}, "properties": {"id": 1017, "height_m": 9.0, "levels": 3, "category": "residencial", "extrude": true, "manzana_id": 49}}, {"type": "Feature", "geometry": {"type": "Polygon", "coordinates": [[[301.2669185866507, -92.70593584542652], [288.15373025296793, -94.8210158456233], [287.762291795189, -100.49833584552701], [294.3188859618565, -99.71909584551696], [293.73172827536195, -96.37949584564339], [297.4503936237405, -95.82289584546672], [298.0375513102351, -99.16249584573578], [302.14765511639257, -98.6058958455591], [301.2669185866507, -92.70593584542652]]]}, "properties": {"id": 1018, "height_m": 3.0, "levels": 1, "category": "residencial", "extrude": true, "manzana_id": 47}}, {"type": "Feature", "geometry": {"type": "Polygon", "coordinates": [[[303.3219704897295, -98.49457584544467], [287.762291795189, -100.49833584552701], [287.3708533374101, -106.39829584565959], [295.39534172066175, -105.39641584542068], [295.0039032628828, -103.17001584550496], [298.13541092476675, -102.61341584572378], [298.5268493825457, -104.95113584535844], [304.0069877907557, -104.17189584534839], [303.3219704897295, -98.49457584544467]]]}, "properties": {"id": 1019, "height_m": 3.0, "levels": 1, "category": "residencial", "extrude": true, "manzana_id": 47}}, {"type": "Feature", "geometry": {"type": "Polygon", "coordinates": [[[305.7684608502395, -103.94925584551501], [300.87548012887174, -104.61717584541063], [301.16905897211905, -106.62093584549297], [305.08344354921326, -105.95301584559735], [305.7684608502395, -110.40581584542878], [306.0620396938345, -110.40581584542878], [309.48712619861806, -109.96053584536654], [308.8021088975918, -104.72849584552506], [310.2700031141759, -104.50585584569168], [310.56358195742325, -104.50585584569168], [310.4657223432393, -103.2813358456194], [307.6277935246026, -103.72661584568164], [307.7256531391343, -104.83981584563949], [307.3342146813553, -104.95113584535844], [305.9641800793028, -105.1737758455873], [305.7684608502395, -103.94925584551501]]]}, "properties": {"id": 1020, "height_m": 6.0, "levels": 2, "category": "residencial", "extrude": true, "manzana_id": 47}}, {"type": "Feature", "geometry": {"type": "Polygon", "coordinates": [[[315.35870306460697, -96.7134558455912], [311.34645887298115, -97.27005584537238], [308.2149512110972, -97.71533584543462], [308.8021088975918, -101.83417584571373], [313.49937039059154, -101.27757584553706], [313.5972300047755, -102.16813584566154], [316.1415799801649, -101.83417584571373], [316.04372036563325, -101.27757584553706], [315.35870306460697, -96.7134558455912]]]}, "properties": {"id": 1021, "height_m": 6.0, "levels": 2, "category": "residencial", "extrude": true, "manzana_id": 47}}, {"type": "Feature", "geometry": {"type": "Polygon", "coordinates": [[[308.8021088975918, -101.83417584571373], [308.2149512110972, -101.94549584543267], [307.82351275331825, -99.16249584573578], [305.1813031637449, -99.49645584568358], [305.7684608502395, -103.94925584551501], [305.9641800793028, -105.1737758455873], [307.3342146813553, -104.95113584535844], [307.7256531391343, -104.83981584563949], [307.6277935246026, -103.72661584568164], [310.4657223432393, -103.2813358456194], [326.0254010377797, -101.27757584553706], [325.3403837367535, -95.37761584540448], [316.04372036563325, -96.60213584547677], [316.5330184379439, -99.83041584563139], [318.5880703410226, -99.49645584568358], [318.8816491842699, -100.83229584547482], [316.04372036563325, -101.27757584553706], [316.1415799801649, -101.83417584571373], [313.5972300047755, -102.16813584566154], [313.49937039059154, -101.27757584553706], [308.8021088975918, -101.83417584571373]]]}, "properties": {"id": 1022, "height_m": 3.0, "levels": 1, "category": "residencial", "extrude": true, "manzana_id": 47}}, {"type": "Feature", "geometry": {"type": "Polygon", "coordinates": [[[300.87548012887174, -104.61717584541063], [292.06811483006214, -105.84169584548292], [292.3616936733095, -108.06809584539863], [301.16905897211905, -106.84357584572183], [301.16905897211905, -106.62093584549297], [300.87548012887174, -104.61717584541063]]]}, "properties": {"id": 1023, "height_m": 3.0, "levels": 1, "category": "residencial", "extrude": true, "manzana_id": 47}}, {"type": "Feature", "geometry": {"type": "Polygon", "coordinates": [[[292.06811483006214, -105.84169584548292], [287.3708533374101, -106.39829584565959], [287.17513410834675, -112.63221584573998], [287.5665725661257, -112.63221584573998], [288.3494494816836, -112.52089584562555], [292.8509917456201, -111.96429584544887], [292.3616936733095, -108.06809584539863], [292.06811483006214, -105.84169584548292]]]}, "properties": {"id": 1024, "height_m": 3.0, "levels": 1, "category": "residencial", "extrude": true, "manzana_id": 47}}, {"type": "Feature", "geometry": {"type": "Polygon", "coordinates": [[[294.80818403416714, -111.7416558456155], [288.3494494816836, -112.52089584562555], [287.66443218065734, -124.09817584566184], [289.91520331245175, -125.65665584568194], [294.1231667331409, -124.98873584539083], [293.340289817583, -120.42461584544498], [296.3739378649353, -119.86801584566379], [297.05895516596155, -124.54345584572408], [308.9978281266551, -122.76233584547512], [308.2149512110972, -118.19821584552926], [310.75930118648654, -117.86425584558145], [311.5421781016968, -122.31705584541288], [323.2853318336747, -120.53593584555941], [322.69817414683246, -116.30577584556136], [324.4596472066639, -115.97181584561355], [325.0468048931585, -120.2019758456116], [328.76547024153706, -119.64537584543493], [330.2333644581212, -117.19633584568584], [328.9611894706003, -107.51149584561745], [322.20887607486947, -108.40205584534644], [322.7960337613641, -111.18505584543882], [324.85108566444285, -110.85109584549102], [325.53610296546907, -114.07937584564564], [322.9917529900797, -114.41333584559345], [322.60031453264844, -112.29825584539668], [321.23027993059594, -112.40957584551111], [320.44740301503805, -108.6246958455753], [317.12017612443844, -108.95865584552311], [317.90305303999634, -113.3001358456356], [313.7929492338389, -113.85673584541678], [313.1079319328126, -109.51525584569978], [310.4657223432393, -109.84921584564759], [311.2485992584495, -114.41333584559345], [306.7470569948607, -114.96993584537464], [306.0620396938345, -110.40581584542878], [303.51768971844507, -110.62845584565764], [304.300566634003, -115.1925758456035], [299.7011647555349, -115.86049584549912], [299.01614745450865, -111.18505584543882], [297.1568147804932, -111.40769584566769], [297.9396916960511, -115.97181584561355], [295.5910609497251, -116.41709584567579], [295.68892056390905, -117.53029584563365], [292.94885135980405, -118.08689584541483], [292.1659744445938, -113.41145584535454], [295.0039032628828, -112.96617584568779], [294.80818403416714, -111.7416558456155]]]}, "properties": {"id": 1025, "height_m": 12.0, "levels": 4, "category": "residencial", "extrude": true, "manzana_id": 47}}, {"type": "Feature", "geometry": {"type": "Polygon", "coordinates": [[[325.0468048931585, -120.2019758456116], [324.4596472066639, -115.97181584561355], [322.69817414683246, -116.30577584556136], [323.2853318336747, -120.53593584555941], [325.0468048931585, -120.2019758456116]]]}, "properties": {"id": 1026, "height_m": 15.0, "levels": 5, "category": "residencial", "extrude": true, "manzana_id": 47}}, {"type": "Feature", "geometry": {"type": "Polygon", "coordinates": [[[322.20887607486947, -108.40205584534644], [320.44740301503805, -108.6246958455753], [321.23027993059594, -112.40957584551111], [322.60031453264844, -112.29825584539668], [322.9917529900797, -114.41333584559345], [325.53610296546907, -114.07937584564564], [324.85108566444285, -110.85109584549102], [322.7960337613641, -111.18505584543882], [322.20887607486947, -108.40205584534644]]]}, "properties": {"id": 1027, "height_m": 15.0, "levels": 5, "category": "residencial", "extrude": true, "manzana_id": 47}}, {"type": "Feature", "geometry": {"type": "Polygon", "coordinates": [[[311.5421781016968, -122.31705584541288], [310.75930118648654, -117.86425584558145], [308.2149512110972, -118.19821584552926], [308.9978281266551, -122.76233584547512], [311.5421781016968, -122.31705584541288]]]}, "properties": {"id": 1028, "height_m": 15.0, "levels": 5, "category": "residencial", "extrude": true, "manzana_id": 47}}, {"type": "Feature", "geometry": {"type": "Polygon", "coordinates": [[[297.05895516596155, -124.54345584572408], [296.3739378649353, -119.86801584566379], [293.340289817583, -120.42461584544498], [294.1231667331409, -124.98873584539083], [297.05895516596155, -124.54345584572408]]]}, "properties": {"id": 1029, "height_m": 15.0, "levels": 5, "category": "residencial", "extrude": true, "manzana_id": 47}}, {"type": "Feature", "geometry": {"type": "Polygon", "coordinates": [[[294.80818403416714, -111.7416558456155], [295.0039032628828, -112.96617584568779], [292.1659744445938, -113.41145584535454], [292.94885135980405, -118.08689584541483], [295.68892056390905, -117.53029584563365], [295.5910609497251, -116.41709584567579], [297.9396916960511, -115.97181584561355], [297.1568147804932, -111.40769584566769], [294.80818403416714, -111.7416558456155]]]}, "properties": {"id": 1030, "height_m": 15.0, "levels": 5, "category": "residencial", "extrude": true, "manzana_id": 47}}, {"type": "Feature", "geometry": {"type": "Polygon", "coordinates": [[[319.0773684129855, -108.73601584568974], [318.6859299552066, -106.28697584554516], [314.96726460682805, -106.7322558456074], [315.35870306460697, -109.18129584535649], [319.0773684129855, -108.73601584568974]]]}, "properties": {"id": 1031, "height_m": 6.0, "levels": 2, "category": "residencial", "extrude": true, "manzana_id": 47}}, {"type": "Feature", "geometry": {"type": "Polygon", "coordinates": [[[310.2700031141759, -104.50585584569168], [308.8021088975918, -104.72849584552506], [309.1935473553707, -107.73413584545082], [311.0528800297339, -107.40017584550301], [310.4657223432393, -103.2813358456194], [310.56358195742325, -104.50585584569168], [310.2700031141759, -104.50585584569168]]]}, "properties": {"id": 1032, "height_m": 3.0, "levels": 1, "category": "residencial", "extrude": true, "manzana_id": 47}}, {"type": "Feature", "geometry": {"type": "Polygon", "coordinates": [[[328.9611894706003, -107.51149584561745], [329.5483471570949, -107.51149584561745], [329.5483471570949, -107.51149584561745], [328.66761062735304, -100.94361584558925], [312.22719540272305, -103.05869584539053], [313.1079319328126, -108.40205584534644], [309.3892665844341, -108.84733584540868], [309.48712619861806, -109.96053584536654], [315.35870306460697, -109.18129584535649], [314.96726460682805, -106.7322558456074], [318.6859299552066, -106.28697584554516], [319.0773684129855, -108.73601584568974], [328.9611894706003, -107.51149584561745]]]}, "properties": {"id": 1033, "height_m": 3.0, "levels": 1, "category": "residencial", "extrude": true, "manzana_id": 47}}, {"type": "Feature", "geometry": {"type": "Polygon", "coordinates": [[[316.82659728119114, -90.25689584567743], [306.94277622357635, -91.81537584569753], [307.5299339100709, -95.60025584563334], [311.0528800297339, -95.04365584545667], [311.34645887298115, -97.27005584537238], [327.98259332632676, -95.04365584545667], [327.10185679623726, -88.69841584565734], [319.95810494272746, -89.8116158456152], [320.3495434005064, -92.03801584553091], [321.52385877384324, -91.81537584569753], [321.8174376170905, -93.81913584538438], [317.6094741964014, -94.37573584556105], [316.82659728119114, -90.25689584567743]]]}, "properties": {"id": 1034, "height_m": 3.0, "levels": 1, "category": "residencial", "extrude": true, "manzana_id": 47}}, {"type": "Feature", "geometry": {"type": "Polygon", "coordinates": [[[202.13512916795077, -102.61341584572378], [197.9271657472616, -103.17001584550496], [199.10148112059846, -111.18505584543882], [199.10148112059846, -111.63033584550107], [209.27888102146056, -110.29449584570983], [208.98530217821326, -108.06809584539863], [211.9210906110339, -107.51149584561745], [212.2146694542812, -109.84921584564759], [216.42263287497036, -109.29261584547092], [215.2483175016335, -100.83229584547482], [211.138213695476, -101.50021584537043], [211.3339329245393, -102.94737584567159], [208.300284877187, -103.39265584573383], [208.1045656481237, -101.83417584571373], [206.14737335957662, -102.16813584566154], [206.6366714318872, -106.06433584571178], [202.72228685444534, -106.62093584549297], [202.13512916795077, -102.61341584572378]]]}, "properties": {"id": 1035, "height_m": 6.0, "levels": 2, "category": "residencial", "extrude": true, "manzana_id": 46}}, {"type": "Feature", "geometry": {"type": "Polygon", "coordinates": [[[211.138213695476, -101.50021584537043], [208.1045656481237, -101.83417584571373], [208.300284877187, -103.39265584573383], [211.3339329245393, -102.94737584567159], [211.138213695476, -101.50021584537043]]]}, "properties": {"id": 1036, "height_m": 3.0, "levels": 1, "category": "residencial", "extrude": true, "manzana_id": 46}}, {"type": "Feature", "geometry": {"type": "Polygon", "coordinates": [[[206.14737335957662, -102.16813584566154], [202.13512916795077, -102.61341584572378], [202.72228685444534, -106.62093584549297], [206.6366714318872, -106.06433584571178], [206.14737335957662, -102.16813584566154]]]}, "properties": {"id": 1037, "height_m": 9.0, "levels": 3, "category": "residencial", "extrude": true, "manzana_id": 46}}, {"type": "Feature", "geometry": {"type": "Polygon", "coordinates": [[[216.42263287497036, -109.29261584547092], [212.2146694542812, -109.84921584564759], [211.9210906110339, -107.51149584561745], [208.98530217821326, -108.06809584539863], [209.27888102146056, -110.29449584570983], [199.10148112059846, -111.63033584550107], [200.17793687940366, -118.53217584547707], [217.2055097901806, -115.74917584538468], [216.42263287497036, -109.29261584547092]]]}, "properties": {"id": 1038, "height_m": 3.0, "levels": 1, "category": "residencial", "extrude": true, "manzana_id": 46}}, {"type": "Feature", "geometry": {"type": "Polygon", "coordinates": [[[197.9271657472616, -103.17001584550496], [197.04642921751972, -103.2813358456194], [198.41646381957221, -111.29637584555326], [199.10148112059846, -111.18505584543882], [197.9271657472616, -103.17001584550496]]]}, "properties": {"id": 1039, "height_m": 3.0, "levels": 1, "category": "residencial", "extrude": true, "manzana_id": 46}}, {"type": "Feature", "geometry": {"type": "Polygon", "coordinates": [[[206.9302502751345, -117.41897584551921], [200.17793687940366, -118.53217584547707], [201.54797148145616, -127.1038158455876], [213.29112521308642, -125.2113758456197], [212.5082482975285, -120.42461584544498], [207.51740796162912, -121.20385584545502], [206.9302502751345, -117.41897584551921]]]}, "properties": {"id": 1040, "height_m": 6.0, "levels": 2, "category": "residencial", "extrude": true, "manzana_id": 46}}, {"type": "Feature", "geometry": {"type": "Polygon", "coordinates": [[[214.3675809718916, -116.19445584544692], [206.9302502751345, -117.41897584551921], [207.51740796162912, -121.20385584545502], [212.5082482975285, -120.42461584544498], [213.29112521308642, -125.2113758456197], [215.7376155739441, -124.87741584567189], [214.3675809718916, -116.19445584544692]]]}, "properties": {"id": 1041, "height_m": 9.0, "levels": 3, "category": "residencial", "extrude": true, "manzana_id": 46}}, {"type": "Feature", "geometry": {"type": "Polygon", "coordinates": [[[208.88744256368162, -125.99061584562975], [201.54797148145616, -127.1038158455876], [201.64583109564015, -128.3283358456599], [201.84155032470346, -129.44153584561775], [203.7008829987189, -129.10757584566994], [204.48375991427682, -134.45093584562585], [216.9119309469333, -132.55849584565794], [215.7376155739441, -124.87741584567189], [213.29112521308642, -125.2113758456197], [214.26972135735994, -130.5547358455756], [209.86603870795514, -131.22265584547122], [208.88744256368162, -125.99061584562975]]]}, "properties": {"id": 1042, "height_m": 6.0, "levels": 2, "category": "residencial", "extrude": true, "manzana_id": 46}}, {"type": "Feature", "geometry": {"type": "Polygon", "coordinates": [[[218.67340400676474, -132.22453584571014], [217.4990886334279, -124.54345584572408], [215.7376155739441, -124.87741584567189], [216.9119309469333, -132.55849584565794], [218.67340400676474, -132.22453584571014]]]}, "properties": {"id": 1043, "height_m": 9.0, "levels": 3, "category": "residencial", "extrude": true, "manzana_id": 46}}, {"type": "Feature", "geometry": {"type": "Polygon", "coordinates": [[[216.9119309469333, -132.55849584565794], [204.48375991427682, -134.45093584562585], [203.7008829987189, -129.10757584566994], [201.84155032470346, -129.44153584561775], [202.91800608350866, -135.67545584569814], [205.560215673082, -135.2301758456359], [218.8691232354804, -133.22641584555356], [218.67340400676474, -132.22453584571014], [216.9119309469333, -132.55849584565794]]]}, "properties": {"id": 1044, "height_m": 6.0, "levels": 2, "category": "residencial", "extrude": true, "manzana_id": 46}}, {"type": "Feature", "geometry": {"type": "Polygon", "coordinates": [[[223.85996357172746, -104.95113584535844], [215.93333480265974, -106.17565584543073], [217.2055097901806, -115.74917584538468], [218.37982516351744, -124.43213584560965], [217.4990886334279, -124.54345584572408], [218.8691232354804, -133.22641584555356], [227.67648853428997, -131.89057584536684], [224.74070010146934, -111.18505584543882], [221.11989436762246, -111.7416558456155], [220.43487706659621, -107.28885584538858], [224.0556828004431, -106.62093584549297], [223.85996357172746, -104.95113584535844]]]}, "properties": {"id": 1045, "height_m": 9.0, "levels": 3, "category": "residencial", "extrude": true, "manzana_id": 46}}, {"type": "Feature", "geometry": {"type": "Polygon", "coordinates": [[[220.92417513855915, -121.87177584535064], [220.63059629531185, -121.87177584535064], [221.3156135963381, -125.87929584551532], [223.66424434266415, -125.54533584556751], [223.07708665616954, -121.53781584540283], [221.21775398180645, -121.87177584535064], [220.92417513855915, -121.87177584535064]]]}, "properties": {"id": 1046, "height_m": 12.0, "levels": 4, "category": "residencial", "extrude": true, "manzana_id": 46}}, {"type": "Feature", "geometry": {"type": "Polygon", "coordinates": [[[230.6122769674583, -98.82853584539248], [231.59087311173184, -105.61905584564954], [224.0556828004431, -106.62093584549297], [227.67648853428997, -131.89057584536684], [239.4196422662679, -130.2207758456278], [234.42880193002082, -98.2719358456113], [230.6122769674583, -98.82853584539248]]]}, "properties": {"id": 1047, "height_m": 6.0, "levels": 2, "category": "residencial", "extrude": true, "manzana_id": 46}}, {"type": "Feature", "geometry": {"type": "Polygon", "coordinates": [[[231.39515388266852, -114.41333584559345], [229.63368082318476, -114.74729584554126], [230.41655773839497, -119.86801584566379], [232.17803079822644, -119.64537584543493], [231.39515388266852, -114.41333584559345]]]}, "properties": {"id": 1048, "height_m": 9.0, "levels": 3, "category": "residencial", "extrude": true, "manzana_id": 46}}, {"type": "Feature", "geometry": {"type": "Polygon", "coordinates": [[[230.41655773839497, -119.86801584566379], [229.34010197958975, -119.97933584538274], [229.92725966643204, -124.20949584538079], [234.42880193002082, -123.54157584548517], [233.74378462899455, -119.42273584560155], [232.17803079822644, -119.64537584543493], [230.41655773839497, -119.86801584566379]]]}, "properties": {"id": 1049, "height_m": 3.0, "levels": 1, "category": "residencial", "extrude": true, "manzana_id": 46}}, {"type": "Feature", "geometry": {"type": "Polygon", "coordinates": [[[231.39515388266852, -114.41333584559345], [233.15662694249997, -114.19069584536459], [232.47160964147375, -109.96053584536654], [227.9700673775373, -110.62845584565764], [228.65508467856353, -114.85861584565569], [229.63368082318476, -114.74729584554126], [231.39515388266852, -114.41333584559345]]]}, "properties": {"id": 1050, "height_m": 3.0, "levels": 1, "category": "residencial", "extrude": true, "manzana_id": 46}}, {"type": "Feature", "geometry": {"type": "Polygon", "coordinates": [[[246.95483257720895, -100.1643758455792], [235.0159596168631, -101.83417584571373], [239.4196422662679, -130.2207758456278], [251.45637484114542, -128.3283358456599], [246.95483257720895, -100.1643758455792]]]}, "properties": {"id": 1051, "height_m": 6.0, "levels": 2, "category": "residencial", "extrude": true, "manzana_id": 46}}, {"type": "Feature", "geometry": {"type": "Polygon", "coordinates": [[[242.94258838558312, -118.3095358456437], [242.2575710845569, -118.42085584536264], [242.94258838558312, -123.09629584542293], [247.05269219174062, -122.31705584541288], [246.26981527618273, -117.75293584546702], [244.9976402886619, -117.97557584569589], [242.94258838558312, -118.3095358456437]]]}, "properties": {"id": 1052, "height_m": 3.0, "levels": 1, "category": "residencial", "extrude": true, "manzana_id": 46}}, {"type": "Feature", "geometry": {"type": "Polygon", "coordinates": [[[244.01904414438835, -111.85297584572993], [241.96399224130957, -112.18693584567774], [242.94258838558312, -118.3095358456437], [244.9976402886619, -117.97557584569589], [244.01904414438835, -111.85297584572993]]]}, "properties": {"id": 1053, "height_m": 9.0, "levels": 3, "category": "residencial", "extrude": true, "manzana_id": 46}}, {"type": "Feature", "geometry": {"type": "Polygon", "coordinates": [[[244.01904414438835, -111.85297584572993], [245.29121913190914, -111.63033584550107], [244.41048260216732, -106.62093584549297], [240.39823841054144, -107.28885584538858], [241.27897494028332, -112.29825584539668], [241.96399224130957, -112.18693584567774], [244.01904414438835, -111.85297584572993]]]}, "properties": {"id": 1054, "height_m": 3.0, "levels": 1, "category": "residencial", "extrude": true, "manzana_id": 46}}, {"type": "Feature", "geometry": {"type": "Polygon", "coordinates": [[[260.06802091123933, -98.2719358456113], [246.95483257720895, -100.1643758455792], [251.45637484114542, -128.3283358456599], [263.00380934406, -126.65853584552536], [262.90594972952834, -109.62657584541873], [260.06802091123933, -98.2719358456113]]]}, "properties": {"id": 1055, "height_m": 6.0, "levels": 2, "category": "residencial", "extrude": true, "manzana_id": 46}}, {"type": "Feature", "geometry": {"type": "Polygon", "coordinates": [[[254.78360173174502, -116.52841584539473], [254.19644404525042, -116.52841584539473], [254.78360173174502, -121.20385584545502], [257.7193901645657, -120.86989584550722], [257.2300920926027, -116.19445584544692], [254.78360173174502, -116.52841584539473]]]}, "properties": {"id": 1056, "height_m": 3.0, "levels": 1, "category": "residencial", "extrude": true, "manzana_id": 46}}, {"type": "Feature", "geometry": {"type": "Polygon", "coordinates": [[[256.25149594832914, -110.62845584565764], [254.19644404525042, -110.96241584560545], [254.78360173174502, -115.97181584561355], [254.78360173174502, -116.52841584539473], [257.2300920926027, -116.19445584544692], [258.0129690081606, -116.19445584544692], [257.2300920926027, -110.51713584554321], [256.25149594832914, -110.62845584565764]]]}, "properties": {"id": 1057, "height_m": 9.0, "levels": 3, "category": "residencial", "extrude": true, "manzana_id": 46}}, {"type": "Feature", "geometry": {"type": "Polygon", "coordinates": [[[256.25149594832914, -110.62845584565764], [255.37075941823963, -105.39641584542068], [252.23925175670334, -105.84169584548292], [253.02212867191355, -111.07373584571988], [254.19644404525042, -110.96241584560545], [256.25149594832914, -110.62845584565764]]]}, "properties": {"id": 1058, "height_m": 3.0, "levels": 1, "category": "residencial", "extrude": true, "manzana_id": 46}}, {"type": "Feature", "geometry": {"type": "Polygon", "coordinates": [[[211.4317925387233, -97.38137584548682], [210.8446348522287, -93.2625358456032], [203.01586569769265, -94.26441584544662], [203.8966022277822, -100.60965584564144], [207.8109868048764, -100.05305584546477], [207.51740796162912, -97.82665584554906], [211.4317925387233, -97.38137584548682]]]}, "properties": {"id": 1059, "height_m": 12.0, "levels": 4, "category": "residencial", "extrude": true, "manzana_id": 46}}, {"type": "Feature", "geometry": {"type": "Polygon", "coordinates": [[[232.47160964147375, -84.02297584559705], [228.45936544984792, -84.46825584565929], [227.08933084779537, -90.145575845563], [225.13213855924832, -91.92669584541648], [225.22999817377996, -92.81725584554096], [225.81715586027454, -97.71533584543462], [227.67648853428997, -97.49269584560125], [227.38290969104273, -95.37761584540448], [231.59087311173184, -94.8210158456233], [231.7865923404475, -96.93609584542457], [234.13522308677352, -96.60213584547677], [232.47160964147375, -84.02297584559705]]]}, "properties": {"id": 1060, "height_m": 12.0, "levels": 4, "category": "residencial", "extrude": true, "manzana_id": 46}}, {"type": "Feature", "geometry": {"type": "Polygon", "coordinates": [[[231.7865923404475, -78.79093584536008], [226.2085943180535, -79.68149584548456], [225.91501547480618, -80.46073584549461], [224.15354241497474, -87.13993584563724], [199.1993407351301, -90.92481584557305], [197.04642921751972, -94.15309584572768], [197.8293061330776, -101.38889584565149], [203.8966022277822, -100.60965584564144], [203.01586569769265, -94.26441584544662], [210.8446348522287, -93.2625358456032], [211.4317925387233, -97.38137584548682], [211.7253713819706, -99.60777584540253], [217.2055097901806, -98.82853584539248], [216.9119309469333, -96.49081584536233], [221.5113328254014, -95.93421584558115], [221.8049116686487, -98.2719358456113], [225.81715586027454, -97.71533584543462], [225.22999817377996, -92.81725584554096], [225.13213855924832, -91.92669584541648], [227.08933084779537, -90.145575845563], [228.45936544984792, -84.46825584565929], [232.47160964147375, -84.02297584559705], [231.7865923404475, -78.79093584536008]]]}, "properties": {"id": 1061, "height_m": 6.0, "levels": 2, "category": "residencial", "extrude": true, "manzana_id": 46}}, {"type": "Feature", "geometry": {"type": "Polygon", "coordinates": [[[276.11699767774275, -107.73413584545082], [275.7255592199638, -105.1737758455873], [272.1047534861169, -105.61905584564954], [272.3983323293642, -108.06809584539863], [276.11699767774275, -107.73413584545082]]]}, "properties": {"id": 1062, "height_m": 3.0, "levels": 1, "category": "residencial", "extrude": true, "manzana_id": 46}}, {"type": "Feature", "geometry": {"type": "Polygon", "coordinates": [[[268.0925092944911, -101.50021584537043], [267.89679006542775, -101.50021584537043], [264.47170356064413, -101.94549584543267], [264.6674227893598, -108.84733584540868], [268.7775265955173, -108.40205584534644], [269.0711054387646, -108.40205584534644], [268.0925092944911, -101.50021584537043]]]}, "properties": {"id": 1063, "height_m": 3.0, "levels": 1, "category": "residencial", "extrude": true, "manzana_id": 46}}, {"type": "Feature", "geometry": {"type": "Polygon", "coordinates": [[[267.9946496799594, -92.14933584564534], [264.8631420180755, -92.59461584570758], [264.17812471704923, -92.70593584542652], [264.47170356064413, -101.94549584543267], [267.89679006542775, -101.50021584537043], [269.2668246674803, -101.38889584565149], [268.7775265955173, -98.2719358456113], [266.5267554633753, -98.49457584544467], [266.23317662012795, -96.60213584547677], [268.58180736645403, -96.26817584552896], [267.9946496799594, -92.14933584564534]]]}, "properties": {"id": 1064, "height_m": 3.0, "levels": 1, "category": "residencial", "extrude": true, "manzana_id": 46}}, {"type": "Feature", "geometry": {"type": "Polygon", "coordinates": [[[279.8356630261213, -96.26817584552896], [273.96408616013235, -96.7134558455912], [274.2576650037273, -100.83229584547482], [279.2485053396267, -100.27569584569363], [279.8356630261213, -96.26817584552896]]]}, "properties": {"id": 1065, "height_m": 3.0, "levels": 1, "category": "residencial", "extrude": true, "manzana_id": 46}}, {"type": "Feature", "geometry": {"type": "Polygon", "coordinates": [[[277.4870322797953, -83.13241584547256], [276.01913806321113, -83.35505584570143], [263.7866862596179, -84.8022158456071], [264.56956317482815, -91.14745584540643], [264.8631420180755, -92.59461584570758], [268.2882285232067, -92.14933584564534], [275.04054191893755, -91.25877584552086], [274.45338423244294, -86.47201584534614], [277.9763303521059, -86.13805584539833], [277.4870322797953, -83.13241584547256]]]}, "properties": {"id": 1066, "height_m": 3.0, "levels": 1, "category": "residencial", "extrude": true, "manzana_id": 46}}, {"type": "Feature", "geometry": {"type": "Polygon", "coordinates": [[[267.4074919934648, -82.13053584562914], [263.49310741602295, -82.57581584569138], [263.7866862596179, -84.8022158456071], [276.01913806321113, -83.35505584570143], [275.8234188344955, -82.68713584541032], [275.8234188344955, -82.13053584562914], [278.85706688184774, -81.6852558455669], [278.7592072673161, -80.90601584555685], [282.0864341579157, -80.57205584560904], [282.67359184475794, -77.12113584562104], [275.9212784490271, -77.90037584563109], [276.3127169068061, -80.90601584555685], [272.78977078714314, -81.23997584550466], [272.8876304016748, -81.79657584568133], [267.7010708367121, -82.57581584569138], [267.4074919934648, -82.13053584562914]]]}, "properties": {"id": 1067, "height_m": 6.0, "levels": 2, "category": "residencial", "extrude": true, "manzana_id": 46}}, {"type": "Feature", "geometry": {"type": "Polygon", "coordinates": [[[282.0864341579157, -80.57205584560904], [278.7592072673161, -80.90601584555685], [278.85706688184774, -81.6852558455669], [275.8234188344955, -82.13053584562914], [275.8234188344955, -82.68713584541032], [276.01913806321113, -83.35505584570143], [281.79285531466843, -82.57581584569138], [282.0864341579157, -80.57205584560904]]]}, "properties": {"id": 1068, "height_m": 9.0, "levels": 3, "category": "residencial", "extrude": true, "manzana_id": 46}}, {"type": "Feature", "geometry": {"type": "Polygon", "coordinates": [[[275.9212784490271, -77.90037584563109], [273.1812092449221, -78.2343358455789], [267.0160535356859, -78.90225584547451], [267.4074919934648, -82.13053584562914], [267.7010708367121, -82.57581584569138], [272.8876304016748, -81.79657584568133], [272.78977078714314, -81.23997584550466], [276.3127169068061, -80.90601584555685], [275.9212784490271, -77.90037584563109]]]}, "properties": {"id": 1069, "height_m": 9.0, "levels": 3, "category": "residencial", "extrude": true, "manzana_id": 46}}, {"type": "Feature", "geometry": {"type": "Polygon", "coordinates": [[[282.282153386979, -70.77589584542622], [272.4961919438959, -72.11173584561294], [272.5940515584275, -72.66833584539413], [282.5757322302263, -71.33249584560289], [282.282153386979, -70.77589584542622]]]}, "properties": {"id": 1070, "height_m": 3.0, "levels": 1, "category": "residencial", "extrude": true, "manzana_id": 46}}, {"type": "Feature", "geometry": {"type": "Polygon", "coordinates": [[[275.7255592199638, -75.67397584571538], [272.98549001585883, -76.00793584566318], [273.1812092449221, -78.2343358455789], [278.4656284240688, -77.56641584568328], [278.1720495808215, -75.34001584537208], [275.7255592199638, -75.67397584571538]]]}, "properties": {"id": 1071, "height_m": 9.0, "levels": 3, "category": "residencial", "extrude": true, "manzana_id": 46}}, {"type": "Feature", "geometry": {"type": "Polygon", "coordinates": [[[282.5757322302263, -71.33249584560289], [272.5940515584275, -72.66833584539413], [272.98549001585883, -76.00793584566318], [275.7255592199638, -75.67397584571538], [275.52983999124814, -73.67021584563304], [277.9763303521059, -73.44757584540417], [278.1720495808215, -75.34001584537208], [278.4656284240688, -77.56641584568328], [282.67359184475794, -77.12113584562104], [283.1628899167209, -72.33437584544632], [282.5757322302263, -71.33249584560289]]]}, "properties": {"id": 1072, "height_m": 6.0, "levels": 2, "category": "residencial", "extrude": true, "manzana_id": 46}}, {"type": "Feature", "geometry": {"type": "Polygon", "coordinates": [[[237.46244997737313, -78.01169584535003], [231.7865923404475, -78.79093584536008], [233.15662694249997, -89.14369584571958], [236.58171344763124, -88.69841584565734], [236.48385383309954, -87.69653584541842], [241.08325571156772, -87.02861584552281], [241.67041339806232, -90.92481584557305], [236.97315190541016, -91.59273584546867], [237.16887113412582, -92.92857584565539], [233.64592501481056, -93.37385584571763], [234.13522308677352, -96.60213584547677], [249.9884806245613, -94.59837584539443], [249.49918255259834, -91.25877584552086], [245.5847979751565, -91.81537584569753], [244.9976402886619, -87.69653584541842], [248.91202486610374, -87.13993584563724], [247.44413064951956, -76.56453584544437], [240.39823841054144, -77.56641584568328], [241.27897494028332, -83.91165584548261], [238.34318650746272, -84.35693584554485], [237.46244997737313, -78.01169584535003]]]}, "properties": {"id": 1073, "height_m": 6.0, "levels": 2, "category": "residencial", "extrude": true, "manzana_id": 46}}, {"type": "Feature", "geometry": {"type": "Polygon", "coordinates": [[[240.39823841054144, -77.56641584568328], [237.46244997737313, -78.01169584535003], [238.34318650746272, -84.35693584554485], [241.27897494028332, -83.91165584548261], [240.39823841054144, -77.56641584568328]]]}, "properties": {"id": 1074, "height_m": 9.0, "levels": 3, "category": "residencial", "extrude": true, "manzana_id": 46}}, {"type": "Feature", "geometry": {"type": "Polygon", "coordinates": [[[236.97315190541016, -91.59273584546867], [241.67041339806232, -90.92481584557305], [241.08325571156772, -87.02861584552281], [236.48385383309954, -87.69653584541842], [236.58171344763124, -88.69841584565734], [236.97315190541016, -91.59273584546867]]]}, "properties": {"id": 1075, "height_m": 9.0, "levels": 3, "category": "residencial", "extrude": true, "manzana_id": 46}}, {"type": "Feature", "geometry": {"type": "Polygon", "coordinates": [[[265.5481593191017, -73.78153584535198], [262.31879204303374, -74.22681584541422], [262.7102305008127, -77.23245584573547], [266.13531700594393, -76.78717584567323], [265.9395977768807, -74.7834158455909], [268.48394775227, -74.56077584536203], [268.6796669809857, -76.45321584572542], [272.98549001585883, -76.00793584566318], [272.5940515584275, -72.66833584539413], [265.5481593191017, -73.78153584535198]]]}, "properties": {"id": 1076, "height_m": 6.0, "levels": 2, "category": "residencial", "extrude": true, "manzana_id": 46}}, {"type": "Feature", "geometry": {"type": "Polygon", "coordinates": [[[272.4961919438959, -72.11173584561294], [265.3524400903861, -73.00229584573742], [265.5481593191017, -73.78153584535198], [272.5940515584275, -72.66833584539413], [272.4961919438959, -72.11173584561294]]]}, "properties": {"id": 1077, "height_m": 3.0, "levels": 1, "category": "residencial", "extrude": true, "manzana_id": 46}}, {"type": "Feature", "geometry": {"type": "Polygon", "coordinates": [[[266.13531700594393, -76.78717584567323], [262.7102305008127, -77.23245584573547], [263.00380934406, -79.34753584553675], [266.3310362346596, -79.01357584558895], [273.1812092449221, -78.2343358455789], [272.98549001585883, -76.00793584566318], [268.6796669809857, -76.45321584572542], [266.13531700594393, -76.78717584567323]]]}, "properties": {"id": 1078, "height_m": 9.0, "levels": 3, "category": "residencial", "extrude": true, "manzana_id": 46}}, {"type": "Feature", "geometry": {"type": "Polygon", "coordinates": [[[369.67078907370103, 184.81482415431032], [365.8542641111385, 183.92426415458132], [366.24570256891747, 182.5884241543946], [369.96436791729604, 183.36766415440465], [369.67078907370103, 184.81482415431032]]]}, "properties": {"id": 1079, "height_m": 15.0, "levels": 5, "category": "residencial", "extrude": true, "manzana_id": 56}}, {"type": "Feature", "geometry": {"type": "Polygon", "coordinates": [[[371.4322621335325, 196.0581441543988], [369.67078907370103, 195.61286415433656], [370.35580637472725, 191.27138415461957], [372.1172794345587, 191.60534415456738], [371.4322621335325, 196.0581441543988]]]}, "properties": {"id": 1080, "height_m": 15.0, "levels": 5, "category": "residencial", "extrude": true, "manzana_id": 56}}, {"type": "Feature", "geometry": {"type": "Polygon", "coordinates": [[[372.802296735585, 184.03558415430027], [372.410858277806, 186.3733041543304], [369.47506984498546, 185.81670415454923], [369.67078907370103, 184.81482415431032], [369.96436791729604, 183.36766415440465], [370.1600871460117, 182.36578415456123], [372.9980159646483, 182.9223841543424], [372.802296735585, 184.03558415430027]]]}, "properties": {"id": 1081, "height_m": 3.0, "levels": 1, "category": "residencial", "extrude": true, "manzana_id": 56}}, {"type": "Feature", "geometry": {"type": "Polygon", "coordinates": [[[370.35580637472725, 191.27138415461957], [369.27935061626977, 191.0487441543907], [369.7686486882327, 188.37706415441275], [372.5087178923377, 188.93366415458942], [372.1172794345587, 191.60534415456738], [370.35580637472725, 191.27138415461957]]]}, "properties": {"id": 1082, "height_m": 3.0, "levels": 1, "category": "residencial", "extrude": true, "manzana_id": 56}}, {"type": "Feature", "geometry": {"type": "Polygon", "coordinates": [[[370.1600871460117, 182.36578415456123], [364.7778083523333, 181.25258415460337], [364.6799487378017, 182.03182415461342], [362.0377391482283, 181.47522415443675], [362.4291776060073, 178.58090415462542], [381.6096620343946, 182.47710415428017], [381.6096620343946, 182.5884241543946], [381.2182235766156, 185.7053841544348], [380.631065890121, 185.92802415426817], [372.802296735585, 184.03558415430027], [372.9980159646483, 182.9223841543424], [370.1600871460117, 182.36578415456123]]]}, "properties": {"id": 1083, "height_m": 15.0, "levels": 5, "category": "residencial", "extrude": true, "manzana_id": 56}}, {"type": "Feature", "geometry": {"type": "Polygon", "coordinates": [[[369.67078907370103, 195.61286415433656], [360.47198531746017, 193.49778415453528], [362.0377391482283, 181.47522415443675], [364.6799487378017, 182.03182415461342], [364.7778083523333, 181.25258415460337], [370.1600871460117, 182.36578415456123], [369.96436791729604, 183.36766415440465], [366.24570256891747, 182.5884241543946], [365.8542641111385, 183.92426415458132], [369.67078907370103, 184.81482415431032], [369.47506984498546, 185.81670415454923], [372.410858277806, 186.3733041543304], [372.802296735585, 184.03558415430027], [380.631065890121, 185.92802415426817], [381.2182235766156, 185.7053841544348], [379.5546101313158, 197.83926415464776], [371.4322621335325, 196.0581441543988], [372.1172794345587, 191.60534415456738], [372.5087178923377, 188.93366415458942], [369.7686486882327, 188.37706415441275], [369.27935061626977, 191.0487441543907], [370.35580637472725, 191.27138415461957], [369.67078907370103, 195.61286415433656]]]}, "properties": {"id": 1084, "height_m": 12.0, "levels": 4, "category": "residencial", "extrude": true, "manzana_id": 56}}, {"type": "Feature", "geometry": {"type": "Polygon", "coordinates": [[[363.50563336481247, 170.45454415457712], [382.6861177931998, 174.35074415462736], [381.6096620343946, 182.47710415428017], [362.4291776060073, 178.58090415462542], [363.50563336481247, 170.45454415457712]]]}, "properties": {"id": 1085, "height_m": 6.0, "levels": 2, "category": "residencial", "extrude": true, "manzana_id": 56}}, {"type": "Feature", "geometry": {"type": "Polygon", "coordinates": [[[377.2059793849898, 173.23754415427402], [363.50563336481247, 170.45454415457712], [364.6799487378017, 161.6602641546332], [378.28243514379506, 164.33194415461116], [377.2059793849898, 173.23754415427402]]]}, "properties": {"id": 1086, "height_m": 3.0, "levels": 1, "category": "residencial", "extrude": true, "manzana_id": 56}}, {"type": "Feature", "geometry": {"type": "Polygon", "coordinates": [[[371.4322621335325, 162.99610415442444], [364.6799487378017, 161.6602641546332], [365.26710642429623, 157.76406415458297], [368.88791215849085, 158.43198415447858], [369.27935061626977, 156.09426415444844], [365.56068526789124, 155.3150241544384], [366.0499833398542, 151.641464154617], [373.193735193364, 152.8659841542938], [372.5087178923377, 156.98482415457292], [375.44450632515833, 157.76406415458297], [376.42310246977956, 153.53390415458492], [384.0561523952523, 154.86974415437615], [382.6861177931998, 165.1111841546212], [374.6616294099481, 163.55270415460112], [375.54236593969, 159.54518415443644], [372.31299866362207, 158.7659441544264], [371.4322621335325, 162.99610415442444]]]}, "properties": {"id": 1087, "height_m": 6.0, "levels": 2, "category": "residencial", "extrude": true, "manzana_id": 56}}, {"type": "Feature", "geometry": {"type": "Polygon", "coordinates": [[[384.0561523952523, 154.86974415437615], [393.7442542238038, 156.6508641546251], [393.35281576602483, 159.65650415455087], [392.4720792362829, 166.55834415452688], [383.9582927807206, 164.88854415439235], [383.86043316653667, 165.3338241544546], [382.6861177931998, 165.1111841546212], [384.0561523952523, 154.86974415437615]]]}, "properties": {"id": 1088, "height_m": 3.0, "levels": 1, "category": "residencial", "extrude": true, "manzana_id": 56}}, {"type": "Feature", "geometry": {"type": "Polygon", "coordinates": [[[376.42310246977956, 153.53390415458492], [375.44450632515833, 157.76406415458297], [372.5087178923377, 156.98482415457292], [373.193735193364, 152.8659841542938], [376.42310246977956, 153.53390415458492]]]}, "properties": {"id": 1089, "height_m": 3.0, "levels": 1, "category": "residencial", "extrude": true, "manzana_id": 56}}, {"type": "Feature", "geometry": {"type": "Polygon", "coordinates": [[[374.6616294099481, 163.55270415460112], [371.4322621335325, 162.99610415442444], [372.31299866362207, 158.7659441544264], [375.54236593969, 159.54518415443644], [374.6616294099481, 163.55270415460112]]]}, "properties": {"id": 1090, "height_m": 3.0, "levels": 1, "category": "residencial", "extrude": true, "manzana_id": 56}}, {"type": "Feature", "geometry": {"type": "Polygon", "coordinates": [[[365.56068526789124, 155.3150241544384], [369.27935061626977, 156.09426415444844], [368.88791215849085, 158.43198415447858], [365.26710642429623, 157.76406415458297], [365.56068526789124, 155.3150241544384]]]}, "properties": {"id": 1091, "height_m": 9.0, "levels": 3, "category": "residencial", "extrude": true, "manzana_id": 56}}, {"type": "Feature", "geometry": {"type": "Polygon", "coordinates": [[[377.4016986140531, 149.63770415453467], [367.61573717096996, 147.63394415445234], [368.1050352429329, 145.18490415430776], [377.890996686016, 147.1886641543901], [377.4016986140531, 149.63770415453467]]]}, "properties": {"id": 1092, "height_m": 15.0, "levels": 5, "category": "residencial", "extrude": true, "manzana_id": 56}}, {"type": "Feature", "geometry": {"type": "Polygon", "coordinates": [[[377.890996686016, 147.1886641543901], [377.890996686016, 146.96602415455672], [380.82678511883665, 147.5226241543379], [380.3374870468738, 150.41694415454472], [377.3038389995215, 149.86034415436805], [377.4016986140531, 149.63770415453467], [377.890996686016, 147.1886641543901]]]}, "properties": {"id": 1093, "height_m": 3.0, "levels": 1, "category": "residencial", "extrude": true, "manzana_id": 56}}, {"type": "Feature", "geometry": {"type": "Polygon", "coordinates": [[[384.83902931081025, 154.98106415449058], [365.95212372532245, 151.53014415450258], [367.22429871319105, 141.17738415453857], [386.1112042983311, 144.85094415435995], [384.83902931081025, 154.98106415449058]]]}, "properties": {"id": 1094, "height_m": 12.0, "levels": 4, "category": "residencial", "extrude": true, "manzana_id": 56}}, {"type": "Feature", "geometry": {"type": "Polygon", "coordinates": [[[385.81762545508377, 144.85094415435995], [367.4200179419067, 141.288704154653], [369.67078907370103, 124.14542415443194], [388.16625620140985, 127.8189841546488], [385.81762545508377, 144.85094415435995]]]}, "properties": {"id": 1095, "height_m": 15.0, "levels": 5, "category": "residencial", "extrude": true, "manzana_id": 56}}, {"type": "Feature", "geometry": {"type": "Polygon", "coordinates": [[[374.5637697954165, 129.48878415438784], [379.45675051713187, 130.49066415462676], [378.9674524448213, 134.0529041543337], [373.97661210892187, 133.1623441546047], [374.5637697954165, 129.48878415438784]]]}, "properties": {"id": 1096, "height_m": 18.0, "levels": 6, "category": "residencial", "extrude": true, "manzana_id": 56}}, {"type": "Feature", "geometry": {"type": "Polygon", "coordinates": [[[374.75948902413205, 134.0529041543337], [372.410858277806, 133.49630415455252], [373.09587557883225, 128.1529441545966], [384.3497312384996, 130.49066415462676], [383.3711350942261, 135.9453441543016], [380.5332062755894, 135.277424154406], [374.75948902413205, 134.0529041543337]]]}, "properties": {"id": 1097, "height_m": 12.0, "levels": 4, "category": "residencial", "extrude": true, "manzana_id": 56}}, {"type": "Feature", "geometry": {"type": "Polygon", "coordinates": [[[369.3772102304537, 118.80206415447603], [368.69219292942745, 118.6907441543616], [369.27935061626977, 115.46246415460246], [369.96436791729604, 115.5737841543214], [369.3772102304537, 118.80206415447603]]]}, "properties": {"id": 1098, "height_m": 9.0, "levels": 3, "category": "residencial", "extrude": true, "manzana_id": 56}}, {"type": "Feature", "geometry": {"type": "Polygon", "coordinates": [[[396.19074458466145, 116.57566415456031], [395.0164292116723, 123.36618415442189], [369.3772102304537, 118.80206415447603], [369.96436791729604, 115.5737841543214], [370.55152560379065, 112.1228641543334], [378.9674524448213, 113.57002415463455], [388.16625620140985, 115.12850415465465], [396.19074458466145, 116.57566415456031]]]}, "properties": {"id": 1099, "height_m": 12.0, "levels": 4, "category": "residencial", "extrude": true, "manzana_id": 56}}, {"type": "Feature", "geometry": {"type": "Polygon", "coordinates": [[[379.45675051713187, 110.00778415453212], [378.9674524448213, 113.57002415463455], [370.55152560379065, 112.1228641543334], [371.62798136259585, 101.77010415436939], [378.28243514379506, 102.54934415437944], [380.3374870468738, 102.88330415432725], [380.0439082036265, 104.99838415452402], [378.47815437251063, 104.88706415440959], [374.8573486386638, 104.3304641546284], [374.4659101808848, 107.00214415460636], [378.1845755292633, 107.44742415427311], [377.9888563005477, 109.78514415430325], [379.45675051713187, 110.00778415453212]]]}, "properties": {"id": 1100, "height_m": 3.0, "levels": 1, "category": "residencial", "extrude": true, "manzana_id": 56}}, {"type": "Feature", "geometry": {"type": "Polygon", "coordinates": [[[378.1845755292633, 107.44742415427311], [374.4659101808848, 107.00214415460636], [374.8573486386638, 104.3304641546284], [378.47815437251063, 104.88706415440959], [378.1845755292633, 107.44742415427311]]]}, "properties": {"id": 1101, "height_m": 6.0, "levels": 2, "category": "residencial", "extrude": true, "manzana_id": 56}}, {"type": "Feature", "geometry": {"type": "Polygon", "coordinates": [[[378.28243514379506, 102.54934415437944], [371.62798136259585, 101.77010415436939], [372.410858277806, 94.86826415439339], [375.05306786772707, 93.75506415443553], [379.16317167353685, 94.53430415444558], [378.28243514379506, 102.54934415437944]]]}, "properties": {"id": 1102, "height_m": 6.0, "levels": 2, "category": "residencial", "extrude": true, "manzana_id": 56}}, {"type": "Feature", "geometry": {"type": "Polygon", "coordinates": [[[379.16317167353685, 94.53430415444558], [381.3160831911473, 94.86826415439339], [380.3374870468738, 102.88330415432725], [378.28243514379506, 102.54934415437944], [379.16317167353685, 94.53430415444558]]]}, "properties": {"id": 1103, "height_m": 3.0, "levels": 1, "category": "residencial", "extrude": true, "manzana_id": 56}}, {"type": "Feature", "geometry": {"type": "Polygon", "coordinates": [[[388.94913311662003, 110.11910415464655], [382.49039856448417, 109.11722415440764], [383.3711350942261, 103.21726415427506], [380.3374870468738, 102.88330415432725], [381.3160831911473, 94.86826415439339], [391.0041850196988, 96.64938415464235], [388.94913311662003, 110.11910415464655]]]}, "properties": {"id": 1104, "height_m": 3.0, "levels": 1, "category": "residencial", "extrude": true, "manzana_id": 56}}, {"type": "Feature", "geometry": {"type": "Polygon", "coordinates": [[[398.73509456005087, 108.11534415456421], [398.44151571645585, 110.00778415453212], [397.36505995799837, 116.79830415439369], [396.19074458466145, 116.57566415456031], [388.16625620140985, 115.12850415465465], [389.4384311889306, 106.77950415437749], [391.4934830920094, 107.00214415460636], [391.29776386329377, 108.00402415444978], [396.38646381337713, 108.78326415445983], [396.5821830424404, 107.7813841546164], [398.73509456005087, 108.11534415456421]]]}, "properties": {"id": 1105, "height_m": 12.0, "levels": 4, "category": "residencial", "extrude": true, "manzana_id": 56}}, {"type": "Feature", "geometry": {"type": "Polygon", "coordinates": [[[392.080640778504, 112.7907841546245], [392.56993885081465, 109.78514415430325], [395.70144651269857, 110.2304241543655], [395.2121484403879, 113.34738415440569], [392.080640778504, 112.7907841546245]]]}, "properties": {"id": 1106, "height_m": 3.0, "levels": 1, "category": "residencial", "extrude": true, "manzana_id": 56}}, {"type": "Feature", "geometry": {"type": "Polygon", "coordinates": [[[399.6158310897927, 102.43802415426501], [390.31916771867253, 101.10218415447378], [391.0041850196988, 96.64938415464235], [400.2029887762873, 98.31918415438139], [399.6158310897927, 102.43802415426501]]]}, "properties": {"id": 1107, "height_m": 12.0, "levels": 4, "category": "residencial", "extrude": true, "manzana_id": 56}}, {"type": "Feature", "geometry": {"type": "Polygon", "coordinates": [[[398.73509456005087, 108.11534415456421], [396.5821830424404, 107.7813841546164], [396.38646381337713, 108.78326415445983], [391.29776386329377, 108.00402415444978], [391.4934830920094, 107.00214415460636], [389.4384311889306, 106.77950415437749], [390.31916771867253, 101.10218415447378], [399.6158310897927, 102.43802415426501], [398.73509456005087, 108.11534415456421]]]}, "properties": {"id": 1108, "height_m": 15.0, "levels": 5, "category": "residencial", "extrude": true, "manzana_id": 56}}, {"type": "Feature", "geometry": {"type": "Polygon", "coordinates": [[[392.7656580795302, 105.5549841543052], [392.96137730859357, 104.3304641546284], [396.4843234279088, 104.88706415440959], [396.2886041991932, 106.11158415448187], [392.7656580795302, 105.5549841543052]]]}, "properties": {"id": 1109, "height_m": 3.0, "levels": 1, "category": "residencial", "extrude": true, "manzana_id": 56}}, {"type": "Feature", "geometry": {"type": "Polygon", "coordinates": [[[401.2794445350925, 107.67006415450197], [398.8329541742348, 107.22478415443973], [399.4201118610771, 103.32858415438949], [404.50881181116046, 104.10782415439954], [403.92165412466585, 108.00402415444978], [401.2794445350925, 107.67006415450197]]]}, "properties": {"id": 1110, "height_m": 9.0, "levels": 3, "category": "residencial", "extrude": true, "manzana_id": 56}}, {"type": "Feature", "geometry": {"type": "Polygon", "coordinates": [[[403.92165412466585, 108.00402415444978], [403.53021566688693, 110.67570415442773], [400.8880060773136, 110.34174415447993], [401.2794445350925, 107.67006415450197], [403.92165412466585, 108.00402415444978]]]}, "properties": {"id": 1111, "height_m": 3.0, "levels": 1, "category": "residencial", "extrude": true, "manzana_id": 56}}, {"type": "Feature", "geometry": {"type": "Polygon", "coordinates": [[[404.50881181116046, 104.10782415439954], [399.4201118610771, 103.32858415438949], [400.2029887762873, 98.31918415438139], [405.19382911218673, 99.20974415450587], [404.50881181116046, 104.10782415439954]]]}, "properties": {"id": 1112, "height_m": 6.0, "levels": 2, "category": "residencial", "extrude": true, "manzana_id": 56}}, {"type": "Feature", "geometry": {"type": "Polygon", "coordinates": [[[407.0531617865498, 111.2323041546044], [403.53021566688693, 110.67570415442773], [405.19382911218673, 99.20974415450587], [412.33758096569653, 100.5455841542971], [411.7504232792019, 103.9965041542851], [408.22747715953903, 103.43990415450392], [407.0531617865498, 111.2323041546044]]]}, "properties": {"id": 1113, "height_m": 6.0, "levels": 2, "category": "residencial", "extrude": true, "manzana_id": 56}}, {"type": "Feature", "geometry": {"type": "Polygon", "coordinates": [[[410.57610790621277, 111.78890415438559], [407.0531617865498, 111.2323041546044], [408.22747715953903, 103.43990415450392], [411.7504232792019, 103.9965041542851], [410.57610790621277, 111.78890415438559]]]}, "properties": {"id": 1114, "height_m": 9.0, "levels": 3, "category": "residencial", "extrude": true, "manzana_id": 56}}, {"type": "Feature", "geometry": {"type": "Polygon", "coordinates": [[[414.00119441099633, 114.68322415459241], [410.1846694484338, 114.0153041543013], [412.33758096569653, 100.5455841542971], [416.2519655431384, 101.21350415458821], [414.1969136400596, 114.68322415459241], [414.00119441099633, 114.68322415459241]]]}, "properties": {"id": 1115, "height_m": 9.0, "levels": 3, "category": "residencial", "extrude": true, "manzana_id": 56}}, {"type": "Feature", "geometry": {"type": "Polygon", "coordinates": [[[417.2305616874119, 115.2398241543736], [414.88193094108584, 114.79454415431135], [414.1969136400596, 114.68322415459241], [416.2519655431384, 101.21350415458821], [421.14494626450613, 102.1040641543172], [420.94922703579044, 103.6625441543373], [419.9706308915169, 110.00778415453212], [419.77491166245363, 111.56626415455221], [417.9155789884382, 111.2323041546044], [417.2305616874119, 115.2398241543736]]]}, "properties": {"id": 1116, "height_m": 9.0, "levels": 3, "category": "residencial", "extrude": true, "manzana_id": 56}}, {"type": "Feature", "geometry": {"type": "Polygon", "coordinates": [[[419.77491166245363, 111.56626415455221], [419.0898943614274, 115.5737841543214], [417.2305616874119, 115.2398241543736], [417.9155789884382, 111.2323041546044], [419.77491166245363, 111.56626415455221]]]}, "properties": {"id": 1117, "height_m": 3.0, "levels": 1, "category": "residencial", "extrude": true, "manzana_id": 56}}, {"type": "Feature", "geometry": {"type": "Polygon", "coordinates": [[[422.319261637843, 107.1134641543253], [421.7321039513484, 110.34174415447993], [419.9706308915169, 110.00778415453212], [420.45992896347985, 106.77950415437749], [422.319261637843, 107.1134641543253]]]}, "properties": {"id": 1118, "height_m": 6.0, "levels": 2, "category": "residencial", "extrude": true, "manzana_id": 56}}, {"type": "Feature", "geometry": {"type": "Polygon", "coordinates": [[[420.85136742125883, 104.66442415457621], [420.94922703579044, 103.6625441543373], [421.14494626450613, 102.1040641543172], [429.75659233460004, 103.6625441543373], [431.42020577989985, 105.77762415453407], [430.4416096356263, 111.90022415450002], [421.7321039513484, 110.34174415447993], [422.319261637843, 107.1134641543253], [420.45992896347985, 106.77950415437749], [420.85136742125883, 104.66442415457621]]]}, "properties": {"id": 1119, "height_m": 3.0, "levels": 1, "category": "residencial", "extrude": true, "manzana_id": 56}}, {"type": "Feature", "geometry": {"type": "Polygon", "coordinates": [[[427.407961588274, 111.34362415432335], [430.4416096356263, 111.90022415450002], [429.4630134913528, 117.57754415440374], [419.0898943614274, 115.5737841543214], [419.77491166245363, 111.56626415455221], [424.76575199870064, 112.34550415456226], [427.21224235921073, 112.7907841546245], [427.407961588274, 111.34362415432335]]]}, "properties": {"id": 1120, "height_m": 12.0, "levels": 4, "category": "residencial", "extrude": true, "manzana_id": 56}}, {"type": "Feature", "geometry": {"type": "Polygon", "coordinates": [[[427.407961588274, 111.34362415432335], [427.21224235921073, 112.7907841546245], [424.76575199870064, 112.34550415456226], [424.9614712274163, 110.89834415426111], [427.407961588274, 111.34362415432335]]]}, "properties": {"id": 1121, "height_m": 15.0, "levels": 5, "category": "residencial", "extrude": true, "manzana_id": 56}}, {"type": "Feature", "geometry": {"type": "Polygon", "coordinates": [[[418.79631551818005, 123.58882415465075], [419.28561359049064, 120.5831841543295], [421.43852510775343, 120.91714415427731], [421.8299635655324, 119.13602415442384], [414.39263286877525, 117.8001841546326], [414.88193094108584, 114.79454415431135], [419.0898943614274, 115.5737841543214], [429.4630134913528, 117.57754415440374], [428.19083850348426, 125.25862415438979], [418.79631551818005, 123.58882415465075]]]}, "properties": {"id": 1122, "height_m": 6.0, "levels": 2, "category": "residencial", "extrude": true, "manzana_id": 56}}, {"type": "Feature", "geometry": {"type": "Polygon", "coordinates": [[[416.74126361510133, 131.2699041546368], [414.4904924833069, 130.82462415457456], [413.21831749578604, 130.49066415462676], [413.70761556774903, 126.92842415452432], [417.3284213019436, 127.59634415441994], [416.74126361510133, 131.2699041546368]]]}, "properties": {"id": 1123, "height_m": 6.0, "levels": 2, "category": "residencial", "extrude": true, "manzana_id": 56}}, {"type": "Feature", "geometry": {"type": "Polygon", "coordinates": [[[420.06849050570094, 123.81146415448413], [428.19083850348426, 125.25862415438979], [426.8208039017794, 133.1623441546047], [425.84220775715823, 132.93970415437585], [416.74126361510133, 131.2699041546368], [417.3284213019436, 127.59634415441994], [419.48133281920633, 127.93030415436775], [420.06849050570094, 123.81146415448413]]]}, "properties": {"id": 1124, "height_m": 3.0, "levels": 1, "category": "residencial", "extrude": true, "manzana_id": 56}}, {"type": "Feature", "geometry": {"type": "Polygon", "coordinates": [[[417.62200014519084, 123.36618415442189], [417.2305616874119, 125.25862415438979], [414.099054025528, 124.59070415449418], [414.39263286877525, 122.69826415452627], [417.62200014519084, 123.36618415442189]]]}, "properties": {"id": 1125, "height_m": 3.0, "levels": 1, "category": "residencial", "extrude": true, "manzana_id": 56}}, {"type": "Feature", "geometry": {"type": "Polygon", "coordinates": [[[415.1755097843332, 135.277424154406], [414.9797905556175, 136.2793041546449], [412.4354405802282, 135.72270415446823], [413.21831749578604, 130.49066415462676], [414.4904924833069, 130.82462415457456], [414.00119441099633, 133.83026415450033], [415.37122901304883, 134.16422415444814], [415.1755097843332, 135.277424154406]]]}, "properties": {"id": 1126, "height_m": 6.0, "levels": 2, "category": "residencial", "extrude": true, "manzana_id": 56}}, {"type": "Feature", "geometry": {"type": "Polygon", "coordinates": [[[415.1755097843332, 135.277424154406], [415.37122901304883, 134.16422415444814], [414.00119441099633, 133.83026415450033], [414.4904924833069, 130.82462415457456], [425.84220775715823, 132.93970415437585], [426.8208039017794, 133.1623441546047], [425.54862891391093, 140.6207841543619], [417.71985975937486, 139.17362415445623], [418.20915783168545, 135.83402415458266], [415.1755097843332, 135.277424154406]]]}, "properties": {"id": 1127, "height_m": 3.0, "levels": 1, "category": "residencial", "extrude": true, "manzana_id": 56}}, {"type": "Feature", "geometry": {"type": "Polygon", "coordinates": [[[417.3284213019436, 145.9641441543178], [414.6862117120226, 145.40754415453662], [413.80547518228065, 145.18490415430776], [414.00119441099633, 143.84906415451653], [411.261125207239, 143.06982415450648], [411.4568444359546, 142.179264154382], [414.88193094108584, 142.95850415439205], [415.2733693988648, 141.17738415453857], [411.7504232792019, 140.50946415464296], [412.0440021224492, 138.1717441546128], [416.74126361510133, 138.95098415462286], [418.40487706040113, 139.28494415457067], [417.3284213019436, 145.9641441543178]]]}, "properties": {"id": 1128, "height_m": 6.0, "levels": 2, "category": "residencial", "extrude": true, "manzana_id": 56}}, {"type": "Feature", "geometry": {"type": "Polygon", "coordinates": [[[418.40487706040113, 139.28494415457067], [425.54862891391093, 140.6207841543619], [424.47217315510574, 147.41130415461896], [423.68929623989544, 147.1886641543901], [417.3284213019436, 145.9641441543178], [418.40487706040113, 139.28494415457067]]]}, "properties": {"id": 1129, "height_m": 3.0, "levels": 1, "category": "residencial", "extrude": true, "manzana_id": 56}}, {"type": "Feature", "geometry": {"type": "Polygon", "coordinates": [[[419.87277127698525, 146.40942415438005], [423.68929623989544, 147.1886641543901], [424.47217315510574, 147.41130415461896], [423.68929623989544, 152.1980641543982], [422.9064193243376, 151.97542415456482], [415.2733693988648, 150.52826415426367], [410.3803886771494, 149.52638415442024], [410.86968674946, 146.18678415454667], [413.5118963390334, 146.6320641546089], [413.80547518228065, 145.18490415430776], [414.6862117120226, 145.40754415453662], [418.20915783168545, 146.07546415443224], [417.9155789884382, 147.96790415440014], [419.6770520482696, 148.30186415434795], [419.87277127698525, 146.40942415438005]]]}, "properties": {"id": 1130, "height_m": 3.0, "levels": 1, "category": "residencial", "extrude": true, "manzana_id": 56}}, {"type": "Feature", "geometry": {"type": "Polygon", "coordinates": [[[406.56386371423923, 155.76030415450063], [401.9644618361188, 154.86974415437615], [403.2366368236396, 148.190544154629], [404.0195137391975, 148.30186415434795], [405.4874079557817, 148.63582415429576], [404.90025026893943, 151.53014415450258], [407.3467406297971, 151.97542415456482], [406.56386371423923, 155.76030415450063]]]}, "properties": {"id": 1131, "height_m": 12.0, "levels": 4, "category": "residencial", "extrude": true, "manzana_id": 56}}, {"type": "Feature", "geometry": {"type": "Polygon", "coordinates": [[[415.2733693988648, 150.52826415426367], [422.9064193243376, 151.97542415456482], [423.68929623989544, 152.1980641543982], [422.61284048109025, 158.7659441544264], [414.00119441099633, 157.2074641544063], [415.2733693988648, 150.52826415426367]]]}, "properties": {"id": 1132, "height_m": 12.0, "levels": 4, "category": "residencial", "extrude": true, "manzana_id": 56}}, {"type": "Feature", "geometry": {"type": "Polygon", "coordinates": [[[414.00119441099633, 157.2074641544063], [406.56386371423923, 155.76030415450063], [407.3467406297971, 151.97542415456482], [407.8360387021077, 149.081104154358], [410.3803886771494, 149.52638415442024], [415.2733693988648, 150.52826415426367], [414.00119441099633, 157.2074641544063]]]}, "properties": {"id": 1133, "height_m": 15.0, "levels": 5, "category": "residencial", "extrude": true, "manzana_id": 56}}, {"type": "Feature", "geometry": {"type": "Polygon", "coordinates": [[[402.5516195226134, 161.43762415440435], [393.35281576602483, 159.65650415455087], [393.7442542238038, 156.6508641546251], [394.1356926815827, 153.42258415447048], [397.75649841542963, 154.0905041543661], [403.53021566688693, 155.20370415432396], [402.5516195226134, 161.43762415440435]]]}, "properties": {"id": 1134, "height_m": 3.0, "levels": 1, "category": "residencial", "extrude": true, "manzana_id": 56}}, {"type": "Feature", "geometry": {"type": "Polygon", "coordinates": [[[417.03484245834863, 157.76406415458297], [422.61284048109025, 158.7659441544264], [421.6342443368167, 164.99986415450678], [420.94922703579044, 164.88854415439235], [407.73817908757604, 162.43950415464326], [408.81463484638124, 156.20558415456287], [412.8268790380071, 156.98482415457292], [412.33758096569653, 159.32254415460307], [416.6434040009173, 160.1017841546131], [417.03484245834863, 157.76406415458297]]]}, "properties": {"id": 1135, "height_m": 3.0, "levels": 1, "category": "residencial", "extrude": true, "manzana_id": 56}}, {"type": "Feature", "geometry": {"type": "Polygon", "coordinates": [[[407.73817908757604, 162.43950415464326], [405.878846413213, 161.99422415458102], [406.9553021720182, 155.87162415461506], [408.81463484638124, 156.20558415456287], [407.73817908757604, 162.43950415464326]]]}, "properties": {"id": 1136, "height_m": 6.0, "levels": 2, "category": "residencial", "extrude": true, "manzana_id": 56}}, {"type": "Feature", "geometry": {"type": "Polygon", "coordinates": [[[405.780986799029, 169.1187041543904], [404.7045310402238, 169.00738415427597], [405.878846413213, 161.99422415458102], [407.73817908757604, 162.43950415464326], [407.3467406297971, 164.88854415439235], [406.56386371423923, 164.66590415455897], [405.780986799029, 169.1187041543904]]]}, "properties": {"id": 1137, "height_m": 6.0, "levels": 2, "category": "residencial", "extrude": true, "manzana_id": 56}}, {"type": "Feature", "geometry": {"type": "Polygon", "coordinates": [[[416.1541059286067, 163.99798415426787], [420.94922703579044, 164.88854415439235], [421.6342443368167, 164.99986415450678], [420.5577885780115, 172.01302415459722], [419.87277127698525, 171.9017041544828], [405.780986799029, 169.1187041543904], [406.56386371423923, 164.66590415455897], [407.3467406297971, 164.88854415439235], [407.73817908757604, 162.43950415464326], [413.4140367245017, 163.44138415448668], [412.72901942347545, 167.2262641544225], [415.46908862758045, 167.67154415448474], [416.1541059286067, 163.99798415426787]]]}, "properties": {"id": 1138, "height_m": 3.0, "levels": 1, "category": "residencial", "extrude": true, "manzana_id": 56}}, {"type": "Feature", "geometry": {"type": "Polygon", "coordinates": [[[401.3773041496242, 181.0299441543745], [400.8880060773136, 180.91862415426007], [399.90940993304, 180.6959841544267], [401.67088299287144, 168.33946415438035], [403.6280752814186, 168.7847441544426], [401.3773041496242, 181.0299441543745]]]}, "properties": {"id": 1139, "height_m": 3.0, "levels": 1, "category": "residencial", "extrude": true, "manzana_id": 56}}, {"type": "Feature", "geometry": {"type": "Polygon", "coordinates": [[[408.81463484638124, 175.01866415452298], [413.1204578812544, 175.79790415453303], [412.72901942347545, 178.35826415439655], [408.32533677407065, 177.46770415427207], [408.81463484638124, 175.01866415452298]]]}, "properties": {"id": 1140, "height_m": 15.0, "levels": 5, "category": "residencial", "extrude": true, "manzana_id": 56}}, {"type": "Feature", "geometry": {"type": "Polygon", "coordinates": [[[408.32533677407065, 177.46770415427207], [407.93389831629173, 179.1375041544066], [403.92165412466585, 178.35826415439655], [405.19382911218673, 172.2356641544306], [409.2060733041602, 173.01490415444064], [408.81463484638124, 175.01866415452298], [408.32533677407065, 177.46770415427207]]]}, "properties": {"id": 1141, "height_m": 3.0, "levels": 1, "category": "residencial", "extrude": true, "manzana_id": 56}}, {"type": "Feature", "geometry": {"type": "Polygon", "coordinates": [[[405.780986799029, 169.1187041543904], [419.87277127698525, 171.9017041544828], [420.5577885780115, 172.01302415459722], [418.69845590399603, 184.36954415464356], [418.0134386029698, 184.25822415452913], [403.33449643817124, 181.3639041543223], [403.92165412466585, 178.35826415439655], [407.93389831629173, 179.1375041544066], [408.32533677407065, 177.46770415427207], [412.72901942347545, 178.35826415439655], [413.1204578812544, 175.79790415453303], [408.81463484638124, 175.01866415452298], [409.2060733041602, 173.01490415444064], [405.19382911218673, 172.2356641544306], [405.780986799029, 169.1187041543904]]]}, "properties": {"id": 1142, "height_m": 12.0, "levels": 4, "category": "residencial", "extrude": true, "manzana_id": 56}}, {"type": "Feature", "geometry": {"type": "Polygon", "coordinates": [[[403.33449643817124, 181.3639041543223], [401.3773041496242, 181.0299441543745], [403.6280752814186, 168.7847441544426], [405.780986799029, 169.1187041543904], [405.19382911218673, 172.2356641544306], [403.92165412466585, 178.35826415439655], [403.33449643817124, 181.3639041543223]]]}, "properties": {"id": 1143, "height_m": 15.0, "levels": 5, "category": "residencial", "extrude": true, "manzana_id": 56}}, {"type": "Feature", "geometry": {"type": "Polygon", "coordinates": [[[409.30393291834423, 206.85618415442505], [396.4843234279088, 203.73922415438486], [397.26720034346664, 198.39586415442895], [398.1479368732086, 198.61850415426233], [400.8880060773136, 180.91862415426007], [409.0103540750969, 182.47710415428017], [408.91249446056526, 183.03370415445684], [408.129617545355, 182.9223841543424], [407.54245985886047, 185.81670415454923], [404.90025026893943, 185.26010415437256], [404.3130925824448, 188.26574415429832], [407.3467406297971, 188.822344154475], [406.66172332877085, 192.82986415463967], [405.19382911218673, 192.49590415429637], [404.7045310402238, 195.3902241545032], [407.6403194730444, 196.0581441543988], [408.129617545355, 193.16382415458747], [410.47824829168104, 193.6091041546497], [410.86968674946, 190.7147841544429], [411.65256366467025, 190.82610415455733], [410.7718271349284, 197.17134415435666], [410.0868098339021, 196.94870415452328], [409.6953713761232, 198.72982415437676], [407.6403194730444, 198.28454415431452], [407.1510214010815, 200.62226415434466], [410.1846694484338, 201.17886415452134], [409.30393291834423, 206.85618415442505]]]}, "properties": {"id": 1144, "height_m": 15.0, "levels": 5, "category": "residencial", "extrude": true, "manzana_id": 56}}, {"type": "Feature", "geometry": {"type": "Polygon", "coordinates": [[[416.54554438638564, 198.17322415459557], [413.0225982667228, 197.6166241544189], [414.099054025528, 189.93554415443285], [414.099054025528, 189.37894415465166], [414.1969136400596, 188.93366415458942], [417.9155789884382, 189.71290415459947], [416.54554438638564, 198.17322415459557]]]}, "properties": {"id": 1145, "height_m": 9.0, "levels": 3, "category": "residencial", "extrude": true, "manzana_id": 56}}, {"type": "Feature", "geometry": {"type": "Polygon", "coordinates": [[[411.55470405048624, 186.59594415455928], [412.14186173698084, 183.70162415435246], [411.261125207239, 183.47898415451908], [411.358984821423, 182.9223841543424], [418.0134386029698, 184.25822415452913], [418.69845590399603, 184.36954415464356], [417.9155789884382, 189.71290415459947], [414.1969136400596, 188.93366415458942], [414.4904924833069, 187.15254415434046], [411.55470405048624, 186.59594415455928]]]}, "properties": {"id": 1146, "height_m": 12.0, "levels": 4, "category": "residencial", "extrude": true, "manzana_id": 56}}, {"type": "Feature", "geometry": {"type": "Polygon", "coordinates": [[[413.80547518228065, 188.93366415458942], [413.4140367245017, 188.48838415452718], [412.9247386525388, 188.26574415429832], [411.261125207239, 188.04310415446494], [411.55470405048624, 186.59594415455928], [414.4904924833069, 187.15254415434046], [414.1969136400596, 188.93366415458942], [413.80547518228065, 188.93366415458942]]]}, "properties": {"id": 1147, "height_m": 3.0, "levels": 1, "category": "residencial", "extrude": true, "manzana_id": 56}}, {"type": "Feature", "geometry": {"type": "Polygon", "coordinates": [[[413.609755953565, 190.04686415454728], [413.31617710997006, 190.04686415454728], [410.96754636364403, 189.60158415448504], [411.261125207239, 188.04310415446494], [412.9247386525388, 188.26574415429832], [413.4140367245017, 188.48838415452718], [413.80547518228065, 188.93366415458942], [412.63115980894383, 188.71102415436056], [412.4354405802282, 189.4902641543706], [413.609755953565, 189.60158415448504], [413.609755953565, 190.04686415454728]]]}, "properties": {"id": 1148, "height_m": 3.0, "levels": 1, "category": "residencial", "extrude": true, "manzana_id": 56}}, {"type": "Feature", "geometry": {"type": "Polygon", "coordinates": [[[411.55470405048624, 186.59594415455928], [410.67396752039673, 186.3733041543304], [411.261125207239, 183.47898415451908], [412.14186173698084, 183.70162415435246], [411.55470405048624, 186.59594415455928]]]}, "properties": {"id": 1150, "height_m": 15.0, "levels": 5, "category": "residencial", "extrude": true, "manzana_id": 56}}, {"type": "Feature", "geometry": {"type": "Polygon", "coordinates": [[[416.54554438638564, 198.17322415459557], [415.07765016980153, 208.08070415449734], [414.39263286877525, 207.9693841543829], [410.3803886771494, 207.07882415465392], [410.96754636364403, 203.18262415460367], [411.7504232792019, 202.73734415454143], [413.609755953565, 190.04686415454728], [413.9033347968123, 190.04686415454728], [414.099054025528, 189.37894415465166], [414.099054025528, 189.93554415443285], [413.0225982667228, 197.6166241544189], [416.54554438638564, 198.17322415459557]]]}, "properties": {"id": 1151, "height_m": 9.0, "levels": 3, "category": "residencial", "extrude": true, "manzana_id": 56}}, {"type": "Feature", "geometry": {"type": "Polygon", "coordinates": [[[410.7718271349284, 197.17134415435666], [411.261125207239, 197.2826641544711], [410.47824829168104, 201.29018415463577], [410.1846694484338, 201.17886415452134], [410.7718271349284, 197.17134415435666]]]}, "properties": {"id": 1152, "height_m": 15.0, "levels": 5, "category": "residencial", "extrude": true, "manzana_id": 56}}, {"type": "Feature", "geometry": {"type": "Polygon", "coordinates": [[[410.3803886771494, 207.07882415465392], [409.30393291834423, 206.85618415442505], [410.1846694484338, 201.17886415452134], [410.47824829168104, 201.29018415463577], [411.261125207239, 197.2826641544711], [410.7718271349284, 197.17134415435666], [411.65256366467025, 190.82610415455733], [410.86968674946, 190.7147841544429], [410.96754636364403, 189.60158415448504], [413.31617710997006, 190.04686415454728], [413.609755953565, 190.04686415454728], [411.7504232792019, 202.73734415454143], [410.96754636364403, 203.18262415460367], [410.3803886771494, 207.07882415465392]]]}, "properties": {"id": 1153, "height_m": 12.0, "levels": 4, "category": "residencial", "extrude": true, "manzana_id": 56}}, {"type": "Feature", "geometry": {"type": "Polygon", "coordinates": [[[411.261125207239, 183.47898415451908], [408.91249446056526, 183.03370415445684], [409.0103540750969, 182.47710415428017], [411.358984821423, 182.9223841543424], [411.261125207239, 183.47898415451908]]]}, "properties": {"id": 1154, "height_m": 15.0, "levels": 5, "category": "residencial", "extrude": true, "manzana_id": 56}}, {"type": "Feature", "geometry": {"type": "Polygon", "coordinates": [[[411.261125207239, 188.04310415446494], [408.22747715953903, 187.70914415451713], [408.91249446056526, 183.03370415445684], [411.261125207239, 183.47898415451908], [410.67396752039673, 186.3733041543304], [411.55470405048624, 186.59594415455928], [411.261125207239, 188.04310415446494]]]}, "properties": {"id": 1155, "height_m": 18.0, "levels": 6, "category": "residencial", "extrude": true, "manzana_id": 56}}, {"type": "Feature", "geometry": {"type": "Polygon", "coordinates": [[[410.1846694484338, 201.17886415452134], [407.1510214010815, 200.62226415434466], [407.6403194730444, 198.28454415431452], [409.6953713761232, 198.72982415437676], [410.0868098339021, 196.94870415452328], [410.7718271349284, 197.17134415435666], [410.1846694484338, 201.17886415452134]]]}, "properties": {"id": 1156, "height_m": 18.0, "levels": 6, "category": "residencial", "extrude": true, "manzana_id": 56}}, {"type": "Feature", "geometry": {"type": "Polygon", "coordinates": [[[408.129617545355, 193.16382415458747], [406.66172332877085, 192.82986415463967], [407.3467406297971, 188.822344154475], [407.8360387021077, 185.81670415454923], [407.54245985886047, 185.81670415454923], [408.129617545355, 182.9223841543424], [408.91249446056526, 183.03370415445684], [408.22747715953903, 187.70914415451713], [411.261125207239, 188.04310415446494], [410.96754636364403, 189.60158415448504], [410.7718271349284, 190.7147841544429], [410.86968674946, 190.7147841544429], [410.47824829168104, 193.6091041546497], [408.129617545355, 193.16382415458747]]]}, "properties": {"id": 1157, "height_m": 18.0, "levels": 6, "category": "residencial", "extrude": true, "manzana_id": 56}}, {"type": "Feature", "geometry": {"type": "Polygon", "coordinates": [[[408.129617545355, 193.16382415458747], [407.6403194730444, 196.0581441543988], [404.7045310402238, 195.3902241545032], [405.19382911218673, 192.49590415429637], [406.66172332877085, 192.82986415463967], [408.129617545355, 193.16382415458747]]]}, "properties": {"id": 1158, "height_m": 3.0, "levels": 1, "category": "residencial", "extrude": true, "manzana_id": 56}}, {"type": "Feature", "geometry": {"type": "Polygon", "coordinates": [[[407.3467406297971, 188.822344154475], [404.3130925824448, 188.26574415429832], [404.90025026893943, 185.26010415437256], [407.54245985886047, 185.81670415454923], [407.8360387021077, 185.81670415454923], [407.3467406297971, 188.822344154475]]]}, "properties": {"id": 1159, "height_m": 3.0, "levels": 1, "category": "residencial", "extrude": true, "manzana_id": 56}}, {"type": "Feature", "geometry": {"type": "Polygon", "coordinates": [[[400.2029887762873, 191.49402415445294], [403.43235605270297, 192.16194415434856], [402.9430579803923, 195.27890415438875], [399.6158310897927, 194.61098415449314], [400.2029887762873, 191.49402415445294]]]}, "properties": {"id": 1160, "height_m": 18.0, "levels": 6, "category": "residencial", "extrude": true, "manzana_id": 56}}, {"type": "Feature", "geometry": {"type": "Polygon", "coordinates": [[[400.8880060773136, 180.91862415426007], [398.1479368732086, 198.61850415426233], [397.26720034346664, 198.39586415442895], [399.90940993304, 180.6959841544267], [400.8880060773136, 180.91862415426007]]]}, "properties": {"id": 1161, "height_m": 15.0, "levels": 5, "category": "residencial", "extrude": true, "manzana_id": 56}}, {"type": "Feature", "geometry": {"type": "Polygon", "coordinates": [[[387.8726773581625, 199.73170415461567], [379.5546101313158, 197.83926415464776], [379.9460485890948, 194.83362415432651], [382.6861177931998, 195.3902241545032], [383.86043316653667, 186.15066415449704], [381.2182235766156, 185.7053841544348], [381.6096620343946, 182.5884241543946], [381.6096620343946, 182.47710415428017], [382.6861177931998, 174.35074415462736], [383.86043316653667, 165.6677841544024], [383.86043316653667, 165.3338241544546], [383.9582927807206, 164.88854415439235], [392.4720792362829, 166.55834415452688], [401.0837253063769, 168.22814415426592], [401.67088299287144, 168.33946415438035], [399.90940993304, 180.6959841544267], [396.77790227115605, 201.84678415441695], [391.68920232072503, 200.62226415434466], [392.37421962175125, 197.39398415458552], [388.4598350446571, 196.50342415446104], [387.8726773581625, 199.73170415461567]]]}, "properties": {"id": 1162, "height_m": 6.0, "levels": 2, "category": "residencial", "extrude": true, "manzana_id": 56}}, {"type": "Feature", "geometry": {"type": "Polygon", "coordinates": [[[391.68920232072503, 200.62226415434466], [387.8726773581625, 199.73170415461567], [388.4598350446571, 196.50342415446104], [392.37421962175125, 197.39398415458552], [391.68920232072503, 200.62226415434466]]]}, "properties": {"id": 1163, "height_m": 9.0, "levels": 3, "category": "residencial", "extrude": true, "manzana_id": 56}}, {"type": "Feature", "geometry": {"type": "Polygon", "coordinates": [[[381.2182235766156, 185.7053841544348], [383.86043316653667, 186.15066415449704], [382.6861177931998, 195.3902241545032], [379.9460485890948, 194.83362415432651], [381.2182235766156, 185.7053841544348]]]}, "properties": {"id": 1164, "height_m": 3.0, "levels": 1, "category": "residencial", "extrude": true, "manzana_id": 56}}, {"type": "Feature", "geometry": {"type": "Polygon", "coordinates": [[[404.7045310402238, 131.2699041546368], [400.39870800535067, 130.49066415462676], [401.0837253063769, 126.37182415434765], [402.5516195226134, 117.68886415451817], [407.0531617865498, 118.46810415452822], [404.7045310402238, 131.2699041546368]]]}, "properties": {"id": 1165, "height_m": 3.0, "levels": 1, "category": "residencial", "extrude": true, "manzana_id": 56}}, {"type": "Feature", "geometry": {"type": "Polygon", "coordinates": [[[393.64639460961985, 51.45346415445502], [393.2549561518409, 54.01382415431854], [391.1020446342304, 53.67986415437073], [391.4934830920094, 51.11950415450721], [393.64639460961985, 51.45346415445502]]]}, "properties": {"id": 1166, "height_m": 3.0, "levels": 1, "category": "residencial", "extrude": true, "manzana_id": 58}}, {"type": "Feature", "geometry": {"type": "Polygon", "coordinates": [[[385.91548506926773, 56.35154415434869], [378.38029475832667, 55.23834415439083], [379.2610312880685, 49.33838415465374], [391.4934830920094, 51.11950415450721], [391.1020446342304, 53.67986415437073], [391.0041850196988, 54.01382415431854], [386.30692352704665, 53.345904154422925], [385.91548506926773, 56.35154415434869]]]}, "properties": {"id": 1167, "height_m": 3.0, "levels": 1, "category": "residencial", "extrude": true, "manzana_id": 58}}, {"type": "Feature", "geometry": {"type": "Polygon", "coordinates": [[[385.0347485395258, 50.22894415438273], [379.2610312880685, 49.33838415465374], [379.75032936037917, 46.221424154613544], [385.7197658405521, 47.22330415445697], [385.0347485395258, 50.22894415438273]]]}, "properties": {"id": 1168, "height_m": 6.0, "levels": 2, "category": "residencial", "extrude": true, "manzana_id": 58}}, {"type": "Feature", "geometry": {"type": "Polygon", "coordinates": [[[385.0347485395258, 50.22894415438273], [385.7197658405521, 47.22330415445697], [379.75032936037917, 46.221424154613544], [380.1417678181581, 43.327104154406726], [387.97053697234645, 44.551624154479015], [387.57909851491524, 47.3346241545714], [394.62499075389337, 48.44782415452926], [394.03783306705105, 51.56478415456945], [385.0347485395258, 50.22894415438273]]]}, "properties": {"id": 1169, "height_m": 6.0, "levels": 2, "category": "residencial", "extrude": true, "manzana_id": 58}}, {"type": "Feature", "geometry": {"type": "Polygon", "coordinates": [[[401.5730233783398, 46.666704154280296], [381.12036396243167, 43.54974415463559], [383.86043316653667, 24.62534415456105], [393.9399734528671, 25.849864154633337], [393.5485349950881, 28.52154415461129], [398.44151571645585, 29.30078415462134], [398.8329541742348, 26.517784154528954], [404.50881181116046, 27.18570415442457], [401.5730233783398, 46.666704154280296]]]}, "properties": {"id": 1170, "height_m": 15.0, "levels": 5, "category": "residencial", "extrude": true, "manzana_id": 58}}, {"type": "Feature", "geometry": {"type": "Polygon", "coordinates": [[[396.5821830424404, 4.476424154414218], [386.89408121388897, 3.140584154622985], [389.92772926124127, -18.566815845543942], [399.51797147526105, -16.897015845409413], [398.5393753309875, -10.55177584561008], [404.1173733537292, -10.329135845381217], [405.0959694980027, -15.895135845565989], [409.7932309906548, -15.11589584555594], [410.86968674946, -14.893255845722564], [407.73817908757604, 5.923584154319883], [401.18158492056085, 5.0330241545908905], [401.4751637638082, 2.917944154394121], [396.9736215002194, 2.0273841542696402], [396.5821830424404, 4.476424154414218]]]}, "properties": {"id": 1171, "height_m": 15.0, "levels": 5, "category": "residencial", "extrude": true, "manzana_id": 58}}, {"type": "Feature", "geometry": {"type": "Polygon", "coordinates": [[[393.9399734528671, 25.849864154633337], [383.86043316653667, 24.62534415456105], [386.89408121388897, 3.140584154622985], [396.5821830424404, 4.476424154414218], [396.19074458466145, 7.259424154506604], [400.79014646278193, 7.9273441544022205], [401.18158492056085, 5.0330241545908905], [407.73817908757604, 5.923584154319883], [404.50881181116046, 27.18570415442457], [398.8329541742348, 26.517784154528954], [399.3222522465454, 23.178184154259895], [394.33141191064607, 22.95554415442652], [393.9399734528671, 25.849864154633337]]]}, "properties": {"id": 1172, "height_m": 15.0, "levels": 5, "category": "residencial", "extrude": true, "manzana_id": 58}}, {"type": "Feature", "geometry": {"type": "Polygon", "coordinates": [[[396.09288497012983, -17.453615845586086], [388.0683965868781, -18.90077584549175], [388.3619754301254, -21.572455845469705], [396.4843234279088, -19.79133584561623], [396.09288497012983, -17.453615845586086]]]}, "properties": {"id": 1173, "height_m": 12.0, "levels": 4, "category": "residencial", "extrude": true, "manzana_id": 58}}, {"type": "Feature", "geometry": {"type": "Polygon", "coordinates": [[[401.76874260740317, -21.238495845521896], [401.18158492056085, -16.563055845461605], [396.09288497012983, -17.453615845586086], [396.4843234279088, -19.79133584561623], [396.8757618856877, -22.017735845531945], [401.76874260740317, -21.238495845521896]]]}, "properties": {"id": 1174, "height_m": 6.0, "levels": 2, "category": "residencial", "extrude": true, "manzana_id": 58}}, {"type": "Feature", "geometry": {"type": "Polygon", "coordinates": [[[396.4843234279088, -19.79133584561623], [388.3619754301254, -21.572455845469705], [389.04699273115165, -26.80449584570667], [402.25804067936605, -24.6894158455099], [401.76874260740317, -21.238495845521896], [396.8757618856877, -22.017735845531945], [396.4843234279088, -19.79133584561623]]]}, "properties": {"id": 1175, "height_m": 9.0, "levels": 3, "category": "residencial", "extrude": true, "manzana_id": 58}}, {"type": "Feature", "geometry": {"type": "Polygon", "coordinates": [[[398.5393753309875, -25.24601584568657], [389.04699273115165, -26.80449584570667], [390.0255888754252, -34.26293584546386], [395.99502535594587, -33.48369584545381], [397.26720034346664, -33.26105584562043], [396.8757618856877, -30.478055845528047], [396.4843234279088, -28.02901584538347], [398.8329541742348, -27.69505584543566], [398.5393753309875, -25.24601584568657]]]}, "properties": {"id": 1176, "height_m": 3.0, "levels": 1, "category": "residencial", "extrude": true, "manzana_id": 58}}, {"type": "Feature", "geometry": {"type": "Polygon", "coordinates": [[[402.9430579803923, -29.587495845403566], [396.8757618856877, -30.478055845528047], [397.26720034346664, -33.26105584562043], [403.2366368236396, -32.37049584549595], [402.9430579803923, -29.587495845403566]]]}, "properties": {"id": 1177, "height_m": 3.0, "levels": 1, "category": "residencial", "extrude": true, "manzana_id": 58}}, {"type": "Feature", "geometry": {"type": "Polygon", "coordinates": [[[392.37421962175125, -33.92897584551605], [390.31916771867253, -34.26293584546386], [391.98278116432004, -46.06285584572902], [397.75649841542963, -45.28361584571897], [397.0714811144034, -40.830815845492054], [395.4078676691036, -40.94213584560649], [395.2121484403879, -38.82705584540972], [395.0164292116723, -37.71385584545186], [392.96137730859357, -38.04781584539967], [392.37421962175125, -33.92897584551605]]]}, "properties": {"id": 1178, "height_m": 3.0, "levels": 1, "category": "residencial", "extrude": true, "manzana_id": 58}}, {"type": "Feature", "geometry": {"type": "Polygon", "coordinates": [[[396.77790227115605, -38.60441584557634], [395.2121484403879, -38.82705584540972], [395.4078676691036, -40.94213584560649], [397.0714811144034, -40.830815845492054], [396.77790227115605, -38.60441584557634]]]}, "properties": {"id": 1179, "height_m": 9.0, "levels": 3, "category": "residencial", "extrude": true, "manzana_id": 58}}, {"type": "Feature", "geometry": {"type": "Polygon", "coordinates": [[[399.90940993304, -32.927095845672625], [397.26720034346664, -33.26105584562043], [395.99502535594587, -33.48369584545381], [396.4843234279088, -36.82329584572287], [399.02867340329817, -36.37801584566063], [399.3222522465454, -38.27045584562853], [396.77790227115605, -38.60441584557634], [397.46291957218233, -43.83645584541782], [401.3773041496242, -43.27985584563663], [400.300848390819, -35.71009584536952], [399.90940993304, -32.927095845672625]]]}, "properties": {"id": 1180, "height_m": 6.0, "levels": 2, "category": "residencial", "extrude": true, "manzana_id": 58}}, {"type": "Feature", "geometry": {"type": "Polygon", "coordinates": [[[403.6280752814186, -35.26481584570277], [400.300848390819, -35.71009584536952], [401.3773041496242, -43.27985584563663], [401.5730233783398, -44.7270158455423], [404.90025026893943, -44.170415845365625], [403.6280752814186, -35.26481584570277]]]}, "properties": {"id": 1181, "height_m": 3.0, "levels": 1, "category": "residencial", "extrude": true, "manzana_id": 58}}, {"type": "Feature", "geometry": {"type": "Polygon", "coordinates": [[[401.3773041496242, -43.27985584563663], [397.46291957218233, -43.83645584541782], [397.75649841542963, -45.28361584571897], [401.5730233783398, -44.7270158455423], [401.3773041496242, -43.27985584563663]]]}, "properties": {"id": 1182, "height_m": 3.0, "levels": 1, "category": "residencial", "extrude": true, "manzana_id": 58}}, {"type": "Feature", "geometry": {"type": "Polygon", "coordinates": [[[412.8268790380071, -36.37801584566063], [404.0195137391975, -37.71385584545186], [404.90025026893943, -44.170415845365625], [413.80547518228065, -42.945895845688824], [412.8268790380071, -36.37801584566063]]]}, "properties": {"id": 1183, "height_m": 3.0, "levels": 1, "category": "residencial", "extrude": true, "manzana_id": 58}}, {"type": "Feature", "geometry": {"type": "Polygon", "coordinates": [[[415.1755097843332, -31.257295845538096], [415.95838669989104, -36.37801584566063], [412.9247386525388, -36.82329584572287], [413.80547518228065, -42.945895845688824], [421.927823180064, -41.83269584573097], [420.2642097347642, -30.478055845528047], [415.1755097843332, -31.257295845538096]]]}, "properties": {"id": 1184, "height_m": 3.0, "levels": 1, "category": "residencial", "extrude": true, "manzana_id": 58}}, {"type": "Feature", "geometry": {"type": "Polygon", "coordinates": [[[415.1755097843332, -31.257295845538096], [412.14186173698084, -31.702575845600336], [412.9247386525388, -36.82329584572287], [415.95838669989104, -36.37801584566063], [415.1755097843332, -31.257295845538096]]]}, "properties": {"id": 1185, "height_m": 3.0, "levels": 1, "category": "residencial", "extrude": true, "manzana_id": 58}}, {"type": "Feature", "geometry": {"type": "Polygon", "coordinates": [[[413.5118963390334, -22.574335845708617], [413.1204578812544, -19.123415845720615], [410.3803886771494, -19.457375845668423], [410.86968674946, -22.908295845656426], [413.5118963390334, -22.574335845708617]]]}, "properties": {"id": 1186, "height_m": 3.0, "levels": 1, "category": "residencial", "extrude": true, "manzana_id": 58}}, {"type": "Feature", "geometry": {"type": "Polygon", "coordinates": [[[425.157190456132, -29.921455845351375], [423.19999816758485, -30.25541584569467], [423.5914366253638, -32.81577584555819], [425.54862891391093, -32.59313584572482], [425.157190456132, -29.921455845351375]]]}, "properties": {"id": 1187, "height_m": 9.0, "levels": 3, "category": "residencial", "extrude": true, "manzana_id": 58}}, {"type": "Feature", "geometry": {"type": "Polygon", "coordinates": [[[422.319261637843, -30.366735845413615], [420.36206934929584, -30.58937584564248], [421.927823180064, -41.83269584573097], [430.0501711778474, -40.71949584537762], [428.28869811801593, -29.476175845684622], [425.157190456132, -29.921455845351375], [425.54862891391093, -32.59313584572482], [423.5914366253638, -32.81577584555819], [423.19999816758485, -30.25541584569467], [422.319261637843, -30.366735845413615]]]}, "properties": {"id": 1188, "height_m": 6.0, "levels": 2, "category": "residencial", "extrude": true, "manzana_id": 58}}, {"type": "Feature", "geometry": {"type": "Polygon", "coordinates": [[[422.319261637843, -30.366735845413615], [421.8299635655324, -26.359215845644428], [419.77491166245363, -26.693175845592236], [420.36206934929584, -30.58937584564248], [422.319261637843, -30.366735845413615]]]}, "properties": {"id": 1189, "height_m": 3.0, "levels": 1, "category": "residencial", "extrude": true, "manzana_id": 58}}, {"type": "Feature", "geometry": {"type": "Polygon", "coordinates": [[[430.93090770758926, -23.242255845604234], [432.49666153870504, -33.92897584551605], [429.0715750335738, -34.37425584557829], [430.0501711778474, -40.71949584537762], [437.7810807178518, -39.606295845419766], [436.8024845735782, -32.481815845610384], [436.01960765802033, -27.361095845487853], [435.33459035699406, -22.574335845708617], [430.93090770758926, -23.242255845604234]]]}, "properties": {"id": 1190, "height_m": 3.0, "levels": 1, "category": "residencial", "extrude": true, "manzana_id": 58}}, {"type": "Feature", "geometry": {"type": "Polygon", "coordinates": [[[439.3468345486199, -32.147855845662576], [436.8024845735782, -32.481815845610384], [437.38964226007283, -37.045935845556244], [440.12971146417783, -36.711975845608436], [439.3468345486199, -32.147855845662576]]]}, "properties": {"id": 1191, "height_m": 12.0, "levels": 4, "category": "residencial", "extrude": true, "manzana_id": 58}}, {"type": "Feature", "geometry": {"type": "Polygon", "coordinates": [[[449.817813293077, -37.936495845680724], [452.36216326811865, -37.602535845732916], [453.43861902692385, -35.71009584536952], [452.655742111366, -30.25541584569467], [448.83921714845576, -30.812015845475855], [449.817813293077, -37.936495845680724]]]}, "properties": {"id": 1192, "height_m": 9.0, "levels": 3, "category": "residencial", "extrude": true, "manzana_id": 58}}, {"type": "Feature", "geometry": {"type": "Polygon", "coordinates": [[[448.83921714845576, -30.812015845475855], [444.82697295682993, -31.368615845652528], [445.21841141460885, -33.92897584551605], [445.90342871563513, -38.49309584546191], [449.817813293077, -37.936495845680724], [448.83921714845576, -30.812015845475855]]]}, "properties": {"id": 1193, "height_m": 12.0, "levels": 4, "category": "residencial", "extrude": true, "manzana_id": 58}}, {"type": "Feature", "geometry": {"type": "Polygon", "coordinates": [[[439.3468345486199, -32.147855845662576], [440.12971146417783, -36.711975845608436], [437.38964226007283, -37.045935845556244], [437.7810807178518, -39.606295845419766], [445.90342871563513, -38.49309584546191], [445.21841141460885, -33.92897584551605], [443.16335951153013, -34.151615845349426], [442.77192105375116, -31.591255845485904], [439.3468345486199, -32.147855845662576]]]}, "properties": {"id": 1194, "height_m": 9.0, "levels": 3, "category": "residencial", "extrude": true, "manzana_id": 58}}, {"type": "Feature", "geometry": {"type": "Polygon", "coordinates": [[[442.3804825959722, -29.142215845736814], [440.12971146417783, -29.476175845684622], [440.5211499219568, -31.925215845433712], [442.77192105375116, -31.591255845485904], [442.3804825959722, -29.142215845736814]]]}, "properties": {"id": 1195, "height_m": 9.0, "levels": 3, "category": "residencial", "extrude": true, "manzana_id": 58}}, {"type": "Feature", "geometry": {"type": "Polygon", "coordinates": [[[442.77192105375116, -31.591255845485904], [452.655742111366, -30.25541584569467], [451.872865195808, -25.023375845457707], [441.9890441385409, -26.470535845363372], [442.3804825959722, -29.142215845736814], [442.77192105375116, -31.591255845485904]]]}, "properties": {"id": 1196, "height_m": 6.0, "levels": 2, "category": "restauracion", "extrude": true, "manzana_id": 58}}, {"type": "Feature", "geometry": {"type": "Polygon", "coordinates": [[[442.86978066828283, -21.34981584563633], [439.05325570537264, -21.906415845417513], [439.3468345486199, -24.021495845614282], [443.16335951153013, -23.353575845718666], [442.86978066828283, -21.34981584563633]]]}, "properties": {"id": 1197, "height_m": 9.0, "levels": 3, "category": "restauracion", "extrude": true, "manzana_id": 58}}, {"type": "Feature", "geometry": {"type": "Polygon", "coordinates": [[[442.86978066828283, -21.34981584563633], [443.16335951153013, -23.353575845718666], [439.3468345486199, -24.021495845614282], [439.73827300639886, -26.80449584570667], [441.6954652952936, -26.470535845363372], [441.40188645169866, -24.912055845738763], [444.53339411358263, -24.35545584556209], [444.7291133426459, -26.02525584569662], [451.872865195808, -25.023375845457707], [451.1878478947817, -20.013975845449608], [442.86978066828283, -21.34981584563633]]]}, "properties": {"id": 1198, "height_m": 6.0, "levels": 2, "category": "restauracion", "extrude": true, "manzana_id": 58}}, {"type": "Feature", "geometry": {"type": "Polygon", "coordinates": [[[439.9339922354622, -16.229095845513797], [433.8666961407576, -17.119655845638277], [434.4538538272522, -20.347935845397416], [436.117467272552, -20.013975845449608], [436.6067653448626, -22.351695845479753], [451.1878478947817, -20.013975845449608], [450.30711136503993, -14.559295845379268], [443.3590787405934, -15.672495845732612], [443.7505171980247, -17.453615845586086], [440.3254306932411, -18.121535845481702], [439.9339922354622, -16.229095845513797]]]}, "properties": {"id": 1199, "height_m": 3.0, "levels": 1, "category": "restauracion", "extrude": true, "manzana_id": 58}}, {"type": "Feature", "geometry": {"type": "Polygon", "coordinates": [[[439.5425537776832, -14.114015845712515], [435.82388842930465, -14.781935845608132], [436.31318650126764, -16.78569584569047], [439.9339922354622, -16.229095845513797], [439.5425537776832, -14.114015845712515]]]}, "properties": {"id": 1200, "height_m": 6.0, "levels": 2, "category": "restauracion", "extrude": true, "manzana_id": 58}}, {"type": "Feature", "geometry": {"type": "Polygon", "coordinates": [[[435.1388711282784, -11.33101584562013], [435.5303095860574, -13.780055845369219], [434.64957305596783, -13.891375845483651], [435.0410115137468, -16.897015845409413], [436.31318650126764, -16.78569584569047], [435.82388842930465, -14.781935845608132], [439.5425537776832, -14.114015845712515], [442.96764028281444, -13.557415845535843], [443.3590787405934, -15.672495845732612], [450.30711136503993, -14.559295845379268], [449.524234449482, -9.21593584542336], [435.1388711282784, -11.33101584562013]]]}, "properties": {"id": 1201, "height_m": 3.0, "levels": 1, "category": "restauracion", "extrude": true, "manzana_id": 58}}, {"type": "Feature", "geometry": {"type": "Polygon", "coordinates": [[[438.857536476657, -10.774415845443457], [449.524234449482, -9.21593584542336], [448.3499190764928, -1.8688158453851145], [430.34375002109465, -5.097095845539741], [431.1266269366526, -10.217815845662273], [434.4538538272522, -9.772535845600032], [433.8666961407576, -5.876335845549789], [438.07465956109905, -5.208415845654173], [438.857536476657, -10.774415845443457]]]}, "properties": {"id": 1202, "height_m": 6.0, "levels": 2, "category": "restauracion", "extrude": true, "manzana_id": 58}}, {"type": "Feature", "geometry": {"type": "Polygon", "coordinates": [[[420.36206934929584, -0.31033584536501735], [414.099054025528, -1.4235358457183622], [415.07765016980153, -7.880095845632127], [421.6342443368167, -6.655575845559838], [420.36206934929584, -0.31033584536501735]]]}, "properties": {"id": 1203, "height_m": 3.0, "levels": 1, "category": "residencial", "extrude": true, "manzana_id": 58}}, {"type": "Feature", "geometry": {"type": "Polygon", "coordinates": [[[434.2581345985365, -4.429175845644124], [448.3499190764928, -1.8688158453851145], [447.37132293221924, 4.253784154580842], [433.27953845391534, 1.9160641545506962], [434.2581345985365, -4.429175845644124]]]}, "properties": {"id": 1204, "height_m": 6.0, "levels": 2, "category": "restauracion", "extrude": true, "manzana_id": 58}}, {"type": "Feature", "geometry": {"type": "Polygon", "coordinates": [[[433.27953845391534, 1.9160641545506962], [426.6250846727161, 0.6915441544784073], [427.50582120245804, -5.653695845716413], [434.2581345985365, -4.429175845644124], [433.27953845391534, 1.9160641545506962]]]}, "properties": {"id": 1205, "height_m": 9.0, "levels": 3, "category": "residencial", "extrude": true, "manzana_id": 58}}, {"type": "Feature", "geometry": {"type": "Polygon", "coordinates": [[[431.61592500861553, 8.149984154631085], [426.1357866007532, 7.370744154621036], [427.21224235921073, 0.8028641545928394], [435.62816920024136, 2.2500241544985045], [435.1388711282784, 5.255664154424267], [434.8452922850311, 5.1443441543098345], [434.64957305596783, 6.4801841544965555], [431.90950385186284, 6.146224154548747], [431.61592500861553, 8.149984154631085]]]}, "properties": {"id": 1206, "height_m": 12.0, "levels": 4, "category": "residencial", "extrude": true, "manzana_id": 58}}, {"type": "Feature", "geometry": {"type": "Polygon", "coordinates": [[[439.73827300639886, 9.485824154422318], [440.03185184964616, 7.593384154454412], [437.8789403323834, 7.259424154506604], [438.07465956109905, 5.700944154486507], [438.46609801887803, 2.806624154279689], [447.37132293221924, 4.253784154580842], [446.29486717341405, 10.487704154265742], [439.73827300639886, 9.485824154422318]]]}, "properties": {"id": 1207, "height_m": 12.0, "levels": 4, "category": "restauracion", "extrude": true, "manzana_id": 58}}, {"type": "Feature", "geometry": {"type": "Polygon", "coordinates": [[[438.07465956109905, 5.700944154486507], [435.1388711282784, 5.255664154424267], [435.62816920024136, 2.2500241544985045], [438.46609801887803, 2.806624154279689], [438.07465956109905, 5.700944154486507]]]}, "properties": {"id": 1208, "height_m": 3.0, "levels": 1, "category": "restauracion", "extrude": true, "manzana_id": 58}}, {"type": "Feature", "geometry": {"type": "Polygon", "coordinates": [[[439.73827300639886, 9.485824154422318], [431.61592500861553, 8.149984154631085], [431.90950385186284, 6.146224154548747], [434.64957305596783, 6.4801841544965555], [434.8452922850311, 5.1443441543098345], [435.1388711282784, 5.255664154424267], [438.07465956109905, 5.700944154486507], [437.8789403323834, 7.259424154506604], [440.03185184964616, 7.593384154454412], [439.73827300639886, 9.485824154422318]]]}, "properties": {"id": 1209, "height_m": 15.0, "levels": 5, "category": "restauracion", "extrude": true, "manzana_id": 58}}, {"type": "Feature", "geometry": {"type": "Polygon", "coordinates": [[[425.35290968519524, 7.259424154506604], [446.29486717341405, 10.487704154265742], [442.5762018250355, 33.30830415439053], [421.6342443368167, 29.968704154516956], [425.35290968519524, 7.259424154506604]]]}, "properties": {"id": 1210, "height_m": 12.0, "levels": 4, "category": "residencial", "extrude": true, "manzana_id": 58}}, {"type": "Feature", "geometry": {"type": "Polygon", "coordinates": [[[437.68322110332014, 17.834824154303988], [431.61592500861553, 16.944264154574995], [432.2030826954578, 12.380144154629136], [438.2703787901624, 13.159384154639184], [437.68322110332014, 17.834824154303988]]]}, "properties": {"id": 1211, "height_m": 3.0, "levels": 1, "category": "residencial", "extrude": true, "manzana_id": 58}}, {"type": "Feature", "geometry": {"type": "Polygon", "coordinates": [[[436.8024845735782, 24.068744154384376], [430.83304809340524, 23.178184154259895], [431.61592500861553, 16.944264154574995], [437.68322110332014, 17.834824154303988], [436.8024845735782, 24.068744154384376]]]}, "properties": {"id": 1212, "height_m": 3.0, "levels": 1, "category": "residencial", "extrude": true, "manzana_id": 58}}, {"type": "Feature", "geometry": {"type": "Polygon", "coordinates": [[[436.8024845735782, 24.068744154384376], [436.2153268870836, 28.966824154278044], [430.148030792379, 27.96494415443462], [430.83304809340524, 23.178184154259895], [436.8024845735782, 24.068744154384376]]]}, "properties": {"id": 1213, "height_m": 3.0, "levels": 1, "category": "residencial", "extrude": true, "manzana_id": 58}}, {"type": "Feature", "geometry": {"type": "Polygon", "coordinates": [[[426.42936544400044, 48.11386415458145], [418.79631551818005, 46.77802415439473], [421.6342443368167, 29.968704154516956], [442.5762018250355, 33.30830415439053], [439.8361326209305, 50.34026415449716], [432.3988019241734, 49.115744154424874], [432.59452115288906, 48.22518415430039], [426.6250846727161, 47.11198415434254], [426.42936544400044, 48.11386415458145]]]}, "properties": {"id": 1214, "height_m": 12.0, "levels": 4, "category": "residencial", "extrude": true, "manzana_id": 58}}, {"type": "Feature", "geometry": {"type": "Polygon", "coordinates": [[[428.28869811801593, 39.76486415430429], [427.897259660237, 39.76486415430429], [428.7779961903265, 34.866784154410624], [434.64957305596783, 35.86866415464954], [433.67097691169425, 40.65542415442877], [432.888099996484, 40.54410415431434], [428.28869811801593, 39.76486415430429]]]}, "properties": {"id": 1215, "height_m": 3.0, "levels": 1, "category": "residencial", "extrude": true, "manzana_id": 58}}, {"type": "Feature", "geometry": {"type": "Polygon", "coordinates": [[[432.888099996484, 40.54410415431434], [432.00736346639445, 44.77426415431239], [427.50582120245804, 43.99502415430234], [428.28869811801593, 39.76486415430429], [432.888099996484, 40.54410415431434]]]}, "properties": {"id": 1216, "height_m": 15.0, "levels": 5, "category": "residencial", "extrude": true, "manzana_id": 58}}, {"type": "Feature", "geometry": {"type": "Polygon", "coordinates": [[[432.3988019241734, 49.115744154424874], [426.42936544400044, 48.11386415458145], [426.6250846727161, 47.11198415434254], [432.59452115288906, 48.22518415430039], [432.3988019241734, 49.115744154424874]]]}, "properties": {"id": 1217, "height_m": 3.0, "levels": 1, "category": "residencial", "extrude": true, "manzana_id": 58}}, {"type": "Feature", "geometry": {"type": "Polygon", "coordinates": [[[427.01652313049505, 56.35154415434869], [426.0379269862215, 56.24022415462974], [426.3315058294688, 54.125144154432974], [427.3101019737424, 54.34778415426635], [427.01652313049505, 56.35154415434869]]]}, "properties": {"id": 1218, "height_m": 6.0, "levels": 2, "category": "residencial", "extrude": true, "manzana_id": 58}}, {"type": "Feature", "geometry": {"type": "Polygon", "coordinates": [[[426.0379269862215, 56.24022415462974], [419.87277127698525, 55.23834415439083], [420.7535078067272, 49.44970415437268], [439.5425537776832, 52.23270415446507], [438.56395763340964, 58.13266415459765], [430.0501711778474, 56.79682415441093], [430.34375002109465, 54.34778415426635], [427.3101019737424, 54.01382415431854], [427.3101019737424, 54.34778415426635], [426.3315058294688, 54.125144154432974], [426.0379269862215, 56.24022415462974]]]}, "properties": {"id": 1219, "height_m": 3.0, "levels": 1, "category": "residencial", "extrude": true, "manzana_id": 58}}, {"type": "Feature", "geometry": {"type": "Polygon", "coordinates": [[[413.70761556774903, 48.44782415452926], [413.4140367245017, 50.67422415444497], [406.66172332877085, 49.78366415432049], [407.0531617865498, 47.55726415440478], [411.4568444359546, 48.11386415458145], [413.70761556774903, 48.44782415452926]]]}, "properties": {"id": 1220, "height_m": 3.0, "levels": 1, "category": "residencial", "extrude": true, "manzana_id": 58}}, {"type": "Feature", "geometry": {"type": "Polygon", "coordinates": [[[430.0501711778474, 56.79682415441093], [438.56395763340964, 58.13266415459765], [437.5853614891361, 63.9213041546158], [420.5577885780115, 61.36094415435679], [421.2428058790378, 55.460984154619695], [426.0379269862215, 56.24022415462974], [425.94006737168985, 57.01946415463979], [426.91866351596343, 57.01946415463979], [426.8208039017794, 57.576064154420976], [429.8544519491317, 58.02134415448322], [430.0501711778474, 56.79682415441093]]]}, "properties": {"id": 1221, "height_m": 3.0, "levels": 1, "category": "residencial", "extrude": true, "manzana_id": 58}}, {"type": "Feature", "geometry": {"type": "Polygon", "coordinates": [[[420.06849050570094, 67.3722241546038], [419.6770520482696, 67.26090415448937], [414.7840713265542, 66.37034415436489], [415.1755097843332, 63.9213041546158], [418.5027366749328, 64.47790415439698], [418.9920347472434, 61.13830415452341], [426.1357866007532, 62.25150415448127], [425.94006737168985, 64.03262415433474], [420.6556481925432, 63.25338415432469], [420.06849050570094, 67.3722241546038]]]}, "properties": {"id": 1223, "height_m": 3.0, "levels": 1, "category": "residencial", "extrude": true, "manzana_id": 58}}, {"type": "Feature", "geometry": {"type": "Polygon", "coordinates": [[[432.49666153870504, 63.14206415460575], [437.5853614891361, 63.9213041546158], [436.6067653448626, 70.26654415441513], [431.5180653944315, 69.37598415429065], [432.49666153870504, 63.14206415460575]]]}, "properties": {"id": 1224, "height_m": 3.0, "levels": 1, "category": "residencial", "extrude": true, "manzana_id": 58}}, {"type": "Feature", "geometry": {"type": "Polygon", "coordinates": [[[431.5180653944315, 69.37598415429065], [420.06849050570094, 67.3722241546038], [420.6556481925432, 63.25338415432469], [425.94006737168985, 64.03262415433474], [425.84220775715823, 65.03450415457365], [428.9737154190422, 65.4797841546359], [429.3651538768211, 62.69678415454351], [432.49666153870504, 63.14206415460575], [431.5180653944315, 69.37598415429065]]]}, "properties": {"id": 1225, "height_m": 6.0, "levels": 2, "category": "residencial", "extrude": true, "manzana_id": 58}}, {"type": "Feature", "geometry": {"type": "Polygon", "coordinates": [[[423.3957173966482, 76.94574415455776], [424.17859431185843, 71.7137041543208], [419.0898943614274, 70.93446415431075], [419.6770520482696, 67.26090415448937], [436.6067653448626, 70.26654415441513], [435.1388711282784, 78.9495041546401], [425.84220775715823, 77.39102415462], [423.3957173966482, 76.94574415455776]]]}, "properties": {"id": 1226, "height_m": 3.0, "levels": 1, "category": "residencial", "extrude": true, "manzana_id": 58}}, {"type": "Feature", "geometry": {"type": "Polygon", "coordinates": [[[427.50582120245804, 84.73814415426276], [424.86361161288465, 84.292864154596], [425.35290968519524, 80.841944154608], [428.19083850348426, 81.28722415427475], [427.50582120245804, 84.73814415426276]]]}, "properties": {"id": 1227, "height_m": 9.0, "levels": 3, "category": "residencial", "extrude": true, "manzana_id": 58}}, {"type": "Feature", "geometry": {"type": "Polygon", "coordinates": [[[427.50582120245804, 84.73814415426276], [428.19083850348426, 81.28722415427475], [425.35290968519524, 80.841944154608], [425.54862891391093, 79.50610415442128], [428.28869811801593, 79.95138415448352], [428.7779961903265, 77.83630415428675], [435.1388711282784, 78.9495041546401], [434.06241536947323, 85.62870415438724], [427.50582120245804, 84.73814415426276]]]}, "properties": {"id": 1228, "height_m": 6.0, "levels": 2, "category": "residencial", "extrude": true, "manzana_id": 58}}, {"type": "Feature", "geometry": {"type": "Polygon", "coordinates": [[[429.4630134913528, 84.96078415449162], [434.06241536947323, 85.62870415438724], [433.27953845391534, 90.41546415456196], [430.83304809340524, 91.86262415446762], [423.9828750831428, 90.8607441546242], [424.47217315510574, 87.0758641542929], [427.01652313049505, 87.52114415435514], [429.0715750335738, 87.85510415430295], [429.4630134913528, 84.96078415449162]]]}, "properties": {"id": 1229, "height_m": 6.0, "levels": 2, "category": "residencial", "extrude": true, "manzana_id": 58}}, {"type": "Feature", "geometry": {"type": "Polygon", "coordinates": [[[427.01652313049505, 87.52114415435514], [424.47217315510574, 87.0758641542929], [424.86361161288465, 84.292864154596], [427.50582120245804, 84.73814415426276], [427.01652313049505, 87.52114415435514]]]}, "properties": {"id": 1230, "height_m": 9.0, "levels": 3, "category": "residencial", "extrude": true, "manzana_id": 58}}, {"type": "Feature", "geometry": {"type": "Polygon", "coordinates": [[[425.25505007066363, 81.732504154337], [424.86361161288465, 84.292864154596], [423.9828750831428, 90.8607441546242], [416.54554438638564, 89.74754415427086], [416.3498251573224, 89.63622415455191], [417.71985975937486, 80.61930415437914], [421.7321039513484, 81.28722415427475], [421.43852510775343, 83.06834415452371], [423.19999816758485, 83.29098415435709], [423.4935770108322, 81.50986415450362], [425.25505007066363, 81.732504154337]]]}, "properties": {"id": 1231, "height_m": 3.0, "levels": 1, "category": "residencial", "extrude": true, "manzana_id": 58}}, {"type": "Feature", "geometry": {"type": "Polygon", "coordinates": [[[417.71985975937486, 80.1740241543169], [416.3498251573224, 89.63622415455191], [408.618915617318, 88.52302415459405], [409.1082136896286, 84.96078415449162], [409.7932309906548, 79.2834641545879], [413.31617710997006, 79.72874415465014], [417.71985975937486, 80.1740241543169]]]}, "properties": {"id": 1232, "height_m": 6.0, "levels": 2, "category": "residencial", "extrude": true, "manzana_id": 58}}, {"type": "Feature", "geometry": {"type": "Polygon", "coordinates": [[[417.71985975937486, 80.1740241543169], [413.31617710997006, 79.72874415465014], [414.00119441099633, 74.94198415447542], [418.40487706040113, 75.60990415437104], [418.3070174462171, 76.16650415454771], [417.71985975937486, 80.1740241543169]]]}, "properties": {"id": 1233, "height_m": 3.0, "levels": 1, "category": "residencial", "extrude": true, "manzana_id": 58}}, {"type": "Feature", "geometry": {"type": "Polygon", "coordinates": [[[413.31617710997006, 79.72874415465014], [409.7932309906548, 79.2834641545879], [410.1846694484338, 76.50046415449552], [410.47824829168104, 74.38538415429875], [414.00119441099633, 74.94198415447542], [413.31617710997006, 79.72874415465014]]]}, "properties": {"id": 1234, "height_m": 9.0, "levels": 3, "category": "residencial", "extrude": true, "manzana_id": 58}}, {"type": "Feature", "geometry": {"type": "Polygon", "coordinates": [[[406.27028487099193, 88.18906415464625], [400.9858656918452, 87.4098241546362], [402.7473387516767, 75.38726415453766], [410.1846694484338, 76.50046415449552], [409.98895021937045, 77.94762415440118], [407.8360387021077, 77.61366415445337], [406.7595829433025, 84.62682415454381], [406.27028487099193, 88.18906415464625]]]}, "properties": {"id": 1235, "height_m": 6.0, "levels": 2, "category": "residencial", "extrude": true, "manzana_id": 58}}, {"type": "Feature", "geometry": {"type": "Polygon", "coordinates": [[[406.7595829433025, 84.62682415454381], [409.1082136896286, 84.96078415449162], [408.618915617318, 88.52302415459405], [406.27028487099193, 88.18906415464625], [406.7595829433025, 84.62682415454381]]]}, "properties": {"id": 1236, "height_m": 9.0, "levels": 3, "category": "residencial", "extrude": true, "manzana_id": 58}}, {"type": "Feature", "geometry": {"type": "Polygon", "coordinates": [[[391.4934830920094, 85.96266415433504], [393.7442542238038, 70.71182415447737], [393.5485349950881, 70.60050415436294], [394.1356926815827, 67.14958415437493], [376.3252428552479, 64.47790415439698], [377.69527745730045, 55.1270241542764], [378.38029475832667, 55.23834415439083], [395.31000805491965, 57.68738415453541], [395.11428882585625, 59.02322415432664], [392.080640778504, 58.5779441542644], [391.59134270654107, 61.694904154304595], [394.62499075389337, 62.140184154366835], [394.72285036807733, 61.694904154304595], [397.75649841542963, 62.140184154366835], [398.3436561022719, 58.13266415459765], [401.5730233783398, 58.68926415437883], [400.2029887762873, 67.70618415455161], [399.2243926320138, 67.48354415432274], [398.8329541742348, 70.60050415436294], [401.86660222158713, 71.04578415442518], [402.3559002938977, 67.92882415438498], [403.92165412466585, 68.26278415433279], [401.67088299287144, 82.51174415434704], [396.9736215002194, 81.732504154337], [396.2886041991932, 86.7419041543451], [391.78706193525665, 86.07398415444948], [391.4934830920094, 85.96266415433504]]]}, "properties": {"id": 1237, "height_m": 12.0, "levels": 4, "category": "residencial", "extrude": true, "manzana_id": null}}, {"type": "Feature", "geometry": {"type": "Polygon", "coordinates": [[[402.3559002938977, 67.92882415438498], [400.2029887762873, 67.70618415455161], [401.5730233783398, 58.68926415437883], [405.2916887267184, 59.13454415444107], [404.41095219697644, 64.58922415451141], [403.92165412466585, 68.26278415433279], [402.3559002938977, 67.92882415438498]]]}, "properties": {"id": 1238, "height_m": 15.0, "levels": 5, "category": "residencial", "extrude": true, "manzana_id": 58}}, {"type": "Feature", "geometry": {"type": "Polygon", "coordinates": [[[402.3559002938977, 67.92882415438498], [401.86660222158713, 71.04578415442518], [398.8329541742348, 70.60050415436294], [399.2243926320138, 67.48354415432274], [400.2029887762873, 67.70618415455161], [402.3559002938977, 67.92882415438498]]]}, "properties": {"id": 1239, "height_m": 3.0, "levels": 1, "category": "residencial", "extrude": true, "manzana_id": 58}}, {"type": "Feature", "geometry": {"type": "Polygon", "coordinates": [[[401.67088299287144, 82.51174415434704], [400.9858656918452, 87.4098241546362], [396.2886041991932, 86.7419041543451], [396.9736215002194, 81.732504154337], [401.67088299287144, 82.51174415434704]]]}, "properties": {"id": 1240, "height_m": 9.0, "levels": 3, "category": "residencial", "extrude": true, "manzana_id": 58}}, {"type": "Feature", "geometry": {"type": "Polygon", "coordinates": [[[398.3436561022719, 58.13266415459765], [397.75649841542963, 62.140184154366835], [394.72285036807733, 61.694904154304595], [395.11428882585625, 59.02322415432664], [395.31000805491965, 57.68738415453541], [398.3436561022719, 58.13266415459765]]]}, "properties": {"id": 1241, "height_m": 15.0, "levels": 5, "category": "residencial", "extrude": true, "manzana_id": 58}}, {"type": "Feature", "geometry": {"type": "Polygon", "coordinates": [[[394.72285036807733, 61.694904154304595], [394.62499075389337, 62.140184154366835], [391.59134270654107, 61.694904154304595], [392.080640778504, 58.5779441542644], [395.11428882585625, 59.02322415432664], [394.72285036807733, 61.694904154304595]]]}, "properties": {"id": 1242, "height_m": 3.0, "levels": 1, "category": "residencial", "extrude": true, "manzana_id": 58}}, {"type": "Feature", "geometry": {"type": "Polygon", "coordinates": [[[324.26392797794824, 66.14770415453151], [318.1966318832437, 65.25714415440703], [318.8816491842699, 60.35906415451336], [324.85108566444285, 61.24962415463784], [324.26392797794824, 66.14770415453151]]]}, "properties": {"id": 1243, "height_m": 3.0, "levels": 1, "category": "residencial", "extrude": true, "manzana_id": 51}}, {"type": "Feature", "geometry": {"type": "Polygon", "coordinates": [[[323.4810510623903, 43.10446415457335], [321.6217183883749, 42.77050415462554], [322.8938933758957, 34.64414415457725], [324.7532260499112, 34.866784154410624], [324.36178759213226, 37.427144154274146], [329.93978561487387, 38.317704154398626], [330.33122407265284, 35.757344154535105], [340.9979220454779, 37.53846415438858], [340.31290474445166, 41.10070415449101], [343.64013163505126, 41.54598415455325], [343.4444124063356, 43.10446415457335], [343.05297394855666, 46.33274415433249], [335.41992402308387, 45.1082241542602], [335.90922209504686, 41.76862415438663], [330.91838175914745, 40.87806415426215], [330.6248029159001, 41.99126415461549], [323.77462990563765, 40.87806415426215], [323.4810510623903, 43.10446415457335]]]}, "properties": {"id": 1244, "height_m": 6.0, "levels": 2, "category": "residencial", "extrude": true, "manzana_id": 51}}, {"type": "Feature", "geometry": {"type": "Polygon", "coordinates": [[[343.64013163505126, 41.54598415455325], [340.31290474445166, 41.10070415449101], [340.9979220454779, 37.53846415438858], [344.12942970736185, 37.98374415445082], [344.12942970736185, 38.317704154398626], [343.64013163505126, 41.54598415455325]]]}, "properties": {"id": 1245, "height_m": 3.0, "levels": 1, "category": "residencial", "extrude": true, "manzana_id": 51}}, {"type": "Feature", "geometry": {"type": "Polygon", "coordinates": [[[335.41992402308387, 45.1082241542602], [330.33122407265284, 44.21766415453121], [330.6248029159001, 41.99126415461549], [330.91838175914745, 40.87806415426215], [335.90922209504686, 41.76862415438663], [335.41992402308387, 45.1082241542602]]]}, "properties": {"id": 1246, "height_m": 3.0, "levels": 1, "category": "residencial", "extrude": true, "manzana_id": 51}}, {"type": "Feature", "geometry": {"type": "Polygon", "coordinates": [[[330.33122407265284, 35.757344154535105], [329.93978561487387, 38.317704154398626], [324.36178759213226, 37.427144154274146], [324.7532260499112, 34.866784154410624], [330.33122407265284, 35.757344154535105]]]}, "properties": {"id": 1247, "height_m": 9.0, "levels": 3, "category": "residencial", "extrude": true, "manzana_id": 51}}, {"type": "Feature", "geometry": {"type": "Polygon", "coordinates": [[[330.33122407265284, 44.21766415453121], [323.4810510623903, 43.10446415457335], [323.77462990563765, 40.87806415426215], [330.6248029159001, 41.99126415461549], [330.33122407265284, 44.21766415453121]]]}, "properties": {"id": 1248, "height_m": 9.0, "levels": 3, "category": "residencial", "extrude": true, "manzana_id": 51}}, {"type": "Feature", "geometry": {"type": "Polygon", "coordinates": [[[340.9979220454779, 37.53846415438858], [322.8938933758957, 34.64414415457725], [323.676770291106, 29.968704154516956], [324.85108566444285, 30.191344154350332], [324.6553664357272, 31.972464154599294], [328.66761062735304, 32.64038415449491], [328.9611894706003, 30.859264154641437], [341.78079896103577, 32.75170415460934], [340.9979220454779, 37.53846415438858]]]}, "properties": {"id": 1249, "height_m": 3.0, "levels": 1, "category": "residencial", "extrude": true, "manzana_id": 51}}, {"type": "Feature", "geometry": {"type": "Polygon", "coordinates": [[[328.9611894706003, 30.859264154641437], [323.676770291106, 29.968704154516956], [324.4596472066639, 24.959304154508857], [340.21504513026764, 27.408344154653435], [340.0193259012043, 28.966824154278044], [336.98567785385205, 28.41022415449686], [336.39852016735745, 31.972464154599294], [331.30982021692637, 31.193224154589245], [331.7991182888893, 27.96494415443462], [329.4504875425633, 27.51966415437238], [328.9611894706003, 30.859264154641437]]]}, "properties": {"id": 1250, "height_m": 3.0, "levels": 1, "category": "residencial", "extrude": true, "manzana_id": 51}}, {"type": "Feature", "geometry": {"type": "Polygon", "coordinates": [[[340.21504513026764, 27.408344154653435], [340.5086239735149, 27.51966415437238], [342.56367587659366, 27.742304154601243], [345.4016046948827, 28.187584154267995], [344.71658739385646, 33.196984154276095], [339.4321682147097, 32.417744154266046], [340.0193259012043, 28.966824154278044], [340.21504513026764, 27.408344154653435]]]}, "properties": {"id": 1251, "height_m": 3.0, "levels": 1, "category": "residencial", "extrude": true, "manzana_id": 51}}, {"type": "Feature", "geometry": {"type": "Polygon", "coordinates": [[[331.40767983145804, 26.072504154466714], [324.4596472066639, 24.959304154508857], [325.8296818087164, 15.163144154326034], [335.2242047940206, 16.72162415434613], [334.83276633624166, 19.17066415449071], [332.4841355899156, 18.8367041545429], [331.40767983145804, 26.072504154466714]]]}, "properties": {"id": 1252, "height_m": 3.0, "levels": 1, "category": "residencial", "extrude": true, "manzana_id": 51}}, {"type": "Feature", "geometry": {"type": "Polygon", "coordinates": [[[341.38936050325685, 22.287624154530903], [337.6706951548783, 21.73102415435423], [338.45357207043617, 17.16690415440837], [342.0743778042831, 17.834824154303988], [341.38936050325685, 22.287624154530903]]]}, "properties": {"id": 1253, "height_m": 3.0, "levels": 1, "category": "residencial", "extrude": true, "manzana_id": 51}}, {"type": "Feature", "geometry": {"type": "Polygon", "coordinates": [[[328.4718913982897, 15.608424154388274], [325.8296818087164, 15.163144154326034], [327.2975760253005, 5.1443441543098345], [340.21504513026764, 7.148104154392172], [338.45357207043617, 17.16690415440837], [331.896977903421, 16.165024154564946], [332.77771443351054, 12.602784154462512], [337.6706951548783, 13.270704154358128], [338.06213361265725, 10.265064154432366], [329.74406638615824, 9.15186415447451], [328.4718913982897, 15.608424154388274]]]}, "properties": {"id": 1254, "height_m": 6.0, "levels": 2, "category": "residencial", "extrude": true, "manzana_id": 51}}, {"type": "Feature", "geometry": {"type": "Polygon", "coordinates": [[[331.896977903421, 16.165024154564946], [328.4718913982897, 15.608424154388274], [329.74406638615824, 9.15186415447451], [338.06213361265725, 10.265064154432366], [337.6706951548783, 13.270704154358128], [332.77771443351054, 12.602784154462512], [331.896977903421, 16.165024154564946]]]}, "properties": {"id": 1255, "height_m": 9.0, "levels": 3, "category": "residencial", "extrude": true, "manzana_id": 51}}, {"type": "Feature", "geometry": {"type": "Polygon", "coordinates": [[[347.45665659796146, -9.438575845652224], [347.26093736924577, -8.214055845579935], [341.97651818975146, -8.993295845589984], [342.56367587659366, -12.889495845640226], [345.20588546616705, -12.444215845577986], [344.8144470083881, -9.772535845600032], [347.45665659796146, -9.438575845652224]]]}, "properties": {"id": 1256, "height_m": 6.0, "levels": 2, "category": "residencial", "extrude": true, "manzana_id": 51}}, {"type": "Feature", "geometry": {"type": "Polygon", "coordinates": [[[334.34346826427867, -3.983895845581884], [328.66761062735304, -4.874455845706365], [330.0376452294055, -14.781935845608132], [335.5177836372679, -14.002695845598083], [334.9306259507733, -10.440455845495649], [337.6706951548783, -10.10649584554784], [338.06213361265725, -13.557415845535843], [342.56367587659366, -12.889495845640226], [341.97651818975146, -8.993295845589984], [347.26093736924577, -8.214055845579935], [347.45665659796146, -9.438575845652224], [347.7502354412087, -12.110255845630178], [350.68602387437704, -11.664975845567938], [350.58816425984537, -11.442335845734561], [349.9031469588191, -6.210295845497598], [335.12634517983656, -8.659335845642175], [334.34346826427867, -3.983895845581884]]]}, "properties": {"id": 1257, "height_m": 3.0, "levels": 1, "category": "residencial", "extrude": true, "manzana_id": 51}}, {"type": "Feature", "geometry": {"type": "Polygon", "coordinates": [[[330.33122407265284, -16.34041584562823], [329.5483471570949, -16.451735845347173], [329.84192600034226, -18.45549584542951], [330.6248029159001, -18.344175845710566], [330.33122407265284, -16.34041584562823]]]}, "properties": {"id": 1258, "height_m": 6.0, "levels": 2, "category": "residencial", "extrude": true, "manzana_id": 51}}, {"type": "Feature", "geometry": {"type": "Polygon", "coordinates": [[[342.7593951053093, -17.787575845533894], [342.3679566475304, -14.893255845722564], [339.3343086001781, -15.338535845389316], [339.82360667248867, -18.232855845596134], [342.7593951053093, -17.787575845533894]]]}, "properties": {"id": 1259, "height_m": 6.0, "levels": 2, "category": "residencial", "extrude": true, "manzana_id": 51}}, {"type": "Feature", "geometry": {"type": "Polygon", "coordinates": [[[337.2792566970993, -18.678135845658375], [337.08353746838367, -17.453615845586086], [332.97343366222617, -18.01021584536727], [333.16915289094186, -19.23473584543956], [337.2792566970993, -18.678135845658375]]]}, "properties": {"id": 1260, "height_m": 12.0, "levels": 4, "category": "residencial", "extrude": true, "manzana_id": 51}}, {"type": "Feature", "geometry": {"type": "Polygon", "coordinates": [[[348.63097197129827, -11.998935845515746], [330.0376452294055, -14.781935845608132], [330.33122407265284, -16.34041584562823], [330.6248029159001, -18.344175845710566], [330.72266253043176, -19.6800158455018], [333.16915289094186, -19.23473584543956], [332.97343366222617, -18.01021584536727], [337.08353746838367, -17.453615845586086], [337.2792566970993, -18.678135845658375], [339.82360667248867, -18.232855845596134], [339.3343086001781, -15.338535845389316], [342.3679566475304, -14.893255845722564], [342.7593951053093, -17.787575845533894], [349.3159892723245, -16.897015845409413], [348.63097197129827, -11.998935845515746]]]}, "properties": {"id": 1261, "height_m": 9.0, "levels": 3, "category": "residencial", "extrude": true, "manzana_id": 51}}, {"type": "Feature", "geometry": {"type": "Polygon", "coordinates": [[[334.4413278788103, -19.123415845720615], [330.72266253043176, -19.6800158455018], [331.50553944564206, -24.6894158455099], [351.95819886189787, -21.683775845584137], [351.86033924736626, -21.238495845521896], [351.27318156087165, -16.563055845461605], [347.94595467027204, -17.008335845523845], [348.435252742235, -19.6800158455018], [345.89090276719327, -20.12529584556404], [345.4994643094143, -17.453615845586086], [343.05297394855666, -17.787575845533894], [343.4444124063356, -20.459255845511848], [340.4107643589833, -20.904535845574088], [337.37711631163097, -21.461135845355273], [334.83276633624166, -21.79509584569857], [334.4413278788103, -19.123415845720615]]]}, "properties": {"id": 1262, "height_m": 6.0, "levels": 2, "category": "residencial", "extrude": true, "manzana_id": 51}}, {"type": "Feature", "geometry": {"type": "Polygon", "coordinates": [[[343.05297394855666, -17.787575845533894], [340.0193259012043, -18.232855845596134], [340.4107643589833, -20.904535845574088], [343.4444124063356, -20.459255845511848], [343.05297394855666, -17.787575845533894]]]}, "properties": {"id": 1263, "height_m": 9.0, "levels": 3, "category": "residencial", "extrude": true, "manzana_id": 51}}, {"type": "Feature", "geometry": {"type": "Polygon", "coordinates": [[[336.98567785385205, -18.678135845658375], [334.4413278788103, -19.123415845720615], [334.83276633624166, -21.79509584569857], [337.37711631163097, -21.461135845355273], [336.98567785385205, -18.678135845658375]]]}, "properties": {"id": 1264, "height_m": 9.0, "levels": 3, "category": "residencial", "extrude": true, "manzana_id": 51}}, {"type": "Feature", "geometry": {"type": "Polygon", "coordinates": [[[339.4321682147097, -23.576215845552042], [331.50553944564206, -24.6894158455099], [332.8755740476945, -34.48557584569272], [337.86641438394156, -33.81765584540162], [337.47497592616264, -31.591255845485904], [340.7043432022306, -31.145975845423663], [339.4321682147097, -23.576215845552042]]]}, "properties": {"id": 1265, "height_m": 6.0, "levels": 2, "category": "residencial", "extrude": true, "manzana_id": 51}}, {"type": "Feature", "geometry": {"type": "Polygon", "coordinates": [[[352.5453565483925, -26.02525584569662], [347.6523758270247, -27.027135845540045], [348.2395335135193, -30.032775845465807], [352.93679500617145, -29.253535845455758], [352.5453565483925, -26.470535845363372], [352.5453565483925, -26.02525584569662]]]}, "properties": {"id": 1266, "height_m": 6.0, "levels": 2, "category": "residencial", "extrude": true, "manzana_id": 51}}, {"type": "Feature", "geometry": {"type": "Polygon", "coordinates": [[[352.5453565483925, -26.02525584569662], [351.95819886189787, -21.683775845584137], [339.4321682147097, -23.576215845552042], [340.7043432022306, -31.145975845423663], [348.2395335135193, -30.032775845465807], [347.6523758270247, -27.027135845540045], [352.5453565483925, -26.02525584569662]]]}, "properties": {"id": 1267, "height_m": 3.0, "levels": 1, "category": "residencial", "extrude": true, "manzana_id": 51}}, {"type": "Feature", "geometry": {"type": "Polygon", "coordinates": [[[349.3159892723245, -32.036535845548144], [332.8755740476945, -34.48557584569272], [334.24560864974706, -44.615695845427865], [340.90006243129386, -43.61381584558444], [340.0193259012043, -37.82517584556629], [343.15083356308827, -37.37989584550405], [344.0315700928302, -43.05721584540777], [346.86949891146685, -42.61193584534553], [347.26093736924577, -42.61193584534553], [347.55451621249307, -42.500615845626584], [347.0652181401825, -39.27233584547196], [350.29458541659807, -38.71573584569077], [349.3159892723245, -32.036535845548144]]]}, "properties": {"id": 1268, "height_m": 3.0, "levels": 1, "category": "residencial", "extrude": true, "manzana_id": 51}}, {"type": "Feature", "geometry": {"type": "Polygon", "coordinates": [[[340.90006243129386, -43.61381584558444], [334.24560864974706, -44.615695845427865], [335.81136248086284, -54.96845584539187], [343.3465527918039, -53.855255845434016], [342.955114334025, -50.849615845508254], [340.11718551573597, -51.18357584545606], [339.72574705795705, -48.95717584554035], [342.56367587659366, -48.400575845363676], [342.2700970329987, -46.17417584544796], [341.38936050325685, -46.39681584567683], [340.90006243129386, -43.61381584558444]]]}, "properties": {"id": 1269, "height_m": 3.0, "levels": 1, "category": "residencial", "extrude": true, "manzana_id": 51}}, {"type": "Feature", "geometry": {"type": "Polygon", "coordinates": [[[342.56367587659366, -48.400575845363676], [339.72574705795705, -48.95717584554035], [340.11718551573597, -51.18357584545606], [342.955114334025, -50.849615845508254], [342.56367587659366, -48.400575845363676]]]}, "properties": {"id": 1270, "height_m": 6.0, "levels": 2, "category": "residencial", "extrude": true, "manzana_id": 51}}, {"type": "Feature", "geometry": {"type": "Polygon", "coordinates": [[[344.9123066229197, -45.72889584538572], [342.2700970329987, -46.17417584544796], [342.955114334025, -50.849615845508254], [343.3465527918039, -53.855255845434016], [348.435252742235, -53.1873358455384], [347.26093736924577, -45.28361584571897], [344.9123066229197, -45.72889584538572]]]}, "properties": {"id": 1271, "height_m": 6.0, "levels": 2, "category": "residencial", "extrude": true, "manzana_id": 51}}, {"type": "Feature", "geometry": {"type": "Polygon", "coordinates": [[[347.26093736924577, -45.28361584571897], [346.86949891146685, -42.61193584534553], [344.4230085506091, -43.05721584540777], [344.9123066229197, -45.72889584538572], [347.26093736924577, -45.28361584571897]]]}, "properties": {"id": 1272, "height_m": 9.0, "levels": 3, "category": "residencial", "extrude": true, "manzana_id": 51}}, {"type": "Feature", "geometry": {"type": "Polygon", "coordinates": [[[351.37104117540326, -41.94401584544991], [347.26093736924577, -42.61193584534553], [346.86949891146685, -42.61193584534553], [348.435252742235, -53.1873358455384], [355.9704430535237, -52.07413584558054], [354.99184690925017, -45.060975845490105], [354.8939872947185, -44.05909584564668], [351.86033924736626, -44.39305584559449], [351.37104117540326, -41.94401584544991]]]}, "properties": {"id": 1273, "height_m": 6.0, "levels": 2, "category": "residencial", "extrude": true, "manzana_id": 51}}, {"type": "Feature", "geometry": {"type": "Polygon", "coordinates": [[[358.3190737998498, -40.94213584560649], [356.36188151130267, -41.276095845554295], [354.60040845147125, -41.49873584538767], [354.8939872947185, -44.05909584564668], [354.99184690925017, -45.060975845490105], [358.9062314863444, -44.50437584570892], [358.80837187216036, -43.83645584541782], [358.3190737998498, -40.94213584560649]]]}, "properties": {"id": 1274, "height_m": 6.0, "levels": 2, "category": "residencial", "extrude": true, "manzana_id": 51}}, {"type": "Feature", "geometry": {"type": "Polygon", "coordinates": [[[358.80837187216036, -43.83645584541782], [358.9062314863444, -44.50437584570892], [354.99184690925017, -45.060975845490105], [355.9704430535237, -52.07413584558054], [362.7227564492546, -50.960935845622686], [361.84201991951267, -43.50249584547001], [358.80837187216036, -43.83645584541782]]]}, "properties": {"id": 1275, "height_m": 3.0, "levels": 1, "category": "residencial", "extrude": true, "manzana_id": 51}}, {"type": "Feature", "geometry": {"type": "Polygon", "coordinates": [[[362.82061606378625, -40.27421584571087], [361.4505814617337, -40.496855845544246], [362.7227564492546, -50.960935845622686], [366.63714102634873, -50.40433584544601], [366.14784295438585, -46.17417584544796], [368.69219292942745, -45.72889584538572], [369.27935061626977, -49.95905584538377], [377.2059793849898, -48.73453584570697], [377.4016986140531, -48.51189584547811], [376.03166401200065, -38.38177584534748], [374.4659101808848, -38.60441584557634], [374.75948902413205, -40.385535845429814], [368.4964737007119, -41.276095845554295], [368.5943333152435, -42.72325584545996], [365.3649660388279, -43.1685358455222], [365.26710642429623, -42.166655845678775], [363.0163352925019, -42.27797584539772], [362.82061606378625, -40.27421584571087]]]}, "properties": {"id": 1276, "height_m": 9.0, "levels": 3, "category": "residencial", "extrude": true, "manzana_id": 51}}, {"type": "Feature", "geometry": {"type": "Polygon", "coordinates": [[[376.71668131302687, -38.27045584562853], [376.03166401200065, -38.38177584534748], [377.4016986140531, -48.51189584547811], [377.9888563005477, -47.51001584563468], [376.71668131302687, -38.27045584562853]]]}, "properties": {"id": 1277, "height_m": 6.0, "levels": 2, "category": "residencial", "extrude": true, "manzana_id": 51}}, {"type": "Feature", "geometry": {"type": "Polygon", "coordinates": [[[374.4659101808848, -38.60441584557634], [368.30075447199624, -39.49497584570082], [368.4964737007119, -41.276095845554295], [374.75948902413205, -40.385535845429814], [374.4659101808848, -38.60441584557634]]]}, "properties": {"id": 1278, "height_m": 12.0, "levels": 4, "category": "residencial", "extrude": true, "manzana_id": 51}}, {"type": "Feature", "geometry": {"type": "Polygon", "coordinates": [[[369.27935061626977, -49.95905584538377], [368.69219292942745, -45.72889584538572], [366.14784295438585, -46.17417584544796], [366.63714102634873, -50.40433584544601], [369.27935061626977, -49.95905584538377]]]}, "properties": {"id": 1279, "height_m": 12.0, "levels": 4, "category": "residencial", "extrude": true, "manzana_id": 51}}, {"type": "Feature", "geometry": {"type": "Polygon", "coordinates": [[[368.30075447199624, -39.49497584570082], [365.07138719558066, -39.940255845367574], [365.26710642429623, -42.166655845678775], [365.3649660388279, -43.1685358455222], [368.5943333152435, -42.72325584545996], [368.4964737007119, -41.276095845554295], [368.30075447199624, -39.49497584570082]]]}, "properties": {"id": 1280, "height_m": 3.0, "levels": 1, "category": "residencial", "extrude": true, "manzana_id": 51}}, {"type": "Feature", "geometry": {"type": "Polygon", "coordinates": [[[366.63714102634873, -50.40433584544601], [362.7227564492546, -50.960935845622686], [362.82061606378625, -51.6288558455183], [378.1845755292633, -49.40245584560259], [377.9888563005477, -47.51001584563468], [377.4016986140531, -48.51189584547811], [377.2059793849898, -48.73453584570697], [369.27935061626977, -49.95905584538377], [368.98577177302246, -50.070375845498205], [366.63714102634873, -50.40433584544601]]]}, "properties": {"id": 1281, "height_m": 6.0, "levels": 2, "category": "residencial", "extrude": true, "manzana_id": 51}}, {"type": "Feature", "geometry": {"type": "Polygon", "coordinates": [[[365.07138719558066, -39.940255845367574], [362.82061606378625, -40.27421584571087], [363.0163352925019, -42.27797584539772], [365.26710642429623, -42.166655845678775], [365.07138719558066, -39.940255845367574]]]}, "properties": {"id": 1282, "height_m": 12.0, "levels": 4, "category": "residencial", "extrude": true, "manzana_id": 51}}, {"type": "Feature", "geometry": {"type": "Polygon", "coordinates": [[[354.99184690925017, -31.257295845538096], [353.2303738494187, -31.47993584537147], [354.60040845147125, -41.49873584538767], [356.36188151130267, -41.276095845554295], [354.99184690925017, -31.257295845538096]]]}, "properties": {"id": 1283, "height_m": 3.0, "levels": 1, "category": "residencial", "extrude": true, "manzana_id": 51}}, {"type": "Feature", "geometry": {"type": "Polygon", "coordinates": [[[365.7564044966069, -37.26857584538962], [362.82061606378625, -37.71385584545186], [363.0163352925019, -38.27045584562853], [361.2548622326704, -38.49309584546191], [361.4505814617337, -40.496855845544246], [362.82061606378625, -40.27421584571087], [365.8542641111385, -39.82893584564863], [365.7564044966069, -37.26857584538962]]]}, "properties": {"id": 1284, "height_m": 3.0, "levels": 1, "category": "residencial", "extrude": true, "manzana_id": 51}}, {"type": "Feature", "geometry": {"type": "Polygon", "coordinates": [[[366.0499833398542, -29.587495845403566], [366.3435621831015, -31.03465584570472], [360.66770454617586, -31.702575845600336], [361.2548622326704, -38.49309584546191], [363.0163352925019, -38.27045584562853], [362.82061606378625, -37.71385584545186], [365.7564044966069, -37.26857584538962], [365.6585448820752, -36.04405584571282], [367.90931601421727, -35.821415845483955], [368.30075447199624, -39.49497584570082], [376.03166401200065, -38.38177584534748], [374.6616294099481, -28.251655845612333], [366.0499833398542, -29.587495845403566]]]}, "properties": {"id": 1285, "height_m": 6.0, "levels": 2, "category": "residencial", "extrude": true, "manzana_id": 51}}, {"type": "Feature", "geometry": {"type": "Polygon", "coordinates": [[[364.2885102800227, -24.6894158455099], [359.59124878737066, -25.357335845405515], [360.2762660883969, -30.366735845413615], [363.40777375028085, -29.921455845351375], [363.21205452156516, -28.696935845674574], [368.88791215849085, -27.806375845550093], [369.0836313872065, -29.142215845736814], [374.1723313376375, -28.362975845726766], [373.4873140366113, -23.242255845604234], [368.30075447199624, -24.132815845728715], [368.5943333152435, -26.136575845415564], [364.6799487378017, -26.80449584570667], [364.2885102800227, -24.6894158455099]]]}, "properties": {"id": 1286, "height_m": 9.0, "levels": 3, "category": "residencial", "extrude": true, "manzana_id": 51}}, {"type": "Feature", "geometry": {"type": "Polygon", "coordinates": [[[368.30075447199624, -24.132815845728715], [364.2885102800227, -24.6894158455099], [364.6799487378017, -26.80449584570667], [368.5943333152435, -26.136575845415564], [368.30075447199624, -24.132815845728715]]]}, "properties": {"id": 1287, "height_m": 3.0, "levels": 1, "category": "residencial", "extrude": true, "manzana_id": 51}}, {"type": "Feature", "geometry": {"type": "Polygon", "coordinates": [[[369.0836313872065, -29.142215845736814], [368.88791215849085, -27.806375845550093], [363.21205452156516, -28.696935845674574], [363.40777375028085, -29.921455845351375], [369.0836313872065, -29.142215845736814]]]}, "properties": {"id": 1288, "height_m": 12.0, "levels": 4, "category": "residencial", "extrude": true, "manzana_id": 51}}, {"type": "Feature", "geometry": {"type": "Polygon", "coordinates": [[[359.59124878737066, -25.357335845405515], [357.6340564988235, -25.691295845353324], [358.3190737998498, -30.700695845361423], [360.2762660883969, -30.366735845413615], [359.59124878737066, -25.357335845405515]]]}, "properties": {"id": 1289, "height_m": 3.0, "levels": 1, "category": "residencial", "extrude": true, "manzana_id": 51}}, {"type": "Feature", "geometry": {"type": "Polygon", "coordinates": [[[368.3986140861802, -18.78945584537732], [354.8939872947185, -20.793215845459656], [351.86033924736626, -21.238495845521896], [351.95819886189787, -21.683775845584137], [352.2517777051452, -24.24413584544766], [355.3832853670291, -23.798855845385418], [355.67686421027645, -26.02525584569662], [357.6340564988235, -25.691295845353324], [361.74416030498105, -25.023375845457707], [361.2548622326704, -21.461135845355273], [364.6799487378017, -20.904535845574088], [365.26710642429623, -24.578095845395467], [373.97661210892187, -23.242255845604234], [373.4873140366113, -19.902655845730663], [368.5943333152435, -20.57057584562628], [368.3986140861802, -18.78945584537732]]]}, "properties": {"id": 1290, "height_m": 6.0, "levels": 2, "category": "residencial", "extrude": true, "manzana_id": 51}}, {"type": "Feature", "geometry": {"type": "Polygon", "coordinates": [[[373.29159480789565, -18.121535845481702], [368.3986140861802, -18.78945584537732], [368.5943333152435, -20.57057584562628], [373.4873140366113, -19.902655845730663], [373.29159480789565, -18.121535845481702]]]}, "properties": {"id": 1291, "height_m": 9.0, "levels": 3, "category": "residencial", "extrude": true, "manzana_id": 51}}, {"type": "Feature", "geometry": {"type": "Polygon", "coordinates": [[[358.2212141853181, -16.78569584569047], [357.43833727010787, -16.897015845409413], [357.82977572753913, -20.347935845397416], [358.7105122576287, -20.23661584567847], [358.2212141853181, -16.78569584569047]]]}, "properties": {"id": 1292, "height_m": 3.0, "levels": 1, "category": "residencial", "extrude": true, "manzana_id": 51}}, {"type": "Feature", "geometry": {"type": "Polygon", "coordinates": [[[366.9307198699437, -19.012095845606183], [366.53928141216477, -15.895135845565989], [362.82061606378625, -16.451735845347173], [363.21205452156516, -19.568695845387367], [366.9307198699437, -19.012095845606183]]]}, "properties": {"id": 1293, "height_m": 9.0, "levels": 3, "category": "residencial", "extrude": true, "manzana_id": 51}}, {"type": "Feature", "geometry": {"type": "Polygon", "coordinates": [[[366.24570256891747, -14.002695845598083], [362.5270372205389, -14.559295845379268], [362.7227564492546, -16.00645584568042], [366.4414217976331, -15.449855845503748], [366.24570256891747, -14.002695845598083]]]}, "properties": {"id": 1294, "height_m": 3.0, "levels": 1, "category": "residencial", "extrude": true, "manzana_id": 51}}, {"type": "Feature", "geometry": {"type": "Polygon", "coordinates": [[[358.9062314863444, -15.11589584555594], [359.10195071540767, -16.674375845576037], [358.2212141853181, -16.78569584569047], [358.7105122576287, -20.23661584567847], [363.21205452156516, -19.568695845387367], [362.82061606378625, -16.451735845347173], [366.53928141216477, -15.895135845565989], [366.9307198699437, -19.012095845606183], [373.29159480789565, -18.121535845481702], [373.09587557883225, -16.78569584569047], [372.60657750686937, -13.112135845473603], [366.24570256891747, -14.002695845598083], [366.4414217976331, -15.449855845503748], [362.7227564492546, -16.00645584568042], [362.5270372205389, -14.559295845379268], [359.2976699441233, -15.11589584555594], [358.9062314863444, -15.11589584555594]]]}, "properties": {"id": 1295, "height_m": 6.0, "levels": 2, "category": "residencial", "extrude": true, "manzana_id": 51}}, {"type": "Feature", "geometry": {"type": "Polygon", "coordinates": [[[361.74416030498105, -9.772535845600032], [356.26402189677106, -10.55177584561008], [356.85117958326566, -14.336655845545891], [359.10195071540767, -13.891375845483651], [359.2976699441233, -15.11589584555594], [362.5270372205389, -14.559295845379268], [362.33131799147566, -13.668735845650275], [361.74416030498105, -9.772535845600032]]]}, "properties": {"id": 1296, "height_m": 6.0, "levels": 2, "category": "residencial", "extrude": true, "manzana_id": 51}}, {"type": "Feature", "geometry": {"type": "Polygon", "coordinates": [[[371.9215602058431, -8.214055845579935], [365.4628256533596, -9.21593584542336], [365.56068526789124, -9.438575845652224], [366.14784295438585, -13.00081584535917], [366.24570256891747, -14.002695845598083], [372.60657750686937, -13.112135845473603], [371.9215602058431, -8.214055845579935]]]}, "properties": {"id": 1297, "height_m": 6.0, "levels": 2, "category": "residencial", "extrude": true, "manzana_id": 51}}, {"type": "Feature", "geometry": {"type": "Polygon", "coordinates": [[[365.4628256533596, -9.21593584542336], [361.74416030498105, -9.772535845600032], [362.33131799147566, -13.668735845650275], [366.14784295438585, -13.00081584535917], [365.56068526789124, -9.438575845652224], [365.4628256533596, -9.21593584542336]]]}, "properties": {"id": 1298, "height_m": 9.0, "levels": 3, "category": "residencial", "extrude": true, "manzana_id": 51}}, {"type": "Feature", "geometry": {"type": "Polygon", "coordinates": [[[353.8175315359133, -5.653695845716413], [349.9031469588191, -6.210295845497598], [350.58816425984537, -11.442335845734561], [356.26402189677106, -10.55177584561008], [365.4628256533596, -9.21593584542336], [365.3649660388279, -8.993295845589984], [365.26710642429623, -8.214055845579935], [362.33131799147566, -8.659335845642175], [361.9398795336967, -6.210295845497598], [364.3863698945544, -5.876335845549789], [364.87566796686497, -5.653695845716413], [364.6799487378017, -4.095215845696316], [359.59124878737066, -4.874455845706365], [359.8848276306179, -6.432935845726462], [354.1111103791606, -7.323495845455454], [353.8175315359133, -5.653695845716413]]]}, "properties": {"id": 1299, "height_m": 6.0, "levels": 2, "category": "residencial", "extrude": true, "manzana_id": 51}}, {"type": "Feature", "geometry": {"type": "Polygon", "coordinates": [[[371.2365429048169, -3.0933358454574034], [364.6799487378017, -4.095215845696316], [364.87566796686497, -5.653695845716413], [365.26710642429623, -8.214055845579935], [365.3649660388279, -8.993295845589984], [365.4628256533596, -9.21593584542336], [371.9215602058431, -8.214055845579935], [371.2365429048169, -3.0933358454574034]]]}, "properties": {"id": 1300, "height_m": 3.0, "levels": 1, "category": "residencial", "extrude": true, "manzana_id": 51}}, {"type": "Feature", "geometry": {"type": "Polygon", "coordinates": [[[364.87566796686497, -5.653695845716413], [364.3863698945544, -5.876335845549789], [361.9398795336967, -6.210295845497598], [362.33131799147566, -8.659335845642175], [365.26710642429623, -8.214055845579935], [364.87566796686497, -5.653695845716413]]]}, "properties": {"id": 1301, "height_m": 9.0, "levels": 3, "category": "residencial", "extrude": true, "manzana_id": 51}}, {"type": "Feature", "geometry": {"type": "Polygon", "coordinates": [[[367.90931601421727, 1.2481441542595917], [361.4505814617337, 0.246264154416167], [361.9398795336967, -3.3159758456862676], [364.48422950908605, -2.9820158457384593], [364.6799487378017, -4.095215845696316], [368.5943333152435, -3.5386158455196437], [367.90931601421727, 1.2481441542595917]]]}, "properties": {"id": 1302, "height_m": 9.0, "levels": 3, "category": "residencial", "extrude": true, "manzana_id": 51}}, {"type": "Feature", "geometry": {"type": "Polygon", "coordinates": [[[356.36188151130267, -3.872575845467452], [357.92763534207086, -3.649935845634076], [359.2976699441233, -3.4272958454052116], [359.59124878737066, -4.874455845706365], [362.13559876275997, -4.429175845644124], [361.9398795336967, -3.3159758456862676], [361.4505814617337, 0.246264154416167], [357.43833727010787, -0.42165584547944945], [355.77472382480806, -0.6442958457083137], [354.8939872947185, -0.7556158454272577], [355.3832853670291, -3.983895845581884], [356.36188151130267, -3.872575845467452]]]}, "properties": {"id": 1303, "height_m": 9.0, "levels": 3, "category": "residencial", "extrude": true, "manzana_id": 51}}, {"type": "Feature", "geometry": {"type": "Polygon", "coordinates": [[[354.8939872947185, -0.7556158454272577], [353.52395269266606, -0.9782558456561219], [349.3159892723245, -1.6461758455517383], [349.9031469588191, -6.210295845497598], [353.8175315359133, -5.653695845716413], [353.52395269266606, -4.317855845529692], [355.3832853670291, -3.983895845581884], [354.8939872947185, -0.7556158454272577]]]}, "properties": {"id": 1304, "height_m": 6.0, "levels": 2, "category": "residencial", "extrude": true, "manzana_id": 51}}, {"type": "Feature", "geometry": {"type": "Polygon", "coordinates": [[[370.55152560379065, 1.693424154321832], [367.90931601421727, 1.2481441542595917], [368.5943333152435, -3.5386158455196437], [371.2365429048169, -3.0933358454574034], [370.55152560379065, 1.693424154321832]]]}, "properties": {"id": 1305, "height_m": 6.0, "levels": 2, "category": "residencial", "extrude": true, "manzana_id": 51}}, {"type": "Feature", "geometry": {"type": "Polygon", "coordinates": [[[358.80837187216036, 4.921704154476458], [352.93679500617145, 4.031144154351978], [353.52395269266606, -0.9782558456561219], [370.55152560379065, 1.693424154321832], [369.8665083027644, 6.591504154610988], [363.50563336481247, 5.589624154372075], [363.79921220805977, 3.8085041545186016], [359.10195071540767, 3.029264154508553], [358.80837187216036, 4.921704154476458]]]}, "properties": {"id": 1306, "height_m": 3.0, "levels": 1, "category": "residencial", "extrude": true, "manzana_id": 51}}, {"type": "Feature", "geometry": {"type": "Polygon", "coordinates": [[[356.4597411258343, 14.940504154492658], [356.75331996908164, 12.93674415441032], [351.17532194634, 11.934864154566895], [351.66462001865057, 9.040544154360077], [369.1814910017381, 11.823544154452463], [368.3986140861802, 16.832944154460563], [367.1264390986594, 16.610304154627187], [362.0377391482283, 15.831064154617138], [362.4291776060073, 13.715984154420369], [359.9826872451496, 13.270704154358128], [359.6891084019023, 15.497104154273842], [356.4597411258343, 14.940504154492658]]]}, "properties": {"id": 1307, "height_m": 3.0, "levels": 1, "category": "residencial", "extrude": true, "manzana_id": 51}}, {"type": "Feature", "geometry": {"type": "Polygon", "coordinates": [[[355.9704430535237, 19.949904154500757], [350.19672580206645, 19.059344154376276], [346.6737796824035, 18.502744154595092], [347.3587969834298, 13.604664154305937], [349.8052873442875, 13.938624154649233], [349.5117085010402, 15.719744154502706], [356.36188151130267, 16.610304154627187], [355.9704430535237, 19.949904154500757]]]}, "properties": {"id": 1308, "height_m": 9.0, "levels": 3, "category": "residencial", "extrude": true, "manzana_id": 51}}, {"type": "Feature", "geometry": {"type": "Polygon", "coordinates": [[[355.9704430535237, 19.949904154500757], [356.36188151130267, 16.610304154627187], [349.5117085010402, 15.719744154502706], [349.8052873442875, 13.938624154649233], [356.4597411258343, 14.940504154492658], [359.6891084019023, 15.497104154273842], [359.49338917318664, 16.498984154512755], [361.84201991951267, 16.944264154574995], [362.0377391482283, 15.831064154617138], [367.1264390986594, 16.610304154627187], [368.3986140861802, 16.832944154460563], [367.713596785154, 21.73102415435423], [355.9704430535237, 19.949904154500757]]]}, "properties": {"id": 1309, "height_m": 6.0, "levels": 2, "category": "residencial", "extrude": true, "manzana_id": 51}}, {"type": "Feature", "geometry": {"type": "Polygon", "coordinates": [[[346.0866219959089, 23.289504154374328], [341.2915008887252, 22.51026415436428], [342.0743778042831, 17.834824154303988], [346.6737796824035, 18.502744154595092], [350.19672580206645, 19.059344154376276], [352.0560584764295, 19.28198415460514], [351.5667604041189, 22.06498415430204], [346.28234122497224, 21.28574415429199], [346.0866219959089, 23.289504154374328]]]}, "properties": {"id": 1310, "height_m": 9.0, "levels": 3, "category": "residencial", "extrude": true, "manzana_id": 51}}, {"type": "Feature", "geometry": {"type": "Polygon", "coordinates": [[[358.2212141853181, 25.293264154456665], [351.27318156087165, 24.180064154498808], [351.5667604041189, 22.06498415430204], [352.0560584764295, 19.28198415460514], [367.713596785154, 21.73102415435423], [367.0285794841277, 26.74042415436233], [361.4505814617337, 25.738544154518905], [361.84201991951267, 23.289504154374328], [358.6126526430971, 22.732904154593143], [358.2212141853181, 25.293264154456665]]]}, "properties": {"id": 1311, "height_m": 6.0, "levels": 2, "category": "residencial", "extrude": true, "manzana_id": 51}}, {"type": "Feature", "geometry": {"type": "Polygon", "coordinates": [[[355.2854257524975, 29.968704154516956], [345.4016046948827, 28.187584154267995], [346.0866219959089, 23.289504154374328], [352.0560584764295, 24.29138415461324], [351.7624796328346, 26.072504154466714], [354.2089699936923, 26.40646415441452], [354.40468922275556, 24.62534415456105], [358.2212141853181, 25.293264154456665], [357.92763534207086, 27.297024154539002], [361.15700261848644, 27.742304154601243], [361.4505814617337, 25.738544154518905], [367.0285794841277, 26.74042415436233], [366.3435621831015, 31.74982415437043], [360.17840647421286, 30.747944154527005], [360.47198531746017, 29.078144154392476], [355.67686421027645, 28.07626415454905], [355.2854257524975, 29.968704154516956]]]}, "properties": {"id": 1312, "height_m": 6.0, "levels": 2, "category": "residencial", "extrude": true, "manzana_id": 51}}, {"type": "Feature", "geometry": {"type": "Polygon", "coordinates": [[[360.17840647421286, 30.747944154527005], [355.2854257524975, 29.968704154516956], [355.67686421027645, 28.07626415454905], [360.47198531746017, 29.078144154392476], [360.17840647421286, 30.747944154527005]]]}, "properties": {"id": 1313, "height_m": 9.0, "levels": 3, "category": "residencial", "extrude": true, "manzana_id": 51}}, {"type": "Feature", "geometry": {"type": "Polygon", "coordinates": [[[348.7288315854823, 33.97622415428614], [344.71658739385646, 33.41962415450496], [344.71658739385646, 33.196984154276095], [345.4016046948827, 28.187584154267995], [360.17840647421286, 30.747944154527005], [359.7869680164339, 33.75358415445277], [357.6340564988235, 33.41962415450496], [357.34047765557625, 35.423384154587296], [352.44749693386086, 34.532824154462816], [352.74107577745576, 32.863024154328286], [348.92455081454557, 32.3064241545471], [348.7288315854823, 33.97622415428614]]]}, "properties": {"id": 1314, "height_m": 6.0, "levels": 2, "category": "residencial", "extrude": true, "manzana_id": 51}}, {"type": "Feature", "geometry": {"type": "Polygon", "coordinates": [[[365.6585448820752, 36.6479041542641], [357.34047765557625, 35.423384154587296], [357.6340564988235, 33.41962415450496], [359.7869680164339, 33.75358415445277], [360.17840647421286, 30.747944154527005], [366.3435621831015, 31.74982415437043], [365.6585448820752, 36.6479041542641]]]}, "properties": {"id": 1315, "height_m": 3.0, "levels": 1, "category": "residencial", "extrude": true, "manzana_id": 51}}, {"type": "Feature", "geometry": {"type": "Polygon", "coordinates": [[[364.9735275810489, 41.6573041542722], [348.53311235676665, 38.98562415429424], [344.12942970736185, 38.317704154398626], [344.12942970736185, 37.98374415445082], [344.71658739385646, 33.41962415450496], [348.7288315854823, 33.97622415428614], [348.435252742235, 35.53470415430624], [352.1539180906135, 36.09130415448291], [352.44749693386086, 34.532824154462816], [365.6585448820752, 36.6479041542641], [364.9735275810489, 41.6573041542722]]]}, "properties": {"id": 1316, "height_m": 6.0, "levels": 2, "category": "residencial", "extrude": true, "manzana_id": 51}}, {"type": "Feature", "geometry": {"type": "Polygon", "coordinates": [[[363.6034929789964, 51.56478415456945], [346.96735852599846, 48.781784154477066], [347.6523758270247, 45.21954415437463], [352.93679500617145, 46.221424154613544], [353.2303738494187, 44.77426415431239], [355.5790045957448, 45.21954415437463], [355.2854257524975, 46.77802415439473], [358.1233545711341, 47.3346241545714], [358.41693341438145, 45.66482415443687], [364.2885102800227, 46.666704154280296], [363.6034929789964, 51.56478415456945]]]}, "properties": {"id": 1317, "height_m": 3.0, "levels": 1, "category": "residencial", "extrude": true, "manzana_id": 51}}, {"type": "Feature", "geometry": {"type": "Polygon", "coordinates": [[[345.4994643094143, 53.791184154485165], [342.1722374188147, 53.23458415430849], [342.7593951053093, 48.11386415458145], [346.96735852599846, 48.781784154477066], [355.18756613796586, 50.1176241542683], [354.60040845147125, 53.791184154485165], [354.40468922275556, 55.015704154557454], [351.4689007895873, 54.681744154609646], [351.7624796328346, 52.121384154350636], [348.92455081454557, 51.676104154288396], [349.02241042907724, 51.11950415450721], [345.9887623813773, 50.67422415444497], [345.4994643094143, 53.791184154485165]]]}, "properties": {"id": 1318, "height_m": 3.0, "levels": 1, "category": "residencial", "extrude": true, "manzana_id": 51}}, {"type": "Feature", "geometry": {"type": "Polygon", "coordinates": [[[357.0468988123289, 55.460984154619695], [357.2426180410446, 54.236464154547406], [354.60040845147125, 53.791184154485165], [355.18756613796586, 50.1176241542683], [363.6034929789964, 51.56478415456945], [363.0163352925019, 56.35154415434869], [357.0468988123289, 55.460984154619695]]]}, "properties": {"id": 1319, "height_m": 6.0, "levels": 2, "category": "residencial", "extrude": true, "manzana_id": 51}}, {"type": "Feature", "geometry": {"type": "Polygon", "coordinates": [[[353.6218123071977, 60.025104154565554], [345.4016046948827, 58.800584154493265], [345.9887623813773, 53.791184154485165], [354.3068296082239, 55.015704154557454], [354.1111103791606, 56.46286415446312], [353.6218123071977, 60.025104154565554]]]}, "properties": {"id": 1320, "height_m": 3.0, "levels": 1, "category": "residencial", "extrude": true, "manzana_id": 51}}, {"type": "Feature", "geometry": {"type": "Polygon", "coordinates": [[[362.33131799147566, 61.36094415435679], [353.6218123071977, 60.025104154565554], [354.1111103791606, 56.46286415446312], [356.85117958326566, 56.79682415441093], [357.0468988123289, 55.460984154619695], [363.0163352925019, 56.35154415434869], [362.33131799147566, 61.36094415435679]]]}, "properties": {"id": 1321, "height_m": 6.0, "levels": 2, "category": "residencial", "extrude": true, "manzana_id": 51}}, {"type": "Feature", "geometry": {"type": "Polygon", "coordinates": [[[344.8144470083881, 63.5873441542725], [343.64013163505126, 63.476024154553556], [340.90006243129386, 63.030744154491316], [341.48722011778847, 58.24398415431659], [345.4016046948827, 58.800584154493265], [344.8144470083881, 63.5873441542725]]]}, "properties": {"id": 1322, "height_m": 3.0, "levels": 1, "category": "residencial", "extrude": true, "manzana_id": 51}}, {"type": "Feature", "geometry": {"type": "Polygon", "coordinates": [[[361.6463006904494, 66.03638415441708], [353.52395269266606, 64.81186415434479], [353.6218123071977, 64.14394415444917], [354.1111103791606, 60.1364241542845], [362.33131799147566, 61.36094415435679], [361.6463006904494, 66.03638415441708]]]}, "properties": {"id": 1323, "height_m": 6.0, "levels": 2, "category": "residencial", "extrude": true, "manzana_id": 51}}, {"type": "Feature", "geometry": {"type": "Polygon", "coordinates": [[[353.6218123071977, 64.14394415444917], [348.2395335135193, 63.364704154439124], [348.92455081454557, 59.35718415427445], [354.1111103791606, 60.1364241542845], [353.6218123071977, 64.14394415444917]]]}, "properties": {"id": 1324, "height_m": 3.0, "levels": 1, "category": "residencial", "extrude": true, "manzana_id": 51}}, {"type": "Feature", "geometry": {"type": "Polygon", "coordinates": [[[342.85725471984097, 68.70806415439503], [340.21504513026764, 68.26278415433279], [340.80220281676225, 63.5873441542725], [340.90006243129386, 63.030744154491316], [343.64013163505126, 63.476024154553556], [342.85725471984097, 68.70806415439503]]]}, "properties": {"id": 1325, "height_m": 3.0, "levels": 1, "category": "residencial", "extrude": true, "manzana_id": 51}}, {"type": "Feature", "geometry": {"type": "Polygon", "coordinates": [[[360.9612833894231, 71.15710415453961], [350.19672580206645, 69.70994415463394], [350.4903046453137, 67.81750415427055], [353.2303738494187, 68.37410415444722], [353.32823346395037, 66.92694415454156], [353.52395269266606, 64.81186415434479], [361.6463006904494, 66.03638415441708], [360.9612833894231, 71.15710415453961]]]}, "properties": {"id": 1326, "height_m": 6.0, "levels": 2, "category": "residencial", "extrude": true, "manzana_id": 51}}, {"type": "Feature", "geometry": {"type": "Polygon", "coordinates": [[[350.19672580206645, 69.70994415463394], [344.52086816514077, 68.9307041546239], [345.1080258516354, 65.59110415435484], [353.32823346395037, 66.92694415454156], [353.2303738494187, 68.37410415444722], [350.4903046453137, 67.81750415427055], [350.19672580206645, 69.70994415463394]]]}, "properties": {"id": 1327, "height_m": 3.0, "levels": 1, "category": "residencial", "extrude": true, "manzana_id": 51}}, {"type": "Feature", "geometry": {"type": "Polygon", "coordinates": [[[344.52086816514077, 73.940104154632], [342.85725471984097, 73.6061441542887], [339.53002782924136, 73.04954415450752], [340.11718551573597, 68.48542415456166], [340.21504513026764, 68.26278415433279], [342.85725471984097, 68.70806415439503], [360.9612833894231, 71.15710415453961], [360.17840647421286, 76.50046415449552], [350.8817431030927, 74.94198415447542], [351.17532194634, 72.93822415439308], [348.435252742235, 72.49294415433084], [344.8144470083881, 71.93634415454966], [344.52086816514077, 73.940104154632]]]}, "properties": {"id": 1328, "height_m": 6.0, "levels": 2, "category": "residencial", "extrude": true, "manzana_id": 51}}, {"type": "Feature", "geometry": {"type": "Polygon", "coordinates": [[[350.8817431030927, 74.94198415447542], [348.04381428445606, 74.49670415441318], [348.435252742235, 72.49294415433084], [351.17532194634, 72.93822415439308], [350.8817431030927, 74.94198415447542]]]}, "properties": {"id": 1329, "height_m": 3.0, "levels": 1, "category": "residencial", "extrude": true, "manzana_id": 51}}, {"type": "Feature", "geometry": {"type": "Polygon", "coordinates": [[[343.15083356308827, 78.72686415441123], [337.37711631163097, 77.94762415440118], [337.57283554034666, 76.61178415460995], [343.3465527918039, 77.39102415462], [343.15083356308827, 78.72686415441123]]]}, "properties": {"id": 1330, "height_m": 3.0, "levels": 1, "category": "residencial", "extrude": true, "manzana_id": 51}}, {"type": "Feature", "geometry": {"type": "Polygon", "coordinates": [[[346.5759200682195, 74.2740641545798], [345.9887623813773, 77.7249841545678], [345.20588546616705, 77.61366415445337], [345.79304315266165, 74.05142415435094], [346.5759200682195, 74.2740641545798]]]}, "properties": {"id": 1331, "height_m": 9.0, "levels": 3, "category": "residencial", "extrude": true, "manzana_id": 51}}, {"type": "Feature", "geometry": {"type": "Polygon", "coordinates": [[[359.59124878737066, 81.17590415455581], [343.15083356308827, 78.72686415441123], [343.3465527918039, 77.39102415462], [343.8358508641145, 73.71746415440313], [345.79304315266165, 74.05142415435094], [345.20588546616705, 77.61366415445337], [345.9887623813773, 77.7249841545678], [346.5759200682195, 74.2740641545798], [360.17840647421286, 76.50046415449552], [359.59124878737066, 81.17590415455581]]]}, "properties": {"id": 1332, "height_m": 6.0, "levels": 2, "category": "residencial", "extrude": true, "manzana_id": 51}}, {"type": "Feature", "geometry": {"type": "Polygon", "coordinates": [[[331.50553944564206, 67.26090415448937], [331.1141009878631, 69.93258415446732], [330.1355048435895, 69.70994415463394], [330.4290836871845, 67.0382641542605], [331.50553944564206, 67.26090415448937]]]}, "properties": {"id": 1333, "height_m": 3.0, "levels": 1, "category": "residencial", "extrude": true, "manzana_id": 51}}, {"type": "Feature", "geometry": {"type": "Polygon", "coordinates": [[[330.1355048435895, 69.70994415463394], [329.84192600034226, 71.7137041543208], [325.53610296546907, 70.93446415431075], [325.8296818087164, 68.9307041546239], [330.1355048435895, 69.70994415463394]]]}, "properties": {"id": 1334, "height_m": 9.0, "levels": 3, "category": "residencial", "extrude": true, "manzana_id": 51}}, {"type": "Feature", "geometry": {"type": "Polygon", "coordinates": [[[331.50553944564206, 67.26090415448937], [334.4413278788103, 67.70618415455161], [333.2670125054735, 77.27970415450557], [324.94894527897446, 76.05518415443328], [325.43824335093746, 71.7137041543208], [325.53610296546907, 70.93446415431075], [329.84192600034226, 71.7137041543208], [330.1355048435895, 69.70994415463394], [331.1141009878631, 69.93258415446732], [331.50553944564206, 67.26090415448937]]]}, "properties": {"id": 1335, "height_m": 6.0, "levels": 2, "category": "residencial", "extrude": true, "manzana_id": 51}}, {"type": "Feature", "geometry": {"type": "Polygon", "coordinates": [[[320.83884147281697, 75.4985841546521], [317.12017612443844, 74.94198415447542], [316.72873766665947, 74.49670415441318], [317.2180357389701, 71.7137041543208], [321.3281395447799, 72.3816241546119], [320.83884147281697, 75.4985841546521]]]}, "properties": {"id": 1336, "height_m": 3.0, "levels": 1, "category": "residencial", "extrude": true, "manzana_id": 51}}, {"type": "Feature", "geometry": {"type": "Polygon", "coordinates": [[[320.83884147281697, 75.4985841546521], [321.3281395447799, 72.3816241546119], [317.2180357389701, 71.7137041543208], [318.1966318832437, 65.25714415440703], [323.77462990563765, 66.14770415453151], [322.9917529900797, 71.49106415448742], [325.43824335093746, 71.7137041543208], [324.94894527897446, 76.05518415443328], [320.83884147281697, 75.4985841546521]]]}, "properties": {"id": 1337, "height_m": 6.0, "levels": 2, "category": "residencial", "extrude": true, "manzana_id": 51}}, {"type": "Feature", "geometry": {"type": "Polygon", "coordinates": [[[345.1080258516354, 7.9273441544022205], [327.2975760253005, 5.1443441543098345], [328.66761062735304, -4.874455845706365], [344.9123066229197, -2.314095845447355], [344.61872777967244, -0.42165584547944945], [343.64013163505126, -0.6442958457083137], [343.2486931776199, 1.8047441544362641], [342.56367587659366, 1.693424154321832], [342.1722374188147, 3.6971841544041695], [343.7379912495829, 4.031144154351978], [343.4444124063356, 5.478304154653131], [345.4016046948827, 5.812264154600939], [345.1080258516354, 7.9273441544022205]]]}, "properties": {"id": 1338, "height_m": 12.0, "levels": 4, "category": "residencial", "extrude": true, "manzana_id": 51}}, {"type": "Feature", "geometry": {"type": "Polygon", "coordinates": [[[367.0285794841277, 11.489584154504655], [363.1141949070335, 10.821664154609039], [363.50563336481247, 8.817904154526701], [367.22429871319105, 9.485824154422318], [367.0285794841277, 11.489584154504655]]]}, "properties": {"id": 1339, "height_m": 12.0, "levels": 4, "category": "residencial", "extrude": true, "manzana_id": 51}}, {"type": "Feature", "geometry": {"type": "Polygon", "coordinates": [[[357.14475842686056, 9.819784154370126], [353.32823346395037, 9.263184154588942], [353.6218123071977, 7.148104154392172], [357.43833727010787, 7.9273441544022205], [357.14475842686056, 9.819784154370126]]]}, "properties": {"id": 1340, "height_m": 12.0, "levels": 4, "category": "residencial", "extrude": true, "manzana_id": 51}}, {"type": "Feature", "geometry": {"type": "Polygon", "coordinates": [[[350.3924450307821, 8.817904154526701], [350.8817431030927, 5.700944154486507], [348.435252742235, 5.366984154538699], [348.63097197129827, 3.4745441545707934], [352.93679500617145, 4.031144154351978], [369.8665083027644, 6.591504154610988], [369.1814910017381, 11.823544154452463], [367.0285794841277, 11.489584154504655], [367.22429871319105, 9.485824154422318], [363.50563336481247, 8.817904154526701], [363.1141949070335, 10.821664154609039], [362.4291776060073, 10.710344154494607], [362.9184756779702, 7.593384154454412], [359.8848276306179, 7.148104154392172], [359.39552955865497, 10.265064154432366], [357.14475842686056, 9.819784154370126], [357.43833727010787, 7.9273441544022205], [353.6218123071977, 7.148104154392172], [353.32823346395037, 9.263184154588942], [351.66462001865057, 9.040544154360077], [350.3924450307821, 8.817904154526701]]]}, "properties": {"id": 1341, "height_m": 9.0, "levels": 3, "category": "residencial", "extrude": true, "manzana_id": 51}}, {"type": "Feature", "geometry": {"type": "Polygon", "coordinates": [[[345.1080258516354, 7.9273441544022205], [345.4016046948827, 5.812264154600939], [343.4444124063356, 5.478304154653131], [343.7379912495829, 4.031144154351978], [342.1722374188147, 3.6971841544041695], [342.56367587659366, 1.693424154321832], [343.2486931776199, 1.8047441544362641], [343.64013163505126, -0.6442958457083137], [344.61872777967244, -0.42165584547944945], [344.9123066229197, -2.314095845447355], [349.3159892723245, -1.6461758455517383], [348.63097197129827, 3.4745441545707934], [348.435252742235, 5.366984154538699], [347.8480950557404, 5.255664154424267], [347.3587969834298, 8.261304154350029], [345.1080258516354, 7.9273441544022205]]]}, "properties": {"id": 1342, "height_m": 15.0, "levels": 5, "category": "residencial", "extrude": true, "manzana_id": 51}}, {"type": "Feature", "geometry": {"type": "Polygon", "coordinates": [[[335.41992402308387, -0.19901584564607333], [339.53002782924136, 0.5802241543639752], [339.13858937146244, 3.5858641542897374], [334.9306259507733, 2.806624154279689], [335.41992402308387, -0.19901584564607333]]]}, "properties": {"id": 1343, "height_m": 3.0, "levels": 1, "category": "residencial", "extrude": true, "manzana_id": 51}}, {"type": "Feature", "geometry": {"type": "Polygon", "coordinates": [[[344.4230085506091, -68.10421584544827], [343.7379912495829, -63.428775845387975], [336.1049413241101, -64.54197584534583], [335.90922209504686, -64.65329584546026], [336.98567785385205, -72.11173584561294], [341.97651818975146, -71.44381584571732], [341.48722011778847, -68.5494958455105], [344.4230085506091, -68.10421584544827]]]}, "properties": {"id": 1344, "height_m": 9.0, "levels": 3, "category": "residencial", "extrude": true, "manzana_id": 52}}, {"type": "Feature", "geometry": {"type": "Polygon", "coordinates": [[[344.4230085506091, -68.10421584544827], [341.48722011778847, -68.5494958455105], [341.97651818975146, -71.44381584571732], [344.8144470083881, -70.99853584565508], [344.4230085506091, -68.10421584544827]]]}, "properties": {"id": 1345, "height_m": 9.0, "levels": 3, "category": "residencial", "extrude": true, "manzana_id": 52}}, {"type": "Feature", "geometry": {"type": "Polygon", "coordinates": [[[344.61872777967244, -71.10985584537403], [336.6920990106047, -72.22305584572737], [337.86641438394156, -80.57205584560904], [338.15999322718886, -80.46073584549461], [341.2915008887252, -79.90413584571343], [340.90006243129386, -77.45509584556885], [345.4016046948827, -76.78717584567323], [344.61872777967244, -71.10985584537403]]]}, "properties": {"id": 1346, "height_m": 6.0, "levels": 2, "category": "residencial", "extrude": true, "manzana_id": 52}}, {"type": "Feature", "geometry": {"type": "Polygon", "coordinates": [[[353.6218123071977, -72.89097584562299], [353.2303738494187, -69.88533584569723], [350.58816425984537, -70.21929584564504], [350.9796027176243, -73.2249358455708], [353.6218123071977, -72.89097584562299]]]}, "properties": {"id": 1347, "height_m": 6.0, "levels": 2, "category": "residencial", "extrude": true, "manzana_id": 52}}, {"type": "Feature", "geometry": {"type": "Polygon", "coordinates": [[[350.58816425984537, -70.21929584564504], [344.8144470083881, -70.99853584565508], [344.61872777967244, -71.10985584537403], [345.4016046948827, -76.78717584567323], [345.79304315266165, -79.12489584570338], [353.52395269266606, -77.90037584563109], [354.3068296082239, -77.78905584551666], [353.6218123071977, -72.89097584562299], [350.9796027176243, -73.2249358455708], [350.58816425984537, -70.21929584564504]]]}, "properties": {"id": 1348, "height_m": 3.0, "levels": 1, "category": "residencial", "extrude": true, "manzana_id": 52}}, {"type": "Feature", "geometry": {"type": "Polygon", "coordinates": [[[345.4016046948827, -76.78717584567323], [340.90006243129386, -77.45509584556885], [341.2915008887252, -79.90413584571343], [345.79304315266165, -79.12489584570338], [345.4016046948827, -76.78717584567323]]]}, "properties": {"id": 1349, "height_m": 9.0, "levels": 3, "category": "residencial", "extrude": true, "manzana_id": 52}}, {"type": "Feature", "geometry": {"type": "Polygon", "coordinates": [[[350.0988661875348, -86.58333584546057], [354.69826806600287, -85.91541584556495], [353.52395269266606, -77.90037584563109], [348.92455081454557, -78.67961584564114], [350.0988661875348, -86.58333584546057]]]}, "properties": {"id": 1350, "height_m": 12.0, "levels": 4, "category": "residencial", "extrude": true, "manzana_id": 52}}, {"type": "Feature", "geometry": {"type": "Polygon", "coordinates": [[[341.19364127454116, -87.80785584553286], [343.05297394855666, -87.58521584569948], [342.7593951053093, -85.58145584561714], [345.59732392394596, -85.1361758455549], [345.4016046948827, -83.68901584564924], [349.5117085010402, -83.02109584535813], [349.5117085010402, -82.57581584569138], [348.92455081454557, -78.67961584564114], [338.15999322718886, -80.46073584549461], [339.23644898564646, -88.14181584548066], [341.19364127454116, -87.80785584553286]]]}, "properties": {"id": 1351, "height_m": 9.0, "levels": 3, "category": "residencial", "extrude": true, "manzana_id": 52}}, {"type": "Feature", "geometry": {"type": "Polygon", "coordinates": [[[343.05297394855666, -87.58521584569948], [345.89090276719327, -87.13993584563724], [345.59732392394596, -85.1361758455549], [342.7593951053093, -85.58145584561714], [343.05297394855666, -87.58521584569948]]]}, "properties": {"id": 1352, "height_m": 12.0, "levels": 4, "category": "residencial", "extrude": true, "manzana_id": 52}}, {"type": "Feature", "geometry": {"type": "Polygon", "coordinates": [[[341.38936050325685, -87.80785584553286], [339.23644898564646, -88.14181584548066], [340.4107643589833, -96.26817584552896], [355.8725834389921, -93.81913584538438], [354.99184690925017, -88.03049584536623], [354.69826806600287, -85.91541584556495], [351.37104117540326, -86.36069584562719], [351.86033924736626, -89.92293584572963], [348.04381428445606, -90.47953584551081], [348.04381428445606, -89.8116158456152], [341.87865857556744, -90.70217584573967], [341.38936050325685, -87.80785584553286]]]}, "properties": {"id": 1353, "height_m": 12.0, "levels": 4, "category": "residencial", "extrude": true, "manzana_id": 52}}, {"type": "Feature", "geometry": {"type": "Polygon", "coordinates": [[[347.55451621249307, -86.91729584540838], [341.6829393465041, -87.80785584553286], [341.97651818975146, -90.36821584539638], [347.94595467027204, -89.47765584566739], [347.55451621249307, -86.91729584540838]]]}, "properties": {"id": 1354, "height_m": 15.0, "levels": 5, "category": "residencial", "extrude": true, "manzana_id": 52}}, {"type": "Feature", "geometry": {"type": "Polygon", "coordinates": [[[341.6829393465041, -87.80785584553286], [341.38936050325685, -87.80785584553286], [341.87865857556744, -90.70217584573967], [348.04381428445606, -89.8116158456152], [347.94595467027204, -89.47765584566739], [341.97651818975146, -90.36821584539638], [341.6829393465041, -87.80785584553286]]]}, "properties": {"id": 1355, "height_m": 12.0, "levels": 4, "category": "residencial", "extrude": true, "manzana_id": 52}}, {"type": "Feature", "geometry": {"type": "Polygon", "coordinates": [[[354.99184690925017, -93.93045584549881], [340.4107643589833, -96.26817584552896], [341.19364127454116, -101.38889584565149], [347.0652181401825, -100.49833584552701], [346.7716392969352, -98.6058958455591], [349.8052873442875, -98.16061584549686], [350.00100657335076, -100.05305584546477], [355.5790045957448, -99.16249584573578], [355.3832853670291, -97.047415845539], [354.99184690925017, -93.93045584549881]]]}, "properties": {"id": 1356, "height_m": 3.0, "levels": 1, "category": "residencial", "extrude": true, "manzana_id": 52}}, {"type": "Feature", "geometry": {"type": "Polygon", "coordinates": [[[359.1998103295917, -96.49081584536233], [358.9062314863444, -93.48517584543657], [355.8725834389921, -93.81913584538438], [354.99184690925017, -93.93045584549881], [355.3832853670291, -97.047415845539], [359.1998103295917, -96.49081584536233]]]}, "properties": {"id": 1357, "height_m": 6.0, "levels": 2, "category": "residencial", "extrude": true, "manzana_id": 52}}, {"type": "Feature", "geometry": {"type": "Polygon", "coordinates": [[[347.0652181401825, -100.49833584552701], [341.19364127454116, -101.38889584565149], [341.97651818975146, -106.62093584549297], [347.8480950557404, -105.73037584536848], [347.0652181401825, -100.49833584552701]]]}, "properties": {"id": 1358, "height_m": 9.0, "levels": 3, "category": "residencial", "extrude": true, "manzana_id": 52}}, {"type": "Feature", "geometry": {"type": "Polygon", "coordinates": [[[355.5790045957448, -99.16249584573578], [347.0652181401825, -100.49833584552701], [347.8480950557404, -105.73037584536848], [353.52395269266606, -104.83981584563949], [354.69826806600287, -104.72849584552506], [359.8848276306179, -103.83793584540058], [359.59124878737066, -100.27569584569363], [355.77472382480806, -100.72097584536039], [355.5790045957448, -99.16249584573578]]]}, "properties": {"id": 1359, "height_m": 6.0, "levels": 2, "category": "residencial", "extrude": true, "manzana_id": 52}}, {"type": "Feature", "geometry": {"type": "Polygon", "coordinates": [[[342.46581626206205, -110.29449584570983], [341.6829393465041, -110.40581584542878], [342.46581626206205, -116.63973584550916], [349.60956811557185, -115.63785584566574], [349.5117085010402, -114.85861584565569], [347.26093736924577, -115.1925758456035], [343.2486931776199, -115.74917584538468], [342.7593951053093, -112.18693584567774], [342.46581626206205, -110.29449584570983]]]}, "properties": {"id": 1360, "height_m": 3.0, "levels": 1, "category": "residencial", "extrude": true, "manzana_id": 52}}, {"type": "Feature", "geometry": {"type": "Polygon", "coordinates": [[[348.63097197129827, -105.61905584564954], [346.18448161044057, -105.95301584559735], [346.6737796824035, -109.51525584569978], [349.02241042907724, -109.18129584535649], [348.63097197129827, -105.61905584564954]]]}, "properties": {"id": 1361, "height_m": 12.0, "levels": 4, "category": "residencial", "extrude": true, "manzana_id": 52}}, {"type": "Feature", "geometry": {"type": "Polygon", "coordinates": [[[347.26093736924577, -115.1925758456035], [346.6737796824035, -111.63033584550107], [342.7593951053093, -112.18693584567774], [343.2486931776199, -115.74917584538468], [347.26093736924577, -115.1925758456035]]]}, "properties": {"id": 1362, "height_m": 12.0, "levels": 4, "category": "residencial", "extrude": true, "manzana_id": 52}}, {"type": "Feature", "geometry": {"type": "Polygon", "coordinates": [[[346.18448161044057, -105.95301584559735], [341.97651818975146, -106.62093584549297], [342.46581626206205, -110.29449584570983], [342.7593951053093, -112.18693584567774], [346.6737796824035, -111.63033584550107], [347.26093736924577, -115.1925758456035], [349.5117085010402, -114.85861584565569], [353.915391150445, -114.30201584547902], [353.1325142348871, -108.6246958455753], [349.02241042907724, -109.18129584535649], [346.6737796824035, -109.51525584569978], [346.18448161044057, -105.95301584559735]]]}, "properties": {"id": 1363, "height_m": 9.0, "levels": 3, "category": "residencial", "extrude": true, "manzana_id": 52}}, {"type": "Feature", "geometry": {"type": "Polygon", "coordinates": [[[357.0468988123289, -104.28321584546282], [354.69826806600287, -104.72849584552506], [353.52395269266606, -104.83981584563949], [354.99184690925017, -115.08125584548907], [363.0163352925019, -113.85673584541678], [380.5332062755894, -111.18505584543882], [382.5882581786681, -110.85109584549102], [382.49039856448417, -110.07185584548097], [383.76257355200505, -107.73413584545082], [384.4475908530313, -107.62281584573188], [383.4689947087577, -100.1643758455792], [370.55152560379065, -102.27945584538048], [370.94296406156957, -105.1737758455873], [368.0071756284012, -105.61905584564954], [368.4964737007119, -108.51337584546087], [365.3649660388279, -109.06997584563754], [365.56068526789124, -110.07185584548097], [361.4505814617337, -110.73977584537658], [360.3741257029285, -103.83793584540058], [359.8848276306179, -103.83793584540058], [360.47198531746017, -106.84357584572183], [357.43833727010787, -107.28885584538858], [357.0468988123289, -104.28321584546282]]]}, "properties": {"id": 1364, "height_m": 12.0, "levels": 4, "category": "residencial", "extrude": true, "manzana_id": 52}}, {"type": "Feature", "geometry": {"type": "Polygon", "coordinates": [[[384.4475908530313, -107.62281584573188], [383.76257355200505, -107.73413584545082], [382.49039856448417, -110.07185584548097], [382.5882581786681, -110.85109584549102], [384.7411696962786, -110.51713584554321], [384.4475908530313, -107.62281584573188]]]}, "properties": {"id": 1365, "height_m": 9.0, "levels": 3, "category": "residencial", "extrude": true, "manzana_id": 52}}, {"type": "Feature", "geometry": {"type": "Polygon", "coordinates": [[[370.55152560379065, -102.27945584538048], [367.5178775564383, -102.72473584544272], [368.0071756284012, -105.61905584564954], [370.94296406156957, -105.1737758455873], [370.55152560379065, -102.27945584538048]]]}, "properties": {"id": 1366, "height_m": 6.0, "levels": 2, "category": "residencial", "extrude": true, "manzana_id": 52}}, {"type": "Feature", "geometry": {"type": "Polygon", "coordinates": [[[380.5332062755894, -111.18505584543882], [363.0163352925019, -113.85673584541678], [363.1141949070335, -114.30201584547902], [374.4659101808848, -112.52089584562555], [380.5332062755894, -111.63033584550107], [380.5332062755894, -111.18505584543882]]]}, "properties": {"id": 1367, "height_m": 6.0, "levels": 2, "category": "residencial", "extrude": true, "manzana_id": 52}}, {"type": "Feature", "geometry": {"type": "Polygon", "coordinates": [[[367.5178775564383, -102.72473584544272], [360.3741257029285, -103.83793584540058], [361.4505814617337, -110.73977584537658], [365.56068526789124, -110.07185584548097], [365.3649660388279, -109.06997584563754], [368.4964737007119, -108.51337584546087], [368.0071756284012, -105.61905584564954], [367.5178775564383, -102.72473584544272]]]}, "properties": {"id": 1368, "height_m": 15.0, "levels": 5, "category": "residencial", "extrude": true, "manzana_id": 52}}, {"type": "Feature", "geometry": {"type": "Polygon", "coordinates": [[[359.8848276306179, -103.83793584540058], [357.0468988123289, -104.28321584546282], [357.43833727010787, -107.28885584538858], [360.47198531746017, -106.84357584572183], [359.8848276306179, -103.83793584540058]]]}, "properties": {"id": 1369, "height_m": 6.0, "levels": 2, "category": "residencial", "extrude": true, "manzana_id": 52}}, {"type": "Feature", "geometry": {"type": "Polygon", "coordinates": [[[382.1968197208892, -90.36821584539638], [364.48422950908605, -92.70593584542652], [358.9062314863444, -93.48517584543657], [359.39552955865497, -98.6058958455591], [359.8848276306179, -103.83793584540058], [383.4689947087577, -100.1643758455792], [382.1968197208892, -90.36821584539638]]]}, "properties": {"id": 1370, "height_m": 9.0, "levels": 3, "category": "residencial", "extrude": true, "manzana_id": 52}}, {"type": "Feature", "geometry": {"type": "Polygon", "coordinates": [[[373.97661210892187, -97.38137584548682], [377.7931370714844, -96.82477584570563], [377.49955822823705, -94.59837584539443], [373.68303326567457, -95.1549758455711], [373.97661210892187, -97.38137584548682]]]}, "properties": {"id": 1371, "height_m": 12.0, "levels": 4, "category": "residencial", "extrude": true, "manzana_id": 52}}, {"type": "Feature", "geometry": {"type": "Polygon", "coordinates": [[[373.68303326567457, -95.1549758455711], [372.1172794345587, -94.15309584572768], [369.8665083027644, -94.48705584567548], [370.55152560379065, -99.16249584573578], [372.9980159646483, -98.82853584539248], [373.97661210892187, -97.38137584548682], [373.68303326567457, -95.1549758455711]]]}, "properties": {"id": 1372, "height_m": 3.0, "levels": 1, "category": "residencial", "extrude": true, "manzana_id": 52}}, {"type": "Feature", "geometry": {"type": "Polygon", "coordinates": [[[363.50563336481247, -86.80597584568943], [354.99184690925017, -88.03049584536623], [355.8725834389921, -93.81913584538438], [358.9062314863444, -93.48517584543657], [364.48422950908605, -92.70593584542652], [363.50563336481247, -86.80597584568943]]]}, "properties": {"id": 1373, "height_m": 3.0, "levels": 1, "category": "residencial", "extrude": true, "manzana_id": 52}}, {"type": "Feature", "geometry": {"type": "Polygon", "coordinates": [[[377.7931370714844, -84.69089584549266], [374.1723313376375, -85.24749584566933], [374.4659101808848, -87.25125584535618], [378.08671591507937, -86.694655845575], [377.7931370714844, -84.69089584549266]]]}, "properties": {"id": 1374, "height_m": 15.0, "levels": 5, "category": "residencial", "extrude": true, "manzana_id": 52}}, {"type": "Feature", "geometry": {"type": "Polygon", "coordinates": [[[374.1723313376375, -85.24749584566933], [370.8451044470379, -85.69277584573157], [371.3344025193485, -88.5870958455429], [374.5637697954165, -88.03049584536623], [374.4659101808848, -87.25125584535618], [374.1723313376375, -85.24749584566933]]]}, "properties": {"id": 1375, "height_m": 3.0, "levels": 1, "category": "residencial", "extrude": true, "manzana_id": 52}}, {"type": "Feature", "geometry": {"type": "Polygon", "coordinates": [[[370.8451044470379, -85.69277584573157], [367.61573717096996, -86.24937584551276], [368.1050352429329, -89.14369584571958], [371.3344025193485, -88.5870958455429], [370.8451044470379, -85.69277584573157]]]}, "properties": {"id": 1376, "height_m": 15.0, "levels": 5, "category": "residencial", "extrude": true, "manzana_id": 52}}, {"type": "Feature", "geometry": {"type": "Polygon", "coordinates": [[[367.61573717096996, -86.24937584551276], [363.50563336481247, -86.80597584568943], [364.48422950908605, -92.70593584542652], [382.1968197208892, -90.36821584539638], [381.41394280567897, -84.13429584571148], [377.7931370714844, -84.69089584549266], [378.08671591507937, -86.694655845575], [374.4659101808848, -87.25125584535618], [374.5637697954165, -88.03049584536623], [371.3344025193485, -88.5870958455429], [368.1050352429329, -89.14369584571958], [367.61573717096996, -86.24937584551276]]]}, "properties": {"id": 1377, "height_m": 12.0, "levels": 4, "category": "residencial", "extrude": true, "manzana_id": 52}}, {"type": "Feature", "geometry": {"type": "Polygon", "coordinates": [[[361.84201991951267, -76.78717584567323], [354.3068296082239, -77.78905584551666], [353.52395269266606, -77.90037584563109], [354.69826806600287, -85.91541584556495], [354.99184690925017, -88.03049584536623], [363.50563336481247, -86.80597584568943], [361.84201991951267, -76.78717584567323]]]}, "properties": {"id": 1378, "height_m": 3.0, "levels": 1, "category": "residencial", "extrude": true, "manzana_id": 52}}, {"type": "Feature", "geometry": {"type": "Polygon", "coordinates": [[[380.631065890121, -77.67773584540222], [376.5209620839635, -78.34565584569333], [376.9124005417425, -81.01733584567128], [380.9246447333683, -80.34941584538018], [380.631065890121, -77.67773584540222]]]}, "properties": {"id": 1379, "height_m": 15.0, "levels": 5, "category": "residencial", "extrude": true, "manzana_id": 52}}, {"type": "Feature", "geometry": {"type": "Polygon", "coordinates": [[[373.4873140366113, -81.35129584561909], [372.9980159646483, -78.12301584546447], [369.8665083027644, -78.5682958455267], [370.2579467605433, -81.79657584568133], [373.4873140366113, -81.35129584561909]]]}, "properties": {"id": 1380, "height_m": 3.0, "levels": 1, "category": "residencial", "extrude": true, "manzana_id": 52}}, {"type": "Feature", "geometry": {"type": "Polygon", "coordinates": [[[380.23962743234205, -74.33813584552865], [363.1141949070335, -76.56453584544437], [361.84201991951267, -76.78717584567323], [363.50563336481247, -86.80597584568943], [381.41394280567897, -84.13429584571148], [380.9246447333683, -80.34941584538018], [376.9124005417425, -81.01733584567128], [376.5209620839635, -78.34565584569333], [380.631065890121, -77.67773584540222], [380.23962743234205, -74.33813584552865]]]}, "properties": {"id": 1381, "height_m": 12.0, "levels": 4, "category": "residencial", "extrude": true, "manzana_id": 52}}, {"type": "Feature", "geometry": {"type": "Polygon", "coordinates": [[[378.28243514379506, -58.75333584572317], [377.9888563005477, -58.53069584549431], [375.933804397469, -58.864655845442115], [360.9612833894231, -60.979735845638885], [361.3527218472021, -64.09669584567908], [371.9215602058431, -62.76085584549236], [372.5087178923377, -67.32497584543822], [368.88791215849085, -67.77025584550046], [368.98577177302246, -68.77213584573937], [370.1600871460117, -68.66081584562494], [370.55152560379065, -72.11173584561294], [376.42310246977956, -71.33249584560289], [376.8145409272108, -74.7834158455909], [380.23962743234205, -74.33813584552865], [378.28243514379506, -58.75333584572317]]]}, "properties": {"id": 1382, "height_m": 15.0, "levels": 5, "category": "residencial", "extrude": true, "manzana_id": 52}}, {"type": "Feature", "geometry": {"type": "Polygon", "coordinates": [[[376.8145409272108, -74.7834158455909], [376.42310246977956, -71.33249584560289], [370.55152560379065, -72.11173584561294], [371.04082367575353, -75.56265584560094], [376.8145409272108, -74.7834158455909]]]}, "properties": {"id": 1383, "height_m": 18.0, "levels": 6, "category": "residencial", "extrude": true, "manzana_id": 52}}, {"type": "Feature", "geometry": {"type": "Polygon", "coordinates": [[[367.0285794841277, -69.99665584541617], [364.2885102800227, -70.44193584547841], [364.48422950908605, -72.77965584550856], [366.9307198699437, -72.44569584556075], [367.4200179419067, -76.00793584566318], [371.04082367575353, -75.56265584560094], [370.55152560379065, -72.11173584561294], [367.322158327375, -72.44569584556075], [367.0285794841277, -69.99665584541617]]]}, "properties": {"id": 1384, "height_m": 15.0, "levels": 5, "category": "residencial", "extrude": true, "manzana_id": 52}}, {"type": "Feature", "geometry": {"type": "Polygon", "coordinates": [[[368.98577177302246, -68.77213584573937], [368.88791215849085, -67.77025584550046], [372.5087178923377, -67.32497584543822], [371.9215602058431, -62.76085584549236], [361.3527218472021, -64.09669584567908], [363.1141949070335, -76.56453584544437], [367.4200179419067, -76.00793584566318], [366.9307198699437, -72.44569584556075], [364.48422950908605, -72.77965584550856], [364.2885102800227, -70.44193584547841], [367.0285794841277, -69.99665584541617], [366.9307198699437, -69.10609584568718], [368.98577177302246, -68.77213584573937]]]}, "properties": {"id": 1385, "height_m": 18.0, "levels": 6, "category": "residencial", "extrude": true, "manzana_id": 52}}, {"type": "Feature", "geometry": {"type": "Polygon", "coordinates": [[[362.13559876275997, -69.55137584535393], [360.9612833894231, -60.979735845638885], [353.42609307848204, -61.98161584548231], [354.8939872947185, -72.89097584562299], [358.6126526430971, -72.33437584544632], [358.3190737998498, -69.99665584541617], [362.13559876275997, -69.55137584535393]]]}, "properties": {"id": 1386, "height_m": 6.0, "levels": 2, "category": "residencial", "extrude": true, "manzana_id": 52}}, {"type": "Feature", "geometry": {"type": "Polygon", "coordinates": [[[362.13559876275997, -69.55137584535393], [358.3190737998498, -69.99665584541617], [358.6126526430971, -72.33437584544632], [362.4291776060073, -71.88909584538408], [362.13559876275997, -69.55137584535393]]]}, "properties": {"id": 1387, "height_m": 9.0, "levels": 3, "category": "residencial", "extrude": true, "manzana_id": 52}}, {"type": "Feature", "geometry": {"type": "Polygon", "coordinates": [[[351.17532194634, -62.31557584543012], [343.7379912495829, -63.428775845387975], [344.52086816514077, -68.43817584539607], [347.1630777547141, -68.10421584544827], [347.45665659796146, -70.66457584570728], [352.34963731967684, -69.99665584541617], [351.17532194634, -62.31557584543012]]]}, "properties": {"id": 1388, "height_m": 6.0, "levels": 2, "category": "residencial", "extrude": true, "manzana_id": 52}}, {"type": "Feature", "geometry": {"type": "Polygon", "coordinates": [[[350.8817431030927, -69.21741584540612], [350.68602387437704, -67.88157584561489], [348.63097197129827, -68.2155358455627], [348.8266912000139, -69.44005584563499], [350.8817431030927, -69.21741584540612]]]}, "properties": {"id": 1389, "height_m": 9.0, "levels": 3, "category": "residencial", "extrude": true, "manzana_id": 52}}, {"type": "Feature", "geometry": {"type": "Polygon", "coordinates": [[[395.70144651269857, -67.32497584543822], [399.3222522465454, -66.87969584537598], [397.6586388012457, -55.19109584562074], [394.1356926815827, -55.74769584540192], [395.70144651269857, -67.32497584543822]]]}, "properties": {"id": 1390, "height_m": 6.0, "levels": 2, "category": "residencial", "extrude": true, "manzana_id": 57}}, {"type": "Feature", "geometry": {"type": "Polygon", "coordinates": [[[404.50881181116046, -69.99665584541617], [402.9430579803923, -70.21929584564504], [403.53021566688693, -74.22681584541422], [405.2916887267184, -74.00417584558085], [408.22747715953903, -73.5588958455186], [407.6403194730444, -69.55137584535393], [404.50881181116046, -69.99665584541617]]]}, "properties": {"id": 1391, "height_m": 3.0, "levels": 1, "category": "residencial", "extrude": true, "manzana_id": 57}}, {"type": "Feature", "geometry": {"type": "Polygon", "coordinates": [[[404.50881181116046, -69.99665584541617], [404.3130925824448, -68.2155358455627], [399.6158310897927, -68.88345584545831], [399.90940993304, -70.88721584554065], [398.5393753309875, -70.99853584565508], [399.02867340329817, -74.33813584552865], [400.10512916175566, -74.11549584569528], [400.49656761953463, -76.6758558455588], [405.58526756996565, -76.00793584566318], [405.2916887267184, -74.00417584558085], [403.53021566688693, -74.22681584541422], [402.9430579803923, -70.21929584564504], [404.50881181116046, -69.99665584541617]]]}, "properties": {"id": 1392, "height_m": 15.0, "levels": 5, "category": "residencial", "extrude": true, "manzana_id": 57}}, {"type": "Feature", "geometry": {"type": "Polygon", "coordinates": [[[407.6403194730444, -69.55137584535393], [407.1510214010815, -65.76649584541812], [399.3222522465454, -66.87969584537598], [395.70144651269857, -67.32497584543822], [397.36505995799837, -80.1267758455468], [408.91249446056526, -78.5682958455267], [408.22747715953903, -73.5588958455186], [405.2916887267184, -74.00417584558085], [405.58526756996565, -76.00793584566318], [400.49656761953463, -76.6758558455588], [400.10512916175566, -74.11549584569528], [399.02867340329817, -74.33813584552865], [398.5393753309875, -70.99853584565508], [399.90940993304, -70.88721584554065], [399.6158310897927, -68.88345584545831], [404.3130925824448, -68.2155358455627], [404.50881181116046, -69.99665584541617], [407.6403194730444, -69.55137584535393]]]}, "properties": {"id": 1393, "height_m": 12.0, "levels": 4, "category": "residencial", "extrude": true, "manzana_id": 57}}, {"type": "Feature", "geometry": {"type": "Polygon", "coordinates": [[[397.36505995799837, -82.68713584541032], [396.8757618856877, -82.79845584552476], [397.46291957218233, -87.69653584541842], [397.9522176444929, -87.69653584541842], [397.36505995799837, -82.68713584541032]]]}, "properties": {"id": 1394, "height_m": 9.0, "levels": 3, "category": "residencial", "extrude": true, "manzana_id": 57}}, {"type": "Feature", "geometry": {"type": "Polygon", "coordinates": [[[409.40179253287585, -82.24185584534808], [406.27028487099193, -82.68713584541032], [406.66172332877085, -85.47013584550271], [409.7932309906548, -85.02485584544047], [409.40179253287585, -82.24185584534808]]]}, "properties": {"id": 1395, "height_m": 3.0, "levels": 1, "category": "residencial", "extrude": true, "manzana_id": 57}}, {"type": "Feature", "geometry": {"type": "Polygon", "coordinates": [[[406.27028487099193, -82.68713584541032], [406.17242525680797, -82.24185584534808], [401.67088299287144, -82.90977584563919], [401.86660222158713, -84.69089584549266], [402.0623214506504, -85.47013584550271], [403.82379451013423, -85.1361758455549], [404.0195137391975, -86.36069584562719], [406.7595829433025, -86.02673584567938], [406.66172332877085, -85.47013584550271], [406.27028487099193, -82.68713584541032]]]}, "properties": {"id": 1396, "height_m": 15.0, "levels": 5, "category": "residencial", "extrude": true, "manzana_id": 57}}, {"type": "Feature", "geometry": {"type": "Polygon", "coordinates": [[[409.40179253287585, -82.24185584534808], [408.91249446056526, -78.5682958455267], [397.36505995799837, -80.1267758455468], [396.9736215002194, -80.1267758455468], [397.36505995799837, -82.68713584541032], [397.9522176444929, -87.69653584541842], [398.2457964877402, -90.145575845563], [398.73509456005087, -90.145575845563], [410.2825290626178, -88.2531358455951], [409.7932309906548, -85.02485584544047], [406.66172332877085, -85.47013584550271], [406.7595829433025, -86.02673584567938], [404.0195137391975, -86.36069584562719], [403.82379451013423, -85.1361758455549], [402.0623214506504, -85.47013584550271], [401.86660222158713, -84.69089584549266], [401.67088299287144, -82.90977584563919], [406.17242525680797, -82.24185584534808], [406.27028487099193, -82.68713584541032], [409.40179253287585, -82.24185584534808]]]}, "properties": {"id": 1397, "height_m": 12.0, "levels": 4, "category": "residencial", "extrude": true, "manzana_id": 57}}, {"type": "Feature", "geometry": {"type": "Polygon", "coordinates": [[[410.96754636364403, -93.48517584543657], [410.2825290626178, -88.2531358455951], [398.73509456005087, -90.145575845563], [399.4201118610771, -94.8210158456233], [403.6280752814186, -94.15309584572768], [404.6066714256921, -100.27569584569363], [400.2029887762873, -100.94361584558925], [400.9858656918452, -106.39829584565959], [412.5333001947598, -104.61717584541063], [411.8482828937336, -99.38513584556915], [407.24888101526545, -100.05305584546477], [406.27028487099193, -94.37573584556105], [410.96754636364403, -93.48517584543657]]]}, "properties": {"id": 1398, "height_m": 12.0, "levels": 4, "category": "residencial", "extrude": true, "manzana_id": 57}}, {"type": "Feature", "geometry": {"type": "Polygon", "coordinates": [[[410.96754636364403, -93.48517584543657], [406.27028487099193, -94.37573584556105], [407.24888101526545, -100.05305584546477], [411.8482828937336, -99.38513584556915], [411.261125207239, -95.26629584568553], [410.96754636364403, -93.48517584543657]]]}, "properties": {"id": 1399, "height_m": 3.0, "levels": 1, "category": "residencial", "extrude": true, "manzana_id": 57}}, {"type": "Feature", "geometry": {"type": "Polygon", "coordinates": [[[400.2029887762873, -100.94361584558925], [404.6066714256921, -100.27569584569363], [403.6280752814186, -94.15309584572768], [399.4201118610771, -94.8210158456233], [400.2029887762873, -100.94361584558925]]]}, "properties": {"id": 1400, "height_m": 15.0, "levels": 5, "category": "residencial", "extrude": true, "manzana_id": 57}}, {"type": "Feature", "geometry": {"type": "Polygon", "coordinates": [[[411.261125207239, -53.1873358455384], [411.65256366467025, -55.079775845506305], [406.4660041000552, -55.74769584540192], [407.73817908757604, -63.2061358455546], [410.67396752039673, -62.76085584549236], [410.47824829168104, -61.6476558455345], [413.4140367245017, -61.20237584547226], [414.00119441099633, -64.87593584568913], [411.06540597817565, -65.32121584535588], [412.2397213515125, -74.00417584558085], [414.5883520978386, -73.67021584563304], [414.2947732545913, -70.99853584565508], [421.927823180064, -69.99665584541617], [422.319261637843, -72.55701584567518], [423.9828750831428, -72.22305584572737], [422.7107000956219, -63.65141584561684], [419.6770520482696, -64.09669584567908], [419.28561359049064, -60.31181584534778], [422.12354240877966, -59.97785584539997], [422.319261637843, -60.979735845638885], [425.7443481429742, -60.534455845576645], [424.47217315510574, -53.29865584565283], [419.187753975959, -53.96657584554845], [418.8941751327117, -52.07413584558054], [411.261125207239, -53.1873358455384]]]}, "properties": {"id": 1401, "height_m": 12.0, "levels": 4, "category": "residencial", "extrude": true, "manzana_id": 57}}, {"type": "Feature", "geometry": {"type": "Polygon", "coordinates": [[[425.7443481429742, -60.534455845576645], [422.319261637843, -60.979735845638885], [422.7107000956219, -63.65141584561684], [423.9828750831428, -72.22305584572737], [424.17859431185843, -74.22681584541422], [427.9951192747686, -73.67021584563304], [425.7443481429742, -60.534455845576645]]]}, "properties": {"id": 1402, "height_m": 12.0, "levels": 4, "category": "residencial", "extrude": true, "manzana_id": 57}}, {"type": "Feature", "geometry": {"type": "Polygon", "coordinates": [[[422.319261637843, -72.55701584567518], [421.927823180064, -69.99665584541617], [414.2947732545913, -70.99853584565508], [414.5883520978386, -73.67021584563304], [422.319261637843, -72.55701584567518]]]}, "properties": {"id": 1403, "height_m": 15.0, "levels": 5, "category": "residencial", "extrude": true, "manzana_id": 57}}, {"type": "Feature", "geometry": {"type": "Polygon", "coordinates": [[[411.8482828937336, -99.38513584556915], [415.7626674708278, -98.82853584539248], [415.1755097843332, -94.8210158456233], [411.261125207239, -95.26629584568553], [411.8482828937336, -99.38513584556915]]]}, "properties": {"id": 1404, "height_m": 15.0, "levels": 5, "category": "residencial", "extrude": true, "manzana_id": 57}}, {"type": "Feature", "geometry": {"type": "Polygon", "coordinates": [[[414.9797905556175, -75.78529584543432], [415.2733693988648, -77.56641584568328], [408.91249446056526, -78.45697584541227], [408.91249446056526, -78.5682958455267], [410.2825290626178, -88.2531358455951], [411.261125207239, -95.26629584568553], [415.1755097843332, -94.8210158456233], [415.7626674708278, -98.82853584539248], [411.8482828937336, -99.38513584556915], [412.5333001947598, -104.61717584541063], [422.2214020233113, -102.72473584544272], [420.5577885780115, -91.03613584568748], [417.62200014519084, -91.37009584563529], [417.2305616874119, -88.36445584570953], [420.1663501202326, -88.03049584536623], [418.69845590399603, -77.12113584562104], [418.40487706040113, -75.1173758455387], [414.9797905556175, -75.78529584543432]]]}, "properties": {"id": 1405, "height_m": 12.0, "levels": 4, "category": "residencial", "extrude": true, "manzana_id": 57}}, {"type": "Feature", "geometry": {"type": "Polygon", "coordinates": [[[407.73817908757604, -63.2061358455546], [408.129617545355, -65.32121584535588], [408.129617545355, -65.65517584569918], [407.1510214010815, -65.76649584541812], [408.91249446056526, -78.45697584541227], [415.2733693988648, -77.56641584568328], [414.9797905556175, -75.78529584543432], [414.5883520978386, -73.67021584563304], [412.2397213515125, -74.00417584558085], [411.06540597817565, -65.32121584535588], [410.67396752039673, -62.76085584549236], [407.73817908757604, -63.2061358455546]]]}, "properties": {"id": 1406, "height_m": 12.0, "levels": 4, "category": "residencial", "extrude": true, "manzana_id": 57}}, {"type": "Feature", "geometry": {"type": "Polygon", "coordinates": [[[420.5577885780115, -91.03613584568748], [423.2978577821165, -90.59085584562524], [422.61284048109025, -85.24749584566933], [419.87277127698525, -85.58145584561714], [420.5577885780115, -91.03613584568748]]]}, "properties": {"id": 1407, "height_m": 12.0, "levels": 4, "category": "residencial", "extrude": true, "manzana_id": 57}}, {"type": "Feature", "geometry": {"type": "Polygon", "coordinates": [[[425.7443481429742, -90.70217584573967], [423.19999816758485, -74.44945584564309], [420.06849050570094, -74.89473584570533], [418.40487706040113, -75.1173758455387], [418.69845590399603, -77.12113584562104], [419.87277127698525, -85.58145584561714], [422.61284048109025, -85.24749584566933], [423.2978577821165, -90.59085584562524], [420.5577885780115, -91.03613584568748], [422.2214020233113, -102.72473584544272], [427.50582120245804, -101.83417584571373], [426.2336462149372, -93.81913584538438], [422.80855970980593, -94.26441584544662], [422.319261637843, -91.14745584540643], [425.7443481429742, -90.70217584573967]]]}, "properties": {"id": 1408, "height_m": 9.0, "levels": 3, "category": "residencial", "extrude": true, "manzana_id": 57}}, {"type": "Feature", "geometry": {"type": "Polygon", "coordinates": [[[424.17859431185843, -80.79469584544242], [426.3315058294688, -80.46073584549461], [425.7443481429742, -76.78717584567323], [423.5914366253638, -77.23245584573547], [424.17859431185843, -80.79469584544242]]]}, "properties": {"id": 1409, "height_m": 3.0, "levels": 1, "category": "residencial", "extrude": true, "manzana_id": 57}}, {"type": "Feature", "geometry": {"type": "Polygon", "coordinates": [[[431.8116442376788, -94.26441584544662], [429.65873272006843, -94.70969584550886], [430.93090770758926, -101.83417584571373], [432.98595961066803, -101.38889584565149], [431.8116442376788, -94.26441584544662]]]}, "properties": {"id": 1410, "height_m": 3.0, "levels": 1, "category": "residencial", "extrude": true, "manzana_id": 57}}, {"type": "Feature", "geometry": {"type": "Polygon", "coordinates": [[[429.5608731055368, -81.6852558455669], [427.60368081698965, -82.13053584562914], [427.9951192747686, -83.91165584548261], [429.95231156331573, -83.5776958455348], [429.5608731055368, -81.6852558455669]]]}, "properties": {"id": 1411, "height_m": 3.0, "levels": 1, "category": "residencial", "extrude": true, "manzana_id": 57}}, {"type": "Feature", "geometry": {"type": "Polygon", "coordinates": [[[429.5608731055368, -81.6852558455669], [428.19083850348426, -73.67021584563304], [427.9951192747686, -73.67021584563304], [424.17859431185843, -74.22681584541422], [423.19999816758485, -74.44945584564309], [423.5914366253638, -77.23245584573547], [425.7443481429742, -76.78717584567323], [426.3315058294688, -80.46073584549461], [424.17859431185843, -80.79469584544242], [427.60368081698965, -102.39077584549491], [430.93090770758926, -101.83417584571373], [429.65873272006843, -94.70969584550886], [431.8116442376788, -94.26441584544662], [429.95231156331573, -83.5776958455348], [427.9951192747686, -83.91165584548261], [427.60368081698965, -82.13053584562914], [429.5608731055368, -81.6852558455669]]]}, "properties": {"id": 1412, "height_m": 6.0, "levels": 2, "category": "residencial", "extrude": true, "manzana_id": 57}}, {"type": "Feature", "geometry": {"type": "Polygon", "coordinates": [[[435.33459035699406, -85.02485584544047], [433.27953845391534, -72.89097584562299], [428.3865577325476, -73.67021584563304], [428.19083850348426, -73.67021584563304], [430.34375002109465, -85.80409584545052], [435.33459035699406, -85.02485584544047]]]}, "properties": {"id": 1413, "height_m": 6.0, "levels": 2, "category": "residencial", "extrude": true, "manzana_id": 57}}, {"type": "Feature", "geometry": {"type": "Polygon", "coordinates": [[[435.33459035699406, -85.02485584544047], [430.34375002109465, -85.80409584545052], [433.08381922519965, -101.7228558455993], [437.8789403323834, -100.94361584558925], [435.33459035699406, -85.02485584544047]]]}, "properties": {"id": 1414, "height_m": 3.0, "levels": 1, "category": "residencial", "extrude": true, "manzana_id": 57}}, {"type": "Feature", "geometry": {"type": "Polygon", "coordinates": [[[440.5211499219568, -84.46825584565929], [435.33459035699406, -85.02485584544047], [437.7810807178518, -100.1643758455792], [442.96764028281444, -99.27381584545472], [442.08690375272494, -94.04177584561324], [440.03185184964616, -94.37573584556105], [439.4446941631516, -91.14745584540643], [441.597605680762, -90.81349584545862], [440.5211499219568, -84.46825584565929]]]}, "properties": {"id": 1415, "height_m": 3.0, "levels": 1, "category": "residencial", "extrude": true, "manzana_id": 57}}, {"type": "Feature", "geometry": {"type": "Polygon", "coordinates": [[[443.55479796930905, -77.45509584556885], [443.2612191260618, -75.78529584543432], [439.2489749344359, -76.45321584572542], [440.7168691506724, -85.35881584538828], [444.82697295682993, -84.69089584549266], [443.55479796930905, -77.45509584556885]]]}, "properties": {"id": 1416, "height_m": 6.0, "levels": 2, "category": "residencial", "extrude": true, "manzana_id": 57}}, {"type": "Feature", "geometry": {"type": "Polygon", "coordinates": [[[449.524234449482, -85.1361758455549], [446.5884460166614, -85.80409584545052], [446.88202485990865, -87.69653584541842], [449.91567290726096, -87.13993584563724], [449.524234449482, -85.1361758455549]]]}, "properties": {"id": 1417, "height_m": 6.0, "levels": 2, "category": "residencial", "extrude": true, "manzana_id": 57}}, {"type": "Feature", "geometry": {"type": "Polygon", "coordinates": [[[443.7505171980247, -92.14933584564534], [444.7291133426459, -92.03801584553091], [444.43553449905096, -90.25689584567743], [443.45693835477744, -90.47953584551081], [443.7505171980247, -92.14933584564534]]]}, "properties": {"id": 1418, "height_m": 6.0, "levels": 2, "category": "residencial", "extrude": true, "manzana_id": 57}}, {"type": "Feature", "geometry": {"type": "Polygon", "coordinates": [[[443.55479796930905, -77.45509584556885], [444.82697295682993, -84.69089584549266], [440.7168691506724, -85.35881584538828], [441.597605680762, -90.81349584545862], [443.45693835477744, -90.47953584551081], [444.43553449905096, -90.25689584567743], [444.7291133426459, -92.03801584553091], [443.7505171980247, -92.14933584564534], [441.89118452400925, -92.48329584559315], [442.96764028281444, -99.27381584545472], [451.77500558162404, -97.82665584554906], [450.50283059375556, -90.47953584551081], [447.37132293221924, -91.03613584568748], [446.88202485990865, -87.69653584541842], [446.5884460166614, -85.80409584545052], [449.524234449482, -85.1361758455549], [448.6434979197401, -79.90413584571343], [448.54563830520846, -79.57017584537013], [448.0563402332455, -76.6758558455588], [443.55479796930905, -77.45509584556885]]]}, "properties": {"id": 1419, "height_m": 3.0, "levels": 1, "category": "residencial", "extrude": true, "manzana_id": 57}}, {"type": "Feature", "geometry": {"type": "Polygon", "coordinates": [[[452.7536017258977, -79.23621584542232], [451.4814267383768, -79.45885584565119], [448.6434979197401, -79.90413584571343], [449.23065560623473, -83.46637584542037], [453.3407594123922, -82.79845584552476], [452.7536017258977, -79.23621584542232]]]}, "properties": {"id": 1420, "height_m": 3.0, "levels": 1, "category": "residencial", "extrude": true, "manzana_id": 57}}, {"type": "Feature", "geometry": {"type": "Polygon", "coordinates": [[[456.2765478452128, -85.91541584556495], [454.8086536289764, -86.13805584539833], [455.2000920867553, -88.03049584536623], [453.43861902692385, -88.47577584542847], [452.94932095461326, -86.58333584546057], [449.91567290726096, -87.13993584563724], [451.77500558162404, -97.82665584554906], [458.2337401341077, -96.7134558455912], [456.37440745974453, -86.36069584562719], [456.2765478452128, -85.91541584556495]]]}, "properties": {"id": 1421, "height_m": 3.0, "levels": 1, "category": "residencial", "extrude": true, "manzana_id": 57}}, {"type": "Feature", "geometry": {"type": "Polygon", "coordinates": [[[461.5609670247073, -85.35881584538828], [459.89735357940737, -85.69277584573157], [456.37440745974453, -86.36069584562719], [457.64658244726536, -93.70781584566544], [460.38665165137036, -93.2625358456032], [459.40805550709683, -87.80785584553286], [461.8545458679545, -87.36257584547062], [461.5609670247073, -85.35881584538828]]]}, "properties": {"id": 1422, "height_m": 15.0, "levels": 5, "category": "residencial", "extrude": true, "manzana_id": 57}}, {"type": "Feature", "geometry": {"type": "Polygon", "coordinates": [[[461.5609670247073, -85.35881584538828], [461.8545458679545, -87.36257584547062], [459.40805550709683, -87.80785584553286], [460.38665165137036, -93.2625358456032], [457.64658244726536, -93.70781584566544], [458.42945936282325, -97.60401584571568], [463.12672085547536, -96.7134558455912], [464.5946150720595, -94.70969584550886], [463.0288612409437, -85.1361758455549], [461.5609670247073, -85.35881584538828]]]}, "properties": {"id": 1423, "height_m": 12.0, "levels": 4, "category": "residencial", "extrude": true, "manzana_id": 57}}, {"type": "Feature", "geometry": {"type": "Polygon", "coordinates": [[[456.4722670742762, -78.79093584536008], [456.6679863029918, -79.57017584537013], [455.10223247222365, -79.792815845599], [456.37440745974453, -86.36069584562719], [459.89735357940737, -85.69277584573157], [458.5273189773549, -78.45697584541227], [456.4722670742762, -78.79093584536008]]]}, "properties": {"id": 1424, "height_m": 9.0, "levels": 3, "category": "residencial", "extrude": true, "manzana_id": 57}}, {"type": "Feature", "geometry": {"type": "Polygon", "coordinates": [[[459.89735357940737, -85.69277584573157], [463.0288612409437, -85.1361758455549], [461.7566862534228, -78.01169584535003], [458.5273189773549, -78.45697584541227], [459.89735357940737, -85.69277584573157]]]}, "properties": {"id": 1425, "height_m": 6.0, "levels": 2, "category": "residencial", "extrude": true, "manzana_id": 57}}, {"type": "Feature", "geometry": {"type": "Polygon", "coordinates": [[[450.0135325217926, -70.44193584547841], [447.077744088972, -70.88721584554065], [448.1541998474295, -77.45509584556885], [451.08998828059777, -77.00981584550661], [451.4814267383768, -79.45885584565119], [455.00437285769203, -79.01357584558895], [456.4722670742762, -78.79093584536008], [461.7566862534228, -78.01169584535003], [460.1909324226547, -68.88345584545831], [453.6343382556395, -69.88533584569723], [454.41721517119737, -74.22681584541422], [450.69854982281885, -74.7834158455909], [450.0135325217926, -70.44193584547841]]]}, "properties": {"id": 1426, "height_m": 3.0, "levels": 1, "category": "residencial", "extrude": true, "manzana_id": 57}}, {"type": "Feature", "geometry": {"type": "Polygon", "coordinates": [[[451.4814267383768, -79.45885584565119], [451.08998828059777, -77.00981584550661], [448.1541998474295, -77.45509584556885], [448.54563830520846, -79.57017584537013], [448.6434979197401, -79.90413584571343], [451.4814267383768, -79.45885584565119]]]}, "properties": {"id": 1427, "height_m": 6.0, "levels": 2, "category": "residencial", "extrude": true, "manzana_id": 57}}, {"type": "Feature", "geometry": {"type": "Polygon", "coordinates": [[[460.1909324226547, -68.88345584545831], [460.7780901091493, -68.77213584573937], [460.2887920371864, -65.98913584564698], [460.6802304946176, -65.98913584564698], [457.9401612905126, -51.18357584545606], [457.64658244726536, -51.294895845570494], [456.8637055320551, -46.17417584544796], [451.6771459670925, -46.95341584545801], [451.57928635256076, -46.50813584539577], [438.75967686212533, -48.28925584564473], [438.857536476657, -48.845855845425916], [434.64957305596783, -49.40245584560259], [434.74743267049945, -49.84773584566483], [434.8452922850311, -49.84773584566483], [454.71079401444473, -46.95341584545801], [456.76584591752345, -48.51189584547811], [460.1909324226547, -68.88345584545831]]]}, "properties": {"id": 1428, "height_m": 9.0, "levels": 3, "category": "residencial", "extrude": true, "manzana_id": 57}}, {"type": "Feature", "geometry": {"type": "Polygon", "coordinates": [[[446.3927267879457, -59.309935845504356], [454.31935555666576, -58.1967358455465], [453.5364786414555, -54.41185584561069], [443.16335951153013, -55.74769584540192], [443.7505171980247, -59.643895845452164], [446.3927267879457, -59.309935845504356]]]}, "properties": {"id": 1429, "height_m": 15.0, "levels": 5, "category": "residencial", "extrude": true, "manzana_id": 57}}, {"type": "Feature", "geometry": {"type": "Polygon", "coordinates": [[[443.7505171980247, -59.643895845452164], [440.9125883797357, -59.97785584539997], [442.1847633672566, -67.88157584561489], [445.21841141460885, -67.43629584555265], [445.0226921858932, -66.21177584548036], [447.56704216093493, -65.76649584541812], [446.3927267879457, -59.309935845504356], [443.7505171980247, -59.643895845452164]]]}, "properties": {"id": 1430, "height_m": 3.0, "levels": 1, "category": "residencial", "extrude": true, "manzana_id": 57}}, {"type": "Feature", "geometry": {"type": "Polygon", "coordinates": [[[440.42329030742513, -68.10421584544827], [438.07465956109905, -52.29677584541392], [435.1388711282784, -52.74205584547616], [437.68322110332014, -68.5494958455105], [440.42329030742513, -68.10421584544827]]]}, "properties": {"id": 1431, "height_m": 15.0, "levels": 5, "category": "residencial", "extrude": true, "manzana_id": 57}}, {"type": "Feature", "geometry": {"type": "Polygon", "coordinates": [[[460.1909324226547, -68.88345584545831], [456.76584591752345, -48.51189584547811], [454.71079401444473, -46.95341584545801], [434.8452922850311, -49.84773584566483], [434.74743267049945, -49.84773584566483], [435.1388711282784, -52.74205584547616], [438.07465956109905, -52.29677584541392], [440.42329030742513, -68.10421584544827], [442.1847633672566, -67.88157584561489], [440.9125883797357, -59.97785584539997], [443.7505171980247, -59.643895845452164], [443.16335951153013, -55.74769584540192], [453.5364786414555, -54.41185584561069], [454.31935555666576, -58.1967358455465], [446.3927267879457, -59.309935845504356], [447.56704216093493, -65.76649584541812], [445.0226921858932, -66.21177584548036], [445.21841141460885, -67.43629584555265], [445.80556910110346, -71.10985584537403], [447.077744088972, -70.88721584554065], [450.0135325217926, -70.44193584547841], [460.1909324226547, -68.88345584545831]]]}, "properties": {"id": 1432, "height_m": 12.0, "levels": 4, "category": "residencial", "extrude": true, "manzana_id": 57}}, {"type": "Feature", "geometry": {"type": "Polygon", "coordinates": [[[435.72602881477303, -55.970335845630785], [434.74743267049945, -49.84773584566483], [424.17859431185843, -51.406215845684926], [425.157190456132, -57.41749584553645], [435.72602881477303, -55.970335845630785]]]}, "properties": {"id": 1433, "height_m": 3.0, "levels": 1, "category": "residencial", "extrude": true, "manzana_id": 57}}, {"type": "Feature", "geometry": {"type": "Polygon", "coordinates": [[[407.24888101526545, -60.089175845514404], [406.17242525680797, -53.96657584554845], [397.85435802996125, -55.19109584562074], [397.6586388012457, -55.19109584562074], [398.3436561022719, -59.86653584568103], [401.5730233783398, -59.42125584561879], [401.76874260740317, -60.86841584552445], [407.24888101526545, -60.089175845514404]]]}, "properties": {"id": 1434, "height_m": 3.0, "levels": 1, "category": "residencial", "extrude": true, "manzana_id": 57}}, {"type": "Feature", "geometry": {"type": "Polygon", "coordinates": [[[407.73817908757604, -63.428775845387975], [405.6831271844973, -63.65141584561684], [405.9767060277446, -65.87781584553255], [407.1510214010815, -65.76649584541812], [408.129617545355, -65.65517584569918], [408.129617545355, -65.32121584535588], [407.73817908757604, -63.428775845387975]]]}, "properties": {"id": 1435, "height_m": 3.0, "levels": 1, "category": "residencial", "extrude": true, "manzana_id": 57}}, {"type": "Feature", "geometry": {"type": "Polygon", "coordinates": [[[401.76874260740317, -60.86841584552445], [398.5393753309875, -61.31369584558669], [399.3222522465454, -66.87969584537598], [405.0959694980027, -66.10045584536593], [404.6066714256921, -62.09293584559674], [407.4446002443288, -61.75897584564893], [407.24888101526545, -60.089175845514404], [401.76874260740317, -60.86841584552445]]]}, "properties": {"id": 1436, "height_m": 6.0, "levels": 2, "category": "residencial", "extrude": true, "manzana_id": 57}}, {"type": "Feature", "geometry": {"type": "Polygon", "coordinates": [[[353.2303738494187, 44.77426415431239], [353.42609307848204, 43.215784154292294], [348.04381428445606, 42.3252241545633], [348.53311235676665, 38.98562415429424], [364.9735275810489, 41.6573041542722], [364.2885102800227, 46.666704154280296], [358.41693341438145, 45.66482415443687], [358.7105122576287, 43.8837041545834], [355.8725834389921, 43.43842415452116], [355.5790045957448, 45.21954415437463], [353.2303738494187, 44.77426415431239]]]}, "properties": {"id": 1437, "height_m": 3.0, "levels": 1, "category": "residencial", "extrude": true, "manzana_id": 51}}]}