{"type": "FeatureCollection", "crs": {"type": "name", "properties": {"name": "EPSG:32628_local_enu_m_section_centroid", "lng0": -16.82617089953175, "lat0": 28.372775527364617}}, "features": [{"type": "Feature", "geometry": {"type": "Polygon", "coordinates": [[[-816.2074076978332, 666.1975862292223], [-807.7839118658642, 666.6428662292846], [-808.0777547436792, 671.874906229126], [-816.5012505756481, 671.4296262290638], [-816.2074076978332, 666.1975862292223]]]}, "properties": {"id": 0, "height_m": 3.0, "levels": 1, "category": "residencial", "extrude": true, "manzana_id": 3}}, {"type": "Feature", "geometry": {"type": "Polygon", "coordinates": [[[-813.0730836675759, 382.88818622907183], [-812.8771884154673, 386.1164662292265], [-812.8771884154673, 386.4504262291743], [-812.3874502858919, 391.4598262291824], [-812.1915550337833, 393.0183062292025], [-812.779240789413, 393.12962622931695], [-816.3053553238875, 393.79754622921257], [-817.0889363316259, 393.908866229327], [-816.8930410795173, 393.4635862292647], [-817.9704649650705, 383.7787462291964], [-813.0730836675759, 382.88818622907183]]]}, "properties": {"id": 1, "height_m": 3.0, "levels": 1, "category": "residencial", "extrude": true, "manzana_id": 0}}, {"type": "Feature", "geometry": {"type": "Polygon", "coordinates": [[[-814.1505075527812, 424.967146229219], [-839.8127855529053, 428.5293862293214], [-839.9107331786116, 428.5293862293214], [-841.2819999419797, 420.06906622932536], [-840.7922618124041, 419.9577462292109], [-826.2960131709852, 417.8426662290141], [-825.8062750414098, 421.29358622900213], [-820.9088937435672, 420.51434622899205], [-820.7129984918066, 421.8501862291788], [-815.0320361865738, 420.9596262290543], [-814.5422980566503, 424.4105462290423], [-814.1505075527812, 424.967146229219]]]}, "properties": {"id": 2, "height_m": 3.0, "levels": 1, "category": "residencial", "extrude": true, "manzana_id": 0}}, {"type": "Feature", "geometry": {"type": "Polygon", "coordinates": [[[-825.904222667464, 436.099146229193], [-830.4098134610894, 436.76706622908864], [-835.013351881117, 437.43498622898426], [-838.3435711634829, 437.99158622916093], [-838.6374140412978, 437.99158622916093], [-840.1066284307202, 428.5293862293214], [-839.9107331786116, 428.5293862293214], [-839.9107331786116, 428.5293862293214], [-839.8127855529053, 428.5293862293214], [-831.0954468427734, 427.3048662292491], [-830.6057087131979, 430.6444662291227], [-827.6672799343532, 430.3105062291749], [-826.6878036748543, 430.08786622894604], [-825.904222667464, 436.099146229193]]]}, "properties": {"id": 3, "height_m": 3.0, "levels": 1, "category": "residencial", "extrude": true, "manzana_id": 0}}, {"type": "Feature", "geometry": {"type": "Polygon", "coordinates": [[[-827.6672799343532, 430.3105062291749], [-828.0590704382224, 426.8595862291869], [-820.0273651101226, 425.7463862292291], [-818.851993598515, 435.09726622895414], [-818.851993598515, 435.09726622895414], [-825.904222667464, 436.099146229193], [-826.6878036748543, 430.08786622894604], [-827.6672799343532, 430.3105062291749]]]}, "properties": {"id": 4, "height_m": 6.0, "levels": 2, "category": "residencial", "extrude": true, "manzana_id": 0}}, {"type": "Feature", "geometry": {"type": "Polygon", "coordinates": [[[-835.5030900106925, 459.92162622916123], [-832.8585041100107, 459.5876662292135], [-832.1728707283266, 464.93102622916933], [-833.0543993621192, 465.0423462292838], [-834.7195090033022, 465.2649862291172], [-835.5030900106925, 460.3669062292235], [-835.5030900106925, 459.92162622916123]]]}, "properties": {"id": 5, "height_m": 6.0, "levels": 2, "category": "residencial", "extrude": true, "manzana_id": 0}}, {"type": "Feature", "geometry": {"type": "Polygon", "coordinates": [[[-832.8585041100107, 459.5876662292135], [-829.0385466977214, 459.0310662290368], [-828.5488085681458, 462.927266229087], [-828.3529133160373, 464.37442622899266], [-832.1728707283266, 464.93102622916933], [-832.8585041100107, 459.5876662292135]]]}, "properties": {"id": 6, "height_m": 9.0, "levels": 3, "category": "residencial", "extrude": true, "manzana_id": 0}}, {"type": "Feature", "geometry": {"type": "Polygon", "coordinates": [[[-835.8948805145617, 457.47258622901666], [-835.3071947589319, 457.3612662292977], [-831.2913420948821, 456.9159862292355], [-829.4303372015905, 456.5820262292877], [-829.0385466977214, 459.0310662290368], [-832.8585041100107, 459.5876662292135], [-835.5030900106925, 459.92162622916123], [-835.6010376367468, 459.476346229099], [-835.8948805145617, 457.47258622901666]]]}, "properties": {"id": 7, "height_m": 9.0, "levels": 3, "category": "residencial", "extrude": true, "manzana_id": 0}}, {"type": "Feature", "geometry": {"type": "Polygon", "coordinates": [[[-829.4303372015905, 456.5820262292877], [-820.8109461178608, 455.4688262293298], [-820.2232603618831, 459.476346229099], [-822.3781081329896, 459.81030622904683], [-822.182212881229, 461.9253862292436], [-828.5488085681458, 462.927266229087], [-829.0385466977214, 459.0310662290368], [-829.4303372015905, 456.5820262292877]]]}, "properties": {"id": 8, "height_m": 3.0, "levels": 1, "category": "residencial", "extrude": true, "manzana_id": 0}}, {"type": "Feature", "geometry": {"type": "Polygon", "coordinates": [[[-820.8109461178608, 455.4688262293298], [-807.000330858126, 453.68770622908085], [-806.6085403546048, 453.57638622896644], [-806.4126451024962, 453.4650662292475], [-806.3146974764419, 454.1329862291431], [-806.020854598627, 457.2499462291833], [-806.3146974764419, 457.3612662292977], [-809.8408120109164, 457.9178662290789], [-809.6449167591558, 459.0310662290368], [-810.2326025147855, 459.1423862291512], [-815.3258790643886, 459.5876662292135], [-815.1299838122801, 460.81218622928577], [-819.9294174840683, 461.5914262292958], [-820.2232603618831, 459.476346229099], [-820.8109461178608, 455.4688262293298]]]}, "properties": {"id": 9, "height_m": 3.0, "levels": 1, "category": "residencial", "extrude": true, "manzana_id": 0}}, {"type": "Feature", "geometry": {"type": "Polygon", "coordinates": [[[-810.2326025147855, 459.1423862291512], [-809.6449167591558, 459.0310662290368], [-809.8408120109164, 457.9178662290789], [-806.3146974764419, 457.3612662292977], [-806.020854598627, 457.2499462291833], [-805.9229069729207, 458.25182622902673], [-805.6290640951058, 460.9235062290047], [-806.020854598627, 460.9235062290047], [-806.6085403546048, 461.0348262291191], [-807.1962261102344, 461.0348262291191], [-809.8408120109164, 461.4801062291814], [-809.9387596369706, 461.0348262291191], [-810.2326025147855, 459.1423862291512]]]}, "properties": {"id": 10, "height_m": 6.0, "levels": 2, "category": "residencial", "extrude": true, "manzana_id": 0}}, {"type": "Feature", "geometry": {"type": "Polygon", "coordinates": [[[-817.6766220872556, 472.389466229322], [-812.2895026598376, 471.72154622903093], [-811.7997645299141, 471.610226229312], [-811.5059216520993, 473.5026662292799], [-811.407974026045, 474.0592662290611], [-817.2848315833864, 474.83850622907113], [-817.2848315833864, 474.39322622900886], [-817.6766220872556, 472.389466229322]]]}, "properties": {"id": 11, "height_m": 3.0, "levels": 1, "category": "residencial", "extrude": true, "manzana_id": 0}}, {"type": "Feature", "geometry": {"type": "Polygon", "coordinates": [[[-821.7904223773598, 466.71214622902284], [-826.1001179192247, 467.2687462291995], [-826.4919084230937, 464.5970662292216], [-826.883698926963, 464.1517862291593], [-826.1001179192247, 464.0404662290449], [-822.4760557590439, 463.4838662292637], [-821.7904223773598, 466.71214622902284]]]}, "properties": {"id": 12, "height_m": 3.0, "levels": 1, "category": "residencial", "extrude": true, "manzana_id": 0}}, {"type": "Feature", "geometry": {"type": "Polygon", "coordinates": [[[-806.6085403546048, 461.0348262291191], [-806.1188022246813, 467.9366662290951], [-805.7270117208121, 472.8347462289888], [-806.2167498507356, 473.28002622905103], [-808.8613357514174, 473.61398622899884], [-808.9592833774717, 473.16870622893657], [-809.7428643848621, 467.7140262292618], [-811.407974026045, 467.9366662290951], [-810.9182358964695, 471.4989062291976], [-811.7997645299141, 471.610226229312], [-812.2895026598376, 471.72154622903093], [-817.6766220872556, 472.389466229322], [-818.1663602168311, 472.50078622904095], [-819.7335222323077, 463.0385862292014], [-811.7997645299141, 461.81406622912914], [-810.722340644361, 461.5914262292958], [-809.8408120109164, 461.4801062291814], [-807.1962261102344, 461.0348262291191], [-806.6085403546048, 461.0348262291191]]]}, "properties": {"id": 13, "height_m": 3.0, "levels": 1, "category": "residencial", "extrude": true, "manzana_id": 0}}, {"type": "Feature", "geometry": {"type": "Polygon", "coordinates": [[[-826.1001179192247, 467.2687462291995], [-821.7904223773598, 466.71214622902284], [-819.7335222323077, 475.2837862291334], [-822.182212881229, 475.7290662291956], [-824.7288511558565, 476.1743462292578], [-825.4144845375406, 476.28566622897677], [-827.569332308647, 476.73094622903903], [-832.1728707283266, 477.51018622904905], [-832.6626088582501, 477.6215062291635], [-833.3482422399342, 477.6215062291635], [-834.0338756216181, 472.8347462289888], [-834.7195090033022, 467.7140262292618], [-832.9564517360649, 467.3800662293139], [-831.2913420948821, 467.04610622897064], [-831.1933944688277, 468.0479862292095], [-826.1001179192247, 467.2687462291995]]]}, "properties": {"id": 14, "height_m": 3.0, "levels": 1, "category": "residencial", "extrude": true, "manzana_id": 0}}, {"type": "Feature", "geometry": {"type": "Polygon", "coordinates": [[[-808.8613357514174, 473.61398622899884], [-806.2167498507356, 473.28002622905103], [-805.7270117208121, 472.8347462289888], [-805.335221216943, 477.06490622898684], [-810.5264453926004, 477.732826229278], [-810.3305501408398, 479.1799862291836], [-810.2326025147855, 479.7365862289648], [-818.1663602168311, 480.84978622931817], [-821.496579499545, 481.29506622898487], [-821.7904223773598, 478.62338622900694], [-825.0226940336714, 479.0686662290692], [-825.0226940336714, 479.6252662292459], [-824.9247464079651, 479.95922622919363], [-824.9247464079651, 480.51582622897484], [-832.1728707283266, 481.6290262293282], [-832.6626088582501, 477.6215062291635], [-832.1728707283266, 477.51018622904905], [-827.569332308647, 476.73094622903903], [-825.4144845375406, 476.28566622897677], [-824.7288511558565, 476.1743462292578], [-822.182212881229, 475.7290662291956], [-819.7335222323077, 475.2837862291334], [-817.4807268354949, 474.83850622907113], [-817.2848315833864, 474.83850622907113], [-811.407974026045, 474.0592662290611], [-808.8613357514174, 473.61398622899884]]]}, "properties": {"id": 15, "height_m": 3.0, "levels": 1, "category": "residencial", "extrude": true, "manzana_id": 0}}, {"type": "Feature", "geometry": {"type": "Polygon", "coordinates": [[[-805.2372735912367, 479.0686662290692], [-804.4536925834983, 488.19690622896087], [-803.9639544535748, 495.3213862291658], [-803.7680592018144, 497.9930662291437], [-803.3762686979452, 502.44586622897515], [-816.5012505756481, 503.4477462292141], [-818.1663602168311, 481.29506622898487], [-818.1663602168311, 480.84978622931817], [-810.2326025147855, 479.7365862289648], [-805.2372735912367, 479.0686662290692]]]}, "properties": {"id": 16, "height_m": 3.0, "levels": 1, "category": "residencial", "extrude": true, "manzana_id": 0}}, {"type": "Feature", "geometry": {"type": "Polygon", "coordinates": [[[-802.2008971866857, 517.6967062292283], [-802.1029495606314, 518.5872662289573], [-801.8091066828165, 521.5929062292786], [-801.319368552893, 527.7155062292445], [-806.8044356063654, 528.2721062290257], [-812.9751360415216, 528.8287062292023], [-817.7745697133099, 529.2739862292647], [-822.7698986368587, 529.7192662293269], [-825.0226940336714, 529.9419062291602], [-825.5124321635949, 530.0532262292746], [-826.3939607970394, 523.4853462292465], [-807.2941737362888, 521.7042262289975], [-807.5880166141036, 518.5872662289573], [-802.5926876902068, 518.1419862292905], [-802.2008971866857, 517.6967062292283]]]}, "properties": {"id": 17, "height_m": 3.0, "levels": 1, "category": "residencial", "extrude": true, "manzana_id": 0}}, {"type": "Feature", "geometry": {"type": "Polygon", "coordinates": [[[-825.4144845375406, 481.74034622904713], [-824.9247464079651, 486.30446622899296], [-830.8995515910128, 486.9723862292841], [-831.3892897205884, 487.3063462292319], [-831.4872373466426, 486.5271062292219], [-831.976975476566, 483.18750622895277], [-832.0749231022724, 482.6309062291716], [-831.4872373466426, 482.6309062291716], [-825.4144845375406, 481.74034622904713]]]}, "properties": {"id": 18, "height_m": 3.0, "levels": 1, "category": "residencial", "extrude": true, "manzana_id": 0}}, {"type": "Feature", "geometry": {"type": "Polygon", "coordinates": [[[-825.1206416597257, 531.1664262292325], [-825.2185892857799, 529.9419062291602], [-825.2185892857799, 529.9419062291602], [-825.0226940336714, 529.9419062291602], [-823.6514272703034, 529.8305862290458], [-823.5534796445971, 530.9437862290036], [-825.1206416597257, 531.1664262292325]]]}, "properties": {"id": 19, "height_m": 6.0, "levels": 2, "category": "residencial", "extrude": true, "manzana_id": 0}}, {"type": "Feature", "geometry": {"type": "Polygon", "coordinates": [[[-806.3146974764419, 538.4022262291563], [-806.7064879803111, 535.0626262292827], [-803.5721639500538, 534.7286662289395], [-803.2783210718908, 538.0682662292086], [-803.8660068278685, 538.1795862293229], [-806.3146974764419, 538.4022262291563]]]}, "properties": {"id": 20, "height_m": 3.0, "levels": 1, "category": "residencial", "extrude": true, "manzana_id": 0}}, {"type": "Feature", "geometry": {"type": "Polygon", "coordinates": [[[-803.7680592018144, 532.947546229086], [-812.2895026598376, 533.8381062292104], [-812.6812931637068, 529.9419062291602], [-804.1598497056835, 529.1626662291502], [-803.7680592018144, 532.947546229086]]]}, "properties": {"id": 21, "height_m": 9.0, "levels": 3, "category": "residencial", "extrude": true, "manzana_id": 0}}, {"type": "Feature", "geometry": {"type": "Polygon", "coordinates": [[[-815.2279314383344, 535.7305462291783], [-815.8156171939642, 530.275866229108], [-812.6812931637068, 529.9419062291602], [-812.2895026598376, 533.8381062292104], [-803.7680592018144, 532.947546229086], [-803.5721639500538, 534.7286662289395], [-806.7064879803111, 535.0626262292827], [-806.3146974764419, 538.4022262291563], [-806.8044356063654, 538.5135462292708], [-811.8977121559685, 538.9588262289375], [-811.9956597820227, 539.0701462290519], [-812.2895026598376, 535.5079062289495], [-815.2279314383344, 535.7305462291783]]]}, "properties": {"id": 22, "height_m": 6.0, "levels": 2, "category": "residencial", "extrude": true, "manzana_id": 0}}, {"type": "Feature", "geometry": {"type": "Polygon", "coordinates": [[[-822.6719510108044, 540.1833462290098], [-822.9657938886194, 537.0663862289696], [-817.9704649650705, 536.6211062293029], [-817.6766220872556, 539.6267462292286], [-819.2437841023843, 539.7380662289476], [-822.6719510108044, 540.1833462290098]]]}, "properties": {"id": 23, "height_m": 6.0, "levels": 2, "category": "residencial", "extrude": true, "manzana_id": 0}}, {"type": "Feature", "geometry": {"type": "Polygon", "coordinates": [[[-822.9657938886194, 537.0663862289696], [-823.5534796445971, 530.9437862290036], [-817.9704649650705, 530.3871862292225], [-815.8156171939642, 530.275866229108], [-815.2279314383344, 535.7305462291783], [-814.8361409344652, 539.2927862292809], [-815.0320361865738, 539.2927862292809], [-815.6197219422035, 539.4041062289998], [-817.6766220872556, 539.6267462292286], [-817.9704649650705, 536.6211062293029], [-822.9657938886194, 537.0663862289696]]]}, "properties": {"id": 24, "height_m": 9.0, "levels": 3, "category": "residencial", "extrude": true, "manzana_id": 0}}, {"type": "Feature", "geometry": {"type": "Polygon", "coordinates": [[[-823.5534796445971, 530.9437862290036], [-823.6514272703034, 529.8305862290458], [-822.7698986368587, 529.7192662293269], [-818.0684125911248, 529.2739862292647], [-817.9704649650705, 530.3871862292225], [-823.5534796445971, 530.9437862290036]]]}, "properties": {"id": 25, "height_m": 6.0, "levels": 2, "category": "residencial", "extrude": true, "manzana_id": 0}}, {"type": "Feature", "geometry": {"type": "Polygon", "coordinates": [[[-822.6719510108044, 540.1833462290098], [-823.5534796445971, 540.2946662291242], [-823.8473225224119, 540.2946662291242], [-824.0432177741725, 539.0701462290519], [-822.8678462629131, 538.9588262289375], [-823.0637415146736, 537.0663862289696], [-822.9657938886194, 537.0663862289696], [-822.6719510108044, 540.1833462290098]]]}, "properties": {"id": 26, "height_m": 6.0, "levels": 2, "category": "residencial", "extrude": true, "manzana_id": 0}}, {"type": "Feature", "geometry": {"type": "Polygon", "coordinates": [[[-824.0432177741725, 539.0701462290519], [-824.3370606519874, 537.177706229084], [-823.0637415146736, 537.0663862289696], [-822.8678462629131, 538.9588262289375], [-824.0432177741725, 539.0701462290519]]]}, "properties": {"id": 27, "height_m": 6.0, "levels": 2, "category": "residencial", "extrude": true, "manzana_id": 0}}, {"type": "Feature", "geometry": {"type": "Polygon", "coordinates": [[[-824.3370606519874, 537.177706229084], [-824.532955904096, 535.5079062289495], [-823.2596367664341, 535.3965862292306], [-823.0637415146736, 537.0663862289696], [-824.3370606519874, 537.177706229084]]]}, "properties": {"id": 28, "height_m": 9.0, "levels": 3, "category": "residencial", "extrude": true, "manzana_id": 0}}, {"type": "Feature", "geometry": {"type": "Polygon", "coordinates": [[[-824.532955904096, 535.5079062289495], [-824.6309035298023, 534.9513062291683], [-825.1206416597257, 531.1664262292325], [-823.5534796445971, 530.9437862290036], [-822.9657938886194, 537.0663862289696], [-823.0637415146736, 537.0663862289696], [-823.2596367664341, 535.3965862292306], [-824.532955904096, 535.5079062289495]]]}, "properties": {"id": 29, "height_m": 9.0, "levels": 3, "category": "residencial", "extrude": true, "manzana_id": 0}}, {"type": "Feature", "geometry": {"type": "Polygon", "coordinates": [[[-803.8660068278685, 538.1795862293229], [-800.633735171209, 537.8456262289797], [-800.5357875455027, 537.8456262289797], [-799.9481017895249, 545.1927462290179], [-799.9481017895249, 545.7493462291945], [-806.6085403546048, 546.1946262292568], [-806.7064879803111, 543.8569062292266], [-807.1962261102344, 543.9682262289456], [-807.3921213619951, 541.7418262290299], [-807.7839118658642, 541.8531462291444], [-807.7839118658642, 540.8512662293009], [-813.75871704926, 541.2965462289676], [-813.8566646749663, 539.7380662289476], [-813.8566646749663, 539.1814662291664], [-811.8977121559685, 538.9588262289375], [-806.8044356063654, 538.5135462292708], [-803.8660068278685, 538.1795862293229]]]}, "properties": {"id": 30, "height_m": 3.0, "levels": 1, "category": "residencial", "extrude": true, "manzana_id": 0}}, {"type": "Feature", "geometry": {"type": "Polygon", "coordinates": [[[-819.2437841023843, 539.7380662289476], [-815.6197219422035, 539.4041062289998], [-815.0320361865738, 544.5248262291223], [-820.517103240046, 545.1927462290179], [-823.3575843924884, 545.5267062289657], [-824.0432177741725, 540.2946662291242], [-823.5534796445971, 540.2946662291242], [-819.2437841023843, 539.7380662289476]]]}, "properties": {"id": 31, "height_m": 3.0, "levels": 1, "category": "residencial", "extrude": true, "manzana_id": 0}}, {"type": "Feature", "geometry": {"type": "Polygon", "coordinates": [[[-820.517103240046, 545.1927462290179], [-820.2232603618831, 547.530466229048], [-822.5740033847502, 547.8644262289959], [-822.9657938886194, 547.8644262289959], [-823.0637415146736, 547.419146229329], [-823.3575843924884, 545.5267062289657], [-820.517103240046, 545.1927462290179]]]}, "properties": {"id": 32, "height_m": 3.0, "levels": 1, "category": "residencial", "extrude": true, "manzana_id": 0}}, {"type": "Feature", "geometry": {"type": "Polygon", "coordinates": [[[-817.5786744612012, 560.3322662291566], [-818.3622554689397, 560.3322662291566], [-821.3006842474364, 560.6662262291045], [-822.182212881229, 553.9870262289618], [-818.3622554689397, 553.5417462292951], [-817.8725173390162, 557.2153062291164], [-817.5786744612012, 560.3322662291566]]]}, "properties": {"id": 33, "height_m": 3.0, "levels": 1, "category": "residencial", "extrude": true, "manzana_id": 0}}, {"type": "Feature", "geometry": {"type": "Polygon", "coordinates": [[[-817.5786744612012, 560.3322662291566], [-813.8566646749663, 559.77566622898], [-807.7839118658642, 559.1077462290843], [-804.4536925834983, 558.7737862291365], [-803.9639544535748, 564.8963862291025], [-808.1757023697335, 564.8963862291025], [-810.3305501408398, 564.8963862291025], [-816.2074076978332, 564.8963862291025], [-817.8725173390162, 564.8963862291025], [-820.4191556139917, 564.8963862291025], [-820.7129984918066, 564.8963862291025], [-821.3006842474364, 560.6662262291045], [-818.3622554689397, 560.3322662291566], [-817.5786744612012, 560.3322662291566]]]}, "properties": {"id": 34, "height_m": 3.0, "levels": 1, "category": "restauracion", "extrude": true, "manzana_id": 0}}, {"type": "Feature", "geometry": {"type": "Polygon", "coordinates": [[[-816.5991982017024, 584.600026229187], [-817.9704649650705, 584.600026229187], [-818.851993598515, 578.3661062291067], [-815.4238266904429, 578.0321462291589], [-815.2279314383344, 580.8151462292512], [-815.1299838122801, 583.9321062292914], [-815.1299838122801, 584.600026229187], [-815.6197219422035, 584.600026229187], [-816.5991982017024, 584.600026229187]]]}, "properties": {"id": 35, "height_m": 3.0, "levels": 1, "category": "restauracion", "extrude": true, "manzana_id": 0}}, {"type": "Feature", "geometry": {"type": "Polygon", "coordinates": [[[-809.7428643848621, 569.5718262291628], [-807.6859642398099, 569.3491862293295], [-808.0777547436792, 565.3416662291647], [-808.1757023697335, 564.8963862291025], [-803.9639544535748, 564.8963862291025], [-803.4742163239995, 564.8963862291025], [-803.3762686979452, 567.456746228966], [-798.4788874004506, 567.3454262292471], [-798.1850445226358, 567.3454262292471], [-797.9891492705272, 569.1265462291005], [-796.8137777592676, 583.9321062292914], [-796.8137777592676, 584.600026229187], [-796.8137777592676, 584.600026229187], [-797.3035158888431, 584.4887062290727], [-808.9592833774717, 584.4887062290727], [-809.1551786292323, 581.1491062291991], [-809.5469691331015, 571.1303062291829], [-809.7428643848621, 569.5718262291628]]]}, "properties": {"id": 36, "height_m": 3.0, "levels": 1, "category": "restauracion", "extrude": true, "manzana_id": 0}}, {"type": "Feature", "geometry": {"type": "Polygon", "coordinates": [[[-816.2074076978332, 564.8963862291025], [-810.3305501408398, 564.8963862291025], [-810.2326025147855, 565.3416662291647], [-809.7428643848621, 569.5718262291628], [-809.5469691331015, 571.1303062291829], [-809.1551786292323, 581.1491062291991], [-808.9592833774717, 584.4887062290727], [-814.5422980566503, 584.600026229187], [-815.1299838122801, 584.600026229187], [-815.1299838122801, 583.9321062292914], [-815.2279314383344, 580.8151462292512], [-815.4238266904429, 578.0321462291589], [-818.851993598515, 578.3661062291067], [-819.9294174840683, 569.7944662289962], [-820.0273651101226, 569.3491862293295], [-819.5376269801991, 569.3491862293295], [-817.7745697133099, 569.237866229215], [-817.7745697133099, 568.2359862289761], [-816.1094600721269, 568.1246662292572], [-816.2074076978332, 565.3416662291647], [-816.2074076978332, 564.8963862291025]]]}, "properties": {"id": 37, "height_m": 3.0, "levels": 1, "category": "restauracion", "extrude": true, "manzana_id": 0}}, {"type": "Feature", "geometry": {"type": "Polygon", "coordinates": [[[-816.1094600721269, 444.5594662291892], [-836.9723044001148, 447.2311462291671], [-838.3435711634829, 437.99158622916093], [-835.013351881117, 437.43498622898426], [-834.7195090033022, 439.9953462292433], [-830.0180229572203, 439.32742622895216], [-830.4098134610894, 436.76706622908864], [-818.851993598515, 435.09726622895414], [-817.3827792094407, 434.87462622912074], [-816.1094600721269, 444.5594662291892]]]}, "properties": {"id": 38, "height_m": 3.0, "levels": 1, "category": "residencial", "extrude": true, "manzana_id": 0}}, {"type": "Feature", "geometry": {"type": "Polygon", "coordinates": [[[-830.4098134610894, 436.76706622908864], [-830.0180229572203, 439.32742622895216], [-834.7195090033022, 439.9953462292433], [-835.013351881117, 437.43498622898426], [-830.4098134610894, 436.76706622908864]]]}, "properties": {"id": 39, "height_m": 6.0, "levels": 2, "category": "residencial", "extrude": true, "manzana_id": 0}}, {"type": "Feature", "geometry": {"type": "Polygon", "coordinates": [[[-836.4825662701915, 452.7971462289564], [-831.976975476566, 452.1292262290608], [-831.3892897205884, 456.3593862290588], [-831.2913420948821, 456.9159862292355], [-835.3071947589319, 457.3612662292977], [-835.8948805145617, 457.47258622901666], [-836.4825662701915, 452.7971462289564]]]}, "properties": {"id": 40, "height_m": 3.0, "levels": 1, "category": "residencial", "extrude": true, "manzana_id": 0}}, {"type": "Feature", "geometry": {"type": "Polygon", "coordinates": [[[4.006012037593163, -115.38013377096917], [2.830640525985684, -114.93485377090693], [1.7532166404324903, -117.60653377088488], [1.6552690147261853, -118.16313377106155], [-0.20573587856532827, -122.94989377084079], [2.047059518595345, -123.84045377096527], [4.299854915408038, -124.61969377097532], [7.336231319959051, -116.60465377104146], [4.006012037593163, -115.38013377096917]]]}, "properties": {"id": 41, "height_m": 3.0, "levels": 1, "category": "residencial", "extrude": true, "manzana_id": 69}}, {"type": "Feature", "geometry": {"type": "Polygon", "coordinates": [[[-708.1711762709626, 256.3173462290781], [-707.9752810192019, 252.97774622920457], [-705.8204332480956, 252.86642622909014], [-706.0163285002042, 256.3173462290781], [-708.1711762709626, 256.3173462290781]]]}, "properties": {"id": 42, "height_m": 8.0, "levels": 0, "category": "residencial", "extrude": true, "manzana_id": 6}}, {"type": "Feature", "geometry": {"type": "Polygon", "coordinates": [[[-699.8456280650479, 251.08530622923666], [-699.7476804389936, 248.30230622914428], [-697.2989897904203, 248.30230622914428], [-697.3969374161265, 250.97398622912223], [-699.8456280650479, 251.08530622923666]]]}, "properties": {"id": 43, "height_m": 8.0, "levels": 0, "category": "residencial", "extrude": true, "manzana_id": 6}}, {"type": "Feature", "geometry": {"type": "Polygon", "coordinates": [[[-715.2234053399116, 256.53998622930703], [-714.8316148360424, 246.40986622917637], [-695.4379848971288, 246.07590622922856], [-695.5359325231831, 248.30230622914428], [-697.2989897904203, 248.30230622914428], [-699.7476804389936, 248.30230622914428], [-699.8456280650479, 251.08530622923666], [-700.1394709428628, 256.09470622924476], [-706.0163285002042, 256.3173462290781], [-705.8204332480956, 252.86642622909014], [-707.9752810192019, 252.97774622920457], [-708.1711762709626, 256.3173462290781], [-715.2234053399116, 256.53998622930703]]]}, "properties": {"id": 44, "height_m": 3.0, "levels": 1, "category": "residencial", "extrude": true, "manzana_id": 6}}, {"type": "Feature", "geometry": {"type": "Polygon", "coordinates": [[[8.31570757945796, 674.2126262291562], [17.914574923034444, 674.8805462290518], [17.522784419165284, 680.3352262291221], [-13.232770130214004, 678.3314662290398], [8.31570757945796, 674.2126262291562]]]}, "properties": {"id": 45, "height_m": 3.0, "levels": 1, "category": "residencial", "extrude": true, "manzana_id": 86}}, {"type": "Feature", "geometry": {"type": "Polygon", "coordinates": [[[-761.552632415915, 786.0892262290735], [-768.2130709806468, 785.977906228959], [-768.2130709806468, 781.8590662290753], [-771.9350807668818, 781.747746228961], [-771.347395011252, 768.2780262289567], [-764.6869564461723, 769.8365062289769], [-762.2382657975991, 770.3931062291535], [-761.7485276676756, 770.5044262292679], [-761.3567371638064, 770.6157462289868], [-761.4546847898607, 776.5157062291195], [-761.8464752937299, 776.5157062291195], [-762.3362134233054, 776.5157062291195], [-766.1561708355947, 776.5157062291195], [-766.1561708355947, 779.1873862290975], [-762.3362134233054, 779.1873862290975], [-761.8464752937299, 779.1873862290975], [-761.4546847898607, 779.1873862290975], [-761.552632415915, 786.0892262290735]]]}, "properties": {"id": 46, "height_m": 3.0, "levels": 1, "category": "residencial", "extrude": true, "manzana_id": 1}}, {"type": "Feature", "geometry": {"type": "Polygon", "coordinates": [[[-368.2929142119658, 747.0159062292475], [-360.06531363210536, 746.7932662290186], [-360.06531363210536, 747.3498662291954], [-359.9673660060511, 752.4705862293179], [-364.37500917397017, 752.5819062290368], [-364.37500917397017, 750.1328662292877], [-368.2929142119658, 750.1328662292877], [-368.2929142119658, 747.0159062292475]]]}, "properties": {"id": 47, "height_m": 3.0, "levels": 1, "category": "residencial", "extrude": true, "manzana_id": 35}}, {"type": "Feature", "geometry": {"type": "Polygon", "coordinates": [[[-368.2929142119658, 750.1328662292877], [-364.37500917397017, 750.1328662292877], [-364.37500917397017, 752.5819062290368], [-359.9673660060511, 752.4705862293179], [-359.86941837999683, 758.8158262291172], [-368.0970189602053, 758.9271462292317], [-368.1949665862595, 757.5913062290449], [-368.2929142119658, 751.1347462291312], [-368.2929142119658, 750.1328662292877]]]}, "properties": {"id": 48, "height_m": 6.0, "levels": 2, "category": "residencial", "extrude": true, "manzana_id": 35}}, {"type": "Feature", "geometry": {"type": "Polygon", "coordinates": [[[14.780250892429144, 792.4344662292683], [14.48640801461427, 796.5533062291519], [13.213088877300486, 796.5533062291519], [11.645926861823847, 796.4419862290374], [7.140336067850481, 796.1080262290897], [7.336231319959051, 791.8778662290915], [14.780250892429144, 792.4344662292683]]]}, "properties": {"id": 49, "height_m": 3.0, "levels": 1, "category": "residencial", "extrude": true, "manzana_id": 90}}, {"type": "Feature", "geometry": {"type": "Polygon", "coordinates": [[[14.780250892429144, 792.4344662292683], [7.336231319959051, 791.8778662290915], [7.434178946013335, 791.0986262290816], [8.413655205512246, 777.2949462291296], [8.70749808332712, 772.062906229288], [8.70749808332712, 771.7289462289448], [12.625403121322757, 772.062906229288], [14.87819851848343, 772.174226229007], [16.151517655797214, 772.2855462291215], [16.05357002974293, 772.6195062290692], [15.759727151928054, 777.6289062290773], [14.780250892429144, 792.4344662292683]]]}, "properties": {"id": 50, "height_m": 6.0, "levels": 2, "category": "residencial", "extrude": true, "manzana_id": 90}}, {"type": "Feature", "geometry": {"type": "Polygon", "coordinates": [[[8.413655205512246, 777.2949462291296], [2.5367976481708094, 776.8496662290672], [2.830640525985684, 771.7289462289448], [8.70749808332712, 772.062906229288], [8.413655205512246, 777.2949462291296]]]}, "properties": {"id": 51, "height_m": 9.0, "levels": 3, "category": "residencial", "extrude": true, "manzana_id": 90}}, {"type": "Feature", "geometry": {"type": "Polygon", "coordinates": [[[463.7721682638497, 828.1681862292205], [460.44194898113597, 828.2795062289395], [460.44194898113597, 828.0568662291062], [460.44194898113597, 822.3795462292024], [463.67422063779554, 822.3795462292024], [463.7721682638497, 828.1681862292205]]]}, "properties": {"id": 52, "height_m": 3.0, "levels": 1, "category": "residencial", "extrude": true, "manzana_id": 135}}, {"type": "Feature", "geometry": {"type": "Polygon", "coordinates": [[[599.8214207133635, 924.0147062292701], [598.6460492017561, 922.45622622925], [601.8783208584157, 920.0071862291054], [604.6208543851518, 913.1053462291294], [606.2859640263348, 913.8845862291395], [609.8120785604611, 915.6657062289929], [603.5434304995986, 922.2335862290211], [600.311158842939, 924.6826262291656], [599.8214207133635, 924.0147062292701]]]}, "properties": {"id": 53, "height_m": 3.0, "levels": 1, "category": "residencial", "extrude": true, "manzana_id": 138}}, {"type": "Feature", "geometry": {"type": "Polygon", "coordinates": [[[223.31074654764606, 992.8104662291968], [224.68201331101415, 983.9048662291384], [228.50197072330346, 983.793546229024], [229.28555173069384, 974.1087062289556], [235.16240928803524, 973.7747462290077], [242.8023241122659, 988.802946229032], [223.31074654764606, 992.8104662291968]]]}, "properties": {"id": 54, "height_m": 3.0, "levels": 1, "category": "residencial", "extrude": true, "manzana_id": 139}}, {"type": "Feature", "geometry": {"type": "Polygon", "coordinates": [[[-437.24804288354244, -1118.5959737707983], [-436.8562523796733, -1118.484653770684], [-440.4803145398541, -1103.3451337709407], [-445.6715387155115, -1104.569653771013], [-443.4187433186988, -1114.254493770686], [-442.145424181037, -1119.7091737707563], [-437.24804288354244, -1118.5959737707983]]]}, "properties": {"id": 55, "height_m": 3.0, "levels": 1, "category": "residencial", "extrude": true, "manzana_id": 30}}, {"type": "Feature", "geometry": {"type": "Polygon", "coordinates": [[[-342.04295045655994, -1116.9261737710594], [-339.88810268545353, -1126.94497377068], [-328.62412570104203, -1124.3846137708165], [-329.70154958624727, -1119.486533770923], [-342.04295045655994, -1116.9261737710594]]]}, "properties": {"id": 56, "height_m": 3.0, "levels": 1, "category": "residencial", "extrude": true, "manzana_id": 44}}, {"type": "Feature", "geometry": {"type": "Polygon", "coordinates": [[[170.51697615867138, 1388.3304262292122], [171.10466191430112, 1386.5493062289634], [169.1457093953033, 1385.8813862290676], [170.1251856548022, 1382.9870662292565], [174.82667170053617, 1384.5455462292764], [173.84719544103726, 1387.4398662290878], [173.06361443329894, 1387.2172262292545], [172.4759286776692, 1388.998346229108], [170.51697615867138, 1388.3304262292122]]]}, "properties": {"id": 57, "height_m": 3.0, "levels": 1, "category": "residencial", "extrude": true, "manzana_id": 143}}, {"type": "Feature", "geometry": {"type": "Polygon", "coordinates": [[[266.0159114634688, 1508.7786662292401], [248.7771292956616, 1502.8787062291074], [256.8088346237615, 1478.0543462292958], [257.59241563149976, 1475.939266229099], [267.58307347859744, 1479.1675462292537], [267.7789687307061, 1479.2788662289727], [267.9748639824666, 1479.390186229087], [268.1707592342272, 1479.390186229087], [274.6353025471984, 1481.5052662292837], [276.0065693105665, 1481.8392262292316], [278.2593647077272, 1482.7297862289606], [275.2229883031761, 1491.9693462289667], [278.1614170816729, 1492.9712262292057], [278.2593647077272, 1492.9712262292057], [278.06346945561853, 1493.6391462291012], [276.0065693105665, 1499.4277862291194], [275.8106740588059, 1499.316466229005], [273.26403578383037, 1498.537226228995], [272.57840240214625, 1500.7636262293063], [269.5420259975953, 1510.0031862293124], [266.0159114634688, 1508.7786662292401]]]}, "properties": {"id": 58, "height_m": 3.0, "levels": 1, "category": "residencial", "extrude": true, "manzana_id": 145}}, {"type": "Feature", "geometry": {"type": "Polygon", "coordinates": [[[273.9496691655144, 1461.356346229137], [263.95901131841674, 1455.7903462289523], [275.61477880669736, 1434.528226229243], [295.7919897533492, 1445.6602262292172], [291.87408471500555, 1452.7847062290264], [294.42072298998113, 1454.2318662293276], [291.77613708929925, 1459.0186262291068], [289.327446440378, 1457.6827862293155], [284.72390802035034, 1466.1431062293118], [284.23416989077487, 1467.0336662290406], [274.9291454250133, 1461.8016262291992], [274.34145966938354, 1461.5789862289703], [274.1455644176229, 1461.4676662292513], [273.9496691655144, 1461.356346229137]]]}, "properties": {"id": 59, "height_m": 3.0, "levels": 1, "category": "residencial", "extrude": true, "manzana_id": 144}}, {"type": "Feature", "geometry": {"type": "Polygon", "coordinates": [[[-266.42738322025144, -667.6386537707459], [-267.3089118540441, -668.417893770756], [-265.1540640829377, -671.089573770734], [-262.41153055620157, -674.3178537708886], [-246.73991040387108, -661.1820937708321], [-248.79681054857514, -658.7330537706875], [-251.7352393274199, -655.2821337706996], [-257.41620163265276, -660.0688937708743], [-266.42738322025144, -667.6386537707459]]]}, "properties": {"id": 60, "height_m": 3.0, "levels": 1, "category": "residencial", "extrude": true, "manzana_id": 65}}, {"type": "Feature", "geometry": {"type": "Polygon", "coordinates": [[[-84.53864182465763, -682.8894937709991], [-84.63658945036393, -694.0214937709732], [-64.75322138187491, -696.9158137707846], [-62.40247835900794, -697.2497737707323], [-61.52094972556331, -691.2384937708807], [-60.83531634387928, -686.2290937708726], [-84.53864182465763, -682.8894937709991]]]}, "properties": {"id": 61, "height_m": 3.0, "levels": 1, "category": "residencial", "extrude": true, "manzana_id": 62}}, {"type": "Feature", "geometry": {"type": "Polygon", "coordinates": [[[60.61973983885719, -292.8242137710539], [58.17104918993593, -292.0449737710439], [58.17104918993593, -292.26761377087723], [54.938777533276344, -302.17509377077903], [57.38746818219761, -302.95433377078905], [59.73821120506459, -295.4958937710319], [60.61973983885719, -292.8242137710539]]]}, "properties": {"id": 62, "height_m": 8.0, "levels": 0, "category": "residencial", "extrude": true, "manzana_id": 66}}, {"type": "Feature", "geometry": {"type": "Polygon", "coordinates": [[[60.61973983885719, -292.8242137710539], [59.73821120506459, -295.4958937710319], [80.99284603692168, -302.28641377089343], [81.77642704466, -299.7260537710299], [60.61973983885719, -292.8242137710539]]]}, "properties": {"id": 63, "height_m": 3.0, "levels": 1, "category": "residencial", "extrude": true, "manzana_id": 66}}, {"type": "Feature", "geometry": {"type": "Polygon", "coordinates": [[[59.73821120506459, -295.4958937710319], [57.38746818219761, -302.95433377078905], [61.5992160983561, -304.2901737709758], [61.89305897617098, -304.40149377069474], [66.30070214409005, -305.8486537709959], [81.38463654079084, -310.7467337708896], [84.32306531928756, -301.72981377071676], [84.61690819745041, -300.61661377075893], [81.77642704466, -299.7260537710299], [80.99284603692168, -302.28641377089343], [59.73821120506459, -295.4958937710319]]]}, "properties": {"id": 64, "height_m": 6.0, "levels": 2, "category": "residencial", "extrude": true, "manzana_id": 66}}, {"type": "Feature", "geometry": {"type": "Polygon", "coordinates": [[[-172.98534806050614, 735.9952262289925], [-173.18124331261473, 734.993346229149], [-173.37713856437531, 733.8801462291912], [-173.76892906824446, 731.4311062290466], [-168.96949539645624, 730.6518662290365], [-168.57770489258706, 730.6518662290365], [-164.65979985459143, 730.0952662292553], [-163.8762188468531, 734.5480662290868], [-172.98534806050614, 735.9952262289925]]]}, "properties": {"id": 65, "height_m": 6.0, "levels": 2, "category": "residencial", "extrude": true, "manzana_id": 88}}, {"type": "Feature", "geometry": {"type": "Polygon", "coordinates": [[[-171.71202892319238, 744.1215862290408], [-172.2997146788221, 740.4480262292193], [-172.6915051826913, 738.2216262293036], [-172.98534806050614, 735.9952262289925], [-163.8762188468531, 734.5480662290868], [-162.40700445777875, 742.5631062290206], [-171.71202892319238, 744.1215862290408]]]}, "properties": {"id": 66, "height_m": 3.0, "levels": 1, "category": "residencial", "extrude": true, "manzana_id": 88}}, {"type": "Feature", "geometry": {"type": "Polygon", "coordinates": [[[-162.40700445777875, 742.5631062290206], [-161.62342345004043, 746.9045862291331], [-170.92844791545406, 748.4630662291532], [-171.71202892319238, 744.1215862290408], [-162.40700445777875, 742.5631062290206]]]}, "properties": {"id": 67, "height_m": 3.0, "levels": 1, "category": "residencial", "extrude": true, "manzana_id": 88}}, {"type": "Feature", "geometry": {"type": "Polygon", "coordinates": [[[-750.6804459350247, 781.747746228961], [-753.2270842096523, 781.636426229242], [-753.129136583946, 779.7439862292741], [-750.778393561079, 779.8553062289931], [-750.6804459350247, 781.747746228961]]]}, "properties": {"id": 68, "height_m": 3.0, "levels": 1, "category": "residencial", "extrude": true, "manzana_id": 1}}, {"type": "Feature", "geometry": {"type": "Polygon", "coordinates": [[[-750.5824983089705, 789.6514662291759], [-759.8875227747321, 789.5401462290614], [-759.8875227747321, 788.9835462292803], [-759.8875227747321, 788.9835462292803], [-759.7895751486777, 786.7571462289691], [-750.5824983089705, 787.0911062293123], [-750.5824983089705, 789.6514662291759]]]}, "properties": {"id": 69, "height_m": 3.0, "levels": 1, "category": "residencial", "extrude": true, "manzana_id": 1}}, {"type": "Feature", "geometry": {"type": "Polygon", "coordinates": [[[-756.5573034920181, 771.7289462289448], [-756.4593558663119, 770.9497062293302], [-756.4593558663119, 770.7270662291013], [-750.9742888128396, 771.8402662290591], [-750.8763411867853, 772.062906229288], [-750.8763411867853, 773.0647862291314], [-750.778393561079, 779.8553062289931], [-753.129136583946, 779.7439862292741], [-753.2270842096523, 781.636426229242], [-750.6804459350247, 781.747746228961], [-750.5824983089705, 787.0911062293123], [-759.7895751486777, 786.7571462289691], [-759.495732270863, 777.0723062292961], [-756.7531987441268, 777.1836262290151], [-756.5573034920181, 771.7289462289448]]]}, "properties": {"id": 70, "height_m": 6.0, "levels": 2, "category": "residencial", "extrude": true, "manzana_id": 1}}, {"type": "Feature", "geometry": {"type": "Polygon", "coordinates": [[[-756.5573034920181, 771.7289462289448], [-756.7531987441268, 777.1836262290151], [-759.495732270863, 777.0723062292961], [-759.8875227747321, 777.0723062292961], [-759.9854704004384, 770.1704662293201], [-759.9854704004384, 769.9478262290913], [-756.4593558663119, 770.7270662291013], [-756.4593558663119, 770.9497062293302], [-756.5573034920181, 771.7289462289448]]]}, "properties": {"id": 71, "height_m": 9.0, "levels": 3, "category": "residencial", "extrude": true, "manzana_id": 1}}, {"type": "Feature", "geometry": {"type": "Polygon", "coordinates": [[[-747.5461219044195, 803.4551462291279], [-751.5619745684694, 804.7909862293146], [-753.3250318357066, 799.3363062292442], [-753.3250318357066, 799.1136662290154], [-753.7168223395757, 797.8891462289431], [-750.8763411867853, 796.9985862292141], [-750.2886554311556, 796.8872662290996], [-746.37075039316, 798.2231062292864], [-737.5554640573218, 795.5514262293084], [-737.1636735534526, 796.8872662290996], [-736.1841972939537, 799.7815862293065], [-745.0974312554982, 802.6759062291178], [-745.1953788815525, 802.6759062291178], [-746.1748551410514, 799.7815862293065], [-748.6235457899727, 800.3381862290877], [-747.5461219044195, 803.4551462291279]]]}, "properties": {"id": 72, "height_m": 6.0, "levels": 2, "category": "residencial", "extrude": true, "manzana_id": 1}}, {"type": "Feature", "geometry": {"type": "Polygon", "coordinates": [[[-747.5461219044195, 803.4551462291279], [-748.6235457899727, 800.3381862290877], [-746.1748551410514, 799.7815862293065], [-745.1953788815525, 802.6759062291178], [-747.5461219044195, 803.4551462291279]]]}, "properties": {"id": 73, "height_m": 3.0, "levels": 1, "category": "residencial", "extrude": true, "manzana_id": 1}}, {"type": "Feature", "geometry": {"type": "Polygon", "coordinates": [[[-750.2886554311556, 796.8872662290996], [-750.4845506829162, 790.208066228957], [-740.1021023319494, 787.4250662292602], [-739.318521324211, 789.8741062290093], [-737.5554640573218, 795.5514262293084], [-746.37075039316, 798.2231062292864], [-750.2886554311556, 796.8872662290996]]]}, "properties": {"id": 74, "height_m": 9.0, "levels": 3, "category": "residencial", "extrude": true, "manzana_id": 1}}, {"type": "Feature", "geometry": {"type": "Polygon", "coordinates": [[[-750.4845506829162, 788.2043062292702], [-750.5824983089705, 787.0911062293123], [-750.5824983089705, 785.7552662291256], [-746.9584361487897, 784.6420662291678], [-746.2728027671056, 786.7571462289691], [-750.4845506829162, 788.2043062292702]]]}, "properties": {"id": 75, "height_m": 3.0, "levels": 1, "category": "residencial", "extrude": true, "manzana_id": 1}}, {"type": "Feature", "geometry": {"type": "Polygon", "coordinates": [[[-750.6804459350247, 782.9722662290333], [-750.6804459350247, 781.747746228961], [-750.6804459350247, 781.1911462291798], [-748.2317552861035, 780.3005862290553], [-747.5461219044195, 782.1930262290232], [-750.6804459350247, 782.9722662290333]]]}, "properties": {"id": 76, "height_m": 3.0, "levels": 1, "category": "residencial", "extrude": true, "manzana_id": 1}}, {"type": "Feature", "geometry": {"type": "Polygon", "coordinates": [[[-750.6804459350247, 781.1911462291798], [-750.778393561079, 779.8553062289931], [-750.8763411867853, 773.0647862291314], [-750.9742888128396, 770.6157462289868], [-745.8810122632365, 771.6176262292258], [-744.9015360037375, 772.3968662292359], [-744.3138502481079, 774.2893062292037], [-743.9220597442387, 775.4025062291616], [-743.9220597442387, 775.513826229276], [-740.1021023319494, 787.4250662292602], [-750.4845506829162, 790.208066228957], [-750.4845506829162, 788.2043062292702], [-746.2728027671056, 786.7571462289691], [-746.9584361487897, 784.6420662291678], [-750.5824983089705, 785.7552662291256], [-750.6804459350247, 782.9722662290333], [-747.5461219044195, 782.1930262290232], [-748.2317552861035, 780.3005862290553], [-750.6804459350247, 781.1911462291798]]]}, "properties": {"id": 77, "height_m": 6.0, "levels": 2, "category": "residencial", "extrude": true, "manzana_id": 1}}, {"type": "Feature", "geometry": {"type": "Polygon", "coordinates": [[[-747.8399647822343, 819.59654622911], [-752.4435032022619, 805.2362662289813], [-751.5619745684694, 804.7909862293146], [-745.0974312554982, 802.6759062291178], [-736.1841972939537, 799.7815862293065], [-735.4006162862155, 802.2306262290556], [-735.1067734084005, 802.1193062289411], [-734.8129305305856, 803.2325062292945], [-731.2868159961112, 814.1418662290397], [-742.0610548509472, 817.7041062291421], [-747.8399647822343, 819.59654622911]]]}, "properties": {"id": 78, "height_m": 3.0, "levels": 1, "category": "residencial", "extrude": true, "manzana_id": 1}}, {"type": "Feature", "geometry": {"type": "Polygon", "coordinates": [[[-733.4416637672176, 776.0704262290573], [-733.245768515109, 776.0704262290573], [-733.245768515109, 776.0704262290573], [-733.1478208894027, 776.0704262290573], [-729.9155492327432, 786.0892262290735], [-730.0134968587973, 786.0892262290735], [-730.1114444848517, 786.2005462291879], [-730.9929731182964, 786.4231862290212], [-734.5190876527707, 787.6477062290935], [-734.5190876527707, 787.3137462291457], [-736.28214491966, 782.0817062293042], [-738.3390450647121, 775.8477862292239], [-733.4416637672176, 776.0704262290573]]]}, "properties": {"id": 79, "height_m": 3.0, "levels": 1, "category": "residencial", "extrude": true, "manzana_id": 1}}, {"type": "Feature", "geometry": {"type": "Polygon", "coordinates": [[[-700.3353661949714, 790.5420262293003], [-701.5107377062308, 785.5326262292922], [-702.6861092178383, 779.7439862292741], [-702.7840568435446, 779.5213462290452], [-703.0778997213595, 778.0741862291395], [-702.0984234618605, 778.0741862291395], [-700.7271566984924, 778.185506229254], [-699.4538375611787, 778.2968262289729], [-699.3558899351244, 778.2968262289729], [-698.0825707978106, 784.9760262291156], [-696.8092516604969, 784.6420662291678], [-695.9277230270523, 789.6514662291759], [-700.3353661949714, 790.5420262293003]]]}, "properties": {"id": 80, "height_m": 3.0, "levels": 1, "category": "residencial", "extrude": true, "manzana_id": 1}}, {"type": "Feature", "geometry": {"type": "Polygon", "coordinates": [[[-695.3400372710745, 778.6307862293163], [-692.793398996447, 778.8534262291496], [-692.793398996447, 778.8534262291496], [-692.4016084925778, 785.08734622923], [-695.0461943932596, 785.08734622923], [-695.3400372710745, 778.6307862293163]]]}, "properties": {"id": 81, "height_m": 3.0, "levels": 1, "category": "residencial", "extrude": true, "manzana_id": 1}}, {"type": "Feature", "geometry": {"type": "Polygon", "coordinates": [[[-675.0648786987164, 791.4325862290293], [-675.0648786987164, 793.2137062292783], [-683.9781126606088, 792.9910662290495], [-683.7822174085002, 786.7571462289691], [-678.98278373706, 786.8684662290834], [-678.98278373706, 786.3118662293023], [-682.3130030194259, 786.2005462291879], [-682.1171077673173, 779.6326662291597], [-679.4725218666354, 779.7439862292741], [-678.7868884849513, 779.6326662291597], [-670.951078408612, 778.964746229264], [-670.2654450269281, 778.964746229264], [-670.2654450269281, 778.964746229264], [-670.2654450269281, 779.2987062292118], [-670.2654450269281, 782.526986228971], [-670.2654450269281, 786.2005462291879], [-670.2654450269281, 788.4269462291036], [-674.9669310730101, 788.4269462291036], [-675.0648786987164, 791.4325862290293]]]}, "properties": {"id": 82, "height_m": 3.0, "levels": 1, "category": "residencial", "extrude": true, "manzana_id": 2}}, {"type": "Feature", "geometry": {"type": "Polygon", "coordinates": [[[-670.3633926529824, 791.5439062291438], [-675.0648786987164, 791.4325862290293], [-674.9669310730101, 788.4269462291036], [-670.2654450269281, 788.4269462291036], [-670.3633926529824, 790.3193862290715], [-670.3633926529824, 791.5439062291438]]]}, "properties": {"id": 83, "height_m": 3.0, "levels": 1, "category": "residencial", "extrude": true, "manzana_id": 2}}, {"type": "Feature", "geometry": {"type": "Polygon", "coordinates": [[[-387.882439402988, 760.3743062291373], [-387.9803870286943, 753.9177462292236], [-390.2331824258549, 753.9177462292236], [-390.4290776776155, 753.9177462292236], [-390.4290776776155, 750.3555062291211], [-388.2742299065091, 750.2441862290067], [-388.2742299065091, 746.9045862291331], [-386.0214345096964, 746.9045862291331], [-385.8255392579359, 760.3743062291373], [-387.882439402988, 760.3743062291373]]]}, "properties": {"id": 84, "height_m": 3.0, "levels": 1, "category": "residencial", "extrude": true, "manzana_id": 35}}, {"type": "Feature", "geometry": {"type": "Polygon", "coordinates": [[[-386.0214345096964, 746.9045862291331], [-375.6389861587296, 746.9045862291331], [-375.5410385326753, 747.1272262289665], [-375.5410385326753, 751.2460662292456], [-375.443090906621, 757.7026262291594], [-375.443090906621, 757.8139462292738], [-375.3451432809147, 760.5969462289706], [-385.8255392579359, 760.3743062291373], [-386.0214345096964, 746.9045862291331]]]}, "properties": {"id": 85, "height_m": 6.0, "levels": 2, "category": "residencial", "extrude": true, "manzana_id": 35}}, {"type": "Feature", "geometry": {"type": "Polygon", "coordinates": [[[7.434178946013335, 791.0986262290816], [7.336231319959051, 791.8778662290915], [7.140336067850481, 796.1080262290897], [1.1655308848027406, 795.6627462290273], [1.5573213886719004, 790.7646662291337], [7.434178946013335, 791.0986262290816]]]}, "properties": {"id": 86, "height_m": 3.0, "levels": 1, "category": "residencial", "extrude": true, "manzana_id": 90}}, {"type": "Feature", "geometry": {"type": "Polygon", "coordinates": [[[7.434178946013335, 791.0986262290816], [1.5573213886719004, 790.7646662291337], [2.5367976481708094, 776.8496662290672], [8.413655205512246, 777.2949462291296], [7.434178946013335, 791.0986262290816]]]}, "properties": {"id": 87, "height_m": 6.0, "levels": 2, "category": "residencial", "extrude": true, "manzana_id": 90}}, {"type": "Feature", "geometry": {"type": "Polygon", "coordinates": [[[315.5774101957839, 790.6533462290192], [315.3815149440233, 788.7609062290514], [315.0876720662085, 786.8684662290834], [315.0876720662085, 785.4213062291778], [316.45893882957654, 785.4213062291778], [329.9757112111487, 784.7533862292822], [329.9757112111487, 784.7533862292822], [330.17160646290927, 785.86658622924], [331.34697797451673, 793.2137062292783], [316.45893882957654, 795.3287862290796], [316.26304357746795, 794.438226228955], [319.8871057379967, 793.8816262291739], [319.39736760807324, 790.0967462292381], [315.5774101957839, 790.6533462290192]]]}, "properties": {"id": 88, "height_m": 3.0, "levels": 1, "category": "residencial", "extrude": true, "manzana_id": 131}}, {"type": "Feature", "geometry": {"type": "Polygon", "coordinates": [[[316.26304357746795, 794.438226228955], [315.77330544789254, 791.5439062291438], [315.5774101957839, 790.6533462290192], [319.39736760807324, 790.0967462292381], [319.8871057379967, 793.8816262291739], [316.26304357746795, 794.438226228955]]]}, "properties": {"id": 89, "height_m": 6.0, "levels": 2, "category": "residencial", "extrude": true, "manzana_id": 131}}, {"type": "Feature", "geometry": {"type": "Polygon", "coordinates": [[[340.55405481422406, 779.5213462290452], [344.0801693483505, 779.4100262293263], [343.98222172229623, 781.5251062291276], [343.98222172229623, 782.526986228971], [343.78632647053564, 785.977906228959], [343.98222172229623, 786.3118662293023], [343.98222172229623, 788.649586228937], [344.0801693483505, 791.4325862290293], [331.34697797451673, 793.2137062292783], [330.17160646290927, 785.86658622924], [329.9757112111487, 784.7533862292822], [329.9757112111487, 784.7533862292822], [335.7546211424358, 784.4194262289388], [335.8525687681421, 779.6326662291597], [337.02794027974954, 779.5213462290452], [337.6156260353793, 784.0854662289911], [341.1417405698538, 783.5288662292099], [340.8478976920389, 781.3024662292942], [340.55405481422406, 779.5213462290452]]]}, "properties": {"id": 90, "height_m": 3.0, "levels": 1, "category": "residencial", "extrude": true, "manzana_id": 131}}, {"type": "Feature", "geometry": {"type": "Polygon", "coordinates": [[[340.55405481422406, 779.5213462290452], [340.8478976920389, 781.3024662292942], [341.1417405698538, 783.5288662292099], [337.6156260353793, 784.0854662289911], [337.02794027974954, 779.5213462290452], [340.55405481422406, 779.5213462290452]]]}, "properties": {"id": 91, "height_m": 6.0, "levels": 2, "category": "residencial", "extrude": true, "manzana_id": 131}}, {"type": "Feature", "geometry": {"type": "Polygon", "coordinates": [[[473.27308798137193, 1062.4967862292478], [457.9932583325626, 1059.936426228989], [455.446620057587, 1059.491146229322], [456.426096317086, 1054.1477862289707], [459.46247272163697, 1054.7043862291475], [466.80854466840077, 1055.9289062292196], [468.47365430958376, 1046.5780262290991], [487.769336622443, 1049.9176262289727], [487.3775461185738, 1052.4779862292316], [485.9083317291514, 1060.9383062292277], [481.40274093517814, 1060.1590662292178], [481.79453143904726, 1058.2666262292498], [474.2525642408708, 1056.9307862290632], [473.7628261109474, 1059.7137862291556], [473.27308798137193, 1062.4967862292478]]]}, "properties": {"id": 92, "height_m": 3.0, "levels": 1, "category": "residencial", "extrude": true, "manzana_id": 142}}, {"type": "Feature", "geometry": {"type": "Polygon", "coordinates": [[[395.0129348443817, -1059.819013770888], [398.04931124893267, -1047.6851337706748], [384.6304864930669, -1044.3455337708015], [385.60996275256576, -1040.3380137710321], [379.3413146917032, -1038.6682137708976], [375.32546202765326, -1054.8096137708799], [395.0129348443817, -1059.819013770888]]]}, "properties": {"id": 93, "height_m": 3.0, "levels": 1, "category": "residencial", "extrude": true, "manzana_id": 98}}, {"type": "Feature", "geometry": {"type": "Polygon", "coordinates": [[[410.19481686713675, -1034.4380537708996], [404.5138545619039, -1032.8795737708795], [400.49800189750596, -1047.4624937708415], [403.4364306763507, -1048.353053770966], [405.88512132527194, -1039.2248137706788], [408.72560247771435, -1040.0040537706889], [410.19481686713675, -1034.4380537708996]]]}, "properties": {"id": 94, "height_m": 3.0, "levels": 1, "category": "residencial", "extrude": true, "manzana_id": 99}}, {"type": "Feature", "geometry": {"type": "Polygon", "coordinates": [[[399.9103161418762, -1069.8378137709042], [396.6780444855646, -1069.058573770894], [396.09035872993485, -1071.396293770924], [399.32263038624643, -1072.1755337709342], [399.9103161418762, -1069.8378137709042]]]}, "properties": {"id": 95, "height_m": 3.0, "levels": 1, "category": "residencial", "extrude": true, "manzana_id": 97}}, {"type": "Feature", "geometry": {"type": "Polygon", "coordinates": [[[-261.8238448005718, -691.5724537708286], [-263.68484969351533, -686.8970137707684], [-264.2725354494931, -685.4498537708627], [-264.4684307012537, -684.781933770967], [-264.6643259533622, -684.893253770686], [-280.33594610569276, -697.806373770909], [-283.764113014113, -700.7006937707204], [-283.47027013629804, -701.5912537708448], [-282.49079387679916, -703.9289737708749], [-261.8238448005718, -691.5724537708286]]]}, "properties": {"id": 96, "height_m": 3.0, "levels": 1, "category": "residencial", "extrude": true, "manzana_id": 64}}, {"type": "Feature", "geometry": {"type": "Polygon", "coordinates": [[[-779.7708908432211, 772.3968662292359], [-782.5134243699572, 772.2855462291215], [-782.6113719960116, 776.1817462291717], [-781.5339481104584, 776.2930662292861], [-781.6318957361647, 781.4137862290131], [-787.6067009195604, 781.3024662292942], [-787.5087532935061, 780.0779462292219], [-787.1169627896369, 765.7176662290932], [-787.1169627896369, 765.161066229312], [-779.5749955911126, 766.6082262292177], [-779.7708908432211, 772.174226229007], [-779.7708908432211, 772.3968662292359]]]}, "properties": {"id": 97, "height_m": 3.0, "levels": 1, "category": "residencial", "extrude": true, "manzana_id": 1}}, {"type": "Feature", "geometry": {"type": "Polygon", "coordinates": [[[-793.9732966064772, 763.9365462292398], [-787.1169627896369, 765.161066229312], [-787.1169627896369, 765.7176662290932], [-787.5087532935061, 780.0779462292219], [-787.6067009195604, 781.5251062291276], [-788.0964390491358, 781.5251062291276], [-790.7410249501656, 781.4137862290131], [-790.7410249501656, 779.076066228983], [-792.4061345913486, 779.076066228983], [-792.3081869652942, 771.3949862289969], [-794.0712442325315, 771.0610262290492], [-793.9732966064772, 763.9365462292398]]]}, "properties": {"id": 98, "height_m": 3.0, "levels": 1, "category": "residencial", "extrude": true, "manzana_id": 1}}, {"type": "Feature", "geometry": {"type": "Polygon", "coordinates": [[[-729.9155492327432, 707.2746662291306], [-742.5507929808706, 705.8275062292249], [-746.5666456449205, 705.3822262291626], [-753.81476996563, 704.6029862291526], [-752.7373460800768, 696.3653062289899], [-751.0722364388939, 695.3634262291464], [-730.6011826144271, 697.4785062289477], [-729.1319682253528, 698.8143462291345], [-729.9155492327432, 707.2746662291306]]]}, "properties": {"id": 99, "height_m": 3.0, "levels": 1, "category": "residencial", "extrude": true, "manzana_id": 1}}, {"type": "Feature", "geometry": {"type": "Polygon", "coordinates": [[[-733.931401896793, 706.8293862290683], [-728.9360729732442, 707.385986229245], [-729.1319682253528, 708.9444662292651], [-730.209392110558, 719.5198662290625], [-746.37075039316, 718.1840262292712], [-746.37075039316, 716.1802662291889], [-746.37075039316, 714.9557462291166], [-746.4686980188663, 712.9519862290342], [-745.4892217593673, 713.0633062291487], [-745.4892217593673, 712.3953862292531], [-745.4892217593673, 705.4935462292771], [-742.5507929808706, 705.8275062292249], [-742.6487406069249, 711.8387862290764], [-734.225244774608, 712.506706228972], [-733.931401896793, 706.8293862290683]]]}, "properties": {"id": 100, "height_m": 3.0, "levels": 1, "category": "residencial", "extrude": true, "manzana_id": 1}}, {"type": "Feature", "geometry": {"type": "Polygon", "coordinates": [[[-746.2728027671056, 723.861346229175], [-745.7830646371823, 723.9726662292894], [-743.6282168664237, 724.0839862290084], [-743.5302692403695, 722.7481462292171], [-741.7672119731324, 722.9707862290504], [-741.669264347078, 719.7425062292914], [-730.3073397366123, 720.8557062292492], [-731.0909207443506, 728.870746229183], [-735.7924067900846, 728.4254662291208], [-746.1748551410514, 727.2009462290486], [-746.2728027671056, 724.7519062292995], [-746.2728027671056, 723.861346229175]]]}, "properties": {"id": 101, "height_m": 3.0, "levels": 1, "category": "residencial", "extrude": true, "manzana_id": 1}}, {"type": "Feature", "geometry": {"type": "Polygon", "coordinates": [[[-735.7924067900846, 728.4254662291208], [-731.0909207443506, 728.870746229183], [-732.0703970038496, 738.3329462290226], [-737.947254560843, 737.665026229127], [-742.8446358586855, 737.1084262289503], [-742.6487406069249, 732.8782662289523], [-736.5759877978229, 733.5461862292434], [-735.7924067900846, 728.4254662291208]]]}, "properties": {"id": 102, "height_m": 3.0, "levels": 1, "category": "residencial", "extrude": true, "manzana_id": 1}}, {"type": "Feature", "geometry": {"type": "Polygon", "coordinates": [[[-733.7355066450324, 755.8101862291915], [-734.0293495228474, 759.1497862290651], [-739.2205736985047, 758.4818662291694], [-739.6123642023739, 763.602586229292], [-740.0041547058951, 767.3874662292278], [-740.0041547058951, 767.83274622929], [-740.4938928358185, 767.83274622929], [-745.9789598892908, 767.2761462291134], [-745.0974312554982, 757.1460262289827], [-744.9015360037375, 754.5856662291192], [-733.7355066450324, 755.8101862291915]]]}, "properties": {"id": 103, "height_m": 3.0, "levels": 1, "category": "residencial", "extrude": true, "manzana_id": 1}}, {"type": "Feature", "geometry": {"type": "Polygon", "coordinates": [[[-739.6123642023739, 763.602586229292], [-734.4211400267164, 764.1591862290732], [-734.7149829045314, 768.2780262289567], [-739.5144165763196, 767.944066229009], [-740.0041547058951, 767.83274622929], [-740.0041547058951, 767.3874662292278], [-739.6123642023739, 763.602586229292]]]}, "properties": {"id": 104, "height_m": 3.0, "levels": 1, "category": "residencial", "extrude": true, "manzana_id": 1}}, {"type": "Feature", "geometry": {"type": "Polygon", "coordinates": [[[-707.2896476375179, 761.4875062290952], [-701.6086853322852, 761.710146229324], [-697.7887279199958, 762.8233462292819], [-697.8866755460501, 763.0459862291152], [-698.6702565534404, 765.9403062293221], [-698.866151805549, 771.5063062291114], [-707.1917000114637, 771.0610262290492], [-707.6814381413872, 771.0610262290492], [-707.2896476375179, 761.4875062290952]]]}, "properties": {"id": 105, "height_m": 3.0, "levels": 1, "category": "residencial", "extrude": true, "manzana_id": 1}}, {"type": "Feature", "geometry": {"type": "Polygon", "coordinates": [[[-759.0059941409395, 752.1366262289746], [-750.2886554311556, 753.1385062292135], [-750.5824983089705, 756.5894262292015], [-754.6962985990747, 756.0328262290249], [-759.2998370187544, 755.5875462289625], [-759.0059941409395, 752.1366262289746]]]}, "properties": {"id": 106, "height_m": 3.0, "levels": 1, "category": "residencial", "extrude": true, "manzana_id": 1}}, {"type": "Feature", "geometry": {"type": "Polygon", "coordinates": [[[-758.2224131335491, 743.8989462292074], [-749.3091791716566, 744.7895062289364], [-746.6645932709748, 745.0121462291652], [-743.8241121181844, 745.346106229113], [-744.6076931259228, 751.9139862291412], [-745.0974312554982, 757.1460262289827], [-747.742017156528, 756.8120662290348], [-747.4481742783652, 753.4724662291613], [-750.2886554311556, 753.1385062292135], [-759.0059941409395, 752.1366262289746], [-758.2224131335491, 743.8989462292074]]]}, "properties": {"id": 107, "height_m": 3.0, "levels": 1, "category": "residencial", "extrude": true, "manzana_id": 1}}, {"type": "Feature", "geometry": {"type": "Polygon", "coordinates": [[[-752.1496603244472, 734.4367462289723], [-746.0769075149971, 735.1046662292634], [-746.0769075149971, 736.4405062290547], [-746.5666456449205, 740.6706662290527], [-743.8241121181844, 741.0046262290006], [-743.334373988609, 741.0046262290006], [-743.4323216143152, 741.6725462292916], [-743.8241121181844, 745.346106229113], [-746.6645932709748, 745.0121462291652], [-746.5666456449205, 741.7838662290105], [-749.1132839195482, 741.6725462292916], [-749.3091791716566, 744.7895062289364], [-758.2224131335491, 743.8989462292074], [-757.4388321258109, 736.4405062290547], [-752.4435032022619, 736.9971062292313], [-752.1496603244472, 734.4367462289723]]]}, "properties": {"id": 108, "height_m": 3.0, "levels": 1, "category": "residencial", "extrude": true, "manzana_id": 1}}, {"type": "Feature", "geometry": {"type": "Polygon", "coordinates": [[[-755.9696177363884, 720.6330662290203], [-746.2728027671056, 721.3009862293114], [-746.2728027671056, 723.7500262290605], [-746.2728027671056, 723.861346229175], [-746.7625408966811, 724.3066262292372], [-750.3866030572099, 724.3066262292372], [-756.2634606142034, 723.7500262290605], [-755.9696177363884, 720.6330662290203]]]}, "properties": {"id": 109, "height_m": 3.0, "levels": 1, "category": "residencial", "extrude": true, "manzana_id": 1}}, {"type": "Feature", "geometry": {"type": "Polygon", "coordinates": [[[-750.3866030572099, 724.3066262292372], [-746.7625408966811, 724.3066262292372], [-746.2728027671056, 723.861346229175], [-746.2728027671056, 724.7519062292995], [-746.1748551410514, 727.2009462290486], [-749.7009696755259, 726.8669862291007], [-749.7989173012322, 729.9839462291409], [-746.1748551410514, 729.9839462291409], [-746.0769075149971, 735.1046662292634], [-752.1496603244472, 734.4367462289723], [-757.2429368737022, 733.8801462291912], [-756.3614082402577, 725.5311462293095], [-750.6804459350247, 725.9764262289763], [-750.3866030572099, 724.3066262292372]]]}, "properties": {"id": 110, "height_m": 3.0, "levels": 1, "category": "residencial", "extrude": true, "manzana_id": 1}}, {"type": "Feature", "geometry": {"type": "Polygon", "coordinates": [[[-754.9901414768896, 713.8425462291588], [-754.794246225129, 711.9501062291909], [-749.2112315456023, 712.6180262290865], [-746.4686980188663, 712.9519862290342], [-746.37075039316, 714.9557462291166], [-746.37075039316, 716.1802662291889], [-746.37075039316, 718.1840262292712], [-746.2728027671056, 721.3009862293114], [-755.9696177363884, 720.6330662290203], [-754.9901414768896, 713.8425462291588]]]}, "properties": {"id": 111, "height_m": 3.0, "levels": 1, "category": "residencial", "extrude": true, "manzana_id": 1}}, {"type": "Feature", "geometry": {"type": "Polygon", "coordinates": [[[-733.7355066450324, 755.8101862291915], [-744.9015360037375, 754.5856662291192], [-744.6076931259228, 751.9139862291412], [-743.8241121181844, 745.346106229113], [-743.4323216143152, 741.6725462292916], [-743.334373988609, 741.0046262290006], [-742.8446358586855, 737.1084262289503], [-737.947254560843, 737.665026229127], [-732.0703970038496, 738.3329462290226], [-733.4416637672176, 751.6913462293078], [-733.5396113929239, 753.6951062289947], [-733.7355066450324, 755.8101862291915]]]}, "properties": {"id": 112, "height_m": 3.0, "levels": 1, "category": "residencial", "extrude": true, "manzana_id": 1}}, {"type": "Feature", "geometry": {"type": "Polygon", "coordinates": [[[-744.4117978738142, 522.3721462292885], [-739.8082594541345, 522.3721462292885], [-739.7103118280802, 525.8230662292766], [-738.4369926907664, 525.7117462291621], [-738.4369926907664, 529.7192662293269], [-738.4369926907664, 530.275866229108], [-741.7672119731324, 530.1645462289936], [-741.7672119731324, 525.8230662292766], [-744.3138502481079, 525.9343862289955], [-744.4117978738142, 522.3721462292885]]]}, "properties": {"id": 113, "height_m": 6.0, "levels": 2, "category": "residencial", "extrude": true, "manzana_id": 0}}, {"type": "Feature", "geometry": {"type": "Polygon", "coordinates": [[[-739.8082594541345, 522.3721462292885], [-728.6422300954293, 522.2608262291742], [-728.7401777214836, 525.7117462291621], [-732.6580827594793, 525.7117462291621], [-732.4621875077187, 527.3815462292966], [-735.8903544161388, 527.4928662290156], [-735.8903544161388, 530.275866229108], [-737.5554640573218, 530.275866229108], [-738.4369926907664, 530.275866229108], [-738.4369926907664, 529.7192662293269], [-738.4369926907664, 525.7117462291621], [-739.7103118280802, 525.8230662292766], [-739.8082594541345, 522.3721462292885]]]}, "properties": {"id": 114, "height_m": 3.0, "levels": 1, "category": "residencial", "extrude": true, "manzana_id": 0}}, {"type": "Feature", "geometry": {"type": "Polygon", "coordinates": [[[-732.4621875077187, 527.3815462292966], [-732.6580827594793, 525.7117462291621], [-728.7401777214836, 525.7117462291621], [-728.6422300954293, 522.2608262291742], [-724.3325345535646, 522.2608262291742], [-724.4304821792709, 530.4985062289414], [-732.560135133425, 530.3871862292225], [-732.4621875077187, 527.3815462292966]]]}, "properties": {"id": 115, "height_m": 6.0, "levels": 2, "category": "residencial", "extrude": true, "manzana_id": 0}}, {"type": "Feature", "geometry": {"type": "Polygon", "coordinates": [[[-737.5554640573218, 530.275866229108], [-735.8903544161388, 530.275866229108], [-732.560135133425, 530.3871862292225], [-724.4304821792709, 530.4985062289414], [-724.4304821792709, 537.8456262289797], [-738.8287831946355, 537.6229862291462], [-744.3138502481079, 537.6229862291462], [-744.3138502481079, 533.0588662292005], [-737.5554640573218, 533.0588662292005], [-737.5554640573218, 530.275866229108]]]}, "properties": {"id": 116, "height_m": 3.0, "levels": 1, "category": "residencial", "extrude": true, "manzana_id": 0}}, {"type": "Feature", "geometry": {"type": "Polygon", "coordinates": [[[-738.8287831946355, 537.6229862291462], [-724.4304821792709, 537.8456262289797], [-724.4304821792709, 546.9738662292668], [-729.3278634771133, 546.8625462291525], [-729.3278634771133, 545.4153862292468], [-731.1888683700569, 545.4153862292468], [-731.0909207443506, 542.409746229321], [-733.5396113929239, 542.409746229321], [-733.5396113929239, 545.4153862292468], [-738.7308355685814, 545.3040662291323], [-738.6328879425271, 546.6399062293191], [-744.2159026220536, 546.5285862292046], [-744.2159026220536, 543.6342662289978], [-742.5507929808706, 543.5229462292789], [-742.7466882326312, 540.5173062289576], [-738.7308355685814, 540.4059862292387], [-738.8287831946355, 537.6229862291462]]]}, "properties": {"id": 117, "height_m": 3.0, "levels": 1, "category": "residencial", "extrude": true, "manzana_id": 0}}, {"type": "Feature", "geometry": {"type": "Polygon", "coordinates": [[[-761.7485276676756, 581.8170262290947], [-764.4910611944118, 578.8113862291689], [-764.4910611944118, 578.5887462289401], [-764.589008820466, 574.9151862291187], [-764.6869564461723, 567.2341062291326], [-764.6869564461723, 565.0077062292169], [-758.9080465152332, 564.8963862291025], [-758.9080465152332, 571.909546229193], [-738.4369926907664, 571.7982262290785], [-738.4369926907664, 569.3491862293295], [-740.0041547058951, 569.4605062290484], [-740.1021023319494, 561.7794262290623], [-728.6422300954293, 561.5567862292289], [-728.544282469375, 571.0189862290684], [-724.5284298053251, 570.907666228954], [-724.6263774313794, 578.9227062292833], [-727.3689109581155, 581.7057062289803], [-737.1636735534526, 581.7057062289803], [-751.8558174462843, 581.8170262290947], [-761.7485276676756, 581.8170262290947]]]}, "properties": {"id": 118, "height_m": 6.0, "levels": 2, "category": "alojamiento", "extrude": true, "manzana_id": 0}}, {"type": "Feature", "geometry": {"type": "Polygon", "coordinates": [[[-727.3689109581155, 581.7057062289803], [-727.3689109581155, 582.7075862292191], [-737.1636735534526, 582.7075862292191], [-737.1636735534526, 581.7057062289803], [-727.3689109581155, 581.7057062289803]]]}, "properties": {"id": 119, "height_m": 8.0, "levels": 0, "category": "alojamiento", "extrude": true, "manzana_id": 0}}, {"type": "Feature", "geometry": {"type": "Polygon", "coordinates": [[[-751.8558174462843, 581.8170262290947], [-751.8558174462843, 582.8189062289381], [-761.7485276676756, 582.8189062289381], [-761.7485276676756, 581.8170262290947], [-751.8558174462843, 581.8170262290947]]]}, "properties": {"id": 120, "height_m": 8.0, "levels": 0, "category": "alojamiento", "extrude": true, "manzana_id": 0}}, {"type": "Feature", "geometry": {"type": "Polygon", "coordinates": [[[-724.4304821792709, 551.4266662290983], [-727.2709633320612, 551.3153462289838], [-729.1319682253528, 551.6493062293272], [-730.209392110558, 551.9832662292749], [-730.9929731182964, 552.3172262292228], [-731.2868159961112, 552.5398662290561], [-732.1683446299038, 553.2077862289518], [-732.560135133425, 553.5417462292951], [-735.7924067900846, 551.9832662292749], [-735.2047210344548, 550.5361062289738], [-735.2047210344548, 549.9795062291926], [-735.3026686601612, 546.751226229038], [-729.3278634771133, 546.8625462291525], [-724.4304821792709, 546.9738662292668], [-724.4304821792709, 551.4266662290983]]]}, "properties": {"id": 121, "height_m": 3.0, "levels": 1, "category": "residencial", "extrude": true, "manzana_id": 0}}, {"type": "Feature", "geometry": {"type": "Polygon", "coordinates": [[[-727.3689109581155, 581.7057062289803], [-727.3689109581155, 582.7075862292191], [-730.7970778665358, 582.7075862292191], [-737.1636735534526, 582.7075862292191], [-737.1636735534526, 581.7057062289803], [-735.4006162862155, 581.7057062289803], [-732.9519256372942, 581.7057062289803], [-730.6011826144271, 581.7057062289803], [-727.3689109581155, 581.7057062289803]]]}, "properties": {"id": 122, "height_m": 3.0, "levels": 1, "category": "alojamiento", "extrude": true, "manzana_id": 0}}, {"type": "Feature", "geometry": {"type": "Polygon", "coordinates": [[[-735.7924067900846, 574.1359462291086], [-735.7924067900846, 577.1415862290344], [-738.7308355685814, 577.2529062291488], [-738.8287831946355, 574.2472662292231], [-735.7924067900846, 574.1359462291086]]]}, "properties": {"id": 123, "height_m": 3.0, "levels": 1, "category": "alojamiento", "extrude": true, "manzana_id": 0}}, {"type": "Feature", "geometry": {"type": "Polygon", "coordinates": [[[-740.1021023319494, 546.6399062293191], [-738.6328879425271, 546.6399062293191], [-738.2410974390058, 546.6399062293191], [-738.1431498129515, 550.090826229307], [-740.0041547058951, 550.090826229307], [-740.1021023319494, 546.6399062293191]]]}, "properties": {"id": 124, "height_m": 3.0, "levels": 1, "category": "alojamiento", "extrude": true, "manzana_id": 0}}, {"type": "Feature", "geometry": {"type": "Polygon", "coordinates": [[[-744.2159026220536, 557.7719062292931], [-744.2159026220536, 554.3209862293052], [-744.2159026220536, 546.5285862292046], [-740.1021023319494, 546.6399062293191], [-740.0041547058951, 550.090826229307], [-738.1431498129515, 550.090826229307], [-735.2047210344548, 549.9795062291926], [-735.2047210344548, 550.5361062289738], [-735.7924067900846, 551.9832662292749], [-732.560135133425, 553.5417462292951], [-732.1683446299038, 553.2077862289518], [-731.2868159961112, 552.5398662290561], [-730.9929731182964, 552.3172262292228], [-730.209392110558, 551.9832662292749], [-729.1319682253528, 551.6493062293272], [-727.2709633320612, 551.3153462289838], [-724.4304821792709, 551.4266662290983], [-724.5284298053251, 570.907666228954], [-728.544282469375, 571.0189862290684], [-728.6422300954293, 561.5567862292289], [-740.1021023319494, 561.7794262290623], [-740.1021023319494, 559.77566622898], [-740.2000499580037, 557.7719062292931], [-744.2159026220536, 557.7719062292931]]]}, "properties": {"id": 125, "height_m": 3.0, "levels": 1, "category": "alojamiento", "extrude": true, "manzana_id": 0}}, {"type": "Feature", "geometry": {"type": "Polygon", "coordinates": [[[-744.2159026220536, 559.8869862290944], [-744.2159026220536, 557.7719062292931], [-740.2000499580037, 557.7719062292931], [-740.1021023319494, 559.77566622898], [-744.2159026220536, 559.8869862290944]]]}, "properties": {"id": 126, "height_m": 6.0, "levels": 2, "category": "alojamiento", "extrude": true, "manzana_id": 0}}, {"type": "Feature", "geometry": {"type": "Polygon", "coordinates": [[[-749.0153362938419, 564.7850662289881], [-749.0153362938419, 567.9020262290283], [-752.0517126983927, 567.9020262290283], [-752.0517126983927, 564.7850662289881], [-749.0153362938419, 564.7850662289881]]]}, "properties": {"id": 127, "height_m": 3.0, "levels": 1, "category": "alojamiento", "extrude": true, "manzana_id": 0}}, {"type": "Feature", "geometry": {"type": "Polygon", "coordinates": [[[-749.8968649272864, 574.2472662292231], [-749.8968649272864, 577.2529062291488], [-752.8352937057832, 577.2529062291488], [-752.9332413318375, 574.2472662292231], [-749.8968649272864, 574.2472662292231]]]}, "properties": {"id": 128, "height_m": 3.0, "levels": 1, "category": "alojamiento", "extrude": true, "manzana_id": 0}}, {"type": "Feature", "geometry": {"type": "Polygon", "coordinates": [[[-740.1021023319494, 561.7794262290623], [-740.0041547058951, 569.4605062290484], [-738.4369926907664, 569.3491862293295], [-738.4369926907664, 571.7982262290785], [-758.9080465152332, 571.909546229193], [-758.9080465152332, 564.8963862291025], [-752.0517126983927, 564.7850662289881], [-752.0517126983927, 567.9020262290283], [-749.0153362938419, 567.9020262290283], [-749.0153362938419, 564.7850662289881], [-744.1179549959993, 564.7850662289881], [-744.2159026220536, 559.8869862290944], [-740.1021023319494, 559.77566622898], [-740.1021023319494, 561.7794262290623]]]}, "properties": {"id": 129, "height_m": 9.0, "levels": 3, "category": "alojamiento", "extrude": true, "manzana_id": 0}}, {"type": "Feature", "geometry": {"type": "Polygon", "coordinates": [[[-751.8558174462843, 581.8170262290947], [-751.8558174462843, 582.8189062289381], [-757.7326750036257, 582.8189062289381], [-761.7485276676756, 582.8189062289381], [-761.7485276676756, 581.8170262290947], [-760.4752085303618, 581.8170262290947], [-758.0265178814406, 581.8170262290947], [-755.5778272325193, 581.8170262290947], [-753.2270842096523, 581.8170262290947], [-751.8558174462843, 581.8170262290947]]]}, "properties": {"id": 130, "height_m": 3.0, "levels": 1, "category": "alojamiento", "extrude": true, "manzana_id": 0}}, {"type": "Feature", "geometry": {"type": "Polygon", "coordinates": [[[-764.9807993243352, 542.5210662290399], [-760.866999034231, 542.409746229321], [-760.866999034231, 550.090826229307], [-750.8763411867853, 549.8681862290782], [-750.778393561079, 554.3209862293052], [-764.7849040722266, 554.5436262291385], [-764.9807993243352, 542.5210662290399]]]}, "properties": {"id": 131, "height_m": 3.0, "levels": 1, "category": "alojamiento", "extrude": true, "manzana_id": 0}}, {"type": "Feature", "geometry": {"type": "Polygon", "coordinates": [[[-749.5050744234172, 526.9362662292344], [-747.056383774844, 526.9362662292344], [-746.9584361487897, 532.3909462293047], [-765.0787469500415, 532.7249062292526], [-765.1766945760959, 527.4928662290156], [-756.3614082402577, 527.1589062290678], [-749.5050744234172, 526.9362662292344]]]}, "properties": {"id": 132, "height_m": 3.0, "levels": 1, "category": "residencial", "extrude": true, "manzana_id": 0}}, {"type": "Feature", "geometry": {"type": "Polygon", "coordinates": [[[-756.4593558663119, 522.3721462292885], [-756.3614082402577, 527.1589062290678], [-765.1766945760959, 527.4928662290156], [-765.1766945760959, 522.3721462292885], [-756.4593558663119, 522.3721462292885]]]}, "properties": {"id": 133, "height_m": 3.0, "levels": 1, "category": "residencial", "extrude": true, "manzana_id": 0}}, {"type": "Feature", "geometry": {"type": "Polygon", "coordinates": [[[-749.6030220494716, 522.3721462292885], [-744.4117978738142, 522.3721462292885], [-744.3138502481079, 525.9343862289955], [-744.3138502481079, 526.8249462291201], [-747.056383774844, 526.9362662292344], [-749.5050744234172, 526.9362662292344], [-749.6030220494716, 522.3721462292885]]]}, "properties": {"id": 134, "height_m": 3.0, "levels": 1, "category": "residencial", "extrude": true, "manzana_id": 0}}, {"type": "Feature", "geometry": {"type": "Polygon", "coordinates": [[[-756.4593558663119, 522.3721462292885], [-749.6030220494716, 522.3721462292885], [-749.5050744234172, 526.9362662292344], [-756.3614082402577, 527.1589062290678], [-756.4593558663119, 522.3721462292885]]]}, "properties": {"id": 135, "height_m": 6.0, "levels": 2, "category": "residencial", "extrude": true, "manzana_id": 0}}, {"type": "Feature", "geometry": {"type": "Polygon", "coordinates": [[[-777.6160430721147, 640.5939862290052], [-785.2559578966934, 638.5902262293183], [-784.5703245150094, 622.7827862292839], [-784.3744292629008, 617.9960262291092], [-780.8483147287743, 618.4413062291715], [-776.6365668126158, 619.1092262290671], [-776.6365668126158, 623.4507062291796], [-776.6365668126158, 625.3431462291475], [-777.028357316485, 637.6996662291938], [-777.5180954464084, 637.8109862293082], [-777.6160430721147, 640.5939862290052]]]}, "properties": {"id": 136, "height_m": 3.0, "levels": 1, "category": "residencial", "extrude": true, "manzana_id": 1}}, {"type": "Feature", "geometry": {"type": "Polygon", "coordinates": [[[-776.6365668126158, 619.1092262290671], [-780.8483147287743, 618.4413062291715], [-779.9667860949817, 611.2055062292477], [-776.6365668126158, 611.6507862293099], [-776.6365668126158, 619.1092262290671]]]}, "properties": {"id": 137, "height_m": 3.0, "levels": 1, "category": "residencial", "extrude": true, "manzana_id": 1}}, {"type": "Feature", "geometry": {"type": "Polygon", "coordinates": [[[-775.1673524235414, 607.197986229083], [-764.9807993243352, 607.3093062291974], [-765.1766945760959, 614.9903862291835], [-765.1766945760959, 617.3281062292136], [-769.7802329957755, 617.3281062292136], [-775.4611953013563, 617.4394262293281], [-775.1673524235414, 607.197986229083]]]}, "properties": {"id": 138, "height_m": 6.0, "levels": 2, "category": "residencial", "extrude": true, "manzana_id": 1}}, {"type": "Feature", "geometry": {"type": "Polygon", "coordinates": [[[-775.4611953013563, 617.4394262293281], [-769.7802329957755, 617.3281062292136], [-769.5843377440149, 621.2243062292639], [-773.8940332858797, 621.3356262289828], [-773.8940332858797, 622.8941062290029], [-775.5591429270627, 622.8941062290029], [-775.4611953013563, 617.4394262293281]]]}, "properties": {"id": 139, "height_m": 3.0, "levels": 1, "category": "residencial", "extrude": true, "manzana_id": 1}}, {"type": "Feature", "geometry": {"type": "Polygon", "coordinates": [[[-761.9444229197842, 602.5225462290227], [-752.8352937057832, 602.8565062289705], [-752.9332413318375, 606.6413862293018], [-753.129136583946, 614.879066229069], [-753.2270842096523, 619.9997862291916], [-759.7895751486777, 619.7771462289627], [-759.5936798969173, 615.1017062292979], [-759.3977846448087, 607.6432662291452], [-762.1403181715448, 607.5319462290308], [-761.9444229197842, 602.5225462290227]]]}, "properties": {"id": 140, "height_m": 3.0, "levels": 1, "category": "residencial", "extrude": true, "manzana_id": 1}}, {"type": "Feature", "geometry": {"type": "Polygon", "coordinates": [[[-765.1766945760959, 614.9903862291835], [-759.5936798969173, 615.1017062292979], [-759.7895751486777, 619.7771462289627], [-765.2746422021501, 619.5545062291294], [-765.1766945760959, 617.3281062292136], [-765.1766945760959, 614.9903862291835]]]}, "properties": {"id": 141, "height_m": 6.0, "levels": 2, "category": "residencial", "extrude": true, "manzana_id": 1}}, {"type": "Feature", "geometry": {"type": "Polygon", "coordinates": [[[-752.9332413318375, 606.6413862293018], [-743.334373988609, 606.7527062290208], [-743.0405311104461, 608.199866229322], [-742.9425834847398, 612.2073862290911], [-743.334373988609, 624.8978662290853], [-747.1543314005503, 624.3412662293041], [-747.3502266526589, 612.0960662289767], [-749.5050744234172, 612.3187062292055], [-749.6030220494716, 614.879066229069], [-753.129136583946, 614.879066229069], [-752.9332413318375, 606.6413862293018]]]}, "properties": {"id": 142, "height_m": 3.0, "levels": 1, "category": "residencial", "extrude": true, "manzana_id": 1}}, {"type": "Feature", "geometry": {"type": "Polygon", "coordinates": [[[-743.0405311104461, 608.199866229322], [-740.2000499580037, 608.3111862290409], [-739.9062070801888, 611.9847462292578], [-742.9425834847398, 612.2073862290911], [-743.0405311104461, 608.199866229322]]]}, "properties": {"id": 143, "height_m": 3.0, "levels": 1, "category": "residencial", "extrude": true, "manzana_id": 1}}, {"type": "Feature", "geometry": {"type": "Polygon", "coordinates": [[[-737.947254560843, 603.1904662293139], [-729.0340205992985, 603.5244262292616], [-729.4258111031677, 618.4413062291715], [-729.4258111031677, 619.331866229296], [-737.8493069351367, 619.2205462291815], [-738.3390450647121, 619.2205462291815], [-738.3390450647121, 618.7752662291193], [-737.947254560843, 603.1904662293139]]]}, "properties": {"id": 144, "height_m": 3.0, "levels": 1, "category": "residencial", "extrude": true, "manzana_id": 1}}, {"type": "Feature", "geometry": {"type": "Polygon", "coordinates": [[[-729.0340205992985, 603.5244262292616], [-718.5536246222774, 603.747066229095], [-719.1413103779072, 608.9791062289364], [-724.6263774313794, 608.7564662291031], [-725.507906064824, 618.7752662291193], [-729.4258111031677, 618.4413062291715], [-729.0340205992985, 603.5244262292616]]]}, "properties": {"id": 145, "height_m": 3.0, "levels": 1, "category": "residencial", "extrude": true, "manzana_id": 1}}, {"type": "Feature", "geometry": {"type": "Polygon", "coordinates": [[[-733.245768515109, 625.8997462293241], [-729.6217063549283, 626.233706229272], [-727.9565967137453, 626.4563462291053], [-728.4463348436688, 632.4676262289569], [-737.1636735534526, 631.4657462291134], [-737.6534116830281, 631.4657462291134], [-737.6534116830281, 630.9091462289368], [-737.4575164312675, 626.7903062290532], [-733.3437161411633, 627.2355862291154], [-733.245768515109, 625.8997462293241]]]}, "properties": {"id": 146, "height_m": 6.0, "levels": 2, "category": "residencial", "extrude": true, "manzana_id": 1}}, {"type": "Feature", "geometry": {"type": "Polygon", "coordinates": [[[-727.9565967137453, 626.4563462291053], [-720.9043676451444, 627.6808662291776], [-721.4920534007741, 633.246866228967], [-728.4463348436688, 632.4676262289569], [-727.9565967137453, 626.4563462291053]]]}, "properties": {"id": 147, "height_m": 3.0, "levels": 1, "category": "residencial", "extrude": true, "manzana_id": 1}}, {"type": "Feature", "geometry": {"type": "Polygon", "coordinates": [[[-740.2979975840578, 632.5789462290713], [-738.6328879425271, 632.6902662291857], [-736.8698306756378, 632.8015862293001], [-737.0657259273983, 635.6959062291115], [-739.5144165763196, 635.5845862289971], [-740.3959452097641, 635.4732662292781], [-740.2979975840578, 632.5789462290713]]]}, "properties": {"id": 148, "height_m": 3.0, "levels": 1, "category": "residencial", "extrude": true, "manzana_id": 1}}, {"type": "Feature", "geometry": {"type": "Polygon", "coordinates": [[[-736.8698306756378, 632.8015862293001], [-735.4006162862155, 633.0242262291335], [-735.7924067900846, 640.148706228943], [-732.560135133425, 640.3713462291718], [-732.2662922556101, 638.1449462292561], [-732.8539780115879, 638.0336262291416], [-732.6580827594793, 633.3581862290814], [-721.6879486525347, 634.694026229268], [-722.8633201641421, 646.7165862289711], [-727.3689109581155, 646.1599862291899], [-739.4164689502653, 644.6015062291699], [-739.1226260724504, 641.2619062292963], [-740.2000499580037, 641.1505862291818], [-739.5144165763196, 635.5845862289971], [-737.0657259273983, 635.6959062291115], [-736.8698306756378, 632.8015862293001]]]}, "properties": {"id": 149, "height_m": 3.0, "levels": 1, "category": "residencial", "extrude": true, "manzana_id": 1}}, {"type": "Feature", "geometry": {"type": "Polygon", "coordinates": [[[-728.2504395915602, 654.5089862290716], [-723.6469011718806, 655.0655862292483], [-724.0386916757496, 659.1844262291319], [-730.6991302404814, 658.4051862291219], [-730.5032349883728, 654.2863462292382], [-728.2504395915602, 654.5089862290716]]]}, "properties": {"id": 150, "height_m": 3.0, "levels": 1, "category": "residencial", "extrude": true, "manzana_id": 1}}, {"type": "Feature", "geometry": {"type": "Polygon", "coordinates": [[[-727.3689109581155, 646.1599862291899], [-722.8633201641421, 646.7165862289711], [-723.6469011718806, 655.0655862292483], [-728.2504395915602, 654.5089862290716], [-727.3689109581155, 646.1599862291899]]]}, "properties": {"id": 151, "height_m": 3.0, "levels": 1, "category": "residencial", "extrude": true, "manzana_id": 1}}, {"type": "Feature", "geometry": {"type": "Polygon", "coordinates": [[[-740.2000499580037, 675.9937462290097], [-740.0041547058951, 673.9899862293228], [-737.0657259273983, 674.4352662289896], [-737.0657259273983, 676.3277062289575], [-725.7038013169326, 677.5522262290298], [-726.2914870725624, 682.8955862289856], [-740.7877357136334, 681.44842622908], [-740.2000499580037, 675.9937462290097]]]}, "properties": {"id": 152, "height_m": 3.0, "levels": 1, "category": "residencial", "extrude": true, "manzana_id": 1}}, {"type": "Feature", "geometry": {"type": "Polygon", "coordinates": [[[-743.2364263625547, 681.1144662291322], [-742.7466882326312, 675.8824262292908], [-740.2000499580037, 675.9937462290097], [-740.7877357136334, 681.44842622908], [-743.2364263625547, 681.1144662291322]]]}, "properties": {"id": 153, "height_m": 3.0, "levels": 1, "category": "residencial", "extrude": true, "manzana_id": 1}}, {"type": "Feature", "geometry": {"type": "Polygon", "coordinates": [[[-759.7895751486777, 619.7771462289627], [-753.2270842096523, 619.9997862291916], [-753.3250318357066, 625.7884262292098], [-759.7895751486777, 625.5657862289809], [-759.7895751486777, 619.7771462289627]]]}, "properties": {"id": 154, "height_m": 3.0, "levels": 1, "category": "residencial", "extrude": true, "manzana_id": 1}}, {"type": "Feature", "geometry": {"type": "Polygon", "coordinates": [[[-808.5674928736026, 393.6862262290981], [-808.6654404996568, 387.78626622896553], [-805.1393259651824, 387.78626622896553], [-805.0413783391281, 393.4635862292647], [-808.5674928736026, 393.6862262290981]]]}, "properties": {"id": 155, "height_m": 3.0, "levels": 1, "category": "residencial", "extrude": true, "manzana_id": 0}}, {"type": "Feature", "geometry": {"type": "Polygon", "coordinates": [[[-805.1393259651824, 387.78626622896553], [-801.1234733011324, 387.78626622896553], [-801.0255256750781, 393.6862262290981], [-799.262468407841, 393.57490622898365], [-799.262468407841, 396.4692262291905], [-808.4695452475482, 396.8031862291383], [-808.5674928736026, 393.6862262290981], [-805.0413783391281, 393.4635862292647], [-805.1393259651824, 387.78626622896553]]]}, "properties": {"id": 156, "height_m": 6.0, "levels": 2, "category": "residencial", "extrude": true, "manzana_id": 0}}, {"type": "Feature", "geometry": {"type": "Polygon", "coordinates": [[[-799.262468407841, 393.57490622898365], [-797.4994111409517, 393.4635862292647], [-795.246615743791, 393.3522662291503], [-795.246615743791, 396.3579062290761], [-799.262468407841, 396.4692262291905], [-799.262468407841, 393.57490622898365]]]}, "properties": {"id": 157, "height_m": 6.0, "levels": 2, "category": "residencial", "extrude": true, "manzana_id": 0}}, {"type": "Feature", "geometry": {"type": "Polygon", "coordinates": [[[-797.4994111409517, 387.6749462292466], [-790.0553915684816, 387.6749462292466], [-789.9574439424273, 396.1352662292427], [-795.246615743791, 396.3579062290761], [-795.246615743791, 393.3522662291503], [-797.4994111409517, 393.4635862292647], [-797.4994111409517, 387.6749462292466]]]}, "properties": {"id": 158, "height_m": 3.0, "levels": 1, "category": "residencial", "extrude": true, "manzana_id": 0}}, {"type": "Feature", "geometry": {"type": "Polygon", "coordinates": [[[-782.1216338660881, 387.5636262291322], [-773.7960856601734, 387.5636262291322], [-773.6981380341191, 395.46734622895156], [-777.713990698169, 395.578666229066], [-777.713990698169, 393.908866229327], [-782.2195814921423, 393.908866229327], [-782.1216338660881, 387.5636262291322]]]}, "properties": {"id": 159, "height_m": 6.0, "levels": 2, "category": "residencial", "extrude": true, "manzana_id": 0}}, {"type": "Feature", "geometry": {"type": "Polygon", "coordinates": [[[-773.7960856601734, 387.5636262291322], [-770.5638140035138, 387.4523062290177], [-770.5638140035138, 395.3560262292326], [-773.6981380341191, 395.46734622895156], [-773.7960856601734, 387.5636262291322]]]}, "properties": {"id": 160, "height_m": 3.0, "levels": 1, "category": "residencial", "extrude": true, "manzana_id": 0}}, {"type": "Feature", "geometry": {"type": "Polygon", "coordinates": [[[-773.6981380341191, 395.46734622895156], [-770.5638140035138, 395.3560262292326], [-770.5638140035138, 403.2597462290521], [-775.1673524235414, 403.59370622899985], [-780.4565242249051, 403.9276662289477], [-780.2606289727966, 406.5993462293211], [-782.2195814921423, 406.71066622904004], [-782.0236862400338, 399.69750622894963], [-778.7914145837223, 399.80882622906404], [-778.6934669576679, 395.6899862291805], [-777.713990698169, 395.578666229066], [-773.6981380341191, 395.46734622895156]]]}, "properties": {"id": 161, "height_m": 6.0, "levels": 2, "category": "residencial", "extrude": true, "manzana_id": 0}}, {"type": "Feature", "geometry": {"type": "Polygon", "coordinates": [[[-775.1673524235414, 403.59370622899985], [-775.0694047974872, 406.3767062290923], [-780.2606289727966, 406.5993462293211], [-780.4565242249051, 403.9276662289477], [-775.1673524235414, 403.59370622899985]]]}, "properties": {"id": 162, "height_m": 9.0, "levels": 3, "category": "residencial", "extrude": true, "manzana_id": 0}}, {"type": "Feature", "geometry": {"type": "Polygon", "coordinates": [[[-775.1673524235414, 403.59370622899985], [-770.5638140035138, 403.2597462290521], [-770.5638140035138, 406.1540662292589], [-775.0694047974872, 406.3767062290923], [-775.1673524235414, 403.59370622899985]]]}, "properties": {"id": 163, "height_m": 6.0, "levels": 2, "category": "residencial", "extrude": true, "manzana_id": 0}}, {"type": "Feature", "geometry": {"type": "Polygon", "coordinates": [[[-786.6272246600614, 396.0239462291282], [-778.6934669576679, 395.6899862291805], [-778.7914145837223, 399.80882622906404], [-782.0236862400338, 399.69750622894963], [-782.2195814921423, 406.71066622904004], [-786.5292770340072, 406.93330622926896], [-786.6272246600614, 396.0239462291282]]]}, "properties": {"id": 164, "height_m": 3.0, "levels": 1, "category": "residencial", "extrude": true, "manzana_id": 0}}, {"type": "Feature", "geometry": {"type": "Polygon", "coordinates": [[[-808.371597621494, 415.393626229265], [-808.9592833774717, 408.0465062292268], [-800.633735171209, 407.6012262291646], [-790.0553915684816, 407.0446262289879], [-789.6636010646124, 414.9483462292028], [-800.3398922933942, 415.1709862290362], [-808.371597621494, 415.393626229265]]]}, "properties": {"id": 165, "height_m": 3.0, "levels": 1, "category": "residencial", "extrude": true, "manzana_id": 0}}, {"type": "Feature", "geometry": {"type": "Polygon", "coordinates": [[[-789.6636010646124, 414.9483462292028], [-790.0553915684816, 407.0446262289879], [-786.5292770340072, 406.93330622926896], [-785.9415912783775, 414.83702622908834], [-789.6636010646124, 414.9483462292028]]]}, "properties": {"id": 166, "height_m": 3.0, "levels": 1, "category": "residencial", "extrude": true, "manzana_id": 0}}, {"type": "Feature", "geometry": {"type": "Polygon", "coordinates": [[[-778.3996240798531, 426.74826622907244], [-777.2242525682456, 426.74826622907244], [-770.4658663774595, 426.74826622907244], [-770.3679187517532, 431.5350262292472], [-770.3679187517532, 436.65574622897424], [-770.3679187517532, 437.1010262290365], [-771.5432902630126, 437.1010262290365], [-772.1309760186424, 437.1010262290365], [-779.3791003393519, 436.98970622931756], [-780.9462623544806, 436.98970622931756], [-780.9462623544806, 428.64070622904035], [-778.3016764537988, 428.7520262291548], [-778.3996240798531, 426.74826622907244]]]}, "properties": {"id": 167, "height_m": 3.0, "levels": 1, "category": "residencial", "extrude": true, "manzana_id": 0}}, {"type": "Feature", "geometry": {"type": "Polygon", "coordinates": [[[-784.1785340111402, 447.1198262290527], [-784.1785340111402, 441.99910622932566], [-779.1832050875913, 441.77646622909674], [-779.3791003393519, 436.98970622931756], [-772.1309760186424, 437.1010262290365], [-772.0330283929361, 446.78586622910484], [-772.0330283929361, 447.2311462291671], [-784.0805863850859, 447.45378622900046], [-784.1785340111402, 447.1198262290527]]]}, "properties": {"id": 168, "height_m": 6.0, "levels": 2, "category": "residencial", "extrude": true, "manzana_id": 0}}, {"type": "Feature", "geometry": {"type": "Polygon", "coordinates": [[[-784.9621150188785, 458.3631462291412], [-784.8641673928242, 456.025426229111], [-781.3380528583498, 455.9141062289966], [-781.3380528583498, 452.46318622900856], [-777.5180954464084, 452.46318622900856], [-774.1878761636945, 452.574506229123], [-773.991980911934, 448.344346229125], [-770.2699711256989, 448.23302622901053], [-770.2699711256989, 458.1405062293078], [-772.1309760186424, 458.1405062293078], [-777.028357316485, 458.25182622902673], [-781.3380528583498, 458.3631462291412], [-784.9621150188785, 458.3631462291412]]]}, "properties": {"id": 169, "height_m": 6.0, "levels": 2, "category": "residencial", "extrude": true, "manzana_id": 0}}, {"type": "Feature", "geometry": {"type": "Polygon", "coordinates": [[[-777.5180954464084, 452.46318622900856], [-781.3380528583498, 452.46318622900856], [-781.3380528583498, 455.9141062289966], [-784.8641673928242, 456.025426229111], [-784.6682721407157, 448.344346229125], [-777.5180954464084, 448.344346229125], [-777.5180954464084, 452.46318622900856]]]}, "properties": {"id": 170, "height_m": 3.0, "levels": 1, "category": "residencial", "extrude": true, "manzana_id": 0}}, {"type": "Feature", "geometry": {"type": "Polygon", "coordinates": [[[-786.6272246600614, 467.9366662290951], [-787.0190151635826, 458.3631462291412], [-784.9621150188785, 458.3631462291412], [-781.3380528583498, 458.3631462291412], [-780.3585765988508, 458.3631462291412], [-780.3585765988508, 461.3687862290669], [-778.2037288280925, 461.3687862290669], [-778.2037288280925, 458.25182622902673], [-777.028357316485, 458.25182622902673], [-772.1309760186424, 458.1405062293078], [-770.2699711256989, 458.1405062293078], [-770.1720234996445, 467.2687462291995], [-786.6272246600614, 467.9366662290951]]]}, "properties": {"id": 171, "height_m": 6.0, "levels": 2, "category": "residencial", "extrude": true, "manzana_id": 0}}, {"type": "Feature", "geometry": {"type": "Polygon", "coordinates": [[[-778.2037288280925, 458.25182622902673], [-778.2037288280925, 461.3687862290669], [-780.3585765988508, 461.3687862290669], [-780.3585765988508, 458.3631462291412], [-778.2037288280925, 458.25182622902673]]]}, "properties": {"id": 172, "height_m": 3.0, "levels": 1, "category": "residencial", "extrude": true, "manzana_id": 0}}, {"type": "Feature", "geometry": {"type": "Polygon", "coordinates": [[[-803.4742163239995, 477.1762262291013], [-804.1598497056835, 468.4932662292718], [-770.1720234996445, 467.2687462291995], [-770.1720234996445, 468.60458622899074], [-770.1720234996445, 477.3988662293301], [-786.1374865301381, 478.0667862292257], [-787.3128580417455, 478.17810622894467], [-787.3128580417455, 475.17246622901894], [-798.3809397743963, 475.2837862291334], [-798.3809397743963, 477.06490622898684], [-803.4742163239995, 477.1762262291013]]]}, "properties": {"id": 173, "height_m": 3.0, "levels": 1, "category": "residencial", "extrude": true, "manzana_id": 0}}, {"type": "Feature", "geometry": {"type": "Polygon", "coordinates": [[[-802.7885829423154, 485.19126622903514], [-803.3762686979452, 478.95734622895475], [-797.9891492705272, 478.62338622900694], [-797.7932540187666, 484.96862622920173], [-802.7885829423154, 485.19126622903514]]]}, "properties": {"id": 174, "height_m": 8.0, "levels": 0, "category": "residencial", "extrude": true, "manzana_id": 0}}, {"type": "Feature", "geometry": {"type": "Polygon", "coordinates": [[[-797.7932540187666, 484.96862622920173], [-797.9891492705272, 478.62338622900694], [-787.3128580417455, 478.17810622894467], [-786.1374865301381, 478.0667862292257], [-770.1720234996445, 477.3988662293301], [-770.0740758739382, 485.413906229264], [-775.1673524235414, 485.52522622898294], [-775.1673524235414, 487.52898622906525], [-784.0805863850859, 487.7516262292942], [-784.1785340111402, 481.74034622904713], [-786.2354341561922, 481.6290262293282], [-786.0395389040838, 487.08370622900304], [-797.6953063927123, 487.52898622906525], [-797.7932540187666, 484.96862622920173]]]}, "properties": {"id": 175, "height_m": 3.0, "levels": 1, "category": "residencial", "extrude": true, "manzana_id": 0}}, {"type": "Feature", "geometry": {"type": "Polygon", "coordinates": [[[-789.4677058125039, 498.21570622897707], [-789.7615486903187, 488.30822622907533], [-786.3333817822465, 488.19690622896087], [-784.0805863850859, 488.0855862292419], [-781.729843362219, 488.0855862292419], [-781.6318957361647, 493.09498622925], [-777.1263049425393, 492.9836662291356], [-777.2242525682456, 487.9742662291275], [-775.1673524235414, 487.8629462290131], [-771.8371331408276, 487.7516262292942], [-771.641237889067, 493.09498622925], [-771.9350807668818, 493.09498622925], [-771.8371331408276, 497.43646622896705], [-774.9714571714329, 497.6591062291959], [-789.4677058125039, 498.21570622897707]]]}, "properties": {"id": 176, "height_m": 3.0, "levels": 1, "category": "residencial", "extrude": true, "manzana_id": 0}}, {"type": "Feature", "geometry": {"type": "Polygon", "coordinates": [[[-771.8371331408276, 497.43646622896705], [-771.9350807668818, 493.09498622925], [-771.641237889067, 493.09498622925], [-771.8371331408276, 487.7516262292942], [-770.0740758739382, 487.7516262292942], [-770.0740758739382, 497.43646622896705], [-771.8371331408276, 497.43646622896705]]]}, "properties": {"id": 177, "height_m": 3.0, "levels": 1, "category": "residencial", "extrude": true, "manzana_id": 0}}, {"type": "Feature", "geometry": {"type": "Polygon", "coordinates": [[[-774.9714571714329, 497.6591062291959], [-770.0740758739382, 497.43646622896705], [-769.976128247884, 508.9024262292844], [-774.4817190418573, 509.01374622900335], [-778.3996240798531, 509.01374622900335], [-778.5955193316136, 503.1137862292662], [-786.5292770340072, 503.4477462292141], [-786.5292770340072, 502.11190622902734], [-790.0553915684816, 502.2232262291418], [-790.2512868202422, 498.21570622897707], [-774.9714571714329, 497.6591062291959]]]}, "properties": {"id": 178, "height_m": 3.0, "levels": 1, "category": "residencial", "extrude": true, "manzana_id": 0}}, {"type": "Feature", "geometry": {"type": "Polygon", "coordinates": [[[-774.4817190418573, 509.01374622900335], [-769.976128247884, 508.9024262292844], [-769.976128247884, 513.1325862292824], [-774.4817190418573, 513.1325862292824], [-774.4817190418573, 509.01374622900335]]]}, "properties": {"id": 179, "height_m": 3.0, "levels": 1, "category": "residencial", "extrude": true, "manzana_id": 0}}, {"type": "Feature", "geometry": {"type": "Polygon", "coordinates": [[[-786.3333817822465, 513.2439062290014], [-786.0395389040838, 518.3646262291239], [-788.8800200568741, 518.4759462292384], [-788.6841248051136, 513.1325862292824], [-786.3333817822465, 513.2439062290014]]]}, "properties": {"id": 180, "height_m": 3.0, "levels": 1, "category": "residencial", "extrude": true, "manzana_id": 0}}, {"type": "Feature", "geometry": {"type": "Polygon", "coordinates": [[[-786.1374865301381, 509.2363862292322], [-782.9052148738264, 509.1250662291178], [-782.9052148738264, 513.2439062290014], [-786.3333817822465, 513.2439062290014], [-786.1374865301381, 509.2363862292322]]]}, "properties": {"id": 181, "height_m": 3.0, "levels": 1, "category": "residencial", "extrude": true, "manzana_id": 0}}, {"type": "Feature", "geometry": {"type": "Polygon", "coordinates": [[[-782.9052148738264, 509.1250662291178], [-780.064733721036, 509.1250662291178], [-780.064733721036, 513.2439062290014], [-774.4817190418573, 513.1325862292824], [-769.976128247884, 513.1325862292824], [-769.8781806218298, 517.5853862291139], [-777.1263049425393, 517.9193462290617], [-784.0805863850859, 518.2533062290095], [-786.0395389040838, 518.3646262291239], [-786.3333817822465, 513.2439062290014], [-782.9052148738264, 513.2439062290014], [-782.9052148738264, 509.1250662291178]]]}, "properties": {"id": 182, "height_m": 3.0, "levels": 1, "category": "residencial", "extrude": true, "manzana_id": 0}}, {"type": "Feature", "geometry": {"type": "Polygon", "coordinates": [[[-777.1263049425393, 517.9193462290617], [-769.8781806218298, 517.5853862291139], [-769.8781806218298, 526.7136262290056], [-777.028357316485, 526.7136262290056], [-777.028357316485, 525.6004262290478], [-774.5796666675636, 525.6004262290478], [-774.6776142936179, 522.1495062290597], [-777.1263049425393, 522.2608262291742], [-777.1263049425393, 517.9193462290617]]]}, "properties": {"id": 183, "height_m": 3.0, "levels": 1, "category": "residencial", "extrude": true, "manzana_id": 0}}, {"type": "Feature", "geometry": {"type": "Polygon", "coordinates": [[[-784.0805863850859, 518.2533062290095], [-777.1263049425393, 517.9193462290617], [-777.1263049425393, 522.2608262291742], [-777.028357316485, 525.6004262290478], [-777.028357316485, 526.7136262290056], [-783.9826387590317, 526.8249462291201], [-783.9826387590317, 526.3796662290578], [-784.0805863850859, 518.2533062290095]]]}, "properties": {"id": 184, "height_m": 3.0, "levels": 1, "category": "residencial", "extrude": true, "manzana_id": 0}}, {"type": "Feature", "geometry": {"type": "Polygon", "coordinates": [[[-786.0395389040838, 518.3646262291239], [-784.0805863850859, 518.2533062290095], [-783.9826387590317, 526.3796662290578], [-783.9826387590317, 526.8249462291201], [-791.1328154536868, 526.9362662292344], [-791.0348678279805, 526.3796662290578], [-791.0348678279805, 522.7061062292364], [-791.0348678279805, 518.5872662289573], [-788.8800200568741, 518.4759462292384], [-786.0395389040838, 518.3646262291239]]]}, "properties": {"id": 185, "height_m": 3.0, "levels": 1, "category": "residencial", "extrude": true, "manzana_id": 0}}, {"type": "Feature", "geometry": {"type": "Polygon", "coordinates": [[[-800.1439970416336, 519.0325462290195], [-791.0348678279805, 518.5872662289573], [-791.0348678279805, 522.7061062292364], [-799.8501541638186, 523.1513862292986], [-800.1439970416336, 519.0325462290195]]]}, "properties": {"id": 186, "height_m": 3.0, "levels": 1, "category": "residencial", "extrude": true, "manzana_id": 0}}, {"type": "Feature", "geometry": {"type": "Polygon", "coordinates": [[[-799.8501541638186, 523.1513862292986], [-791.0348678279805, 522.7061062292364], [-791.0348678279805, 526.3796662290578], [-791.1328154536868, 526.9362662292344], [-790.9369202019262, 528.3834262291401], [-791.0348678279805, 528.3834262291401], [-799.3604160338953, 528.6060662289735], [-799.8501541638186, 523.1513862292986]]]}, "properties": {"id": 187, "height_m": 3.0, "levels": 1, "category": "residencial", "extrude": true, "manzana_id": 0}}, {"type": "Feature", "geometry": {"type": "Polygon", "coordinates": [[[-777.028357316485, 528.0494662291924], [-769.7802329957755, 527.9381462290779], [-769.6822853700692, 531.5003862291803], [-771.7391855151213, 531.6117062292948], [-777.028357316485, 531.7230262290137], [-777.028357316485, 528.0494662291924]]]}, "properties": {"id": 188, "height_m": 6.0, "levels": 2, "category": "residencial", "extrude": true, "manzana_id": 0}}, {"type": "Feature", "geometry": {"type": "Polygon", "coordinates": [[[-783.4929006294561, 535.5079062289495], [-783.1990577516412, 537.9569462290941], [-784.6682721407157, 537.9569462290941], [-786.4313294079528, 537.9569462290941], [-789.0759153086346, 538.0682662292086], [-788.9779676829284, 535.7305462291783], [-783.4929006294561, 535.5079062289495]]]}, "properties": {"id": 189, "height_m": 3.0, "levels": 1, "category": "residencial", "extrude": true, "manzana_id": 0}}, {"type": "Feature", "geometry": {"type": "Polygon", "coordinates": [[[-776.9304096904307, 535.2852662291161], [-776.8324620647244, 534.3947062289917], [-773.012504652435, 534.1720662291583], [-772.8166094003265, 537.7343062292607], [-776.8324620647244, 537.8456262289797], [-776.9304096904307, 535.2852662291161]]]}, "properties": {"id": 190, "height_m": 9.0, "levels": 3, "category": "residencial", "extrude": true, "manzana_id": 0}}, {"type": "Feature", "geometry": {"type": "Polygon", "coordinates": [[[-777.028357316485, 531.7230262290137], [-771.7391855151213, 531.6117062292948], [-771.7391855151213, 533.9494262293249], [-769.6822853700692, 533.9494262293249], [-769.6822853700692, 537.6229862291462], [-772.8166094003265, 537.7343062292607], [-773.012504652435, 534.1720662291583], [-776.8324620647244, 534.3947062289917], [-776.9304096904307, 535.2852662291161], [-778.6934669576679, 535.3965862292306], [-778.7914145837223, 537.8456262289797], [-780.3585765988508, 537.8456262289797], [-783.1990577516412, 537.9569462290941], [-783.4929006294561, 535.5079062289495], [-783.4929006294561, 534.6173462292205], [-784.2764816371945, 534.506026229106], [-784.1785340111402, 532.7249062292526], [-777.028357316485, 532.7249062292526], [-777.028357316485, 531.7230262290137]]]}, "properties": {"id": 191, "height_m": 6.0, "levels": 2, "category": "residencial", "extrude": true, "manzana_id": 0}}, {"type": "Feature", "geometry": {"type": "Polygon", "coordinates": [[[-771.7391855151213, 531.6117062292948], [-769.6822853700692, 531.5003862291803], [-769.6822853700692, 533.9494262293249], [-771.7391855151213, 533.9494262293249], [-771.7391855151213, 531.6117062292948]]]}, "properties": {"id": 192, "height_m": 6.0, "levels": 2, "category": "residencial", "extrude": true, "manzana_id": 0}}, {"type": "Feature", "geometry": {"type": "Polygon", "coordinates": [[[-772.8166094003265, 537.7343062292607], [-769.6822853700692, 537.6229862291462], [-769.6822853700692, 545.860666229309], [-771.347395011252, 545.971986229028], [-774.9714571714329, 545.971986229028], [-778.3996240798531, 546.0833062291424], [-782.6113719960116, 546.1946262292568], [-786.4313294079528, 546.1946262292568], [-786.5292770340072, 542.9663462291022], [-786.4313294079528, 537.9569462290941], [-784.6682721407157, 537.9569462290941], [-784.6682721407157, 542.2984262292066], [-780.3585765988508, 542.0757862289777], [-776.7345144386701, 541.8531462291444], [-776.8324620647244, 537.8456262289797], [-772.8166094003265, 537.7343062292607]]]}, "properties": {"id": 193, "height_m": 3.0, "levels": 1, "category": "residencial", "extrude": true, "manzana_id": 0}}, {"type": "Feature", "geometry": {"type": "Polygon", "coordinates": [[[-786.5292770340072, 542.9663462291022], [-786.4313294079528, 546.1946262292568], [-789.173862934689, 546.3059462289757], [-789.5656534385581, 543.0776662292167], [-786.5292770340072, 542.9663462291022]]]}, "properties": {"id": 194, "height_m": 3.0, "levels": 1, "category": "residencial", "extrude": true, "manzana_id": 0}}, {"type": "Feature", "geometry": {"type": "Polygon", "coordinates": [[[-778.7914145837223, 537.8456262289797], [-776.8324620647244, 537.8456262289797], [-776.7345144386701, 541.8531462291444], [-780.3585765988508, 542.0757862289777], [-780.3585765988508, 537.8456262289797], [-778.7914145837223, 537.8456262289797]]]}, "properties": {"id": 195, "height_m": 3.0, "levels": 1, "category": "residencial", "extrude": true, "manzana_id": 0}}, {"type": "Feature", "geometry": {"type": "Polygon", "coordinates": [[[-786.4313294079528, 555.434186229263], [-786.5292770340072, 552.6511862291705], [-784.2764816371945, 552.3172262292228], [-784.472376888955, 550.8700662293171], [-789.3697581867976, 550.7587462292026], [-789.173862934689, 546.3059462289757], [-786.4313294079528, 546.1946262292568], [-782.6113719960116, 546.1946262292568], [-782.4154767439029, 550.8700662293171], [-778.3016764537988, 550.8700662293171], [-778.3996240798531, 546.0833062291424], [-774.9714571714329, 545.971986229028], [-775.0694047974872, 551.9832662292749], [-771.1514997591436, 551.7606262290461], [-771.347395011252, 545.971986229028], [-769.6822853700692, 545.860666229309], [-769.5843377440149, 554.7662662289719], [-774.6776142936179, 554.9889062292007], [-774.9714571714329, 552.6511862291705], [-776.8324620647244, 552.5398662290561], [-776.8324620647244, 555.1002262293151], [-778.9873098354827, 555.1002262293151], [-782.2195814921423, 555.2115462290341], [-786.4313294079528, 555.434186229263]]]}, "properties": {"id": 196, "height_m": 3.0, "levels": 1, "category": "residencial", "extrude": true, "manzana_id": 0}}, {"type": "Feature", "geometry": {"type": "Polygon", "coordinates": [[[-771.347395011252, 545.971986229028], [-771.1514997591436, 551.7606262290461], [-775.0694047974872, 551.9832662292749], [-774.9714571714329, 545.971986229028], [-771.347395011252, 545.971986229028]]]}, "properties": {"id": 197, "height_m": 6.0, "levels": 2, "category": "residencial", "extrude": true, "manzana_id": 0}}, {"type": "Feature", "geometry": {"type": "Polygon", "coordinates": [[[-778.3996240798531, 546.0833062291424], [-778.3016764537988, 550.8700662293171], [-782.4154767439029, 550.8700662293171], [-782.6113719960116, 546.1946262292568], [-778.3996240798531, 546.0833062291424]]]}, "properties": {"id": 198, "height_m": 6.0, "levels": 2, "category": "residencial", "extrude": true, "manzana_id": 0}}, {"type": "Feature", "geometry": {"type": "Polygon", "coordinates": [[[-774.6776142936179, 554.9889062292007], [-769.5843377440149, 554.7662662289719], [-769.5843377440149, 562.6699862291867], [-774.4817190418573, 562.8926262290202], [-774.4817190418573, 557.9945462291265], [-778.6934669576679, 558.3285062290743], [-778.9873098354827, 555.1002262293151], [-776.8324620647244, 555.1002262293151], [-774.6776142936179, 554.9889062292007]]]}, "properties": {"id": 199, "height_m": 3.0, "levels": 1, "category": "residencial", "extrude": true, "manzana_id": 0}}, {"type": "Feature", "geometry": {"type": "Polygon", "coordinates": [[[-796.2260920032899, 568.9039062292671], [-792.6999774691635, 569.1265462291005], [-792.6999774691635, 571.6869062289641], [-787.6067009195604, 571.7982262290785], [-787.3128580417455, 581.7057062289803], [-787.2149104156913, 587.271706229165], [-794.7568776142156, 587.0490662289362], [-795.246615743791, 580.7038262291369], [-793.189715598739, 580.5925062290224], [-793.2876632247932, 577.0302662293154], [-795.5404586216058, 577.0302662293154], [-796.2260920032899, 568.9039062292671]]]}, "properties": {"id": 200, "height_m": 6.0, "levels": 2, "category": "restauracion", "extrude": true, "manzana_id": 0}}, {"type": "Feature", "geometry": {"type": "Polygon", "coordinates": [[[-775.9509334309317, 562.8926262290202], [-774.4817190418573, 562.8926262290202], [-769.5843377440149, 562.6699862291867], [-769.5843377440149, 565.8982662289459], [-769.5843377440149, 570.4623862292873], [-774.2858237897489, 570.4623862292873], [-775.8529858048774, 570.5737062290062], [-775.9509334309317, 562.8926262290202]]]}, "properties": {"id": 201, "height_m": 3.0, "levels": 1, "category": "restauracion", "extrude": true, "manzana_id": 0}}, {"type": "Feature", "geometry": {"type": "Polygon", "coordinates": [[[-777.6160430721147, 579.9245862291268], [-782.4154767439029, 580.0359062292412], [-782.4154767439029, 577.5868662290966], [-785.0600626445848, 577.5868662290966], [-785.158010270639, 571.0189862290684], [-777.6160430721147, 571.1303062291829], [-777.6160430721147, 574.2472662292231], [-777.6160430721147, 579.9245862291268]]]}, "properties": {"id": 202, "height_m": 3.0, "levels": 1, "category": "restauracion", "extrude": true, "manzana_id": 0}}, {"type": "Feature", "geometry": {"type": "Polygon", "coordinates": [[[-787.2149104156913, 587.271706229165], [-787.3128580417455, 581.7057062289803], [-777.5180954464084, 581.5943862292613], [-777.5180954464084, 582.0396662293235], [-777.5180954464084, 590.4999862293197], [-787.0190151635826, 590.7226262291531], [-787.1169627896369, 590.7226262291531], [-787.2149104156913, 587.271706229165]]]}, "properties": {"id": 203, "height_m": 3.0, "levels": 1, "category": "restauracion", "extrude": true, "manzana_id": 0}}, {"type": "Feature", "geometry": {"type": "Polygon", "coordinates": [[[-773.991980911934, 573.5793462293275], [-773.991980911934, 575.137826228952], [-773.012504652435, 575.0265062292331], [-773.012504652435, 577.698186229211], [-769.4863901179606, 577.698186229211], [-769.4863901179606, 579.8132662290124], [-769.4863901179606, 584.2660662292393], [-769.4863901179606, 590.2773462290908], [-777.5180954464084, 590.4999862293197], [-777.5180954464084, 582.0396662293235], [-777.6160430721147, 577.8095062293255], [-777.6160430721147, 575.137826228952], [-777.6160430721147, 574.2472662292231], [-777.6160430721147, 573.5793462293275], [-773.991980911934, 573.5793462293275]]]}, "properties": {"id": 204, "height_m": 3.0, "levels": 1, "category": "restauracion", "extrude": true, "manzana_id": 0}}, {"type": "Feature", "geometry": {"type": "Polygon", "coordinates": [[[-792.895872720924, 421.96150622929326], [-792.9938203469784, 418.7332262291386], [-790.7410249501656, 418.5105862293052], [-790.7410249501656, 420.4030262292731], [-787.9984914234295, 420.4030262292731], [-787.9984914234295, 418.3992662291908], [-785.0600626445848, 418.17662622896194], [-784.76621976677, 418.065306229243], [-784.5703245150094, 421.8501862291788], [-792.895872720924, 421.96150622929326]]]}, "properties": {"id": 205, "height_m": 3.0, "levels": 1, "category": "residencial", "extrude": true, "manzana_id": 0}}, {"type": "Feature", "geometry": {"type": "Polygon", "coordinates": [[[-787.9984914234295, 418.3992662291908], [-787.9984914234295, 420.4030262292731], [-790.7410249501656, 420.4030262292731], [-790.7410249501656, 418.5105862293052], [-787.9984914234295, 418.3992662291908]]]}, "properties": {"id": 206, "height_m": 6.0, "levels": 2, "category": "residencial", "extrude": true, "manzana_id": 0}}, {"type": "Feature", "geometry": {"type": "Polygon", "coordinates": [[[-792.7979250948698, 424.6331862292712], [-785.451853148454, 424.6331862292712], [-785.3539055223997, 426.8595862291869], [-792.2102393392399, 426.8595862291869], [-792.6999774691635, 426.8595862291869], [-792.7979250948698, 424.6331862292712]]]}, "properties": {"id": 207, "height_m": 9.0, "levels": 3, "category": "residencial", "extrude": true, "manzana_id": 0}}, {"type": "Feature", "geometry": {"type": "Polygon", "coordinates": [[[-792.7979250948698, 424.6331862292712], [-792.895872720924, 421.96150622929326], [-784.5703245150094, 421.8501862291788], [-784.3744292629008, 426.8595862291869], [-784.5703245150094, 426.8595862291869], [-784.8641673928242, 426.8595862291869], [-785.3539055223997, 426.8595862291869], [-785.451853148454, 424.6331862292712], [-792.7979250948698, 424.6331862292712]]]}, "properties": {"id": 208, "height_m": 6.0, "levels": 2, "category": "residencial", "extrude": true, "manzana_id": 0}}, {"type": "Feature", "geometry": {"type": "Polygon", "coordinates": [[[-808.2736499957877, 423.4086662291989], [-806.4126451024962, 423.4086662291989], [-804.1598497056835, 423.2973462290845], [-804.1598497056835, 426.97090622930136], [-807.3921213619951, 426.97090622930136], [-807.9798071179729, 426.97090622930136], [-808.2736499957877, 423.4086662291989]]]}, "properties": {"id": 209, "height_m": 6.0, "levels": 2, "category": "residencial", "extrude": true, "manzana_id": 0}}, {"type": "Feature", "geometry": {"type": "Polygon", "coordinates": [[[-795.7363538737145, 426.8595862291869], [-795.9322491254751, 421.516226229231], [-792.895872720924, 421.4049062291166], [-792.6999774691635, 426.8595862291869], [-792.895872720924, 426.8595862291869], [-794.7568776142156, 426.8595862291869], [-795.7363538737145, 426.8595862291869]]]}, "properties": {"id": 210, "height_m": 3.0, "levels": 1, "category": "residencial", "extrude": true, "manzana_id": 0}}, {"type": "Feature", "geometry": {"type": "Polygon", "coordinates": [[[-804.1598497056835, 426.97090622930136], [-804.1598497056835, 423.2973462290845], [-806.4126451024962, 423.4086662291989], [-806.5105927285504, 419.2898262293153], [-797.2055682627889, 419.1785062292008], [-797.1076206370826, 426.8595862291869], [-799.9481017895249, 426.8595862291869], [-804.1598497056835, 426.97090622930136]]]}, "properties": {"id": 211, "height_m": 3.0, "levels": 1, "category": "residencial", "extrude": true, "manzana_id": 0}}, {"type": "Feature", "geometry": {"type": "Polygon", "coordinates": [[[-778.5955193316136, 426.74826622907244], [-778.5955193316136, 424.967146229219], [-780.2606289727966, 424.967146229219], [-780.2606289727966, 425.857706228948], [-783.4929006294561, 425.857706228948], [-783.4929006294561, 423.0747062292511], [-781.5339481104584, 423.0747062292511], [-781.5339481104584, 417.8426662290141], [-774.1878761636945, 417.7313462292952], [-774.0899285379882, 426.74826622907244], [-777.2242525682456, 426.74826622907244], [-778.3996240798531, 426.74826622907244], [-778.5955193316136, 426.74826622907244]]]}, "properties": {"id": 212, "height_m": 3.0, "levels": 1, "category": "residencial", "extrude": true, "manzana_id": 0}}, {"type": "Feature", "geometry": {"type": "Polygon", "coordinates": [[[-774.1878761636945, 417.7313462292952], [-770.4658663774595, 417.7313462292952], [-770.4658663774595, 418.2879462290764], [-770.4658663774595, 426.74826622907244], [-774.0899285379882, 426.74826622907244], [-774.1878761636945, 417.7313462292952]]]}, "properties": {"id": 213, "height_m": 6.0, "levels": 2, "category": "residencial", "extrude": true, "manzana_id": 0}}, {"type": "Feature", "geometry": {"type": "Polygon", "coordinates": [[[-746.37075039316, 384.2240262292586], [-724.5284298053251, 383.55610622896745], [-724.4304821792709, 388.12022622930886], [-723.0592154159028, 388.12022622930886], [-723.0592154159028, 390.01266622927676], [-727.3689109581155, 390.01266622927676], [-727.3689109581155, 388.2315462290278], [-746.1748551410514, 388.8994662293189], [-746.2728027671056, 387.0070262289555], [-746.37075039316, 384.2240262292586]]]}, "properties": {"id": 214, "height_m": 3.0, "levels": 1, "category": "residencial", "extrude": true, "manzana_id": 0}}, {"type": "Feature", "geometry": {"type": "Polygon", "coordinates": [[[-749.7989173012322, 384.2240262292586], [-746.37075039316, 384.2240262292586], [-746.2728027671056, 387.0070262289555], [-749.7009696755259, 387.0070262289555], [-749.7989173012322, 385.00326622926866], [-749.7989173012322, 384.2240262292586]]]}, "properties": {"id": 215, "height_m": 3.0, "levels": 1, "category": "residencial", "extrude": true, "manzana_id": 0}}, {"type": "Feature", "geometry": {"type": "Polygon", "coordinates": [[[-753.0311889578918, 390.01266622927676], [-754.794246225129, 385.5598662290498], [-754.3045080952055, 385.4485462293309], [-754.0106652173906, 385.225906229102], [-749.7989173012322, 385.00326622926866], [-749.7009696755259, 387.0070262289555], [-746.2728027671056, 387.0070262289555], [-746.1748551410514, 388.8994662293189], [-746.37075039316, 390.01266622927676], [-753.0311889578918, 390.01266622927676]]]}, "properties": {"id": 216, "height_m": 3.0, "levels": 1, "category": "residencial", "extrude": true, "manzana_id": 0}}, {"type": "Feature", "geometry": {"type": "Polygon", "coordinates": [[[-724.5284298053251, 383.55610622896745], [-722.9612677901965, 383.55610622896745], [-723.0592154159028, 388.12022622930886], [-724.4304821792709, 388.12022622930886], [-724.5284298053251, 383.55610622896745]]]}, "properties": {"id": 217, "height_m": 3.0, "levels": 1, "category": "residencial", "extrude": true, "manzana_id": 0}}, {"type": "Feature", "geometry": {"type": "Polygon", "coordinates": [[[-746.0769075149971, 400.9220262290219], [-746.0769075149971, 401.3673062290842], [-748.3297029121578, 401.25598622896973], [-748.2317552861035, 397.0258262289717], [-749.6030220494716, 396.91450622925277], [-749.5050744234172, 391.5711462292968], [-730.209392110558, 392.0164262289636], [-730.4052873626665, 395.578666229066], [-730.9929731182964, 395.578666229066], [-731.0909207443506, 400.3654262292407], [-737.0657259273983, 400.5880662290741], [-737.1636735534526, 397.0258262289717], [-739.1226260724504, 397.1371462290861], [-739.1226260724504, 395.8013062292949], [-746.2728027671056, 395.8013062292949], [-746.0769075149971, 400.9220262290219]]]}, "properties": {"id": 218, "height_m": 3.0, "levels": 1, "category": "residencial", "extrude": true, "manzana_id": 0}}, {"type": "Feature", "geometry": {"type": "Polygon", "coordinates": [[[-731.0909207443506, 400.3654262292407], [-730.9929731182964, 395.578666229066], [-730.4052873626665, 395.578666229066], [-723.2551106680114, 395.46734622895156], [-723.2551106680114, 395.6899862291805], [-723.2551106680114, 396.24658622896163], [-723.2551106680114, 396.69186622902384], [-723.3530582940656, 400.03146622929296], [-723.3530582940656, 400.03146622929296], [-731.0909207443506, 400.3654262292407]]]}, "properties": {"id": 219, "height_m": 6.0, "levels": 2, "category": "residencial", "extrude": true, "manzana_id": 0}}, {"type": "Feature", "geometry": {"type": "Polygon", "coordinates": [[[-746.0769075149971, 400.9220262290219], [-746.2728027671056, 395.8013062292949], [-739.1226260724504, 395.8013062292949], [-739.1226260724504, 397.1371462290861], [-739.1226260724504, 400.5880662290741], [-746.0769075149971, 400.9220262290219]]]}, "properties": {"id": 220, "height_m": 6.0, "levels": 2, "category": "residencial", "extrude": true, "manzana_id": 0}}, {"type": "Feature", "geometry": {"type": "Polygon", "coordinates": [[[-741.2774738435569, 401.25598622896973], [-736.3800925457143, 401.1446662292508], [-730.5032349883728, 401.1446662292508], [-730.6011826144271, 404.0389862290621], [-727.6627538359305, 404.0389862290621], [-727.6627538359305, 401.1446662292508], [-723.8427964236411, 401.25598622896973], [-723.3530582940656, 401.25598622896973], [-723.5489535458262, 408.2691462290602], [-728.0545443397996, 408.3804662291746], [-733.3437161411633, 408.60310622900795], [-733.5396113929239, 404.4842662291244], [-736.0862496678994, 404.70690622895773], [-741.0815785914482, 404.81822622907214], [-741.2774738435569, 401.25598622896973]]]}, "properties": {"id": 221, "height_m": 3.0, "levels": 1, "category": "residencial", "extrude": true, "manzana_id": 0}}, {"type": "Feature", "geometry": {"type": "Polygon", "coordinates": [[[-736.0862496678994, 404.70690622895773], [-733.5396113929239, 404.4842662291244], [-733.3437161411633, 408.60310622900795], [-735.8903544161388, 408.7144262291224], [-736.0862496678994, 404.70690622895773]]]}, "properties": {"id": 222, "height_m": 6.0, "levels": 2, "category": "residencial", "extrude": true, "manzana_id": 0}}, {"type": "Feature", "geometry": {"type": "Polygon", "coordinates": [[[-741.2774738435569, 401.25598622896973], [-741.0815785914482, 404.81822622907214], [-744.2159026220536, 404.81822622907214], [-744.1179549959993, 401.25598622896973], [-741.2774738435569, 401.25598622896973]]]}, "properties": {"id": 223, "height_m": 3.0, "levels": 1, "category": "residencial", "extrude": true, "manzana_id": 0}}, {"type": "Feature", "geometry": {"type": "Polygon", "coordinates": [[[-727.858649087691, 417.39738622895186], [-734.3231924006623, 417.1747462291185], [-736.28214491966, 417.0634262290041], [-736.28214491966, 413.9464662289639], [-736.1841972939537, 408.7144262291224], [-735.8903544161388, 408.7144262291224], [-733.3437161411633, 408.60310622900795], [-728.0545443397996, 408.3804662291746], [-725.6058536908783, 408.3804662291746], [-725.7038013169326, 409.0483862290702], [-724.7243250574337, 409.1597062291846], [-724.9202203091943, 413.0559062292349], [-726.5853299503773, 413.0559062292349], [-726.5853299503773, 414.2804262293072], [-727.7607014619847, 414.1691062291927], [-727.858649087691, 417.39738622895186]]]}, "properties": {"id": 224, "height_m": 6.0, "levels": 2, "category": "residencial", "extrude": true, "manzana_id": 0}}, {"type": "Feature", "geometry": {"type": "Polygon", "coordinates": [[[-740.0041547058951, 416.8407862291707], [-746.5666456449205, 416.61814622894184], [-746.6645932709748, 413.5011862292971], [-746.6645932709748, 411.0521462291525], [-742.8446358586855, 409.9389462291947], [-740.1021023319494, 409.71630622896583], [-740.1021023319494, 408.82574622923687], [-737.5554640573218, 408.7144262291224], [-736.1841972939537, 408.7144262291224], [-736.28214491966, 413.9464662289639], [-739.9062070801888, 413.83514622924497], [-740.0041547058951, 416.8407862291707]]]}, "properties": {"id": 225, "height_m": 3.0, "levels": 1, "category": "residencial", "extrude": true, "manzana_id": 0}}, {"type": "Feature", "geometry": {"type": "Polygon", "coordinates": [[[-725.6058536908783, 408.3804662291746], [-723.5489535458262, 408.2691462290602], [-723.7448487975869, 415.8389062293273], [-723.7448487975869, 417.6200262291808], [-727.858649087691, 417.39738622895186], [-727.7607014619847, 414.1691062291927], [-726.5853299503773, 414.2804262293072], [-726.5853299503773, 413.0559062292349], [-724.9202203091943, 413.0559062292349], [-724.7243250574337, 409.1597062291846], [-725.7038013169326, 409.0483862290702], [-725.6058536908783, 408.3804662291746]]]}, "properties": {"id": 226, "height_m": 6.0, "levels": 2, "category": "residencial", "extrude": true, "manzana_id": 0}}, {"type": "Feature", "geometry": {"type": "Polygon", "coordinates": [[[-739.4164689502653, 416.95210622928516], [-737.4575164312675, 416.95210622928516], [-734.3231924006623, 417.1747462291185], [-734.617035278477, 422.0728262290122], [-739.4164689502653, 421.73886622906434], [-739.4164689502653, 416.95210622928516]]]}, "properties": {"id": 227, "height_m": 6.0, "levels": 2, "category": "residencial", "extrude": true, "manzana_id": 0}}, {"type": "Feature", "geometry": {"type": "Polygon", "coordinates": [[[-746.5666456449205, 416.61814622894184], [-739.4164689502653, 416.95210622928516], [-739.4164689502653, 421.73886622906434], [-739.5144165763196, 422.40678622895996], [-746.5666456449205, 422.1841462291266], [-746.5666456449205, 420.06906622932536], [-746.5666456449205, 416.61814622894184]]]}, "properties": {"id": 228, "height_m": 3.0, "levels": 1, "category": "residencial", "extrude": true, "manzana_id": 0}}, {"type": "Feature", "geometry": {"type": "Polygon", "coordinates": [[[-734.3231924006623, 417.1747462291185], [-723.7448487975869, 417.6200262291808], [-724.0386916757496, 426.8595862291869], [-728.1524919655059, 426.63694622895804], [-728.2504395915602, 425.07846622893794], [-734.7149829045314, 424.74450622899013], [-734.617035278477, 422.0728262290122], [-734.3231924006623, 417.1747462291185]]]}, "properties": {"id": 229, "height_m": 3.0, "levels": 1, "category": "residencial", "extrude": true, "manzana_id": 0}}, {"type": "Feature", "geometry": {"type": "Polygon", "coordinates": [[[-724.136639301456, 433.20482622898624], [-724.2345869275102, 435.7651862292453], [-728.7401777214836, 435.54254622901635], [-735.7924067900846, 435.319906229183], [-735.6944591640303, 432.6482262292051], [-724.136639301456, 433.20482622898624]]]}, "properties": {"id": 230, "height_m": 9.0, "levels": 3, "category": "residencial", "extrude": true, "manzana_id": 0}}, {"type": "Feature", "geometry": {"type": "Polygon", "coordinates": [[[-739.1226260724504, 435.09726622895414], [-746.4686980188663, 434.87462622912074], [-746.4686980188663, 430.08786622894604], [-746.5666456449205, 425.52374622900015], [-739.0246784463961, 425.9690262290624], [-739.1226260724504, 435.09726622895414]]]}, "properties": {"id": 231, "height_m": 3.0, "levels": 1, "category": "residencial", "extrude": true, "manzana_id": 0}}, {"type": "Feature", "geometry": {"type": "Polygon", "coordinates": [[[-725.8996965686932, 433.0935062292673], [-735.6944591640303, 432.6482262292051], [-735.7924067900846, 435.319906229183], [-739.1226260724504, 435.09726622895414], [-739.0246784463961, 425.9690262290624], [-728.1524919655059, 426.63694622895804], [-725.9976441947474, 426.74826622907244], [-725.8996965686932, 432.42558622897616], [-725.8996965686932, 433.0935062292673]]]}, "properties": {"id": 232, "height_m": 6.0, "levels": 2, "category": "residencial", "extrude": true, "manzana_id": 0}}, {"type": "Feature", "geometry": {"type": "Polygon", "coordinates": [[[-746.4686980188663, 442.1104262290446], [-743.2364263625547, 441.8877862292112], [-743.2364263625547, 443.55758622895024], [-741.7672119731324, 443.66890622906465], [-741.7672119731324, 445.56134622903255], [-746.37075039316, 445.4500262293136], [-746.4686980188663, 442.1104262290446]]]}, "properties": {"id": 233, "height_m": 3.0, "levels": 1, "category": "residencial", "extrude": true, "manzana_id": 0}}, {"type": "Feature", "geometry": {"type": "Polygon", "coordinates": [[[-739.318521324211, 445.56134622903255], [-739.4164689502653, 445.0047462292514], [-739.5144165763196, 442.8896662290546], [-737.261621179159, 442.8896662290546], [-737.1636735534526, 445.56134622903255], [-739.318521324211, 445.56134622903255]]]}, "properties": {"id": 234, "height_m": 6.0, "levels": 2, "category": "residencial", "extrude": true, "manzana_id": 0}}, {"type": "Feature", "geometry": {"type": "Polygon", "coordinates": [[[-739.318521324211, 436.4331062291409], [-737.1636735534526, 436.5444262292553], [-737.261621179159, 440.10666622896224], [-739.318521324211, 440.10666622896224], [-739.318521324211, 436.4331062291409]]]}, "properties": {"id": 235, "height_m": 3.0, "levels": 1, "category": "residencial", "extrude": true, "manzana_id": 0}}, {"type": "Feature", "geometry": {"type": "Polygon", "coordinates": [[[-728.7401777214836, 435.54254622901635], [-724.2345869275102, 435.7651862292453], [-724.4304821792709, 445.672666229147], [-729.3278634771133, 445.56134622903255], [-733.245768515109, 445.56134622903255], [-736.6739354235292, 445.56134622903255], [-737.1636735534526, 445.56134622903255], [-737.261621179159, 442.8896662290546], [-739.5144165763196, 442.8896662290546], [-739.4164689502653, 445.0047462292514], [-739.318521324211, 445.56134622903255], [-740.1021023319494, 445.56134622903255], [-741.7672119731324, 445.56134622903255], [-741.7672119731324, 443.66890622906465], [-741.7672119731324, 436.32178622902643], [-739.318521324211, 436.4331062291409], [-739.318521324211, 440.10666622896224], [-737.261621179159, 440.10666622896224], [-729.0340205992985, 440.2179862290767], [-728.7401777214836, 435.54254622901635]]]}, "properties": {"id": 236, "height_m": 3.0, "levels": 1, "category": "residencial", "extrude": true, "manzana_id": 0}}, {"type": "Feature", "geometry": {"type": "Polygon", "coordinates": [[[-727.5648062098762, 445.672666229147], [-724.4304821792709, 445.672666229147], [-724.7243250574337, 455.6914662291632], [-727.858649087691, 455.58014622904875], [-727.5648062098762, 445.672666229147]]]}, "properties": {"id": 237, "height_m": 3.0, "levels": 1, "category": "residencial", "extrude": true, "manzana_id": 0}}, {"type": "Feature", "geometry": {"type": "Polygon", "coordinates": [[[-732.3642398816644, 455.58014622904875], [-732.3642398816644, 450.57074622904065], [-740.4938928358185, 450.57074622904065], [-740.4938928358185, 445.56134622903255], [-740.1021023319494, 445.56134622903255], [-739.318521324211, 445.56134622903255], [-737.1636735534526, 445.56134622903255], [-736.6739354235292, 445.56134622903255], [-733.245768515109, 445.56134622903255], [-729.3278634771133, 445.56134622903255], [-727.5648062098762, 445.672666229147], [-727.858649087691, 455.58014622904875], [-729.7196539809826, 455.58014622904875], [-732.3642398816644, 455.58014622904875]]]}, "properties": {"id": 238, "height_m": 6.0, "levels": 2, "category": "residencial", "extrude": true, "manzana_id": 0}}, {"type": "Feature", "geometry": {"type": "Polygon", "coordinates": [[[-734.9108781562919, 455.58014622904875], [-746.37075039316, 455.4688262293298], [-746.37075039316, 455.13486622898654], [-746.37075039316, 445.4500262293136], [-741.8651595991867, 445.56134622903255], [-741.963107225241, 451.79526622911294], [-734.9108781562919, 451.79526622911294], [-734.9108781562919, 455.58014622904875]]]}, "properties": {"id": 239, "height_m": 3.0, "levels": 1, "category": "residencial", "extrude": true, "manzana_id": 0}}, {"type": "Feature", "geometry": {"type": "Polygon", "coordinates": [[[-737.8493069351367, 466.4895062291895], [-729.6217063549283, 466.378186229075], [-729.6217063549283, 469.6064662292297], [-738.0452021868973, 469.4951462291152], [-737.8493069351367, 466.4895062291895]]]}, "properties": {"id": 240, "height_m": 3.0, "levels": 1, "category": "residencial", "extrude": true, "manzana_id": 5}}, {"type": "Feature", "geometry": {"type": "Polygon", "coordinates": [[[-736.4780401717686, 477.8441462289969], [-736.4780401717686, 478.28942622905913], [-736.5759877978229, 480.0705462293081], [-734.0293495228474, 480.0705462293081], [-734.0293495228474, 482.40826622894275], [-725.4099584387698, 482.51958622905715], [-725.507906064824, 487.7516262292942], [-733.5396113929239, 487.7516262292942], [-735.9883020418451, 487.7516262292942], [-739.318521324211, 487.7516262292942], [-739.4164689502653, 483.63278622901504], [-739.5144165763196, 477.9554662291113], [-736.4780401717686, 477.8441462289969]]]}, "properties": {"id": 241, "height_m": 3.0, "levels": 1, "category": "residencial", "extrude": true, "manzana_id": 0}}, {"type": "Feature", "geometry": {"type": "Polygon", "coordinates": [[[-736.4780401717686, 477.8441462289969], [-734.0293495228474, 477.732826229278], [-734.0293495228474, 480.0705462293081], [-736.5759877978229, 480.0705462293081], [-736.4780401717686, 478.28942622905913], [-736.4780401717686, 477.8441462289969]]]}, "properties": {"id": 242, "height_m": 6.0, "levels": 2, "category": "residencial", "extrude": true, "manzana_id": 0}}, {"type": "Feature", "geometry": {"type": "Polygon", "coordinates": [[[-741.8651595991867, 487.7516262292942], [-741.8651595991867, 483.63278622901504], [-739.4164689502653, 483.63278622901504], [-739.318521324211, 487.7516262292942], [-741.8651595991867, 487.7516262292942]]]}, "properties": {"id": 243, "height_m": 3.0, "levels": 1, "category": "residencial", "extrude": true, "manzana_id": 0}}, {"type": "Feature", "geometry": {"type": "Polygon", "coordinates": [[[-746.0769075149971, 487.7516262292942], [-741.8651595991867, 487.7516262292942], [-739.318521324211, 487.7516262292942], [-735.9883020418451, 487.7516262292942], [-735.8903544161388, 491.0912262291677], [-735.8903544161388, 492.53838622907335], [-741.4733690953174, 492.53838622907335], [-746.0769075149971, 492.53838622907335], [-746.0769075149971, 487.7516262292942]]]}, "properties": {"id": 244, "height_m": 6.0, "levels": 2, "category": "residencial", "extrude": true, "manzana_id": 0}}, {"type": "Feature", "geometry": {"type": "Polygon", "coordinates": [[[-733.5396113929239, 487.7516262292942], [-725.507906064824, 487.7516262292942], [-725.6058536908783, 492.6497062291878], [-733.5396113929239, 492.53838622907335], [-735.8903544161388, 492.53838622907335], [-735.8903544161388, 491.0912262291677], [-733.5396113929239, 490.9799062290533], [-733.5396113929239, 487.7516262292942]]]}, "properties": {"id": 245, "height_m": 3.0, "levels": 1, "category": "residencial", "extrude": true, "manzana_id": 0}}, {"type": "Feature", "geometry": {"type": "Polygon", "coordinates": [[[-746.0769075149971, 496.4345862291236], [-746.0769075149971, 492.53838622907335], [-743.2364263625547, 492.53838622907335], [-743.4323216143152, 496.32326622900916], [-746.0769075149971, 496.4345862291236]]]}, "properties": {"id": 246, "height_m": 3.0, "levels": 1, "category": "residencial", "extrude": true, "manzana_id": 0}}, {"type": "Feature", "geometry": {"type": "Polygon", "coordinates": [[[-728.3483872176145, 492.6497062291878], [-728.3483872176145, 494.2081862292079], [-729.4258111031677, 494.0968662290935], [-729.4258111031677, 492.6497062291878], [-728.3483872176145, 492.6497062291878]]]}, "properties": {"id": 247, "height_m": 3.0, "levels": 1, "category": "residencial", "extrude": true, "manzana_id": 0}}, {"type": "Feature", "geometry": {"type": "Polygon", "coordinates": [[[-730.5032349883728, 498.8836262292682], [-741.963107225241, 499.1062662291016], [-745.9789598892908, 499.1062662291016], [-746.0769075149971, 496.76854622907143], [-746.0769075149971, 496.4345862291236], [-743.4323216143152, 496.32326622900916], [-743.4323216143152, 497.43646622896705], [-741.7672119731324, 497.43646622896705], [-741.5713167213717, 492.53838622907335], [-741.4733690953174, 492.53838622907335], [-736.28214491966, 492.53838622907335], [-736.3800925457143, 497.43646622896705], [-734.225244774608, 497.43646622896705], [-734.1272971489017, 492.53838622907335], [-733.5396113929239, 492.53838622907335], [-730.3073397366123, 492.6497062291878], [-730.5032349883728, 498.8836262292682]]]}, "properties": {"id": 248, "height_m": 6.0, "levels": 2, "category": "residencial", "extrude": true, "manzana_id": 0}}, {"type": "Feature", "geometry": {"type": "Polygon", "coordinates": [[[-730.5032349883728, 498.8836262292682], [-730.3073397366123, 492.6497062291878], [-729.4258111031677, 492.6497062291878], [-729.4258111031677, 494.0968662290935], [-728.3483872176145, 494.2081862292079], [-728.3483872176145, 492.6497062291878], [-725.6058536908783, 492.6497062291878], [-725.8017489426389, 498.77230622915374], [-730.5032349883728, 498.8836262292682]]]}, "properties": {"id": 249, "height_m": 3.0, "levels": 1, "category": "residencial", "extrude": true, "manzana_id": 0}}, {"type": "Feature", "geometry": {"type": "Polygon", "coordinates": [[[-734.1272971489017, 492.53838622907335], [-734.225244774608, 497.43646622896705], [-736.3800925457143, 497.43646622896705], [-736.28214491966, 492.53838622907335], [-735.8903544161388, 492.53838622907335], [-734.1272971489017, 492.53838622907335]]]}, "properties": {"id": 250, "height_m": 6.0, "levels": 2, "category": "residencial", "extrude": true, "manzana_id": 0}}, {"type": "Feature", "geometry": {"type": "Polygon", "coordinates": [[[-741.963107225241, 499.1062662291016], [-725.8017489426389, 498.77230622915374], [-725.9976441947474, 507.12130622903544], [-735.4985639122697, 507.12130622903544], [-737.7513593090823, 507.0099862293165], [-741.8651595991867, 507.0099862293165], [-741.963107225241, 504.33830622894305], [-741.963107225241, 501.5553062292462], [-741.963107225241, 499.1062662291016]]]}, "properties": {"id": 251, "height_m": 3.0, "levels": 1, "category": "residencial", "extrude": true, "manzana_id": 0}}, {"type": "Feature", "geometry": {"type": "Polygon", "coordinates": [[[-745.9789598892908, 504.44962622905746], [-741.963107225241, 504.33830622894305], [-741.8651595991867, 507.0099862293165], [-745.9789598892908, 507.0099862293165], [-745.9789598892908, 504.44962622905746]]]}, "properties": {"id": 252, "height_m": 3.0, "levels": 1, "category": "residencial", "extrude": true, "manzana_id": 0}}, {"type": "Feature", "geometry": {"type": "Polygon", "coordinates": [[[-745.9789598892908, 499.1062662291016], [-741.963107225241, 499.1062662291016], [-741.963107225241, 501.5553062292462], [-745.9789598892908, 501.4439862291317], [-745.9789598892908, 499.7741862289972], [-745.9789598892908, 499.1062662291016]]]}, "properties": {"id": 253, "height_m": 8.0, "levels": 0, "category": "residencial", "extrude": true, "manzana_id": 0}}, {"type": "Feature", "geometry": {"type": "Polygon", "coordinates": [[[-737.7513593090823, 507.0099862293165], [-735.4985639122697, 507.12130622903544], [-735.3026686601612, 512.1307062290435], [-737.8493069351367, 512.0193862293246], [-737.7513593090823, 507.0099862293165]]]}, "properties": {"id": 254, "height_m": 9.0, "levels": 3, "category": "residencial", "extrude": true, "manzana_id": 0}}, {"type": "Feature", "geometry": {"type": "Polygon", "coordinates": [[[-735.4985639122697, 507.12130622903544], [-725.9976441947474, 507.12130622903544], [-726.1935394465081, 515.4703062293127], [-727.4668585838218, 516.9174662292182], [-727.2709633320612, 515.0250262292503], [-731.0909207443506, 515.0250262292503], [-731.0909207443506, 516.9174662292182], [-737.8493069351367, 516.9174662292182], [-737.8493069351367, 512.0193862293246], [-735.3026686601612, 512.1307062290435], [-735.4985639122697, 507.12130622903544]]]}, "properties": {"id": 255, "height_m": 6.0, "levels": 2, "category": "residencial", "extrude": true, "manzana_id": 0}}, {"type": "Feature", "geometry": {"type": "Polygon", "coordinates": [[[-731.0909207443506, 516.9174662292182], [-731.0909207443506, 515.0250262292503], [-727.2709633320612, 515.0250262292503], [-727.4668585838218, 516.9174662292182], [-731.0909207443506, 516.9174662292182]]]}, "properties": {"id": 256, "height_m": 9.0, "levels": 3, "category": "residencial", "extrude": true, "manzana_id": 0}}, {"type": "Feature", "geometry": {"type": "Polygon", "coordinates": [[[-749.6030220494716, 507.0099862293165], [-745.9789598892908, 507.0099862293165], [-745.8810122632365, 516.9174662292182], [-750.1907078051013, 516.9174662292182], [-750.3866030572099, 512.5759862291058], [-752.8352937057832, 512.7986262289392], [-752.8352937057832, 511.5741062292624], [-752.8352937057832, 510.3495862291901], [-752.8352937057832, 509.45902622906556], [-749.6030220494716, 509.57034622918], [-749.6030220494716, 507.12130622903544], [-749.6030220494716, 507.0099862293165]]]}, "properties": {"id": 257, "height_m": 6.0, "levels": 2, "category": "residencial", "extrude": true, "manzana_id": 0}}, {"type": "Feature", "geometry": {"type": "Polygon", "coordinates": [[[-752.8352937057832, 512.7986262289392], [-750.3866030572099, 512.5759862291058], [-750.1907078051013, 516.9174662292182], [-752.7373460800768, 516.9174662292182], [-752.8352937057832, 512.7986262289392]]]}, "properties": {"id": 258, "height_m": 9.0, "levels": 3, "category": "residencial", "extrude": true, "manzana_id": 0}}, {"type": "Feature", "geometry": {"type": "Polygon", "coordinates": [[[-750.778393561079, 507.12130622903544], [-749.6030220494716, 507.0099862293165], [-749.6030220494716, 507.12130622903544], [-749.6030220494716, 509.57034622918], [-752.8352937057832, 509.45902622906556], [-752.9332413318375, 507.12130622903544], [-750.778393561079, 507.12130622903544]]]}, "properties": {"id": 259, "height_m": 9.0, "levels": 3, "category": "residencial", "extrude": true, "manzana_id": 0}}, {"type": "Feature", "geometry": {"type": "Polygon", "coordinates": [[[-754.9901414768896, 507.2326262291499], [-752.9332413318375, 507.12130622903544], [-752.8352937057832, 509.45902622906556], [-752.8352937057832, 510.3495862291901], [-753.3250318357066, 510.3495862291901], [-754.8921938508353, 510.4609062293045], [-754.9901414768896, 507.2326262291499]]]}, "properties": {"id": 260, "height_m": 9.0, "levels": 3, "category": "residencial", "extrude": true, "manzana_id": 0}}, {"type": "Feature", "geometry": {"type": "Polygon", "coordinates": [[[-766.0582232095404, 507.45526622898325], [-754.9901414768896, 507.2326262291499], [-754.8921938508353, 510.4609062293045], [-753.3250318357066, 510.3495862291901], [-752.8352937057832, 510.3495862291901], [-752.8352937057832, 511.5741062292624], [-752.8352937057832, 511.5741062292624], [-758.9080465152332, 511.5741062292624], [-758.7121512631246, 516.9174662292182], [-766.0582232095404, 517.0287862289372], [-766.0582232095404, 507.45526622898325]]]}, "properties": {"id": 261, "height_m": 3.0, "levels": 1, "category": "residencial", "extrude": true, "manzana_id": 0}}, {"type": "Feature", "geometry": {"type": "Polygon", "coordinates": [[[-754.8921938508353, 507.12130622903544], [-754.9901414768896, 507.2326262291499], [-766.0582232095404, 507.45526622898325], [-766.0582232095404, 507.45526622898325], [-766.0582232095404, 503.0024662291518], [-766.0582232095404, 496.87986622918584], [-766.0582232095404, 496.76854622907143], [-762.532108675414, 496.76854622907143], [-762.2382657975991, 496.76854622907143], [-762.2382657975991, 498.1043862292581], [-754.9901414768896, 498.1043862292581], [-754.8921938508353, 507.12130622903544]]]}, "properties": {"id": 262, "height_m": 3.0, "levels": 1, "category": "residencial", "extrude": true, "manzana_id": 0}}, {"type": "Feature", "geometry": {"type": "Polygon", "coordinates": [[[-749.5050744234172, 496.76854622907143], [-751.0722364388939, 496.76854622907143], [-762.532108675414, 496.76854622907143], [-766.0582232095404, 496.76854622907143], [-766.0582232095404, 496.5459062292381], [-766.0582232095404, 486.4157862291074], [-764.8828516982809, 486.4157862291074], [-762.532108675414, 486.4157862291074], [-762.532108675414, 487.9742662291275], [-760.0834180264927, 487.9742662291275], [-759.8875227747321, 490.20066622904324], [-754.794246225129, 490.20066622904324], [-754.9901414768896, 488.19690622896087], [-749.5050744234172, 488.5308662293042], [-749.5050744234172, 496.76854622907143]]]}, "properties": {"id": 263, "height_m": 3.0, "levels": 1, "category": "residencial", "extrude": true, "manzana_id": 0}}, {"type": "Feature", "geometry": {"type": "Polygon", "coordinates": [[[-764.9807993243352, 476.9535862292679], [-754.6962985990747, 476.9535862292679], [-752.0517126983927, 476.9535862292679], [-751.757869820578, 486.4157862291074], [-760.4752085303618, 486.4157862291074], [-760.5731561564162, 483.8554262292439], [-764.3931135683574, 484.0780662290773], [-764.8828516982809, 484.1893862291917], [-764.9807993243352, 477.3988662293301], [-764.9807993243352, 476.9535862292679]]]}, "properties": {"id": 264, "height_m": 3.0, "levels": 1, "category": "residencial", "extrude": true, "manzana_id": 0}}, {"type": "Feature", "geometry": {"type": "Polygon", "coordinates": [[[-766.1561708355947, 476.9535862292679], [-764.9807993243352, 476.9535862292679], [-764.9807993243352, 477.3988662293301], [-764.8828516982809, 484.1893862291917], [-764.8828516982809, 485.85918622932627], [-764.8828516982809, 486.4157862291074], [-766.0582232095404, 486.4157862291074], [-766.0582232095404, 484.1893862291917], [-766.1561708355947, 476.9535862292679]]]}, "properties": {"id": 265, "height_m": 3.0, "levels": 1, "category": "residencial", "extrude": true, "manzana_id": 0}}, {"type": "Feature", "geometry": {"type": "Polygon", "coordinates": [[[-766.1561708355947, 466.71214622902284], [-762.8259515532288, 466.71214622902284], [-762.6300563014682, 467.9366662290951], [-760.0834180264927, 467.9366662290951], [-759.8875227747321, 471.27626622896867], [-754.5004033473141, 471.27626622896867], [-754.6962985990747, 476.9535862292679], [-764.9807993243352, 476.9535862292679], [-766.1561708355947, 476.9535862292679], [-766.1561708355947, 466.71214622902284]]]}, "properties": {"id": 266, "height_m": 3.0, "levels": 1, "category": "residencial", "extrude": true, "manzana_id": 0}}, {"type": "Feature", "geometry": {"type": "Polygon", "coordinates": [[[-758.7121512631246, 460.0329462292757], [-755.6757748585736, 460.0329462292757], [-755.7737224846278, 466.6008262293039], [-758.7121512631246, 466.71214622902284], [-758.7121512631246, 460.0329462292757]]]}, "properties": {"id": 267, "height_m": 6.0, "levels": 2, "category": "residencial", "extrude": true, "manzana_id": 0}}, {"type": "Feature", "geometry": {"type": "Polygon", "coordinates": [[[-766.1561708355947, 456.80466622912104], [-758.8100988891789, 456.5820262292877], [-758.7121512631246, 460.0329462292757], [-758.7121512631246, 466.71214622902284], [-762.8259515532288, 466.71214622902284], [-766.1561708355947, 466.71214622902284], [-766.1561708355947, 456.80466622912104]]]}, "properties": {"id": 268, "height_m": 3.0, "levels": 1, "category": "residencial", "extrude": true, "manzana_id": 0}}, {"type": "Feature", "geometry": {"type": "Polygon", "coordinates": [[[-758.8100988891789, 456.5820262292877], [-755.6757748585736, 456.5820262292877], [-755.6757748585736, 460.0329462292757], [-758.7121512631246, 460.0329462292757], [-758.8100988891789, 456.5820262292877]]]}, "properties": {"id": 269, "height_m": 3.0, "levels": 1, "category": "residencial", "extrude": true, "manzana_id": 0}}, {"type": "Feature", "geometry": {"type": "Polygon", "coordinates": [[[-766.1561708355947, 446.34058622904263], [-762.4341610493595, 446.1179462292092], [-762.532108675414, 448.7896262291872], [-758.7121512631246, 448.56698622895834], [-758.7121512631246, 450.6820662291551], [-753.7168223395757, 450.4594262293217], [-753.6188747135214, 451.79526622911294], [-755.5778272325193, 451.79526622911294], [-755.6757748585736, 456.5820262292877], [-758.8100988891789, 456.5820262292877], [-766.1561708355947, 456.80466622912104], [-766.1561708355947, 446.34058622904263]]]}, "properties": {"id": 270, "height_m": 3.0, "levels": 1, "category": "residencial", "extrude": true, "manzana_id": 0}}, {"type": "Feature", "geometry": {"type": "Polygon", "coordinates": [[[-753.7168223395757, 450.4594262293217], [-749.7009696755259, 450.4594262293217], [-749.5050744234172, 456.4707062291733], [-753.5209270874673, 456.4707062291733], [-753.6188747135214, 451.79526622911294], [-753.7168223395757, 450.4594262293217]]]}, "properties": {"id": 271, "height_m": 6.0, "levels": 2, "category": "residencial", "extrude": true, "manzana_id": 0}}, {"type": "Feature", "geometry": {"type": "Polygon", "coordinates": [[[-762.4341610493595, 446.1179462292092], [-757.3408844997565, 446.0066262290948], [-757.2429368737022, 448.4556662292394], [-758.7121512631246, 448.56698622895834], [-762.532108675414, 448.7896262291872], [-762.4341610493595, 446.1179462292092]]]}, "properties": {"id": 272, "height_m": 3.0, "levels": 1, "category": "residencial", "extrude": true, "manzana_id": 0}}, {"type": "Feature", "geometry": {"type": "Polygon", "coordinates": [[[-762.7280039271745, 437.99158622916093], [-752.8352937057832, 437.99158622916093], [-752.8352937057832, 441.8877862292112], [-757.3408844997565, 441.99910622932566], [-762.4341610493595, 441.99910622932566], [-762.7280039271745, 437.99158622916093]]]}, "properties": {"id": 273, "height_m": 6.0, "levels": 2, "category": "residencial", "extrude": true, "manzana_id": 0}}, {"type": "Feature", "geometry": {"type": "Polygon", "coordinates": [[[-752.8352937057832, 437.99158622916093], [-750.9742888128396, 437.99158622916093], [-746.4686980188663, 437.99158622916093], [-746.4686980188663, 440.6632662291389], [-750.092760179395, 440.55194622902445], [-750.092760179395, 441.66514622898234], [-751.1701840646002, 441.77646622909674], [-751.0722364388939, 445.672666229147], [-752.8352937057832, 445.7839862292615], [-752.8352937057832, 441.8877862292112], [-752.8352937057832, 437.99158622916093]]]}, "properties": {"id": 274, "height_m": 3.0, "levels": 1, "category": "residencial", "extrude": true, "manzana_id": 0}}, {"type": "Feature", "geometry": {"type": "Polygon", "coordinates": [[[-757.3408844997565, 441.99910622932566], [-752.8352937057832, 441.8877862292112], [-752.8352937057832, 445.7839862292615], [-757.3408844997565, 446.0066262290948], [-757.3408844997565, 441.99910622932566]]]}, "properties": {"id": 275, "height_m": 9.0, "levels": 3, "category": "residencial", "extrude": true, "manzana_id": 0}}, {"type": "Feature", "geometry": {"type": "Polygon", "coordinates": [[[-766.254118461649, 437.99158622916093], [-762.7280039271745, 437.99158622916093], [-762.4341610493595, 441.99910622932566], [-757.3408844997565, 441.99910622932566], [-757.3408844997565, 446.0066262290948], [-762.4341610493595, 446.1179462292092], [-766.1561708355947, 446.34058622904263], [-766.254118461649, 437.99158622916093]]]}, "properties": {"id": 276, "height_m": 3.0, "levels": 1, "category": "residencial", "extrude": true, "manzana_id": 0}}, {"type": "Feature", "geometry": {"type": "Polygon", "coordinates": [[[-766.254118461649, 430.7557862292372], [-762.3362134233054, 430.6444662291227], [-762.4341610493595, 433.87274622927737], [-751.0722364388939, 433.87274622927737], [-750.9742888128396, 437.99158622916093], [-752.8352937057832, 437.99158622916093], [-762.7280039271745, 437.99158622916093], [-766.254118461649, 437.99158622916093], [-766.254118461649, 430.7557862292372]]]}, "properties": {"id": 277, "height_m": 3.0, "levels": 1, "category": "residencial", "extrude": true, "manzana_id": 0}}, {"type": "Feature", "geometry": {"type": "Polygon", "coordinates": [[[-755.0880891029439, 420.2917062291587], [-751.1701840646002, 420.1803862290443], [-751.2681316906545, 428.86334622926927], [-755.9696177363884, 428.9746662289882], [-755.8716701106821, 425.52374622900015], [-759.1039417669937, 425.3011062291668], [-759.201889393048, 428.9746662289882], [-762.532108675414, 429.0859862291026], [-762.3362134233054, 430.6444662291227], [-766.254118461649, 430.7557862292372], [-766.254118461649, 420.51434622899205], [-764.6869564461723, 420.51434622899205], [-755.0880891029439, 420.2917062291587]]]}, "properties": {"id": 278, "height_m": 3.0, "levels": 1, "category": "residencial", "extrude": true, "manzana_id": 0}}, {"type": "Feature", "geometry": {"type": "Polygon", "coordinates": [[[-766.254118461649, 410.49554622897585], [-764.8828516982809, 410.49554622897585], [-764.9807993243352, 413.5011862292971], [-766.254118461649, 413.5011862292971], [-766.254118461649, 410.49554622897585]]]}, "properties": {"id": 279, "height_m": 3.0, "levels": 1, "category": "residencial", "extrude": true, "manzana_id": 0}}, {"type": "Feature", "geometry": {"type": "Polygon", "coordinates": [[[-764.8828516982809, 410.49554622897585], [-755.3819319807587, 410.2729062291425], [-755.2839843547044, 413.3898662291827], [-758.516256011364, 413.5011862292971], [-758.4183083853097, 417.0634262290041], [-755.1860367289981, 417.0634262290041], [-755.0880891029439, 420.2917062291587], [-764.6869564461723, 420.51434622899205], [-764.8828516982809, 417.0634262290041], [-761.2587895381001, 417.0634262290041], [-761.3567371638064, 413.61250622901605], [-764.9807993243352, 413.5011862292971], [-764.8828516982809, 410.49554622897585]]]}, "properties": {"id": 280, "height_m": 6.0, "levels": 2, "category": "residencial", "extrude": true, "manzana_id": 0}}, {"type": "Feature", "geometry": {"type": "Polygon", "coordinates": [[[-751.0722364388939, 410.2729062291425], [-746.6645932709748, 410.1615862290281], [-746.6645932709748, 411.0521462291525], [-746.6645932709748, 413.5011862292971], [-749.6030220494716, 413.3898662291827], [-751.0722364388939, 413.3898662291827], [-751.0722364388939, 410.2729062291425]]]}, "properties": {"id": 281, "height_m": 12.0, "levels": 4, "category": "residencial", "extrude": true, "manzana_id": 0}}, {"type": "Feature", "geometry": {"type": "Polygon", "coordinates": [[[-749.7989173012322, 416.61814622894184], [-746.5666456449205, 416.61814622894184], [-746.5666456449205, 420.06906622932536], [-751.1701840646002, 420.1803862290443], [-750.9742888128396, 416.61814622894184], [-749.7989173012322, 416.61814622894184]]]}, "properties": {"id": 282, "height_m": 9.0, "levels": 3, "category": "residencial", "extrude": true, "manzana_id": 0}}, {"type": "Feature", "geometry": {"type": "Polygon", "coordinates": [[[-755.3819319807587, 410.2729062291425], [-751.0722364388939, 410.2729062291425], [-751.0722364388939, 413.3898662291827], [-749.6030220494716, 413.3898662291827], [-749.7989173012322, 416.61814622894184], [-750.9742888128396, 416.61814622894184], [-751.1701840646002, 420.1803862290443], [-755.0880891029439, 420.2917062291587], [-755.1860367289981, 417.0634262290041], [-755.2839843547044, 413.3898662291827], [-755.3819319807587, 410.2729062291425]]]}, "properties": {"id": 283, "height_m": 9.0, "levels": 3, "category": "residencial", "extrude": true, "manzana_id": 0}}, {"type": "Feature", "geometry": {"type": "Polygon", "coordinates": [[[-766.254118461649, 413.5011862292971], [-764.9807993243352, 413.5011862292971], [-761.3567371638064, 413.61250622901605], [-761.2587895381001, 417.0634262290041], [-764.8828516982809, 417.0634262290041], [-766.254118461649, 417.0634262290041], [-766.254118461649, 413.5011862292971]]]}, "properties": {"id": 284, "height_m": 9.0, "levels": 3, "category": "residencial", "extrude": true, "manzana_id": 0}}, {"type": "Feature", "geometry": {"type": "Polygon", "coordinates": [[[-766.254118461649, 417.0634262290041], [-764.8828516982809, 417.0634262290041], [-764.6869564461723, 420.51434622899205], [-766.254118461649, 420.51434622899205], [-766.254118461649, 417.0634262290041]]]}, "properties": {"id": 285, "height_m": 3.0, "levels": 1, "category": "residencial", "extrude": true, "manzana_id": 0}}, {"type": "Feature", "geometry": {"type": "Polygon", "coordinates": [[[-749.6030220494716, 413.3898662291827], [-746.6645932709748, 413.5011862292971], [-746.5666456449205, 416.61814622894184], [-749.7989173012322, 416.61814622894184], [-749.6030220494716, 413.3898662291827]]]}, "properties": {"id": 286, "height_m": 3.0, "levels": 1, "category": "residencial", "extrude": true, "manzana_id": 0}}, {"type": "Feature", "geometry": {"type": "Polygon", "coordinates": [[[-755.2839843547044, 413.3898662291827], [-755.1860367289981, 417.0634262290041], [-758.4183083853097, 417.0634262290041], [-758.516256011364, 413.5011862292971], [-755.2839843547044, 413.3898662291827]]]}, "properties": {"id": 287, "height_m": 3.0, "levels": 1, "category": "residencial", "extrude": true, "manzana_id": 0}}, {"type": "Feature", "geometry": {"type": "Polygon", "coordinates": [[[-807.1962261102344, 377.9901062291782], [-809.2531262552867, 378.10142622929266], [-811.2120787742845, 378.10142622929266], [-811.5059216520993, 372.4241062289934], [-807.9798071179729, 372.0901462290456], [-807.1962261102344, 377.9901062291782]]]}, "properties": {"id": 288, "height_m": 3.0, "levels": 1, "category": "residencial", "extrude": true, "manzana_id": 0}}, {"type": "Feature", "geometry": {"type": "Polygon", "coordinates": [[[-773.6001904080648, 376.87690622922037], [-773.6981380341191, 366.7467862290897], [-769.7802329957755, 366.63546622897525], [-770.0740758739382, 376.7655862291059], [-773.6001904080648, 376.87690622922037]]]}, "properties": {"id": 289, "height_m": 3.0, "levels": 1, "category": "residencial", "extrude": true, "manzana_id": 0}}, {"type": "Feature", "geometry": {"type": "Polygon", "coordinates": [[[-785.9415912783775, 377.3221862292826], [-785.8436436523231, 367.3033862292664], [-782.7093196217179, 368.7505462291721], [-782.7093196217179, 366.9694262293186], [-777.8119383242232, 366.85810622920417], [-773.6981380341191, 366.7467862290897], [-773.6001904080648, 376.87690622922037], [-782.9052148738264, 377.2108662291681], [-785.7456960262688, 377.3221862292826], [-785.9415912783775, 377.3221862292826]]]}, "properties": {"id": 290, "height_m": 6.0, "levels": 2, "category": "residencial", "extrude": true, "manzana_id": 0}}, {"type": "Feature", "geometry": {"type": "Polygon", "coordinates": [[[-782.9052148738264, 377.2108662291681], [-770.0740758739382, 376.7655862291059], [-770.2699711256989, 385.5598662290498], [-774.1878761636945, 385.6711862291643], [-774.2858237897489, 383.8900662293108], [-776.8324620647244, 383.8900662293108], [-776.8324620647244, 382.2202662291762], [-779.085257461537, 382.1089462290618], [-783.0031624995327, 382.2202662291762], [-782.9052148738264, 377.2108662291681]]]}, "properties": {"id": 291, "height_m": 3.0, "levels": 1, "category": "residencial", "extrude": true, "manzana_id": 0}}, {"type": "Feature", "geometry": {"type": "Polygon", "coordinates": [[[-779.1832050875913, 385.6711862291643], [-779.085257461537, 382.1089462290618], [-776.8324620647244, 382.2202662291762], [-776.8324620647244, 383.8900662293108], [-774.2858237897489, 383.8900662293108], [-774.1878761636945, 385.6711862291643], [-779.1832050875913, 385.6711862291643]]]}, "properties": {"id": 292, "height_m": 3.0, "levels": 1, "category": "residencial", "extrude": true, "manzana_id": 0}}, {"type": "Feature", "geometry": {"type": "Polygon", "coordinates": [[[-801.5152638050017, 377.76746622894933], [-794.1691918582378, 377.544826229116], [-793.7774013547167, 385.8938262289976], [-799.1645207821347, 386.00514622911203], [-807.2941737362888, 386.00514622911203], [-807.4900689880494, 381.3297062290518], [-801.5152638050017, 381.3297062290518], [-801.5152638050017, 377.76746622894933]]]}, "properties": {"id": 293, "height_m": 3.0, "levels": 1, "category": "residencial", "extrude": true, "manzana_id": 0}}, {"type": "Feature", "geometry": {"type": "Polygon", "coordinates": [[[-811.2120787742845, 378.10142622929266], [-809.2531262552867, 378.10142622929266], [-809.3510738813409, 386.1164662292265], [-810.722340644361, 386.1164662292265], [-811.2120787742845, 378.10142622929266]]]}, "properties": {"id": 294, "height_m": 3.0, "levels": 1, "category": "residencial", "extrude": true, "manzana_id": 0}}, {"type": "Feature", "geometry": {"type": "Polygon", "coordinates": [[[-777.6160430721147, 317.32070622929984], [-777.6160430721147, 314.3150662289786], [-774.9714571714329, 314.20374622925965], [-774.8735095453786, 317.2093862291854], [-777.6160430721147, 317.32070622929984]]]}, "properties": {"id": 295, "height_m": 6.0, "levels": 2, "category": "residencial", "extrude": true, "manzana_id": 0}}, {"type": "Feature", "geometry": {"type": "Polygon", "coordinates": [[[-773.3063475302499, 311.7547062291151], [-770.4658663774595, 311.4207462291672], [-770.4658663774595, 313.3131862291351], [-773.4042951563041, 313.4245062292496], [-773.3063475302499, 311.7547062291151]]]}, "properties": {"id": 296, "height_m": 3.0, "levels": 1, "category": "residencial", "extrude": true, "manzana_id": 0}}, {"type": "Feature", "geometry": {"type": "Polygon", "coordinates": [[[-781.0442099805349, 307.74718622895034], [-775.2653000492477, 307.4132262290026], [-775.2653000492477, 311.7547062291151], [-773.3063475302499, 311.7547062291151], [-773.4042951563041, 313.4245062292496], [-770.4658663774595, 313.3131862291351], [-770.4658663774595, 317.0980662290709], [-774.8735095453786, 317.2093862291854], [-774.9714571714329, 314.20374622925965], [-777.6160430721147, 314.3150662289786], [-777.6160430721147, 317.32070622929984], [-781.1421576065891, 317.4320262290188], [-781.0442099805349, 307.74718622895034]]]}, "properties": {"id": 297, "height_m": 3.0, "levels": 1, "category": "residencial", "extrude": true, "manzana_id": 0}}, {"type": "Feature", "geometry": {"type": "Polygon", "coordinates": [[[-775.2653000492477, 307.4132262290026], [-770.4658663774595, 307.0792662290547], [-770.4658663774595, 311.4207462291672], [-773.3063475302499, 311.7547062291151], [-775.2653000492477, 311.7547062291151], [-775.2653000492477, 307.4132262290026]]]}, "properties": {"id": 298, "height_m": 3.0, "levels": 1, "category": "residencial", "extrude": true, "manzana_id": 0}}, {"type": "Feature", "geometry": {"type": "Polygon", "coordinates": [[[-785.0600626445848, 327.8961062290972], [-782.7093196217179, 327.78478622898274], [-782.7093196217179, 331.9036262292619], [-782.6113719960116, 336.4677462292077], [-785.0600626445848, 336.57906622932217], [-785.0600626445848, 327.8961062290972]]]}, "properties": {"id": 299, "height_m": 6.0, "levels": 2, "category": "residencial", "extrude": true, "manzana_id": 0}}, {"type": "Feature", "geometry": {"type": "Polygon", "coordinates": [[[-782.7093196217179, 331.9036262292619], [-776.8324620647244, 331.9036262292619], [-776.7345144386701, 336.2451062289789], [-782.6113719960116, 336.4677462292077], [-782.7093196217179, 331.9036262292619]]]}, "properties": {"id": 300, "height_m": 3.0, "levels": 1, "category": "residencial", "extrude": true, "manzana_id": 0}}, {"type": "Feature", "geometry": {"type": "Polygon", "coordinates": [[[-770.2699711256989, 346.0412662291617], [-780.6524194766657, 346.3752262291095], [-786.0395389040838, 346.4865462292239], [-786.6272246600614, 346.4865462292239], [-786.823119911822, 341.9224262292781], [-783.1990577516412, 341.81110622916367], [-783.3949530034018, 338.2488662290612], [-780.3585765988508, 338.02622622922786], [-780.3585765988508, 341.3658262291014], [-777.6160430721147, 341.4771462292158], [-777.713990698169, 337.9149062291134], [-770.3679187517532, 337.80358622899894], [-770.2699711256989, 346.0412662291617]]]}, "properties": {"id": 301, "height_m": 3.0, "levels": 1, "category": "residencial", "extrude": true, "manzana_id": 0}}, {"type": "Feature", "geometry": {"type": "Polygon", "coordinates": [[[-780.8483147287743, 350.2714262291597], [-781.0442099805349, 350.2714262291597], [-785.9415912783775, 350.3827462292742], [-786.0395389040838, 346.4865462292239], [-781.1421576065891, 346.3752262291095], [-780.8483147287743, 346.3752262291095], [-780.8483147287743, 350.2714262291597]]]}, "properties": {"id": 302, "height_m": 3.0, "levels": 1, "category": "residencial", "extrude": true, "manzana_id": 0}}, {"type": "Feature", "geometry": {"type": "Polygon", "coordinates": [[[-738.1431498129515, 267.783306229], [-731.2868159961112, 267.5606662291666], [-731.0909207443506, 271.3455462291024], [-734.4211400267164, 271.3455462291024], [-734.3231924006623, 273.6832662291326], [-737.6534116830281, 273.5719462290182], [-737.8493069351367, 271.9021462292791], [-738.6328879425271, 271.9021462292791], [-738.1431498129515, 267.783306229]]]}, "properties": {"id": 303, "height_m": 3.0, "levels": 1, "category": "residencial", "extrude": true, "manzana_id": 0}}, {"type": "Feature", "geometry": {"type": "Polygon", "coordinates": [[[-719.1413103779072, 278.02474622924507], [-731.4827112482197, 278.2473862290784], [-731.3847636221656, 272.7927062290081], [-725.1161155609549, 272.7927062290081], [-725.1161155609549, 268.7851862292389], [-718.9454151261465, 268.89650622895783], [-719.1413103779072, 278.02474622924507]]]}, "properties": {"id": 304, "height_m": 3.0, "levels": 1, "category": "residencial", "extrude": true, "manzana_id": 0}}, {"type": "Feature", "geometry": {"type": "Polygon", "coordinates": [[[-732.3642398816644, 278.2473862290784], [-731.4827112482197, 278.2473862290784], [-721.5900010268284, 278.02474622924507], [-721.5900010268284, 280.2511462291608], [-729.0340205992985, 279.917186229213], [-729.1319682253528, 288.04354622926127], [-732.2662922556101, 288.04354622926127], [-732.3642398816644, 278.2473862290784]]]}, "properties": {"id": 305, "height_m": 3.0, "levels": 1, "category": "residencial", "extrude": true, "manzana_id": 0}}, {"type": "Feature", "geometry": {"type": "Polygon", "coordinates": [[[-719.3372056296678, 285.1492262290544], [-722.0797391564039, 284.3699862290444], [-721.9817915306976, 281.6983062290665], [-719.2392580039615, 282.1435862291287], [-719.3372056296678, 285.1492262290544]]]}, "properties": {"id": 306, "height_m": 3.0, "levels": 1, "category": "residencial", "extrude": true, "manzana_id": 0}}, {"type": "Feature", "geometry": {"type": "Polygon", "coordinates": [[[-738.7308355685814, 293.2755862291027], [-738.6328879425271, 288.3775062292091], [-732.2662922556101, 288.2661862290946], [-732.2662922556101, 297.95102622916306], [-736.7718830495835, 297.95102622916306], [-736.5759877978229, 293.3869062292172], [-738.7308355685814, 293.2755862291027]]]}, "properties": {"id": 307, "height_m": 3.0, "levels": 1, "category": "residencial", "extrude": true, "manzana_id": 0}}, {"type": "Feature", "geometry": {"type": "Polygon", "coordinates": [[[-745.685117011476, 293.2755862291027], [-738.7308355685814, 293.2755862291027], [-738.8287831946355, 297.95102622916306], [-745.7830646371823, 297.95102622916306], [-745.685117011476, 293.2755862291027]]]}, "properties": {"id": 308, "height_m": 3.0, "levels": 1, "category": "residencial", "extrude": true, "manzana_id": 0}}, {"type": "Feature", "geometry": {"type": "Polygon", "coordinates": [[[-765.568485079965, 288.1548662289802], [-758.516256011364, 288.2661862290946], [-758.3203607592554, 292.71898622932156], [-758.4183083853097, 296.05858622919516], [-752.8352937057832, 295.83594622896624], [-752.7373460800768, 297.95102622916306], [-765.6664327060191, 297.95102622916306], [-765.568485079965, 288.1548662289802]]]}, "properties": {"id": 309, "height_m": 3.0, "levels": 1, "category": "residencial", "extrude": true, "manzana_id": 0}}, {"type": "Feature", "geometry": {"type": "Polygon", "coordinates": [[[-758.3203607592554, 292.71898622932156], [-752.9332413318375, 292.71898622932156], [-752.8352937057832, 295.83594622896624], [-758.4183083853097, 296.05858622919516], [-758.3203607592554, 292.71898622932156]]]}, "properties": {"id": 310, "height_m": 6.0, "levels": 2, "category": "residencial", "extrude": true, "manzana_id": 0}}, {"type": "Feature", "geometry": {"type": "Polygon", "coordinates": [[[-748.7214934160269, 292.1623862291449], [-745.685117011476, 292.27370622925935], [-745.685117011476, 293.2755862291027], [-745.7830646371823, 297.95102622916306], [-748.6235457899727, 297.95102622916306], [-748.8194410417332, 294.500106229175], [-751.8558174462843, 294.61142622928946], [-751.8558174462843, 292.27370622925935], [-748.7214934160269, 292.1623862291449]]]}, "properties": {"id": 311, "height_m": 3.0, "levels": 1, "category": "residencial", "extrude": true, "manzana_id": 0}}, {"type": "Feature", "geometry": {"type": "Polygon", "coordinates": [[[-748.7214934160269, 288.3775062292091], [-745.5871693854216, 288.3775062292091], [-745.685117011476, 292.27370622925935], [-748.7214934160269, 292.1623862291449], [-748.7214934160269, 288.3775062292091]]]}, "properties": {"id": 312, "height_m": 3.0, "levels": 1, "category": "residencial", "extrude": true, "manzana_id": 0}}, {"type": "Feature", "geometry": {"type": "Polygon", "coordinates": [[[-753.3250318357066, 288.2661862290946], [-758.516256011364, 288.2661862290946], [-765.568485079965, 288.1548662289802], [-765.568485079965, 281.03038622917086], [-765.4705374539107, 278.02474622924507], [-759.0059941409395, 278.136066228964], [-755.3819319807587, 278.2473862290784], [-752.6393984540225, 278.3587062291929], [-752.2476079501535, 278.3587062291929], [-752.2476079501535, 282.70018622930536], [-753.3250318357066, 282.5888662291909], [-753.3250318357066, 288.2661862290946]]]}, "properties": {"id": 313, "height_m": 3.0, "levels": 1, "category": "residencial", "extrude": true, "manzana_id": 0}}, {"type": "Feature", "geometry": {"type": "Polygon", "coordinates": [[[-752.7373460800768, 272.68138622928916], [-750.2886554311556, 272.7927062290081], [-750.3866030572099, 276.02098622916276], [-745.4892217593673, 275.9096662290483], [-745.4892217593673, 278.47002622930734], [-749.2112315456023, 278.3587062291929], [-752.0517126983927, 278.3587062291929], [-752.6393984540225, 278.3587062291929], [-752.7373460800768, 272.68138622928916]]]}, "properties": {"id": 314, "height_m": 3.0, "levels": 1, "category": "residencial", "extrude": true, "manzana_id": 0}}, {"type": "Feature", "geometry": {"type": "Polygon", "coordinates": [[[-747.056383774844, 268.2285862290622], [-747.056383774844, 264.332386229012], [-743.9220597442387, 264.55502622924087], [-743.6282168664237, 268.1172662289478], [-745.2933265076068, 268.3399062291767], [-747.056383774844, 268.2285862290622]]]}, "properties": {"id": 315, "height_m": 3.0, "levels": 1, "category": "residencial", "extrude": true, "manzana_id": 0}}, {"type": "Feature", "geometry": {"type": "Polygon", "coordinates": [[[-729.9155492327432, 312.97922622918736], [-733.3437161411633, 312.97922622918736], [-733.0498732633484, 303.07174622928557], [-729.7196539809826, 303.07174622928557], [-729.9155492327432, 312.97922622918736]]]}, "properties": {"id": 316, "height_m": 8.0, "levels": 0, "category": "residencial", "extrude": true, "manzana_id": 0}}, {"type": "Feature", "geometry": {"type": "Polygon", "coordinates": [[[-729.7196539809826, 303.07174622928557], [-720.8064200190901, 302.96042622917116], [-721.1002628969051, 312.97922622918736], [-725.3120108130635, 312.97922622918736], [-729.7196539809826, 312.97922622918736], [-729.9155492327432, 312.97922622918736], [-729.7196539809826, 303.07174622928557]]]}, "properties": {"id": 317, "height_m": 3.0, "levels": 1, "category": "residencial", "extrude": true, "manzana_id": 0}}, {"type": "Feature", "geometry": {"type": "Polygon", "coordinates": [[[-734.0293495228474, 312.97922622918736], [-729.7196539809826, 312.97922622918736], [-729.7196539809826, 315.5395862290509], [-733.8334542710867, 315.5395862290509], [-734.0293495228474, 312.97922622918736]]]}, "properties": {"id": 318, "height_m": 3.0, "levels": 1, "category": "residencial", "extrude": true, "manzana_id": 0}}, {"type": "Feature", "geometry": {"type": "Polygon", "coordinates": [[[-729.4258111031677, 323.2206662290369], [-729.523758728874, 318.99050622903883], [-725.2140631870092, 318.6565462290911], [-725.3120108130635, 312.97922622918736], [-721.1002628969051, 312.97922622918736], [-721.3941057747198, 322.99802622920356], [-726.7812252021378, 323.2206662290369], [-729.4258111031677, 323.2206662290369]]]}, "properties": {"id": 319, "height_m": 3.0, "levels": 1, "category": "residencial", "extrude": true, "manzana_id": 0}}, {"type": "Feature", "geometry": {"type": "Polygon", "coordinates": [[[-726.7812252021378, 323.2206662290369], [-721.3941057747198, 322.99802622920356], [-721.6879486525347, 332.79418622899084], [-735.4985639122697, 333.46210622928197], [-735.596511537976, 326.6715862290249], [-735.596511537976, 323.4433062292658], [-731.7765541260346, 323.3319862291513], [-731.6786064999803, 326.8942262292538], [-728.8381253471899, 326.8942262292538], [-728.8381253471899, 325.2244262291192], [-726.7812252021378, 325.1131062290048], [-726.7812252021378, 323.2206662290369]]]}, "properties": {"id": 320, "height_m": 3.0, "levels": 1, "category": "residencial", "extrude": true, "manzana_id": null}}, {"type": "Feature", "geometry": {"type": "Polygon", "coordinates": [[[-738.5349403168208, 323.5546262289847], [-735.596511537976, 323.4433062292658], [-735.596511537976, 326.6715862290249], [-738.5349403168208, 326.6715862290249], [-738.5349403168208, 323.5546262289847]]]}, "properties": {"id": 321, "height_m": 3.0, "levels": 1, "category": "residencial", "extrude": true, "manzana_id": 0}}, {"type": "Feature", "geometry": {"type": "Polygon", "coordinates": [[[-743.334373988609, 333.7960662292298], [-735.4985639122697, 333.46210622928197], [-735.4006162862155, 343.5922262290171], [-743.5302692403695, 343.9261862289649], [-744.3138502481079, 343.814866229246], [-744.1179549959993, 333.9073862289487], [-743.334373988609, 333.7960662292298]]]}, "properties": {"id": 322, "height_m": 3.0, "levels": 1, "category": "residencial", "extrude": true, "manzana_id": 0}}, {"type": "Feature", "geometry": {"type": "Polygon", "coordinates": [[[-721.9817915306976, 343.03562622923596], [-732.4621875077187, 343.48090622929817], [-732.560135133425, 338.3601862291756], [-726.487382324323, 338.2488662290612], [-726.2914870725624, 334.352666229011], [-721.6879486525347, 334.352666229011], [-721.9817915306976, 343.03562622923596]]]}, "properties": {"id": 323, "height_m": 3.0, "levels": 1, "category": "residencial", "extrude": true, "manzana_id": 0}}, {"type": "Feature", "geometry": {"type": "Polygon", "coordinates": [[[-738.4369926907664, 363.51850622933057], [-743.6282168664237, 363.6298262290495], [-744.5097454998685, 363.6298262290495], [-744.5097454998685, 360.95814622907153], [-738.4369926907664, 360.95814622907153], [-738.4369926907664, 363.51850622933057]]]}, "properties": {"id": 324, "height_m": 6.0, "levels": 2, "category": "residencial", "extrude": true, "manzana_id": 0}}, {"type": "Feature", "geometry": {"type": "Polygon", "coordinates": [[[-734.9108781562919, 359.1770262292181], [-731.9724493777952, 359.1770262292181], [-731.8745017517409, 363.2958662291017], [-734.9108781562919, 363.4071862292161], [-734.9108781562919, 359.1770262292181]]]}, "properties": {"id": 325, "height_m": 3.0, "levels": 1, "category": "residencial", "extrude": true, "manzana_id": 0}}, {"type": "Feature", "geometry": {"type": "Polygon", "coordinates": [[[-735.6944591640303, 354.0563062290955], [-731.8745017517409, 354.16762622921], [-722.2756344085125, 354.27894622932445], [-722.3735820342188, 358.2864662290936], [-722.4715296602731, 362.9619062291539], [-726.2914870725624, 363.07322622926836], [-731.8745017517409, 363.2958662291017], [-731.9724493777952, 359.1770262292181], [-734.9108781562919, 359.1770262292181], [-735.6944591640303, 359.1770262292181], [-735.6944591640303, 354.0563062290955]]]}, "properties": {"id": 326, "height_m": 6.0, "levels": 2, "category": "residencial", "extrude": true, "manzana_id": 0}}, {"type": "Feature", "geometry": {"type": "Polygon", "coordinates": [[[-744.5097454998685, 360.95814622907153], [-744.4117978738142, 359.95626622922816], [-744.3138502481079, 354.16762622921], [-743.4323216143152, 353.9449862289811], [-735.6944591640303, 354.0563062290955], [-735.6944591640303, 359.1770262292181], [-738.4369926907664, 359.28834622893703], [-738.4369926907664, 360.95814622907153], [-744.5097454998685, 360.95814622907153]]]}, "properties": {"id": 327, "height_m": 3.0, "levels": 1, "category": "residencial", "extrude": true, "manzana_id": 0}}, {"type": "Feature", "geometry": {"type": "Polygon", "coordinates": [[[-740.0041547058951, 368.1939462289954], [-734.5190876527707, 368.08262622927646], [-734.5190876527707, 371.0882662292022], [-740.0041547058951, 371.19958622931665], [-740.0041547058951, 368.1939462289954]]]}, "properties": {"id": 328, "height_m": 8.0, "levels": 0, "category": "residencial", "extrude": true, "manzana_id": 0}}, {"type": "Feature", "geometry": {"type": "Polygon", "coordinates": [[[-737.7513593090823, 381.774986229114], [-740.7877357136334, 381.88630622922847], [-740.7877357136334, 378.54670622895935], [-737.7513593090823, 378.4353862292404], [-737.7513593090823, 381.774986229114]]]}, "properties": {"id": 329, "height_m": 3.0, "levels": 1, "category": "residencial", "extrude": true, "manzana_id": 0}}, {"type": "Feature", "geometry": {"type": "Polygon", "coordinates": [[[-729.0340205992985, 378.2127462290116], [-722.9612677901965, 378.10142622929266], [-723.0592154159028, 381.3297062290518], [-729.0340205992985, 381.4410262291662], [-729.0340205992985, 378.2127462290116]]]}, "properties": {"id": 330, "height_m": 3.0, "levels": 1, "category": "residencial", "extrude": true, "manzana_id": 0}}, {"type": "Feature", "geometry": {"type": "Polygon", "coordinates": [[[-729.0340205992985, 378.2127462290116], [-729.1319682253528, 372.4241062289934], [-722.7653725380878, 372.3127862292745], [-722.9612677901965, 378.10142622929266], [-729.0340205992985, 378.2127462290116]]]}, "properties": {"id": 331, "height_m": 3.0, "levels": 1, "category": "residencial", "extrude": true, "manzana_id": 0}}, {"type": "Feature", "geometry": {"type": "Polygon", "coordinates": [[[-740.7877357136334, 378.54670622895935], [-740.8856833396877, 372.75806622894123], [-737.7513593090823, 372.6467462292223], [-735.1067734084005, 372.5354262291079], [-732.2662922556101, 372.5354262291079], [-729.3278634771133, 372.4241062289934], [-729.1319682253528, 372.4241062289934], [-729.0340205992985, 378.2127462290116], [-729.0340205992985, 381.4410262291662], [-737.7513593090823, 381.774986229114], [-737.7513593090823, 381.774986229114], [-737.7513593090823, 378.4353862292404], [-740.7877357136334, 378.54670622895935]]]}, "properties": {"id": 332, "height_m": 6.0, "levels": 2, "category": "residencial", "extrude": true, "manzana_id": 0}}, {"type": "Feature", "geometry": {"type": "Polygon", "coordinates": [[[-766.4500137134096, 374.0939062291279], [-755.3819319807587, 373.4259862292323], [-755.3819319807587, 374.76182622902354], [-746.9584361487897, 374.4278662290758], [-746.8604885227354, 377.9901062291782], [-744.020007370293, 377.9901062291782], [-744.1179549959993, 379.3259462289694], [-751.1701840646002, 379.4372662290839], [-756.5573034920181, 379.6599062293127], [-756.4593558663119, 383.2221462290197], [-766.3520660877033, 383.4447862292485], [-766.4500137134096, 374.0939062291279]]]}, "properties": {"id": 333, "height_m": 3.0, "levels": 1, "category": "residencial", "extrude": true, "manzana_id": 0}}, {"type": "Feature", "geometry": {"type": "Polygon", "coordinates": [[[-743.8241121181844, 372.86938622905564], [-740.8856833396877, 372.75806622894123], [-740.7877357136334, 381.88630622922847], [-740.7877357136334, 382.9995062291863], [-751.0722364388939, 383.11082622930076], [-751.1701840646002, 379.4372662290839], [-744.1179549959993, 379.3259462289694], [-744.020007370293, 377.9901062291782], [-743.8241121181844, 372.86938622905564]]]}, "properties": {"id": 334, "height_m": 6.0, "levels": 2, "category": "residencial", "extrude": true, "manzana_id": 0}}, {"type": "Feature", "geometry": {"type": "Polygon", "coordinates": [[[-761.552632415915, 353.9449862289811], [-752.8352937057832, 354.0563062290955], [-750.778393561079, 354.0563062290955], [-748.6235457899727, 354.0563062290955], [-744.3138502481079, 354.16762622921], [-744.4117978738142, 359.95626622922816], [-744.5097454998685, 363.6298262290495], [-748.1338076600491, 363.6298262290495], [-748.2317552861035, 359.1770262292181], [-760.7690514081768, 359.1770262292181], [-760.5731561564162, 354.94686622922006], [-761.4546847898607, 355.1695062290534], [-761.552632415915, 353.9449862289811]]]}, "properties": {"id": 335, "height_m": 3.0, "levels": 1, "category": "residencial", "extrude": true, "manzana_id": 0}}, {"type": "Feature", "geometry": {"type": "Polygon", "coordinates": [[[-766.5479613394639, 353.9449862289811], [-761.552632415915, 353.9449862289811], [-761.4546847898607, 355.1695062290534], [-761.6505800416213, 358.50910622932247], [-766.4500137134096, 358.6204262290414], [-766.5479613394639, 353.9449862289811]]]}, "properties": {"id": 336, "height_m": 3.0, "levels": 1, "category": "residencial", "extrude": true, "manzana_id": 0}}, {"type": "Feature", "geometry": {"type": "Polygon", "coordinates": [[[-749.4071267977109, 343.814866229246], [-745.7830646371823, 343.814866229246], [-745.8810122632365, 345.2620262291516], [-746.4686980188663, 345.1507062290372], [-746.6645932709748, 350.3827462292742], [-743.4323216143152, 350.2714262291597], [-743.4323216143152, 353.9449862289811], [-744.3138502481079, 354.16762622921], [-748.6235457899727, 354.0563062290955], [-748.7214934160269, 345.03938622931827], [-749.5050744234172, 345.03938622931827], [-749.4071267977109, 343.814866229246]]]}, "properties": {"id": 337, "height_m": 3.0, "levels": 1, "category": "residencial", "extrude": true, "manzana_id": 0}}, {"type": "Feature", "geometry": {"type": "Polygon", "coordinates": [[[-766.5479613394639, 343.9261862289649], [-762.7280039271745, 343.814866229246], [-762.8259515532288, 345.2620262291516], [-750.6804459350247, 345.03938622931827], [-750.778393561079, 350.04878622932637], [-752.7373460800768, 349.93746622921196], [-752.8352937057832, 354.0563062290955], [-761.552632415915, 353.9449862289811], [-766.5479613394639, 353.9449862289811], [-766.5479613394639, 343.9261862289649]]]}, "properties": {"id": 338, "height_m": 3.0, "levels": 1, "category": "residencial", "extrude": true, "manzana_id": 0}}, {"type": "Feature", "geometry": {"type": "Polygon", "coordinates": [[[-752.8352937057832, 354.0563062290955], [-752.7373460800768, 349.93746622921196], [-750.778393561079, 350.04878622932637], [-750.778393561079, 354.0563062290955], [-752.8352937057832, 354.0563062290955]]]}, "properties": {"id": 339, "height_m": 6.0, "levels": 2, "category": "residencial", "extrude": true, "manzana_id": 0}}, {"type": "Feature", "geometry": {"type": "Polygon", "coordinates": [[[-766.5479613394639, 333.7960662292298], [-762.9238991792831, 333.7960662292298], [-762.7280039271745, 343.814866229246], [-766.5479613394639, 343.9261862289649], [-766.5479613394639, 333.7960662292298]]]}, "properties": {"id": 340, "height_m": 3.0, "levels": 1, "category": "residencial", "extrude": true, "manzana_id": 0}}, {"type": "Feature", "geometry": {"type": "Polygon", "coordinates": [[[-756.1655129884971, 323.6659462290992], [-766.6459089655182, 323.6659462290992], [-766.5479613394639, 313.5358262289685], [-756.0675653624428, 313.3131862291351], [-756.1655129884971, 320.6603062291734], [-756.1655129884971, 323.6659462290992]]]}, "properties": {"id": 341, "height_m": 3.0, "levels": 1, "category": "residencial", "extrude": true, "manzana_id": 0}}, {"type": "Feature", "geometry": {"type": "Polygon", "coordinates": [[[-762.9238991792831, 303.5170262289523], [-763.1197944310436, 307.8585062290648], [-751.3660793167087, 307.8585062290648], [-751.4640269427631, 313.2018662290207], [-766.5479613394639, 313.5358262289685], [-766.7438565912245, 304.85286622913907], [-765.8623279577798, 303.5170262289523], [-762.9238991792831, 303.5170262289523]]]}, "properties": {"id": 342, "height_m": 3.0, "levels": 1, "category": "residencial", "extrude": true, "manzana_id": 0}}, {"type": "Feature", "geometry": {"type": "Polygon", "coordinates": [[[-746.6645932709748, 303.2943862291189], [-743.9220597442387, 303.2943862291189], [-743.8241121181844, 306.52266622927357], [-746.7625408966811, 306.52266622927357], [-746.6645932709748, 303.2943862291189]]]}, "properties": {"id": 343, "height_m": 3.0, "levels": 1, "category": "residencial", "extrude": true, "manzana_id": 0}}, {"type": "Feature", "geometry": {"type": "Polygon", "coordinates": [[[-756.4593558663119, 303.4057062292334], [-752.7373460800768, 303.4057062292334], [-752.8352937057832, 305.85474622898244], [-756.3614082402577, 305.9660662290969], [-756.4593558663119, 303.4057062292334]]]}, "properties": {"id": 344, "height_m": 3.0, "levels": 1, "category": "residencial", "extrude": true, "manzana_id": 0}}, {"type": "Feature", "geometry": {"type": "Polygon", "coordinates": [[[-718.6515722479837, 770.1704662293201], [-719.3372056296678, 770.1704662293201], [-720.6105247673295, 770.0591462292057], [-720.3166818895146, 766.4969062291033], [-718.3577293701687, 766.7195462289367], [-718.6515722479837, 770.1704662293201]]]}, "properties": {"id": 345, "height_m": 6.0, "levels": 2, "category": "residencial", "extrude": true, "manzana_id": 1}}, {"type": "Feature", "geometry": {"type": "Polygon", "coordinates": [[[-719.1413103779072, 765.161066229312], [-720.120786637406, 765.0497462291976], [-720.120786637406, 764.8271062289688], [-719.435153255722, 757.8139462292738], [-718.4556769962231, 757.9252662289928], [-718.8474675000923, 761.8214662290429], [-719.1413103779072, 765.161066229312]]]}, "properties": {"id": 346, "height_m": 6.0, "levels": 2, "category": "residencial", "extrude": true, "manzana_id": 1}}, {"type": "Feature", "geometry": {"type": "Polygon", "coordinates": [[[-709.4444954086243, 766.0516262290411], [-719.1413103779072, 765.161066229312], [-718.8474675000923, 761.8214662290429], [-714.2439290800646, 762.2667462291053], [-713.7541909504891, 758.4818662291694], [-713.4603480726743, 754.6969862292336], [-713.3624004466201, 753.8064262291091], [-708.5629667748317, 754.2517062291713], [-709.4444954086243, 766.0516262290411]]]}, "properties": {"id": 347, "height_m": 6.0, "levels": 2, "category": "residencial", "extrude": true, "manzana_id": 1}}, {"type": "Feature", "geometry": {"type": "Polygon", "coordinates": [[[-718.6515722479837, 770.1704662293201], [-718.3577293701687, 766.7195462289367], [-720.3166818895146, 766.4969062291033], [-720.120786637406, 765.0497462291976], [-719.1413103779072, 765.161066229312], [-709.4444954086243, 766.0516262290411], [-709.8362859124935, 771.0610262290492], [-718.6515722479837, 770.1704662293201]]]}, "properties": {"id": 348, "height_m": 3.0, "levels": 1, "category": "residencial", "extrude": true, "manzana_id": 1}}, {"type": "Feature", "geometry": {"type": "Polygon", "coordinates": [[[-712.1870289353606, 657.291986229164], [-714.3418767061189, 656.6240662292684], [-715.0275100878029, 656.4014262290395], [-714.8316148360424, 655.9561462289773], [-712.7747146909902, 649.2769462292301], [-712.0890813093063, 646.9392262292], [-710.9137097976987, 643.2656662289832], [-710.4239716681233, 641.8185062290775], [-710.1301287903084, 641.9298262291919], [-701.8045805840457, 644.267546229222], [-703.7635331030435, 650.6127862290214], [-706.310171378019, 658.9617862292985], [-706.4081190040733, 659.1844262291319], [-707.7793857674415, 658.7391462290697], [-710.2280764160147, 657.9599062290596], [-706.7999095075946, 647.8297862293244], [-708.5629667748317, 647.3845062292622], [-712.1870289353606, 657.291986229164]]]}, "properties": {"id": 349, "height_m": 3.0, "levels": 1, "category": "residencial", "extrude": true, "manzana_id": 1}}, {"type": "Feature", "geometry": {"type": "Polygon", "coordinates": [[[-672.8120833019036, 671.874906229126], [-670.0695497751675, 672.5428262290217], [-669.3839163934834, 675.7711062291763], [-673.7915595614026, 674.9918662291662], [-673.3997690575334, 671.7635862290116], [-682.9006887750556, 669.3145462292625], [-683.4883745306854, 671.9862262292405], [-686.8185938130513, 671.3183062289494], [-686.2309080574215, 668.6466262289714], [-685.4473270500312, 668.7579462290859], [-683.6842697827939, 663.5259062292444], [-682.3130030194259, 663.7485462290778], [-673.3997690575334, 665.4183462292123], [-672.9100309279579, 671.5409462291782], [-672.8120833019036, 671.874906229126]]]}, "properties": {"id": 350, "height_m": 3.0, "levels": 1, "category": "residencial", "extrude": true, "manzana_id": 1}}, {"type": "Feature", "geometry": {"type": "Polygon", "coordinates": [[[-667.8167543783549, 768.2780262289567], [-660.0788919277219, 768.0553862291233], [-659.9809443020156, 772.062906229288], [-667.9147020040612, 772.5081862289549], [-667.8167543783549, 768.2780262289567]]]}, "properties": {"id": 351, "height_m": 3.0, "levels": 1, "category": "residencial", "extrude": true, "manzana_id": 1}}, {"type": "Feature", "geometry": {"type": "Polygon", "coordinates": [[[-667.6208591262462, 755.4762262292436], [-664.4865350956409, 755.2535862290148], [-664.1926922178261, 761.710146229324], [-660.1768395537762, 761.710146229324], [-660.0788919277219, 768.0553862291233], [-667.8167543783549, 768.2780262289567], [-667.6208591262462, 755.4762262292436]]]}, "properties": {"id": 352, "height_m": 6.0, "levels": 2, "category": "residencial", "extrude": true, "manzana_id": 1}}, {"type": "Feature", "geometry": {"type": "Polygon", "coordinates": [[[-678.0033074775611, 754.4743462290047], [-673.6936119353483, 754.6969862292336], [-673.9874548131631, 759.5950662291273], [-670.4613402790367, 759.8177062289607], [-670.8531307829057, 772.062906229288], [-677.7094645993982, 771.8402662290591], [-678.1992027293217, 771.8402662290591], [-678.1992027293217, 771.283666229278], [-678.1992027293217, 766.830866229051], [-675.5546168286397, 767.05350622928], [-675.1628263247707, 759.8177062289607], [-678.1012551032674, 759.5950662291273], [-678.0033074775611, 757.1460262289827], [-678.0033074775611, 754.4743462290047]]]}, "properties": {"id": 353, "height_m": 3.0, "levels": 1, "category": "residencial", "extrude": true, "manzana_id": 1}}, {"type": "Feature", "geometry": {"type": "Polygon", "coordinates": [[[-673.6936119353483, 754.6969862292336], [-670.2654450269281, 754.8083062289526], [-670.4613402790367, 759.8177062289607], [-673.9874548131631, 759.5950662291273], [-673.6936119353483, 754.6969862292336]]]}, "properties": {"id": 354, "height_m": 6.0, "levels": 2, "category": "residencial", "extrude": true, "manzana_id": 1}}, {"type": "Feature", "geometry": {"type": "Polygon", "coordinates": [[[-686.42680330953, 766.7195462289367], [-686.3288556834757, 761.710146229324], [-683.4883745306854, 761.8214662290429], [-682.9986364011098, 766.7195462289367], [-686.42680330953, 766.7195462289367]]]}, "properties": {"id": 355, "height_m": 6.0, "levels": 2, "category": "residencial", "extrude": true, "manzana_id": 1}}, {"type": "Feature", "geometry": {"type": "Polygon", "coordinates": [[[-686.2309080574215, 757.0347062292637], [-686.2309080574215, 754.140386229057], [-678.0033074775611, 754.4743462290047], [-678.0033074775611, 757.1460262289827], [-686.2309080574215, 757.0347062292637]]]}, "properties": {"id": 356, "height_m": 6.0, "levels": 2, "category": "residencial", "extrude": true, "manzana_id": 1}}, {"type": "Feature", "geometry": {"type": "Polygon", "coordinates": [[[-678.1012551032674, 763.1573062292297], [-681.5294220116875, 763.1573062292297], [-681.3335267599269, 759.4837462290128], [-678.1012551032674, 759.5950662291273], [-678.1012551032674, 763.1573062292297]]]}, "properties": {"id": 357, "height_m": 6.0, "levels": 2, "category": "residencial", "extrude": true, "manzana_id": 1}}, {"type": "Feature", "geometry": {"type": "Polygon", "coordinates": [[[-686.2309080574215, 757.0347062292637], [-678.0033074775611, 757.1460262289827], [-678.1012551032674, 759.5950662291273], [-681.3335267599269, 759.4837462290128], [-681.5294220116875, 763.1573062292297], [-678.1012551032674, 763.1573062292297], [-678.1992027293217, 766.830866229051], [-678.1992027293217, 771.283666229278], [-678.1992027293217, 771.8402662290591], [-678.7868884849513, 771.7289462289448], [-686.5247509352363, 771.5063062291114], [-686.42680330953, 766.7195462289367], [-682.9986364011098, 766.7195462289367], [-683.4883745306854, 761.8214662290429], [-686.3288556834757, 761.710146229324], [-686.2309080574215, 757.0347062292637]]]}, "properties": {"id": 358, "height_m": 3.0, "levels": 1, "category": "residencial", "extrude": true, "manzana_id": 1}}, {"type": "Feature", "geometry": {"type": "Polygon", "coordinates": [[[-687.4062795690289, 715.5123462292933], [-684.6637460422928, 715.4010262291788], [-684.1740079123693, 715.4010262291788], [-684.1740079123693, 715.8463062292411], [-684.4678507901842, 724.5292662290706], [-686.8185938130513, 724.3066262292372], [-686.6226985612907, 719.6311862291769], [-687.6021748207895, 719.6311862291769], [-687.4062795690289, 715.5123462292933]]]}, "properties": {"id": 359, "height_m": 3.0, "levels": 1, "category": "residencial", "extrude": true, "manzana_id": 1}}, {"type": "Feature", "geometry": {"type": "Polygon", "coordinates": [[[-685.055536546162, 735.2159862289824], [-679.0807313627663, 735.2159862289824], [-678.8848361110057, 744.7895062289364], [-685.9370651796065, 744.4555462289885], [-686.0350128056609, 741.4499062290628], [-685.2514317979225, 741.5612262291772], [-685.055536546162, 735.2159862289824]]]}, "properties": {"id": 360, "height_m": 3.0, "levels": 1, "category": "residencial", "extrude": true, "manzana_id": 1}}, {"type": "Feature", "geometry": {"type": "Polygon", "coordinates": [[[-687.4062795690289, 735.2159862289824], [-685.055536546162, 735.2159862289824], [-685.2514317979225, 741.5612262291772], [-686.0350128056609, 741.4499062290628], [-685.9370651796065, 744.4555462289885], [-689.3652320880268, 744.3442262292696], [-687.7001224468438, 740.6706662290527], [-687.5042271947352, 737.665026229127], [-687.4062795690289, 735.2159862289824]]]}, "properties": {"id": 361, "height_m": 6.0, "levels": 2, "category": "residencial", "extrude": true, "manzana_id": 1}}, {"type": "Feature", "geometry": {"type": "Polygon", "coordinates": [[[-687.2103843169203, 730.4292262292031], [-679.1786789888206, 730.3179062290887], [-679.0807313627663, 735.2159862289824], [-685.055536546162, 735.2159862289824], [-687.4062795690289, 735.2159862289824], [-687.3083319429747, 732.7669462292333], [-687.2103843169203, 730.4292262292031]]]}, "properties": {"id": 362, "height_m": 3.0, "levels": 1, "category": "residencial", "extrude": true, "manzana_id": 1}}, {"type": "Feature", "geometry": {"type": "Polygon", "coordinates": [[[-687.7001224468438, 751.8026662290267], [-687.9939653246588, 750.6894662290689], [-687.9939653246588, 748.6857062289866], [-683.4883745306854, 749.0196662293299], [-683.4883745306854, 750.6894662290689], [-683.3904269049791, 752.5819062290368], [-685.055536546162, 752.4705862293179], [-685.055536546162, 751.9139862291412], [-687.7001224468438, 751.8026662290267]]]}, "properties": {"id": 363, "height_m": 6.0, "levels": 2, "category": "residencial", "extrude": true, "manzana_id": 1}}, {"type": "Feature", "geometry": {"type": "Polygon", "coordinates": [[[-687.7001224468438, 751.8026662290267], [-692.0098179887086, 751.6913462293078], [-692.0098179887086, 750.8007862291834], [-689.3652320880268, 744.3442262292696], [-685.9370651796065, 744.4555462289885], [-678.8848361110057, 744.7895062289364], [-678.7868884849513, 750.5781462289544], [-678.4930456071365, 752.6932262291513], [-683.3904269049791, 752.5819062290368], [-683.4883745306854, 750.6894662290689], [-683.4883745306854, 749.0196662293299], [-683.4883745306854, 747.7951462292576], [-687.9939653246588, 747.3498662291954], [-687.9939653246588, 748.6857062289866], [-687.9939653246588, 750.6894662290689], [-687.7001224468438, 751.8026662290267]]]}, "properties": {"id": 364, "height_m": 6.0, "levels": 2, "category": "residencial", "extrude": true, "manzana_id": 1}}, {"type": "Feature", "geometry": {"type": "Polygon", "coordinates": [[[-729.2299158510591, 769.1685862290813], [-730.7970778665358, 767.05350622928], [-729.8176016066889, 756.7007462293159], [-724.82227268314, 757.2573462290972], [-725.9976441947474, 769.502546229029], [-729.2299158510591, 769.1685862290813]]]}, "properties": {"id": 365, "height_m": 3.0, "levels": 1, "category": "residencial", "extrude": true, "manzana_id": 1}}, {"type": "Feature", "geometry": {"type": "Polygon", "coordinates": [[[-719.8269437595912, 761.3761862289807], [-725.1161155609549, 760.930906229314], [-724.82227268314, 757.2573462290972], [-724.6263774313794, 757.2573462290972], [-723.3530582940656, 757.3686662292116], [-719.435153255722, 757.8139462292738], [-719.8269437595912, 761.3761862289807]]]}, "properties": {"id": 366, "height_m": 3.0, "levels": 1, "category": "residencial", "extrude": true, "manzana_id": 1}}, {"type": "Feature", "geometry": {"type": "Polygon", "coordinates": [[[-719.8269437595912, 761.3761862289807], [-720.120786637406, 764.8271062289688], [-720.6105247673295, 770.0591462292057], [-725.9976441947474, 769.502546229029], [-724.82227268314, 757.2573462290972], [-724.82227268314, 757.2573462290972], [-725.1161155609549, 760.930906229314], [-719.8269437595912, 761.3761862289807]]]}, "properties": {"id": 367, "height_m": 6.0, "levels": 2, "category": "residencial", "extrude": true, "manzana_id": 1}}, {"type": "Feature", "geometry": {"type": "Polygon", "coordinates": [[[-696.7113040344426, 755.0309462291814], [-693.3810847520767, 745.2347862289986], [-699.4538375611787, 744.7895062289364], [-699.4538375611787, 744.566866229103], [-699.2579423094181, 742.2291462290729], [-699.1599946833638, 739.7801062293238], [-697.8866755460501, 739.8914262290427], [-696.221565904867, 740.0027462291571], [-692.3036608665235, 740.2253862289905], [-687.7001224468438, 740.6706662290527], [-689.3652320880268, 744.3442262292696], [-692.0098179887086, 750.8007862291834], [-692.0098179887086, 751.6913462293078], [-692.8913466225011, 751.6913462293078], [-694.45850863763, 755.1422662292958], [-695.7318277749437, 754.8083062289526], [-695.829775400998, 755.2535862290148], [-696.7113040344426, 755.0309462291814]]]}, "properties": {"id": 368, "height_m": 3.0, "levels": 1, "category": "residencial", "extrude": true, "manzana_id": 1}}, {"type": "Feature", "geometry": {"type": "Polygon", "coordinates": [[[-724.4304821792709, 754.3630262292858], [-713.4603480726743, 754.6969862292336], [-713.7541909504891, 758.4818662291694], [-719.435153255722, 757.8139462292738], [-723.3530582940656, 757.3686662292116], [-724.6263774313794, 757.2573462290972], [-724.4304821792709, 754.3630262292858]]]}, "properties": {"id": 369, "height_m": 3.0, "levels": 1, "category": "residencial", "extrude": true, "manzana_id": 1}}, {"type": "Feature", "geometry": {"type": "Polygon", "coordinates": [[[-728.9360729732442, 747.9064662289766], [-727.2709633320612, 748.0177862290909], [-723.9407440496954, 748.4630662291532], [-724.2345869275102, 751.6913462293078], [-724.4304821792709, 754.3630262292858], [-724.6263774313794, 757.2573462290972], [-729.8176016066889, 756.7007462293159], [-729.3278634771133, 751.8026662290267], [-728.9360729732442, 747.9064662289766]]]}, "properties": {"id": 370, "height_m": 3.0, "levels": 1, "category": "residencial", "extrude": true, "manzana_id": 1}}, {"type": "Feature", "geometry": {"type": "Polygon", "coordinates": [[[-728.9360729732442, 747.9064662289766], [-728.544282469375, 745.0121462291652], [-727.1730157060069, 745.1234662292796], [-727.2709633320612, 748.0177862290909], [-728.9360729732442, 747.9064662289766]]]}, "properties": {"id": 371, "height_m": 3.0, "levels": 1, "category": "residencial", "extrude": true, "manzana_id": 1}}, {"type": "Feature", "geometry": {"type": "Polygon", "coordinates": [[[-715.5172482177264, 743.5649862292596], [-711.697290805437, 744.2329062291551], [-712.0890813093063, 748.797026229101], [-714.048033828304, 748.3517462290388], [-714.1459814543583, 746.9045862291331], [-716.2028815994104, 746.6819462292997], [-715.5172482177264, 743.5649862292596]]]}, "properties": {"id": 372, "height_m": 6.0, "levels": 2, "category": "residencial", "extrude": true, "manzana_id": 1}}, {"type": "Feature", "geometry": {"type": "Polygon", "coordinates": [[[-728.1524919655059, 741.3385862289483], [-715.5172482177264, 743.5649862292596], [-716.2028815994104, 746.6819462292997], [-714.1459814543583, 746.9045862291331], [-714.048033828304, 748.3517462290388], [-712.0890813093063, 748.797026229101], [-712.0890813093063, 749.6875862292255], [-723.9407440496954, 748.4630662291532], [-727.2709633320612, 748.0177862290909], [-727.1730157060069, 745.1234662292796], [-728.544282469375, 745.0121462291652], [-728.1524919655059, 741.3385862289483]]]}, "properties": {"id": 373, "height_m": 3.0, "levels": 1, "category": "residencial", "extrude": true, "manzana_id": 1}}, {"type": "Feature", "geometry": {"type": "Polygon", "coordinates": [[[-728.1524919655059, 741.3385862289483], [-727.3689109581155, 734.4367462289723], [-727.3689109581155, 733.8801462291912], [-726.8791728281922, 733.9914662293056], [-715.6151958434327, 735.4386262292112], [-715.7131434694869, 737.2197462290648], [-714.7336672099881, 737.3310662291792], [-715.5172482177264, 743.5649862292596], [-728.1524919655059, 741.3385862289483]]]}, "properties": {"id": 374, "height_m": 3.0, "levels": 1, "category": "residencial", "extrude": true, "manzana_id": 1}}, {"type": "Feature", "geometry": {"type": "Polygon", "coordinates": [[[-710.4239716681233, 734.1027862290246], [-707.5834905153329, 734.3254262292534], [-707.9752810192019, 737.9989862290747], [-710.7178145459382, 737.5537062290125], [-710.4239716681233, 734.1027862290246]]]}, "properties": {"id": 375, "height_m": 3.0, "levels": 1, "category": "residencial", "extrude": true, "manzana_id": 1}}, {"type": "Feature", "geometry": {"type": "Polygon", "coordinates": [[[-710.4239716681233, 724.9745462291328], [-708.3670715230711, 725.0858662292472], [-706.7019618818882, 725.1971862289662], [-707.5834905153329, 734.3254262292534], [-710.4239716681233, 734.1027862290246], [-711.5993431793828, 733.9914662293056], [-719.435153255722, 733.2122262292955], [-722.6674249123815, 732.8782662289523], [-727.1730157060069, 732.4329862292855], [-726.1935394465081, 723.6387062289461], [-718.063886492354, 724.3066262292372], [-715.7131434694869, 724.5292662290706], [-716.2028815994104, 729.4273462289642], [-710.8157621719924, 729.9839462291409], [-710.4239716681233, 724.9745462291328]]]}, "properties": {"id": 376, "height_m": 3.0, "levels": 1, "category": "residencial", "extrude": true, "manzana_id": 1}}, {"type": "Feature", "geometry": {"type": "Polygon", "coordinates": [[[-725.6058536908783, 717.8500662293234], [-714.7336672099881, 719.0745862290003], [-714.8316148360424, 720.1877862289581], [-717.8679912405934, 719.8538262290103], [-718.063886492354, 724.3066262292372], [-726.1935394465081, 723.6387062289461], [-725.6058536908783, 717.8500662293234]]]}, "properties": {"id": 377, "height_m": 3.0, "levels": 1, "category": "residencial", "extrude": true, "manzana_id": 1}}, {"type": "Feature", "geometry": {"type": "Polygon", "coordinates": [[[-718.063886492354, 724.3066262292372], [-717.8679912405934, 719.8538262290103], [-714.8316148360424, 720.1877862289581], [-715.3213529656178, 724.5292662290706], [-718.063886492354, 724.3066262292372]]]}, "properties": {"id": 378, "height_m": 6.0, "levels": 2, "category": "residencial", "extrude": true, "manzana_id": 1}}, {"type": "Feature", "geometry": {"type": "Polygon", "coordinates": [[[-714.7336672099881, 719.0745862290003], [-707.9752810192019, 719.7425062292914], [-706.1142761259105, 719.9651462291247], [-706.310171378019, 721.0783462290826], [-707.9752810192019, 720.8557062292492], [-708.3670715230711, 725.0858662292472], [-715.3213529656178, 724.5292662290706], [-714.8316148360424, 720.1877862289581], [-714.7336672099881, 719.0745862290003]]]}, "properties": {"id": 379, "height_m": 6.0, "levels": 2, "category": "residencial", "extrude": true, "manzana_id": 1}}, {"type": "Feature", "geometry": {"type": "Polygon", "coordinates": [[[-725.1161155609549, 713.7312262290443], [-720.5125771412752, 714.1765062291065], [-713.7541909504891, 714.9557462291166], [-714.7336672099881, 719.0745862290003], [-725.6058536908783, 717.8500662293234], [-725.1161155609549, 713.7312262290443]]]}, "properties": {"id": 380, "height_m": 3.0, "levels": 1, "category": "residencial", "extrude": true, "manzana_id": 1}}, {"type": "Feature", "geometry": {"type": "Polygon", "coordinates": [[[-713.7541909504891, 714.9557462291166], [-711.697290805437, 715.17838622895], [-709.8362859124935, 715.4010262291788], [-708.4650191491254, 715.5123462292933], [-707.6814381413872, 715.6236662290122], [-707.6814381413872, 716.0689462290745], [-707.9752810192019, 719.7425062292914], [-714.7336672099881, 719.0745862290003], [-713.7541909504891, 714.9557462291166]]]}, "properties": {"id": 381, "height_m": 6.0, "levels": 2, "category": "residencial", "extrude": true, "manzana_id": 1}}, {"type": "Feature", "geometry": {"type": "Polygon", "coordinates": [[[-707.9752810192019, 706.3841062290061], [-704.8409569885968, 706.7180662289538], [-705.1347998664115, 709.7237062292752], [-708.1711762709626, 709.3897462293273], [-707.9752810192019, 706.3841062290061]]]}, "properties": {"id": 382, "height_m": 3.0, "levels": 1, "category": "residencial", "extrude": true, "manzana_id": 1}}, {"type": "Feature", "geometry": {"type": "Polygon", "coordinates": [[[-719.9248913856455, 708.7218262290362], [-720.5125771412752, 714.1765062291065], [-725.1161155609549, 713.7312262290443], [-724.136639301456, 704.7143062292671], [-719.6310485078305, 705.1595862293293], [-719.9248913856455, 708.7218262290362]]]}, "properties": {"id": 383, "height_m": 3.0, "levels": 1, "category": "residencial", "extrude": true, "manzana_id": 1}}, {"type": "Feature", "geometry": {"type": "Polygon", "coordinates": [[[-720.5125771412752, 714.1765062291065], [-719.9248913856455, 708.7218262290362], [-707.2896476375179, 710.2803062290564], [-707.9752810192019, 715.067066229231], [-707.6814381413872, 715.6236662290122], [-708.4650191491254, 715.5123462292933], [-709.8362859124935, 715.4010262291788], [-709.4444954086243, 711.616146229243], [-711.3055003015679, 711.3935062290142], [-711.697290805437, 715.17838622895], [-713.7541909504891, 714.9557462291166], [-720.5125771412752, 714.1765062291065]]]}, "properties": {"id": 384, "height_m": 6.0, "levels": 2, "category": "residencial", "extrude": true, "manzana_id": 1}}, {"type": "Feature", "geometry": {"type": "Polygon", "coordinates": [[[-699.4538375611787, 744.7895062289364], [-706.9958047597031, 744.1215862290408], [-706.5060666297796, 739.223506229147], [-699.1599946833638, 739.7801062293238], [-699.2579423094181, 742.2291462290729], [-699.4538375611787, 744.566866229103], [-699.4538375611787, 744.7895062289364]]]}, "properties": {"id": 385, "height_m": 3.0, "levels": 1, "category": "residencial", "extrude": true, "manzana_id": 1}}, {"type": "Feature", "geometry": {"type": "Polygon", "coordinates": [[[-705.6245379963351, 754.0290662289425], [-707.7793857674415, 753.9177462292236], [-708.4650191491254, 753.8064262291091], [-708.3670715230711, 750.5781462289544], [-708.5629667748317, 745.7913862291753], [-707.0937523857574, 745.9027062292897], [-706.9958047597031, 744.2329062291551], [-706.9958047597031, 744.1215862290408], [-704.3512188590213, 744.3442262292696], [-705.0368522407052, 752.3592662292035], [-705.6245379963351, 752.3592662292035], [-705.6245379963351, 754.0290662289425]]]}, "properties": {"id": 386, "height_m": 3.0, "levels": 1, "category": "residencial", "extrude": true, "manzana_id": 1}}, {"type": "Feature", "geometry": {"type": "Polygon", "coordinates": [[[-697.8866755460501, 739.8914262290427], [-699.1599946833638, 739.7801062293238], [-706.5060666297796, 739.223506229147], [-705.6245379963351, 731.2084662292132], [-702.8820044695989, 731.4311062290466], [-700.3353661949714, 731.6537462292754], [-695.1441420193139, 732.0990262289422], [-687.3083319429747, 732.7669462292333], [-687.4062795690289, 735.2159862289824], [-687.5042271947352, 737.4423862292936], [-697.5928326682351, 736.5518262291691], [-697.8866755460501, 739.8914262290427]]]}, "properties": {"id": 387, "height_m": 3.0, "levels": 1, "category": "residencial", "extrude": true, "manzana_id": 1}}, {"type": "Feature", "geometry": {"type": "Polygon", "coordinates": [[[-687.5042271947352, 737.4423862292936], [-687.5042271947352, 737.665026229127], [-687.7001224468438, 740.6706662290527], [-692.3036608665235, 740.2253862289905], [-696.221565904867, 740.0027462291571], [-697.8866755460501, 739.8914262290427], [-697.5928326682351, 736.5518262291691], [-687.5042271947352, 737.4423862292936]]]}, "properties": {"id": 388, "height_m": 6.0, "levels": 2, "category": "residencial", "extrude": true, "manzana_id": 1}}, {"type": "Feature", "geometry": {"type": "Polygon", "coordinates": [[[-693.5769800041852, 725.1971862289662], [-689.9529178436566, 725.419826229195], [-689.5611273397874, 725.419826229195], [-689.5611273397874, 725.419826229195], [-689.9529178436566, 729.3160262292453], [-694.9482467672053, 728.870746229183], [-695.1441420193139, 732.0990262289422], [-700.3353661949714, 731.6537462292754], [-700.3353661949714, 731.0971462290988], [-700.2374185689171, 729.0933862290165], [-702.588161591784, 728.870746229183], [-702.8820044695989, 731.4311062290466], [-705.6245379963351, 731.2084662292132], [-704.938904614651, 724.3066262292372], [-693.5769800041852, 725.1971862289662]]]}, "properties": {"id": 389, "height_m": 3.0, "levels": 1, "category": "residencial", "extrude": true, "manzana_id": 1}}, {"type": "Feature", "geometry": {"type": "Polygon", "coordinates": [[[-692.793398996447, 715.17838622895], [-687.4062795690289, 715.5123462292933], [-687.6021748207895, 719.6311862291769], [-689.6590749658416, 719.6311862291769], [-689.9529178436566, 725.419826229195], [-693.5769800041852, 725.1971862289662], [-693.3810847520767, 723.6387062289461], [-692.793398996447, 715.17838622895]]]}, "properties": {"id": 390, "height_m": 3.0, "levels": 1, "category": "residencial", "extrude": true, "manzana_id": 1}}, {"type": "Feature", "geometry": {"type": "Polygon", "coordinates": [[[-687.6021748207895, 719.6311862291769], [-686.6226985612907, 719.6311862291769], [-686.8185938130513, 724.3066262292372], [-686.9165414391056, 725.5311462293095], [-689.5611273397874, 725.419826229195], [-689.9529178436566, 725.419826229195], [-689.6590749658416, 719.6311862291769], [-687.6021748207895, 719.6311862291769]]]}, "properties": {"id": 391, "height_m": 6.0, "levels": 2, "category": "residencial", "extrude": true, "manzana_id": 1}}, {"type": "Feature", "geometry": {"type": "Polygon", "coordinates": [[[-698.7682041794947, 714.6217862291688], [-692.793398996447, 715.17838622895], [-693.3810847520767, 723.6387062289461], [-699.2579423094181, 723.1934262292793], [-698.9640994316034, 717.5161062289801], [-698.7682041794947, 714.6217862291688]]]}, "properties": {"id": 392, "height_m": 6.0, "levels": 2, "category": "residencial", "extrude": true, "manzana_id": 1}}, {"type": "Feature", "geometry": {"type": "Polygon", "coordinates": [[[-704.3512188590213, 717.0708262293134], [-698.9640994316034, 717.5161062289801], [-699.2579423094181, 723.1934262292793], [-704.938904614651, 722.7481462292171], [-704.3512188590213, 717.0708262293134]]]}, "properties": {"id": 393, "height_m": 6.0, "levels": 2, "category": "residencial", "extrude": true, "manzana_id": 1}}, {"type": "Feature", "geometry": {"type": "Polygon", "coordinates": [[[-704.0573759812063, 714.1765062291065], [-698.7682041794947, 714.6217862291688], [-698.9640994316034, 717.5161062289801], [-704.3512188590213, 717.0708262293134], [-704.0573759812063, 714.1765062291065]]]}, "properties": {"id": 394, "height_m": 9.0, "levels": 3, "category": "residencial", "extrude": true, "manzana_id": 1}}, {"type": "Feature", "geometry": {"type": "Polygon", "coordinates": [[[-700.531261446732, 698.4803862291867], [-700.9230519506011, 698.4803862291867], [-709.8362859124935, 697.7011462291766], [-709.9342335381998, 697.7011462291766], [-709.9342335381998, 697.3671862292288], [-709.9342335381998, 697.2558662291144], [-719.1413103779072, 696.1426662291565], [-722.6674249123815, 695.5860662289798], [-723.3530582940656, 695.4747462292609], [-722.2756344085125, 688.350266229056], [-717.5741483627785, 689.0181862289517], [-717.9659388662997, 691.5785462292106], [-700.0415233168085, 693.3596662290641], [-700.531261446732, 698.4803862291867]]]}, "properties": {"id": 395, "height_m": 3.0, "levels": 1, "category": "residencial", "extrude": true, "manzana_id": 1}}, {"type": "Feature", "geometry": {"type": "Polygon", "coordinates": [[[-700.0415233168085, 689.0181862289517], [-699.3558899351244, 689.0181862289517], [-694.5564562636843, 689.3521462292949], [-692.2057132408172, 699.1483062290822], [-692.2057132408172, 699.1483062290822], [-694.2626133858693, 698.9256662292489], [-695.829775400998, 698.8143462291345], [-696.8092516604969, 698.591706229301], [-696.9071992865511, 698.591706229301], [-700.531261446732, 698.4803862291867], [-700.0415233168085, 693.3596662290641], [-700.3353661949714, 693.2483462289497], [-700.0415233168085, 689.0181862289517]]]}, "properties": {"id": 396, "height_m": 3.0, "levels": 1, "category": "residencial", "extrude": true, "manzana_id": 1}}, {"type": "Feature", "geometry": {"type": "Polygon", "coordinates": [[[-712.676767064936, 681.2257862292466], [-709.3465477825702, 681.5597462291944], [-709.5424430343306, 685.0106662291824], [-712.9706099427508, 684.6767062292347], [-712.676767064936, 681.2257862292466]]]}, "properties": {"id": 397, "height_m": 3.0, "levels": 1, "category": "residencial", "extrude": true, "manzana_id": 1}}, {"type": "Feature", "geometry": {"type": "Polygon", "coordinates": [[[-721.4920534007741, 680.3352262291221], [-716.2028815994104, 680.7805062291844], [-716.4967244772254, 683.5635062292768], [-721.785896278589, 683.0069062291001], [-721.4920534007741, 680.3352262291221]]]}, "properties": {"id": 398, "height_m": 9.0, "levels": 3, "category": "residencial", "extrude": true, "manzana_id": 1}}, {"type": "Feature", "geometry": {"type": "Polygon", "coordinates": [[[-701.6086853322852, 679.2220262291643], [-702.4902139657297, 688.7955462291183], [-705.0368522407052, 688.5729062292849], [-710.4239716681233, 688.1276262292226], [-721.6879486525347, 686.4578262290881], [-722.0797391564039, 686.4578262290881], [-722.2756344085125, 686.4578262290881], [-721.9817915306976, 683.0069062291001], [-716.4967244772254, 683.5635062292768], [-716.2028815994104, 680.7805062291844], [-721.4920534007741, 680.3352262291221], [-721.1982105229592, 677.218266229082], [-721.1982105229592, 676.8843062291342], [-720.7084723930358, 676.8843062291342], [-714.7336672099881, 677.6635462291442], [-706.1142761259105, 678.7767462291021], [-701.6086853322852, 679.2220262291643]]]}, "properties": {"id": 399, "height_m": 6.0, "levels": 2, "category": "residencial", "extrude": true, "manzana_id": 1}}, {"type": "Feature", "geometry": {"type": "Polygon", "coordinates": [[[-699.2579423094181, 679.4446662289977], [-699.0620470573097, 679.7786262289455], [-697.1030945383118, 683.8974662292246], [-694.7523515154447, 689.129506229066], [-694.5564562636843, 689.3521462292949], [-699.3558899351244, 689.0181862289517], [-700.0415233168085, 689.0181862289517], [-702.4902139657297, 688.7955462291183], [-701.6086853322852, 679.2220262291643], [-699.2579423094181, 679.4446662289977]]]}, "properties": {"id": 400, "height_m": 3.0, "levels": 1, "category": "residencial", "extrude": true, "manzana_id": 1}}, {"type": "Feature", "geometry": {"type": "Polygon", "coordinates": [[[-706.1142761259105, 678.6654262289876], [-706.1142761259105, 678.7767462291021], [-714.7336672099881, 677.6635462291442], [-720.7084723930358, 676.8843062291342], [-721.1982105229592, 676.8843062291342], [-720.7084723930358, 672.2088662290739], [-720.3166818895146, 668.2013462293047], [-715.2234053399116, 668.5353062292525], [-715.6151958434327, 672.4315062293027], [-710.0321811642542, 672.9881062290839], [-709.6403906603849, 669.3145462292625], [-707.3875952635723, 669.5371862290959], [-705.1347998664115, 670.0937862292726], [-705.5265903702808, 673.4333862291462], [-705.7224856223893, 673.4333862291462], [-706.1142761259105, 678.6654262289876]]]}, "properties": {"id": 402, "height_m": 3.0, "levels": 1, "category": "residencial", "extrude": true, "manzana_id": 1}}, {"type": "Feature", "geometry": {"type": "Polygon", "coordinates": [[[-708.4650191491254, 668.5353062292525], [-718.8474675000923, 666.9768262292324], [-719.6310485078305, 666.865506229118], [-720.120786637406, 666.865506229118], [-718.8474675000923, 655.1769062289673], [-718.3577293701687, 655.2882262290816], [-717.5741483627785, 655.5108662293105], [-715.0275100878029, 656.4014262290395], [-715.7131434694869, 662.7466662292343], [-714.8316148360424, 662.8579862289532], [-708.0732286452563, 663.7485462290778], [-708.4650191491254, 668.5353062292525]]]}, "properties": {"id": 404, "height_m": 3.0, "levels": 1, "category": "residencial", "extrude": true, "manzana_id": 1}}, {"type": "Feature", "geometry": {"type": "Polygon", "coordinates": [[[-706.2122237519648, 704.7143062292671], [-723.4510059197719, 703.0445062291325], [-723.4510059197719, 703.0445062291325], [-724.4304821792709, 702.933186229018], [-723.3530582940656, 695.5860662289798], [-723.3530582940656, 695.4747462292609], [-722.6674249123815, 695.5860662289798], [-719.1413103779072, 696.1426662291565], [-709.9342335381998, 697.2558662291144], [-709.9342335381998, 697.3671862292288], [-709.9342335381998, 697.7011462291766], [-709.8362859124935, 697.7011462291766], [-705.5265903702808, 698.0351062291244], [-706.2122237519648, 704.7143062292671]]]}, "properties": {"id": 405, "height_m": 3.0, "levels": 1, "category": "residencial", "extrude": true, "manzana_id": 1}}, {"type": "Feature", "geometry": {"type": "Polygon", "coordinates": [[[-683.2924792789247, 649.7222262292923], [-671.7346594163505, 653.2844662289993], [-673.0079785536642, 657.6259462291118], [-673.1059261797185, 660.6315862290376], [-673.3018214314791, 664.0825062290255], [-673.3997690575334, 665.4183462292123], [-678.688940859245, 664.4164662289734], [-678.7868884849513, 661.0768662290998], [-680.0602076222651, 661.0768662290998], [-679.8643123705045, 658.9617862292985], [-682.6068458972406, 658.071226229174], [-682.0191601416109, 655.8448262292584], [-684.1740079123693, 655.1769062289673], [-683.9781126606088, 654.6203062291861], [-684.1740079123693, 654.5089862290716], [-684.6637460422928, 654.3976662289572], [-685.2514317979225, 654.1750262291238], [-683.8801650345545, 649.610906229178], [-683.2924792789247, 649.7222262292923]]]}, "properties": {"id": 406, "height_m": 3.0, "levels": 1, "category": "residencial", "extrude": true, "manzana_id": 1}}, {"type": "Feature", "geometry": {"type": "Polygon", "coordinates": [[[-650.8718150883625, 564.3397862293214], [-644.309324149337, 564.4511062290403], [-643.917533645468, 561.6681062289479], [-636.7673569508127, 561.7794262290623], [-636.865304576867, 566.566186229237], [-643.7216383937073, 566.677506228956], [-643.7216383937073, 567.3454262292471], [-650.9697627140688, 566.9001462291849], [-651.0677103401231, 570.4623862292873], [-653.9081914929135, 570.3510662291728], [-653.9081914929135, 567.5680662290804], [-656.8466202714103, 567.7907062293093], [-656.9445678974646, 572.1321862290263], [-658.6096775386475, 572.1321862290263], [-658.6096775386475, 576.0283862290765], [-662.2337396988282, 576.3623462290243], [-662.3316873248825, 572.0208662293073], [-662.6255302026974, 561.4454662291145], [-650.6759198362539, 561.5567862292289], [-650.8718150883625, 564.3397862293214]]]}, "properties": {"id": 407, "height_m": 3.0, "levels": 1, "category": "residencial", "extrude": true, "manzana_id": 13}}, {"type": "Feature", "geometry": {"type": "Polygon", "coordinates": [[[-634.3186663022394, 561.7794262290623], [-629.7151278822117, 561.8907462291768], [-628.441808744898, 561.8907462291768], [-628.3438611188437, 565.2303462290503], [-628.3438611188437, 565.6756262291126], [-629.6171802561576, 565.6756262291126], [-629.7151278822117, 565.6756262291126], [-629.7151278822117, 567.2341062291326], [-634.2207186761851, 567.3454262292471], [-634.3186663022394, 561.7794262290623]]]}, "properties": {"id": 408, "height_m": 3.0, "levels": 1, "category": "residencial", "extrude": true, "manzana_id": 13}}, {"type": "Feature", "geometry": {"type": "Polygon", "coordinates": [[[-652.5369247295455, 585.713226229145], [-646.4641719204435, 585.6019062290305], [-646.3662242943891, 588.1622662292896], [-652.4389771034912, 588.1622662292896], [-652.5369247295455, 585.713226229145]]]}, "properties": {"id": 409, "height_m": 3.0, "levels": 1, "category": "residencial", "extrude": true, "manzana_id": 14}}, {"type": "Feature", "geometry": {"type": "Polygon", "coordinates": [[[-628.441808744898, 561.8907462291768], [-621.7813701801663, 562.0020662292911], [-621.1936844241885, 566.0095862290603], [-628.3438611188437, 566.1209062291748], [-628.441808744898, 561.8907462291768]]]}, "properties": {"id": 410, "height_m": 3.0, "levels": 1, "category": "residencial", "extrude": true, "manzana_id": 13}}, {"type": "Feature", "geometry": {"type": "Polygon", "coordinates": [[[-672.9100309279579, 582.7075862292191], [-669.2859687674293, 582.5962662291047], [-669.2859687674293, 590.8339462292674], [-672.6161880497951, 590.8339462292674], [-672.9100309279579, 582.7075862292191]]]}, "properties": {"id": 411, "height_m": 3.0, "levels": 1, "category": "residencial", "extrude": true, "manzana_id": 8}}, {"type": "Feature", "geometry": {"type": "Polygon", "coordinates": [[[-680.7458410039492, 583.2641862290004], [-680.7458410039492, 579.9245862291268], [-677.4156217215833, 579.9245862291268], [-677.4156217215833, 583.2641862290004], [-680.7458410039492, 583.2641862290004]]]}, "properties": {"id": 412, "height_m": 3.0, "levels": 1, "category": "residencial", "extrude": true, "manzana_id": 8}}, {"type": "Feature", "geometry": {"type": "Polygon", "coordinates": [[[-680.7458410039492, 579.9245862291268], [-682.9006887750556, 579.9245862291268], [-682.9986364011098, 576.4736662291388], [-673.1059261797185, 576.4736662291388], [-672.9100309279579, 582.7075862292191], [-672.6161880497951, 590.8339462292674], [-682.9006887750556, 590.8339462292674], [-682.9006887750556, 588.0509462291751], [-682.9986364011098, 583.2641862290004], [-680.7458410039492, 583.2641862290004], [-677.4156217215833, 583.2641862290004], [-677.4156217215833, 579.9245862291268], [-680.7458410039492, 579.9245862291268]]]}, "properties": {"id": 413, "height_m": 3.0, "levels": 1, "category": "residencial", "extrude": true, "manzana_id": 8}}, {"type": "Feature", "geometry": {"type": "Polygon", "coordinates": [[[-693.0872418742618, 587.9396262290607], [-682.9006887750556, 588.0509462291751], [-682.9006887750556, 590.8339462292674], [-693.0872418742618, 590.8339462292674], [-693.0872418742618, 587.9396262290607]]]}, "properties": {"id": 414, "height_m": 3.0, "levels": 1, "category": "residencial", "extrude": true, "manzana_id": 8}}, {"type": "Feature", "geometry": {"type": "Polygon", "coordinates": [[[-708.4650191491254, 612.0960662289767], [-708.954757278701, 615.7696262291936], [-714.1459814543583, 615.1017062292979], [-714.5377719582275, 615.1017062292979], [-713.9500862022497, 611.6507862293099], [-708.4650191491254, 612.0960662289767]]]}, "properties": {"id": 415, "height_m": 3.0, "levels": 1, "category": "residencial", "extrude": true, "manzana_id": 1}}, {"type": "Feature", "geometry": {"type": "Polygon", "coordinates": [[[-702.7840568435446, 605.0829062292817], [-698.4743613016798, 605.5281862289485], [-699.2579423094181, 612.8753062289867], [-699.2579423094181, 612.9866262291011], [-703.5676378512829, 612.5413462290389], [-702.7840568435446, 605.0829062292817]]]}, "properties": {"id": 416, "height_m": 9.0, "levels": 3, "category": "residencial", "extrude": true, "manzana_id": 1}}, {"type": "Feature", "geometry": {"type": "Polygon", "coordinates": [[[-703.5676378512829, 612.5413462290389], [-708.4650191491254, 612.0960662289767], [-713.9500862022497, 611.6507862293099], [-714.048033828304, 611.6507862293099], [-713.2644528205658, 604.0810262290428], [-702.7840568435446, 605.0829062292817], [-703.5676378512829, 612.5413462290389]]]}, "properties": {"id": 417, "height_m": 6.0, "levels": 2, "category": "residencial", "extrude": true, "manzana_id": 1}}, {"type": "Feature", "geometry": {"type": "Polygon", "coordinates": [[[-699.1599946833638, 611.7621062290289], [-698.4743613016798, 605.5281862289485], [-697.5928326682351, 605.5281862289485], [-692.8913466225011, 605.9734662290107], [-693.3810847520767, 618.3299862290571], [-699.6497328132873, 617.550746229047], [-699.6497328132873, 617.550746229047], [-699.4538375611787, 614.9903862291835], [-698.7682041794947, 614.9903862291835], [-698.3764136756256, 611.7621062290289], [-699.1599946833638, 611.7621062290289]]]}, "properties": {"id": 418, "height_m": 6.0, "levels": 2, "category": "residencial", "extrude": true, "manzana_id": 1}}, {"type": "Feature", "geometry": {"type": "Polygon", "coordinates": [[[-701.0209995766554, 624.452586229023], [-700.9230519506011, 623.3393862290652], [-700.8251043245467, 622.5601462290551], [-700.6292090727861, 622.6714662291695], [-700.3353661949714, 621.2243062292639], [-697.3969374161265, 621.6695862293261], [-697.7887279199958, 624.8978662290853], [-694.0667181337607, 625.4544662292619], [-694.2626133858693, 625.8997462293241], [-695.0461943932596, 629.3506662293122], [-695.4379848971288, 629.3506662293122], [-695.6338801488894, 629.2393462291977], [-695.6338801488894, 629.3506662293122], [-701.5107377062308, 628.3487862290733], [-701.5107377062308, 628.3487862290733], [-701.0209995766554, 624.452586229023]]]}, "properties": {"id": 419, "height_m": 3.0, "levels": 1, "category": "residencial", "extrude": true, "manzana_id": 1}}, {"type": "Feature", "geometry": {"type": "Polygon", "coordinates": [[[-699.1599946833638, 611.7621062290289], [-698.3764136756256, 611.7621062290289], [-698.7682041794947, 614.9903862291835], [-699.4538375611787, 614.9903862291835], [-699.2579423094181, 612.9866262291011], [-699.2579423094181, 612.8753062289867], [-699.1599946833638, 611.7621062290289]]]}, "properties": {"id": 420, "height_m": 9.0, "levels": 3, "category": "residencial", "extrude": true, "manzana_id": 1}}, {"type": "Feature", "geometry": {"type": "Polygon", "coordinates": [[[-683.5863221567397, 623.1167462292318], [-688.8754939581033, 622.7827862292839], [-688.777546332397, 619.9997862291916], [-692.4016084925778, 619.6658262292437], [-692.0098179887086, 616.5488662292036], [-688.6795987063427, 616.771506229037], [-688.3857558285279, 613.4319062291634], [-692.1077656147629, 613.2092662293301], [-692.1077656147629, 610.3149462291232], [-683.1945316528704, 611.0941862291332], [-683.2924792789247, 611.2055062292477], [-683.5863221567397, 623.1167462292318]]]}, "properties": {"id": 422, "height_m": 3.0, "levels": 1, "category": "residencial", "extrude": true, "manzana_id": 1}}, {"type": "Feature", "geometry": {"type": "Polygon", "coordinates": [[[-680.4519981261343, 620.7790262292017], [-681.1376315078184, 626.0110662290431], [-681.6273696377418, 625.8997462293241], [-682.2150553933716, 625.6771062290953], [-683.1945316528704, 625.3431462291475], [-683.8801650345545, 625.231826229033], [-683.6842697827939, 624.1186262290752], [-683.5863221567397, 623.4507062291796], [-683.2924792789247, 611.2055062292477], [-683.1945316528704, 611.0941862291332], [-683.2924792789247, 606.4187462290729], [-674.281297691326, 606.8640262291352], [-674.3792453170323, 611.428146229081], [-674.8689834469557, 620.890346229316], [-680.4519981261343, 620.7790262292017]]]}, "properties": {"id": 423, "height_m": 3.0, "levels": 1, "category": "residencial", "extrude": true, "manzana_id": 1}}, {"type": "Feature", "geometry": {"type": "Polygon", "coordinates": [[[-674.6730881948472, 616.5488662292036], [-674.3792453170323, 611.428146229081], [-674.281297691326, 606.9753462292497], [-660.3727348058848, 607.6432662291452], [-666.2495923628782, 630.1299062293222], [-671.0490260346664, 629.1280262290833], [-674.5751405691409, 628.1261462292399], [-675.5546168286397, 627.903506229011], [-675.3587215765311, 627.6808662291776], [-674.9669310730101, 623.1167462292318], [-670.2654450269281, 624.452586229023], [-669.2859687674293, 620.4450662292538], [-672.8120833019036, 619.331866229296], [-672.1264499202196, 616.9941462292659], [-674.6730881948472, 616.5488662292036]]]}, "properties": {"id": 424, "height_m": 3.0, "levels": 1, "category": "residencial", "extrude": true, "manzana_id": 1}}, {"type": "Feature", "geometry": {"type": "Polygon", "coordinates": [[[-669.188021141723, 648.0524262291578], [-664.2906398438803, 649.3882662289491], [-665.857801859009, 655.2882262290816], [-670.8531307829057, 653.9523862292904], [-669.188021141723, 648.0524262291578]]]}, "properties": {"id": 425, "height_m": 3.0, "levels": 1, "category": "residencial", "extrude": true, "manzana_id": 1}}, {"type": "Feature", "geometry": {"type": "Polygon", "coordinates": [[[-664.2906398438803, 649.3882662289491], [-669.188021141723, 648.0524262291578], [-668.208544881876, 645.0467862292321], [-663.3111635843815, 646.6052662292522], [-663.9967969660655, 648.8316662291679], [-664.2906398438803, 649.3882662289491]]]}, "properties": {"id": 426, "height_m": 3.0, "levels": 1, "category": "residencial", "extrude": true, "manzana_id": 1}}, {"type": "Feature", "geometry": {"type": "Polygon", "coordinates": [[[-669.4818640195377, 644.378866228941], [-669.6777592712983, 644.9354662291177], [-670.951078408612, 649.0543062290012], [-679.2766266148748, 646.6052662292522], [-679.7663647444502, 646.4939462291377], [-679.1786789888206, 643.1543462292642], [-678.297150355376, 638.1449462292561], [-677.7094645993982, 634.805346228987], [-676.5340930881387, 627.792186229292], [-676.5340930881387, 627.3469062292298], [-675.3587215765311, 627.6808662291776], [-675.5546168286397, 627.903506229011], [-674.5751405691409, 628.1261462292399], [-671.0490260346664, 629.1280262290833], [-672.5182404240888, 637.365706229246], [-673.1059261797185, 641.0392662290674], [-670.1674974012218, 641.4845462291296], [-670.8531307829057, 644.0449062289931], [-669.4818640195377, 644.378866228941]]]}, "properties": {"id": 427, "height_m": 3.0, "levels": 1, "category": "residencial", "extrude": true, "manzana_id": 1}}, {"type": "Feature", "geometry": {"type": "Polygon", "coordinates": [[[-678.3950979810822, 638.256266228975], [-679.1786789888206, 643.1543462292642], [-679.7663647444502, 646.4939462291377], [-687.8960176986044, 644.1562262291076], [-688.6795987063427, 643.8222662291598], [-687.3083319429747, 636.4751462291215], [-687.2103843169203, 635.4732662292781], [-686.6226985612907, 632.3563062292379], [-682.704793523295, 633.135546229248], [-682.9986364011098, 635.2506262290492], [-681.4314743856332, 635.4732662292781], [-681.6273696377418, 636.9204262291838], [-679.3745742405811, 637.2543862291316], [-679.4725218666354, 638.1449462292561], [-678.3950979810822, 638.256266228975]]]}, "properties": {"id": 428, "height_m": 6.0, "levels": 2, "category": "residencial", "extrude": true, "manzana_id": 1}}, {"type": "Feature", "geometry": {"type": "Polygon", "coordinates": [[[-682.704793523295, 633.135546229248], [-682.3130030194259, 630.6865062291034], [-686.2309080574215, 629.9072662290934], [-685.4473270500312, 625.1205062293141], [-685.4473270500312, 625.0091862291997], [-685.4473270500312, 624.8978662290853], [-683.8801650345545, 625.231826229033], [-683.1945316528704, 625.3431462291475], [-682.5088982711865, 625.5657862289809], [-682.9006887750556, 628.3487862290733], [-681.4314743856332, 628.6827462290211], [-681.1376315078184, 628.7940662291355], [-681.2355791338726, 630.0185862292078], [-679.2766266148748, 630.3525462291556], [-678.7868884849513, 626.7903062290532], [-676.5340930881387, 627.3469062292298], [-676.5340930881387, 627.792186229292], [-677.2197264698227, 631.7997062290613], [-677.7094645993982, 634.805346228987], [-678.297150355376, 638.1449462292561], [-678.3950979810822, 638.256266228975], [-679.4725218666354, 638.1449462292561], [-679.3745742405811, 637.2543862291316], [-681.6273696377418, 636.9204262291838], [-681.4314743856332, 635.4732662292781], [-682.9986364011098, 635.2506262290492], [-682.704793523295, 633.135546229248]]]}, "properties": {"id": 429, "height_m": 3.0, "levels": 1, "category": "residencial", "extrude": true, "manzana_id": 1}}, {"type": "Feature", "geometry": {"type": "Polygon", "coordinates": [[[-690.7364988513948, 633.135546229248], [-691.2262369809704, 635.2506262290492], [-687.3083319429747, 636.4751462291215], [-688.6795987063427, 643.8222662291598], [-696.8092516604969, 641.4845462291296], [-697.3969374161265, 641.3732262290152], [-697.3969374161265, 641.1505862291818], [-697.2010421643661, 640.3713462291718], [-696.8092516604969, 637.1430662290172], [-696.7113040344426, 636.8091062290694], [-695.9277230270523, 631.6883862289468], [-690.7364988513948, 633.135546229248]]]}, "properties": {"id": 430, "height_m": 3.0, "levels": 1, "category": "residencial", "extrude": true, "manzana_id": 1}}, {"type": "Feature", "geometry": {"type": "Polygon", "coordinates": [[[-692.9892942482074, 632.4676262289569], [-695.9277230270523, 631.6883862289468], [-695.6338801488894, 629.2393462291977], [-695.4379848971288, 629.3506662293122], [-695.0461943932596, 629.3506662293122], [-694.2626133858693, 625.8997462293241], [-693.7728752559459, 623.8959862292418], [-693.7728752559459, 623.8959862292418], [-691.5200798591331, 624.3412662293041], [-692.9892942482074, 632.4676262289569]]]}, "properties": {"id": 431, "height_m": 3.0, "levels": 1, "category": "residencial", "extrude": true, "manzana_id": 1}}, {"type": "Feature", "geometry": {"type": "Polygon", "coordinates": [[[-701.0209995766554, 635.3619462291637], [-696.6133564087363, 635.9185462289449], [-696.6133564087363, 636.0298662290593], [-696.6133564087363, 636.2525062292882], [-696.7113040344426, 636.8091062290694], [-696.8092516604969, 637.1430662290172], [-697.2010421643661, 640.3713462291718], [-697.3969374161265, 641.1505862291818], [-700.8251043245467, 640.148706228943], [-701.5107377062308, 639.9260662291096], [-701.0209995766554, 635.3619462291637]]]}, "properties": {"id": 432, "height_m": 6.0, "levels": 2, "category": "residencial", "extrude": true, "manzana_id": 1}}, {"type": "Feature", "geometry": {"type": "Polygon", "coordinates": [[[-701.0209995766554, 635.3619462291637], [-703.3717425995223, 635.1393062293303], [-703.1758473474138, 634.0261062289769], [-702.8820044695989, 631.5770662292279], [-702.8820044695989, 630.9091462289368], [-702.6861092178383, 629.2393462291977], [-702.4902139657297, 628.2374662289589], [-701.7066329583394, 628.3487862290733], [-701.5107377062308, 628.3487862290733], [-695.6338801488894, 629.3506662293122], [-695.9277230270523, 631.6883862289468], [-696.6133564087363, 635.9185462289449], [-701.0209995766554, 635.3619462291637]]]}, "properties": {"id": 433, "height_m": 9.0, "levels": 3, "category": "residencial", "extrude": true, "manzana_id": 1}}, {"type": "Feature", "geometry": {"type": "Polygon", "coordinates": [[[-701.0209995766554, 635.3619462291637], [-701.5107377062308, 639.9260662291096], [-703.0778997213595, 639.4807862290473], [-703.8614807290978, 639.2581462292139], [-703.6655854773372, 638.0336262291416], [-703.3717425995223, 635.1393062293303], [-701.0209995766554, 635.3619462291637]]]}, "properties": {"id": 434, "height_m": 12.0, "levels": 4, "category": "residencial", "extrude": true, "manzana_id": 1}}, {"type": "Feature", "geometry": {"type": "Polygon", "coordinates": [[[-703.8614807290978, 639.2581462292139], [-704.0573759812063, 639.1468262290995], [-716.398776851171, 635.807226229226], [-716.692619728986, 635.4732662292781], [-716.0069863473019, 629.1280262290833], [-715.6151958434327, 625.6771062290953], [-715.4193005916721, 625.7884262292098], [-709.1506525308095, 626.7903062290532], [-707.5834905153329, 627.0129462292821], [-705.3306951185201, 627.3469062292298], [-702.4902139657297, 627.792186229292], [-702.4902139657297, 628.2374662289589], [-702.6861092178383, 629.2393462291977], [-702.8820044695989, 630.9091462289368], [-702.8820044695989, 631.5770662292279], [-703.1758473474138, 634.0261062289769], [-703.6655854773372, 638.0336262291416], [-703.8614807290978, 639.2581462292139]]]}, "properties": {"id": 435, "height_m": 3.0, "levels": 1, "category": "residencial", "extrude": true, "manzana_id": 1}}, {"type": "Feature", "geometry": {"type": "Polygon", "coordinates": [[[-709.6403906603849, 616.9941462292659], [-709.6403906603849, 616.9941462292659], [-702.6861092178383, 617.9960262291092], [-703.2737949734681, 622.3375062292217], [-700.8251043245467, 622.5601462290551], [-700.9230519506011, 623.3393862290652], [-701.5107377062308, 628.3487862290733], [-701.5107377062308, 628.3487862290733], [-702.4902139657297, 628.2374662289589], [-702.4902139657297, 627.792186229292], [-705.3306951185201, 627.3469062292298], [-707.5834905153329, 627.0129462292821], [-709.1506525308095, 626.7903062290532], [-715.4193005916721, 625.7884262292098], [-715.6151958434327, 625.6771062290953], [-714.7336672099881, 618.3299862290571], [-709.9342335381998, 618.9979062289526], [-709.6403906603849, 616.9941462292659]]]}, "properties": {"id": 436, "height_m": 3.0, "levels": 1, "category": "residencial", "extrude": true, "manzana_id": 1}}, {"type": "Feature", "geometry": {"type": "Polygon", "coordinates": [[[-711.011657423753, 500.21946622905944], [-711.011657423753, 500.3307862291739], [-717.7700436145391, 500.21946622905944], [-717.7700436145391, 499.6628662292783], [-717.6720959884848, 495.87798622894695], [-717.5741483627785, 494.6534662292702], [-715.2234053399116, 494.43082622904126], [-715.1254577138573, 489.8667062290954], [-710.9137097976987, 489.755386228981], [-711.011657423753, 500.21946622905944]]]}, "properties": {"id": 437, "height_m": 6.0, "levels": 2, "category": "residencial", "extrude": true, "manzana_id": 7}}, {"type": "Feature", "geometry": {"type": "Polygon", "coordinates": [[[-717.4762007367242, 489.8667062290954], [-717.3782531106699, 486.63842622894083], [-717.3782531106699, 485.413906229264], [-706.4081190040733, 484.634666229254], [-706.7999095075946, 500.108146228945], [-711.011657423753, 500.21946622905944], [-710.9137097976987, 489.755386228981], [-715.1254577138573, 489.8667062290954], [-717.4762007367242, 489.8667062290954]]]}, "properties": {"id": 438, "height_m": 3.0, "levels": 1, "category": "residencial", "extrude": true, "manzana_id": 7}}, {"type": "Feature", "geometry": {"type": "Polygon", "coordinates": [[[-717.5741483627785, 494.6534662292702], [-717.4762007367242, 489.8667062290954], [-715.1254577138573, 489.8667062290954], [-715.2234053399116, 494.43082622904126], [-717.5741483627785, 494.6534662292702]]]}, "properties": {"id": 439, "height_m": 6.0, "levels": 2, "category": "residencial", "extrude": true, "manzana_id": 7}}, {"type": "Feature", "geometry": {"type": "Polygon", "coordinates": [[[-689.4631797140811, 365.4109462292985], [-686.5247509352363, 365.299626229184], [-675.9464073325089, 365.1883062290696], [-676.0443549582152, 369.0845062291198], [-676.1423025842695, 373.09202622928456], [-676.2402502103239, 379.2146262292505], [-676.2402502103239, 379.5485862291983], [-690.5406035996343, 378.9919862290216], [-690.1488130957651, 373.2033462290035], [-683.3904269049791, 373.6486262290657], [-679.8643123705045, 373.8712662292946], [-679.5704694926898, 369.4184662290677], [-683.2924792789247, 369.30714622895323], [-683.1945316528704, 368.6392262290576], [-683.1945316528704, 367.85998622904754], [-689.6590749658416, 367.6373462292142], [-689.4631797140811, 365.4109462292985]]]}, "properties": {"id": 440, "height_m": 3.0, "levels": 1, "category": "residencial", "extrude": true, "manzana_id": 0}}, {"type": "Feature", "geometry": {"type": "Polygon", "coordinates": [[[-683.2924792789247, 369.30714622895323], [-679.5704694926898, 369.4184662290677], [-679.8643123705045, 373.8712662292946], [-683.3904269049791, 373.6486262290657], [-683.2924792789247, 369.30714622895323]]]}, "properties": {"id": 441, "height_m": 6.0, "levels": 2, "category": "residencial", "extrude": true, "manzana_id": 0}}, {"type": "Feature", "geometry": {"type": "Polygon", "coordinates": [[[-696.515408782682, 378.7693462291883], [-692.793398996447, 378.9919862290216], [-692.9892942482074, 382.3315862292907], [-691.0303417292097, 382.4429062290096], [-690.1488130957651, 382.4429062290096], [-690.1488130957651, 382.5542262291241], [-690.2467607214714, 384.0013862290297], [-690.5406035996343, 384.0013862290297], [-690.8344464774491, 388.8994662293189], [-697.0051469122575, 388.56550622897555], [-698.4743613016798, 388.4541862292566], [-698.0825707978106, 381.9976262289474], [-697.6907802939415, 378.7693462291883], [-696.515408782682, 378.7693462291883]]]}, "properties": {"id": 442, "height_m": 3.0, "levels": 1, "category": "residencial", "extrude": true, "manzana_id": 0}}, {"type": "Feature", "geometry": {"type": "Polygon", "coordinates": [[[-676.632040714193, 389.4560662291001], [-680.2561028743738, 389.2334262292667], [-683.6842697827939, 389.0107862290378], [-685.9370651796065, 388.8994662293189], [-687.7001224468438, 388.7881462292045], [-687.7001224468438, 389.1221062291522], [-689.8549702179503, 389.0107862290378], [-690.8344464774491, 388.8994662293189], [-690.5406035996343, 384.0013862290297], [-690.2467607214714, 384.0013862290297], [-690.1488130957651, 382.5542262291241], [-690.0508654697109, 380.8844262289895], [-690.0508654697109, 380.3278262292083], [-685.9370651796065, 380.5504662290417], [-676.2402502103239, 381.21838622893733], [-676.632040714193, 389.4560662291001]]]}, "properties": {"id": 443, "height_m": 3.0, "levels": 1, "category": "residencial", "extrude": true, "manzana_id": 0}}, {"type": "Feature", "geometry": {"type": "Polygon", "coordinates": [[[-682.3130030194259, 395.9126262290138], [-682.2150553933716, 393.908866229327], [-683.7822174085002, 393.79754622921257], [-683.6842697827939, 390.5692662290579], [-683.0965840268161, 390.5692662290579], [-681.5294220116875, 390.6805862291724], [-680.7458410039492, 390.6805862291724], [-678.297150355376, 390.9032262290057], [-677.317674095877, 391.0145462291201], [-677.6115169736919, 399.4748662291163], [-677.6115169736919, 399.4748662291163], [-678.688940859245, 399.4748662291163], [-684.2719555384236, 399.1409062291684], [-688.6795987063427, 398.9182662289396], [-689.2672844619725, 398.80694622922067], [-689.0713892102119, 395.8013062292949], [-682.3130030194259, 396.0239462291282], [-682.3130030194259, 395.9126262290138]]]}, "properties": {"id": 444, "height_m": 3.0, "levels": 1, "category": "residencial", "extrude": true, "manzana_id": 0}}, {"type": "Feature", "geometry": {"type": "Polygon", "coordinates": [[[-694.164665759815, 391.23718622895353], [-698.2784660499192, 391.1258662292346], [-698.0825707978106, 389.2334262292667], [-697.9846231721043, 388.4541862292566], [-697.0051469122575, 388.56550622897555], [-694.0667181337607, 388.67682622909], [-694.164665759815, 391.23718622895353]]]}, "properties": {"id": 445, "height_m": 3.0, "levels": 1, "category": "residencial", "extrude": true, "manzana_id": 0}}, {"type": "Feature", "geometry": {"type": "Polygon", "coordinates": [[[-689.0713892102119, 395.578666229066], [-688.777546332397, 390.2353062291101], [-687.3083319429747, 390.2353062291101], [-683.6842697827939, 390.5692662290579], [-683.7822174085002, 393.79754622921257], [-682.2150553933716, 393.908866229327], [-682.3130030194259, 395.9126262290138], [-682.3130030194259, 396.0239462291282], [-689.0713892102119, 395.8013062292949], [-689.0713892102119, 395.578666229066]]]}, "properties": {"id": 446, "height_m": 6.0, "levels": 2, "category": "residencial", "extrude": true, "manzana_id": 0}}, {"type": "Feature", "geometry": {"type": "Polygon", "coordinates": [[[-681.1376315078184, 400.810706229303], [-676.925883592008, 401.0333462291363], [-677.317674095877, 409.4936662291325], [-677.317674095877, 409.6049862292469], [-677.8074122254525, 409.6049862292469], [-679.7663647444502, 409.4936662291325], [-681.1376315078184, 409.382346229018], [-682.1171077673173, 409.2710262292991], [-681.9212125155566, 400.810706229303], [-681.1376315078184, 400.810706229303]]]}, "properties": {"id": 447, "height_m": 3.0, "levels": 1, "category": "residencial", "extrude": true, "manzana_id": 0}}, {"type": "Feature", "geometry": {"type": "Polygon", "coordinates": [[[-697.2010421643661, 404.5955862292388], [-697.1030945383118, 399.1409062291684], [-696.221565904867, 399.1409062291684], [-691.0303417292097, 399.2522262292829], [-690.5406035996343, 399.2522262292829], [-690.6385512253406, 400.3654262292407], [-690.8344464774491, 409.0483862290702], [-694.45850863763, 408.9370662289558], [-694.6544038893906, 408.82574622923687], [-696.6133564087363, 408.82574622923687], [-697.3969374161265, 408.7144262291224], [-697.2010421643661, 404.5955862292388]]]}, "properties": {"id": 448, "height_m": 6.0, "levels": 2, "category": "residencial", "extrude": true, "manzana_id": 0}}, {"type": "Feature", "geometry": {"type": "Polygon", "coordinates": [[[-690.6385512253406, 400.3654262292407], [-688.6795987063427, 400.47674622895966], [-681.9212125155566, 400.810706229303], [-682.1171077673173, 409.2710262292991], [-682.1171077673173, 409.382346229018], [-682.1171077673173, 409.6049862292469], [-683.1945316528704, 409.6049862292469], [-686.6226985612907, 409.2710262292991], [-687.3083319429747, 409.2710262292991], [-687.3083319429747, 409.4936662291325], [-687.4062795690289, 409.4936662291325], [-690.8344464774491, 409.382346229018], [-690.8344464774491, 409.2710262292991], [-690.8344464774491, 409.0483862290702], [-690.6385512253406, 400.3654262292407]]]}, "properties": {"id": 449, "height_m": 3.0, "levels": 1, "category": "residencial", "extrude": true, "manzana_id": 0}}, {"type": "Feature", "geometry": {"type": "Polygon", "coordinates": [[[-683.5863221567397, 409.4936662291325], [-683.6842697827939, 414.614386229255], [-683.6842697827939, 415.05966622931726], [-687.8960176986044, 414.9483462292028], [-687.7980700728981, 412.7219462292871], [-687.5042271947352, 412.7219462292871], [-687.5042271947352, 412.7219462292871], [-687.3083319429747, 409.4936662291325], [-687.3083319429747, 409.2710262292991], [-686.6226985612907, 409.2710262292991], [-683.5863221567397, 409.4936662291325]]]}, "properties": {"id": 450, "height_m": 3.0, "levels": 1, "category": "residencial", "extrude": true, "manzana_id": 0}}, {"type": "Feature", "geometry": {"type": "Polygon", "coordinates": [[[-682.1171077673173, 409.382346229018], [-682.1171077673173, 409.2710262292991], [-681.1376315078184, 409.382346229018], [-679.7663647444502, 409.4936662291325], [-677.8074122254525, 409.6049862292469], [-677.8074122254525, 413.7238262291305], [-677.8074122254525, 414.614386229255], [-681.9212125155566, 414.614386229255], [-683.2924792789247, 414.614386229255], [-683.6842697827939, 414.614386229255], [-683.6842697827939, 414.614386229255], [-683.5863221567397, 409.4936662291325], [-683.1945316528704, 409.6049862292469], [-682.1171077673173, 409.6049862292469], [-682.1171077673173, 409.382346229018]]]}, "properties": {"id": 451, "height_m": 3.0, "levels": 1, "category": "residencial", "extrude": true, "manzana_id": 0}}, {"type": "Feature", "geometry": {"type": "Polygon", "coordinates": [[[-693.9687705077065, 416.3955062291085], [-694.164665759815, 420.51434622899205], [-694.9482467672053, 420.4030262292731], [-695.3400372710745, 420.4030262292731], [-696.221565904867, 420.2917062291587], [-697.4948850421808, 420.2917062291587], [-697.2989897904203, 415.2823062291506], [-697.2010421643661, 414.0577862290783], [-697.2010421643661, 413.5011862292971], [-692.5975037443384, 413.7238262291305], [-692.4016084925778, 413.7238262291305], [-692.4995561186321, 416.3955062291085], [-693.7728752559459, 416.3955062291085], [-693.9687705077065, 416.3955062291085]]]}, "properties": {"id": 452, "height_m": 6.0, "levels": 2, "category": "residencial", "extrude": true, "manzana_id": 0}}, {"type": "Feature", "geometry": {"type": "Polygon", "coordinates": [[[-687.8960176986044, 415.6162662290984], [-687.8960176986044, 415.8389062293273], [-688.8754939581033, 415.8389062293273], [-688.8754939581033, 415.393626229265], [-691.3241846070247, 415.393626229265], [-691.3241846070247, 416.5068262292229], [-691.5200798591331, 416.5068262292229], [-692.4995561186321, 416.3955062291085], [-692.4016084925778, 413.7238262291305], [-692.5975037443384, 413.7238262291305], [-697.2010421643661, 413.5011862292971], [-697.2010421643661, 413.3898662291827], [-697.0051469122575, 409.1597062291846], [-697.2010421643661, 409.1597062291846], [-697.3969374161265, 409.1597062291846], [-697.3969374161265, 409.1597062291846], [-697.3969374161265, 408.7144262291224], [-696.6133564087363, 408.82574622923687], [-694.45850863763, 408.9370662289558], [-690.8344464774491, 409.0483862290702], [-690.8344464774491, 409.2710262292991], [-690.8344464774491, 409.382346229018], [-687.4062795690289, 409.4936662291325], [-687.3083319429747, 409.4936662291325], [-687.5042271947352, 412.7219462292871], [-687.5042271947352, 412.7219462292871], [-687.7980700728981, 412.7219462292871], [-687.8960176986044, 414.9483462292028], [-687.8960176986044, 415.6162662290984]]]}, "properties": {"id": 453, "height_m": 9.0, "levels": 3, "category": "residencial", "extrude": true, "manzana_id": 0}}, {"type": "Feature", "geometry": {"type": "Polygon", "coordinates": [[[-687.8960176986044, 420.736986229221], [-687.8960176986044, 420.8483062289399], [-691.4221322330789, 420.6256662291065], [-691.3241846070247, 417.2860662292329], [-691.3241846070247, 416.5068262292229], [-691.3241846070247, 415.393626229265], [-688.8754939581033, 415.393626229265], [-688.8754939581033, 415.8389062293273], [-687.8960176986044, 415.8389062293273], [-687.8960176986044, 420.736986229221]]]}, "properties": {"id": 454, "height_m": 6.0, "levels": 2, "category": "residencial", "extrude": true, "manzana_id": 0}}, {"type": "Feature", "geometry": {"type": "Polygon", "coordinates": [[[-691.5200798591331, 416.5068262292229], [-691.3241846070247, 416.5068262292229], [-691.3241846070247, 417.2860662292329], [-691.4221322330789, 420.6256662291065], [-691.6180274848394, 420.6256662291065], [-693.5769800041852, 420.51434622899205], [-694.164665759815, 420.51434622899205], [-693.9687705077065, 416.3955062291085], [-693.7728752559459, 416.3955062291085], [-692.4995561186321, 416.3955062291085], [-691.5200798591331, 416.5068262292229]]]}, "properties": {"id": 455, "height_m": 9.0, "levels": 3, "category": "residencial", "extrude": true, "manzana_id": 0}}, {"type": "Feature", "geometry": {"type": "Polygon", "coordinates": [[[-707.9752810192019, 412.83326622900603], [-706.1142761259105, 413.16722622895384], [-706.1142761259105, 416.1728662292751], [-710.8157621719924, 415.8389062293273], [-710.7178145459382, 412.83326622900603], [-710.7178145459382, 412.7219462292871], [-707.9752810192019, 412.83326622900603]]]}, "properties": {"id": 456, "height_m": 6.0, "levels": 2, "category": "residencial", "extrude": true, "manzana_id": 0}}, {"type": "Feature", "geometry": {"type": "Polygon", "coordinates": [[[-711.4034479276222, 416.28418622899403], [-711.4034479276222, 415.7275862292129], [-710.8157621719924, 415.8389062293273], [-706.1142761259105, 416.1728662292751], [-706.1142761259105, 413.16722622895384], [-707.9752810192019, 412.83326622900603], [-707.7793857674415, 408.7144262291224], [-698.866151805549, 409.1597062291846], [-697.2010421643661, 409.1597062291846], [-697.0051469122575, 409.1597062291846], [-697.2010421643661, 413.3898662291827], [-697.2010421643661, 414.0577862290783], [-697.2989897904203, 415.2823062291506], [-697.4948850421808, 420.2917062291587], [-697.5928326682351, 420.2917062291587], [-708.4650191491254, 419.5124662291487], [-711.5993431793828, 419.2898262293153], [-711.4034479276222, 416.28418622899403]]]}, "properties": {"id": 457, "height_m": 3.0, "levels": 1, "category": "residencial", "extrude": true, "manzana_id": 0}}, {"type": "Feature", "geometry": {"type": "Polygon", "coordinates": [[[-706.4081190040733, 398.9182662289396], [-706.5060666297796, 402.5918262291565], [-714.048033828304, 402.3691862293231], [-713.9500862022497, 398.6956262291062], [-713.9500862022497, 398.58430622899175], [-711.991133683252, 398.58430622899175], [-710.1301287903084, 398.58430622899175], [-710.1301287903084, 398.4729862292728], [-709.6403906603849, 398.4729862292728], [-706.4081190040733, 398.58430622899175], [-706.4081190040733, 398.80694622922067], [-706.4081190040733, 398.9182662289396]]]}, "properties": {"id": 458, "height_m": 6.0, "levels": 2, "category": "residencial", "extrude": true, "manzana_id": 0}}, {"type": "Feature", "geometry": {"type": "Polygon", "coordinates": [[[-717.6720959884848, 398.58430622899175], [-714.048033828304, 398.6956262291062], [-713.9500862022497, 398.6956262291062], [-714.048033828304, 402.3691862293231], [-706.7019618818882, 402.5918262291565], [-706.7999095075946, 407.712546229279], [-710.4239716681233, 407.6012262291646], [-710.9137097976987, 407.6012262291646], [-710.8157621719924, 404.0389862290621], [-714.1459814543583, 403.9276662289477], [-714.2439290800646, 407.4899062290501], [-717.8679912405934, 407.2672662292167], [-717.6720959884848, 398.58430622899175]]]}, "properties": {"id": 459, "height_m": 3.0, "levels": 1, "category": "residencial", "extrude": true, "manzana_id": 0}}, {"type": "Feature", "geometry": {"type": "Polygon", "coordinates": [[[-710.9137097976987, 407.6012262291646], [-714.048033828304, 407.4899062290501], [-714.2439290800646, 407.4899062290501], [-714.1459814543583, 403.9276662289477], [-710.8157621719924, 404.0389862290621], [-710.9137097976987, 407.6012262291646]]]}, "properties": {"id": 460, "height_m": 3.0, "levels": 1, "category": "residencial", "extrude": true, "manzana_id": 0}}, {"type": "Feature", "geometry": {"type": "Polygon", "coordinates": [[[-671.5387641645898, 389.79002622904784], [-659.6871014242007, 390.01266622927676], [-659.8829966759612, 398.6956262291062], [-665.0742208516186, 398.58430622899175], [-664.9762732255643, 394.68810622894154], [-667.8167543783549, 394.5767862292226], [-668.0126496301154, 398.58430622899175], [-671.8326070424048, 398.4729862292728], [-671.5387641645898, 389.79002622904784]]]}, "properties": {"id": 461, "height_m": 3.0, "levels": 1, "category": "residencial", "extrude": true, "manzana_id": 0}}, {"type": "Feature", "geometry": {"type": "Polygon", "coordinates": [[[-659.2953109203315, 394.5767862292226], [-655.083563004173, 390.7919062292868], [-653.6143486150987, 393.0183062292025], [-657.5322536530944, 396.69186622902384], [-659.2953109203315, 394.5767862292226]]]}, "properties": {"id": 462, "height_m": 8.0, "levels": 0, "category": "residencial", "extrude": true, "manzana_id": 0}}, {"type": "Feature", "geometry": {"type": "Polygon", "coordinates": [[[-668.0126496301154, 398.58430622899175], [-667.8167543783549, 394.5767862292226], [-664.9762732255643, 394.68810622894154], [-665.0742208516186, 398.58430622899175], [-668.0126496301154, 398.58430622899175]]]}, "properties": {"id": 463, "height_m": 6.0, "levels": 2, "category": "residencial", "extrude": true, "manzana_id": 0}}, {"type": "Feature", "geometry": {"type": "Polygon", "coordinates": [[[-662.821425454458, 388.7881462292045], [-671.5387641645898, 388.67682622909], [-671.3428689124813, 379.5485862291983], [-666.9352257445622, 379.6599062293127], [-666.9352257445622, 382.3315862292907], [-665.1721684773249, 382.3315862292907], [-665.2701161033793, 383.55610622896745], [-662.6255302026974, 383.55610622896745], [-662.821425454458, 388.7881462292045]]]}, "properties": {"id": 464, "height_m": 6.0, "levels": 2, "category": "residencial", "extrude": true, "manzana_id": 0}}, {"type": "Feature", "geometry": {"type": "Polygon", "coordinates": [[[-657.6302012791485, 390.01266622927676], [-657.6302012791485, 388.8994662293189], [-660.6665776836996, 388.7881462292045], [-660.6665776836996, 386.22778622894543], [-658.6096775386475, 386.22778622894543], [-658.5117299125932, 385.6711862291643], [-654.8876677524125, 385.7825062292787], [-654.9856153784667, 390.1239862289957], [-657.6302012791485, 390.01266622927676]]]}, "properties": {"id": 465, "height_m": 6.0, "levels": 2, "category": "residencial", "extrude": true, "manzana_id": 0}}, {"type": "Feature", "geometry": {"type": "Polygon", "coordinates": [[[-662.821425454458, 388.7881462292045], [-662.6255302026974, 383.55610622896745], [-665.2701161033793, 383.55610622896745], [-665.1721684773249, 382.3315862292907], [-666.9352257445622, 382.3315862292907], [-666.9352257445622, 379.6599062293127], [-665.2701161033793, 379.6599062293127], [-664.7803779738039, 379.6599062293127], [-664.2906398438803, 379.6599062293127], [-663.8988493400111, 379.6599062293127], [-662.1357920727739, 379.77122622903164], [-661.0583681875687, 379.77122622903164], [-659.1973632942772, 379.77122622903164], [-659.2953109203315, 385.225906229102], [-660.5686300576452, 385.225906229102], [-660.6665776836996, 386.22778622894543], [-660.6665776836996, 388.7881462292045], [-662.821425454458, 388.7881462292045]]]}, "properties": {"id": 466, "height_m": 3.0, "levels": 1, "category": "residencial", "extrude": true, "manzana_id": 0}}, {"type": "Feature", "geometry": {"type": "Polygon", "coordinates": [[[-649.2067054471796, 385.7825062292787], [-649.3046530728859, 390.2353062291101], [-654.9856153784667, 390.1239862289957], [-654.8876677524125, 385.7825062292787], [-649.2067054471796, 385.7825062292787]]]}, "properties": {"id": 467, "height_m": 3.0, "levels": 1, "category": "residencial", "extrude": true, "manzana_id": 0}}, {"type": "Feature", "geometry": {"type": "Polygon", "coordinates": [[[-666.2495923628782, 379.6599062293127], [-671.3428689124813, 379.5485862291983], [-670.951078408612, 369.4184662290677], [-666.1516447371719, 369.4184662290677], [-666.2495923628782, 379.6599062293127]]]}, "properties": {"id": 468, "height_m": 3.0, "levels": 1, "category": "residencial", "extrude": true, "manzana_id": 0}}, {"type": "Feature", "geometry": {"type": "Polygon", "coordinates": [[[-657.1404631492252, 379.77122622903164], [-658.1199394087241, 379.77122622903164], [-661.0583681875687, 379.77122622903164], [-662.1357920727739, 379.77122622903164], [-663.8988493400111, 379.6599062293127], [-664.2906398438803, 379.6599062293127], [-664.7803779738039, 379.6599062293127], [-665.2701161033793, 379.6599062293127], [-666.2495923628782, 379.6599062293127], [-666.1516447371719, 369.4184662290677], [-662.821425454458, 369.4184662290677], [-662.5275825766431, 369.4184662290677], [-662.7234778287517, 374.98446622925246], [-657.1404631492252, 375.98634622909583], [-657.1404631492252, 379.77122622903164]]]}, "properties": {"id": 469, "height_m": 3.0, "levels": 1, "category": "residencial", "extrude": true, "manzana_id": 0}}, {"type": "Feature", "geometry": {"type": "Polygon", "coordinates": [[[-667.0331733706165, 369.4184662290677], [-670.951078408612, 369.4184662290677], [-670.8531307829057, 364.74302622900734], [-670.8531307829057, 364.29774622894513], [-666.9352257445622, 364.29774622894513], [-667.0331733706165, 369.4184662290677]]]}, "properties": {"id": 470, "height_m": 3.0, "levels": 1, "category": "residencial", "extrude": true, "manzana_id": 0}}, {"type": "Feature", "geometry": {"type": "Polygon", "coordinates": [[[-659.0014680425166, 349.26954622931635], [-663.1152683326208, 349.1582262292019], [-663.1152683326208, 346.0412662291617], [-658.9035204164624, 346.0412662291617], [-659.0014680425166, 349.26954622931635]]]}, "properties": {"id": 471, "height_m": 9.0, "levels": 3, "category": "residencial", "extrude": true, "manzana_id": 0}}, {"type": "Feature", "geometry": {"type": "Polygon", "coordinates": [[[-663.1152683326208, 349.1582262292019], [-670.3633926529824, 349.0469062290874], [-670.1674974012218, 341.81110622916367], [-653.8102438668593, 342.3677062289448], [-654.0061391186198, 349.26954622931635], [-659.0014680425166, 349.26954622931635], [-658.9035204164624, 346.0412662291617], [-663.1152683326208, 346.0412662291617], [-663.1152683326208, 349.1582262292019]]]}, "properties": {"id": 472, "height_m": 6.0, "levels": 2, "category": "residencial", "extrude": true, "manzana_id": 0}}, {"type": "Feature", "geometry": {"type": "Polygon", "coordinates": [[[-666.0536971111176, 338.9167862289568], [-670.0695497751675, 338.9167862289568], [-669.9716021491132, 335.2432262291354], [-666.1516447371719, 335.131906229021], [-666.0536971111176, 338.9167862289568]]]}, "properties": {"id": 473, "height_m": 3.0, "levels": 1, "category": "residencial", "extrude": true, "manzana_id": 0}}, {"type": "Feature", "geometry": {"type": "Polygon", "coordinates": [[[-710.0321811642542, 393.4635862292647], [-710.1301287903084, 393.4635862292647], [-710.1301287903084, 390.1239862289957], [-708.0732286452563, 390.2353062291101], [-707.9752810192019, 390.1239862289957], [-707.1917000114637, 390.2353062291101], [-707.2896476375179, 393.57490622898365], [-710.0321811642542, 393.4635862292647]]]}, "properties": {"id": 474, "height_m": 6.0, "levels": 2, "category": "residencial", "extrude": true, "manzana_id": 0}}, {"type": "Feature", "geometry": {"type": "Polygon", "coordinates": [[[-717.5741483627785, 390.45794622894346], [-717.4762007367242, 390.01266622927676], [-710.1301287903084, 390.1239862289957], [-710.1301287903084, 393.4635862292647], [-710.0321811642542, 393.4635862292647], [-707.2896476375179, 393.57490622898365], [-707.1917000114637, 390.2353062291101], [-706.4081190040733, 390.2353062291101], [-704.7430093628905, 390.2353062291101], [-704.938904614651, 395.1333862290038], [-710.0321811642542, 395.02206622928486], [-710.1301287903084, 398.4729862292728], [-710.1301287903084, 398.58430622899175], [-711.991133683252, 398.58430622899175], [-711.991133683252, 398.58430622899175], [-711.8931860571976, 394.9107462291704], [-713.8521385765434, 394.9107462291704], [-713.9500862022497, 398.58430622899175], [-713.9500862022497, 398.6956262291062], [-714.048033828304, 398.6956262291062], [-717.6720959884848, 398.58430622899175], [-717.5741483627785, 390.45794622894346]]]}, "properties": {"id": 475, "height_m": 3.0, "levels": 1, "category": "residencial", "extrude": true, "manzana_id": 0}}, {"type": "Feature", "geometry": {"type": "Polygon", "coordinates": [[[-711.697290805437, 378.2127462290116], [-701.4127900801765, 377.9901062291782], [-701.5107377062308, 382.1089462290618], [-713.5582956987286, 381.9976262289474], [-713.6562433244349, 389.0107862290378], [-717.4762007367242, 389.0107862290378], [-717.084410232855, 376.7655862291059], [-717.084410232855, 376.20898622932475], [-712.1870289353606, 376.20898622932475], [-712.1870289353606, 376.65426622899145], [-712.1870289353606, 376.87690622922037], [-712.2849765610669, 378.2127462290116], [-711.697290805437, 378.2127462290116]]]}, "properties": {"id": 476, "height_m": 3.0, "levels": 1, "category": "residencial", "extrude": true, "manzana_id": 0}}, {"type": "Feature", "geometry": {"type": "Polygon", "coordinates": [[[-708.660914400886, 381.9976262289474], [-708.7588620269404, 386.00514622911203], [-710.9137097976987, 385.8938262289976], [-713.6562433244349, 385.7825062292787], [-713.5582956987286, 381.9976262289474], [-708.660914400886, 381.9976262289474]]]}, "properties": {"id": 477, "height_m": 3.0, "levels": 1, "category": "residencial", "extrude": true, "manzana_id": 0}}, {"type": "Feature", "geometry": {"type": "Polygon", "coordinates": [[[-713.5582956987286, 376.20898622932475], [-717.084410232855, 376.20898622932475], [-716.7905673550401, 365.5222662290174], [-703.8614807290978, 365.6335862291319], [-703.959428355152, 372.20146622916], [-711.5993431793828, 372.0901462290456], [-713.5582956987286, 371.97882622932667], [-713.5582956987286, 376.20898622932475]]]}, "properties": {"id": 478, "height_m": 3.0, "levels": 1, "category": "residencial", "extrude": true, "manzana_id": 0}}, {"type": "Feature", "geometry": {"type": "Polygon", "coordinates": [[[-679.1786789888206, 295.2793462291851], [-683.7822174085002, 296.2812262290285], [-683.8801650345545, 296.3925462291429], [-684.5657984162385, 292.6076662292071], [-684.7616936683471, 291.6057862289682], [-684.8596412940534, 290.82654622895814], [-681.9212125155566, 290.269946229177], [-672.8120833019036, 288.7114662291569], [-672.5182404240888, 290.6039062291248], [-679.7663647444502, 292.1623862291449], [-679.1786789888206, 295.2793462291851]]]}, "properties": {"id": 479, "height_m": 3.0, "levels": 1, "category": "residencial", "extrude": true, "manzana_id": 0}}, {"type": "Feature", "geometry": {"type": "Polygon", "coordinates": [[[-679.1786789888206, 295.2793462291851], [-679.7663647444502, 292.1623862291449], [-672.5182404240888, 290.6039062291248], [-671.9305546681111, 293.6095462290506], [-679.1786789888206, 295.2793462291851]]]}, "properties": {"id": 480, "height_m": 6.0, "levels": 2, "category": "residencial", "extrude": true, "manzana_id": 0}}, {"type": "Feature", "geometry": {"type": "Polygon", "coordinates": [[[-681.9212125155566, 290.269946229177], [-682.4109506454802, 287.4869462290846], [-673.3997690575334, 285.5945062291167], [-672.8120833019036, 288.7114662291569], [-681.9212125155566, 290.269946229177]]]}, "properties": {"id": 481, "height_m": 3.0, "levels": 1, "category": "residencial", "extrude": true, "manzana_id": 0}}, {"type": "Feature", "geometry": {"type": "Polygon", "coordinates": [[[-698.5723089277341, 287.598266229199], [-694.164665759815, 287.4869462290846], [-694.164665759815, 289.3793862290525], [-698.6702565534404, 289.4907062291669], [-698.5723089277341, 287.598266229199]]]}, "properties": {"id": 482, "height_m": 6.0, "levels": 2, "category": "residencial", "extrude": true, "manzana_id": 0}}, {"type": "Feature", "geometry": {"type": "Polygon", "coordinates": [[[-703.1758473474138, 292.8303062290405], [-699.0620470573097, 292.71898622932156], [-699.1599946833638, 297.72838622932966], [-703.0778997213595, 297.8397062290486], [-703.1758473474138, 292.8303062290405]]]}, "properties": {"id": 483, "height_m": 6.0, "levels": 2, "category": "residencial", "extrude": true, "manzana_id": 0}}, {"type": "Feature", "geometry": {"type": "Polygon", "coordinates": [[[-699.0620470573097, 292.71898622932156], [-696.1236182788128, 292.6076662292071], [-696.1236182788128, 297.6170662292152], [-699.1599946833638, 297.72838622932966], [-699.0620470573097, 292.71898622932156]]]}, "properties": {"id": 484, "height_m": 3.0, "levels": 1, "category": "residencial", "extrude": true, "manzana_id": 0}}, {"type": "Feature", "geometry": {"type": "Polygon", "coordinates": [[[-714.8316148360424, 287.93222622914686], [-713.0685575688051, 287.8209062290324], [-713.2644528205658, 293.4982262289361], [-713.7541909504891, 298.06234622927747], [-715.0275100878029, 297.171786229153], [-714.8316148360424, 287.93222622914686]]]}, "properties": {"id": 485, "height_m": 3.0, "levels": 1, "category": "residencial", "extrude": true, "manzana_id": 0}}, {"type": "Feature", "geometry": {"type": "Polygon", "coordinates": [[[-713.0685575688051, 287.8209062290324], [-708.8568096526467, 287.8209062290324], [-708.954757278701, 293.6095462290506], [-713.2644528205658, 293.4982262289361], [-713.0685575688051, 287.8209062290324]]]}, "properties": {"id": 486, "height_m": 6.0, "levels": 2, "category": "residencial", "extrude": true, "manzana_id": 0}}, {"type": "Feature", "geometry": {"type": "Polygon", "coordinates": [[[-704.253271232967, 287.70958622931346], [-703.2737949734681, 287.70958622931346], [-703.1758473474138, 292.8303062290405], [-703.0778997213595, 297.8397062290486], [-713.7541909504891, 298.06234622927747], [-713.2644528205658, 293.4982262289361], [-708.954757278701, 293.6095462290506], [-708.8568096526467, 287.8209062290324], [-704.253271232967, 287.70958622931346]]]}, "properties": {"id": 487, "height_m": 3.0, "levels": 1, "category": "residencial", "extrude": true, "manzana_id": 0}}, {"type": "Feature", "geometry": {"type": "Polygon", "coordinates": [[[-712.9706099427508, 285.03790622894], [-704.0573759812063, 284.9265862292211], [-704.253271232967, 287.70958622931346], [-708.8568096526467, 287.8209062290324], [-713.0685575688051, 287.8209062290324], [-714.8316148360424, 287.93222622914686], [-714.7336672099881, 285.03790622894], [-712.9706099427508, 285.03790622894]]]}, "properties": {"id": 488, "height_m": 6.0, "levels": 2, "category": "residencial", "extrude": true, "manzana_id": 0}}, {"type": "Feature", "geometry": {"type": "Polygon", "coordinates": [[[-712.9706099427508, 277.8021062290162], [-703.6655854773372, 277.8021062290162], [-704.0573759812063, 284.9265862292211], [-712.9706099427508, 285.03790622894], [-712.9706099427508, 277.8021062290162]]]}, "properties": {"id": 489, "height_m": 3.0, "levels": 1, "category": "residencial", "extrude": true, "manzana_id": 0}}, {"type": "Feature", "geometry": {"type": "Polygon", "coordinates": [[[-714.5377719582275, 277.8021062290162], [-712.9706099427508, 277.8021062290162], [-712.9706099427508, 285.03790622894], [-714.7336672099881, 285.03790622894], [-714.5377719582275, 277.8021062290162]]]}, "properties": {"id": 490, "height_m": 3.0, "levels": 1, "category": "residencial", "extrude": true, "manzana_id": 0}}, {"type": "Feature", "geometry": {"type": "Polygon", "coordinates": [[[-692.4016084925778, 298.2849862291108], [-693.0872418742618, 298.3963062292253], [-694.164665759815, 297.5057462291008], [-694.164665759815, 295.2793462291851], [-692.6954513703927, 294.9453862292373], [-692.4016084925778, 298.2849862291108]]]}, "properties": {"id": 491, "height_m": 6.0, "levels": 2, "category": "residencial", "extrude": true, "manzana_id": 0}}, {"type": "Feature", "geometry": {"type": "Polygon", "coordinates": [[[-685.1534841718683, 289.0454262291047], [-688.1898605764193, 289.4907062291669], [-688.6795987063427, 286.5963862289601], [-685.741169927846, 286.03978622917896], [-685.1534841718683, 289.0454262291047]]]}, "properties": {"id": 492, "height_m": 3.0, "levels": 1, "category": "residencial", "extrude": true, "manzana_id": 0}}, {"type": "Feature", "geometry": {"type": "Polygon", "coordinates": [[[-694.164665759815, 291.6057862289682], [-694.164665759815, 289.3793862290525], [-694.164665759815, 287.4869462290846], [-692.1077656147629, 287.1529862291368], [-689.3652320880268, 286.7077062290746], [-688.6795987063427, 286.5963862289601], [-688.1898605764193, 289.4907062291669], [-685.1534841718683, 289.0454262291047], [-684.8596412940534, 290.82654622895814], [-684.7616936683471, 291.6057862289682], [-684.5657984162385, 292.6076662292071], [-683.8801650345545, 296.3925462291429], [-692.4016084925778, 298.2849862291108], [-692.6954513703927, 294.9453862292373], [-692.9892942482074, 291.2718262290204], [-694.164665759815, 291.6057862289682]]]}, "properties": {"id": 493, "height_m": 6.0, "levels": 2, "category": "residencial", "extrude": true, "manzana_id": 0}}, {"type": "Feature", "geometry": {"type": "Polygon", "coordinates": [[[-694.164665759815, 295.2793462291851], [-694.164665759815, 291.6057862289682], [-692.9892942482074, 291.2718262290204], [-692.6954513703927, 294.9453862292373], [-694.164665759815, 295.2793462291851]]]}, "properties": {"id": 494, "height_m": 9.0, "levels": 3, "category": "residencial", "extrude": true, "manzana_id": 0}}, {"type": "Feature", "geometry": {"type": "Polygon", "coordinates": [[[-493.372032554883, 422.1841462291266], [-493.7638230587522, 415.9502262290462], [-490.82539427990747, 415.7275862292129], [-491.0212895320161, 412.38798622894376], [-487.78901787535654, 412.1653462291104], [-486.71159399015124, 419.84642622909644], [-486.4177511119884, 421.73886622906434], [-490.33565615033206, 421.96150622929326], [-491.8048705397544, 422.0728262290122], [-493.372032554883, 422.1841462291266]]]}, "properties": {"id": 495, "height_m": 6.0, "levels": 2, "category": "residencial", "extrude": true, "manzana_id": 10}}, {"type": "Feature", "geometry": {"type": "Polygon", "coordinates": [[[-490.23770852427776, 423.5199862293133], [-490.33565615033206, 421.96150622929326], [-486.4177511119884, 421.73886622906434], [-486.0259606084673, 424.0765862290945], [-485.92801298241295, 425.07846622893794], [-486.4177511119884, 425.1897862290524], [-490.1397608985714, 425.4124262292812], [-490.23770852427776, 423.5199862293133]]]}, "properties": {"id": 496, "height_m": 3.0, "levels": 1, "category": "residencial", "extrude": true, "manzana_id": 10}}, {"type": "Feature", "geometry": {"type": "Polygon", "coordinates": [[[-490.23770852427776, 423.5199862293133], [-491.70692291370017, 423.63130622903225], [-491.8048705397544, 422.0728262290122], [-490.33565615033206, 421.96150622929326], [-490.23770852427776, 423.5199862293133]]]}, "properties": {"id": 497, "height_m": 3.0, "levels": 1, "category": "residencial", "extrude": true, "manzana_id": 10}}, {"type": "Feature", "geometry": {"type": "Polygon", "coordinates": [[[-499.7386282418, 422.6294262291889], [-500.1304187456691, 416.3955062291085], [-497.19198996717245, 416.1728662292751], [-497.387885218933, 412.83326622900603], [-494.05766593656705, 412.6106262291727], [-493.372032554883, 422.1841462291266], [-496.7022518372489, 422.40678622895996], [-498.1714662266713, 422.5181062290744], [-499.7386282418, 422.6294262291889]]]}, "properties": {"id": 498, "height_m": 6.0, "levels": 2, "category": "residencial", "extrude": true, "manzana_id": 10}}, {"type": "Feature", "geometry": {"type": "Polygon", "coordinates": [[[-496.6043042111947, 423.9652662289801], [-496.7022518372489, 422.40678622895996], [-493.372032554883, 422.1841462291266], [-493.07818967706817, 425.6350662291146], [-496.5063565854884, 425.857706228948], [-496.6043042111947, 423.9652662289801]]]}, "properties": {"id": 499, "height_m": 3.0, "levels": 1, "category": "residencial", "extrude": true, "manzana_id": 10}}, {"type": "Feature", "geometry": {"type": "Polygon", "coordinates": [[[-496.6043042111947, 423.9652662289801], [-498.07351860061704, 424.0765862290945], [-498.1714662266713, 422.5181062290744], [-496.7022518372489, 422.40678622895996], [-496.6043042111947, 423.9652662289801]]]}, "properties": {"id": 500, "height_m": 3.0, "levels": 1, "category": "residencial", "extrude": true, "manzana_id": 10}}, {"type": "Feature", "geometry": {"type": "Polygon", "coordinates": [[[-506.1052239287169, 423.0747062292511], [-506.59496205864025, 416.8407862291707], [-503.5585856540893, 416.61814622894184], [-503.8524285319042, 413.2785462290683], [-500.424261623484, 413.0559062292349], [-499.7386282418, 422.6294262291889], [-503.06884752416585, 422.96338622913663], [-504.6360095396425, 422.96338622913663], [-506.1052239287169, 423.0747062292511]]]}, "properties": {"id": 501, "height_m": 6.0, "levels": 2, "category": "residencial", "extrude": true, "manzana_id": 10}}, {"type": "Feature", "geometry": {"type": "Polygon", "coordinates": [[[-502.97089989845955, 424.4105462290423], [-503.06884752416585, 422.96338622913663], [-499.7386282418, 422.6294262291889], [-499.44478536398515, 426.0803462291768], [-502.87295227240526, 426.30298622901023], [-502.97089989845955, 424.4105462290423]]]}, "properties": {"id": 502, "height_m": 3.0, "levels": 1, "category": "residencial", "extrude": true, "manzana_id": 10}}, {"type": "Feature", "geometry": {"type": "Polygon", "coordinates": [[[-502.97089989845955, 424.4105462290423], [-504.5380619135882, 424.5218662291568], [-504.6360095396425, 422.96338622913663], [-503.06884752416585, 422.96338622913663], [-502.97089989845955, 424.4105462290423]]]}, "properties": {"id": 503, "height_m": 3.0, "levels": 1, "category": "residencial", "extrude": true, "manzana_id": 10}}, {"type": "Feature", "geometry": {"type": "Polygon", "coordinates": [[[-512.4718196159818, 423.63130622903225], [-512.9615577455572, 417.2860662292329], [-510.0231289670605, 417.0634262290041], [-510.21902421882106, 413.83514622924497], [-506.7908573104009, 413.61250622901605], [-506.1052239287169, 423.18602622897004], [-509.533390837137, 423.4086662291989], [-511.00260522655935, 423.5199862293133], [-512.4718196159818, 423.63130622903225]]]}, "properties": {"id": 504, "height_m": 6.0, "levels": 2, "category": "residencial", "extrude": true, "manzana_id": 10}}, {"type": "Feature", "geometry": {"type": "Polygon", "coordinates": [[[-509.4354432114307, 424.967146229219], [-509.533390837137, 423.4086662291989], [-506.1052239287169, 423.18602622897004], [-505.81138105090196, 426.5256262292391], [-509.3374955853765, 426.8595862291869], [-509.4354432114307, 424.967146229219]]]}, "properties": {"id": 505, "height_m": 3.0, "levels": 1, "category": "residencial", "extrude": true, "manzana_id": 10}}, {"type": "Feature", "geometry": {"type": "Polygon", "coordinates": [[[-509.4354432114307, 424.967146229219], [-511.00260522655935, 424.967146229219], [-511.00260522655935, 423.63130622903225], [-511.00260522655935, 423.5199862293133], [-509.533390837137, 423.4086662291989], [-509.4354432114307, 424.967146229219]]]}, "properties": {"id": 506, "height_m": 3.0, "levels": 1, "category": "residencial", "extrude": true, "manzana_id": 10}}, {"type": "Feature", "geometry": {"type": "Polygon", "coordinates": [[[-518.8384153028986, 424.0765862290945], [-519.3281534324742, 417.7313462292952], [-516.2917770279231, 417.5087062290663], [-516.4876722800316, 414.2804262293072], [-513.1574529976657, 414.0577862290783], [-512.4718196159818, 423.63130622903225], [-515.8999865240539, 423.85394622926117], [-517.1733056617156, 423.9652662289801], [-517.3692009134763, 423.9652662289801], [-518.8384153028986, 424.0765862290945]]]}, "properties": {"id": 507, "height_m": 6.0, "levels": 2, "category": "residencial", "extrude": true, "manzana_id": 10}}, {"type": "Feature", "geometry": {"type": "Polygon", "coordinates": [[[-515.8020388983476, 425.4124262292812], [-515.8999865240539, 423.85394622926117], [-512.4718196159818, 423.63130622903225], [-512.2759243638732, 427.0822262290203], [-515.7040912722933, 427.3048662292491], [-515.8020388983476, 425.4124262292812]]]}, "properties": {"id": 508, "height_m": 3.0, "levels": 1, "category": "residencial", "extrude": true, "manzana_id": 10}}, {"type": "Feature", "geometry": {"type": "Polygon", "coordinates": [[[-515.8020388983476, 425.4124262292812], [-517.2712532874219, 425.52374622900015], [-517.3692009134763, 423.9652662289801], [-517.1733056617156, 423.9652662289801], [-515.8999865240539, 423.85394622926117], [-515.8020388983476, 425.4124262292812]]]}, "properties": {"id": 509, "height_m": 3.0, "levels": 1, "category": "residencial", "extrude": true, "manzana_id": 10}}, {"type": "Feature", "geometry": {"type": "Polygon", "coordinates": [[[-525.3029586158698, 424.5218662291568], [-525.694749119391, 418.17662622896194], [-522.7563203408943, 417.95398622912853], [-522.9522155930028, 414.72570622897393], [-519.5240486845827, 414.5030662291406], [-518.8384153028986, 424.0765862290945], [-522.2665822113188, 424.2992262293234], [-523.7357966003932, 424.4105462290423], [-525.3029586158698, 424.5218662291568]]]}, "properties": {"id": 510, "height_m": 6.0, "levels": 2, "category": "residencial", "extrude": true, "manzana_id": 10}}, {"type": "Feature", "geometry": {"type": "Polygon", "coordinates": [[[-522.1686345852645, 425.857706228948], [-522.2665822113188, 424.2992262293234], [-518.8384153028986, 424.0765862290945], [-518.64252005079, 427.5275062290825], [-521.972739333156, 427.7501462293114], [-522.1686345852645, 425.857706228948]]]}, "properties": {"id": 511, "height_m": 3.0, "levels": 1, "category": "residencial", "extrude": true, "manzana_id": 10}}, {"type": "Feature", "geometry": {"type": "Polygon", "coordinates": [[[-522.1686345852645, 425.857706228948], [-523.6378489746869, 425.9690262290624], [-523.7357966003932, 424.4105462290423], [-522.2665822113188, 424.2992262293234], [-522.1686345852645, 425.857706228948]]]}, "properties": {"id": 512, "height_m": 3.0, "levels": 1, "category": "residencial", "extrude": true, "manzana_id": 10}}, {"type": "Feature", "geometry": {"type": "Polygon", "coordinates": [[[-531.767501928841, 424.967146229219], [-532.1592924323621, 418.7332262291386], [-532.1592924323621, 418.62190622902415], [-530.2982875394187, 418.5105862293052], [-528.731125523942, 418.3992662291908], [-529.024968402105, 415.1709862290362], [-525.9885919975538, 414.9483462292028], [-525.3029586158698, 424.5218662291568], [-528.731125523942, 424.74450622899013], [-530.2982875394187, 424.85582622910454], [-531.767501928841, 424.967146229219]]]}, "properties": {"id": 513, "height_m": 6.0, "levels": 2, "category": "residencial", "extrude": true, "manzana_id": 10}}, {"type": "Feature", "geometry": {"type": "Polygon", "coordinates": [[[-528.6331778982357, 426.1916662292913], [-528.731125523942, 424.74450622899013], [-525.3029586158698, 424.5218662291568], [-525.0091157377069, 427.97278622914473], [-528.5352302721815, 428.19542622897814], [-528.6331778982357, 426.1916662292913]]]}, "properties": {"id": 514, "height_m": 3.0, "levels": 1, "category": "residencial", "extrude": true, "manzana_id": 10}}, {"type": "Feature", "geometry": {"type": "Polygon", "coordinates": [[[-528.6331778982357, 426.1916662292913], [-530.2003399133644, 426.4143062291247], [-530.2982875394187, 424.85582622910454], [-528.731125523942, 424.74450622899013], [-528.6331778982357, 426.1916662292913]]]}, "properties": {"id": 515, "height_m": 3.0, "levels": 1, "category": "residencial", "extrude": true, "manzana_id": 10}}, {"type": "Feature", "geometry": {"type": "Polygon", "coordinates": [[[-534.3141402034686, 428.64070622904035], [-537.6443594858345, 428.86334622926927], [-539.9951025087014, 427.0822262290203], [-540.0930501347558, 426.5256262292391], [-541.1704740203089, 422.0728262290122], [-531.9633971806015, 421.4049062291166], [-531.6695543027868, 425.9690262290624], [-534.5100354552292, 426.1916662292913], [-534.3141402034686, 428.64070622904035]]]}, "properties": {"id": 516, "height_m": 6.0, "levels": 2, "category": "residencial", "extrude": true, "manzana_id": 10}}, {"type": "Feature", "geometry": {"type": "Polygon", "coordinates": [[[-534.3141402034686, 428.64070622904035], [-534.5100354552292, 426.1916662292913], [-531.6695543027868, 425.9690262290624], [-531.4736590506782, 428.418066229207], [-534.3141402034686, 428.64070622904035]]]}, "properties": {"id": 517, "height_m": 3.0, "levels": 1, "category": "residencial", "extrude": true, "manzana_id": 10}}, {"type": "Feature", "geometry": {"type": "Polygon", "coordinates": [[[-541.9540550276992, 418.7332262291386], [-542.6396884093833, 415.6162662290984], [-539.7992072569408, 415.393626229265], [-539.505364379126, 418.62190622902415], [-541.9540550276992, 418.7332262291386]]]}, "properties": {"id": 518, "height_m": 3.0, "levels": 1, "category": "residencial", "extrude": true, "manzana_id": 10}}, {"type": "Feature", "geometry": {"type": "Polygon", "coordinates": [[[-532.1592924323621, 418.62190622902415], [-532.1592924323621, 418.7332262291386], [-531.9633971806015, 421.29358622900213], [-531.9633971806015, 421.29358622900213], [-531.9633971806015, 421.4049062291166], [-541.1704740203089, 422.0728262290122], [-541.1704740203089, 422.0728262290122], [-541.1704740203089, 422.0728262290122], [-541.1704740203089, 421.96150622929326], [-541.1704740203089, 421.96150622929326], [-541.9540550276992, 418.7332262291386], [-539.505364379126, 418.62190622902415], [-539.7992072569408, 415.393626229265], [-532.4531353105251, 414.83702622908834], [-532.1592924323621, 418.62190622902415]]]}, "properties": {"id": 519, "height_m": 6.0, "levels": 2, "category": "residencial", "extrude": true, "manzana_id": 10}}, {"type": "Feature", "geometry": {"type": "Polygon", "coordinates": [[[-543.521217043176, 412.1653462291104], [-543.9130075470451, 410.05026622930916], [-544.0109551727514, 409.82762622908024], [-544.2068504248599, 409.1597062291846], [-540.9745787682003, 408.9370662289558], [-540.7786835164397, 411.94270622927706], [-543.521217043176, 412.1653462291104]]]}, "properties": {"id": 520, "height_m": 3.0, "levels": 1, "category": "residencial", "extrude": true, "manzana_id": 10}}, {"type": "Feature", "geometry": {"type": "Polygon", "coordinates": [[[-533.2367163179154, 414.9483462292028], [-542.6396884093833, 415.6162662290984], [-543.521217043176, 412.1653462291104], [-540.7786835164397, 411.94270622927706], [-540.9745787682003, 408.9370662289558], [-533.6285068217846, 408.3804662291746], [-533.2367163179154, 414.9483462292028]]]}, "properties": {"id": 521, "height_m": 6.0, "levels": 2, "category": "residencial", "extrude": true, "manzana_id": 10}}, {"type": "Feature", "geometry": {"type": "Polygon", "coordinates": [[[-692.2057132408172, 329.5659062292317], [-692.5975037443384, 329.5659062292317], [-696.4174611566277, 329.5659062292317], [-696.515408782682, 329.5659062292317], [-696.515408782682, 323.10934622931796], [-696.515408782682, 321.8848262292457], [-696.515408782682, 320.1037062289967], [-696.515408782682, 319.65842622932996], [-694.9482467672053, 319.65842622932996], [-694.9482467672053, 321.8848262292457], [-692.1077656147629, 321.9961462289646], [-692.2057132408172, 329.5659062292317]]]}, "properties": {"id": 522, "height_m": 3.0, "levels": 1, "category": "residencial", "extrude": true, "manzana_id": 0}}, {"type": "Feature", "geometry": {"type": "Polygon", "coordinates": [[[-680.8437886300035, 319.65842622932996], [-674.1833500652716, 319.65842622932996], [-674.1833500652716, 319.88106622916337], [-674.1833500652716, 319.88106622916337], [-674.4771929430866, 329.67722622895064], [-686.42680330953, 329.5659062292317], [-686.1329604317152, 324.22254622927585], [-680.8437886300035, 324.22254622927585], [-680.8437886300035, 319.65842622932996]]]}, "properties": {"id": 523, "height_m": 3.0, "levels": 1, "category": "residencial", "extrude": true, "manzana_id": 0}}, {"type": "Feature", "geometry": {"type": "Polygon", "coordinates": [[[-686.42680330953, 321.9961462289646], [-691.2262369809704, 321.9961462289646], [-691.128289355264, 319.65842622932996], [-686.3288556834757, 319.65842622932996], [-686.1329604317152, 319.65842622932996], [-686.2309080574215, 321.9961462289646], [-686.42680330953, 321.9961462289646]]]}, "properties": {"id": 524, "height_m": 3.0, "levels": 1, "category": "residencial", "extrude": true, "manzana_id": 0}}, {"type": "Feature", "geometry": {"type": "Polygon", "coordinates": [[[-676.0443549582152, 335.5771862290833], [-677.2197264698227, 335.5771862290833], [-677.1217788437684, 332.79418622899084], [-675.9464073325089, 332.79418622899084], [-676.0443549582152, 335.5771862290833]]]}, "properties": {"id": 525, "height_m": 3.0, "levels": 1, "category": "residencial", "extrude": true, "manzana_id": 0}}, {"type": "Feature", "geometry": {"type": "Polygon", "coordinates": [[[-696.3195135305733, 335.02058622930207], [-693.2831371260224, 334.90926622918766], [-693.479032378131, 340.4752662289769], [-696.6133564087363, 340.5865862290914], [-696.6133564087363, 335.02058622930207], [-696.3195135305733, 335.02058622930207]]]}, "properties": {"id": 526, "height_m": 3.0, "levels": 1, "category": "residencial", "extrude": true, "manzana_id": 0}}, {"type": "Feature", "geometry": {"type": "Polygon", "coordinates": [[[-682.704793523295, 329.89986622917957], [-682.704793523295, 329.67722622895064], [-675.9464073325089, 329.67722622895064], [-675.9464073325089, 329.7885462290651], [-675.9464073325089, 332.79418622899084], [-677.1217788437684, 332.79418622899084], [-677.2197264698227, 335.5771862290833], [-676.0443549582152, 335.5771862290833], [-676.0443549582152, 340.02998622931017], [-681.6273696377418, 340.2526262291435], [-683.3904269049791, 340.2526262291435], [-682.704793523295, 329.89986622917957]]]}, "properties": {"id": 527, "height_m": 3.0, "levels": 1, "category": "residencial", "extrude": true, "manzana_id": 0}}, {"type": "Feature", "geometry": {"type": "Polygon", "coordinates": [[[-681.6273696377418, 340.2526262291435], [-676.0443549582152, 340.02998622931017], [-676.4361454620844, 350.4940662289931], [-681.7253172637961, 350.4940662289931], [-684.2719555384236, 350.3827462292742], [-683.8801650345545, 344.3714662290272], [-682.0191601416109, 344.8167462290894], [-681.6273696377418, 340.2526262291435]]]}, "properties": {"id": 528, "height_m": 3.0, "levels": 1, "category": "residencial", "extrude": true, "manzana_id": 0}}, {"type": "Feature", "geometry": {"type": "Polygon", "coordinates": [[[-687.6021748207895, 343.2582662290693], [-685.5452746757375, 343.1469462289549], [-685.6432223017918, 344.3714662290272], [-683.8801650345545, 344.3714662290272], [-684.2719555384236, 350.3827462292742], [-686.9165414391056, 350.3827462292742], [-687.5042271947352, 350.3827462292742], [-687.6021748207895, 343.2582662290693]]]}, "properties": {"id": 529, "height_m": 6.0, "levels": 2, "category": "residencial", "extrude": true, "manzana_id": 0}}, {"type": "Feature", "geometry": {"type": "Polygon", "coordinates": [[[-687.7001224468438, 340.363946229258], [-685.4473270500312, 340.2526262291435], [-685.5452746757375, 343.1469462289549], [-687.6021748207895, 343.2582662290693], [-687.7001224468438, 340.363946229258]]]}, "properties": {"id": 530, "height_m": 6.0, "levels": 2, "category": "residencial", "extrude": true, "manzana_id": 0}}, {"type": "Feature", "geometry": {"type": "Polygon", "coordinates": [[[-681.7253172637961, 350.4940662289931], [-676.4361454620844, 350.4940662289931], [-675.0648786987164, 350.4940662289931], [-675.3587215765311, 360.1789062290615], [-685.5452746757375, 360.5128662290093], [-685.5452746757375, 354.8355462291056], [-681.6273696377418, 354.6129062292722], [-681.7253172637961, 350.4940662289931]]]}, "properties": {"id": 531, "height_m": 3.0, "levels": 1, "category": "residencial", "extrude": true, "manzana_id": 0}}, {"type": "Feature", "geometry": {"type": "Polygon", "coordinates": [[[-690.9323941031554, 360.6241862291238], [-690.6385512253406, 353.49970622931437], [-686.8185938130513, 353.1657462289711], [-686.720646187345, 360.5128662290093], [-690.9323941031554, 360.6241862291238]]]}, "properties": {"id": 532, "height_m": 3.0, "levels": 1, "category": "residencial", "extrude": true, "manzana_id": 0}}, {"type": "Feature", "geometry": {"type": "Polygon", "coordinates": [[[-712.676767064936, 351.3846262291176], [-708.8568096526467, 351.2733062290032], [-708.8568096526467, 352.4978262290755], [-711.011657423753, 352.6091462291899], [-710.8157621719924, 355.94874622906343], [-706.7999095075946, 355.837426228949], [-706.7999095075946, 351.2733062290032], [-704.8409569885968, 351.16198622928425], [-703.3717425995223, 351.16198622928425], [-703.4696902252286, 355.837426228949], [-703.4696902252286, 356.7279862290735], [-707.7793857674415, 356.83930622918797], [-707.5834905153329, 361.069466229186], [-712.7747146909902, 361.2921062290194], [-712.676767064936, 351.3846262291176]]]}, "properties": {"id": 533, "height_m": 6.0, "levels": 2, "category": "residencial", "extrude": true, "manzana_id": 0}}, {"type": "Feature", "geometry": {"type": "Polygon", "coordinates": [[[-703.3717425995223, 351.16198622928425], [-696.6133564087363, 351.0506662291698], [-696.7113040344426, 360.8468262289571], [-699.4538375611787, 360.8468262289571], [-699.551785187233, 355.7261062292301], [-703.4696902252286, 355.837426228949], [-703.3717425995223, 351.16198622928425]]]}, "properties": {"id": 534, "height_m": 3.0, "levels": 1, "category": "residencial", "extrude": true, "manzana_id": 0}}, {"type": "Feature", "geometry": {"type": "Polygon", "coordinates": [[[-716.692619728986, 351.495946229232], [-712.676767064936, 351.3846262291176], [-712.7747146909902, 361.2921062290194], [-716.8885149810944, 361.4034262291338], [-716.692619728986, 351.495946229232]]]}, "properties": {"id": 535, "height_m": 3.0, "levels": 1, "category": "residencial", "extrude": true, "manzana_id": 0}}, {"type": "Feature", "geometry": {"type": "Polygon", "coordinates": [[[-707.5834905153329, 361.069466229186], [-707.7793857674415, 356.83930622918797], [-703.4696902252286, 356.7279862290735], [-703.3717425995223, 360.95814622907153], [-707.5834905153329, 361.069466229186]]]}, "properties": {"id": 536, "height_m": 3.0, "levels": 1, "category": "residencial", "extrude": true, "manzana_id": 0}}, {"type": "Feature", "geometry": {"type": "Polygon", "coordinates": [[[-708.8568096526467, 351.2733062290032], [-709.1506525308095, 346.0412662291617], [-705.8204332480956, 346.2639062289951], [-704.5471141107819, 346.2639062289951], [-704.8409569885968, 351.16198622928425], [-706.7999095075946, 351.2733062290032], [-708.8568096526467, 351.2733062290032]]]}, "properties": {"id": 537, "height_m": 6.0, "levels": 2, "category": "residencial", "extrude": true, "manzana_id": 0}}, {"type": "Feature", "geometry": {"type": "Polygon", "coordinates": [[[-709.0527049047552, 340.8092262293202], [-705.8204332480956, 340.8092262293202], [-705.8204332480956, 346.2639062289951], [-709.1506525308095, 346.0412662291617], [-708.8568096526467, 351.2733062290032], [-712.676767064936, 351.3846262291176], [-716.692619728986, 351.495946229232], [-716.5946721032797, 342.7016662292881], [-708.8568096526467, 342.7016662292881], [-709.0527049047552, 340.8092262293202]]]}, "properties": {"id": 538, "height_m": 3.0, "levels": 1, "category": "residencial", "extrude": true, "manzana_id": 0}}, {"type": "Feature", "geometry": {"type": "Polygon", "coordinates": [[[-704.645061736836, 320.1037062289967], [-700.531261446732, 319.88106622916337], [-696.515408782682, 319.7697462290489], [-696.515408782682, 320.1037062289967], [-696.515408782682, 320.4376662289445], [-696.515408782682, 321.8848262292457], [-696.515408782682, 323.10934622931796], [-702.6861092178383, 323.2206662290369], [-702.588161591784, 330.01118622929397], [-705.8204332480956, 330.1225062290129], [-705.8204332480956, 326.2263062289627], [-709.3465477825702, 326.3376262290771], [-709.1506525308095, 330.1225062290129], [-716.398776851171, 330.3451462292418], [-716.3008292251167, 321.77350622913127], [-704.5471141107819, 321.55086622929787], [-704.645061736836, 320.548986229059], [-704.645061736836, 320.1037062289967]]]}, "properties": {"id": 539, "height_m": 3.0, "levels": 1, "category": "residencial", "extrude": true, "manzana_id": 0}}, {"type": "Feature", "geometry": {"type": "Polygon", "coordinates": [[[-711.3055003015679, 313.4245062292496], [-700.4333138206777, 313.2018662290207], [-700.531261446732, 319.88106622916337], [-705.3306951185201, 320.1037062289967], [-705.3306951185201, 317.5433462291332], [-708.1711762709626, 317.6546662292476], [-708.1711762709626, 320.2150262291111], [-716.3008292251167, 320.548986229059], [-716.3008292251167, 316.2075062289465], [-714.8316148360424, 316.2075062289465], [-714.8316148360424, 311.9773462289484], [-714.8316148360424, 311.7547062291151], [-711.3055003015679, 311.53206622928167], [-711.3055003015679, 311.9773462289484], [-711.3055003015679, 313.4245062292496]]]}, "properties": {"id": 540, "height_m": 3.0, "levels": 1, "category": "residencial", "extrude": true, "manzana_id": 0}}, {"type": "Feature", "geometry": {"type": "Polygon", "coordinates": [[[-498.85709960835527, 468.8272262292196], [-500.2283663717234, 472.389466229322], [-502.67705702029673, 474.0592662290611], [-505.5175381730871, 474.2819062292899], [-505.71343342484766, 474.2819062292899], [-506.3011191808254, 466.0442262291272], [-499.0529948601159, 465.48762622895055], [-498.85709960835527, 468.8272262292196]]]}, "properties": {"id": 541, "height_m": 6.0, "levels": 2, "category": "residencial", "extrude": true, "manzana_id": 11}}, {"type": "Feature", "geometry": {"type": "Polygon", "coordinates": [[[-512.2759243638732, 471.4989062291976], [-512.7656624937966, 464.93102622916933], [-509.533390837137, 464.7083862289405], [-509.72928608924565, 462.03670622896254], [-506.9867525625095, 461.81406622912914], [-506.59496205864025, 461.81406622912914], [-505.9093286769563, 471.0536262291353], [-510.512867096636, 471.3875862290831], [-512.2759243638732, 471.4989062291976]]]}, "properties": {"id": 542, "height_m": 6.0, "levels": 2, "category": "residencial", "extrude": true, "manzana_id": 11}}, {"type": "Feature", "geometry": {"type": "Polygon", "coordinates": [[[-508.74980982974665, 474.5045462291233], [-508.94570508150724, 472.50078622904095], [-510.4149194709297, 472.6121062291554], [-510.512867096636, 471.3875862290831], [-505.9093286769563, 471.0536262291353], [-505.71343342484766, 474.2819062292899], [-506.1052239287169, 474.2819062292899], [-508.74980982974665, 474.5045462291233]]]}, "properties": {"id": 543, "height_m": 3.0, "levels": 1, "category": "residencial", "extrude": true, "manzana_id": 11}}, {"type": "Feature", "geometry": {"type": "Polygon", "coordinates": [[[-518.64252005079, 471.9441862292598], [-519.1322581807135, 465.3763062292316], [-516.0958817761625, 465.15366622900274], [-516.2917770279231, 462.48198622902476], [-512.9615577455572, 462.2593462291914], [-512.2759243638732, 471.4989062291976], [-517.0753580356615, 471.83286622914534], [-518.64252005079, 471.9441862292598]]]}, "properties": {"id": 544, "height_m": 6.0, "levels": 2, "category": "residencial", "extrude": true, "manzana_id": 11}}, {"type": "Feature", "geometry": {"type": "Polygon", "coordinates": [[[-515.4102483944785, 474.94982622918553], [-515.5081960205328, 472.8347462289888], [-516.9774104096072, 472.9460662291032], [-517.0753580356615, 471.83286622914534], [-512.2759243638732, 471.4989062291976], [-512.0800291121126, 474.7271862289567], [-515.4102483944785, 474.94982622918553]]]}, "properties": {"id": 545, "height_m": 3.0, "levels": 1, "category": "residencial", "extrude": true, "manzana_id": 11}}, {"type": "Feature", "geometry": {"type": "Polygon", "coordinates": [[[-525.0091157377069, 472.50078622904095], [-525.4988538676304, 466.1555462292416], [-522.4624774630794, 465.9329062290128], [-522.6583727148401, 462.927266229087], [-519.3281534324742, 462.7046262292537], [-518.64252005079, 471.9441862292598], [-523.4419537225783, 472.389466229322], [-525.0091157377069, 472.50078622904095]]]}, "properties": {"id": 546, "height_m": 6.0, "levels": 2, "category": "residencial", "extrude": true, "manzana_id": 11}}, {"type": "Feature", "geometry": {"type": "Polygon", "coordinates": [[[-521.7768440813953, 475.3951062292478], [-521.8747917074497, 473.28002622905103], [-523.344006096524, 473.5026662292799], [-523.4419537225783, 472.389466229322], [-518.64252005079, 471.9441862292598], [-518.4466247990295, 475.17246622901894], [-521.7768440813953, 475.3951062292478]]]}, "properties": {"id": 547, "height_m": 3.0, "levels": 1, "category": "residencial", "extrude": true, "manzana_id": 11}}, {"type": "Feature", "geometry": {"type": "Polygon", "coordinates": [[[-531.3757114249719, 464.4857462291071], [-531.6695543027868, 461.4801062291814], [-525.8906443714997, 461.0348262291191], [-525.694749119391, 463.1499062293159], [-524.8132204859464, 475.61774622908115], [-526.8701206309985, 475.84038622931007], [-529.2208636538655, 473.94794622894665], [-531.3757114249719, 464.4857462291071]]]}, "properties": {"id": 549, "height_m": 6.0, "levels": 2, "category": "residencial", "extrude": true, "manzana_id": 11}}, {"type": "Feature", "geometry": {"type": "Polygon", "coordinates": [[[-532.1592924323621, 461.4801062291814], [-532.3551876844708, 458.25182622902673], [-530.2982875394187, 458.02918622919333], [-530.396235165473, 456.5820262292877], [-529.1229160278112, 456.4707062291733], [-528.8290731499962, 461.25746622895247], [-532.1592924323621, 461.4801062291814]]]}, "properties": {"id": 550, "height_m": 3.0, "levels": 1, "category": "residencial", "extrude": true, "manzana_id": 11}}, {"type": "Feature", "geometry": {"type": "Polygon", "coordinates": [[[-529.1229160278112, 456.4707062291733], [-529.3188112799197, 454.6895862293198], [-523.0501632187091, 454.2443062292575], [-522.8542679669486, 457.47258622901666], [-519.7199439363433, 457.2499462291833], [-519.621996310289, 457.2499462291833], [-519.4261010585284, 460.58954622905685], [-528.8290731499962, 461.25746622895247], [-529.1229160278112, 456.4707062291733]]]}, "properties": {"id": 551, "height_m": 6.0, "levels": 2, "category": "residencial", "extrude": true, "manzana_id": 11}}, {"type": "Feature", "geometry": {"type": "Polygon", "coordinates": [[[-533.6285068217846, 455.0235462292676], [-533.9223496995994, 451.79526622911294], [-531.9633971806015, 451.5726262292796], [-532.0613448066558, 450.12546622897844], [-530.8859732950483, 450.0141462292595], [-530.4941827911792, 454.80090622903873], [-533.6285068217846, 455.0235462292676]]]}, "properties": {"id": 552, "height_m": 3.0, "levels": 1, "category": "residencial", "extrude": true, "manzana_id": 11}}, {"type": "Feature", "geometry": {"type": "Polygon", "coordinates": [[[-530.8859732950483, 450.0141462292595], [-530.9839209211027, 448.23302622901053], [-524.4214299820771, 447.7877462289483], [-524.2255347303166, 451.0160262291029], [-521.1891583257657, 450.7933862292696], [-520.993263073657, 454.1329862291431], [-530.4941827911792, 454.80090622903873], [-530.8859732950483, 450.0141462292595]]]}, "properties": {"id": 553, "height_m": 6.0, "levels": 2, "category": "residencial", "extrude": true, "manzana_id": 11}}, {"type": "Feature", "geometry": {"type": "Polygon", "coordinates": [[[-531.081868547157, 448.23302622901053], [-535.1956688369132, 448.56698622895834], [-537.5464118597802, 438.770826229171], [-535.9792498446515, 435.9878262290786], [-531.9633971806015, 435.6538662291308], [-531.081868547157, 448.23302622901053]]]}, "properties": {"id": 554, "height_m": 6.0, "levels": 2, "category": "residencial", "extrude": true, "manzana_id": 11}}, {"type": "Feature", "geometry": {"type": "Polygon", "coordinates": [[[-531.2777637989176, 445.2273862290848], [-531.767501928841, 438.9934662290044], [-530.0044446616038, 438.88214622928547], [-525.4009062415761, 438.54818622894214], [-524.7152728598921, 447.7877462289483], [-527.8495968904974, 448.01038622917713], [-528.1434397683123, 445.0047462292514], [-531.2777637989176, 445.2273862290848]]]}, "properties": {"id": 555, "height_m": 6.0, "levels": 2, "category": "residencial", "extrude": true, "manzana_id": 11}}, {"type": "Feature", "geometry": {"type": "Polygon", "coordinates": [[[-530.0044446616038, 438.88214622928547], [-530.1023922873101, 437.7689462293276], [-528.6331778982357, 437.6576262292132], [-528.731125523942, 435.4312262292974], [-525.5968014936847, 435.2085862290686], [-525.4009062415761, 438.54818622894214], [-530.0044446616038, 438.88214622928547]]]}, "properties": {"id": 556, "height_m": 3.0, "levels": 1, "category": "residencial", "extrude": true, "manzana_id": 11}}, {"type": "Feature", "geometry": {"type": "Polygon", "coordinates": [[[-524.9111681120006, 444.78210622902253], [-525.4009062415761, 438.54818622894214], [-523.6378489746869, 438.4368662292232], [-518.9363629286049, 438.1029062292754], [-518.3486771729752, 447.3424662292815], [-521.4830012035806, 447.5651062291149], [-521.678896455341, 444.5594662291892], [-524.9111681120006, 444.78210622902253]]]}, "properties": {"id": 557, "height_m": 6.0, "levels": 2, "category": "residencial", "extrude": true, "manzana_id": 11}}, {"type": "Feature", "geometry": {"type": "Polygon", "coordinates": [[[-523.6378489746869, 438.4368662292232], [-523.7357966003932, 437.3236662292653], [-522.1686345852645, 437.2123462291509], [-522.3645298370251, 434.9859462292352], [-519.2302058067678, 434.76330622900633], [-518.9363629286049, 438.1029062292754], [-523.6378489746869, 438.4368662292232]]]}, "properties": {"id": 558, "height_m": 3.0, "levels": 1, "category": "residencial", "extrude": true, "manzana_id": 11}}, {"type": "Feature", "geometry": {"type": "Polygon", "coordinates": [[[-518.9363629286049, 438.88214622928547], [-518.9363629286049, 438.1029062292754], [-517.2712532874219, 437.99158622916093], [-517.1733056617156, 438.770826229171], [-518.9363629286049, 438.88214622928547]]]}, "properties": {"id": 559, "height_m": 3.0, "levels": 1, "category": "residencial", "extrude": true, "manzana_id": 11}}, {"type": "Feature", "geometry": {"type": "Polygon", "coordinates": [[[-517.2712532874219, 437.99158622916093], [-517.3692009134763, 436.8783862292031], [-515.8020388983476, 436.76706622908864], [-515.9979341501082, 434.6519862292874], [-512.8636101195029, 434.4293462290585], [-512.569767241688, 437.6576262292132], [-517.2712532874219, 437.99158622916093]]]}, "properties": {"id": 560, "height_m": 3.0, "levels": 1, "category": "residencial", "extrude": true, "manzana_id": 11}}, {"type": "Feature", "geometry": {"type": "Polygon", "coordinates": [[[-518.5445724250837, 444.4481462290747], [-518.9363629286049, 438.88214622928547], [-517.1733056617156, 438.770826229171], [-517.2712532874219, 437.99158622916093], [-512.569767241688, 437.6576262292132], [-511.884133860004, 446.8971862292193], [-515.1164055166636, 447.1198262290527], [-515.3123007684242, 444.2255062292413], [-518.5445724250837, 444.4481462290747]]]}, "properties": {"id": 561, "height_m": 6.0, "levels": 2, "category": "residencial", "extrude": true, "manzana_id": 11}}, {"type": "Feature", "geometry": {"type": "Polygon", "coordinates": [[[-512.0800291121126, 444.0028662290125], [-512.569767241688, 437.6576262292132], [-510.9046576005051, 437.5463062290987], [-506.20317155477113, 437.2123462291509], [-505.5175381730871, 446.4519062291571], [-508.74980982974665, 446.78586622910484], [-508.94570508150724, 443.7802262291791], [-512.0800291121126, 444.0028662290125]]]}, "properties": {"id": 562, "height_m": 6.0, "levels": 2, "category": "residencial", "extrude": true, "manzana_id": 11}}, {"type": "Feature", "geometry": {"type": "Polygon", "coordinates": [[[-510.9046576005051, 437.5463062290987], [-510.9046576005051, 436.4331062291409], [-509.4354432114307, 436.32178622902643], [-509.6313384631913, 434.2067062292251], [-506.3990668065317, 433.9840662289963], [-506.20317155477113, 437.2123462291509], [-510.9046576005051, 437.5463062290987]]]}, "properties": {"id": 563, "height_m": 3.0, "levels": 1, "category": "residencial", "extrude": true, "manzana_id": 11}}, {"type": "Feature", "geometry": {"type": "Polygon", "coordinates": [[[-505.71343342484766, 443.66890622906465], [-506.20317155477113, 437.2123462291509], [-504.44011428753385, 437.1010262290365], [-499.83657586785426, 436.76706622908864], [-499.1509424861702, 446.0066262290948], [-502.57910939459043, 446.2292662293237], [-502.775004646351, 443.4462662292313], [-505.71343342484766, 443.66890622906465]]]}, "properties": {"id": 564, "height_m": 6.0, "levels": 2, "category": "residencial", "extrude": true, "manzana_id": 11}}, {"type": "Feature", "geometry": {"type": "Polygon", "coordinates": [[[-504.44011428753385, 437.1010262290365], [-504.5380619135882, 435.9878262290786], [-503.06884752416585, 435.8765062289642], [-503.2647427762744, 433.7614262291629], [-500.0324711196148, 433.5387862293295], [-499.83657586785426, 436.76706622908864], [-504.44011428753385, 437.1010262290365]]]}, "properties": {"id": 565, "height_m": 3.0, "levels": 1, "category": "residencial", "extrude": true, "manzana_id": 11}}, {"type": "Feature", "geometry": {"type": "Polygon", "coordinates": [[[-499.3468377379308, 443.22362622900243], [-499.83657586785426, 436.76706622908864], [-498.1714662266713, 436.65574622897424], [-493.46998018093734, 436.32178622902643], [-492.78434679925334, 445.56134622903255], [-496.1145660816193, 445.7839862292615], [-496.31046133337975, 443.00098622916903], [-499.3468377379308, 443.22362622900243]]]}, "properties": {"id": 566, "height_m": 6.0, "levels": 2, "category": "residencial", "extrude": true, "manzana_id": 11}}, {"type": "Feature", "geometry": {"type": "Polygon", "coordinates": [[[-498.1714662266713, 436.65574622897424], [-498.1714662266713, 435.54254622901635], [-496.7022518372489, 435.4312262292974], [-496.8981470893575, 433.3161462291007], [-493.66587543269793, 433.0935062292673], [-493.46998018093734, 436.32178622902643], [-498.1714662266713, 436.65574622897424]]]}, "properties": {"id": 567, "height_m": 3.0, "levels": 1, "category": "residencial", "extrude": true, "manzana_id": 11}}, {"type": "Feature", "geometry": {"type": "Polygon", "coordinates": [[[-492.78434679925334, 445.56134622903255], [-493.66587543269793, 433.0935062292673], [-489.06233701301824, 432.7595462293195], [-486.2218558602279, 436.65574622897424], [-489.650022768648, 445.3387062291992], [-492.78434679925334, 445.56134622903255]]]}, "properties": {"id": 568, "height_m": 6.0, "levels": 2, "category": "residencial", "extrude": true, "manzana_id": 11}}, {"type": "Feature", "geometry": {"type": "Polygon", "coordinates": [[[-495.2330374478266, 452.2405462291752], [-505.0278000435116, 453.01978622918523], [-505.32164292132654, 449.5688662291973], [-502.08937126466697, 449.34622622896836], [-502.2852665167755, 446.2292662293237], [-495.72277557775, 445.7839862292615], [-495.6248279516957, 447.3424662292815], [-495.2330374478266, 452.2405462291752]]]}, "properties": {"id": 569, "height_m": 6.0, "levels": 2, "category": "residencial", "extrude": true, "manzana_id": 11}}, {"type": "Feature", "geometry": {"type": "Polygon", "coordinates": [[[-495.2330374478266, 452.2405462291752], [-495.6248279516957, 447.3424662292815], [-494.4494564404362, 447.2311462291671], [-494.351508814382, 448.7896262291872], [-492.49050392143846, 448.67830622907275], [-492.2946086693298, 452.01790622894634], [-495.2330374478266, 452.2405462291752]]]}, "properties": {"id": 570, "height_m": 3.0, "levels": 1, "category": "residencial", "extrude": true, "manzana_id": 11}}, {"type": "Feature", "geometry": {"type": "Polygon", "coordinates": [[[-507.57443831813924, 459.6989862293279], [-507.7703335698998, 456.4707062291733], [-504.8319047914031, 456.24806622894437], [-505.0278000435116, 453.01978622918523], [-498.46530910448615, 452.46318622900856], [-498.3673614784319, 454.2443062292575], [-498.07351860061704, 459.0310662290368], [-507.57443831813924, 459.6989862293279]]]}, "properties": {"id": 571, "height_m": 6.0, "levels": 2, "category": "residencial", "extrude": true, "manzana_id": 11}}, {"type": "Feature", "geometry": {"type": "Polygon", "coordinates": [[[-498.07351860061704, 459.0310662290368], [-498.3673614784319, 454.2443062292575], [-497.387885218933, 454.1329862291431], [-497.19198996717245, 455.6914662291632], [-495.1350898221203, 455.58014622904875], [-494.93919457001175, 458.8084262292034], [-498.07351860061704, 459.0310662290368]]]}, "properties": {"id": 572, "height_m": 3.0, "levels": 1, "category": "residencial", "extrude": true, "manzana_id": 11}}, {"type": "Feature", "geometry": {"type": "Polygon", "coordinates": [[[-507.3785430663786, 461.81406622912914], [-507.47649069208495, 459.6989862293279], [-507.1826478142701, 459.6989862293279], [-506.59496205864025, 459.5876662292135], [-498.07351860061704, 459.0310662290368], [-497.7796757228021, 462.2593462291914], [-498.56325673054045, 462.2593462291914], [-499.7386282418, 462.3706662293058], [-499.6406806157456, 463.8178262292115], [-499.5427329900393, 465.59894622906495], [-506.3011191808254, 466.0442262291272], [-506.59496205864025, 461.81406622912914], [-506.9867525625095, 461.81406622912914], [-507.3785430663786, 461.81406622912914]]]}, "properties": {"id": 573, "height_m": 6.0, "levels": 2, "category": "residencial", "extrude": true, "manzana_id": 11}}, {"type": "Feature", "geometry": {"type": "Polygon", "coordinates": [[[-497.7796757228021, 462.2593462291914], [-498.07351860061704, 459.0310662290368], [-496.4084089594341, 458.91974622931787], [-496.21251370767345, 462.148026229077], [-497.7796757228021, 462.2593462291914]]]}, "properties": {"id": 574, "height_m": 3.0, "levels": 1, "category": "residencial", "extrude": true, "manzana_id": 11}}, {"type": "Feature", "geometry": {"type": "Polygon", "coordinates": [[[-499.6406806157456, 463.8178262292115], [-499.7386282418, 462.3706662293058], [-498.56325673054045, 462.2593462291914], [-498.46530910448615, 463.8178262292115], [-499.6406806157456, 463.8178262292115]]]}, "properties": {"id": 575, "height_m": 3.0, "levels": 1, "category": "residencial", "extrude": true, "manzana_id": 11}}, {"type": "Feature", "geometry": {"type": "Polygon", "coordinates": [[[-606.893331035226, 649.7222262292923], [-614.9250363633258, 647.3845062292622], [-609.4399693098536, 628.3487862290733], [-601.5062116078079, 631.4657462291134], [-606.1097500274876, 646.1599862291899], [-606.893331035226, 649.7222262292923]]]}, "properties": {"id": 576, "height_m": 3.0, "levels": 1, "category": "residencial", "extrude": true, "manzana_id": 15}}, {"type": "Feature", "geometry": {"type": "Polygon", "coordinates": [[[-593.3765586536539, 659.7410262293085], [-604.6405356380653, 656.9580262292162], [-603.5631117525121, 653.5071062292282], [-601.8000544856229, 649.2769462292301], [-600.3308400962005, 649.7222262292923], [-597.8821494472793, 641.707186228963], [-599.8411019662772, 641.1505862291818], [-597.2944636916495, 632.6902662291857], [-586.03048670689, 637.0317462292983], [-593.3765586536539, 659.7410262293085]]]}, "properties": {"id": 577, "height_m": 3.0, "levels": 1, "category": "residencial", "extrude": true, "manzana_id": 15}}, {"type": "Feature", "geometry": {"type": "Polygon", "coordinates": [[[-603.5631117525121, 653.5071062292282], [-607.4810167908557, 652.1712662290415], [-606.893331035226, 649.7222262292923], [-606.1097500274876, 646.1599862291899], [-601.8000544856229, 647.1618662290334], [-601.8000544856229, 649.2769462292301], [-603.5631117525121, 653.5071062292282]]]}, "properties": {"id": 578, "height_m": 6.0, "levels": 2, "category": "residencial", "extrude": true, "manzana_id": 15}}, {"type": "Feature", "geometry": {"type": "Polygon", "coordinates": [[[-585.9325390811837, 655.0655862292483], [-589.360705989256, 653.841066229176], [-585.2469056994997, 641.9298262291919], [-577.3131479971062, 644.7128262292842], [-579.8597862717338, 652.0599462293226], [-584.3653770657072, 650.5014662293024], [-585.9325390811837, 655.0655862292483]]]}, "properties": {"id": 579, "height_m": 6.0, "levels": 2, "category": "residencial", "extrude": true, "manzana_id": 15}}, {"type": "Feature", "geometry": {"type": "Polygon", "coordinates": [[[-579.8597862717338, 652.0599462293226], [-581.4269482872104, 656.6240662292684], [-585.9325390811837, 655.0655862292483], [-584.3653770657072, 650.5014662293024], [-579.8597862717338, 652.0599462293226]]]}, "properties": {"id": 580, "height_m": 9.0, "levels": 3, "category": "residencial", "extrude": true, "manzana_id": 15}}, {"type": "Feature", "geometry": {"type": "Polygon", "coordinates": [[[-574.8644573481849, 668.5353062292525], [-573.4931905848168, 668.6466262289714], [-572.3178190735573, 665.3070262290978], [-568.497861661268, 666.5315462291701], [-569.3793902947127, 669.6485062292104], [-568.3019664095074, 669.9824662291581], [-568.5958092873224, 669.9824662291581], [-569.3793902947127, 672.3201862291883], [-575.550090729869, 670.5390662289393], [-574.8644573481849, 668.5353062292525]]]}, "properties": {"id": 581, "height_m": 3.0, "levels": 1, "category": "residencial", "extrude": true, "manzana_id": 15}}, {"type": "Feature", "geometry": {"type": "Polygon", "coordinates": [[[-575.4521431038147, 657.8485862289451], [-574.4726668443159, 655.6221862290295], [-569.4773379207669, 657.291986229164], [-570.162971302451, 659.4070662289653], [-567.2245425239543, 660.4089462292042], [-566.5389091422702, 658.5165062292363], [-561.9353707222425, 660.0749862292564], [-561.4456325926672, 660.1863062289754], [-561.6415278444277, 660.742906229152], [-564.9717471267936, 670.9843462290016], [-568.3019664095074, 669.9824662291581], [-569.3793902947127, 669.6485062292104], [-568.497861661268, 666.5315462291701], [-572.3178190735573, 665.3070262290978], [-573.4931905848168, 668.6466262289714], [-574.8644573481849, 668.5353062292525], [-574.7665097224786, 668.3126662290236], [-578.2926242566051, 666.9768262292324], [-575.4521431038147, 657.8485862289451]]]}, "properties": {"id": 582, "height_m": 6.0, "levels": 2, "category": "residencial", "extrude": true, "manzana_id": 15}}, {"type": "Feature", "geometry": {"type": "Polygon", "coordinates": [[[-575.4521431038147, 657.8485862289451], [-576.3336717376073, 657.5146262289974], [-575.3541954781084, 654.1750262291238], [-568.9875997911914, 656.0674662290917], [-569.0855474168977, 656.5127462291539], [-561.053842088798, 659.0731062290174], [-561.2497373405586, 659.7410262293085], [-561.4456325926672, 660.1863062289754], [-561.9353707222425, 660.0749862292564], [-566.5389091422702, 658.5165062292363], [-567.2245425239543, 660.4089462292042], [-570.162971302451, 659.4070662289653], [-569.4773379207669, 657.291986229164], [-574.4726668443159, 655.6221862290295], [-575.4521431038147, 657.8485862289451]]]}, "properties": {"id": 583, "height_m": 3.0, "levels": 1, "category": "residencial", "extrude": true, "manzana_id": 15}}, {"type": "Feature", "geometry": {"type": "Polygon", "coordinates": [[[-520.5035249440815, 681.5597462291944], [-521.0912106997113, 681.2257862292466], [-530.396235165473, 678.1088262292064], [-529.024968402105, 674.1013062290417], [-523.4419537225783, 675.9937462290097], [-519.2302058067678, 677.4409062293108], [-520.5035249440815, 681.5597462291944]]]}, "properties": {"id": 584, "height_m": 3.0, "levels": 1, "category": "residencial", "extrude": true, "manzana_id": 16}}, {"type": "Feature", "geometry": {"type": "Polygon", "coordinates": [[[-519.2302058067678, 677.4409062293108], [-523.4419537225783, 675.9937462290097], [-522.4624774630794, 673.2107462293128], [-518.3486771729752, 674.546586229104], [-519.2302058067678, 677.4409062293108]]]}, "properties": {"id": 585, "height_m": 9.0, "levels": 3, "category": "residencial", "extrude": true, "manzana_id": 16}}, {"type": "Feature", "geometry": {"type": "Polygon", "coordinates": [[[-523.4419537225783, 675.9937462290097], [-529.024968402105, 674.1013062290417], [-524.6173252341858, 661.0768662290998], [-515.1164055166636, 664.3051462292544], [-518.3486771729752, 674.546586229104], [-522.4624774630794, 673.2107462293128], [-523.4419537225783, 675.9937462290097]]]}, "properties": {"id": 586, "height_m": 6.0, "levels": 2, "category": "residencial", "extrude": true, "manzana_id": 16}}, {"type": "Feature", "geometry": {"type": "Polygon", "coordinates": [[[-506.69290968469454, 673.5447062292606], [-512.9615577455572, 671.2069862292304], [-510.512867096636, 662.9693062290677], [-510.4149194709297, 662.4127062292865], [-508.74980982974665, 663.0806262291821], [-504.146271409719, 664.97306622915], [-504.0483237836647, 664.97306622915], [-504.146271409719, 665.3070262290978], [-506.69290968469454, 673.5447062292606], [-506.69290968469454, 673.5447062292606]]]}, "properties": {"id": 587, "height_m": 3.0, "levels": 1, "category": "residencial", "extrude": true, "manzana_id": 16}}, {"type": "Feature", "geometry": {"type": "Polygon", "coordinates": [[[-508.45596695158383, 691.9125062291585], [-506.9867525625095, 687.459706229327], [-510.6108147226902, 686.2351862292547], [-508.45596695158383, 679.2220262291643], [-500.91399975340744, 681.44842622908], [-504.9298524174574, 693.1370262292307], [-505.22369529527225, 693.0257062291163], [-508.45596695158383, 691.9125062291585]]]}, "properties": {"id": 588, "height_m": 3.0, "levels": 1, "category": "residencial", "extrude": true, "manzana_id": 16}}, {"type": "Feature", "geometry": {"type": "Polygon", "coordinates": [[[-500.91399975340744, 681.44842622908], [-508.45596695158383, 679.2220262291643], [-508.35801932587754, 678.9993862293309], [-504.0483237836647, 664.97306622915], [-504.0483237836647, 664.8617462290356], [-498.07351860061704, 667.4221062292946], [-497.7796757228021, 667.5334262290136], [-496.31046133337975, 668.0900262291902], [-496.21251370767345, 668.0900262291902], [-500.91399975340744, 681.44842622908]]]}, "properties": {"id": 589, "height_m": 3.0, "levels": 1, "category": "residencial", "extrude": true, "manzana_id": 16}}, {"type": "Feature", "geometry": {"type": "Polygon", "coordinates": [[[-511.5902909821892, 699.4822662290301], [-512.7656624937966, 699.2596262291967], [-514.5287197606858, 698.9256662292489], [-513.3533482494263, 695.1407862293131], [-512.4718196159818, 692.1351462289919], [-510.8067099744508, 692.6917462291685], [-509.6313384631913, 693.1370262292307], [-511.5902909821892, 699.4822662290301]]]}, "properties": {"id": 590, "height_m": 9.0, "levels": 3, "category": "residencial", "extrude": true, "manzana_id": 16}}, {"type": "Feature", "geometry": {"type": "Polygon", "coordinates": [[[-505.22369529527225, 693.0257062291163], [-507.7703335698998, 700.1501862293212], [-509.82723371495194, 699.8162262289779], [-511.10055285261365, 699.4822662290301], [-511.5902909821892, 699.4822662290301], [-509.6313384631913, 693.1370262292307], [-510.8067099744508, 692.6917462291685], [-510.4149194709297, 691.3559062289818], [-505.22369529527225, 693.0257062291163]]]}, "properties": {"id": 591, "height_m": 6.0, "levels": 2, "category": "residencial", "extrude": true, "manzana_id": 16}}, {"type": "Feature", "geometry": {"type": "Polygon", "coordinates": [[[-488.08286075351936, 600.1848262289925], [-487.0054368679662, 596.9565462292335], [-482.1080555701236, 598.9603062293157], [-485.04648434896836, 607.197986229083], [-489.7479703947023, 605.3055462291151], [-488.08286075351936, 600.1848262289925]]]}, "properties": {"id": 592, "height_m": 6.0, "levels": 2, "category": "residencial", "extrude": true, "manzana_id": 28}}, {"type": "Feature", "geometry": {"type": "Polygon", "coordinates": [[[-482.1080555701236, 598.9603062293157], [-477.2106742726291, 600.8527462292836], [-480.2470506771801, 609.2017462291653], [-485.04648434896836, 607.197986229083], [-482.1080555701236, 598.9603062293157]]]}, "properties": {"id": 593, "height_m": 6.0, "levels": 2, "category": "residencial", "extrude": true, "manzana_id": 28}}, {"type": "Feature", "geometry": {"type": "Polygon", "coordinates": [[[-477.2106742726291, 600.8527462292836], [-472.4112406008408, 602.7451862292515], [-475.34966937933757, 611.0941862291332], [-480.2470506771801, 609.2017462291653], [-477.2106742726291, 600.8527462292836]]]}, "properties": {"id": 594, "height_m": 6.0, "levels": 2, "category": "residencial", "extrude": true, "manzana_id": 28}}, {"type": "Feature", "geometry": {"type": "Polygon", "coordinates": [[[-472.4112406008408, 602.7451862292515], [-468.19949268468235, 604.4149862289906], [-467.6118069290526, 604.6376262292194], [-467.8077021808132, 605.0829062292817], [-470.64818333360364, 612.9866262291011], [-475.34966937933757, 611.0941862291332], [-472.4112406008408, 602.7451862292515]]]}, "properties": {"id": 595, "height_m": 6.0, "levels": 2, "category": "residencial", "extrude": true, "manzana_id": 28}}, {"type": "Feature", "geometry": {"type": "Polygon", "coordinates": [[[-467.6118069290526, 604.6376262292194], [-467.1220687991291, 604.8602662290529], [-463.40005901289413, 606.3074262289585], [-466.24054016568454, 614.879066229069], [-470.64818333360364, 612.9866262291011], [-467.8077021808132, 605.0829062292817], [-467.6118069290526, 604.6376262292194]]]}, "properties": {"id": 596, "height_m": 6.0, "levels": 2, "category": "residencial", "extrude": true, "manzana_id": 28}}, {"type": "Feature", "geometry": {"type": "Polygon", "coordinates": [[[-449.00175799787735, 619.4431862290149], [-448.41407224224764, 619.5545062291294], [-441.2638955475924, 622.3375062292217], [-443.02695281482966, 627.4582262289488], [-443.81053382221995, 627.2355862291154], [-450.76481526511463, 624.2299462291896], [-449.0997056239317, 619.8884662290772], [-449.00175799787735, 619.4431862290149]]]}, "properties": {"id": 597, "height_m": 6.0, "levels": 2, "category": "residencial", "extrude": true, "manzana_id": 28}}, {"type": "Feature", "geometry": {"type": "Polygon", "coordinates": [[[-447.1407531049338, 614.6564262292356], [-439.50083828035514, 617.4394262293281], [-441.2638955475924, 622.3375062292217], [-448.41407224224764, 619.5545062291294], [-449.00175799787735, 619.4431862290149], [-448.80586274611676, 618.8865862292337], [-447.1407531049338, 614.6564262292356]]]}, "properties": {"id": 598, "height_m": 6.0, "levels": 2, "category": "residencial", "extrude": true, "manzana_id": 28}}, {"type": "Feature", "geometry": {"type": "Polygon", "coordinates": [[[-445.3776958376966, 609.869666229061], [-437.8357286391722, 612.8753062289867], [-439.50083828035514, 617.4394262293281], [-447.1407531049338, 614.6564262292356], [-445.3776958376966, 609.869666229061]]]}, "properties": {"id": 599, "height_m": 6.0, "levels": 2, "category": "residencial", "extrude": true, "manzana_id": 28}}, {"type": "Feature", "geometry": {"type": "Polygon", "coordinates": [[[-445.3776958376966, 609.869666229061], [-443.4187433186988, 604.7489462289384], [-435.77882849412015, 607.7545862292596], [-437.8357286391722, 612.8753062289867], [-445.3776958376966, 609.869666229061]]]}, "properties": {"id": 600, "height_m": 6.0, "levels": 2, "category": "residencial", "extrude": true, "manzana_id": 28}}, {"type": "Feature", "geometry": {"type": "Polygon", "coordinates": [[[-428.62865179946493, 626.6789862289387], [-430.7834995705713, 632.0223462292902], [-435.1911427384904, 630.2412262290411], [-431.76297583007016, 621.7809062290451], [-427.3553326621511, 623.673346229013], [-428.62865179946493, 626.6789862289387]]]}, "properties": {"id": 601, "height_m": 6.0, "levels": 2, "category": "residencial", "extrude": true, "manzana_id": 28}}, {"type": "Feature", "geometry": {"type": "Polygon", "coordinates": [[[-432.7424520895691, 609.5357062291132], [-423.0456371202863, 613.320586229049], [-424.61279913541495, 617.1054662289848], [-425.98406589878306, 620.3337462291394], [-431.76297583007016, 618.4413062291715], [-432.64450446351486, 621.3356262289828], [-436.4644618758042, 619.5545062291294], [-436.17061899798927, 618.6639462290049], [-434.50550935680633, 614.2111462291734], [-432.7424520895691, 609.5357062291132]]]}, "properties": {"id": 602, "height_m": 3.0, "levels": 1, "category": "residencial", "extrude": true, "manzana_id": 28}}, {"type": "Feature", "geometry": {"type": "Polygon", "coordinates": [[[-426.2779087765979, 621.1129862291494], [-424.8086943871756, 621.6695862293261], [-420.7928417231256, 623.3393862290652], [-421.67437035691825, 626.1223862291575], [-424.61279913541495, 624.8978662290853], [-425.5922753949139, 627.903506229011], [-428.62865179946493, 626.6789862289387], [-427.3553326621511, 623.673346229013], [-426.2779087765979, 621.1129862291494]]]}, "properties": {"id": 603, "height_m": 6.0, "levels": 2, "category": "residencial", "extrude": true, "manzana_id": 28}}, {"type": "Feature", "geometry": {"type": "Polygon", "coordinates": [[[-425.98406589878306, 620.3337462291394], [-424.61279913541495, 617.1054662289848], [-423.3394799981012, 617.6620662291614], [-424.8086943871756, 621.6695862293261], [-426.2779087765979, 621.1129862291494], [-425.98406589878306, 620.3337462291394]]]}, "properties": {"id": 604, "height_m": 3.0, "levels": 1, "category": "residencial", "extrude": true, "manzana_id": 28}}, {"type": "Feature", "geometry": {"type": "Polygon", "coordinates": [[[-424.61279913541495, 617.1054662289848], [-423.0456371202863, 613.320586229049], [-414.13240315839386, 616.771506229037], [-418.1482558224438, 627.4582262289488], [-421.67437035691825, 626.1223862291575], [-420.7928417231256, 623.3393862290652], [-424.8086943871756, 621.6695862293261], [-423.3394799981012, 617.6620662291614], [-424.61279913541495, 617.1054662289848]]]}, "properties": {"id": 605, "height_m": 3.0, "levels": 1, "category": "residencial", "extrude": true, "manzana_id": 28}}, {"type": "Feature", "geometry": {"type": "Polygon", "coordinates": [[[-421.67437035691825, 626.1223862291575], [-418.1482558224438, 627.4582262289488], [-419.3236273340513, 630.3525462291556], [-425.5922753949139, 627.903506229011], [-424.61279913541495, 624.8978662290853], [-421.67437035691825, 626.1223862291575]]]}, "properties": {"id": 606, "height_m": 3.0, "levels": 1, "category": "residencial", "extrude": true, "manzana_id": 28}}, {"type": "Feature", "geometry": {"type": "Polygon", "coordinates": [[[-428.62865179946493, 626.6789862289387], [-425.5922753949139, 627.903506229011], [-427.649175539966, 633.246866228967], [-430.7834995705713, 632.0223462292902], [-428.62865179946493, 626.6789862289387]]]}, "properties": {"id": 607, "height_m": 9.0, "levels": 3, "category": "residencial", "extrude": true, "manzana_id": 28}}, {"type": "Feature", "geometry": {"type": "Polygon", "coordinates": [[[-425.5922753949139, 627.903506229011], [-419.3236273340513, 630.3525462291556], [-421.38052747910336, 635.6959062291115], [-427.649175539966, 633.246866228967], [-425.5922753949139, 627.903506229011]]]}, "properties": {"id": 608, "height_m": 6.0, "levels": 2, "category": "residencial", "extrude": true, "manzana_id": 28}}, {"type": "Feature", "geometry": {"type": "Polygon", "coordinates": [[[-452.3319772802433, 626.6789862289387], [-454.9765631809251, 633.5808262293102], [-459.18831109708356, 644.1562262291076], [-468.5912831885516, 640.2600262290573], [-461.8328969977655, 623.0054262291173], [-452.3319772802433, 626.6789862289387]]]}, "properties": {"id": 609, "height_m": 3.0, "levels": 1, "category": "residencial", "extrude": true, "manzana_id": 28}}, {"type": "Feature", "geometry": {"type": "Polygon", "coordinates": [[[-428.82454705157346, 656.4014262290395], [-433.036294967384, 654.5089862290716], [-432.2527139599936, 652.3939062292703], [-435.2890903645447, 650.9467462289692], [-436.9542000057276, 650.0561862292402], [-438.0316238909328, 652.1712662290415], [-440.2844192880935, 651.169386229198], [-439.7946811581701, 649.9448662291258], [-438.0316238909328, 645.158106228951], [-436.56240950185844, 641.1505862291818], [-434.01577122688286, 634.1374262290914], [-431.07734244838616, 635.2506262290492], [-422.36000373860224, 638.5902262293183], [-424.7107467614693, 645.158106228951], [-425.6902230209682, 647.9411062290434], [-428.82454705157346, 656.4014262290395]]]}, "properties": {"id": 610, "height_m": 6.0, "levels": 2, "category": "residencial", "extrude": true, "manzana_id": 28}}, {"type": "Feature", "geometry": {"type": "Polygon", "coordinates": [[[-443.81053382221995, 627.2355862291154], [-443.02695281482966, 627.4582262289488], [-439.8926287842243, 628.5714262293021], [-438.52136202085626, 629.0167062289688], [-439.59878590640943, 632.0223462292902], [-444.7900100817189, 629.5733062291456], [-443.81053382221995, 627.2355862291154]]]}, "properties": {"id": 611, "height_m": 6.0, "levels": 2, "category": "residencial", "extrude": true, "manzana_id": 28}}, {"type": "Feature", "geometry": {"type": "Polygon", "coordinates": [[[-447.1407531049338, 628.6827462290211], [-444.7900100817189, 629.5733062291456], [-439.59878590640943, 632.0223462292902], [-439.59878590640943, 632.0223462292902], [-442.145424181037, 638.9241862292661], [-444.8879577077732, 646.2713062293044], [-445.3776958376966, 647.6071462290956], [-453.01761066192734, 644.378866228941], [-449.7853390056157, 635.5845862289971], [-447.1407531049338, 628.6827462290211]]]}, "properties": {"id": 612, "height_m": 3.0, "levels": 1, "category": "residencial", "extrude": true, "manzana_id": 28}}, {"type": "Feature", "geometry": {"type": "Polygon", "coordinates": [[[-482.0101079444173, 640.8166262292341], [-479.65936492120244, 634.694026229268], [-478.58194103599715, 635.0279862292159], [-477.70041240220456, 632.2449862291235], [-478.58194103599715, 631.7997062290613], [-477.5045171504439, 628.6827462290211], [-476.2311980131302, 629.0167062289688], [-475.25172175328333, 625.6771062290953], [-476.1332503870759, 625.3431462291475], [-473.488664486394, 618.4413062291715], [-466.3384877917389, 621.2243062292639], [-468.78717844066006, 628.5714262293021], [-469.57075944805047, 628.3487862290733], [-470.1584452040281, 630.0185862292078], [-469.766654700159, 630.6865062291034], [-471.43176434134193, 634.9166662291015], [-472.3132929747866, 635.3619462291637], [-473.29276923428546, 637.365706229246], [-472.4112406008408, 637.5883462290794], [-474.9578788754684, 644.6015062291699], [-482.1080555701236, 641.595866229244], [-482.0101079444173, 640.8166262292341]]]}, "properties": {"id": 613, "height_m": 3.0, "levels": 1, "category": "residencial", "extrude": true, "manzana_id": 28}}, {"type": "Feature", "geometry": {"type": "Polygon", "coordinates": [[[-435.9747237462287, 639.3694662293284], [-436.56240950185844, 641.1505862291818], [-438.0316238909328, 645.158106228951], [-439.7946811581701, 649.9448662291258], [-445.3776958376966, 647.6071462290956], [-444.8879577077732, 646.2713062293044], [-442.145424181037, 638.9241862292661], [-441.459790799353, 637.0317462292983], [-435.9747237462287, 639.3694662293284]]]}, "properties": {"id": 614, "height_m": 3.0, "levels": 1, "category": "residencial", "extrude": true, "manzana_id": 28}}, {"type": "Feature", "geometry": {"type": "Polygon", "coordinates": [[[-418.24620344849814, 673.9899862293228], [-420.5969464713651, 680.1125862292888], [-429.999918562833, 676.3277062289575], [-427.3553326621511, 669.5371862290959], [-425.1025372653384, 670.4277462292204], [-424.0251133797852, 667.8673862289613], [-418.73594157807355, 670.2051062289916], [-420.0092607157353, 673.3220662290317], [-418.24620344849814, 673.9899862293228]]]}, "properties": {"id": 615, "height_m": 3.0, "levels": 1, "category": "restauracion", "extrude": true, "manzana_id": 28}}, {"type": "Feature", "geometry": {"type": "Polygon", "coordinates": [[[-424.0251133797852, 667.8673862289613], [-426.2779087765979, 666.865506229118], [-425.98406589878306, 665.9749462289935], [-422.947689494232, 658.1825462292885], [-415.7975127995768, 660.9655462289854], [-415.69956517352256, 660.9655462289854], [-417.46262244075973, 665.3070262290978], [-415.1118794178928, 666.3089062289413], [-415.20982704394703, 666.5315462291701], [-416.18930330344597, 668.9805862293147], [-416.67904143336943, 670.0937862292726], [-416.9728843111843, 670.9843462290016], [-418.73594157807355, 670.2051062289916], [-424.0251133797852, 667.8673862289613]]]}, "properties": {"id": 616, "height_m": 3.0, "levels": 1, "category": "restauracion", "extrude": true, "manzana_id": 28}}, {"type": "Feature", "geometry": {"type": "Polygon", "coordinates": [[[-410.3124457461045, 671.3183062289494], [-406.78633121197805, 672.6541462291361], [-408.35349322710675, 676.6616662293007], [-411.6837125094726, 675.2145062289997], [-410.3124457461045, 671.3183062289494]]]}, "properties": {"id": 617, "height_m": 9.0, "levels": 3, "category": "restauracion", "extrude": true, "manzana_id": 28}}, {"type": "Feature", "geometry": {"type": "Polygon", "coordinates": [[[-415.1118794178928, 666.0862662291079], [-413.34882215065556, 661.8561062291099], [-403.94585005918765, 665.5296662293267], [-406.78633121197805, 672.6541462291361], [-410.3124457461045, 671.3183062289494], [-412.76113639502586, 670.3164262291059], [-411.6837125094726, 667.9787062290758], [-415.20982704394703, 666.5315462291701], [-415.1118794178928, 666.0862662291079]]]}, "properties": {"id": 618, "height_m": 6.0, "levels": 2, "category": "restauracion", "extrude": true, "manzana_id": 28}}, {"type": "Feature", "geometry": {"type": "Polygon", "coordinates": [[[-416.18930330344597, 668.9805862293147], [-415.20982704394703, 666.5315462291701], [-411.6837125094726, 667.9787062290758], [-412.76113639502586, 670.3164262291059], [-416.18930330344597, 668.9805862293147]]]}, "properties": {"id": 619, "height_m": 9.0, "levels": 3, "category": "restauracion", "extrude": true, "manzana_id": 28}}, {"type": "Feature", "geometry": {"type": "Polygon", "coordinates": [[[-417.9523605706832, 673.3220662290317], [-417.75646531857467, 672.7654662292505], [-414.4262460362088, 674.1013062290417], [-413.152926898895, 674.6579062292185], [-416.09135567739173, 682.0050262292567], [-420.5969464713651, 680.1125862292888], [-417.9523605706832, 673.3220662290317]]]}, "properties": {"id": 620, "height_m": 3.0, "levels": 1, "category": "restauracion", "extrude": true, "manzana_id": 28}}, {"type": "Feature", "geometry": {"type": "Polygon", "coordinates": [[[-412.76113639502586, 670.3164262291059], [-410.3124457461045, 671.3183062289494], [-411.6837125094726, 675.2145062289997], [-413.152926898895, 674.6579062292185], [-414.4262460362088, 674.1013062290417], [-412.76113639502586, 670.3164262291059]]]}, "properties": {"id": 621, "height_m": 6.0, "levels": 2, "category": "restauracion", "extrude": true, "manzana_id": 28}}, {"type": "Feature", "geometry": {"type": "Polygon", "coordinates": [[[-413.152926898895, 674.6579062292185], [-411.6837125094726, 675.2145062289997], [-408.35349322710675, 676.6616662293007], [-411.29192200560345, 683.8974662292246], [-416.09135567739173, 682.0050262292567], [-413.152926898895, 674.6579062292185]]]}, "properties": {"id": 622, "height_m": 3.0, "levels": 1, "category": "restauracion", "extrude": true, "manzana_id": 28}}, {"type": "Feature", "geometry": {"type": "Polygon", "coordinates": [[[-485.53622247854383, 682.2276662290901], [-489.45412751688747, 681.1144662291322], [-491.21718478377664, 685.901226229307], [-497.09404234111815, 684.0087862289436], [-496.8981470893575, 683.5635062292768], [-496.1145660816193, 681.2257862292466], [-493.07818967706817, 672.5428262290217], [-483.47932233349167, 676.2163862292385], [-484.94853672291407, 680.5578662289555], [-485.53622247854383, 682.2276662290901]]]}, "properties": {"id": 623, "height_m": 6.0, "levels": 2, "category": "residencial", "extrude": true, "manzana_id": 16}}, {"type": "Feature", "geometry": {"type": "Polygon", "coordinates": [[[-483.47932233349167, 676.2163862292385], [-493.07818967706817, 672.5428262290217], [-492.000765791515, 669.4258662289815], [-482.40189844793844, 673.3220662290317], [-483.47932233349167, 676.2163862292385]]]}, "properties": {"id": 624, "height_m": 3.0, "levels": 1, "category": "residencial", "extrude": true, "manzana_id": 16}}, {"type": "Feature", "geometry": {"type": "Polygon", "coordinates": [[[-482.40189844793844, 673.3220662290317], [-473.09687398252487, 676.9956262292486], [-477.40656952438974, 687.7936662292748], [-479.65936492120244, 693.582306229293], [-483.47932233349167, 691.801186229044], [-488.18080837922565, 689.6861062292428], [-486.3198034862821, 684.5653862291202], [-482.40189844793844, 686.2351862292547], [-481.03063168457044, 682.3389862292045], [-484.94853672291407, 680.5578662289555], [-482.40189844793844, 673.3220662290317]]]}, "properties": {"id": 625, "height_m": 3.0, "levels": 1, "category": "residencial", "extrude": true, "manzana_id": 16}}, {"type": "Feature", "geometry": {"type": "Polygon", "coordinates": [[[-483.47932233349167, 691.801186229044], [-479.65936492120244, 693.582306229293], [-481.912160318363, 699.3709462293111], [-485.53622247854383, 698.1464262292388], [-486.0259606084673, 697.5898262290622], [-483.47932233349167, 691.801186229044]]]}, "properties": {"id": 626, "height_m": 3.0, "levels": 1, "category": "residencial", "extrude": true, "manzana_id": 16}}, {"type": "Feature", "geometry": {"type": "Polygon", "coordinates": [[[-491.41308003588523, 698.9256662292489], [-490.33565615033206, 695.8087062292087], [-486.90748924191183, 697.144546229], [-487.69107024965024, 699.5935862291445], [-491.41308003588523, 698.9256662292489]]]}, "properties": {"id": 627, "height_m": 3.0, "levels": 1, "category": "residencial", "extrude": true, "manzana_id": 16}}, {"type": "Feature", "geometry": {"type": "Polygon", "coordinates": [[[-479.3655220433875, 692.9143862290018], [-476.81888376875986, 693.9162662292408], [-477.8963076543131, 697.033226229281], [-480.6388411810493, 696.0313462290421], [-479.65936492120244, 693.582306229293], [-479.3655220433875, 692.9143862290018]]]}, "properties": {"id": 628, "height_m": 3.0, "levels": 1, "category": "residencial", "extrude": true, "manzana_id": 16}}, {"type": "Feature", "geometry": {"type": "Polygon", "coordinates": [[[-469.66870707410476, 694.1389062290741], [-473.9784026159695, 692.3577862292207], [-473.09687398252487, 690.131386229305], [-473.8804549902632, 689.7974262289617], [-472.6071358526014, 686.2351862292547], [-467.31796405123777, 688.4615862291705], [-468.5912831885516, 691.4672262290962], [-469.66870707410476, 694.1389062290741]]]}, "properties": {"id": 629, "height_m": 9.0, "levels": 3, "category": "residencial", "extrude": true, "manzana_id": 16}}, {"type": "Feature", "geometry": {"type": "Polygon", "coordinates": [[[-465.8487496618153, 684.899346229068], [-467.2200164251834, 684.3427462292868], [-466.8282259213143, 683.340866229048], [-467.2200164251834, 683.1182262292145], [-471.6276595931025, 681.5597462291944], [-472.90097873041634, 681.0031462290178], [-473.29276923428546, 682.0050262292567], [-474.8599312497621, 681.3371062289656], [-473.09687398252487, 676.9956262292486], [-464.5754305245016, 680.4465462292366], [-464.0856923945782, 680.66918622907], [-464.2815876466867, 681.2257862292466], [-465.8487496618153, 684.899346229068]]]}, "properties": {"id": 630, "height_m": 3.0, "levels": 1, "category": "residencial", "extrude": true, "manzana_id": 16}}, {"type": "Feature", "geometry": {"type": "Polygon", "coordinates": [[[-469.66870707410476, 694.1389062290741], [-469.766654700159, 694.361546229303], [-472.90097873041634, 701.7086662289457], [-476.7209361427057, 701.1520662291646], [-477.30862189833545, 701.0407462290502], [-473.9784026159695, 692.3577862292207], [-469.66870707410476, 694.1389062290741]]]}, "properties": {"id": 631, "height_m": 3.0, "levels": 1, "category": "residencial", "extrude": true, "manzana_id": 16}}, {"type": "Feature", "geometry": {"type": "Polygon", "coordinates": [[[-473.8804549902632, 689.7974262289617], [-477.60246477649827, 688.350266229056], [-477.40656952438974, 687.7936662292748], [-474.8599312497621, 681.3371062289656], [-473.29276923428546, 682.0050262292567], [-472.90097873041634, 681.0031462290178], [-471.6276595931025, 681.5597462291944], [-467.2200164251834, 683.1182262292145], [-466.8282259213143, 683.340866229048], [-467.2200164251834, 684.3427462292868], [-465.8487496618153, 684.899346229068], [-465.94669728786965, 685.2333062290159], [-467.31796405123777, 688.4615862291705], [-472.6071358526014, 686.2351862292547], [-473.8804549902632, 689.7974262289617]]]}, "properties": {"id": 632, "height_m": 6.0, "levels": 2, "category": "residencial", "extrude": true, "manzana_id": 16}}, {"type": "Feature", "geometry": {"type": "Polygon", "coordinates": [[[-473.9784026159695, 692.3577862292207], [-478.4839934099429, 690.6879862290862], [-477.60246477649827, 688.350266229056], [-473.8804549902632, 689.7974262289617], [-473.09687398252487, 690.131386229305], [-473.9784026159695, 692.3577862292207]]]}, "properties": {"id": 633, "height_m": 3.0, "levels": 1, "category": "residencial", "extrude": true, "manzana_id": 16}}, {"type": "Feature", "geometry": {"type": "Polygon", "coordinates": [[[-465.06516865442507, 696.0313462290421], [-469.766654700159, 694.2502262291886], [-468.5912831885516, 691.4672262290962], [-467.31796405123777, 688.4615862291705], [-465.94669728786965, 685.2333062290159], [-464.2815876466867, 681.2257862292466], [-464.0856923945782, 680.66918622907], [-463.4980066389484, 680.8918262292989], [-455.1724584330337, 684.2314262291724], [-457.03346332597715, 689.0181862289517], [-457.13141095203144, 689.2408262291805], [-462.7144256315581, 687.0144262292648], [-464.8692734023164, 692.4691062289396], [-463.88979714281754, 692.8030662292829], [-465.06516865442507, 696.0313462290421]]]}, "properties": {"id": 634, "height_m": 3.0, "levels": 1, "category": "residencial", "extrude": true, "manzana_id": 16}}, {"type": "Feature", "geometry": {"type": "Polygon", "coordinates": [[[-460.363682608343, 697.7011462291766], [-465.06516865442507, 696.0313462290421], [-463.88979714281754, 692.8030662292829], [-464.8692734023164, 692.4691062289396], [-462.7144256315581, 687.0144262292648], [-457.13141095203144, 689.2408262291805], [-457.6211490819549, 690.6879862290862], [-459.9718921048219, 689.7974262289617], [-461.63700174600484, 694.2502262291886], [-459.38420634884415, 695.1407862293131], [-459.5801016009528, 695.8087062292087], [-460.363682608343, 697.7011462291766]]]}, "properties": {"id": 635, "height_m": 6.0, "levels": 2, "category": "residencial", "extrude": true, "manzana_id": 16}}, {"type": "Feature", "geometry": {"type": "Polygon", "coordinates": [[[-459.28625872313785, 704.1577062290903], [-461.14726361608143, 703.8237462291426], [-458.5026777153996, 697.2558662291144], [-456.64167282210803, 697.9237862290099], [-459.28625872313785, 704.1577062290903]]]}, "properties": {"id": 636, "height_m": 8.0, "levels": 0, "category": "residencial", "extrude": true, "manzana_id": 16}}, {"type": "Feature", "geometry": {"type": "Polygon", "coordinates": [[[-457.03346332597715, 689.0181862289517], [-455.1724584330337, 684.2314262291724], [-445.8674339672721, 688.0163062291082], [-447.9243341123242, 693.0257062291163], [-452.8217154101667, 705.2709062290483], [-459.28625872313785, 704.1577062290903], [-456.64167282210803, 697.9237862290099], [-454.38887742529533, 692.4691062289396], [-456.15193469253256, 691.689866229325], [-455.36835368479433, 689.6861062292428], [-457.03346332597715, 689.0181862289517]]]}, "properties": {"id": 637, "height_m": 3.0, "levels": 1, "category": "residencial", "extrude": true, "manzana_id": 16}}, {"type": "Feature", "geometry": {"type": "Polygon", "coordinates": [[[-437.6398333874116, 691.3559062289818], [-428.33480892165005, 695.1407862293131], [-433.72192834906804, 707.7199462291928], [-443.4187433186988, 706.9407062291828], [-443.6146385704594, 706.8293862290683], [-437.8357286391722, 691.2445862292628], [-437.6398333874116, 691.3559062289818]]]}, "properties": {"id": 638, "height_m": 3.0, "levels": 1, "category": "restauracion", "extrude": true, "manzana_id": 35}}, {"type": "Feature", "geometry": {"type": "Polygon", "coordinates": [[[-426.6696992804671, 708.7218262290362], [-424.7107467614693, 704.2690262292048], [-422.8497418681778, 705.0482662292148], [-424.2210086315458, 709.1671062290984], [-426.6696992804671, 708.7218262290362]]]}, "properties": {"id": 639, "height_m": 6.0, "levels": 2, "category": "residencial", "extrude": true, "manzana_id": 35}}, {"type": "Feature", "geometry": {"type": "Polygon", "coordinates": [[[-433.72192834906804, 707.7199462291928], [-428.33480892165005, 695.1407862293131], [-409.03912660879075, 702.933186229018], [-411.87960776158116, 710.948226228952], [-424.2210086315458, 709.1671062290984], [-422.8497418681778, 705.0482662292148], [-424.7107467614693, 704.2690262292048], [-426.6696992804671, 703.4897862291948], [-428.62865179946493, 708.4991862292029], [-433.72192834906804, 707.7199462291928]]]}, "properties": {"id": 640, "height_m": 3.0, "levels": 1, "category": "restauracion", "extrude": true, "manzana_id": 35}}, {"type": "Feature", "geometry": {"type": "Polygon", "coordinates": [[[-496.6043042111947, 698.0351062291244], [-497.09404234111815, 697.9237862290099], [-501.69758076079785, 697.144546229], [-500.32631399742974, 693.2483462289497], [-499.1509424861702, 689.9087462290761], [-494.84124694430545, 691.689866229325], [-494.5474040661425, 690.5766662289717], [-494.2535611883277, 690.0200662291905], [-493.372032554883, 687.459706229327], [-488.18080837922565, 689.6861062292428], [-489.94386564646294, 694.8068262289698], [-490.0418132725171, 695.0294662291986], [-492.000765791515, 694.472866229022], [-492.2946086693298, 695.9200262293232], [-495.5268803259894, 695.252106229032], [-496.6043042111947, 698.0351062291244]]]}, "properties": {"id": 641, "height_m": 6.0, "levels": 2, "category": "residencial", "extrude": true, "manzana_id": 16}}, {"type": "Feature", "geometry": {"type": "Polygon", "coordinates": [[[-490.0418132725171, 695.0294662291986], [-490.33565615033206, 695.8087062292087], [-491.41308003588523, 698.9256662292489], [-496.6043042111947, 698.0351062291244], [-495.5268803259894, 695.252106229032], [-492.2946086693298, 695.9200262293232], [-492.000765791515, 694.472866229022], [-490.0418132725171, 695.0294662291986]]]}, "properties": {"id": 642, "height_m": 9.0, "levels": 3, "category": "residencial", "extrude": true, "manzana_id": 16}}, {"type": "Feature", "geometry": {"type": "Polygon", "coordinates": [[[-376.9123052960434, 724.8632262290184], [-376.9123052960434, 720.9670262289682], [-366.43190931902234, 724.640586229185], [-367.6072808302818, 727.7575462292252], [-367.80317608239034, 728.3141462290064], [-368.2929142119658, 728.091506229173], [-376.9123052960434, 724.8632262290184]]]}, "properties": {"id": 643, "height_m": 3.0, "levels": 1, "category": "restauracion", "extrude": true, "manzana_id": 35}}, {"type": "Feature", "geometry": {"type": "Polygon", "coordinates": [[[-376.9123052960434, 724.8632262290184], [-368.2929142119658, 728.091506229173], [-367.80317608239034, 728.3141462290064], [-367.999071334151, 728.870746229183], [-371.9169763724946, 739.1121862290327], [-375.5410385326753, 739.6687862292093], [-376.81435766998914, 737.7763462292414], [-376.9123052960434, 724.8632262290184]]]}, "properties": {"id": 644, "height_m": 6.0, "levels": 2, "category": "residencial", "extrude": true, "manzana_id": 35}}, {"type": "Feature", "geometry": {"type": "Polygon", "coordinates": [[[-460.65752548650596, 708.3878662290884], [-460.0698397305282, 708.4991862292029], [-459.8739444787676, 708.4991862292029], [-459.6780492266591, 708.4991862292029], [-459.4821539748985, 708.4991862292029], [-459.38420634884415, 708.6105062293173], [-459.38420634884415, 708.6105062293173], [-455.956039440424, 709.1671062290984], [-455.4663013108485, 714.9557462291166], [-460.363682608343, 715.17838622895], [-460.65752548650596, 708.3878662290884]]]}, "properties": {"id": 645, "height_m": 3.0, "levels": 1, "category": "residencial", "extrude": true, "manzana_id": 16}}, {"type": "Feature", "geometry": {"type": "Polygon", "coordinates": [[[-443.3207956926445, 720.2991062290725], [-443.90848144827424, 714.7331062292833], [-437.5418857613574, 714.287826229221], [-437.8357286391722, 712.0614262293053], [-434.6034569828606, 712.506706228972], [-433.72192834906804, 719.408546228948], [-443.3207956926445, 720.2991062290725]]]}, "properties": {"id": 646, "height_m": 8.0, "levels": 0, "category": "residencial", "extrude": true, "manzana_id": 35}}, {"type": "Feature", "geometry": {"type": "Polygon", "coordinates": [[[-433.81987597512233, 744.0102662293218], [-440.77415741766896, 744.6781862292174], [-441.85158130322213, 734.2141062291389], [-437.73778101311797, 733.7688262290767], [-437.24804288354244, 738.3329462290226], [-434.50550935680633, 737.9989862290747], [-433.81987597512233, 744.0102662293218]]]}, "properties": {"id": 647, "height_m": 3.0, "levels": 1, "category": "residencial", "extrude": true, "manzana_id": 36}}, {"type": "Feature", "geometry": {"type": "Polygon", "coordinates": [[[-434.6034569828606, 712.506706228972], [-430.29376144064787, 713.1746262292631], [-429.4122328072032, 720.1877862289581], [-433.62398072301374, 720.8557062292492], [-434.6034569828606, 712.506706228972]]]}, "properties": {"id": 648, "height_m": 3.0, "levels": 1, "category": "residencial", "extrude": true, "manzana_id": 35}}, {"type": "Feature", "geometry": {"type": "Polygon", "coordinates": [[[-428.82454705157346, 713.508586229211], [-424.3189562576001, 714.1765062291065], [-423.4374276241555, 721.3009862293114], [-427.7471231660203, 721.968906229207], [-428.82454705157346, 713.508586229211]]]}, "properties": {"id": 649, "height_m": 3.0, "levels": 1, "category": "residencial", "extrude": true, "manzana_id": 35}}, {"type": "Feature", "geometry": {"type": "Polygon", "coordinates": [[[-417.0708319368906, 725.0858662292472], [-418.34415107455237, 714.8444262290022], [-412.5652411432652, 715.4010262291788], [-412.76113639502586, 719.5198662290625], [-412.27139826545033, 719.408546228948], [-411.48781725771204, 725.6424662290284], [-407.2760693415536, 725.1971862289662], [-407.1781217158472, 725.8651062292573], [-406.00275020423976, 734.7707062293157], [-405.9048025781854, 735.3273062290968], [-407.1781217158472, 735.5499462293257], [-407.2760693415536, 734.993346229149], [-407.765807471477, 731.7650662289943], [-408.0596503492918, 729.3160262292453], [-408.25554560105246, 727.5349062289963], [-416.58109380731514, 728.6481062289542], [-416.87493668512997, 726.5330262291529], [-413.152926898895, 726.1990662292051], [-413.25087452494927, 724.640586229185], [-417.0708319368906, 725.0858662292472]]]}, "properties": {"id": 650, "height_m": 6.0, "levels": 2, "category": "residencial", "extrude": true, "manzana_id": 35}}, {"type": "Feature", "geometry": {"type": "Polygon", "coordinates": [[[-409.8227076165291, 741.895186229125], [-410.3124457461045, 738.3329462290226], [-406.88427883768435, 737.8876662289604], [-407.1781217158472, 735.5499462293257], [-405.9048025781854, 735.3273062290968], [-405.7089073264249, 736.6631462292835], [-405.0232739447409, 741.4499062290628], [-406.5904359598695, 741.5612262291772], [-409.13707423484504, 741.7838662290105], [-409.23502186055134, 741.7838662290105], [-409.8227076165291, 741.895186229125]]]}, "properties": {"id": 651, "height_m": 3.0, "levels": 1, "category": "residencial", "extrude": true, "manzana_id": 35}}, {"type": "Feature", "geometry": {"type": "Polygon", "coordinates": [[[-407.5699122193684, 722.9707862290504], [-411.09602675384286, 722.9707862290504], [-411.3898696316577, 720.2991062290725], [-407.9617027232376, 720.4104262291869], [-407.6678598454227, 722.5255062289882], [-407.6678598454227, 722.6368262291027], [-407.5699122193684, 722.9707862290504]]]}, "properties": {"id": 652, "height_m": 3.0, "levels": 1, "category": "residencial", "extrude": true, "manzana_id": 35}}, {"type": "Feature", "geometry": {"type": "Polygon", "coordinates": [[[-412.27139826545033, 719.408546228948], [-412.76113639502586, 719.5198662290625], [-412.5652411432652, 715.4010262291788], [-408.5493884792153, 715.8463062292411], [-408.0596503492918, 719.6311862291769], [-412.27139826545033, 719.408546228948]]]}, "properties": {"id": 653, "height_m": 3.0, "levels": 1, "category": "residencial", "extrude": true, "manzana_id": 35}}, {"type": "Feature", "geometry": {"type": "Polygon", "coordinates": [[[-409.8227076165291, 741.895186229125], [-414.9159841661322, 742.3404662291873], [-415.4057222957077, 737.8876662289604], [-415.6016175478162, 736.5518262291691], [-407.1781217158472, 735.5499462293257], [-406.88427883768435, 737.8876662289604], [-410.3124457461045, 738.3329462290226], [-409.8227076165291, 741.895186229125]]]}, "properties": {"id": 654, "height_m": 6.0, "levels": 2, "category": "residencial", "extrude": true, "manzana_id": 35}}, {"type": "Feature", "geometry": {"type": "Polygon", "coordinates": [[[-415.6016175478162, 736.5518262291691], [-415.69956517352256, 736.1065462291069], [-407.2760693415536, 734.993346229149], [-407.1781217158472, 735.5499462293257], [-415.6016175478162, 736.5518262291691]]]}, "properties": {"id": 655, "height_m": 9.0, "levels": 3, "category": "residencial", "extrude": true, "manzana_id": 35}}, {"type": "Feature", "geometry": {"type": "Polygon", "coordinates": [[[-415.69956517352256, 736.1065462291069], [-415.69956517352256, 735.8839062292735], [-416.09135567739173, 732.7669462292333], [-407.765807471477, 731.7650662289943], [-407.2760693415536, 734.993346229149], [-415.69956517352256, 736.1065462291069]]]}, "properties": {"id": 656, "height_m": 12.0, "levels": 4, "category": "residencial", "extrude": true, "manzana_id": 35}}, {"type": "Feature", "geometry": {"type": "Polygon", "coordinates": [[[-416.09135567739173, 732.7669462292333], [-416.09135567739173, 732.5443062290044], [-416.18930330344597, 731.9877062292232], [-412.5652411432652, 731.542426229161], [-412.76113639502586, 729.8726262290265], [-408.0596503492918, 729.3160262292453], [-407.765807471477, 731.7650662289943], [-416.09135567739173, 732.7669462292333]]]}, "properties": {"id": 657, "height_m": 3.0, "levels": 1, "category": "residencial", "extrude": true, "manzana_id": 35}}, {"type": "Feature", "geometry": {"type": "Polygon", "coordinates": [[[-416.18930330344597, 731.9877062292232], [-416.58109380731514, 728.6481062289542], [-408.25554560105246, 727.5349062289963], [-408.0596503492918, 729.3160262292453], [-412.76113639502586, 729.8726262290265], [-412.5652411432652, 731.542426229161], [-416.18930330344597, 731.9877062292232]]]}, "properties": {"id": 658, "height_m": 9.0, "levels": 3, "category": "residencial", "extrude": true, "manzana_id": 35}}, {"type": "Feature", "geometry": {"type": "Polygon", "coordinates": [[[-416.87493668512997, 726.5330262291529], [-417.0708319368906, 725.0858662292472], [-413.25087452494927, 724.640586229185], [-413.152926898895, 726.1990662292051], [-416.87493668512997, 726.5330262291529]]]}, "properties": {"id": 659, "height_m": 9.0, "levels": 3, "category": "residencial", "extrude": true, "manzana_id": 35}}, {"type": "Feature", "geometry": {"type": "Polygon", "coordinates": [[[-391.604449189223, 740.2253862289905], [-405.0232739447409, 741.4499062290628], [-406.00275020423976, 734.7707062293157], [-407.1781217158472, 725.8651062292573], [-407.6678598454227, 722.6368262291027], [-408.5493884792153, 715.8463062292411], [-394.7387732194803, 717.8500662293234], [-391.604449189223, 740.2253862289905]]]}, "properties": {"id": 660, "height_m": 3.0, "levels": 1, "category": "residencial", "extrude": true, "manzana_id": 35}}, {"type": "Feature", "geometry": {"type": "Polygon", "coordinates": [[[-383.2789009829603, 724.4179462289561], [-382.7891628533848, 734.3254262292534], [-387.09885839524964, 734.3254262292534], [-390.9188158075389, 734.5480662290868], [-392.6818730744282, 721.4123062290304], [-387.882439402988, 721.968906229207], [-387.5885965248251, 724.4179462289561], [-383.2789009829603, 724.4179462289561]]]}, "properties": {"id": 661, "height_m": 6.0, "levels": 2, "category": "residencial", "extrude": true, "manzana_id": 35}}, {"type": "Feature", "geometry": {"type": "Polygon", "coordinates": [[[-387.882439402988, 721.968906229207], [-383.3768486090146, 722.3028662291549], [-383.2789009829603, 724.4179462289561], [-387.5885965248251, 724.4179462289561], [-387.882439402988, 721.968906229207]]]}, "properties": {"id": 662, "height_m": 6.0, "levels": 2, "category": "restauracion", "extrude": true, "manzana_id": 35}}, {"type": "Feature", "geometry": {"type": "Polygon", "coordinates": [[[-389.253706166356, 740.0027462291571], [-389.3516537920623, 735.6612662290446], [-383.4747962350689, 735.5499462293257], [-383.4747962350689, 739.8914262290427], [-388.86191566248687, 740.0027462291571], [-388.86191566248687, 740.0027462291571], [-389.253706166356, 740.0027462291571]]]}, "properties": {"id": 663, "height_m": 3.0, "levels": 1, "category": "residencial", "extrude": true, "manzana_id": 35}}, {"type": "Feature", "geometry": {"type": "Polygon", "coordinates": [[[-493.56792780664364, 556.1021062291586], [-497.387885218933, 554.7662662289719], [-504.146271409719, 552.0945862289939], [-505.22369529527225, 551.7606262290461], [-507.6723859441934, 550.8700662293171], [-516.4876722800316, 525.8230662292766], [-498.3673614784319, 532.8362262289716], [-487.98491312746506, 536.8437462291363], [-492.0987134175693, 547.0851862289858], [-490.23770852427776, 547.8644262289959], [-493.56792780664364, 556.1021062291586]]]}, "properties": {"id": 664, "height_m": 3.0, "levels": 1, "category": "residencial", "extrude": true, "manzana_id": 28}}, {"type": "Feature", "geometry": {"type": "Polygon", "coordinates": [[[-485.73211773065236, 550.7587462292026], [-490.0418132725171, 548.8663062292347], [-488.18080837922565, 544.302186229289], [-484.0670080891215, 546.0833062291424], [-484.45879859299066, 547.3078262292147], [-485.73211773065236, 550.7587462292026]]]}, "properties": {"id": 665, "height_m": 9.0, "levels": 3, "category": "residencial", "extrude": true, "manzana_id": 28}}, {"type": "Feature", "geometry": {"type": "Polygon", "coordinates": [[[-485.73211773065236, 550.7587462292026], [-485.92801298241295, 551.4266662290983], [-488.4746512570406, 558.105866229241], [-492.2946086693298, 556.6587062289398], [-493.56792780664364, 556.1021062291586], [-490.23770852427776, 547.8644262289959], [-492.0987134175693, 547.0851862289858], [-487.98491312746506, 536.8437462291363], [-486.5156987380427, 537.4003462293128], [-481.5203698144939, 539.2927862292809], [-482.9895842039162, 543.188986229331], [-484.0670080891215, 546.0833062291424], [-488.18080837922565, 544.302186229289], [-490.0418132725171, 548.8663062292347], [-485.73211773065236, 550.7587462292026]]]}, "properties": {"id": 666, "height_m": 6.0, "levels": 2, "category": "residencial", "extrude": true, "manzana_id": 28}}, {"type": "Feature", "geometry": {"type": "Polygon", "coordinates": [[[-485.92801298241295, 551.4266662290983], [-484.3608509672843, 551.9832662292749], [-479.2675744176812, 553.9870262289618], [-478.67988866170344, 554.2096662291907], [-478.87578391381203, 554.6549462292529], [-480.93268405886414, 560.4435862292711], [-481.12857931062473, 560.8888662289378], [-481.6183174405482, 560.6662262291045], [-482.79368895180767, 560.3322662291566], [-487.29927974578106, 558.5511462293032], [-488.4746512570406, 558.105866229241], [-485.92801298241295, 551.4266662290983]]]}, "properties": {"id": 667, "height_m": 3.0, "levels": 1, "category": "residencial", "extrude": true, "manzana_id": 28}}, {"type": "Feature", "geometry": {"type": "Polygon", "coordinates": [[[-482.9895842039162, 543.188986229331], [-481.5203698144939, 539.2927862292809], [-471.82355484521116, 543.0776662292167], [-474.468140745893, 549.8681862290782], [-478.3860457838886, 548.0870662292248], [-479.3655220433875, 550.8700662293171], [-475.34966937933757, 552.3172262292228], [-476.42709326489074, 555.1002262293151], [-478.190150532128, 554.4323062290241], [-478.67988866170344, 554.2096662291907], [-479.2675744176812, 553.9870262289618], [-484.3608509672843, 551.9832662292749], [-481.32447456273326, 543.8569062292266], [-482.9895842039162, 543.188986229331]]]}, "properties": {"id": 668, "height_m": 3.0, "levels": 1, "category": "residencial", "extrude": true, "manzana_id": 28}}, {"type": "Feature", "geometry": {"type": "Polygon", "coordinates": [[[-471.82355484521116, 543.0776662292167], [-462.7144256315581, 546.6399062293191], [-464.1836400206325, 550.7587462292026], [-465.26106390618565, 550.4247862292549], [-466.24054016568454, 553.7643862291284], [-470.0604975779739, 552.4285462289417], [-472.5091882268951, 559.2190662291988], [-477.30862189833545, 557.3266262292309], [-476.42709326489074, 555.1002262293151], [-475.34966937933757, 552.3172262292228], [-471.82355484521116, 553.8757062292428], [-471.1379214635271, 551.7606262290461], [-474.07635024202386, 550.5361062289738], [-474.6640359976535, 550.4247862292549], [-474.468140745893, 549.8681862290782], [-471.82355484521116, 543.0776662292167]]]}, "properties": {"id": 669, "height_m": 3.0, "levels": 1, "category": "residencial", "extrude": true, "manzana_id": 28}}, {"type": "Feature", "geometry": {"type": "Polygon", "coordinates": [[[-458.30678246363897, 559.664346229261], [-456.8375680742167, 560.3322662291566], [-458.30678246363897, 564.2284662292069], [-458.992415845323, 566.2322262292892], [-462.2246875016346, 564.8963862291025], [-461.14726361608143, 561.6681062289479], [-459.28625872313785, 562.2247062291245], [-458.30678246363897, 559.664346229261]]]}, "properties": {"id": 670, "height_m": 6.0, "levels": 2, "category": "residencial", "extrude": true, "manzana_id": 28}}, {"type": "Feature", "geometry": {"type": "Polygon", "coordinates": [[[-462.7144256315581, 546.6399062293191], [-453.1155582879816, 550.3134662291404], [-455.4663013108485, 556.7700262290542], [-456.8375680742167, 560.3322662291566], [-458.30678246363897, 559.664346229261], [-460.16778735658255, 558.9964262289699], [-461.14726361608143, 561.6681062289479], [-462.2246875016346, 564.8963862291025], [-463.008268509373, 564.5624262291547], [-466.43643541779306, 563.1152662292491], [-465.4569591579462, 561.334146229], [-466.3384877917389, 561.0001862290522], [-463.59595426500266, 554.2096662291907], [-465.26106390618565, 553.7643862291284], [-464.1836400206325, 550.7587462292026], [-462.7144256315581, 546.6399062293191]]]}, "properties": {"id": 671, "height_m": 3.0, "levels": 1, "category": "residencial", "extrude": true, "manzana_id": 28}}, {"type": "Feature", "geometry": {"type": "Polygon", "coordinates": [[[-463.008268509373, 564.5624262291547], [-462.2246875016346, 564.8963862291025], [-458.992415845323, 566.2322262292892], [-460.16778735658255, 569.237866229215], [-463.40005901289413, 567.9020262290283], [-464.0856923945782, 567.6793862291948], [-463.008268509373, 564.5624262291547]]]}, "properties": {"id": 672, "height_m": 3.0, "levels": 1, "category": "residencial", "extrude": true, "manzana_id": 28}}, {"type": "Feature", "geometry": {"type": "Polygon", "coordinates": [[[-453.1155582879816, 550.3134662291404], [-443.90848144827424, 553.8757062292428], [-445.27974821164236, 557.7719062292931], [-446.25922447114124, 557.5492662290642], [-448.60996749400823, 564.3397862293214], [-452.03813440242845, 563.0039462291346], [-453.7032440436113, 562.5586662290723], [-452.13608202848263, 558.2171862289599], [-455.4663013108485, 556.7700262290542], [-453.1155582879816, 550.3134662291404]]]}, "properties": {"id": 673, "height_m": 3.0, "levels": 1, "category": "residencial", "extrude": true, "manzana_id": 28}}, {"type": "Feature", "geometry": {"type": "Polygon", "coordinates": [[[-456.8375680742167, 560.3322662291566], [-455.4663013108485, 556.7700262290542], [-452.13608202848263, 558.2171862289599], [-453.7032440436113, 562.5586662290723], [-452.03813440242845, 563.0039462291346], [-453.60529641755704, 567.0114662292992], [-458.30678246363897, 564.2284662292069], [-456.8375680742167, 560.3322662291566]]]}, "properties": {"id": 674, "height_m": 3.0, "levels": 1, "category": "residencial", "extrude": true, "manzana_id": 28}}, {"type": "Feature", "geometry": {"type": "Polygon", "coordinates": [[[-445.27974821164236, 557.7719062292931], [-443.90848144827424, 553.8757062292428], [-434.2116664789915, 557.6605862291786], [-435.5829332423595, 561.334146229], [-437.0521476314339, 560.7775462292188], [-440.77415741766896, 571.6869062289641], [-449.197653249638, 568.5699462293194], [-445.27974821164236, 557.7719062292931]]]}, "properties": {"id": 675, "height_m": 3.0, "levels": 1, "category": "residencial", "extrude": true, "manzana_id": 28}}, {"type": "Feature", "geometry": {"type": "Polygon", "coordinates": [[[-421.77231798262454, 579.7019462292934], [-416.67904143336943, 581.5943862292613], [-416.28725092950026, 581.7057062289803], [-417.560570066814, 585.2679462290827], [-423.14358474599265, 583.3755062291148], [-421.77231798262454, 579.7019462292934]]]}, "properties": {"id": 676, "height_m": 6.0, "levels": 2, "category": "residencial", "extrude": true, "manzana_id": 28}}, {"type": "Feature", "geometry": {"type": "Polygon", "coordinates": [[[-416.09135567739173, 564.6737462292691], [-406.49248833416317, 568.3473062290905], [-407.9617027232376, 572.0208662293073], [-409.5288647387142, 571.5755862292451], [-410.99807912778857, 576.3623462290243], [-414.4262460362088, 575.137826228952], [-416.67904143336943, 581.5943862292613], [-421.77231798262454, 579.7019462292934], [-416.09135567739173, 564.6737462292691]]]}, "properties": {"id": 677, "height_m": 3.0, "levels": 1, "category": "residencial", "extrude": true, "manzana_id": 28}}, {"type": "Feature", "geometry": {"type": "Polygon", "coordinates": [[[-407.9617027232376, 572.0208662293073], [-406.49248833416317, 568.3473062290905], [-398.0689925018462, 571.5755862292451], [-397.08951624234726, 572.688786229203], [-397.7751496240313, 574.4699062290565], [-403.84790243313336, 572.2435062291407], [-404.72943106692594, 574.6925462292853], [-408.35349322710675, 573.2453862289842], [-407.9617027232376, 572.0208662293073]]]}, "properties": {"id": 678, "height_m": 6.0, "levels": 2, "category": "residencial", "extrude": true, "manzana_id": 28}}, {"type": "Feature", "geometry": {"type": "Polygon", "coordinates": [[[-404.72943106692594, 574.6925462292853], [-403.84790243313336, 572.2435062291407], [-397.7751496240313, 574.4699062290565], [-398.7546258835302, 577.0302662293154], [-404.72943106692594, 574.6925462292853]]]}, "properties": {"id": 679, "height_m": 9.0, "levels": 3, "category": "residencial", "extrude": true, "manzana_id": 28}}, {"type": "Feature", "geometry": {"type": "Polygon", "coordinates": [[[-400.71357840287607, 582.0396662293235], [-400.9094736546366, 582.4849462289903], [-403.94585005918765, 590.4999862293197], [-409.33296948660563, 588.3849062291229], [-410.99807912778857, 587.6056662291128], [-413.5447174027641, 586.6037862292694], [-410.4103933721588, 578.5887462289401], [-410.3124457461045, 578.1434662292734], [-400.71357840287607, 582.0396662293235]]]}, "properties": {"id": 680, "height_m": 3.0, "levels": 1, "category": "residencial", "extrude": true, "manzana_id": 28}}, {"type": "Feature", "geometry": {"type": "Polygon", "coordinates": [[[-400.71357840287607, 582.0396662293235], [-410.3124457461045, 578.1434662292734], [-408.35349322710675, 573.2453862289842], [-404.72943106692594, 574.6925462292853], [-398.7546258835302, 577.0302662293154], [-400.71357840287607, 582.0396662293235]]]}, "properties": {"id": 681, "height_m": 6.0, "levels": 2, "category": "residencial", "extrude": true, "manzana_id": 28}}, {"type": "Feature", "geometry": {"type": "Polygon", "coordinates": [[[-417.9523605706832, 598.0697462291913], [-413.34882215065556, 599.8508662290448], [-411.19397437989716, 600.6301062290548], [-414.03445553233956, 608.199866229322], [-420.7928417231256, 605.4168662292295], [-417.9523605706832, 598.0697462291913]]]}, "properties": {"id": 682, "height_m": 3.0, "levels": 1, "category": "residencial", "extrude": true, "manzana_id": 28}}, {"type": "Feature", "geometry": {"type": "Polygon", "coordinates": [[[-410.802183876028, 592.9490262290687], [-405.7089073264249, 595.0641062292655], [-408.25554560105246, 601.7433062290127], [-411.19397437989716, 600.6301062290548], [-413.34882215065556, 599.8508662290448], [-411.6837125094726, 595.2867462290989], [-410.802183876028, 592.9490262290687]]]}, "properties": {"id": 683, "height_m": 6.0, "levels": 2, "category": "residencial", "extrude": true, "manzana_id": 28}}, {"type": "Feature", "geometry": {"type": "Polygon", "coordinates": [[[-415.3077746700014, 591.1679062292153], [-410.802183876028, 592.9490262290687], [-411.6837125094726, 595.2867462290989], [-416.18930330344597, 593.2829862290166], [-415.3077746700014, 591.1679062292153]]]}, "properties": {"id": 684, "height_m": 3.0, "levels": 1, "category": "residencial", "extrude": true, "manzana_id": 28}}, {"type": "Feature", "geometry": {"type": "Polygon", "coordinates": [[[-409.33296948660563, 588.3849062291229], [-403.94585005918765, 590.4999862293197], [-405.7089073264249, 595.0641062292655], [-410.802183876028, 592.9490262290687], [-409.33296948660563, 588.3849062291229]]]}, "properties": {"id": 685, "height_m": 3.0, "levels": 1, "category": "residencial", "extrude": true, "manzana_id": 28}}, {"type": "Feature", "geometry": {"type": "Polygon", "coordinates": [[[-411.19397437989716, 600.6301062290548], [-408.25554560105246, 601.7433062290127], [-411.19397437989716, 609.4243862289987], [-414.03445553233956, 608.199866229322], [-411.19397437989716, 600.6301062290548]]]}, "properties": {"id": 686, "height_m": 6.0, "levels": 2, "category": "residencial", "extrude": true, "manzana_id": 28}}, {"type": "Feature", "geometry": {"type": "Polygon", "coordinates": [[[-427.1594374103905, 594.2848662292555], [-422.36000373860224, 596.1773062292234], [-423.5353752498618, 599.6282262292114], [-428.04096604383517, 598.1810662293058], [-428.5307041734106, 598.0697462291913], [-428.33480892165005, 597.624466229129], [-427.1594374103905, 594.2848662292555]]]}, "properties": {"id": 687, "height_m": 6.0, "levels": 2, "category": "residencial", "extrude": true, "manzana_id": 28}}, {"type": "Feature", "geometry": {"type": "Polygon", "coordinates": [[[-422.36000373860224, 596.1773062292234], [-421.18463222699484, 592.9490262290687], [-416.58109380731514, 594.5075062290889], [-417.9523605706832, 598.0697462291913], [-420.7928417231256, 605.4168662292295], [-429.9019709367787, 601.7433062290127], [-428.7265994255192, 598.6263462289725], [-428.5307041734106, 598.0697462291913], [-428.04096604383517, 598.1810662293058], [-423.5353752498618, 599.6282262292114], [-422.36000373860224, 596.1773062292234]]]}, "properties": {"id": 688, "height_m": 3.0, "levels": 1, "category": "residencial", "extrude": true, "manzana_id": 28}}, {"type": "Feature", "geometry": {"type": "Polygon", "coordinates": [[[-433.62398072301374, 582.2623062291569], [-428.82454705157346, 584.0434262290104], [-431.6650282040159, 592.1697862290587], [-436.36651424974986, 590.3886662292052], [-433.62398072301374, 582.2623062291569]]]}, "properties": {"id": 689, "height_m": 6.0, "levels": 2, "category": "residencial", "extrude": true, "manzana_id": 28}}, {"type": "Feature", "geometry": {"type": "Polygon", "coordinates": [[[-438.7172572726169, 580.7038262291369], [-433.62398072301374, 582.2623062291569], [-436.36651424974986, 590.3886662292052], [-441.3618431736467, 588.6075462289563], [-438.7172572726169, 580.7038262291369]]]}, "properties": {"id": 690, "height_m": 6.0, "levels": 2, "category": "residencial", "extrude": true, "manzana_id": 28}}, {"type": "Feature", "geometry": {"type": "Polygon", "coordinates": [[[-443.3207956926445, 578.9227062292833], [-438.7172572726169, 580.7038262291369], [-441.3618431736467, 588.6075462289563], [-446.16127684508695, 586.8264262291028], [-443.3207956926445, 578.9227062292833]]]}, "properties": {"id": 691, "height_m": 6.0, "levels": 2, "category": "residencial", "extrude": true, "manzana_id": 28}}, {"type": "Feature", "geometry": {"type": "Polygon", "coordinates": [[[-448.3161246161933, 577.0302662293154], [-443.3207956926445, 578.9227062292833], [-446.16127684508695, 586.8264262291028], [-451.25455339469005, 584.9339862291349], [-448.3161246161933, 577.0302662293154]]]}, "properties": {"id": 692, "height_m": 6.0, "levels": 2, "category": "residencial", "extrude": true, "manzana_id": 28}}, {"type": "Feature", "geometry": {"type": "Polygon", "coordinates": [[[-453.80119166966557, 576.9189462292011], [-453.21350591403586, 575.2491462290665], [-448.3161246161933, 577.0302662293154], [-451.25455339469005, 584.9339862291349], [-456.15193469253256, 583.041546229167], [-455.66219656260915, 581.5943862292613], [-453.80119166966557, 576.9189462292011]]]}, "properties": {"id": 693, "height_m": 6.0, "levels": 2, "category": "residencial", "extrude": true, "manzana_id": 28}}, {"type": "Feature", "geometry": {"type": "Polygon", "coordinates": [[[-466.8282259213143, 577.5868662290966], [-458.6006253414539, 580.4811862293035], [-460.4616302343974, 585.713226229145], [-468.68923081460576, 582.7075862292191], [-466.8282259213143, 577.5868662290966]]]}, "properties": {"id": 694, "height_m": 6.0, "levels": 2, "category": "residencial", "extrude": true, "manzana_id": 28}}, {"type": "Feature", "geometry": {"type": "Polygon", "coordinates": [[[-465.06516865442507, 572.688786229203], [-456.93551570027086, 575.6944262291288], [-458.6006253414539, 580.4811862293035], [-466.8282259213143, 577.5868662290966], [-465.06516865442507, 572.688786229203]]]}, "properties": {"id": 695, "height_m": 6.0, "levels": 2, "category": "residencial", "extrude": true, "manzana_id": 28}}, {"type": "Feature", "geometry": {"type": "Polygon", "coordinates": [[[-463.40005901289413, 567.9020262290283], [-460.16778735658255, 569.237866229215], [-455.27040605908803, 571.1303062291829], [-456.93551570027086, 575.6944262291288], [-465.06516865442507, 572.688786229203], [-463.40005901289413, 567.9020262290283]]]}, "properties": {"id": 696, "height_m": 6.0, "levels": 2, "category": "residencial", "extrude": true, "manzana_id": 28}}, {"type": "Feature", "geometry": {"type": "Polygon", "coordinates": [[[-478.9737315395184, 561.7794262290623], [-478.67988866170344, 561.8907462291768], [-471.6276595931025, 564.5624262291547], [-473.3907168603398, 569.4605062290484], [-480.83473643280985, 566.677506228956], [-479.3655220433875, 562.1133862290101], [-478.9737315395184, 561.7794262290623]]]}, "properties": {"id": 697, "height_m": 6.0, "levels": 2, "category": "residencial", "extrude": true, "manzana_id": 28}}, {"type": "Feature", "geometry": {"type": "Polygon", "coordinates": [[[-480.83473643280985, 566.677506228956], [-473.3907168603398, 569.4605062290484], [-475.15377412757704, 574.5812262291709], [-482.4998460739928, 571.6869062289641], [-480.83473643280985, 566.677506228956]]]}, "properties": {"id": 698, "height_m": 6.0, "levels": 2, "category": "residencial", "extrude": true, "manzana_id": 28}}, {"type": "Feature", "geometry": {"type": "Polygon", "coordinates": [[[-482.4998460739928, 571.6869062289641], [-475.15377412757704, 574.5812262291709], [-476.81888376875986, 579.4793062290646], [-484.1649557151757, 576.6963062289722], [-482.4998460739928, 571.6869062289641]]]}, "properties": {"id": 699, "height_m": 6.0, "levels": 2, "category": "residencial", "extrude": true, "manzana_id": 28}}, {"type": "Feature", "geometry": {"type": "Polygon", "coordinates": [[[-488.7684941352034, 562.7813062293012], [-484.7526414708055, 564.2284662292069], [-484.26290334123, 564.4511062290403], [-484.45879859299066, 564.8963862291025], [-484.55674621904484, 565.2303462290503], [-486.3198034862821, 570.2397462290584], [-487.20133211972677, 572.5774662290885], [-491.70692291370017, 570.907666228954], [-488.7684941352034, 562.7813062293012]]]}, "properties": {"id": 700, "height_m": 6.0, "levels": 2, "category": "residencial", "extrude": true, "manzana_id": 28}}, {"type": "Feature", "geometry": {"type": "Polygon", "coordinates": [[[-493.8617706848066, 560.7775462292188], [-488.7684941352034, 562.7813062293012], [-491.70692291370017, 570.907666228954], [-496.8981470893575, 569.0152262289861], [-493.8617706848066, 560.7775462292188]]]}, "properties": {"id": 701, "height_m": 6.0, "levels": 2, "category": "residencial", "extrude": true, "manzana_id": 28}}, {"type": "Feature", "geometry": {"type": "Polygon", "coordinates": [[[-498.95504723406157, 558.9964262289699], [-498.3673614784319, 559.2190662291988], [-493.8617706848066, 560.7775462292188], [-496.8981470893575, 569.0152262289861], [-501.8934760129064, 567.1227862290182], [-499.0529948601159, 559.5530262291466], [-498.95504723406157, 558.9964262289699]]]}, "properties": {"id": 702, "height_m": 6.0, "levels": 2, "category": "residencial", "extrude": true, "manzana_id": 28}}, {"type": "Feature", "geometry": {"type": "Polygon", "coordinates": [[[-491.5110276615915, 584.0434262290104], [-489.8459180204086, 578.7000662290545], [-481.912160318363, 581.5943862292613], [-483.57726995954596, 586.7151062289884], [-491.5110276615915, 584.0434262290104]]]}, "properties": {"id": 703, "height_m": 6.0, "levels": 2, "category": "residencial", "extrude": true, "manzana_id": 28}}, {"type": "Feature", "geometry": {"type": "Polygon", "coordinates": [[[-498.1714662266713, 581.7057062289803], [-499.83657586785426, 575.0265062292331], [-494.1556135626214, 577.1415862290344], [-496.0166184555649, 582.4849462289903], [-498.1714662266713, 581.7057062289803]]]}, "properties": {"id": 704, "height_m": 3.0, "levels": 1, "category": "residencial", "extrude": true, "manzana_id": 28}}, {"type": "Feature", "geometry": {"type": "Polygon", "coordinates": [[[-491.5110276615915, 584.0434262290104], [-483.57726995954596, 586.7151062289884], [-485.1444319746747, 591.3905462290486], [-492.58845154714476, 588.8301862291851], [-493.372032554883, 588.7188662290707], [-491.5110276615915, 584.0434262290104]]]}, "properties": {"id": 705, "height_m": 6.0, "levels": 2, "category": "residencial", "extrude": true, "manzana_id": 28}}, {"type": "Feature", "geometry": {"type": "Polygon", "coordinates": [[[-401.88894991413554, 646.6052662292522], [-397.48130674621643, 648.3863862291057], [-396.99156861664096, 648.4977062292201], [-397.1874638684016, 649.0543062290012], [-401.9868975401898, 660.2976262290897], [-406.5904359598695, 658.4051862291219], [-401.88894991413554, 646.6052662292522]]]}, "properties": {"id": 706, "height_m": 3.0, "levels": 1, "category": "residencial", "extrude": true, "manzana_id": 28}}, {"type": "Feature", "geometry": {"type": "Polygon", "coordinates": [[[-406.49248833416317, 644.8241462290032], [-401.88894991413554, 646.6052662292522], [-406.5904359598695, 658.4051862291219], [-411.29192200560345, 656.5127462291539], [-408.35349322710675, 649.2769462292301], [-406.49248833416317, 644.8241462290032]]]}, "properties": {"id": 707, "height_m": 3.0, "levels": 1, "category": "residencial", "extrude": true, "manzana_id": 28}}, {"type": "Feature", "geometry": {"type": "Polygon", "coordinates": [[[-400.6156307768218, 643.5996262293264], [-395.62030185327296, 645.4920662292943], [-396.69772573882614, 648.0524262291578], [-396.99156861664096, 648.4977062292201], [-397.48130674621643, 648.3863862291057], [-401.88894991413554, 646.6052662292522], [-400.6156307768218, 643.5996262293264]]]}, "properties": {"id": 708, "height_m": 6.0, "levels": 2, "category": "residencial", "extrude": true, "manzana_id": 28}}, {"type": "Feature", "geometry": {"type": "Polygon", "coordinates": [[[-405.3171168225557, 641.9298262291919], [-400.6156307768218, 643.5996262293264], [-401.88894991413554, 646.6052662292522], [-406.49248833416317, 644.8241462290032], [-405.3171168225557, 641.9298262291919]]]}, "properties": {"id": 709, "height_m": 3.0, "levels": 1, "category": "residencial", "extrude": true, "manzana_id": 28}}, {"type": "Feature", "geometry": {"type": "Polygon", "coordinates": [[[-414.8180365400779, 638.0336262291416], [-409.8227076165291, 640.037386229224], [-412.95703164713433, 647.6071462290956], [-408.35349322710675, 649.2769462292301], [-411.29192200560345, 656.5127462291539], [-419.225679707997, 653.2844662289993], [-420.1072083414416, 651.3920262290314], [-414.8180365400779, 638.0336262291416]]]}, "properties": {"id": 710, "height_m": 3.0, "levels": 1, "category": "restauracion", "extrude": true, "manzana_id": 28}}, {"type": "Feature", "geometry": {"type": "Polygon", "coordinates": [[[-448.12022936443276, 465.2649862291172], [-447.9243341123242, 464.5970662292216], [-454.78066792916445, 461.81406622912914], [-449.4914961278008, 447.5651062291149], [-442.831057562721, 450.3481062292073], [-442.5372146849062, 450.4594262293217], [-444.8879577077732, 456.5820262292877], [-448.60996749400823, 455.13486622898654], [-449.4914961278008, 457.47258622901666], [-445.76948634156577, 459.0310662290368], [-446.16127684508695, 460.0329462292757], [-441.3618431736467, 461.9253862292436], [-443.4187433186988, 467.2687462291995], [-448.12022936443276, 465.2649862291172]]]}, "properties": {"id": 711, "height_m": 6.0, "levels": 2, "category": "residencial", "extrude": true, "manzana_id": 31}}, {"type": "Feature", "geometry": {"type": "Polygon", "coordinates": [[[-442.5372146849062, 450.4594262293217], [-434.50550935680633, 453.68770622908085], [-434.2116664789915, 455.246186229101], [-439.4028906543009, 468.93854622893855], [-440.67620979196266, 472.389466229322], [-449.5894437535071, 469.049866229053], [-448.12022936443276, 465.2649862291172], [-443.4187433186988, 467.2687462291995], [-441.3618431736467, 461.9253862292436], [-446.16127684508695, 460.0329462292757], [-445.76948634156577, 459.0310662290368], [-445.5735910894572, 458.58578622897454], [-444.8879577077732, 456.5820262292877], [-442.5372146849062, 450.4594262293217]]]}, "properties": {"id": 712, "height_m": 3.0, "levels": 1, "category": "residencial", "extrude": true, "manzana_id": 31}}, {"type": "Feature", "geometry": {"type": "Polygon", "coordinates": [[[-449.883286631322, 479.1799862291836], [-451.4504486467986, 478.62338622900694], [-455.4663013108485, 477.06490622898684], [-458.6006253414539, 475.84038622931007], [-461.0493159900271, 474.83850622907113], [-458.1108872115304, 467.1574262290851], [-458.1108872115304, 467.04610622897064], [-453.60529641755704, 468.71590622910514], [-454.2909297992411, 470.49702622895865], [-451.4504486467986, 471.610226229312], [-450.37302476124546, 468.71590622910514], [-440.67620979196266, 472.389466229322], [-442.2433718070913, 476.5083062292057], [-443.90848144827424, 475.84038622931007], [-444.6920624560126, 477.732826229278], [-448.80586274611676, 476.1743462292578], [-449.883286631322, 479.1799862291836]]]}, "properties": {"id": 713, "height_m": 3.0, "levels": 1, "category": "residencial", "extrude": true, "manzana_id": 31}}, {"type": "Feature", "geometry": {"type": "Polygon", "coordinates": [[[-442.92900518877536, 478.4007462291736], [-444.6920624560126, 477.732826229278], [-443.90848144827424, 475.84038622931007], [-442.2433718070913, 476.5083062292057], [-442.92900518877536, 478.4007462291736]]]}, "properties": {"id": 714, "height_m": 3.0, "levels": 1, "category": "residencial", "extrude": true, "manzana_id": 31}}, {"type": "Feature", "geometry": {"type": "Polygon", "coordinates": [[[-442.92900518877536, 478.4007462291736], [-444.10437670003483, 481.4063862290993], [-449.883286631322, 479.1799862291836], [-448.80586274611676, 476.1743462292578], [-444.6920624560126, 477.732826229278], [-442.92900518877536, 478.4007462291736]]]}, "properties": {"id": 715, "height_m": 3.0, "levels": 1, "category": "residencial", "extrude": true, "manzana_id": 31}}, {"type": "Feature", "geometry": {"type": "Polygon", "coordinates": [[[-458.6006253414539, 475.84038622931007], [-455.4663013108485, 477.06490622898684], [-457.4252538298464, 481.74034622904713], [-459.4821539748985, 486.86106622916964], [-462.51853037944943, 485.63654622909735], [-458.6006253414539, 475.84038622931007]]]}, "properties": {"id": 716, "height_m": 3.0, "levels": 1, "category": "residencial", "extrude": true, "manzana_id": 31}}, {"type": "Feature", "geometry": {"type": "Polygon", "coordinates": [[[-452.7237677841124, 489.5327462291476], [-452.3319772802433, 488.30822622907533], [-448.80586274611676, 489.5327462291476], [-446.9448578528253, 484.3007062293061], [-445.3776958376966, 484.7459862289729], [-447.2387007306401, 489.755386228981], [-449.3935485017465, 490.9799062290533], [-452.7237677841124, 489.5327462291476]]]}, "properties": {"id": 717, "height_m": 3.0, "levels": 1, "category": "residencial", "extrude": true, "manzana_id": 31}}, {"type": "Feature", "geometry": {"type": "Polygon", "coordinates": [[[-451.4504486467986, 478.62338622900694], [-444.10437670003483, 481.4063862290993], [-445.3776958376966, 484.7459862289729], [-446.9448578528253, 484.3007062293061], [-448.80586274611676, 489.5327462291476], [-452.3319772802433, 488.30822622907533], [-452.7237677841124, 489.5327462291476], [-454.6827203031103, 488.75350622913754], [-455.1724584330337, 488.5308662293042], [-454.9765631809251, 488.0855862292419], [-453.31145353974216, 483.4101462291817], [-451.4504486467986, 478.62338622900694]]]}, "properties": {"id": 718, "height_m": 3.0, "levels": 1, "category": "residencial", "extrude": true, "manzana_id": 31}}, {"type": "Feature", "geometry": {"type": "Polygon", "coordinates": [[[-455.4663013108485, 477.06490622898684], [-451.4504486467986, 478.62338622900694], [-453.31145353974216, 483.4101462291817], [-457.4252538298464, 481.74034622904713], [-455.4663013108485, 477.06490622898684]]]}, "properties": {"id": 719, "height_m": 6.0, "levels": 2, "category": "residencial", "extrude": true, "manzana_id": 31}}, {"type": "Feature", "geometry": {"type": "Polygon", "coordinates": [[[-499.6406806157456, 508.4571462292222], [-500.1304187456691, 509.57034622918], [-522.7563203408943, 500.88738622895505], [-519.9158391884519, 493.4289462291979], [-500.62015687559256, 500.88738622895505], [-497.28993759287874, 502.2232262291418], [-499.7386282418, 508.4571462292222], [-499.6406806157456, 508.4571462292222]]]}, "properties": {"id": 720, "height_m": 8.0, "levels": 0, "category": "residencial", "extrude": true, "manzana_id": 12}}, {"type": "Feature", "geometry": {"type": "Polygon", "coordinates": [[[-493.1761373031225, 517.8080262289473], [-497.68172809674786, 516.1382262292082], [-495.42893269993516, 510.1269462289612], [-490.82539427990747, 512.0193862293246], [-493.1761373031225, 517.8080262289473]]]}, "properties": {"id": 721, "height_m": 3.0, "levels": 1, "category": "residencial", "extrude": true, "manzana_id": 12}}, {"type": "Feature", "geometry": {"type": "Polygon", "coordinates": [[[-499.6406806157456, 508.4571462292222], [-499.7386282418, 508.4571462292222], [-497.28993759287874, 502.2232262291418], [-494.6453516921968, 503.22510622898517], [-488.57259888309477, 505.56282622901534], [-488.6705465091491, 505.7854662292442], [-488.3767036313343, 505.89678622896315], [-490.82539427990747, 512.0193862293246], [-495.42893269993516, 510.1269462289612], [-499.6406806157456, 508.4571462292222]]]}, "properties": {"id": 722, "height_m": 3.0, "levels": 1, "category": "residencial", "extrude": true, "manzana_id": 12}}, {"type": "Feature", "geometry": {"type": "Polygon", "coordinates": [[[-482.5977937000471, 490.20066622904324], [-486.0259606084673, 498.8836262292682], [-489.2582322647788, 497.6591062291959], [-488.18080837922565, 494.7647862289891], [-490.9233419059618, 493.76290622914564], [-488.6705465091491, 487.8629462290131], [-487.1033844936725, 488.4195462291898], [-482.5977937000471, 490.20066622904324]]]}, "properties": {"id": 723, "height_m": 6.0, "levels": 2, "category": "residencial", "extrude": true, "manzana_id": 12}}, {"type": "Feature", "geometry": {"type": "Polygon", "coordinates": [[[-482.5977937000471, 490.20066622904324], [-487.1033844936725, 488.4195462291898], [-486.613646364097, 487.3063462292319], [-485.3403272267832, 487.8629462290131], [-484.55674621904484, 485.85918622932627], [-481.42242218843955, 487.08370622900304], [-482.5977937000471, 490.20066622904324]]]}, "properties": {"id": 724, "height_m": 3.0, "levels": 1, "category": "residencial", "extrude": true, "manzana_id": 12}}, {"type": "Feature", "geometry": {"type": "Polygon", "coordinates": [[[-488.6705465091491, 487.8629462290131], [-492.000765791515, 496.5459062292381], [-495.2330374478266, 495.3213862291658], [-494.05766593656705, 492.42706622895895], [-496.8981470893575, 491.4251862291155], [-494.6453516921968, 485.52522622898294], [-492.9802420510139, 486.0818262291596], [-488.6705465091491, 487.8629462290131]]]}, "properties": {"id": 725, "height_m": 6.0, "levels": 2, "category": "residencial", "extrude": true, "manzana_id": 12}}, {"type": "Feature", "geometry": {"type": "Polygon", "coordinates": [[[-488.6705465091491, 487.8629462290131], [-492.9802420510139, 486.0818262291596], [-492.58845154714476, 484.96862622920173], [-491.31513240983094, 485.52522622898294], [-490.53155140209265, 483.5214662292961], [-488.4746512570406, 484.3007062293061], [-487.3972273718353, 484.7459862289729], [-488.6705465091491, 487.8629462290131]]]}, "properties": {"id": 726, "height_m": 3.0, "levels": 1, "category": "residencial", "extrude": true, "manzana_id": 12}}, {"type": "Feature", "geometry": {"type": "Polygon", "coordinates": [[[-495.03714219606604, 486.5271062292219], [-497.9755709745627, 494.2081862292079], [-498.3673614784319, 495.3213862291658], [-501.59963313509155, 493.98554622897905], [-500.5222092495383, 491.2025462292821], [-503.2647427762744, 490.0893462293243], [-501.0119473791138, 484.1893862291917], [-499.44478536398515, 484.8573062290873], [-495.03714219606604, 486.5271062292219]]]}, "properties": {"id": 727, "height_m": 6.0, "levels": 2, "category": "residencial", "extrude": true, "manzana_id": 12}}, {"type": "Feature", "geometry": {"type": "Polygon", "coordinates": [[[-495.03714219606604, 486.5271062292219], [-499.44478536398515, 484.8573062290873], [-498.95504723406157, 483.74410622912944], [-497.68172809674786, 484.3007062293061], [-496.8981470893575, 482.2969462292238], [-493.8617706848066, 483.5214662292961], [-495.03714219606604, 486.5271062292219]]]}, "properties": {"id": 728, "height_m": 3.0, "levels": 1, "category": "residencial", "extrude": true, "manzana_id": 12}}, {"type": "Feature", "geometry": {"type": "Polygon", "coordinates": [[[-501.8934760129064, 486.63842622894083], [-503.95037615795843, 491.87046622917774], [-504.34216666182755, 492.9836662291356], [-505.32164292132654, 495.3213862291658], [-508.45596695158383, 494.0968662290935], [-507.3785430663786, 491.31386622900106], [-510.21902421882106, 490.20066622904324], [-509.9251813410061, 489.5327462291476], [-507.86828119595407, 484.3007062293061], [-506.3011191808254, 484.96862622920173], [-501.8934760129064, 486.63842622894083]]]}, "properties": {"id": 729, "height_m": 6.0, "levels": 2, "category": "residencial", "extrude": true, "manzana_id": 12}}, {"type": "Feature", "geometry": {"type": "Polygon", "coordinates": [[[-501.8934760129064, 486.63842622894083], [-506.3011191808254, 484.96862622920173], [-505.9093286769563, 483.8554262292439], [-504.5380619135882, 484.3007062293061], [-503.7544809058499, 482.40826622894275], [-500.71810450129885, 483.63278622901504], [-501.8934760129064, 486.63842622894083]]]}, "properties": {"id": 730, "height_m": 3.0, "levels": 1, "category": "residencial", "extrude": true, "manzana_id": 12}}, {"type": "Feature", "geometry": {"type": "Polygon", "coordinates": [[[-508.84775745545295, 486.74974622905523], [-509.9251813410061, 489.5327462291476], [-511.29644810437424, 492.9836662291356], [-512.1779767378189, 495.4327062292802], [-515.4102483944785, 494.2081862292079], [-514.234876882871, 491.4251862291155], [-517.0753580356615, 490.3119862291577], [-514.8225626388488, 484.41202622902506], [-513.1574529976657, 485.0799462293162], [-508.84775745545295, 486.74974622905523]]]}, "properties": {"id": 731, "height_m": 6.0, "levels": 2, "category": "residencial", "extrude": true, "manzana_id": 12}}, {"type": "Feature", "geometry": {"type": "Polygon", "coordinates": [[[-508.84775745545295, 486.74974622905523], [-513.1574529976657, 485.0799462293162], [-512.7656624937966, 483.96674622896285], [-511.4923433561349, 484.41202622902506], [-510.70876234874453, 482.40826622894275], [-507.6723859441934, 483.63278622901504], [-508.84775745545295, 486.74974622905523]]]}, "properties": {"id": 732, "height_m": 3.0, "levels": 1, "category": "residencial", "extrude": true, "manzana_id": 12}}, {"type": "Feature", "geometry": {"type": "Polygon", "coordinates": [[[-514.1369292571648, 482.853546229005], [-514.5287197606858, 483.74410622912944], [-514.8225626388488, 484.41202622902506], [-515.7040912722933, 486.86106622916964], [-516.5856199057379, 488.97614622897095], [-519.3281534324742, 487.8629462290131], [-520.4055773180273, 490.7572662292199], [-524.2255347303166, 489.1987862291998], [-525.4009062415761, 484.5233462291395], [-523.5399013486326, 481.4063862290993], [-520.5035249440815, 481.4063862290993], [-518.3486771729752, 481.4063862290993], [-517.8589390433997, 481.4063862290993], [-514.1369292571648, 482.853546229005]]]}, "properties": {"id": 733, "height_m": 6.0, "levels": 2, "category": "residencial", "extrude": true, "manzana_id": 12}}, {"type": "Feature", "geometry": {"type": "Polygon", "coordinates": [[[-467.8077021808132, 507.0099862293165], [-470.0604975779739, 513.1325862292824], [-478.58194103599715, 509.7929862290134], [-479.2675744176812, 509.45902622906556], [-477.0147790205205, 503.33642622909963], [-467.8077021808132, 507.0099862293165]]]}, "properties": {"id": 734, "height_m": 3.0, "levels": 1, "category": "residencial", "extrude": true, "manzana_id": 12}}, {"type": "Feature", "geometry": {"type": "Polygon", "coordinates": [[[-466.53438304349936, 503.78170622916184], [-468.39538793679094, 503.0024662291518], [-467.1220687991291, 499.5515462291638], [-465.26106390618565, 500.3307862291739], [-466.53438304349936, 503.78170622916184]]]}, "properties": {"id": 735, "height_m": 9.0, "levels": 3, "category": "residencial", "extrude": true, "manzana_id": 12}}, {"type": "Feature", "geometry": {"type": "Polygon", "coordinates": [[[-468.39538793679094, 503.0024662291518], [-470.74613095965793, 502.11190622902734], [-469.47281182234417, 498.66098622903934], [-467.1220687991291, 499.5515462291638], [-468.39538793679094, 503.0024662291518]]]}, "properties": {"id": 736, "height_m": 9.0, "levels": 3, "category": "residencial", "extrude": true, "manzana_id": 12}}, {"type": "Feature", "geometry": {"type": "Polygon", "coordinates": [[[-467.8077021808132, 507.0099862293165], [-477.0147790205205, 503.33642622909963], [-472.2153453487323, 490.7572662292199], [-463.008268509373, 494.3195062293223], [-465.26106390618565, 500.3307862291739], [-467.1220687991291, 499.5515462291638], [-469.47281182234417, 498.66098622903934], [-470.74613095965793, 502.11190622902734], [-468.39538793679094, 503.0024662291518], [-466.53438304349936, 503.78170622916184], [-467.8077021808132, 507.0099862293165]]]}, "properties": {"id": 737, "height_m": 6.0, "levels": 2, "category": "residencial", "extrude": true, "manzana_id": 12}}, {"type": "Feature", "geometry": {"type": "Polygon", "coordinates": [[[-444.10437670003483, 501.77794622907953], [-444.00642907432854, 501.77794622907953], [-447.53254360845506, 511.0175062290857], [-447.6304912345093, 511.0175062290857], [-450.76481526511463, 509.7929862290134], [-449.5894437535071, 506.119426229192], [-452.8217154101667, 505.00622622923413], [-454.2909297992411, 508.34582622910773], [-456.93551570027086, 507.3439462292643], [-453.60529641755704, 497.9930662291437], [-444.10437670003483, 501.77794622907953]]]}, "properties": {"id": 738, "height_m": 3.0, "levels": 1, "category": "residencial", "extrude": true, "manzana_id": 33}}, {"type": "Feature", "geometry": {"type": "Polygon", "coordinates": [[[-454.2909297992411, 508.34582622910773], [-452.8217154101667, 505.00622622923413], [-449.5894437535071, 506.119426229192], [-450.76481526511463, 509.7929862290134], [-454.2909297992411, 508.34582622910773]]]}, "properties": {"id": 739, "height_m": 6.0, "levels": 2, "category": "residencial", "extrude": true, "manzana_id": 33}}, {"type": "Feature", "geometry": {"type": "Polygon", "coordinates": [[[-448.12022936443276, 521.7042262289975], [-451.15660576898375, 520.5910262290397], [-449.3935485017465, 515.9155862289794], [-446.4551197232498, 517.1401062290516], [-446.35717209719553, 517.1401062290516], [-448.12022936443276, 521.7042262289975]]]}, "properties": {"id": 740, "height_m": 9.0, "levels": 3, "category": "residencial", "extrude": true, "manzana_id": 33}}, {"type": "Feature", "geometry": {"type": "Polygon", "coordinates": [[[-427.2573850360968, 514.1344662291259], [-430.7834995705713, 512.6873062292202], [-428.82454705157346, 507.7892262293266], [-425.298432517099, 509.1250662291178], [-425.88611827272877, 510.68354622913785], [-427.2573850360968, 514.1344662291259]]]}, "properties": {"id": 741, "height_m": 3.0, "levels": 1, "category": "residencial", "extrude": true, "manzana_id": 33}}, {"type": "Feature", "geometry": {"type": "Polygon", "coordinates": [[[-433.72192834906804, 516.2495462293226], [-436.072671371935, 515.3589862291982], [-433.52603309730745, 508.79110622916994], [-431.17529007444045, 509.6816662292945], [-433.72192834906804, 516.2495462293226]]]}, "properties": {"id": 742, "height_m": 9.0, "levels": 3, "category": "residencial", "extrude": true, "manzana_id": 33}}, {"type": "Feature", "geometry": {"type": "Polygon", "coordinates": [[[-435.1911427384904, 521.4815862291641], [-438.52136202085626, 520.1457462289774], [-437.8357286391722, 518.3646262291239], [-434.50550935680633, 519.7004662293107], [-435.1911427384904, 521.4815862291641]]]}, "properties": {"id": 743, "height_m": 3.0, "levels": 1, "category": "residencial", "extrude": true, "manzana_id": 33}}, {"type": "Feature", "geometry": {"type": "Polygon", "coordinates": [[[-436.75830475361903, 526.1570262292244], [-440.4803145398541, 524.7098662293188], [-438.7172572726169, 520.0344262292584], [-438.52136202085626, 520.1457462289774], [-435.1911427384904, 521.4815862291641], [-434.9952474863818, 521.4815862291641], [-436.75830475361903, 526.1570262292244]]]}, "properties": {"id": 744, "height_m": 9.0, "levels": 3, "category": "residencial", "extrude": true, "manzana_id": 33}}, {"type": "Feature", "geometry": {"type": "Polygon", "coordinates": [[[-445.18180058558806, 511.79674622909573], [-447.43459598274876, 510.90618622897125], [-445.3776958376966, 505.340186229182], [-443.02695281482966, 506.34206622902536], [-445.18180058558806, 511.79674622909573]]]}, "properties": {"id": 745, "height_m": 9.0, "levels": 3, "category": "residencial", "extrude": true, "manzana_id": 33}}, {"type": "Feature", "geometry": {"type": "Polygon", "coordinates": [[[-440.4803145398541, 524.7098662293188], [-441.65568605146154, 524.2645862292566], [-448.12022936443276, 521.7042262289975], [-446.35717209719553, 517.1401062290516], [-446.4551197232498, 517.1401062290516], [-445.76948634156577, 515.3589862291982], [-444.7900100817189, 512.6873062292202], [-445.18180058558806, 511.79674622909573], [-443.02695281482966, 506.34206622902536], [-445.3776958376966, 505.340186229182], [-444.00642907432854, 501.77794622907953], [-434.50550935680633, 505.4515062292964], [-428.82454705157346, 507.7892262293266], [-430.7834995705713, 512.6873062292202], [-427.2573850360968, 514.1344662291259], [-430.58760431846275, 522.7061062292364], [-431.17529007444045, 524.1532662291421], [-432.64450446351486, 527.8268262289635], [-436.75830475361903, 526.1570262292244], [-434.9952474863818, 521.4815862291641], [-435.1911427384904, 521.4815862291641], [-434.50550935680633, 519.7004662293107], [-433.4280854712531, 517.0287862289372], [-433.72192834906804, 516.2495462293226], [-431.17529007444045, 509.6816662292945], [-433.52603309730745, 508.79110622916994], [-436.072671371935, 515.3589862291982], [-436.75830475361903, 515.692946229146], [-437.8357286391722, 518.3646262291239], [-438.52136202085626, 520.1457462289774], [-438.7172572726169, 520.0344262292584], [-440.4803145398541, 524.7098662293188]]]}, "properties": {"id": 746, "height_m": 6.0, "levels": 2, "category": "residencial", "extrude": true, "manzana_id": 33}}, {"type": "Feature", "geometry": {"type": "Polygon", "coordinates": [[[-446.4551197232498, 517.1401062290516], [-449.3935485017465, 515.9155862289794], [-448.80586274611676, 514.2457862292404], [-445.76948634156577, 515.3589862291982], [-446.4551197232498, 517.1401062290516]]]}, "properties": {"id": 747, "height_m": 3.0, "levels": 1, "category": "residencial", "extrude": true, "manzana_id": 33}}, {"type": "Feature", "geometry": {"type": "Polygon", "coordinates": [[[-432.64450446351486, 527.8268262289635], [-431.17529007444045, 524.1532662291421], [-429.7060756850181, 524.4872262290899], [-429.999918562833, 525.4891062293289], [-428.33480892165005, 526.1570262292244], [-429.314285181149, 528.6060662289735], [-429.51018043325746, 529.0513462290357], [-429.999918562833, 528.8287062292023], [-432.64450446351486, 527.8268262289635]]]}, "properties": {"id": 748, "height_m": 3.0, "levels": 1, "category": "residencial", "extrude": true, "manzana_id": 33}}, {"type": "Feature", "geometry": {"type": "Polygon", "coordinates": [[[-419.7154178379204, 511.35146622903346], [-416.09135567739173, 512.7986262289392], [-417.46262244075973, 516.3608662290416], [-418.63799395236725, 519.3665062289674], [-419.8133654636267, 522.2608262291742], [-421.47847510480966, 526.6023062292867], [-430.58760431846275, 522.7061062292364], [-425.88611827272877, 510.68354622913785], [-420.3031035935502, 512.9099462290536], [-419.7154178379204, 511.35146622903346]]]}, "properties": {"id": 749, "height_m": 3.0, "levels": 1, "category": "residencial", "extrude": true, "manzana_id": 33}}, {"type": "Feature", "geometry": {"type": "Polygon", "coordinates": [[[-425.88611827272877, 510.68354622913785], [-425.298432517099, 509.1250662291178], [-419.7154178379204, 511.35146622903346], [-420.3031035935502, 512.9099462290536], [-425.88611827272877, 510.68354622913785]]]}, "properties": {"id": 750, "height_m": 3.0, "levels": 1, "category": "residencial", "extrude": true, "manzana_id": 33}}, {"type": "Feature", "geometry": {"type": "Polygon", "coordinates": [[[-425.78817064702247, 519.4778262290818], [-424.7107467614693, 516.5835062292705], [-421.87026560867884, 518.0306662291762], [-422.947689494232, 520.5910262290397], [-425.78817064702247, 519.4778262290818]]]}, "properties": {"id": 751, "height_m": 6.0, "levels": 2, "category": "residencial", "extrude": true, "manzana_id": 33}}, {"type": "Feature", "geometry": {"type": "Polygon", "coordinates": [[[-416.09135567739173, 512.7986262289392], [-411.3898696316577, 514.5797462291881], [-412.6631887689715, 518.1419862292905], [-417.46262244075973, 516.3608662290416], [-416.09135567739173, 512.7986262289392]]]}, "properties": {"id": 752, "height_m": 3.0, "levels": 1, "category": "residencial", "extrude": true, "manzana_id": 33}}, {"type": "Feature", "geometry": {"type": "Polygon", "coordinates": [[[-417.46262244075973, 516.3608662290416], [-412.6631887689715, 518.1419862292905], [-417.46262244075973, 530.3871862292225], [-418.54004632631296, 533.3928262291482], [-423.4374276241555, 531.3890662290659], [-421.47847510480966, 526.6023062292867], [-419.8133654636267, 522.2608262291742], [-416.48314618126085, 523.4853462292465], [-415.4057222957077, 520.702346229154], [-418.63799395236725, 519.3665062289674], [-417.46262244075973, 516.3608662290416]]]}, "properties": {"id": 753, "height_m": 3.0, "levels": 1, "category": "residencial", "extrude": true, "manzana_id": 33}}, {"type": "Feature", "geometry": {"type": "Polygon", "coordinates": [[[-417.46262244075973, 530.3871862292225], [-413.25087452494927, 531.9456662292425], [-412.8590840210801, 532.0569862289615], [-412.95703164713433, 532.0569862289615], [-413.44676977670986, 533.5041462292627], [-414.13240315839386, 535.0626262292827], [-418.54004632631296, 533.3928262291482], [-417.46262244075973, 530.3871862292225]]]}, "properties": {"id": 754, "height_m": 3.0, "levels": 1, "category": "residencial", "extrude": true, "manzana_id": 33}}, {"type": "Feature", "geometry": {"type": "Polygon", "coordinates": [[[-411.3898696316577, 514.5797462291881], [-406.6883835859238, 516.472186229156], [-409.4309171126599, 523.374026229132], [-412.95703164713433, 522.1495062290597], [-413.83856028057903, 524.7098662293188], [-410.50834099821316, 525.9343862289955], [-412.4672935172109, 531.0551062291181], [-412.8590840210801, 532.0569862289615], [-413.25087452494927, 531.9456662292425], [-417.46262244075973, 530.3871862292225], [-412.6631887689715, 518.1419862292905], [-411.3898696316577, 514.5797462291881]]]}, "properties": {"id": 755, "height_m": 3.0, "levels": 1, "category": "residencial", "extrude": true, "manzana_id": 33}}, {"type": "Feature", "geometry": {"type": "Polygon", "coordinates": [[[-412.8590840210801, 532.0569862289615], [-412.1734506393961, 531.7230262290137], [-407.765807471477, 533.3928262291482], [-408.5493884792153, 535.3965862292306], [-413.44676977670986, 533.5041462292627], [-412.95703164713433, 532.0569862289615], [-412.8590840210801, 532.0569862289615]]]}, "properties": {"id": 756, "height_m": 3.0, "levels": 1, "category": "residencial", "extrude": true, "manzana_id": null}}, {"type": "Feature", "geometry": {"type": "Polygon", "coordinates": [[[-406.6883835859238, 516.472186229156], [-401.88894991413554, 518.3646262291239], [-404.6314834408717, 525.2664662290999], [-408.451440853161, 523.8193062291942], [-409.23502186055134, 526.6023062292867], [-405.7089073264249, 527.9381462290779], [-407.765807471477, 533.3928262291482], [-412.1734506393961, 531.7230262290137], [-412.8590840210801, 532.0569862289615], [-412.4672935172109, 531.0551062291181], [-410.50834099821316, 525.9343862289955], [-409.4309171126599, 523.374026229132], [-406.6883835859238, 516.472186229156]]]}, "properties": {"id": 757, "height_m": 3.0, "levels": 1, "category": "residencial", "extrude": true, "manzana_id": 33}}, {"type": "Feature", "geometry": {"type": "Polygon", "coordinates": [[[-401.88894991413554, 518.3646262291239], [-397.08951624234726, 520.1457462289774], [-398.46078300571537, 523.4853462292465], [-399.9299973951377, 527.2702262291823], [-403.5540595553185, 525.8230662292766], [-404.72943106692594, 528.4947462292546], [-400.9094736546366, 529.7192662293269], [-404.04379768524194, 537.6229862291462], [-408.5493884792153, 535.3965862292306], [-407.765807471477, 533.3928262291482], [-405.7089073264249, 527.9381462290779], [-404.6314834408717, 525.2664662290999], [-401.88894991413554, 518.3646262291239]]]}, "properties": {"id": 758, "height_m": 3.0, "levels": 1, "category": "residencial", "extrude": true, "manzana_id": 33}}, {"type": "Feature", "geometry": {"type": "Polygon", "coordinates": [[[-393.36750645611227, 521.7042262289975], [-387.68654415087934, 523.8193062291942], [-389.84139192198575, 528.9400262293168], [-392.3880301966134, 528.0494662291924], [-391.89829206703786, 526.3796662290578], [-394.7387732194803, 525.3777862292144], [-393.36750645611227, 521.7042262289975]]]}, "properties": {"id": 759, "height_m": 3.0, "levels": 1, "category": "residencial", "extrude": true, "manzana_id": 33}}, {"type": "Feature", "geometry": {"type": "Polygon", "coordinates": [[[-399.9299973951377, 527.2702262291823], [-398.46078300571537, 523.4853462292465], [-395.71824947897926, 524.4872262290899], [-397.48130674621643, 529.2739862292647], [-400.32178789900684, 528.2721062290257], [-399.9299973951377, 527.2702262291823]]]}, "properties": {"id": 760, "height_m": 3.0, "levels": 1, "category": "residencial", "extrude": true, "manzana_id": 33}}, {"type": "Feature", "geometry": {"type": "Polygon", "coordinates": [[[-379.6548388227796, 531.0551062291181], [-385.3358011280124, 546.4172662290902], [-390.3311300515612, 544.4135062290079], [-391.40855393711445, 543.9682262289456], [-395.2285113494038, 542.5210662290399], [-389.84139192198575, 528.9400262293168], [-387.68654415087934, 523.8193062291942], [-382.00558184564653, 526.1570262292244], [-379.6548388227796, 531.0551062291181]]]}, "properties": {"id": 761, "height_m": 6.0, "levels": 2, "category": "residencial", "extrude": true, "manzana_id": 33}}, {"type": "Feature", "geometry": {"type": "Polygon", "coordinates": [[[-389.3516537920623, 557.4379462289498], [-391.70239681492933, 563.894506229259], [-392.9757159525911, 564.8963862291025], [-401.9868975401898, 561.334146229], [-399.5382068912686, 554.5436262291385], [-399.24436401345366, 553.7643862291284], [-394.640825593774, 555.434186229263], [-389.3516537920623, 557.4379462289498]]]}, "properties": {"id": 762, "height_m": 3.0, "levels": 1, "category": "residencial", "extrude": true, "manzana_id": 33}}, {"type": "Feature", "geometry": {"type": "Polygon", "coordinates": [[[-389.3516537920623, 557.4379462289498], [-394.640825593774, 555.434186229263], [-393.5634017082208, 552.5398662290561], [-392.9757159525911, 550.7587462292026], [-392.4859778226676, 550.8700662293171], [-390.1352347998007, 544.5248262291223], [-385.3358011280124, 546.4172662290902], [-387.4906488991188, 552.5398662290561], [-389.3516537920623, 557.4379462289498]]]}, "properties": {"id": 763, "height_m": 3.0, "levels": 1, "category": "residencial", "extrude": true, "manzana_id": 33}}, {"type": "Feature", "geometry": {"type": "Polygon", "coordinates": [[[-391.40855393711445, 543.9682262289456], [-392.4859778226676, 546.6399062293191], [-396.2079876089027, 545.1927462290179], [-396.2079876089027, 545.1927462290179], [-395.2285113494038, 542.5210662290399], [-391.40855393711445, 543.9682262289456]]]}, "properties": {"id": 764, "height_m": 3.0, "levels": 1, "category": "residencial", "extrude": true, "manzana_id": 33}}, {"type": "Feature", "geometry": {"type": "Polygon", "coordinates": [[[-410.3124457461045, 554.2096662291907], [-409.03912660879075, 554.6549462292529], [-407.765807471477, 551.0927062291505], [-399.5382068912686, 554.5436262291385], [-401.9868975401898, 561.334146229], [-411.58576488376633, 557.5492662290642], [-410.3124457461045, 554.2096662291907]]]}, "properties": {"id": 765, "height_m": 3.0, "levels": 1, "category": "residencial", "extrude": true, "manzana_id": 33}}, {"type": "Feature", "geometry": {"type": "Polygon", "coordinates": [[[-418.0503081963895, 554.9889062292007], [-420.89078934917995, 553.8757062292428], [-416.38519855520656, 541.7418262290299], [-416.28725092950026, 541.630506229311], [-410.9001315020823, 543.8569062292266], [-406.98222646373864, 545.3040662291323], [-407.08017408979293, 545.6380262290802], [-408.451440853161, 549.2002662291826], [-412.1734506393961, 547.7531062292769], [-414.9159841661322, 555.1002262293151], [-417.6585176928684, 553.9870262289618], [-418.0503081963895, 554.9889062292007]]]}, "properties": {"id": 766, "height_m": 3.0, "levels": 1, "category": "residencial", "extrude": true, "manzana_id": 33}}, {"type": "Feature", "geometry": {"type": "Polygon", "coordinates": [[[-408.451440853161, 549.2002662291826], [-410.3124457461045, 554.2096662291907], [-411.58576488376633, 557.5492662290642], [-418.0503081963895, 554.9889062292007], [-417.6585176928684, 553.9870262289618], [-414.9159841661322, 555.1002262293151], [-412.1734506393961, 547.7531062292769], [-408.451440853161, 549.2002662291826]]]}, "properties": {"id": 767, "height_m": 3.0, "levels": 1, "category": "residencial", "extrude": true, "manzana_id": 33}}, {"type": "Feature", "geometry": {"type": "Polygon", "coordinates": [[[-434.40756173075204, 532.7249062292526], [-425.2004848910447, 536.1758262292406], [-430.29376144064787, 550.090826229307], [-439.4028906543009, 546.4172662290902], [-434.40756173075204, 532.7249062292526]]]}, "properties": {"id": 768, "height_m": 3.0, "levels": 1, "category": "residencial", "extrude": true, "manzana_id": 33}}, {"type": "Feature", "geometry": {"type": "Polygon", "coordinates": [[[-434.40756173075204, 532.7249062292526], [-443.4187433186988, 529.1626662291502], [-441.65568605146154, 524.2645862292566], [-432.64450446351486, 527.8268262289635], [-434.40756173075204, 532.7249062292526]]]}, "properties": {"id": 769, "height_m": 8.0, "levels": 0, "category": "residencial", "extrude": true, "manzana_id": 33}}, {"type": "Feature", "geometry": {"type": "Polygon", "coordinates": [[[-438.81520489867114, 544.8587862290701], [-440.87210504372325, 543.9682262289456], [-440.1864716620392, 542.1871062290921], [-440.97005266977754, 541.8531462291444], [-440.38236691379984, 540.1833462290098], [-442.4392670588519, 539.4041062289998], [-440.38236691379984, 534.1720662291583], [-435.5829332423595, 535.9531862290117], [-438.81520489867114, 544.8587862290701]]]}, "properties": {"id": 770, "height_m": 3.0, "levels": 1, "category": "residencial", "extrude": true, "manzana_id": 33}}, {"type": "Feature", "geometry": {"type": "Polygon", "coordinates": [[[-451.8422391506678, 541.5191862291965], [-454.584772677404, 540.4059862292387], [-458.1108872115304, 539.0701462290519], [-456.8375680742167, 535.3965862292306], [-456.2498823185869, 533.8381062292104], [-454.8786155552188, 530.1645462289936], [-448.21817699013906, 532.6135862291381], [-451.8422391506678, 541.5191862291965]]]}, "properties": {"id": 771, "height_m": 3.0, "levels": 1, "category": "residencial", "extrude": true, "manzana_id": 33}}, {"type": "Feature", "geometry": {"type": "Polygon", "coordinates": [[[-443.6146385704594, 529.496626229098], [-453.21350591403586, 525.7117462291621], [-451.3525010207444, 520.4797062293208], [-441.65568605146154, 524.2645862292566], [-443.6146385704594, 529.496626229098]]]}, "properties": {"id": 772, "height_m": 3.0, "levels": 1, "category": "residencial", "extrude": true, "manzana_id": 33}}, {"type": "Feature", "geometry": {"type": "Polygon", "coordinates": [[[-467.41591167729206, 522.3721462292885], [-467.6118069290526, 522.2608262291742], [-466.53438304349936, 519.4778262290818], [-462.1267398755803, 521.2589462293307], [-464.2815876466867, 526.8249462291201], [-468.19949268468235, 525.2664662290999], [-468.49333556249724, 525.1551462289855], [-467.41591167729206, 522.3721462292885]]]}, "properties": {"id": 773, "height_m": 6.0, "levels": 2, "category": "residencial", "extrude": true, "manzana_id": 12}}, {"type": "Feature", "geometry": {"type": "Polygon", "coordinates": [[[-467.6118069290526, 522.2608262291742], [-467.41591167729206, 522.3721462292885], [-468.49333556249724, 525.1551462289855], [-464.2815876466867, 526.8249462291201], [-466.14259253963024, 531.6117062292948], [-467.51385930299836, 535.2852662291161], [-476.52504089094504, 531.7230262290137], [-471.1379214635271, 517.6967062292283], [-466.53438304349936, 519.4778262290818], [-467.6118069290526, 522.2608262291742]]]}, "properties": {"id": 774, "height_m": 3.0, "levels": 1, "category": "residencial", "extrude": true, "manzana_id": 12}}, {"type": "Feature", "geometry": {"type": "Polygon", "coordinates": [[[-481.03063168457044, 529.9419062291602], [-485.43827485248954, 528.1607862293067], [-495.1350898221203, 524.2645862292566], [-495.72277557775, 524.1532662291421], [-494.5474040661425, 521.1476262292163], [-492.2946086693298, 522.0381862289453], [-490.82539427990747, 518.2533062290095], [-489.3561798908332, 518.8099062291861], [-488.8664417609097, 517.5853862291139], [-488.57259888309477, 517.6967062292283], [-485.634170104598, 510.57222622902344], [-489.650022768648, 508.9024262292844], [-488.3767036313343, 505.89678622896315], [-487.8869655014107, 506.119426229192], [-484.55674621904484, 507.45526622898325], [-485.1444319746747, 508.67978622905554], [-482.0101079444173, 510.01562622924223], [-481.42242218843955, 508.67978622905554], [-479.2675744176812, 509.45902622906556], [-478.58194103599715, 509.7929862290134], [-470.0604975779739, 513.1325862292824], [-469.47281182234417, 513.3552262291158], [-469.66870707410476, 513.800506229178], [-475.9373551349673, 530.1645462289936], [-480.4429459289407, 528.3834262291401], [-479.2675744176812, 525.2664662290999], [-478.9737315395184, 525.3777862292144], [-478.4839934099429, 524.1532662291421], [-481.22652693667897, 523.0400662291843], [-481.7162650662545, 524.2645862292566], [-481.42242218843955, 524.3759062289755], [-482.6957413257534, 527.60418622913], [-480.540893554995, 528.4947462292546], [-481.03063168457044, 529.9419062291602]]]}, "properties": {"id": 775, "height_m": 6.0, "levels": 2, "category": "residencial", "extrude": true, "manzana_id": 12}}, {"type": "Feature", "geometry": {"type": "Polygon", "coordinates": [[[-475.9373551349673, 530.1645462289936], [-476.52504089094504, 531.7230262290137], [-481.03063168457044, 529.9419062291602], [-480.540893554995, 528.4947462292546], [-480.4429459289407, 528.3834262291401], [-475.9373551349673, 530.1645462289936]]]}, "properties": {"id": 776, "height_m": 3.0, "levels": 1, "category": "residencial", "extrude": true, "manzana_id": 12}}, {"type": "Feature", "geometry": {"type": "Polygon", "coordinates": [[[-480.540893554995, 528.4947462292546], [-482.6957413257534, 527.60418622913], [-481.42242218843955, 524.3759062289755], [-481.7162650662545, 524.2645862292566], [-481.22652693667897, 523.0400662291843], [-478.4839934099429, 524.1532662291421], [-478.9737315395184, 525.3777862292144], [-479.2675744176812, 525.2664662290999], [-480.4429459289407, 528.3834262291401], [-480.540893554995, 528.4947462292546]]]}, "properties": {"id": 777, "height_m": 9.0, "levels": 3, "category": "residencial", "extrude": true, "manzana_id": 12}}, {"type": "Feature", "geometry": {"type": "Polygon", "coordinates": [[[-488.8664417609097, 517.5853862291139], [-489.3561798908332, 518.8099062291861], [-490.82539427990747, 518.2533062290095], [-492.2946086693298, 522.0381862289453], [-494.5474040661425, 521.1476262292163], [-492.49050392143846, 516.1382262292082], [-488.8664417609097, 517.5853862291139]]]}, "properties": {"id": 778, "height_m": 9.0, "levels": 3, "category": "residencial", "extrude": true, "manzana_id": 12}}, {"type": "Feature", "geometry": {"type": "Polygon", "coordinates": [[[-434.40756173075204, 446.78586622910484], [-439.4028906543009, 444.78210622902253], [-435.48498561630527, 434.87462622912074], [-430.1958138149415, 436.98970622931756], [-434.40756173075204, 446.78586622910484]]]}, "properties": {"id": 779, "height_m": 9.0, "levels": 3, "category": "residencial", "extrude": true, "manzana_id": 31}}, {"type": "Feature", "geometry": {"type": "Polygon", "coordinates": [[[-426.4738040287065, 438.54818622894214], [-429.51018043325746, 446.0066262290948], [-429.6081280589638, 446.2292662293237], [-432.54655683780857, 447.5651062291149], [-432.8403997156234, 447.45378622900046], [-434.40756173075204, 446.78586622910484], [-430.1958138149415, 436.98970622931756], [-426.4738040287065, 438.54818622894214]]]}, "properties": {"id": 780, "height_m": 6.0, "levels": 2, "category": "residencial", "extrude": true, "manzana_id": 31}}, {"type": "Feature", "geometry": {"type": "Polygon", "coordinates": [[[-449.4914961278008, 436.32178622902643], [-446.65101497501036, 437.7689462293276], [-446.74896260106465, 437.99158622916093], [-448.3161246161933, 441.1085462292011], [-451.3525010207444, 439.88402622912884], [-449.4914961278008, 436.32178622902643]]]}, "properties": {"id": 781, "height_m": 3.0, "levels": 1, "category": "residencial", "extrude": true, "manzana_id": 32}}, {"type": "Feature", "geometry": {"type": "Polygon", "coordinates": [[[-449.4914961278008, 436.32178622902643], [-451.3525010207444, 439.88402622912884], [-451.54839627285287, 439.88402622912884], [-451.6463438985592, 439.77270622901443], [-457.3273062037921, 437.5463062290987], [-450.37302476124546, 424.2992262293234], [-449.883286631322, 423.4086662291989], [-443.22284806659025, 426.1916662292913], [-441.1659479215381, 427.0822262290203], [-441.55773842540725, 427.8614662290303], [-446.65101497501036, 437.7689462293276], [-449.4914961278008, 436.32178622902643]]]}, "properties": {"id": 782, "height_m": 6.0, "levels": 2, "category": "residencial", "extrude": true, "manzana_id": 32}}, {"type": "Feature", "geometry": {"type": "Polygon", "coordinates": [[[-382.00558184564653, 646.1599862291899], [-383.7686391128837, 650.5014662293024], [-382.5932676012763, 650.9467462289692], [-388.6660204103783, 665.9749462289935], [-398.85257350958454, 661.8561062291099], [-399.0484687616931, 661.7447862289954], [-399.1464163873994, 661.7447862289954], [-399.0484687616931, 661.522146229162], [-394.83672084553456, 650.9467462289692], [-391.89829206703786, 651.9486262292081], [-389.5475490441709, 645.4920662292943], [-387.7844917769337, 646.1599862291899], [-387.00091076919534, 644.267546229222], [-382.00558184564653, 646.1599862291899]]]}, "properties": {"id": 783, "height_m": 3.0, "levels": 1, "category": "residencial", "extrude": true, "manzana_id": 28}}, {"type": "Feature", "geometry": {"type": "Polygon", "coordinates": [[[-387.00091076919534, 644.267546229222], [-391.5065015631687, 642.5977462290875], [-390.4290776776155, 639.9260662291096], [-389.6454966698772, 638.0336262291416], [-386.0214345096964, 629.1280262290833], [-385.531696380121, 627.792186229292], [-381.51584371572307, 629.4619862290311], [-376.2266719143594, 631.5770662292279], [-380.3404722044636, 641.9298262291919], [-380.83021033403907, 643.0430262291497], [-385.1399058762518, 641.2619062292963], [-385.8255392579359, 641.1505862291818], [-387.00091076919534, 644.267546229222]]]}, "properties": {"id": 784, "height_m": 3.0, "levels": 1, "category": "residencial", "extrude": true, "manzana_id": 28}}, {"type": "Feature", "geometry": {"type": "Polygon", "coordinates": [[[-387.00091076919534, 644.267546229222], [-387.7844917769337, 646.1599862291899], [-389.5475490441709, 645.4920662292943], [-391.89829206703786, 651.9486262292081], [-394.83672084553456, 650.9467462289692], [-393.26955883040597, 647.0505462293145], [-391.5065015631687, 642.5977462290875], [-387.00091076919534, 644.267546229222]]]}, "properties": {"id": 785, "height_m": 6.0, "levels": 2, "category": "residencial", "extrude": true, "manzana_id": 28}}, {"type": "Feature", "geometry": {"type": "Polygon", "coordinates": [[[-366.82369982289146, 635.3619462291637], [-362.1222137771575, 637.365706229246], [-363.5914281662319, 641.1505862291818], [-367.7052284563361, 651.2807062293125], [-372.40671450207003, 649.2769462292301], [-366.82369982289146, 635.3619462291637]]]}, "properties": {"id": 786, "height_m": 6.0, "levels": 2, "category": "residencial", "extrude": true, "manzana_id": 28}}, {"type": "Feature", "geometry": {"type": "Polygon", "coordinates": [[[-362.31810902891806, 641.707186228963], [-358.4002039909224, 643.0430262291497], [-360.6529993877351, 648.4977062292201], [-364.57090442573076, 646.9392262292], [-362.31810902891806, 641.707186228963]]]}, "properties": {"id": 787, "height_m": 9.0, "levels": 3, "category": "residencial", "extrude": true, "manzana_id": 28}}, {"type": "Feature", "geometry": {"type": "Polygon", "coordinates": [[[-367.7052284563361, 651.2807062293125], [-362.611951906733, 653.3957862291138], [-364.57090442573076, 658.071226229174], [-366.333961692968, 657.4033062292784], [-368.3908618380201, 656.6240662292684], [-369.6641809753339, 656.0674662290917], [-367.7052284563361, 651.2807062293125]]]}, "properties": {"id": 788, "height_m": 3.0, "levels": 1, "category": "residencial", "extrude": true, "manzana_id": 28}}, {"type": "Feature", "geometry": {"type": "Polygon", "coordinates": [[[-362.1222137771575, 637.365706229246], [-356.9309896015001, 639.4807862290473], [-358.4002039909224, 643.0430262291497], [-362.31810902891806, 641.707186228963], [-363.5914281662319, 641.1505862291818], [-362.1222137771575, 637.365706229246]]]}, "properties": {"id": 789, "height_m": 6.0, "levels": 2, "category": "residencial", "extrude": true, "manzana_id": 28}}, {"type": "Feature", "geometry": {"type": "Polygon", "coordinates": [[[-344.78548398329605, 645.2694262290654], [-343.7080600977429, 645.7147062291277], [-338.90862642595465, 647.8297862293244], [-343.90395534950346, 660.1863062289754], [-345.9608554945556, 665.5296662293267], [-347.82186038784704, 664.7504262293166], [-349.78081290684486, 663.9711862293066], [-351.83771305189697, 663.1919462292966], [-344.78548398329605, 645.2694262290654]]]}, "properties": {"id": 790, "height_m": 8.0, "levels": 0, "category": "residencial", "extrude": true, "manzana_id": 28}}, {"type": "Feature", "geometry": {"type": "Polygon", "coordinates": [[[-359.0858373726065, 660.2976262290897], [-361.82837089934264, 659.1844262291319], [-364.57090442573076, 658.071226229174], [-362.611951906733, 653.3957862291138], [-360.6529993877351, 648.4977062292201], [-358.4002039909224, 643.0430262291497], [-357.32278010536925, 640.3713462291718], [-357.22483247931495, 640.148706228943], [-351.6418178001364, 642.3751062292541], [-359.0858373726065, 660.2976262290897]]]}, "properties": {"id": 791, "height_m": 8.0, "levels": 0, "category": "residencial", "extrude": true, "manzana_id": 28}}, {"type": "Feature", "geometry": {"type": "Polygon", "coordinates": [[[-338.90862642595465, 647.8297862293244], [-332.24818786122285, 650.9467462289692], [-334.40303563232925, 655.7335062291439], [-331.95434498340796, 656.7353862289873], [-334.79482613585037, 664.0825062290255], [-340.6716836931918, 661.522146229162], [-343.90395534950346, 660.1863062289754], [-338.90862642595465, 647.8297862293244]]]}, "properties": {"id": 792, "height_m": 6.0, "levels": 2, "category": "residencial", "extrude": true, "manzana_id": 28}}, {"type": "Feature", "geometry": {"type": "Polygon", "coordinates": [[[-332.24818786122285, 650.9467462289692], [-330.19128771617073, 651.8373062290937], [-331.95434498340796, 656.7353862289873], [-334.40303563232925, 655.7335062291439], [-332.24818786122285, 650.9467462289692]]]}, "properties": {"id": 793, "height_m": 9.0, "levels": 3, "category": "residencial", "extrude": true, "manzana_id": 28}}, {"type": "Feature", "geometry": {"type": "Polygon", "coordinates": [[[-343.90395534950346, 660.1863062289754], [-340.6716836931918, 661.522146229162], [-341.8470552047993, 665.0843862292645], [-342.9244790900045, 664.7504262293166], [-343.6101124716885, 666.5315462291701], [-345.9608554945556, 665.5296662293267], [-343.90395534950346, 660.1863062289754]]]}, "properties": {"id": 794, "height_m": 3.0, "levels": 1, "category": "residencial", "extrude": true, "manzana_id": 28}}, {"type": "Feature", "geometry": {"type": "Polygon", "coordinates": [[[-330.19128771617073, 663.9711862293066], [-331.0728163496154, 663.5259062292444], [-329.99539246441014, 660.5202662293186], [-327.0569636855654, 661.9674262292243], [-328.1343875711186, 664.8617462290356], [-330.19128771617073, 663.9711862293066]]]}, "properties": {"id": 795, "height_m": 3.0, "levels": 1, "category": "residencial", "extrude": true, "manzana_id": 28}}, {"type": "Feature", "geometry": {"type": "Polygon", "coordinates": [[[-324.216482533123, 654.6203062291861], [-325.9795398000122, 659.1844262291319], [-328.2323351971729, 658.1825462292885], [-326.56722555599, 653.6184262289471], [-326.2733826781751, 653.7297462290616], [-324.70622066269846, 654.3976662289572], [-324.216482533123, 654.6203062291861]]]}, "properties": {"id": 796, "height_m": 9.0, "levels": 3, "category": "residencial", "extrude": true, "manzana_id": 28}}, {"type": "Feature", "geometry": {"type": "Polygon", "coordinates": [[[-326.86106843380486, 672.0975462289595], [-327.74259706724945, 674.4352662289896], [-337.34146441082595, 670.6503862290538], [-336.65583102914195, 669.2032262291481], [-336.1660928992185, 667.8673862289613], [-332.34613548727714, 669.6485062292104], [-326.86106843380486, 672.0975462289595]]]}, "properties": {"id": 797, "height_m": 3.0, "levels": 1, "category": "residencial", "extrude": true, "manzana_id": 28}}, {"type": "Feature", "geometry": {"type": "Polygon", "coordinates": [[[-332.34613548727714, 669.6485062292104], [-336.1660928992185, 667.8673862289613], [-334.79482613585037, 664.0825062290255], [-334.0112451284601, 662.0787462289433], [-331.0728163496154, 663.5259062292444], [-330.19128771617073, 663.9711862293066], [-332.34613548727714, 669.6485062292104]]]}, "properties": {"id": 798, "height_m": 9.0, "levels": 3, "category": "residencial", "extrude": true, "manzana_id": 28}}, {"type": "Feature", "geometry": {"type": "Polygon", "coordinates": [[[-331.0728163496154, 663.5259062292444], [-334.0112451284601, 662.0787462289433], [-331.95434498340796, 656.7353862289873], [-330.19128771617073, 651.8373062290937], [-329.60360196054097, 652.1712662290415], [-326.56722555599, 653.6184262289471], [-328.2323351971729, 658.1825462292885], [-325.9795398000122, 659.1844262291319], [-324.216482533123, 654.6203062291861], [-321.3760013803326, 655.9561462289773], [-320.8862632504091, 656.1787862292061], [-326.86106843380486, 672.0975462289595], [-332.34613548727714, 669.6485062292104], [-330.19128771617073, 663.9711862293066], [-328.1343875711186, 664.8617462290356], [-327.0569636855654, 661.9674262292243], [-329.99539246441014, 660.5202662293186], [-331.0728163496154, 663.5259062292444]]]}, "properties": {"id": 799, "height_m": 6.0, "levels": 2, "category": "residencial", "extrude": true, "manzana_id": 28}}, {"type": "Feature", "geometry": {"type": "Polygon", "coordinates": [[[-319.31910123528047, 680.3352262291221], [-324.1185349070687, 692.4691062289396], [-324.4123777848836, 692.3577862292207], [-329.70154958624727, 690.242706229024], [-324.90211591480704, 677.997506229092], [-319.31910123528047, 680.3352262291221]]]}, "properties": {"id": 800, "height_m": 3.0, "levels": 1, "category": "residencial", "extrude": true, "manzana_id": 28}}, {"type": "Feature", "geometry": {"type": "Polygon", "coordinates": [[[-317.06630583846777, 674.6579062292185], [-320.1026822430188, 673.4333862291462], [-316.6745153345986, 664.7504262293166], [-313.54019130399337, 665.7523062291601], [-317.06630583846777, 674.6579062292185]]]}, "properties": {"id": 801, "height_m": 9.0, "levels": 3, "category": "residencial", "extrude": true, "manzana_id": 28}}, {"type": "Feature", "geometry": {"type": "Polygon", "coordinates": [[[-324.90211591480704, 677.997506229092], [-324.80416828875275, 677.8861862289775], [-328.5261780749878, 676.3277062289575], [-328.2323351971729, 675.7711062291763], [-327.74259706724945, 674.4352662289896], [-320.8862632504091, 656.1787862292061], [-312.46276741844014, 663.1919462292966], [-313.54019130399337, 665.7523062291601], [-316.6745153345986, 664.7504262293166], [-320.1026822430188, 673.4333862291462], [-317.06630583846777, 674.6579062292185], [-318.829363105705, 678.9993862293309], [-319.2211536092262, 680.1125862292888], [-319.31910123528047, 680.3352262291221], [-324.90211591480704, 677.997506229092]]]}, "properties": {"id": 802, "height_m": 6.0, "levels": 2, "category": "residencial", "extrude": true, "manzana_id": 28}}, {"type": "Feature", "geometry": {"type": "Polygon", "coordinates": [[[-312.36481979273384, 663.1919462292966], [-312.26687216667955, 663.3032662290155], [-304.62695734244886, 671.3183062289494], [-308.25101950262956, 680.8918262292989], [-308.4469147543902, 681.3371062289656], [-308.5448623804445, 681.44842622908], [-308.6428100064988, 681.6710662293088], [-318.24167734972724, 677.6635462291442], [-312.46276741844014, 663.1919462292966], [-312.36481979273384, 663.1919462292966]]]}, "properties": {"id": 803, "height_m": 6.0, "levels": 2, "category": "residencial", "extrude": true, "manzana_id": 28}}, {"type": "Feature", "geometry": {"type": "Polygon", "coordinates": [[[-297.57472827349994, 703.3784662290803], [-298.16241402947765, 703.1558262292469], [-304.72490496815516, 700.3728262291545], [-302.76595244915734, 695.1407862293131], [-299.8275236706606, 696.3653062289899], [-298.6521521590532, 693.4709862291786], [-301.6885285636041, 692.2464662291063], [-301.5905809375499, 691.801186229044], [-297.28088539568506, 680.3352262291221], [-290.13070870102985, 690.0200662291905], [-291.8937659682671, 694.361546229303], [-292.48145172389684, 696.0313462290421], [-295.12603762492665, 694.9181462290842], [-296.6931996400553, 698.9256662292489], [-295.909618632317, 699.2596262291967], [-297.57472827349994, 703.3784662290803]]]}, "properties": {"id": 804, "height_m": 6.0, "levels": 2, "category": "residencial", "extrude": true, "manzana_id": 28}}, {"type": "Feature", "geometry": {"type": "Polygon", "coordinates": [[[-292.48145172389684, 696.0313462290421], [-293.4609279837437, 698.591706229301], [-295.61577575450207, 704.1577062290903], [-297.57472827349994, 703.3784662290803], [-295.909618632317, 699.2596262291967], [-296.6931996400553, 698.9256662292489], [-295.12603762492665, 694.9181462290842], [-292.48145172389684, 696.0313462290421]]]}, "properties": {"id": 805, "height_m": 9.0, "levels": 3, "category": "residencial", "extrude": true, "manzana_id": 28}}, {"type": "Feature", "geometry": {"type": "Polygon", "coordinates": [[[-301.6885285636041, 692.2464662291063], [-298.6521521590532, 693.4709862291786], [-299.8275236706606, 696.3653062289899], [-302.76595244915734, 695.1407862293131], [-302.66800482310305, 694.6955062292509], [-301.6885285636041, 692.2464662291063]]]}, "properties": {"id": 806, "height_m": 3.0, "levels": 1, "category": "residencial", "extrude": true, "manzana_id": 28}}, {"type": "Feature", "geometry": {"type": "Polygon", "coordinates": [[[-338.90862642595465, 674.546586229104], [-343.7080600977429, 672.9881062290839], [-344.68753635724175, 675.8824262292908], [-340.1819455632684, 677.5522262290298], [-343.1203743421131, 684.6767062292347], [-353.69871794518855, 680.3352262291221], [-351.93566067795126, 675.7711062291763], [-350.3684986624746, 676.4390262290719], [-347.43006988397786, 668.0900262291902], [-344.00190297555775, 669.2032262291481], [-343.7080600977429, 668.3126662290236], [-340.8675789449524, 669.4258662289815], [-341.1614218231153, 670.2051062289916], [-338.3209406703249, 671.6522662292926], [-337.8312025404014, 671.874906229126], [-338.90862642595465, 674.546586229104]]]}, "properties": {"id": 807, "height_m": 3.0, "levels": 1, "category": "residencial", "extrude": true, "manzana_id": 28}}, {"type": "Feature", "geometry": {"type": "Polygon", "coordinates": [[[-368.3908618380201, 656.6240662292684], [-366.333961692968, 657.4033062292784], [-368.1949665862595, 661.8561062291099], [-368.5867570901287, 662.9693062290677], [-370.15391910525733, 662.0787462289433], [-370.8395524869414, 662.3013862291721], [-370.4477619830722, 661.2995062293287], [-369.27239047181274, 658.7391462290697], [-368.3908618380201, 656.6240662292684]]]}, "properties": {"id": 808, "height_m": 3.0, "levels": 1, "category": "residencial", "extrude": true, "manzana_id": 28}}, {"type": "Feature", "geometry": {"type": "Polygon", "coordinates": [[[-362.2201614028638, 664.19382622914], [-358.7919944947916, 665.5296662293267], [-363.4934805405256, 676.3277062289575], [-366.62780457078287, 674.9918662291662], [-362.2201614028638, 664.19382622914]]]}, "properties": {"id": 809, "height_m": 6.0, "levels": 2, "category": "residencial", "extrude": true, "manzana_id": 28}}, {"type": "Feature", "geometry": {"type": "Polygon", "coordinates": [[[-370.8395524869414, 662.3013862291721], [-370.15391910525733, 662.0787462289433], [-368.5867570901287, 662.9693062290677], [-368.1949665862595, 661.8561062291099], [-362.2201614028638, 664.19382622914], [-366.62780457078287, 674.9918662291662], [-374.8554051509913, 671.6522662292926], [-371.81902874644027, 664.6391062292023], [-370.8395524869414, 662.3013862291721], [-370.8395524869414, 662.3013862291721]]]}, "properties": {"id": 810, "height_m": 6.0, "levels": 2, "category": "residencial", "extrude": true, "manzana_id": 28}}, {"type": "Feature", "geometry": {"type": "Polygon", "coordinates": [[[-381.90763421959224, 668.7579462290859], [-388.6660204103783, 665.9749462289935], [-385.6296440058273, 658.4051862291219], [-378.67536256328066, 661.4108262290476], [-381.90763421959224, 668.7579462290859]]]}, "properties": {"id": 811, "height_m": 3.0, "levels": 1, "category": "residencial", "extrude": true, "manzana_id": 28}}, {"type": "Feature", "geometry": {"type": "Polygon", "coordinates": [[[-369.86007622744245, 659.963666229142], [-370.4477619830722, 661.2995062293287], [-370.8395524869414, 662.3013862291721], [-370.8395524869414, 662.3013862291721], [-371.81902874644027, 664.6391062292023], [-374.8554051509913, 671.6522662292926], [-378.0876768076509, 670.3164262291059], [-381.90763421959224, 668.7579462290859], [-378.67536256328066, 661.4108262290476], [-378.3815196854658, 660.6315862290376], [-376.9123052960434, 657.1806662290496], [-369.86007622744245, 659.963666229142]]]}, "properties": {"id": 812, "height_m": 6.0, "levels": 2, "category": "residencial", "extrude": true, "manzana_id": 28}}, {"type": "Feature", "geometry": {"type": "Polygon", "coordinates": [[[-407.08017408979293, 679.2220262291643], [-399.9299973951377, 681.8937062291423], [-396.50183048671755, 683.229546229329], [-398.6566782578239, 688.7955462291183], [-409.23502186055134, 684.7880262289536], [-407.08017408979293, 679.2220262291643]]]}, "properties": {"id": 813, "height_m": 3.0, "levels": 1, "category": "restauracion", "extrude": true, "manzana_id": 28}}, {"type": "Feature", "geometry": {"type": "Polygon", "coordinates": [[[-393.26955883040597, 675.2145062289997], [-394.15108746385056, 677.4409062293108], [-397.87309725008566, 676.1050662291241], [-399.9299973951377, 675.325826229114], [-401.20331653245154, 678.8880662292165], [-399.1464163873994, 679.6673062292266], [-399.9299973951377, 681.8937062291423], [-407.08017408979293, 679.2220262291643], [-402.0848451662441, 666.6428662292846], [-391.604449189223, 670.8730262292827], [-393.26955883040597, 675.2145062289997]]]}, "properties": {"id": 814, "height_m": 6.0, "levels": 2, "category": "restauracion", "extrude": true, "manzana_id": 28}}, {"type": "Feature", "geometry": {"type": "Polygon", "coordinates": [[[-399.1464163873994, 679.6673062292266], [-401.20331653245154, 678.8880662292165], [-399.9299973951377, 675.325826229114], [-397.87309725008566, 676.1050662291241], [-399.1464163873994, 679.6673062292266]]]}, "properties": {"id": 815, "height_m": 3.0, "levels": 1, "category": "restauracion", "extrude": true, "manzana_id": 28}}, {"type": "Feature", "geometry": {"type": "Polygon", "coordinates": [[[-399.1464163873994, 679.6673062292266], [-395.62030185327296, 681.0031462290178], [-396.2079876089027, 682.6729462291523], [-396.50183048671755, 683.229546229329], [-399.9299973951377, 681.8937062291423], [-399.1464163873994, 679.6673062292266]]]}, "properties": {"id": 816, "height_m": 6.0, "levels": 2, "category": "restauracion", "extrude": true, "manzana_id": 28}}, {"type": "Feature", "geometry": {"type": "Polygon", "coordinates": [[[-385.92348688364217, 673.0994262291983], [-377.30409579991255, 676.5503462291863], [-380.43841983051783, 684.7880262289536], [-384.25837724245923, 683.229546229329], [-385.8255392579359, 687.459706229327], [-387.5885965248251, 686.7917862290359], [-384.84606299843693, 679.6673062292266], [-388.86191566248687, 678.4427862291543], [-388.3721775325634, 677.218266229082], [-387.4906488991188, 677.5522262290298], [-385.92348688364217, 673.0994262291983]]]}, "properties": {"id": 817, "height_m": 6.0, "levels": 2, "category": "restauracion", "extrude": true, "manzana_id": 28}}, {"type": "Feature", "geometry": {"type": "Polygon", "coordinates": [[[-393.26955883040597, 675.2145062289997], [-388.3721775325634, 677.218266229082], [-388.86191566248687, 678.4427862291543], [-391.31060631106016, 684.4540662290058], [-396.2079876089027, 682.6729462291523], [-395.62030185327296, 681.0031462290178], [-394.15108746385056, 677.4409062293108], [-393.26955883040597, 675.2145062289997]]]}, "properties": {"id": 818, "height_m": 3.0, "levels": 1, "category": "restauracion", "extrude": true, "manzana_id": 28}}, {"type": "Feature", "geometry": {"type": "Polygon", "coordinates": [[[-396.50183048671755, 683.229546229329], [-396.2079876089027, 682.6729462291523], [-391.31060631106016, 684.4540662290058], [-391.604449189223, 685.2333062290159], [-388.86191566248687, 686.3465062289737], [-392.5839254487219, 696.6992662289376], [-400.5176831507675, 693.6936262290119], [-398.6566782578239, 688.7955462291183], [-396.50183048671755, 683.229546229329]]]}, "properties": {"id": 819, "height_m": 3.0, "levels": 1, "category": "restauracion", "extrude": true, "manzana_id": 28}}, {"type": "Feature", "geometry": {"type": "Polygon", "coordinates": [[[-388.86191566248687, 686.3465062289737], [-387.5885965248251, 686.7917862290359], [-385.8255392579359, 687.459706229327], [-382.10352947170077, 688.7955462291183], [-384.06248199069864, 693.9162662292408], [-386.11938213575075, 699.2596262291967], [-392.5839254487219, 696.6992662289376], [-388.86191566248687, 686.3465062289737]]]}, "properties": {"id": 820, "height_m": 3.0, "levels": 1, "category": "restauracion", "extrude": true, "manzana_id": 28}}, {"type": "Feature", "geometry": {"type": "Polygon", "coordinates": [[[-384.06248199069864, 693.9162662292408], [-374.757457524937, 697.812466229291], [-376.71641004428284, 702.8218662292991], [-386.11938213575075, 699.2596262291967], [-384.06248199069864, 693.9162662292408]]]}, "properties": {"id": 821, "height_m": 3.0, "levels": 1, "category": "restauracion", "extrude": true, "manzana_id": 28}}, {"type": "Feature", "geometry": {"type": "Polygon", "coordinates": [[[-373.97387651754667, 690.4653462292528], [-380.6343150822785, 687.7936662292748], [-379.55689119672525, 685.1219862292969], [-372.8964526319935, 687.9049862289937], [-373.97387651754667, 690.4653462292528]]]}, "properties": {"id": 822, "height_m": 3.0, "levels": 1, "category": "restauracion", "extrude": true, "manzana_id": 28}}, {"type": "Feature", "geometry": {"type": "Polygon", "coordinates": [[[-368.68470471583504, 688.350266229056], [-369.17444284575845, 689.4634662290139], [-369.17444284575845, 689.4634662290139], [-372.11287162425515, 688.2389462289416], [-380.43841983051783, 684.7880262289536], [-377.30409579991255, 676.5503462291863], [-366.04011881515316, 681.1144662291322], [-365.7462759373383, 681.2257862292466], [-367.6072808302818, 685.5672662289636], [-368.68470471583504, 688.350266229056]]]}, "properties": {"id": 823, "height_m": 6.0, "levels": 2, "category": "restauracion", "extrude": true, "manzana_id": 28}}, {"type": "Feature", "geometry": {"type": "Polygon", "coordinates": [[[-369.86007622744245, 691.1332662291484], [-369.6641809753339, 690.6879862290862], [-369.17444284575845, 689.3521462292949], [-366.82369982289146, 690.3540262291383], [-367.5093332045755, 692.0238262292729], [-367.999071334151, 693.1370262292307], [-370.2518667313117, 692.1351462289919], [-369.86007622744245, 691.1332662291484]]]}, "properties": {"id": 824, "height_m": 9.0, "levels": 3, "category": "restauracion", "extrude": true, "manzana_id": 28}}, {"type": "Feature", "geometry": {"type": "Polygon", "coordinates": [[[-362.70989953278723, 700.2615062290402], [-365.2565378074148, 699.2596262291967], [-364.66885205178505, 697.812466229291], [-364.57090442573076, 697.9237862290099], [-362.1222137771575, 698.8143462291345], [-362.70989953278723, 700.2615062290402]]]}, "properties": {"id": 825, "height_m": 9.0, "levels": 3, "category": "restauracion", "extrude": true, "manzana_id": 28}}, {"type": "Feature", "geometry": {"type": "Polygon", "coordinates": [[[-362.70989953278723, 700.2615062290402], [-363.19963766236276, 701.5973462292268], [-363.78732341834046, 702.933186229018], [-363.88527104404676, 703.3784662290803], [-365.7462759373383, 702.7105462291847], [-366.43190931902234, 702.4879062289558], [-365.2565378074148, 699.2596262291967], [-362.70989953278723, 700.2615062290402]]]}, "properties": {"id": 826, "height_m": 9.0, "levels": 3, "category": "restauracion", "extrude": true, "manzana_id": 28}}, {"type": "Feature", "geometry": {"type": "Polygon", "coordinates": [[[-366.43190931902234, 702.4879062289558], [-373.1902955098084, 699.9275462290923], [-373.3861907615689, 699.8162262289779], [-372.79850500593915, 698.2577462289578], [-372.6026097541786, 697.812466229291], [-371.42723824257115, 695.0294662291986], [-368.7826523418893, 696.1426662291565], [-367.5093332045755, 693.2483462289497], [-367.999071334151, 693.1370262292307], [-367.5093332045755, 692.0238262292729], [-366.82369982289146, 690.3540262291383], [-369.17444284575845, 689.3521462292949], [-368.68470471583504, 688.350266229056], [-367.6072808302818, 685.5672662289636], [-366.92164744859775, 683.8974662292246], [-357.7145706092384, 687.6823462291604], [-358.4002039909224, 689.3521462292949], [-359.47762787612766, 692.1351462289919], [-360.8488946394957, 695.6973862290943], [-363.88527104404676, 694.472866229022], [-364.86474730389364, 696.9219062291666], [-364.66885205178505, 697.812466229291], [-366.43190931902234, 702.4879062289558]]]}, "properties": {"id": 827, "height_m": 6.0, "levels": 2, "category": "restauracion", "extrude": true, "manzana_id": 28}}, {"type": "Feature", "geometry": {"type": "Polygon", "coordinates": [[[-357.7145706092384, 687.6823462291604], [-366.92164744859775, 683.8974662292246], [-365.7462759373383, 681.2257862292466], [-356.63714672368525, 684.899346229068], [-357.7145706092384, 687.6823462291604]]]}, "properties": {"id": 828, "height_m": 3.0, "levels": 1, "category": "restauracion", "extrude": true, "manzana_id": 28}}, {"type": "Feature", "geometry": {"type": "Polygon", "coordinates": [[[-362.1222137771575, 698.8143462291345], [-362.1222137771575, 698.8143462291345], [-364.57090442573076, 697.9237862290099], [-364.66885205178505, 697.812466229291], [-364.86474730389364, 696.9219062291666], [-363.88527104404676, 694.472866229022], [-360.8488946394957, 695.6973862290943], [-362.1222137771575, 698.8143462291345]]]}, "properties": {"id": 829, "height_m": 3.0, "levels": 1, "category": "restauracion", "extrude": true, "manzana_id": 28}}, {"type": "Feature", "geometry": {"type": "Polygon", "coordinates": [[[-367.999071334151, 693.1370262292307], [-367.5093332045755, 693.2483462289497], [-368.7826523418893, 696.1426662291565], [-371.42723824257115, 695.0294662291986], [-370.2518667313117, 692.1351462289919], [-367.999071334151, 693.1370262292307]]]}, "properties": {"id": 830, "height_m": 3.0, "levels": 1, "category": "restauracion", "extrude": true, "manzana_id": 28}}, {"type": "Feature", "geometry": {"type": "Polygon", "coordinates": [[[-363.78732341834046, 702.933186229018], [-363.19963766236276, 701.5973462292268], [-362.1222137771575, 698.8143462291345], [-359.47762787612766, 692.1351462289919], [-358.4002039909224, 689.3521462292949], [-356.63714672368525, 684.899346229068], [-355.8535657159469, 685.1219862292969], [-346.64648887623963, 688.7955462291183], [-347.91980801390133, 692.2464662291063], [-348.801336647346, 694.472866229022], [-349.38902240297574, 696.0313462290421], [-350.2705510367683, 698.3690662290722], [-350.4664462885289, 698.9256662292489], [-350.66234154063744, 699.4822662290301], [-353.6007703191342, 707.1633462290162], [-363.19963766236276, 703.6011062293092], [-363.88527104404676, 703.3784662290803], [-363.78732341834046, 702.933186229018]]]}, "properties": {"id": 831, "height_m": 3.0, "levels": 1, "category": "restauracion", "extrude": true, "manzana_id": 28}}, {"type": "Feature", "geometry": {"type": "Polygon", "coordinates": [[[-349.58491765508427, 708.7218262290362], [-353.6007703191342, 707.1633462290162], [-352.42539880752673, 704.046386228976], [-348.4095461434768, 705.604866228996], [-349.58491765508427, 708.7218262290362]]]}, "properties": {"id": 832, "height_m": 6.0, "levels": 2, "category": "residencial", "extrude": true, "manzana_id": 28}}, {"type": "Feature", "geometry": {"type": "Polygon", "coordinates": [[[-343.80600772379717, 701.7086662289457], [-345.5690649910344, 701.0407462290502], [-345.2752221128715, 700.1501862293212], [-343.5121648459822, 700.8181062292168], [-343.80600772379717, 701.7086662289457]]]}, "properties": {"id": 834, "height_m": 9.0, "levels": 3, "category": "residencial", "extrude": true, "manzana_id": 28}}, {"type": "Feature", "geometry": {"type": "Polygon", "coordinates": [[[-339.79015505974724, 700.7067862291024], [-343.7080600977429, 710.948226228952], [-346.74443650229387, 709.7237062292752], [-345.8629078688492, 707.2746662291306], [-343.80600772379717, 701.7086662289457], [-342.1408980826142, 702.2652662291225], [-341.3573170748759, 700.1501862293212], [-339.79015505974724, 700.7067862291024]]]}, "properties": {"id": 835, "height_m": 9.0, "levels": 3, "category": "residencial", "extrude": true, "manzana_id": 28}}, {"type": "Feature", "geometry": {"type": "Polygon", "coordinates": [[[-342.9244790900045, 698.9256662292489], [-341.4552647009302, 694.9181462290842], [-347.91980801390133, 692.2464662291063], [-346.64648887623963, 688.7955462291183], [-336.85172628090254, 692.8030662292829], [-338.2229930442706, 696.3653062289899], [-339.59425980763865, 700.1501862293212], [-341.1614218231153, 699.5935862291445], [-342.04295045655994, 699.2596262291967], [-342.9244790900045, 698.9256662292489]]]}, "properties": {"id": 836, "height_m": 9.0, "levels": 3, "category": "residencial", "extrude": true, "manzana_id": 28}}, {"type": "Feature", "geometry": {"type": "Polygon", "coordinates": [[[-346.74443650229387, 709.7237062292752], [-348.5074937695311, 709.0557862289841], [-347.43006988397786, 705.9388262289439], [-348.4095461434768, 705.604866228996], [-347.82186038784704, 704.046386228976], [-346.2546983727184, 699.704906229259], [-345.2752221128715, 700.1501862293212], [-345.5690649910344, 701.0407462290502], [-343.80600772379717, 701.7086662289457], [-345.8629078688492, 707.2746662291306], [-346.74443650229387, 709.7237062292752]]]}, "properties": {"id": 837, "height_m": 9.0, "levels": 3, "category": "residencial", "extrude": true, "manzana_id": 28}}, {"type": "Feature", "geometry": {"type": "Polygon", "coordinates": [[[-348.5074937695311, 709.0557862289841], [-349.58491765508427, 708.7218262290362], [-348.4095461434768, 705.604866228996], [-347.43006988397786, 705.9388262289439], [-348.5074937695311, 709.0557862289841]]]}, "properties": {"id": 838, "height_m": 9.0, "levels": 3, "category": "residencial", "extrude": true, "manzana_id": 28}}, {"type": "Feature", "geometry": {"type": "Polygon", "coordinates": [[[-348.4095461434768, 705.604866228996], [-352.42539880752673, 704.046386228976], [-350.76028916634374, 699.8162262289779], [-348.6054413955854, 700.5954662289879], [-347.43006988397786, 697.2558662291144], [-349.58491765508427, 696.5879462292187], [-349.38902240297574, 696.0313462290421], [-348.801336647346, 694.472866229022], [-347.91980801390133, 692.2464662291063], [-341.4552647009302, 694.9181462290842], [-342.9244790900045, 698.9256662292489], [-344.58958873118746, 698.3690662290722], [-345.2752221128715, 700.1501862293212], [-346.2546983727184, 699.704906229259], [-347.82186038784704, 704.046386228976], [-348.4095461434768, 705.604866228996]]]}, "properties": {"id": 839, "height_m": 6.0, "levels": 2, "category": "residencial", "extrude": true, "manzana_id": 28}}, {"type": "Feature", "geometry": {"type": "Polygon", "coordinates": [[[-332.7379259907983, 709.7237062292752], [-334.50098325803555, 714.3991462289399], [-336.7537786551962, 713.508586229211], [-334.990721387959, 708.8331462291507], [-332.7379259907983, 709.7237062292752]]]}, "properties": {"id": 840, "height_m": 9.0, "levels": 3, "category": "residencial", "extrude": true, "manzana_id": 28}}, {"type": "Feature", "geometry": {"type": "Polygon", "coordinates": [[[-341.74910757874505, 711.616146229243], [-343.7080600977429, 710.948226228952], [-341.4552647009302, 705.1595862293293], [-338.712731174194, 706.2727862292871], [-337.63530728864083, 703.3784662290803], [-338.2229930442706, 703.1558262292469], [-336.7537786551962, 699.2596262291967], [-338.90862642595465, 698.3690662290722], [-338.2229930442706, 696.3653062289899], [-337.9291501664557, 695.5860662289798], [-328.72207332674833, 699.2596262291967], [-329.89744483835585, 702.3765862292369], [-331.2687116017239, 705.9388262289439], [-334.1091927541664, 704.825626228986], [-334.59893088408984, 706.2727862292871], [-334.6968785101441, 706.9407062291828], [-334.50098325803555, 707.4973062289639], [-334.0112451284601, 708.0539062291406], [-333.7174022506452, 708.165226229255], [-332.34613548727714, 708.7218262290362], [-332.7379259907983, 709.7237062292752], [-334.990721387959, 708.8331462291507], [-336.7537786551962, 713.508586229211], [-337.43941203688024, 713.2859462289821], [-341.74910757874505, 711.616146229243]]]}, "properties": {"id": 841, "height_m": 6.0, "levels": 2, "category": "residencial", "extrude": true, "manzana_id": 28}}, {"type": "Feature", "geometry": {"type": "Polygon", "coordinates": [[[-328.72207332674833, 699.2596262291967], [-337.9291501664557, 695.5860662289798], [-336.85172628090254, 692.8030662292829], [-327.64464944154315, 696.4766262291043], [-328.72207332674833, 699.2596262291967]]]}, "properties": {"id": 842, "height_m": 3.0, "levels": 1, "category": "residencial", "extrude": true, "manzana_id": 28}}, {"type": "Feature", "geometry": {"type": "Polygon", "coordinates": [[[-338.2229930442706, 703.1558262292469], [-340.37784081537694, 702.2652662291225], [-338.90862642595465, 698.3690662290722], [-336.7537786551962, 699.2596262291967], [-338.2229930442706, 703.1558262292469]]]}, "properties": {"id": 843, "height_m": 9.0, "levels": 3, "category": "residencial", "extrude": true, "manzana_id": 28}}, {"type": "Feature", "geometry": {"type": "Polygon", "coordinates": [[[-338.2229930442706, 703.1558262292469], [-337.63530728864083, 703.3784662290803], [-338.712731174194, 706.2727862292871], [-341.4552647009302, 705.1595862293293], [-340.37784081537694, 702.2652662291225], [-338.2229930442706, 703.1558262292469]]]}, "properties": {"id": 844, "height_m": 3.0, "levels": 1, "category": "residencial", "extrude": true, "manzana_id": 28}}, {"type": "Feature", "geometry": {"type": "Polygon", "coordinates": [[[-332.34613548727714, 708.7218262290362], [-333.7174022506452, 708.165226229255], [-334.0112451284601, 708.0539062291406], [-334.50098325803555, 707.4973062289639], [-334.6968785101441, 706.9407062291828], [-334.59893088408984, 706.2727862292871], [-334.1091927541664, 704.825626228986], [-331.2687116017239, 705.9388262289439], [-332.34613548727714, 708.7218262290362]]]}, "properties": {"id": 845, "height_m": 3.0, "levels": 1, "category": "residencial", "extrude": true, "manzana_id": 28}}, {"type": "Feature", "geometry": {"type": "Polygon", "coordinates": [[[-327.64464944154315, 696.4766262291043], [-317.26220109022836, 700.5954662289879], [-318.24167734972724, 703.0445062291325], [-322.1595823880709, 701.5973462292268], [-323.3349538993304, 705.0482662292148], [-329.89744483835585, 702.3765862292369], [-327.64464944154315, 696.4766262291043]]]}, "properties": {"id": 846, "height_m": 6.0, "levels": 2, "category": "residencial", "extrude": true, "manzana_id": 28}}, {"type": "Feature", "geometry": {"type": "Polygon", "coordinates": [[[-329.89744483835585, 702.3765862292369], [-323.3349538993304, 705.0482662292148], [-324.70622066269846, 708.3878662290884], [-320.9842108764634, 709.6123862291607], [-322.74726814370064, 714.0651862289922], [-324.4123777848836, 718.1840262292712], [-334.50098325803555, 714.3991462289399], [-329.89744483835585, 702.3765862292369]]]}, "properties": {"id": 847, "height_m": 3.0, "levels": 1, "category": "residencial", "extrude": true, "manzana_id": 28}}, {"type": "Feature", "geometry": {"type": "Polygon", "coordinates": [[[-323.3349538993304, 705.0482662292148], [-322.1595823880709, 701.5973462292268], [-318.24167734972724, 703.0445062291325], [-319.71089173914964, 706.4954262291205], [-323.3349538993304, 705.0482662292148]]]}, "properties": {"id": 848, "height_m": 9.0, "levels": 3, "category": "residencial", "extrude": true, "manzana_id": 28}}, {"type": "Feature", "geometry": {"type": "Polygon", "coordinates": [[[-320.9842108764634, 709.6123862291607], [-317.7519392201518, 710.6142662290041], [-318.6334678535964, 713.1746262292631], [-319.41704886133476, 715.4010262291788], [-322.74726814370064, 714.0651862289922], [-320.9842108764634, 709.6123862291607]]]}, "properties": {"id": 849, "height_m": 9.0, "levels": 3, "category": "residencial", "extrude": true, "manzana_id": 28}}, {"type": "Feature", "geometry": {"type": "Polygon", "coordinates": [[[-314.91145806736137, 721.7462662289781], [-324.4123777848836, 718.1840262292712], [-322.74726814370064, 714.0651862289922], [-319.41704886133476, 715.4010262291788], [-318.6334678535964, 713.1746262292631], [-315.40119619728483, 714.5104662290544], [-314.42171993778595, 711.7274662289619], [-311.4832911589412, 712.7293462292009], [-314.91145806736137, 721.7462662289781]]]}, "properties": {"id": 850, "height_m": 6.0, "levels": 2, "category": "residencial", "extrude": true, "manzana_id": 28}}, {"type": "Feature", "geometry": {"type": "Polygon", "coordinates": [[[-302.1782666935276, 715.7349862291267], [-306.1941193575775, 714.287826229221], [-303.1577429530265, 706.2727862292871], [-299.2398379146829, 707.8312662293072], [-302.1782666935276, 715.7349862291267]]]}, "properties": {"id": 851, "height_m": 3.0, "levels": 1, "category": "residencial", "extrude": true, "manzana_id": 28}}, {"type": "Feature", "geometry": {"type": "Polygon", "coordinates": [[[-289.1512324415309, 711.8387862290764], [-282.2948986246906, 714.5104662290544], [-281.8051604951151, 714.7331062292833], [-288.9553371897703, 731.7650662289943], [-296.20346151013183, 728.9820662292975], [-294.0486137393735, 723.5273862292272], [-296.3993567622405, 722.6368262291027], [-298.5542045329988, 727.9801862290585], [-305.70438122765404, 725.1971862289662], [-303.25569057908075, 718.5179862292191], [-302.37416194528817, 716.1802662291889], [-299.2398379146829, 707.8312662293072], [-291.7958183422128, 710.7255862291186], [-293.8527184872649, 714.8444262290022], [-291.3060802126373, 715.8463062292411], [-289.1512324415309, 711.8387862290764]]]}, "properties": {"id": 852, "height_m": 3.0, "levels": 1, "category": "residencial", "extrude": true, "manzana_id": 28}}, {"type": "Feature", "geometry": {"type": "Polygon", "coordinates": [[[-358.9878897465522, 729.0933862290165], [-361.3386327694192, 734.6593862292012], [-364.27706154791593, 733.5461862292434], [-366.333961692968, 739.223506229147], [-371.9169763724946, 739.1121862290327], [-367.999071334151, 728.870746229183], [-367.80317608239034, 728.3141462290064], [-367.6072808302818, 727.7575462292252], [-367.01959507465205, 726.0877462290907], [-358.9878897465522, 729.0933862290165]]]}, "properties": {"id": 853, "height_m": 3.0, "levels": 1, "category": "residencial", "extrude": true, "manzana_id": 35}}, {"type": "Feature", "geometry": {"type": "Polygon", "coordinates": [[[-358.9878897465522, 729.0933862290165], [-367.01959507465205, 726.0877462290907], [-366.43190931902234, 724.640586229185], [-365.0606425556542, 720.8557062292492], [-356.8330419754458, 723.9726662292894], [-358.9878897465522, 729.0933862290165]]]}, "properties": {"id": 854, "height_m": 6.0, "levels": 2, "category": "residencial", "extrude": true, "manzana_id": 35}}, {"type": "Feature", "geometry": {"type": "Polygon", "coordinates": [[[-358.9878897465522, 739.3348262292615], [-357.32278010536925, 735.3273062290968], [-355.26587996031714, 736.1065462291069], [-356.44125147157666, 739.3348262292615], [-358.9878897465522, 739.3348262292615]]]}, "properties": {"id": 855, "height_m": 3.0, "levels": 1, "category": "residencial", "extrude": true, "manzana_id": 35}}, {"type": "Feature", "geometry": {"type": "Polygon", "coordinates": [[[-356.8330419754458, 723.9726662292894], [-348.801336647346, 726.8669862291007], [-350.4664462885289, 730.8745062292654], [-351.7397654258427, 734.1027862290246], [-356.1474085937618, 732.5443062290044], [-357.32278010536925, 735.3273062290968], [-358.9878897465522, 739.3348262292615], [-363.19963766236276, 739.223506229147], [-361.3386327694192, 734.6593862292012], [-356.8330419754458, 723.9726662292894]]]}, "properties": {"id": 856, "height_m": 3.0, "levels": 1, "category": "residencial", "extrude": true, "manzana_id": 35}}, {"type": "Feature", "geometry": {"type": "Polygon", "coordinates": [[[-350.4664462885289, 730.8745062292654], [-348.801336647346, 726.8669862291007], [-340.4757884414313, 729.9839462291409], [-341.74910757874505, 739.5574662290949], [-353.79666557089485, 739.3348262292615], [-351.7397654258427, 734.1027862290246], [-347.6259651357385, 734.2141062291389], [-347.5280175100322, 731.8763862291088], [-350.4664462885289, 730.8745062292654]]]}, "properties": {"id": 857, "height_m": 3.0, "levels": 1, "category": "residencial", "extrude": true, "manzana_id": 35}}, {"type": "Feature", "geometry": {"type": "Polygon", "coordinates": [[[-351.7397654258427, 734.1027862290246], [-350.4664462885289, 730.8745062292654], [-347.5280175100322, 731.8763862291088], [-347.6259651357385, 734.2141062291389], [-351.7397654258427, 734.1027862290246]]]}, "properties": {"id": 858, "height_m": 6.0, "levels": 2, "category": "residencial", "extrude": true, "manzana_id": 35}}, {"type": "Feature", "geometry": {"type": "Polygon", "coordinates": [[[-329.50565433448674, 744.1215862290408], [-341.3573170748759, 742.3404662291873], [-340.37784081537694, 735.4386262292112], [-334.6968785101441, 737.4423862292936], [-330.19128771617073, 737.665026229127], [-329.11386383061756, 737.7763462292414], [-329.50565433448674, 744.1215862290408]]]}, "properties": {"id": 859, "height_m": 6.0, "levels": 2, "category": "residencial", "extrude": true, "manzana_id": 35}}, {"type": "Feature", "geometry": {"type": "Polygon", "coordinates": [[[-322.64932051764634, 744.3442262292696], [-325.39185404438246, 744.2329062291551], [-329.50565433448674, 744.1215862290408], [-329.11386383061756, 737.7763462292414], [-324.90211591480704, 738.1103062291892], [-325.2939064183282, 742.2291462290729], [-322.55137289194005, 742.3404662291873], [-322.64932051764634, 744.3442262292696]]]}, "properties": {"id": 860, "height_m": 3.0, "levels": 1, "category": "residencial", "extrude": true, "manzana_id": 35}}, {"type": "Feature", "geometry": {"type": "Polygon", "coordinates": [[[-330.19128771617073, 737.665026229127], [-334.6968785101441, 737.4423862292936], [-340.37784081537694, 735.4386262292112], [-339.59425980763865, 730.6518662290365], [-329.60360196054097, 734.2141062291389], [-330.19128771617073, 737.665026229127]]]}, "properties": {"id": 861, "height_m": 3.0, "levels": 1, "category": "residencial", "extrude": true, "manzana_id": 35}}, {"type": "Feature", "geometry": {"type": "Polygon", "coordinates": [[[-302.86390007521163, 717.4047862292612], [-302.96184770091793, 717.8500662293234], [-304.9208002202637, 717.0708262293134], [-305.70438122765404, 719.408546228948], [-303.8433763347105, 720.0764662292391], [-305.70438122765404, 725.1971862289662], [-307.85922899876044, 724.4179462289561], [-314.91145806736137, 721.7462662289781], [-313.05045317441784, 716.8481862290845], [-310.6997101515509, 717.6274262290946], [-309.81818151775826, 715.4010262291788], [-312.26687216667955, 714.6217862291688], [-312.0709769149189, 714.287826229221], [-309.81818151775826, 715.067066229231], [-304.82285259420945, 716.73686622897], [-302.86390007521163, 717.4047862292612]]]}, "properties": {"id": 862, "height_m": 6.0, "levels": 2, "category": "residencial", "extrude": true, "manzana_id": 28}}, {"type": "Feature", "geometry": {"type": "Polygon", "coordinates": [[[-302.86390007521163, 717.4047862292612], [-304.82285259420945, 716.73686622897], [-309.81818151775826, 715.067066229231], [-312.0709769149189, 714.287826229221], [-311.4832911589412, 712.7293462292009], [-311.3853435332349, 712.2840662291387], [-306.1941193575775, 714.287826229221], [-302.1782666935276, 715.7349862291267], [-302.37416194528817, 716.1802662291889], [-302.86390007521163, 717.4047862292612]]]}, "properties": {"id": 863, "height_m": 9.0, "levels": 3, "category": "residencial", "extrude": true, "manzana_id": 28}}, {"type": "Feature", "geometry": {"type": "Polygon", "coordinates": [[[-378.67536256328066, 579.2566662292312], [-376.0307766625988, 580.2585462290746], [-379.16510069285613, 588.3849062291229], [-382.00558184564653, 587.3830262292795], [-381.80968659388594, 586.9377462292173], [-378.67536256328066, 579.2566662292312]]]}, "properties": {"id": 864, "height_m": 3.0, "levels": 1, "category": "residencial", "extrude": true, "manzana_id": 42}}, {"type": "Feature", "geometry": {"type": "Polygon", "coordinates": [[[-384.45427249456776, 593.5056262292454], [-383.2789009829603, 590.7226262291531], [-374.07182414325297, 594.173546229141], [-374.95335277704555, 596.3999462290567], [-375.2471956548605, 597.0678662289524], [-384.45427249456776, 593.5056262292454]]]}, "properties": {"id": 865, "height_m": 3.0, "levels": 1, "category": "residencial", "extrude": true, "manzana_id": 42}}, {"type": "Feature", "geometry": {"type": "Polygon", "coordinates": [[[-382.00558184564653, 587.3830262292795], [-379.16510069285613, 588.3849062291229], [-372.79850500593915, 590.7226262291531], [-373.6800336397318, 593.1716662292977], [-374.07182414325297, 594.173546229141], [-383.2789009829603, 590.7226262291531], [-382.00558184564653, 587.3830262292795]]]}, "properties": {"id": 866, "height_m": 3.0, "levels": 1, "category": "residencial", "extrude": true, "manzana_id": 42}}, {"type": "Feature", "geometry": {"type": "Polygon", "coordinates": [[[-376.0307766625988, 580.2585462290746], [-369.5662333496276, 582.8189062289381], [-371.81902874644027, 588.3849062291229], [-372.79850500593915, 590.7226262291531], [-379.16510069285613, 588.3849062291229], [-376.0307766625988, 580.2585462290746]]]}, "properties": {"id": 867, "height_m": 3.0, "levels": 1, "category": "residencial", "extrude": true, "manzana_id": 42}}, {"type": "Feature", "geometry": {"type": "Polygon", "coordinates": [[[-374.07182414325297, 594.173546229141], [-373.6800336397318, 593.1716662292977], [-368.7826523418893, 594.9527862291511], [-364.27706154791593, 596.6225862292856], [-365.1585901817085, 598.8489862292013], [-371.42723824257115, 596.3999462290567], [-371.81902874644027, 597.7357862292434], [-374.95335277704555, 596.3999462290567], [-374.07182414325297, 594.173546229141]]]}, "properties": {"id": 868, "height_m": 3.0, "levels": 1, "category": "residencial", "extrude": true, "manzana_id": 42}}, {"type": "Feature", "geometry": {"type": "Polygon", "coordinates": [[[-366.92164744859775, 590.1660262289763], [-362.70989953278723, 591.6131862292775], [-362.41605665497235, 591.7245062289965], [-362.41605665497235, 591.8358262291109], [-364.27706154791593, 596.6225862292856], [-368.7826523418893, 594.9527862291511], [-366.92164744859775, 590.1660262289763]]]}, "properties": {"id": 869, "height_m": 3.0, "levels": 1, "category": "residencial", "extrude": true, "manzana_id": 42}}, {"type": "Feature", "geometry": {"type": "Polygon", "coordinates": [[[-367.6072808302818, 583.5981462289482], [-367.2154903267606, 583.820786229177], [-360.261208883866, 586.492466229155], [-362.02426615110323, 590.8339462292674], [-362.41605665497235, 591.7245062289965], [-362.70989953278723, 591.6131862292775], [-366.92164744859775, 590.1660262289763], [-369.6641809753339, 589.0528262290185], [-367.90112370844463, 584.2660662292393], [-367.6072808302818, 583.5981462289482]]]}, "properties": {"id": 870, "height_m": 6.0, "levels": 2, "category": "residencial", "extrude": true, "manzana_id": 42}}, {"type": "Feature", "geometry": {"type": "Polygon", "coordinates": [[[-369.5662333496276, 582.8189062289381], [-368.1949665862595, 583.3755062291148], [-367.6072808302818, 583.5981462289482], [-367.90112370844463, 584.2660662292393], [-369.6641809753339, 589.0528262290185], [-371.81902874644027, 588.3849062291229], [-369.5662333496276, 582.8189062289381]]]}, "properties": {"id": 871, "height_m": 6.0, "levels": 2, "category": "residencial", "extrude": true, "manzana_id": 42}}, {"type": "Feature", "geometry": {"type": "Polygon", "coordinates": [[[-360.16326125781166, 604.7489462289384], [-357.0289372275544, 605.9734662290107], [-358.0084134870533, 608.6451462289887], [-361.1427375176586, 607.5319462290308], [-360.16326125781166, 604.7489462289384]]]}, "properties": {"id": 872, "height_m": 3.0, "levels": 1, "category": "residencial", "extrude": true, "manzana_id": 42}}, {"type": "Feature", "geometry": {"type": "Polygon", "coordinates": [[[-360.261208883866, 586.492466229155], [-351.15207967021297, 590.0547062292574], [-352.3274511818204, 593.2829862290166], [-353.5028226930799, 596.5112662291712], [-357.0289372275544, 595.2867462290989], [-358.2043087388139, 598.4037062291391], [-354.5802465786331, 599.516906229097], [-357.0289372275544, 605.9734662290107], [-360.16326125781166, 604.7489462289384], [-361.7304232732883, 604.1923462291572], [-360.3591565099203, 600.0735062292736], [-363.4934805405256, 598.9603062293157], [-360.8488946394957, 591.8358262291109], [-361.7304232732883, 591.501866229163], [-362.41605665497235, 591.7245062289965], [-362.02426615110323, 590.8339462292674], [-360.261208883866, 586.492466229155]]]}, "properties": {"id": 873, "height_m": 3.0, "levels": 1, "category": "residencial", "extrude": true, "manzana_id": 42}}, {"type": "Feature", "geometry": {"type": "Polygon", "coordinates": [[[-352.3274511818204, 593.2829862290166], [-351.15207967021297, 590.0547062292574], [-341.74910757874505, 593.7282662290788], [-346.05880312060987, 605.4168662292295], [-350.17260341071403, 603.8583862292094], [-347.82186038784704, 598.1810662293058], [-350.8582367923981, 596.9565462292335], [-349.8787605328992, 594.2848662292555], [-352.3274511818204, 593.2829862290166]]]}, "properties": {"id": 874, "height_m": 3.0, "levels": 1, "category": "residencial", "extrude": true, "manzana_id": 42}}, {"type": "Feature", "geometry": {"type": "Polygon", "coordinates": [[[-348.7033890212917, 612.43002622932], [-343.1203743421131, 614.7677462289546], [-349.48697002903003, 633.0242262291335], [-351.3479749223215, 633.6921462290292], [-355.6576704641863, 632.0223462292902], [-350.5643939145832, 617.6620662291614], [-348.7033890212917, 612.43002622932]]]}, "properties": {"id": 875, "height_m": 3.0, "levels": 1, "category": "residencial", "extrude": true, "manzana_id": 42}}, {"type": "Feature", "geometry": {"type": "Polygon", "coordinates": [[[-363.3955329144713, 624.2299462291896], [-362.1222137771575, 624.8978662290853], [-359.57557550218195, 619.1092262290671], [-356.44125147157666, 620.5563862289728], [-354.7761418303937, 615.9922662290269], [-350.5643939145832, 617.6620662291614], [-355.6576704641863, 632.0223462292902], [-365.0606425556542, 628.1261462292399], [-363.3955329144713, 624.2299462291896]]]}, "properties": {"id": 876, "height_m": 3.0, "levels": 1, "category": "residencial", "extrude": true, "manzana_id": 42}}, {"type": "Feature", "geometry": {"type": "Polygon", "coordinates": [[[-367.7052284563361, 605.0829062292817], [-365.3544854334691, 605.9734662290107], [-368.1949665862595, 612.9866262291011], [-368.68470471583504, 612.7639862292677], [-369.17444284575845, 612.6526662291533], [-370.6436572351808, 612.3187062292055], [-367.7052284563361, 605.0829062292817]]]}, "properties": {"id": 877, "height_m": 3.0, "levels": 1, "category": "residencial", "extrude": true, "manzana_id": 42}}, {"type": "Feature", "geometry": {"type": "Polygon", "coordinates": [[[-368.68470471583504, 612.7639862292677], [-368.1949665862595, 612.9866262291011], [-360.06531363210536, 616.2149062292558], [-361.1427375176586, 618.7752662291193], [-365.64832831128393, 617.3281062292136], [-366.82369982289146, 620.4450662292538], [-362.5140042810267, 622.1148662289929], [-363.3955329144713, 624.2299462291896], [-365.0606425556542, 628.1261462292399], [-375.2471956548605, 623.8959862292418], [-373.7779812654381, 620.111106229306], [-372.0149239982009, 621.001666229035], [-368.68470471583504, 612.7639862292677]]]}, "properties": {"id": 878, "height_m": 3.0, "levels": 1, "category": "residencial", "extrude": true, "manzana_id": 42}}, {"type": "Feature", "geometry": {"type": "Polygon", "coordinates": [[[-380.2425245784093, 609.5357062291132], [-379.8507340745401, 608.6451462289887], [-370.6436572351808, 612.3187062292055], [-371.721081120386, 615.1017062292979], [-375.2471956548605, 613.4319062291634], [-376.1287242883051, 615.7696262291936], [-372.6026097541786, 617.2167862290992], [-373.7779812654381, 620.111106229306], [-375.2471956548605, 623.8959862292418], [-384.45427249456776, 620.111106229306], [-383.0830057311997, 616.771506229037], [-381.1240532122019, 617.550746229047], [-378.57741493722637, 610.3149462291232], [-380.0466293266487, 609.5357062291132], [-380.2425245784093, 609.5357062291132]]]}, "properties": {"id": 879, "height_m": 3.0, "levels": 1, "category": "residencial", "extrude": true, "manzana_id": 42}}, {"type": "Feature", "geometry": {"type": "Polygon", "coordinates": [[[-379.75278644883383, 600.296146229107], [-377.01025292209766, 601.4093462290648], [-379.8507340745401, 608.6451462289887], [-380.2425245784093, 609.5357062291132], [-380.6343150822785, 610.648906229071], [-382.98505810514547, 609.7583462289465], [-383.3768486090146, 609.5357062291132], [-379.75278644883383, 600.296146229107]]]}, "properties": {"id": 880, "height_m": 6.0, "levels": 2, "category": "residencial", "extrude": true, "manzana_id": 42}}, {"type": "Feature", "geometry": {"type": "Polygon", "coordinates": [[[-385.1399058762518, 614.9903862291835], [-382.7891628533848, 615.9922662290269], [-383.0830057311997, 616.771506229037], [-384.45427249456776, 620.111106229306], [-386.8050155174348, 619.1092262290671], [-385.1399058762518, 614.9903862291835]]]}, "properties": {"id": 881, "height_m": 3.0, "levels": 1, "category": "residencial", "extrude": true, "manzana_id": 42}}, {"type": "Feature", "geometry": {"type": "Polygon", "coordinates": [[[-382.98505810514547, 609.7583462289465], [-380.6343150822785, 610.648906229071], [-382.7891628533848, 615.9922662290269], [-385.1399058762518, 614.9903862291835], [-382.98505810514547, 609.7583462289465]]]}, "properties": {"id": 882, "height_m": 6.0, "levels": 2, "category": "residencial", "extrude": true, "manzana_id": 42}}, {"type": "Feature", "geometry": {"type": "Polygon", "coordinates": [[[-390.2331824258549, 607.7545862292596], [-390.0372871737464, 607.3093062291974], [-389.84139192198575, 606.9753462292497], [-383.3768486090146, 609.5357062291132], [-382.98505810514547, 609.7583462289465], [-385.1399058762518, 614.9903862291835], [-386.8050155174348, 619.1092262290671], [-393.6613493342751, 616.3262262289747], [-391.11471105929957, 610.0923062292898], [-390.4290776776155, 608.3111862290409], [-390.2331824258549, 607.7545862292596]]]}, "properties": {"id": 883, "height_m": 3.0, "levels": 1, "category": "residencial", "extrude": true, "manzana_id": 42}}, {"type": "Feature", "geometry": {"type": "Polygon", "coordinates": [[[-389.3516537920623, 596.5112662291712], [-386.11938213575075, 597.7357862292434], [-388.47012515861775, 603.5244262292616], [-391.89829206703786, 602.2999062291893], [-389.3516537920623, 596.5112662291712]]]}, "properties": {"id": 884, "height_m": 3.0, "levels": 1, "category": "residencial", "extrude": true, "manzana_id": 42}}, {"type": "Feature", "geometry": {"type": "Polygon", "coordinates": [[[-398.46078300571537, 599.8508662290448], [-391.89829206703786, 602.2999062291893], [-388.47012515861775, 603.5244262292616], [-389.84139192198575, 606.9753462292497], [-390.0372871737464, 607.3093062291974], [-390.2331824258549, 607.7545862292596], [-390.72292055543045, 607.6432662291452], [-394.54287796771973, 606.0847862291251], [-395.5223542272186, 608.5338262292697], [-391.11471105929957, 610.0923062292898], [-393.6613493342751, 616.3262262289747], [-403.4561119296122, 612.3187062292055], [-398.46078300571537, 599.8508662290448]]]}, "properties": {"id": 885, "height_m": 3.0, "levels": 1, "category": "residencial", "extrude": true, "manzana_id": 42}}, {"type": "Feature", "geometry": {"type": "Polygon", "coordinates": [[[-374.07182414325297, 534.9513062291683], [-372.5046621281243, 531.0551062291181], [-370.15391910525733, 530.7211462291702], [-362.02426615110323, 534.0607462290438], [-364.66885205178505, 540.4059862292387], [-367.90112370844463, 539.1814662291664], [-367.31343795246687, 537.5116662290318], [-374.07182414325297, 534.9513062291683]]]}, "properties": {"id": 886, "height_m": 9.0, "levels": 3, "category": "residencial", "extrude": true, "manzana_id": 33}}, {"type": "Feature", "geometry": {"type": "Polygon", "coordinates": [[[-379.45894357067095, 548.4210262291725], [-378.3815196854658, 545.7493462291945], [-373.58208601367755, 547.8644262289959], [-374.6595098992307, 550.3134662291404], [-379.45894357067095, 548.4210262291725]]]}, "properties": {"id": 887, "height_m": 9.0, "levels": 3, "category": "residencial", "extrude": true, "manzana_id": 33}}, {"type": "Feature", "geometry": {"type": "Polygon", "coordinates": [[[-374.07182414325297, 534.9513062291683], [-367.31343795246687, 537.5116662290318], [-367.90112370844463, 539.1814662291664], [-364.66885205178505, 540.4059862292387], [-366.2360140672617, 544.07954622906], [-369.95802385349674, 542.5210662290399], [-371.23134299081056, 545.5267062289657], [-367.4113855785212, 546.8625462291525], [-369.6641809753339, 552.2059062291083], [-374.6595098992307, 550.3134662291404], [-373.58208601367755, 547.8644262289959], [-378.3815196854658, 545.7493462291945], [-374.07182414325297, 534.9513062291683]]]}, "properties": {"id": 888, "height_m": 6.0, "levels": 2, "category": "residencial", "extrude": true, "manzana_id": 33}}, {"type": "Feature", "geometry": {"type": "Polygon", "coordinates": [[[-358.2043087388139, 550.5361062289738], [-363.3955329144713, 548.3097062290581], [-363.78732341834046, 549.422906229016], [-367.90112370844463, 547.8644262289959], [-367.4113855785212, 546.8625462291525], [-366.2360140672617, 544.07954622906], [-365.2565378074148, 541.7418262290299], [-361.3386327694192, 543.188986229331], [-360.5550517616809, 541.4078662290821], [-364.47295680002446, 539.849386229062], [-362.02426615110323, 534.0607462290438], [-352.91513693745014, 537.8456262289797], [-355.9515133420012, 545.0814262292989], [-357.8125182349447, 549.6455462292448], [-358.2043087388139, 550.5361062289738]]]}, "properties": {"id": 889, "height_m": 3.0, "levels": 1, "category": "residencial", "extrude": true, "manzana_id": 33}}, {"type": "Feature", "geometry": {"type": "Polygon", "coordinates": [[[-352.91513693745014, 537.8456262289797], [-343.6101124716885, 541.630506229311], [-346.1567507466641, 547.419146229329], [-346.3526459984247, 547.9757462291103], [-346.8423841283481, 547.7531062292769], [-350.17260341071403, 546.5285862292046], [-351.83771305189697, 550.6474262290883], [-352.22950355576614, 551.7606262290461], [-353.0130845635045, 551.5379862292127], [-357.8125182349447, 549.6455462292448], [-355.9515133420012, 545.0814262292989], [-352.91513693745014, 537.8456262289797]]]}, "properties": {"id": 890, "height_m": 3.0, "levels": 1, "category": "residencial", "extrude": true, "manzana_id": 33}}, {"type": "Feature", "geometry": {"type": "Polygon", "coordinates": [[[-350.9561844184524, 554.0983462290762], [-349.19312715121515, 554.6549462292529], [-350.07465578465974, 556.6587062289398], [-351.3479749223215, 559.664346229261], [-352.8171893113959, 558.9964262289699], [-350.9561844184524, 554.0983462290762]]]}, "properties": {"id": 891, "height_m": 3.0, "levels": 1, "category": "residencial", "extrude": true, "manzana_id": 33}}, {"type": "Feature", "geometry": {"type": "Polygon", "coordinates": [[[-353.0130845635045, 551.5379862292127], [-352.22950355576614, 551.7606262290461], [-351.83771305189697, 550.6474262290883], [-348.1157032656619, 552.2059062291083], [-348.4095461434768, 552.762506229285], [-348.6054413955854, 553.2077862289518], [-348.801336647346, 553.7643862291284], [-349.19312715121515, 554.6549462292529], [-350.9561844184524, 554.0983462290762], [-353.5028226930799, 553.0964662292329], [-353.0130845635045, 551.5379862292127]]]}, "properties": {"id": 892, "height_m": 3.0, "levels": 1, "category": "residencial", "extrude": true, "manzana_id": 33}}, {"type": "Feature", "geometry": {"type": "Polygon", "coordinates": [[[-346.3526459984247, 547.9757462291103], [-346.1567507466641, 547.419146229329], [-343.6101124716885, 541.630506229311], [-334.59893088408984, 545.3040662291323], [-339.2024693037695, 556.992666229283], [-343.2183219681674, 555.5455062289819], [-342.8265314642982, 554.3209862293052], [-346.94033175440245, 552.6511862291705], [-345.4711173649801, 548.8663062292347], [-346.5485412505333, 548.532346229287], [-346.5485412505333, 548.4210262291725], [-346.3526459984247, 547.9757462291103]]]}, "properties": {"id": 893, "height_m": 3.0, "levels": 1, "category": "residencial", "extrude": true, "manzana_id": 33}}, {"type": "Feature", "geometry": {"type": "Polygon", "coordinates": [[[-349.19312715121515, 554.6549462292529], [-348.801336647346, 553.7643862291284], [-348.6054413955854, 553.2077862289518], [-348.1157032656619, 553.4304262291806], [-345.6670126167407, 554.5436262291385], [-347.03827938010875, 558.105866229241], [-350.07465578465974, 556.6587062289398], [-349.19312715121515, 554.6549462292529]]]}, "properties": {"id": 894, "height_m": 3.0, "levels": 1, "category": "residencial", "extrude": true, "manzana_id": 33}}, {"type": "Feature", "geometry": {"type": "Polygon", "coordinates": [[[-350.07465578465974, 556.6587062289398], [-347.03827938010875, 558.105866229241], [-348.21365089171627, 560.8888662289378], [-351.3479749223215, 559.664346229261], [-350.07465578465974, 556.6587062289398]]]}, "properties": {"id": 895, "height_m": 3.0, "levels": 1, "category": "residencial", "extrude": true, "manzana_id": 33}}, {"type": "Feature", "geometry": {"type": "Polygon", "coordinates": [[[-333.12971649466743, 545.1927462290179], [-333.12971649466743, 545.1927462290179], [-330.7789734718005, 546.1946262292568], [-330.7789734718005, 546.1946262292568], [-331.2687116017239, 547.0851862289858], [-330.4851305939856, 547.419146229329], [-331.95434498340796, 550.5361062289738], [-331.4646068534845, 550.7587462292026], [-333.03176886896114, 554.9889062292007], [-336.4599357770333, 553.653066229014], [-333.12971649466743, 545.1927462290179]]]}, "properties": {"id": 896, "height_m": 9.0, "levels": 3, "category": "residencial", "extrude": true, "manzana_id": 33}}, {"type": "Feature", "geometry": {"type": "Polygon", "coordinates": [[[-330.7789734718005, 546.1946262292568], [-330.7789734718005, 546.1946262292568], [-324.4123777848836, 548.6436662290059], [-324.4123777848836, 548.8663062292347], [-327.64464944154315, 557.103986229002], [-333.03176886896114, 554.9889062292007], [-331.4646068534845, 550.7587462292026], [-331.95434498340796, 550.5361062289738], [-330.4851305939856, 547.419146229329], [-331.2687116017239, 547.0851862289858], [-330.7789734718005, 546.1946262292568]]]}, "properties": {"id": 897, "height_m": 6.0, "levels": 2, "category": "residencial", "extrude": true, "manzana_id": 33}}, {"type": "Feature", "geometry": {"type": "Polygon", "coordinates": [[[-329.2118114566718, 563.1152662292491], [-329.50565433448674, 563.894506229259], [-330.28923534222497, 566.0095862290603], [-335.38251189182813, 564.005826228978], [-339.88810268545353, 562.336026229239], [-338.712731174194, 559.4417062290322], [-338.4188882963791, 558.6624662290221], [-337.2435167847717, 559.2190662291988], [-333.7174022506452, 560.55490622899], [-334.0112451284601, 561.222826229281], [-329.2118114566718, 563.1152662292491]]]}, "properties": {"id": 898, "height_m": 9.0, "levels": 3, "category": "residencial", "extrude": true, "manzana_id": 33}}, {"type": "Feature", "geometry": {"type": "Polygon", "coordinates": [[[-336.4599357770333, 553.653066229014], [-333.03176886896114, 554.9889062292007], [-327.64464944154315, 557.103986229002], [-327.0569636855654, 557.3266262292309], [-327.0569636855654, 557.5492662290642], [-329.2118114566718, 563.1152662292491], [-334.0112451284601, 561.222826229281], [-333.7174022506452, 560.55490622899], [-337.2435167847717, 559.2190662291988], [-336.7537786551962, 557.9945462291265], [-337.9291501664557, 557.4379462289498], [-337.7332549146951, 556.8813462291687], [-336.4599357770333, 553.653066229014]]]}, "properties": {"id": 899, "height_m": 6.0, "levels": 2, "category": "residencial", "extrude": true, "manzana_id": 33}}, {"type": "Feature", "geometry": {"type": "Polygon", "coordinates": [[[-344.099850601612, 568.7925862291527], [-343.7080600977429, 567.7907062293093], [-334.6968785101441, 571.4642662291307], [-340.0839979375621, 584.600026229187], [-341.3573170748759, 585.1566262289682], [-347.23417463221733, 582.8189062289381], [-346.74443650229387, 581.5943862292613], [-344.00190297555775, 582.9302262290526], [-342.728583838244, 579.7019462292934], [-341.3573170748759, 576.139706229191], [-342.63063621218964, 575.6944262291288], [-342.43474096042905, 574.8038662290043], [-346.05880312060987, 573.3567062290986], [-345.5690649910344, 572.1321862290263], [-344.099850601612, 568.7925862291527]]]}, "properties": {"id": 900, "height_m": 6.0, "levels": 2, "category": "residencial", "extrude": true, "manzana_id": 33}}, {"type": "Feature", "geometry": {"type": "Polygon", "coordinates": [[[-347.03827938010875, 575.6944262291288], [-346.05880312060987, 573.3567062290986], [-342.43474096042905, 574.8038662290043], [-342.63063621218964, 575.6944262291288], [-341.3573170748759, 576.139706229191], [-342.728583838244, 579.7019462292934], [-347.91980801390133, 577.5868662290966], [-347.03827938010875, 575.6944262291288]]]}, "properties": {"id": 901, "height_m": 3.0, "levels": 1, "category": "residencial", "extrude": true, "manzana_id": 33}}, {"type": "Feature", "geometry": {"type": "Polygon", "coordinates": [[[-343.7080600977429, 567.7907062293093], [-343.414217219928, 567.2341062291326], [-343.0224267160588, 566.2322262292892], [-342.728583838244, 567.0114662292992], [-334.2071403802206, 570.4623862292873], [-334.6968785101441, 571.4642662291307], [-343.7080600977429, 567.7907062293093]]]}, "properties": {"id": 902, "height_m": 8.0, "levels": 0, "category": "residencial", "extrude": true, "manzana_id": 33}}, {"type": "Feature", "geometry": {"type": "Polygon", "coordinates": [[[-347.91980801390133, 577.5868662290966], [-342.728583838244, 579.7019462292934], [-344.00190297555775, 582.9302262290526], [-346.74443650229387, 581.5943862292613], [-347.23417463221733, 582.8189062289381], [-349.68286528079057, 581.8170262290947], [-347.91980801390133, 577.5868662290966]]]}, "properties": {"id": 903, "height_m": 9.0, "levels": 3, "category": "residencial", "extrude": true, "manzana_id": 33}}, {"type": "Feature", "geometry": {"type": "Polygon", "coordinates": [[[-351.3479749223215, 559.664346229261], [-348.21365089171627, 560.8888662289378], [-349.19312715121515, 562.6699862291867], [-352.22950355576614, 561.6681062289479], [-351.3479749223215, 559.664346229261]]]}, "properties": {"id": 904, "height_m": 3.0, "levels": 1, "category": "residencial", "extrude": true, "manzana_id": 33}}, {"type": "Feature", "geometry": {"type": "Polygon", "coordinates": [[[-344.49164110548116, 565.6756262291126], [-343.0224267160588, 566.2322262292892], [-343.0224267160588, 566.2322262292892], [-343.0224267160588, 566.2322262292892], [-343.414217219928, 567.2341062291326], [-343.7080600977429, 567.7907062293093], [-344.099850601612, 568.7925862291527], [-347.82186038784704, 567.3454262292471], [-346.94033175440245, 564.7850662289881], [-344.49164110548116, 565.6756262291126]]]}, "properties": {"id": 905, "height_m": 3.0, "levels": 1, "category": "residencial", "extrude": true, "manzana_id": 33}}, {"type": "Feature", "geometry": {"type": "Polygon", "coordinates": [[[-352.22950355576614, 565.4529862292792], [-348.89928427340027, 566.9001462291849], [-347.82186038784704, 567.3454262292471], [-344.099850601612, 568.7925862291527], [-345.5690649910344, 572.1321862290263], [-349.29107477726944, 570.4623862292873], [-350.66234154063744, 574.1359462291086], [-347.03827938010875, 575.6944262291288], [-347.91980801390133, 577.5868662290966], [-349.68286528079057, 581.8170262290947], [-359.1837849983128, 578.0321462291589], [-357.6166229831842, 574.2472662292231], [-356.0494609680555, 575.0265062292331], [-352.22950355576614, 565.4529862292792]]]}, "properties": {"id": 906, "height_m": 3.0, "levels": 1, "category": "residencial", "extrude": true, "manzana_id": 33}}, {"type": "Feature", "geometry": {"type": "Polygon", "coordinates": [[[-347.43006988397786, 561.222826229281], [-341.74910757874505, 563.4492262291968], [-342.33679333437476, 564.8963862291025], [-343.0224267160588, 566.2322262292892], [-343.0224267160588, 566.2322262292892], [-343.0224267160588, 566.2322262292892], [-344.49164110548116, 565.6756262291126], [-344.2957458533726, 565.2303462290503], [-343.90395534950346, 564.3397862293214], [-348.1157032656619, 562.6699862291867], [-347.43006988397786, 561.222826229281]]]}, "properties": {"id": 907, "height_m": 3.0, "levels": 1, "category": "residencial", "extrude": true, "manzana_id": 33}}, {"type": "Feature", "geometry": {"type": "Polygon", "coordinates": [[[-352.22950355576614, 565.4529862292792], [-351.2500272962672, 563.0039462291346], [-347.82186038784704, 564.5624262291547], [-348.89928427340027, 566.9001462291849], [-352.22950355576614, 565.4529862292792]]]}, "properties": {"id": 908, "height_m": 3.0, "levels": 1, "category": "residencial", "extrude": true, "manzana_id": 33}}, {"type": "Feature", "geometry": {"type": "Polygon", "coordinates": [[[-396.0120923571421, 593.9509062293076], [-394.54287796771973, 590.2773462290908], [-389.05781091424745, 592.2811062291731], [-390.72292055543045, 596.065986229109], [-396.0120923571421, 593.9509062293076]]]}, "properties": {"id": 909, "height_m": 3.0, "levels": 1, "category": "residencial", "extrude": true, "manzana_id": 42}}, {"type": "Feature", "geometry": {"type": "Polygon", "coordinates": [[[-392.8777683265368, 585.9358662289783], [-388.95986328819316, 576.3623462290243], [-387.1968060213039, 575.9170662289621], [-378.67536256328066, 579.2566662292312], [-381.80968659388594, 586.9377462292173], [-381.80968659388594, 586.9377462292173], [-387.1968060213039, 584.9339862291349], [-388.1762822808028, 587.7169862292272], [-392.8777683265368, 585.9358662289783]]]}, "properties": {"id": 910, "height_m": 3.0, "levels": 1, "category": "residencial", "extrude": true, "manzana_id": 42}}, {"type": "Feature", "geometry": {"type": "Polygon", "coordinates": [[[-356.34330384587037, 455.13486622898654], [-356.9309896015001, 450.7933862292696], [-355.16793233426284, 450.57074622904065], [-353.79666557089485, 446.2292662293237], [-352.523346433581, 454.5782662292054], [-356.34330384587037, 455.13486622898654]]]}, "properties": {"id": 911, "height_m": 3.0, "levels": 1, "category": "residencial", "extrude": true, "manzana_id": 46}}, {"type": "Feature", "geometry": {"type": "Polygon", "coordinates": [[[-334.40303563232925, 469.6064662292297], [-336.9496739069568, 469.82910622906303], [-337.43941203688024, 467.6027062291473], [-334.990721387959, 467.3800662293139], [-334.79482613585037, 468.0479862292095], [-334.40303563232925, 469.6064662292297]]]}, "properties": {"id": 912, "height_m": 6.0, "levels": 2, "category": "residencial", "extrude": true, "manzana_id": 46}}, {"type": "Feature", "geometry": {"type": "Polygon", "coordinates": [[[-336.1660928992185, 462.2593462291914], [-338.712731174194, 462.48198622902476], [-339.2024693037695, 460.3669062292235], [-336.65583102914195, 460.0329462292757], [-336.65583102914195, 460.2555862291091], [-336.1660928992185, 462.2593462291914]]]}, "properties": {"id": 913, "height_m": 6.0, "levels": 2, "category": "residencial", "extrude": true, "manzana_id": 46}}, {"type": "Feature", "geometry": {"type": "Polygon", "coordinates": [[[-337.9291501664557, 454.91222622915313], [-340.37784081537694, 455.246186229101], [-340.8675789449524, 453.01978622918523], [-338.4188882963791, 452.6858262292375], [-338.2229930442706, 453.57638622896644], [-337.9291501664557, 454.91222622915313]]]}, "properties": {"id": 914, "height_m": 6.0, "levels": 2, "category": "residencial", "extrude": true, "manzana_id": 46}}, {"type": "Feature", "geometry": {"type": "Polygon", "coordinates": [[[-341.65115995269076, 475.61774622908115], [-343.414217219928, 468.27062622904293], [-337.43941203688024, 467.6027062291473], [-336.9496739069568, 469.82910622906303], [-334.40303563232925, 469.6064662292297], [-333.5215069985366, 473.5026662292799], [-333.2276641207217, 474.83850622907113], [-340.4757884414313, 475.50642622896675], [-341.65115995269076, 475.61774622908115]]]}, "properties": {"id": 915, "height_m": 6.0, "levels": 2, "category": "residencial", "extrude": true, "manzana_id": 46}}, {"type": "Feature", "geometry": {"type": "Polygon", "coordinates": [[[-343.414217219928, 468.27062622904293], [-345.17727448716516, 460.9235062290047], [-339.2024693037695, 460.3669062292235], [-338.712731174194, 462.48198622902476], [-336.1660928992185, 462.2593462291914], [-334.990721387959, 467.3800662293139], [-337.43941203688024, 467.6027062291473], [-343.414217219928, 468.27062622904293]]]}, "properties": {"id": 916, "height_m": 6.0, "levels": 2, "category": "residencial", "extrude": true, "manzana_id": 46}}, {"type": "Feature", "geometry": {"type": "Polygon", "coordinates": [[[-345.17727448716516, 460.9235062290047], [-346.8423841283481, 453.91034622930977], [-340.8675789449524, 453.01978622918523], [-340.37784081537694, 455.246186229101], [-337.9291501664557, 454.91222622915313], [-336.65583102914195, 460.0329462292757], [-339.2024693037695, 460.3669062292235], [-345.17727448716516, 460.9235062290047]]]}, "properties": {"id": 917, "height_m": 6.0, "levels": 2, "category": "residencial", "extrude": true, "manzana_id": 46}}, {"type": "Feature", "geometry": {"type": "Polygon", "coordinates": [[[-341.4552647009302, 479.95922622919363], [-344.49164110548116, 480.4045062292559], [-343.80600772379717, 482.7422262292861], [-347.13622700616304, 483.29882622906723], [-348.801336647346, 476.1743462292578], [-341.8470552047993, 475.61774622908115], [-340.4757884414313, 475.50642622896675], [-334.2071403802206, 474.94982622918553], [-332.7379259907983, 481.0724262291515], [-339.59425980763865, 482.07430622899494], [-340.27989318932265, 479.84790622907923], [-341.4552647009302, 479.95922622919363]]]}, "properties": {"id": 918, "height_m": 3.0, "levels": 1, "category": "residencial", "extrude": true, "manzana_id": 46}}, {"type": "Feature", "geometry": {"type": "Polygon", "coordinates": [[[-341.4552647009302, 479.95922622919363], [-340.27989318932265, 479.84790622907923], [-339.59425980763865, 482.07430622899494], [-340.7696313192461, 482.2969462292238], [-342.8265314642982, 482.6309062291716], [-343.80600772379717, 482.7422262292861], [-344.49164110548116, 480.4045062292559], [-341.4552647009302, 479.95922622919363]]]}, "properties": {"id": 919, "height_m": 6.0, "levels": 2, "category": "residencial", "extrude": true, "manzana_id": 46}}, {"type": "Feature", "geometry": {"type": "Polygon", "coordinates": [[[-333.6194546245909, 487.3063462292319], [-345.0793268611109, 489.42142622903316], [-345.4711173649801, 489.5327462291476], [-346.8423841283481, 483.29882622906723], [-342.8265314642982, 482.6309062291716], [-334.8927737619047, 481.4063862290993], [-333.6194546245909, 487.3063462292319]]]}, "properties": {"id": 920, "height_m": 3.0, "levels": 1, "category": "residencial", "extrude": true, "manzana_id": 46}}, {"type": "Feature", "geometry": {"type": "Polygon", "coordinates": [[[-339.0065740520089, 512.1307062290435], [-339.0065740520089, 509.7929862290134], [-333.6194546245909, 509.6816662292945], [-333.5215069985366, 512.0193862293246], [-339.0065740520089, 512.1307062290435]]]}, "properties": {"id": 921, "height_m": 6.0, "levels": 2, "category": "residencial", "extrude": true, "manzana_id": 33}}, {"type": "Feature", "geometry": {"type": "Polygon", "coordinates": [[[-339.1045216780632, 512.1307062290435], [-339.6922074336929, 509.7929862290134], [-342.9244790900045, 497.43646622896705], [-342.53268858648335, 497.3251462292481], [-326.56722555599, 496.87986622918584], [-322.9431633954613, 509.9043062291278], [-327.4487541894346, 510.90618622897125], [-329.2118114566718, 511.2401462293145], [-332.34613548727714, 511.90806622921014], [-332.8358736168526, 512.0193862293246], [-338.81067880024835, 513.2439062290014], [-339.1045216780632, 512.1307062290435]]]}, "properties": {"id": 922, "height_m": 3.0, "levels": 1, "category": "residencial", "extrude": true, "manzana_id": 33}}, {"type": "Feature", "geometry": {"type": "Polygon", "coordinates": [[[-320.0047346169645, 515.692946229146], [-319.9067869909102, 516.1382262292082], [-319.2211536092262, 521.0363062291019], [-320.7883156247028, 521.3702662290497], [-321.76779188420176, 516.0269062290938], [-320.49447274688794, 515.692946229146], [-320.0047346169645, 515.692946229146]]]}, "properties": {"id": 923, "height_m": 3.0, "levels": 1, "category": "residencial", "extrude": true, "manzana_id": 33}}, {"type": "Feature", "geometry": {"type": "Polygon", "coordinates": [[[-327.4487541894346, 510.90618622897125], [-322.9431633954613, 509.9043062291278], [-320.7883156247028, 510.23826622907563], [-320.1026822430188, 515.1363462289693], [-320.0047346169645, 515.692946229146], [-320.49447274688794, 515.692946229146], [-321.76779188420176, 516.0269062290938], [-320.7883156247028, 521.3702662290497], [-323.13905864756975, 521.815546229112], [-323.8246920292538, 519.5891462291962], [-326.6651731816963, 520.3683862292063], [-326.9590160598591, 519.143866229134], [-329.01591620456327, 519.7004662293107], [-329.50565433448674, 517.1401062290516], [-331.66050210559314, 517.8080262289473], [-332.8358736168526, 512.0193862293246], [-332.34613548727714, 511.90806622921014], [-329.2118114566718, 511.2401462293145], [-328.2323351971729, 515.692946229146], [-326.76312080775057, 515.3589862291982], [-327.4487541894346, 510.90618622897125]]]}, "properties": {"id": 924, "height_m": 3.0, "levels": 1, "category": "residencial", "extrude": true, "manzana_id": 33}}, {"type": "Feature", "geometry": {"type": "Polygon", "coordinates": [[[-321.180106128572, 532.1683062290759], [-320.8862632504091, 531.0551062291181], [-319.2211536092262, 531.2777462289514], [-319.51499648738906, 535.7305462291783], [-322.0616347620166, 534.7286662289395], [-321.180106128572, 532.1683062290759]]]}, "properties": {"id": 925, "height_m": 3.0, "levels": 1, "category": "residencial", "extrude": true, "manzana_id": 33}}, {"type": "Feature", "geometry": {"type": "Polygon", "coordinates": [[[-330.5830782200399, 520.2570662290918], [-327.4487541894346, 521.4815862291641], [-326.9590160598591, 521.7042262289975], [-327.15491131161974, 522.1495062290597], [-328.3302828228792, 525.6004262290478], [-326.4692779299357, 526.2683462289433], [-325.00006354051334, 522.4834662290075], [-318.6334678535964, 525.0438262292665], [-319.2211536092262, 531.2777462289514], [-320.8862632504091, 531.0551062291181], [-321.180106128572, 532.1683062290759], [-323.92263965530816, 530.9437862290036], [-323.2370062736241, 528.6060662289735], [-325.09801116656763, 527.9381462290779], [-325.78364454825163, 530.1645462289936], [-326.0774874260665, 531.2777462289514], [-326.17543505212086, 531.1664262292325], [-329.89744483835585, 529.7192662293269], [-330.7789734718005, 531.3890662290659], [-334.59893088408984, 529.9419062291602], [-332.44408311298344, 524.8211862290377], [-330.5830782200399, 520.2570662290918]]]}, "properties": {"id": 926, "height_m": 3.0, "levels": 1, "category": "residencial", "extrude": true, "manzana_id": 33}}, {"type": "Feature", "geometry": {"type": "Polygon", "coordinates": [[[-325.78364454825163, 530.1645462289936], [-325.2939064183282, 530.3871862292225], [-323.92263965530816, 530.9437862290036], [-321.180106128572, 532.1683062290759], [-322.0616347620166, 534.7286662289395], [-324.4123777848836, 533.8381062292104], [-327.0569636855654, 532.8362262289716], [-326.0774874260665, 531.2777462289514], [-325.78364454825163, 530.1645462289936]]]}, "properties": {"id": 927, "height_m": 6.0, "levels": 2, "category": "residencial", "extrude": true, "manzana_id": 33}}, {"type": "Feature", "geometry": {"type": "Polygon", "coordinates": [[[-325.78364454825163, 530.1645462289936], [-325.09801116656763, 527.9381462290779], [-323.2370062736241, 528.6060662289735], [-323.92263965530816, 530.9437862290036], [-325.2939064183282, 530.3871862292225], [-325.78364454825163, 530.1645462289936]]]}, "properties": {"id": 928, "height_m": 6.0, "levels": 2, "category": "residencial", "extrude": true, "manzana_id": 33}}, {"type": "Feature", "geometry": {"type": "Polygon", "coordinates": [[[-337.7332549146951, 522.594786229122], [-332.44408311298344, 524.8211862290377], [-334.59893088408984, 529.9419062291602], [-337.7332549146951, 528.7173862290879], [-337.7332549146951, 522.594786229122]]]}, "properties": {"id": 929, "height_m": 3.0, "levels": 1, "category": "residencial", "extrude": true, "manzana_id": 33}}, {"type": "Feature", "geometry": {"type": "Polygon", "coordinates": [[[-323.8246920292538, 541.8531462291444], [-327.15491131161974, 540.6286262290721], [-326.76312080775057, 539.4041062289998], [-329.60360196054097, 538.1795862293229], [-327.64464944154315, 532.6135862291381], [-327.0569636855654, 532.8362262289716], [-324.4123777848836, 533.8381062292104], [-322.0616347620166, 534.7286662289395], [-319.51499648738906, 535.7305462291783], [-321.4739490063868, 540.4059862292387], [-323.13905864756975, 539.849386229062], [-323.8246920292538, 541.8531462291444]]]}, "properties": {"id": 930, "height_m": 6.0, "levels": 2, "category": "residencial", "extrude": true, "manzana_id": 33}}, {"type": "Feature", "geometry": {"type": "Polygon", "coordinates": [[[-321.4739490063868, 540.4059862292387], [-322.3554776398315, 542.409746229321], [-323.8246920292538, 541.8531462291444], [-323.13905864756975, 539.849386229062], [-321.4739490063868, 540.4059862292387]]]}, "properties": {"id": 931, "height_m": 6.0, "levels": 2, "category": "residencial", "extrude": true, "manzana_id": 33}}, {"type": "Feature", "geometry": {"type": "Polygon", "coordinates": [[[-339.49631218193235, 532.1683062290759], [-344.58958873118746, 531.7230262290137], [-344.68753635724175, 525.6004262290478], [-339.39836455587806, 525.8230662292766], [-339.49631218193235, 532.1683062290759]]]}, "properties": {"id": 932, "height_m": 3.0, "levels": 1, "category": "residencial", "extrude": true, "manzana_id": 33}}, {"type": "Feature", "geometry": {"type": "Polygon", "coordinates": [[[-378.67536256328066, 454.0216662290287], [-382.98505810514547, 469.38382622900076], [-398.46078300571537, 465.0423462292838], [-397.2854114944559, 460.9235062290047], [-405.6109597003706, 458.58578622897454], [-403.1622690514493, 450.0141462292595], [-396.59977811277184, 451.9065862292274], [-395.0326160972952, 446.0066262290948], [-390.72292055543045, 447.2311462291671], [-390.3311300515612, 445.7839862292615], [-383.180953356906, 447.7877462289483], [-384.45427249456776, 452.46318622900856], [-378.67536256328066, 454.0216662290287]]]}, "properties": {"id": 933, "height_m": 3.0, "levels": 1, "category": "residencial", "extrude": true, "manzana_id": 41}}, {"type": "Feature", "geometry": {"type": "Polygon", "coordinates": [[[-408.6473361049216, 500.55342622900724], [-415.6016175478162, 497.8817462290293], [-412.5652411432652, 490.20066622904324], [-398.55873063176966, 495.54402622899914], [-401.49715941026636, 503.22510622898517], [-403.5540595553185, 502.44586622897515], [-408.6473361049216, 500.55342622900724]]]}, "properties": {"id": 934, "height_m": 6.0, "levels": 2, "category": "residencial", "extrude": true, "manzana_id": 34}}, {"type": "Feature", "geometry": {"type": "Polygon", "coordinates": [[[-398.55873063176966, 495.54402622899914], [-394.9346684715889, 496.87986622918584], [-397.87309725008566, 504.6722662292864], [-401.49715941026636, 503.22510622898517], [-398.55873063176966, 495.54402622899914]]]}, "properties": {"id": 935, "height_m": 3.0, "levels": 1, "category": "residencial", "extrude": true, "manzana_id": 34}}, {"type": "Feature", "geometry": {"type": "Polygon", "coordinates": [[[-403.5540595553185, 502.44586622897515], [-404.6314834408717, 505.4515062292964], [-409.6268123644205, 503.4477462292141], [-408.6473361049216, 500.55342622900724], [-403.5540595553185, 502.44586622897515]]]}, "properties": {"id": 936, "height_m": 6.0, "levels": 2, "category": "residencial", "extrude": true, "manzana_id": 34}}, {"type": "Feature", "geometry": {"type": "Polygon", "coordinates": [[[-433.1342425934383, 497.7704262293104], [-430.9793948223319, 492.9836662291356], [-427.8450707920745, 494.0968662290935], [-430.1958138149415, 498.99494622898715], [-433.1342425934383, 497.7704262293104]]]}, "properties": {"id": 937, "height_m": 9.0, "levels": 3, "category": "residencial", "extrude": true, "manzana_id": 34}}, {"type": "Feature", "geometry": {"type": "Polygon", "coordinates": [[[-437.1500952574882, 485.3025862291496], [-425.88611827272877, 489.755386228981], [-427.8450707920745, 494.0968662290935], [-430.9793948223319, 492.9836662291356], [-433.1342425934383, 497.7704262293104], [-439.6967335324638, 495.21006622905134], [-440.4803145398541, 493.4289462291979], [-437.1500952574882, 485.3025862291496]]]}, "properties": {"id": 938, "height_m": 6.0, "levels": 2, "category": "residencial", "extrude": true, "manzana_id": 34}}, {"type": "Feature", "geometry": {"type": "Polygon", "coordinates": [[[-428.13891366988946, 499.7741862289972], [-427.2573850360968, 497.10250622901924], [-426.37585640265223, 497.43646622896705], [-424.61279913541495, 493.20630622896897], [-419.3236273340513, 495.4327062292802], [-422.0661608607874, 502.11190622902734], [-428.13891366988946, 499.7741862289972]]]}, "properties": {"id": 939, "height_m": 3.0, "levels": 1, "category": "residencial", "extrude": true, "manzana_id": 34}}, {"type": "Feature", "geometry": {"type": "Polygon", "coordinates": [[[-433.4280854712531, 475.84038622931007], [-428.5307041734106, 477.8441462289969], [-421.576422730864, 480.7384662292037], [-425.88611827272877, 489.755386228981], [-437.1500952574882, 485.3025862291496], [-433.4280854712531, 475.84038622931007]]]}, "properties": {"id": 940, "height_m": 6.0, "levels": 2, "category": "residencial", "extrude": true, "manzana_id": 34}}, {"type": "Feature", "geometry": {"type": "Polygon", "coordinates": [[[-429.8040233110724, 466.9347862292517], [-424.7107467614693, 468.93854622893855], [-425.98406589878306, 471.9441862292598], [-430.88144719662563, 469.7177862289486], [-429.8040233110724, 466.9347862292517]]]}, "properties": {"id": 941, "height_m": 6.0, "levels": 2, "category": "residencial", "extrude": true, "manzana_id": 34}}, {"type": "Feature", "geometry": {"type": "Polygon", "coordinates": [[[-430.88144719662563, 469.7177862289486], [-425.98406589878306, 471.9441862292598], [-428.5307041734106, 477.8441462289969], [-433.4280854712531, 475.84038622931007], [-430.88144719662563, 469.7177862289486]]]}, "properties": {"id": 942, "height_m": 6.0, "levels": 2, "category": "residencial", "extrude": true, "manzana_id": 34}}, {"type": "Feature", "geometry": {"type": "Polygon", "coordinates": [[[-424.7107467614693, 468.93854622893855], [-417.560570066814, 471.72154622903093], [-421.576422730864, 480.7384662292037], [-428.5307041734106, 477.8441462289969], [-425.98406589878306, 471.9441862292598], [-424.7107467614693, 468.93854622893855]]]}, "properties": {"id": 943, "height_m": 3.0, "levels": 1, "category": "residencial", "extrude": true, "manzana_id": 34}}, {"type": "Feature", "geometry": {"type": "Polygon", "coordinates": [[[-419.61747021186613, 470.9423062290209], [-424.7107467614693, 468.93854622893855], [-429.8040233110724, 466.9347862292517], [-428.33480892165005, 463.26122622903483], [-417.8544129446289, 467.04610622897064], [-419.61747021186613, 470.9423062290209]]]}, "properties": {"id": 944, "height_m": 3.0, "levels": 1, "category": "residencial", "extrude": true, "manzana_id": 34}}, {"type": "Feature", "geometry": {"type": "Polygon", "coordinates": [[[-310.11202439557314, 640.5939862290052], [-311.3853435332349, 642.3751062292541], [-313.14840080012414, 641.2619062292963], [-311.6791864110498, 638.4789062292039], [-309.720233891704, 639.9260662291096], [-310.11202439557314, 640.5939862290052]]]}, "properties": {"id": 945, "height_m": 3.0, "levels": 1, "category": "residencial", "extrude": true, "manzana_id": 47}}, {"type": "Feature", "geometry": {"type": "Polygon", "coordinates": [[[-300.2193141745298, 636.1411862291737], [-301.3946856857893, 637.9223062290272], [-305.01874784597, 635.5845862289971], [-305.9982241054689, 637.1430662290172], [-307.2715432431307, 636.2525062292882], [-305.2146430980786, 633.135546229248], [-300.2193141745298, 636.1411862291737]]]}, "properties": {"id": 946, "height_m": 3.0, "levels": 1, "category": "residencial", "extrude": true, "manzana_id": 47}}, {"type": "Feature", "geometry": {"type": "Polygon", "coordinates": [[[-294.0486137393735, 639.8147462289951], [-301.10084280797435, 650.5014662293024], [-312.36481979273384, 643.9335862292742], [-311.3853435332349, 642.3751062292541], [-310.11202439557314, 640.5939862290052], [-305.3125907237849, 643.7109462290454], [-302.66800482310305, 639.2581462292139], [-305.9982241054689, 637.1430662290172], [-305.01874784597, 635.5845862289971], [-301.3946856857893, 637.9223062290272], [-300.2193141745298, 636.1411862291737], [-294.0486137393735, 639.8147462289951]]]}, "properties": {"id": 947, "height_m": 6.0, "levels": 2, "category": "residencial", "extrude": true, "manzana_id": 47}}, {"type": "Feature", "geometry": {"type": "Polygon", "coordinates": [[[-307.2715432431307, 636.2525062292882], [-305.9982241054689, 637.1430662290172], [-302.66800482310305, 639.2581462292139], [-305.3125907237849, 643.7109462290454], [-310.11202439557314, 640.5939862290052], [-309.720233891704, 639.9260662291096], [-307.2715432431307, 636.2525062292882]]]}, "properties": {"id": 948, "height_m": 9.0, "levels": 3, "category": "residencial", "extrude": true, "manzana_id": 47}}, {"type": "Feature", "geometry": {"type": "Polygon", "coordinates": [[[-326.86106843380486, 639.4807862290473], [-325.5877492964911, 634.5827062291537], [-320.8862632504091, 635.6959062291115], [-321.3760013803326, 638.0336262291416], [-318.33962497578153, 639.4807862290473], [-319.02525835746565, 641.8185062290775], [-326.86106843380486, 639.4807862290473]]]}, "properties": {"id": 949, "height_m": 3.0, "levels": 1, "category": "residencial", "extrude": true, "manzana_id": 47}}, {"type": "Feature", "geometry": {"type": "Polygon", "coordinates": [[[463.4783253856869, 784.1967862291056], [451.52871501959146, 782.526986228971], [454.85893430195733, 756.5894262292015], [467.0044399201614, 758.2592262289405], [465.7311207828476, 767.83274622929], [464.4578016455338, 777.1836262290151], [463.4783253856869, 784.1967862291056]]]}, "properties": {"id": 950, "height_m": 6.0, "levels": 2, "category": "residencial", "extrude": true, "manzana_id": 127}}, {"type": "Feature", "geometry": {"type": "Polygon", "coordinates": [[[467.0044399201614, 784.6420662291678], [463.4783253856869, 784.1967862291056], [464.4578016455338, 777.1836262290151], [467.885968553606, 777.6289062290773], [467.20033517192195, 783.306226228981], [467.0044399201614, 784.6420662291678]]]}, "properties": {"id": 951, "height_m": 3.0, "levels": 1, "category": "residencial", "extrude": true, "manzana_id": 127}}, {"type": "Feature", "geometry": {"type": "Polygon", "coordinates": [[[467.59212567579107, 754.4743462290047], [455.3486724315328, 752.6932262291513], [455.54456768364133, 751.5800262291934], [455.54456768364133, 751.5800262291934], [456.81788682095515, 751.6913462293078], [467.69007330184536, 753.2498262293279], [467.59212567579107, 754.4743462290047]]]}, "properties": {"id": 952, "height_m": 3.0, "levels": 1, "category": "residencial", "extrude": true, "manzana_id": 127}}, {"type": "Feature", "geometry": {"type": "Polygon", "coordinates": [[[467.0044399201614, 758.2592262289405], [454.85893430195733, 756.5894262292015], [455.3486724315328, 752.6932262291513], [467.59212567579107, 754.4743462290047], [467.49417805008477, 754.6969862292336], [467.0044399201614, 758.2592262289405]]]}, "properties": {"id": 953, "height_m": 3.0, "levels": 1, "category": "residencial", "extrude": true, "manzana_id": 127}}, {"type": "Feature", "geometry": {"type": "Polygon", "coordinates": [[[455.54456768364133, 751.5800262291934], [452.704086530851, 751.0234262290168], [454.4671437980881, 738.1103062291892], [459.65836797374556, 738.7782262290848], [458.38504883608374, 748.9083462292155], [457.20967732482427, 748.797026229101], [456.81788682095515, 751.6913462293078], [455.54456768364133, 751.5800262291934], [455.54456768364133, 751.5800262291934]]]}, "properties": {"id": 954, "height_m": 3.0, "levels": 1, "category": "residencial", "extrude": true, "manzana_id": 127}}, {"type": "Feature", "geometry": {"type": "Polygon", "coordinates": [[[437.13041400422674, 775.0685462292138], [436.9345187524661, 776.0704262290573], [442.71342868375325, 776.9609862291817], [443.2031668133287, 773.3987462290793], [440.0688427830714, 772.8421462292981], [440.9503714165161, 767.1648262289989], [447.12107185167235, 768.0553862291233], [445.16211933267454, 780.7458662291175], [445.0641717066202, 781.5251062291276], [435.36735673698945, 780.0779462292219], [435.66119961515227, 777.7402262291918], [436.1509377447278, 774.845906228985], [437.13041400422674, 775.0685462292138]]]}, "properties": {"id": 955, "height_m": 6.0, "levels": 2, "category": "residencial", "extrude": true, "manzana_id": 127}}, {"type": "Feature", "geometry": {"type": "Polygon", "coordinates": [[[437.13041400422674, 775.0685462292138], [437.52220450809585, 772.5081862289549], [440.0688427830714, 772.8421462292981], [443.2031668133287, 773.3987462290793], [442.71342868375325, 776.9609862291817], [436.9345187524661, 776.0704262290573], [437.13041400422674, 775.0685462292138]]]}, "properties": {"id": 956, "height_m": 6.0, "levels": 2, "category": "residencial", "extrude": true, "manzana_id": 127}}, {"type": "Feature", "geometry": {"type": "Polygon", "coordinates": [[[435.66119961515227, 777.7402262291918], [435.36735673698945, 780.0779462292219], [445.0641717066202, 781.5251062291276], [445.16211933267454, 780.7458662291175], [446.0436479661191, 780.857186229232], [445.74980508830424, 782.6383062290854], [444.67238120275107, 782.4156662292521], [439.4811570270937, 781.636426229242], [439.2852617753331, 783.4175462290955], [434.19198522573, 782.526986228971], [434.97556623346827, 777.6289062290773], [435.66119961515227, 777.7402262291918]]]}, "properties": {"id": 957, "height_m": 3.0, "levels": 1, "category": "residencial", "extrude": true, "manzana_id": 127}}, {"type": "Feature", "geometry": {"type": "Polygon", "coordinates": [[[419.4018937068441, 767.1648262289989], [425.2787512638375, 767.83274622929], [425.3766988898918, 766.7195462289367], [430.6658706912555, 767.3874662292278], [430.46997543949493, 768.5006662291856], [429.0987086761268, 779.7439862292741], [423.61364162265454, 779.076066228983], [423.2218511187854, 781.9703862291898], [417.63883643960685, 781.3024662292942], [419.4018937068441, 767.1648262289989]]]}, "properties": {"id": 958, "height_m": 6.0, "levels": 2, "category": "residencial", "extrude": true, "manzana_id": 127}}, {"type": "Feature", "geometry": {"type": "Polygon", "coordinates": [[[422.63416536315566, 776.0704262290573], [423.3197987448397, 770.2817862290391], [426.454122775445, 770.7270662291013], [425.76848939376094, 776.5157062291195], [422.63416536315566, 776.0704262290573]]]}, "properties": {"id": 959, "height_m": 6.0, "levels": 2, "category": "residencial", "extrude": true, "manzana_id": 127}}, {"type": "Feature", "geometry": {"type": "Polygon", "coordinates": [[[404.220011683741, 590.7226262291531], [404.1220640580347, 583.820786229177], [425.4746465159461, 584.2660662292393], [425.3766988898918, 586.8264262291028], [422.24237485928654, 586.8264262291028], [422.24237485928654, 591.0565862291008], [404.220011683741, 590.7226262291531]]]}, "properties": {"id": 960, "height_m": 3.0, "levels": 1, "category": "residencial", "extrude": true, "manzana_id": 120}}, {"type": "Feature", "geometry": {"type": "Polygon", "coordinates": [[[452.2143484012754, 664.8617462290356], [451.92050552346063, 657.0693462293307], [453.9774056685127, 657.0693462293307], [454.2712485463275, 664.7504262293166], [452.2143484012754, 664.8617462290356]]]}, "properties": {"id": 961, "height_m": 3.0, "levels": 1, "category": "residencial", "extrude": true, "manzana_id": 121}}, {"type": "Feature", "geometry": {"type": "Polygon", "coordinates": [[[446.6313337217489, 644.1562262291076], [439.77499990490855, 644.378866228941], [439.5791046531479, 637.9223062290272], [446.43543846998836, 637.6996662291938], [446.6313337217489, 644.1562262291076]]]}, "properties": {"id": 962, "height_m": 3.0, "levels": 1, "category": "residencial", "extrude": true, "manzana_id": 121}}, {"type": "Feature", "geometry": {"type": "Polygon", "coordinates": [[[447.6108099812478, 677.8861862289775], [445.26006695838083, 677.997506229092], [445.3580145844351, 684.1201062290579], [427.13975615712906, 684.6767062292347], [426.8459132793141, 675.6597862290619], [435.8570948669129, 675.325826229114], [435.66119961515227, 670.5390662289393], [440.8524237904617, 670.3164262291059], [449.17797199672447, 670.0937862292726], [449.27591962243076, 670.8730262292827], [447.41491472948724, 670.9843462290016], [447.6108099812478, 677.8861862289775]]]}, "properties": {"id": 963, "height_m": 3.0, "levels": 1, "category": "residencial", "extrude": true, "manzana_id": 121}}, {"type": "Feature", "geometry": {"type": "Polygon", "coordinates": [[[435.66119961515227, 670.5390662289393], [426.6500180272056, 670.8730262292827], [426.0623322715759, 653.7297462290616], [435.4653043630438, 653.5071062292282], [448.7861814928553, 653.061826229166], [448.5902862407467, 647.0505462293145], [446.7292813478032, 647.0505462293145], [446.6313337217489, 644.1562262291076], [446.43543846998836, 637.6996662291938], [473.958721362708, 636.8091062290694], [474.44845949263146, 653.841066229176], [451.8225578974063, 654.6203062291861], [451.92050552346063, 657.0693462293307], [452.2143484012754, 664.8617462290356], [452.31229602698176, 668.4239862291381], [474.7423023704464, 667.7560662292424], [475.32998812607605, 684.5653862291202], [447.80670523335635, 685.4559462292447], [447.6108099812478, 677.8861862289775], [447.41491472948724, 670.9843462290016], [449.27591962243076, 670.8730262292827], [449.17797199672447, 670.0937862292726], [440.8524237904617, 670.3164262291059], [435.66119961515227, 670.5390662289393]]]}, "properties": {"id": 964, "height_m": 6.0, "levels": 2, "category": "publico", "extrude": true, "manzana_id": 121}}, {"type": "Feature", "geometry": {"type": "Polygon", "coordinates": [[[426.0623322715759, 653.7297462290616], [425.5725941416524, 638.256266228975], [439.5791046531479, 637.9223062290272], [439.77499990490855, 644.378866228941], [446.6313337217489, 644.1562262291076], [446.7292813478032, 647.0505462293145], [448.5902862407467, 647.0505462293145], [448.7861814928553, 653.061826229166], [435.4653043630438, 653.5071062292282], [426.0623322715759, 653.7297462290616]]]}, "properties": {"id": 965, "height_m": 3.0, "levels": 1, "category": "residencial", "extrude": true, "manzana_id": 121}}, {"type": "Feature", "geometry": {"type": "Polygon", "coordinates": [[[413.6229837755569, 597.1791862290668], [413.7209314012632, 594.3961862289744], [419.98957946247384, 594.6188262292033], [419.89163183641955, 597.4018262292957], [413.6229837755569, 597.1791862290668]]]}, "properties": {"id": 966, "height_m": 3.0, "levels": 1, "category": "residencial", "extrude": true, "manzana_id": 120}}, {"type": "Feature", "geometry": {"type": "Polygon", "coordinates": [[[502.85327101914373, 753.6951062289947], [502.06969001140544, 761.5988262292096], [491.19750353086323, 760.4856262292517], [492.2749274160684, 750.6894662290689], [494.82156569104393, 751.0234262290168], [495.507199072728, 744.1215862290408], [503.83274727864267, 744.9008262290508], [503.0491662712523, 752.0253062292556], [500.4045803702225, 751.8026662290267], [500.60047562233103, 749.4649462289966], [498.44562785122463, 749.2423062291632], [498.1517849734098, 751.5800262291934], [499.229208858963, 751.6913462293078], [499.0333136068545, 753.1385062292135], [496.68257058398746, 752.8045462292657], [496.58462295828116, 754.0290662289425], [494.5277228132291, 753.9177462292236], [494.23387993541417, 755.9215062293059], [496.3887277061726, 756.1441462291393], [496.1928324544119, 757.9252662289928], [498.44562785122463, 758.1479062292216], [498.2497325994641, 760.1516662293039], [499.1312612329087, 760.2629862290229], [499.229208858963, 758.4818662291694], [500.4045803702225, 758.7045062290028], [500.8943185001459, 753.4724662291613], [502.85327101914373, 753.6951062289947]]]}, "properties": {"id": 967, "height_m": 3.0, "levels": 1, "category": "residencial", "extrude": true, "manzana_id": 128}}, {"type": "Feature", "geometry": {"type": "Polygon", "coordinates": [[[502.85327101914373, 753.6951062289947], [500.8943185001459, 753.4724662291613], [500.4045803702225, 758.7045062290028], [499.229208858963, 758.4818662291694], [499.1312612329087, 760.2629862290229], [498.2497325994641, 760.1516662293039], [498.44562785122463, 758.1479062292216], [496.1928324544119, 757.9252662289928], [496.3887277061726, 756.1441462291393], [494.23387993541417, 755.9215062293059], [494.5277228132291, 753.9177462292236], [496.58462295828116, 754.0290662289425], [496.68257058398746, 752.8045462292657], [499.0333136068545, 753.1385062292135], [499.229208858963, 751.6913462293078], [498.1517849734098, 751.5800262291934], [498.44562785122463, 749.2423062291632], [500.60047562233103, 749.4649462289966], [500.4045803702225, 751.8026662290267], [503.0491662712523, 752.0253062292556], [502.85327101914373, 753.6951062289947]]]}, "properties": {"id": 968, "height_m": 6.0, "levels": 2, "category": "residencial", "extrude": true, "manzana_id": 128}}, {"type": "Feature", "geometry": {"type": "Polygon", "coordinates": [[[509.5137095838755, 751.5800262291934], [515.9782528968467, 752.247946229089], [515.1946718894563, 759.1497862290651], [511.86445260709047, 758.9271462292317], [511.6685573549819, 760.4856262292517], [508.5342333243766, 760.1516662293039], [508.82807620219154, 757.479986229326], [509.5137095838755, 751.5800262291934]]]}, "properties": {"id": 969, "height_m": 6.0, "levels": 2, "category": "residencial", "extrude": true, "manzana_id": 128}}, {"type": "Feature", "geometry": {"type": "Polygon", "coordinates": [[[509.9055000877447, 747.7951462292576], [510.49318584372236, 742.2291462290729], [515.7823576450861, 742.8970662289685], [516.9577291563456, 743.0083862290828], [516.3700434007159, 748.4630662291532], [509.9055000877447, 747.7951462292576]]]}, "properties": {"id": 970, "height_m": 6.0, "levels": 2, "category": "residencial", "extrude": true, "manzana_id": 128}}, {"type": "Feature", "geometry": {"type": "Polygon", "coordinates": [[[515.7823576450861, 742.8970662289685], [515.8803052711404, 742.1178262289584], [523.3243248436105, 742.8970662289685], [522.2469009580573, 753.5837862292758], [521.6592152024275, 753.5837862292758], [521.6592152024275, 752.9158662289847], [520.48384369082, 752.6932262291513], [515.9782528968467, 752.247946229089], [516.3700434007159, 748.4630662291532], [516.9577291563456, 743.0083862290828], [515.7823576450861, 742.8970662289685]]]}, "properties": {"id": 971, "height_m": 6.0, "levels": 2, "category": "residencial", "extrude": true, "manzana_id": 128}}, {"type": "Feature", "geometry": {"type": "Polygon", "coordinates": [[[509.9055000877447, 747.7951462292576], [516.3700434007159, 748.4630662291532], [515.9782528968467, 752.247946229089], [509.5137095838755, 751.5800262291934], [509.9055000877447, 747.7951462292576]]]}, "properties": {"id": 972, "height_m": 3.0, "levels": 1, "category": "residencial", "extrude": true, "manzana_id": 128}}, {"type": "Feature", "geometry": {"type": "Polygon", "coordinates": [[[511.6685573549819, 760.4856262292517], [511.86445260709047, 758.9271462292317], [515.1946718894563, 759.1497862290651], [514.9987766373478, 760.930906229314], [511.6685573549819, 760.4856262292517]]]}, "properties": {"id": 973, "height_m": 3.0, "levels": 1, "category": "residencial", "extrude": true, "manzana_id": 128}}, {"type": "Feature", "geometry": {"type": "Polygon", "coordinates": [[[520.48384369082, 752.6932262291513], [521.6592152024275, 752.9158662289847], [521.6592152024275, 753.5837862292758], [521.3653723242647, 756.0328262290249], [520.1900008130052, 756.0328262290249], [520.48384369082, 752.6932262291513]]]}, "properties": {"id": 974, "height_m": 3.0, "levels": 1, "category": "residencial", "extrude": true, "manzana_id": 128}}, {"type": "Feature", "geometry": {"type": "Polygon", "coordinates": [[[515.9782528968467, 752.247946229089], [520.48384369082, 752.6932262291513], [520.1900008130052, 756.0328262290249], [521.3653723242647, 756.0328262290249], [520.777686568635, 761.4875062290952], [514.9987766373478, 760.930906229314], [515.1946718894563, 759.1497862290651], [515.9782528968467, 752.247946229089]]]}, "properties": {"id": 975, "height_m": 9.0, "levels": 3, "category": "residencial", "extrude": true, "manzana_id": 128}}, {"type": "Feature", "geometry": {"type": "Polygon", "coordinates": [[[498.83741835509386, 780.1892662289408], [486.7898603629441, 779.4100262293263], [488.45497000412695, 767.1648262289989], [519.798210309136, 769.1685862290813], [518.0351530418989, 781.5251062291276], [503.44095677477355, 780.5232262292841], [503.6368520268821, 777.0723062292961], [509.31781433211495, 777.406266229244], [509.5137095838755, 773.7327062290271], [493.6461941794364, 772.6195062290692], [493.4502989276759, 776.2930662292861], [499.0333136068545, 776.7383462289529], [498.83741835509386, 780.1892662289408]]]}, "properties": {"id": 976, "height_m": 6.0, "levels": 2, "category": "residencial", "extrude": true, "manzana_id": 128}}, {"type": "Feature", "geometry": {"type": "Polygon", "coordinates": [[[498.83741835509386, 780.1892662289408], [499.0333136068545, 776.7383462289529], [493.4502989276759, 776.2930662292861], [493.6461941794364, 772.6195062290692], [509.5137095838755, 773.7327062290271], [509.31781433211495, 777.406266229244], [503.6368520268821, 777.0723062292961], [503.44095677477355, 780.5232262292841], [498.83741835509386, 780.1892662289408]]]}, "properties": {"id": 977, "height_m": 9.0, "levels": 3, "category": "residencial", "extrude": true, "manzana_id": 128}}, {"type": "Feature", "geometry": {"type": "Polygon", "coordinates": [[[536.7431495991283, 761.042226229033], [536.7431495991283, 760.8195862291996], [537.8205734846815, 760.930906229314], [548.8886552173324, 761.8214662290429], [549.2804457212015, 761.8214662290429], [548.8886552173324, 766.3855862289888], [548.2030218356483, 775.4025062291616], [548.2030218356483, 775.4025062291616], [547.7132837060728, 781.4137862290131], [547.5173884539644, 781.4137862290131], [532.9231921868391, 780.1892662289408], [533.4129303167624, 773.2874262289648], [533.9026684463379, 773.3987462290793], [535.8616209656836, 773.5100662291937], [539.8774736297336, 773.8440262291415], [540.367211759309, 768.1667062292378], [536.1554638434986, 767.83274622929], [536.3513590952592, 765.3837062291454], [536.3513590952592, 765.3837062291454], [536.7431495991283, 761.042226229033]]]}, "properties": {"id": 978, "height_m": 6.0, "levels": 2, "category": "residencial", "extrude": true, "manzana_id": 130}}, {"type": "Feature", "geometry": {"type": "Polygon", "coordinates": [[[535.8616209656836, 773.5100662291937], [536.1554638434986, 767.83274622929], [540.367211759309, 768.1667062292378], [539.8774736297336, 773.8440262291415], [535.8616209656836, 773.5100662291937]]]}, "properties": {"id": 979, "height_m": 3.0, "levels": 1, "category": "residencial", "extrude": true, "manzana_id": 130}}, {"type": "Feature", "geometry": {"type": "Polygon", "coordinates": [[[557.0183081714865, 761.1535462291474], [557.3121510493014, 754.0290662289425], [561.0341608355365, 754.2517062291713], [560.9362132098302, 755.698866229077], [560.6423703316673, 761.2648662292618], [558.4875225609089, 761.1535462291474], [557.0183081714865, 761.1535462291474]]]}, "properties": {"id": 980, "height_m": 9.0, "levels": 3, "category": "residencial", "extrude": true, "manzana_id": 129}}, {"type": "Feature", "geometry": {"type": "Polygon", "coordinates": [[[561.0341608355365, 754.2517062291713], [561.2300560876449, 754.2517062291713], [565.8335945073246, 754.4743462290047], [565.8335945073246, 753.9177462292236], [569.3597090417992, 754.140386229057], [570.339185301298, 754.140386229057], [570.1432900491894, 758.1479062292216], [569.0658661639842, 758.1479062292216], [568.6740756601151, 766.830866229051], [568.1843375301917, 766.830866229051], [563.8746419883269, 766.6082262292177], [557.0183081714865, 766.2742662292699], [557.0183081714865, 766.2742662292699], [556.6265176676173, 766.2742662292699], [556.8224129197259, 761.1535462291474], [557.0183081714865, 761.1535462291474], [558.4875225609089, 761.1535462291474], [560.6423703316673, 761.2648662292618], [560.9362132098302, 755.698866229077], [561.0341608355365, 754.2517062291713]]]}, "properties": {"id": 981, "height_m": 6.0, "levels": 2, "category": "residencial", "extrude": true, "manzana_id": 129}}, {"type": "Feature", "geometry": {"type": "Polygon", "coordinates": [[[557.0183081714865, 766.2742662292699], [563.8746419883269, 766.6082262292177], [563.7766943622726, 769.6138662291435], [556.9203605454322, 769.2799062291956], [557.0183081714865, 766.2742662292699]]]}, "properties": {"id": 982, "height_m": 3.0, "levels": 1, "category": "residencial", "extrude": true, "manzana_id": 129}}, {"type": "Feature", "geometry": {"type": "Polygon", "coordinates": [[[575.1386189730863, 768.6119862293001], [574.1591427132394, 768.5006662291856], [574.9427237209777, 757.7026262291594], [581.7011099117639, 758.1479062292216], [581.5052146600033, 760.3743062291373], [590.7122914997105, 761.042226229033], [590.4184486215477, 765.3837062291454], [590.2225533697871, 769.1685862290813], [590.1246057437328, 769.6138662291435], [589.3410247363425, 769.6138662291435], [575.1386189730863, 768.6119862293001]]]}, "properties": {"id": 983, "height_m": 6.0, "levels": 2, "category": "residencial", "extrude": true, "manzana_id": 129}}, {"type": "Feature", "geometry": {"type": "Polygon", "coordinates": [[[590.4184486215477, 765.3837062291454], [595.0219870415752, 765.7176662290932], [594.9240394155211, 769.502546229029], [590.2225533697871, 769.1685862290813], [590.4184486215477, 765.3837062291454]]]}, "properties": {"id": 984, "height_m": 3.0, "levels": 1, "category": "residencial", "extrude": true, "manzana_id": 129}}, {"type": "Feature", "geometry": {"type": "Polygon", "coordinates": [[[581.2113717821883, 785.977906228959], [581.0154765300798, 785.977906228959], [581.4072670339489, 779.076066228983], [581.4072670339489, 778.7421062290352], [581.799057537818, 778.7421062290352], [583.6600624307616, 778.8534262291496], [584.0518529346307, 778.8534262291496], [584.0518529346307, 779.2987062292118], [583.6600624307616, 786.2005462291879], [583.464167179001, 786.2005462291879], [581.2113717821883, 785.977906228959]]]}, "properties": {"id": 985, "height_m": 9.0, "levels": 3, "category": "residencial", "extrude": true, "manzana_id": 129}}, {"type": "Feature", "geometry": {"type": "Polygon", "coordinates": [[[583.5621148050553, 786.9797862291979], [583.3662195529466, 786.9797862291979], [583.464167179001, 786.2005462291879], [583.6600624307616, 786.2005462291879], [584.0518529346307, 779.2987062292118], [584.0518529346307, 778.8534262291496], [583.6600624307616, 778.8534262291496], [581.799057537818, 778.7421062290352], [581.4072670339489, 778.7421062290352], [581.4072670339489, 779.076066228983], [581.0154765300798, 785.977906228959], [581.2113717821883, 785.977906228959], [581.2113717821883, 786.8684662290834], [581.0154765300798, 786.7571462289691], [573.8652998354246, 786.2005462291879], [574.2570903392937, 778.7421062290352], [574.2570903392937, 778.2968262289729], [574.4529855914022, 773.955346229256], [581.7011099117639, 774.5119462290371], [581.8970051638723, 774.6232662291516], [582.0929004156329, 774.6232662291516], [583.8559576828702, 774.734586229266], [584.0518529346307, 774.734586229266], [584.2477481867394, 774.734586229266], [591.7897153849157, 775.4025062291616], [591.5938201331552, 779.2987062292118], [591.4958725071009, 779.6326662291597], [591.2020296292859, 785.4213062291778], [588.9492342324733, 787.4250662292602], [583.5621148050553, 786.9797862291979]]]}, "properties": {"id": 986, "height_m": 6.0, "levels": 2, "category": "residencial", "extrude": true, "manzana_id": 129}}, {"type": "Feature", "geometry": {"type": "Polygon", "coordinates": [[[568.9679185379299, 781.0798262290654], [568.7720232858214, 788.3156262289891], [557.1162557975408, 788.0929862291557], [557.3121510493014, 780.857186229232], [568.9679185379299, 781.0798262290654]]]}, "properties": {"id": 987, "height_m": 6.0, "levels": 2, "category": "residencial", "extrude": true, "manzana_id": 129}}, {"type": "Feature", "geometry": {"type": "Polygon", "coordinates": [[[568.9679185379299, 781.0798262290654], [557.3121510493014, 780.857186229232], [557.4100986753557, 774.2893062292037], [569.0658661639842, 774.5119462290371], [568.9679185379299, 781.0798262290654]]]}, "properties": {"id": 988, "height_m": 3.0, "levels": 1, "category": "residencial", "extrude": true, "manzana_id": 129}}, {"type": "Feature", "geometry": {"type": "Polygon", "coordinates": [[[494.0379846833055, 693.1370262292307], [493.156456049861, 686.2351862292547], [490.12007964531, 686.680466229317], [488.06317950025783, 671.4296262290638], [496.1928324544119, 670.3164262291059], [496.9764134618023, 676.3277062289575], [505.1060664159564, 675.2145062289997], [504.32248540856614, 669.2032262291481], [512.6480336144808, 668.0900262291902], [514.6069861334786, 683.340866229048], [511.37471447716706, 683.7861462291102], [512.2562431106118, 690.6879862290862], [494.0379846833055, 693.1370262292307]]]}, "properties": {"id": 989, "height_m": 3.0, "levels": 1, "category": "residencial", "extrude": true, "manzana_id": 122}}, {"type": "Feature", "geometry": {"type": "Polygon", "coordinates": [[[533.0211398128934, 693.1370262292307], [541.5425832709166, 694.0275862289598], [541.2487403931017, 696.5879462292187], [546.6358598205197, 697.144546229], [546.9297026983345, 694.9181462290842], [555.6470414081185, 695.8087062292087], [555.2552509042494, 700.0388662292067], [558.6834178126694, 700.3728262291545], [559.1731559425929, 696.2539862292709], [567.8904946523768, 697.144546229], [567.5966517745619, 699.704906229259], [572.7878759502194, 700.2615062290402], [573.0817188280342, 697.812466229291], [581.799057537818, 698.70302622902], [580.42779077445, 712.2840662291387], [572.1022425685353, 711.3935062290142], [571.7104520646661, 715.067066229231], [571.6125044386118, 716.2915862293033], [579.9380526445266, 717.1821462290324], [578.4688382554522, 730.763186229151], [569.8494471713747, 729.8726262290265], [570.1432900491894, 727.312266229163], [564.9520658738801, 726.7556662289862], [564.6582229960652, 728.9820662292975], [555.9408842859333, 728.091506229173], [556.4306224158568, 723.4160662291127], [552.806560255676, 722.9707862290504], [552.3168221257525, 727.6462262291108], [543.6974310416749, 726.7556662289862], [543.9912739198379, 724.4179462289561], [538.8000497441805, 723.861346229175], [538.6041544924199, 726.1990662292051], [529.5929729044731, 725.1971862289662], [530.9642396678413, 711.8387862290764], [539.3877354998102, 712.7293462292009], [539.8774736297336, 707.8312662293072], [531.551925423471, 706.9407062291828], [533.0211398128934, 693.1370262292307]]]}, "properties": {"id": 990, "height_m": 6.0, "levels": 2, "category": "publico", "extrude": true, "manzana_id": 125}}, {"type": "Feature", "geometry": {"type": "Polygon", "coordinates": [[[534.1965113245009, 670.8730262292827], [531.551925423471, 671.2069862292304], [532.3355064312093, 675.9937462290097], [529.5929729044731, 676.5503462291863], [530.3765539122114, 681.3371062289656], [526.6545441259764, 682.0050262292567], [526.9483870037913, 683.7861462291102], [522.5407438358723, 684.5653862291202], [521.7571628281338, 680.2239062290078], [520.48384369082, 680.4465462292366], [519.5043674313212, 674.7692262289374], [523.3243248436105, 674.1013062290417], [522.1489533320031, 666.9768262292324], [531.4539777977645, 665.3070262290978], [531.8457683012858, 666.3089062289413], [532.7272969350784, 668.0900262291902], [534.1965113245009, 670.8730262292827]]]}, "properties": {"id": 991, "height_m": 3.0, "levels": 1, "category": "residencial", "extrude": true, "manzana_id": 122}}, {"type": "Feature", "geometry": {"type": "Polygon", "coordinates": [[[503.5389044008278, 724.3066262292372], [503.6368520268821, 721.8575862290926], [503.5389044008278, 721.8575862290926], [503.83274727864267, 712.6180262290865], [503.34300914906726, 712.6180262290865], [503.5389044008278, 707.385986229245], [504.0286425307512, 707.385986229245], [504.32248540856614, 698.2577462289578], [517.1536244084541, 698.70302622902], [516.2720957746616, 722.3028662291549], [506.57528080537884, 721.968906229207], [506.47733317932455, 724.4179462289561], [503.5389044008278, 724.3066262292372]]]}, "properties": {"id": 992, "height_m": 3.0, "levels": 1, "category": "residencial", "extrude": true, "manzana_id": 123}}, {"type": "Feature", "geometry": {"type": "Polygon", "coordinates": [[[-750.6804459350247, 766.4969062291033], [-749.9948125533407, 762.7120262291675], [-747.5461219044195, 763.8252262291253], [-747.8399647822343, 766.4969062291033], [-747.8399647822343, 766.9421862291655], [-748.3297029121578, 766.9421862291655], [-750.6804459350247, 766.4969062291033]]]}, "properties": {"id": 993, "height_m": 3.0, "levels": 1, "category": "residencial", "extrude": true, "manzana_id": 1}}, {"type": "Feature", "geometry": {"type": "Polygon", "coordinates": [[[-759.2998370187544, 755.5875462289625], [-754.6962985990747, 756.0328262290249], [-755.3819319807587, 760.0403462291895], [-759.495732270863, 759.5950662291273], [-759.2998370187544, 755.5875462289625]]]}, "properties": {"id": 994, "height_m": 3.0, "levels": 1, "category": "residencial", "extrude": true, "manzana_id": 1}}, {"type": "Feature", "geometry": {"type": "Polygon", "coordinates": [[[-759.495732270863, 759.5950662291273], [-755.3819319807587, 760.0403462291895], [-749.7989173012322, 761.3761862289807], [-749.9948125533407, 762.7120262291675], [-750.6804459350247, 766.4969062291033], [-759.8875227747321, 764.7157862292498], [-759.495732270863, 759.5950662291273]]]}, "properties": {"id": 995, "height_m": 3.0, "levels": 1, "category": "residencial", "extrude": true, "manzana_id": 1}}, {"type": "Feature", "geometry": {"type": "Polygon", "coordinates": [[[-697.0051469122575, 759.8177062289607], [-695.829775400998, 755.2535862290148], [-695.7318277749437, 754.8083062289526], [-694.45850863763, 755.1422662292958], [-692.8913466225011, 751.6913462293078], [-692.0098179887086, 751.6913462293078], [-688.2878082024736, 751.8026662290267], [-688.2878082024736, 752.3592662292035], [-688.2878082024736, 752.5819062290368], [-688.2878082024736, 755.5875462289625], [-688.2878082024736, 756.3667862289726], [-688.2878082024736, 771.8402662290591], [-697.8866755460501, 771.5063062291114], [-698.866151805549, 771.5063062291114], [-698.6702565534404, 765.9403062293221], [-697.8866755460501, 763.0459862291152], [-697.7887279199958, 762.8233462292819], [-697.6907802939415, 762.3780662292197], [-694.6544038893906, 762.4893862289387], [-695.1441420193139, 766.0516262290411], [-692.8913466225011, 766.1629462291555], [-692.9892942482074, 760.0403462291895], [-697.0051469122575, 759.8177062289607]]]}, "properties": {"id": 996, "height_m": 3.0, "levels": 1, "category": "residencial", "extrude": true, "manzana_id": 1}}, {"type": "Feature", "geometry": {"type": "Polygon", "coordinates": [[[471.7059259658953, -162.69113377095778], [478.85610266055056, -160.13077377069877], [472.8812974775028, -140.87241377067642], [466.220858912423, -142.87617377075875], [471.7059259658953, -162.69113377095778]]]}, "properties": {"id": 997, "height_m": 3.0, "levels": 1, "category": "residencial", "extrude": true, "manzana_id": 110}}, {"type": "Feature", "geometry": {"type": "Polygon", "coordinates": [[[424.69106550820777, 71.86010622929842], [414.50451240900156, 64.40166622914575], [436.1509377447278, 34.34526622909715], [437.32630925633526, 35.347146228940574], [443.301114439383, 40.1339062291153], [424.69106550820777, 71.86010622929842]]]}, "properties": {"id": 998, "height_m": 3.0, "levels": 1, "category": "residencial", "extrude": true, "manzana_id": 114}}, {"type": "Feature", "geometry": {"type": "Polygon", "coordinates": [[[438.6975760197034, 26.330226229163287], [437.91399501196497, 27.443426229121144], [425.5725941416524, 19.539706229301714], [426.6500180272056, 18.09254622900056], [429.29460392788747, 14.530306229293615], [441.1462666682766, 22.767986229060853], [438.6975760197034, 26.330226229163287]]]}, "properties": {"id": 999, "height_m": 3.0, "levels": 1, "category": "residencial", "extrude": true, "manzana_id": 113}}, {"type": "Feature", "geometry": {"type": "Polygon", "coordinates": [[[1092.6938745118664, -739.6626937708272], [1092.595926885812, -742.3343737708052], [1098.962522572729, -742.4456937709197], [1098.962522572729, -739.7740137709417], [1092.6938745118664, -739.6626937708272]]]}, "properties": {"id": 1000, "height_m": 3.0, "levels": 1, "category": "residencial", "extrude": true, "manzana_id": 102}}, {"type": "Feature", "geometry": {"type": "Polygon", "coordinates": [[[1100.0399464582822, -737.5476137710259], [1099.941998832228, -741.3324937709617], [1105.7209087635151, -741.3324937709617], [1105.7209087635151, -742.668333770753], [1107.777808908567, -742.668333770753], [1107.8757565346216, -737.6589337707449], [1100.0399464582822, -737.5476137710259]]]}, "properties": {"id": 1001, "height_m": 3.0, "levels": 1, "category": "residencial", "extrude": true, "manzana_id": 102}}, {"type": "Feature", "geometry": {"type": "Polygon", "coordinates": [[[844.7884332231926, -638.8067737707696], [847.1391762460596, -642.9256137710488], [851.9386099178478, -640.1426137709564], [849.7837621467414, -636.3577337710205], [844.7884332231926, -638.8067737707696]]]}, "properties": {"id": 1002, "height_m": 3.0, "levels": 1, "category": "residencial", "extrude": true, "manzana_id": 103}}, {"type": "Feature", "geometry": {"type": "Polygon", "coordinates": [[[503.24506152301296, 483.74410622912944], [496.9764134618023, 466.378186229075], [505.301961668065, 463.26122622903483], [503.44095677477355, 458.69710622908894], [505.301961668065, 457.9178662290789], [503.44095677477355, 453.24242622901863], [509.21986670606066, 450.9047062289885], [510.7870287215373, 454.6895862293198], [515.1946718894563, 453.01978622918523], [522.834586713687, 471.4989062291976], [524.8914868587391, 476.73094622903903], [503.24506152301296, 483.74410622912944]]]}, "properties": {"id": 1003, "height_m": 3.0, "levels": 1, "category": "residencial", "extrude": true, "manzana_id": 117}}, {"type": "Feature", "geometry": {"type": "Polygon", "coordinates": [[[-294.6362994950032, -1350.9208137707433], [-300.8069999301595, -1352.7019337709924], [-302.1782666935276, -1353.5924937707214], [-301.3946856857893, -1359.158493770906], [-319.1232059835199, -1364.9471337709242], [-316.478620082838, -1367.8414537707356], [-300.3172618002361, -1362.1641337708318], [-299.53368079284576, -1363.722613770852], [-298.0644664034234, -1362.9433737708418], [-292.38350409819054, -1360.3830137709783], [-294.6362994950032, -1350.9208137707433]]]}, "properties": {"id": 1004, "height_m": 3.0, "levels": 1, "category": "residencial", "extrude": true, "manzana_id": 49}}, {"type": "Feature", "geometry": {"type": "Polygon", "coordinates": [[[55.134672785384915, -1291.809893770885], [47.88654846467541, -1293.9249737706864], [49.35576285409776, -1299.1570137709234], [56.60388717445929, -1297.153253770841], [55.134672785384915, -1291.809893770885]]]}, "properties": {"id": 1005, "height_m": 3.0, "levels": 1, "category": "residencial", "extrude": true, "manzana_id": 51}}, {"type": "Feature", "geometry": {"type": "Polygon", "coordinates": [[[73.74472171656015, -1291.9212137709994], [60.7176874645635, -1300.3815337709957], [63.166378113484754, -1304.1664137709315], [60.22794933498803, -1306.0588537708993], [62.18690185398585, -1309.064493770825], [75.21393610563452, -1300.604173770829], [73.2549835866367, -1297.5985337709033], [76.19341236548141, -1295.7060937709352], [73.74472171656015, -1291.9212137709994]]]}, "properties": {"id": 1006, "height_m": 3.0, "levels": 1, "category": "residencial", "extrude": true, "manzana_id": 52}}, {"type": "Feature", "geometry": {"type": "Polygon", "coordinates": [[[-69.35675980190257, -951.2820137708443], [-70.53213131316207, -955.9574537709045], [-66.41833102305786, -956.9593337707479], [-60.63942109177071, -933.8047737706754], [-64.65527375582063, -932.8028937708319], [-69.35675980190257, -951.2820137708443]]]}, "properties": {"id": 1007, "height_m": 3.0, "levels": 1, "category": "residencial", "extrude": true, "manzana_id": 59}}, {"type": "Feature", "geometry": {"type": "Polygon", "coordinates": [[[2.4388500221165246, -868.4599337707367], [5.867016930536697, -856.3260537709192], [-2.3605836493237367, -854.0996537710034], [-5.690802932037604, -866.1222137707066], [2.4388500221165246, -868.4599337707367]]]}, "properties": {"id": 1008, "height_m": 3.0, "levels": 1, "category": "residencial", "extrude": true, "manzana_id": 60}}, {"type": "Feature", "geometry": {"type": "Polygon", "coordinates": [[[146.42186017402386, -333.3446937707855], [163.66064234183102, -339.0220137706892], [164.54217097562363, -336.35033377071125], [176.00204321214366, -340.1352137710426], [177.7651004790329, -334.5692137708578], [153.3761416169185, -326.5541737709239], [152.00487485355043, -331.00697377075534], [147.59723168563133, -329.5598137708497], [146.42186017402386, -333.3446937707855]]]}, "properties": {"id": 1009, "height_m": 3.0, "levels": 1, "category": "residencial", "extrude": true, "manzana_id": 108}}, {"type": "Feature", "geometry": {"type": "Polygon", "coordinates": [[[-514.5287197606858, -792.5396937710007], [-516.2917770279231, -803.115093770798], [-511.5902909821892, -803.7830137706936], [-510.0231289670605, -793.3189337710107], [-514.5287197606858, -792.5396937710007]]]}, "properties": {"id": 1010, "height_m": 3.0, "levels": 1, "category": "residencial", "extrude": true, "manzana_id": 26}}, {"type": "Feature", "geometry": {"type": "Polygon", "coordinates": [[[-377.4999910516732, -726.5269337707708], [-389.15575854030175, -728.8646537708009], [-387.3927012730645, -737.8815737709738], [-375.5410385326753, -735.5438537709437], [-377.4999910516732, -726.5269337707708]]]}, "properties": {"id": 1011, "height_m": 3.0, "levels": 1, "category": "residencial", "extrude": true, "manzana_id": 40}}, {"type": "Feature", "geometry": {"type": "Polygon", "coordinates": [[[-375.5410385326753, -735.5438537709437], [-387.3927012730645, -737.8815737709738], [-378.77331018898695, -782.2982537707555], [-372.6026097541786, -781.4076937710265], [-366.43190931902234, -780.1831737709542], [-370.6436572351808, -758.6984137710162], [-375.3451432809147, -759.3663337709119], [-377.20614817385825, -749.9041337706768], [-378.8712578150412, -741.3324937709617], [-373.97387651754667, -740.3306137707228], [-371.9169763724946, -739.9966537707751], [-372.8964526319935, -734.987253770767], [-375.5410385326753, -735.5438537709437]]]}, "properties": {"id": 1012, "height_m": 6.0, "levels": 2, "category": "residencial", "extrude": true, "manzana_id": 40}}, {"type": "Feature", "geometry": {"type": "Polygon", "coordinates": [[[-379.06715306714983, -761.5927337708275], [-377.20614817385825, -771.0549337710626], [-372.0149239982009, -770.0530537708237], [-373.8759288914924, -760.5908537709842], [-379.06715306714983, -761.5927337708275]]]}, "properties": {"id": 1013, "height_m": 9.0, "levels": 3, "category": "residencial", "extrude": true, "manzana_id": 40}}, {"type": "Feature", "geometry": {"type": "Polygon", "coordinates": [[[-370.6436572351808, -758.6984137710162], [-372.5046621281243, -749.2362137707812], [-374.8554051509913, -749.6814937708434], [-377.20614817385825, -749.9041337706768], [-375.3451432809147, -759.3663337709119], [-370.6436572351808, -758.6984137710162]]]}, "properties": {"id": 1014, "height_m": 3.0, "levels": 1, "category": "residencial", "extrude": true, "manzana_id": 40}}, {"type": "Feature", "geometry": {"type": "Polygon", "coordinates": [[[-166.52080474753498, -938.8141737706835], [-166.81464762569783, -938.9254937707979], [-165.0515903584606, -943.8235737706916], [-161.32958057222555, -942.3764137707859], [-150.75123696915017, -970.0950937708044], [-149.47791783183638, -973.4346937706779], [-144.972327037863, -971.6535737708244], [-158.5870470454894, -935.8085337707577], [-166.52080474753498, -938.8141737706835]]]}, "properties": {"id": 1015, "height_m": 3.0, "levels": 1, "category": "residencial", "extrude": true, "manzana_id": 58}}, {"type": "Feature", "geometry": {"type": "Polygon", "coordinates": [[[-265.64380221286115, -1119.5978537710373], [-264.1745878234388, -1121.601613770724], [-261.0402637928335, -1119.152573770975], [-260.9423161671272, -1119.0412537708605], [-262.215635304441, -1117.260133771007], [-262.41153055620157, -1117.260133771007], [-265.64380221286115, -1119.5978537710373]]]}, "properties": {"id": 1016, "height_m": 3.0, "levels": 1, "category": "residencial", "extrude": true, "manzana_id": 53}}, {"type": "Feature", "geometry": {"type": "Polygon", "coordinates": [[[-253.79213947247197, -1116.7035337708305], [-253.89008709817827, -1116.7035337708305], [-257.41620163265276, -1125.275173770941], [-243.31174349545086, -1131.175133770678], [-244.58506263276468, -1134.1807737709994], [-209.61776016722686, -1139.4128137708408], [-210.20544592285663, -1140.8599737707464], [-209.323917289412, -1141.0826137709753], [-204.42653599191746, -1142.9750537709433], [-201.48810721307274, -1144.088253770901], [-193.5543495110272, -1147.093893770827], [-188.2651777093155, -1149.0976537709091], [-186.69801569418684, -1149.7655737708048], [-182.9760059079518, -1140.7486537710274], [-176.6094102210349, -1125.3864937710555], [-182.48626777802835, -1122.937453770911], [-179.15604849566247, -1114.922413770977], [-211.96850319009386, -1101.230053770744], [-215.20077484675343, -1109.2450937706778], [-224.9955374420905, -1105.1262537707942], [-231.85187125893088, -1102.3432537707017], [-237.72872881592428, -1116.592213770716], [-238.61025744971693, -1116.1469337710494], [-241.15689572434448, -1122.3808537707341], [-253.9880347242326, -1117.0374937707784], [-253.79213947247197, -1116.7035337708305]]]}, "properties": {"id": 1017, "height_m": 3.0, "levels": 1, "category": "publico", "extrude": true, "manzana_id": 54}}, {"type": "Feature", "geometry": {"type": "Polygon", "coordinates": [[[-253.79213947247197, -1116.7035337708305], [-253.9880347242326, -1117.0374937707784], [-241.15689572434448, -1122.3808537707341], [-238.61025744971693, -1116.1469337710494], [-238.70820507542322, -1116.1469337710494], [-247.0337532816859, -1112.6960137710612], [-247.3275961595008, -1112.8073337707801], [-253.79213947247197, -1116.7035337708305]]]}, "properties": {"id": 1018, "height_m": 6.0, "levels": 2, "category": "residencial", "extrude": true, "manzana_id": 54}}, {"type": "Feature", "geometry": {"type": "Polygon", "coordinates": [[[-247.3275961595008, -1112.8073337707801], [-247.0337532816859, -1112.6960137710612], [-238.70820507542322, -1116.1469337710494], [-238.61025744971693, -1116.1469337710494], [-238.31641457155402, -1115.4790137707582], [-246.93580565563164, -1111.9167737710513], [-247.3275961595008, -1112.8073337707801]]]}, "properties": {"id": 1019, "height_m": 3.0, "levels": 1, "category": "residencial", "extrude": true, "manzana_id": 54}}, {"type": "Feature", "geometry": {"type": "Polygon", "coordinates": [[[-211.96850319009386, -1101.230053770744], [-208.63828390772795, -1093.21501377081], [-218.43304650306504, -1089.0961737709265], [-224.9955374420905, -1105.1262537707942], [-215.20077484675343, -1109.2450937706778], [-211.96850319009386, -1101.230053770744]]]}, "properties": {"id": 1020, "height_m": 6.0, "levels": 2, "category": "residencial", "extrude": true, "manzana_id": 54}}, {"type": "Feature", "geometry": {"type": "Polygon", "coordinates": [[[-188.06928245755492, -1061.0435337709603], [-214.22129858725452, -1081.0811337709927], [-210.49928880101947, -1086.0905337710008], [-183.9554821674507, -1066.8321737709784], [-188.06928245755492, -1061.0435337709603]]]}, "properties": {"id": 1021, "height_m": 3.0, "levels": 1, "category": "residencial", "extrude": true, "manzana_id": 56}}, {"type": "Feature", "geometry": {"type": "Polygon", "coordinates": [[[-172.59355755698496, -1079.3000137707436], [-166.91259525140413, -1077.2962537710569], [-170.0469192820094, -1067.9453737709362], [-175.72788158724228, -1069.8378137709042], [-172.59355755698496, -1079.3000137707436]]]}, "properties": {"id": 1022, "height_m": 3.0, "levels": 1, "category": "residencial", "extrude": true, "manzana_id": 57}}, {"type": "Feature", "geometry": {"type": "Polygon", "coordinates": [[[-335.4804595175344, -1016.4042137709496], [-332.639978365092, -1013.5098937707427], [-342.04295045655994, -1003.9363737707888], [-344.88343160935034, -1006.7193737708811], [-335.4804595175344, -1016.4042137709496]]]}, "properties": {"id": 1023, "height_m": 3.0, "levels": 1, "category": "residencial", "extrude": true, "manzana_id": 45}}, {"type": "Feature", "geometry": {"type": "Polygon", "coordinates": [[[-58.68046857277289, -252.6376937708747], [-59.36610195445692, -257.09049377070613], [-52.99950626754002, -258.7602937708407], [-52.313872885855986, -254.86409377079042], [-58.68046857277289, -252.6376937708747]]]}, "properties": {"id": 1024, "height_m": 3.0, "levels": 1, "category": "residencial", "extrude": true, "manzana_id": 68}}, {"type": "Feature", "geometry": {"type": "Polygon", "coordinates": [[[-49.86518223693472, -297.6109737708332], [-32.626400069127556, -297.833613771062], [-32.430504817366966, -284.02993377071454], [-49.66928698517413, -283.8072937708812], [-49.86518223693472, -297.6109737708332]]]}, "properties": {"id": 1025, "height_m": 3.0, "levels": 1, "category": "residencial", "extrude": true, "manzana_id": 67}}, {"type": "Feature", "geometry": {"type": "Polygon", "coordinates": [[[-39.38478625991362, -271.00549377077255], [-47.90622971793691, -268.8904137709713], [-49.08160122919641, -271.4507737708348], [-49.37544410735926, -276.5714937709573], [-32.52845244307327, -282.13749377074663], [-32.52845244307327, -275.7922537709473], [-40.16836726765194, -273.1205737709694], [-39.38478625991362, -271.00549377077255]]]}, "properties": {"id": 1026, "height_m": 3.0, "levels": 1, "category": "residencial", "extrude": true, "manzana_id": 67}}, {"type": "Feature", "geometry": {"type": "Polygon", "coordinates": [[[-44.478062809516736, -259.31689377101736], [-47.612386840122035, -267.665893770899], [-41.14784352715085, -270.0036137709292], [-39.97247201554337, -266.9979737710034], [-32.72434769518184, -269.5583337708669], [-32.234609565258395, -267.9998537708468], [-31.64692380962865, -268.2224937706802], [-30.961290427944615, -263.99233377068214], [-44.478062809516736, -259.31689377101736]]]}, "properties": {"id": 1027, "height_m": 3.0, "levels": 1, "category": "residencial", "extrude": true, "manzana_id": 67}}, {"type": "Feature", "geometry": {"type": "Polygon", "coordinates": [[[-223.42837542661388, -94.00669377075005], [-223.33042780090756, -100.4632537710593], [-213.82950808338538, -101.79909377085053], [-214.02540333514597, -95.4538537710512], [-223.42837542661388, -94.00669377075005]]]}, "properties": {"id": 1028, "height_m": 3.0, "levels": 1, "category": "residencial", "extrude": true, "manzana_id": 70}}, {"type": "Feature", "geometry": {"type": "Polygon", "coordinates": [[[-75.03772210713544, 64.73562622909355], [-74.3520887254514, 60.171506229147695], [-57.11330655764423, 62.0639462291156], [-57.50509706151339, 66.62806622906146], [-75.03772210713544, 64.73562622909355]]]}, "properties": {"id": 1029, "height_m": 3.0, "levels": 1, "category": "residencial", "extrude": true, "manzana_id": 72}}, {"type": "Feature", "geometry": {"type": "Polygon", "coordinates": [[[61.5992160983561, -304.2901737709758], [58.07310156388164, -315.3108537708354], [62.676639983561316, -316.8693337708555], [82.56000805239832, -323.4372137708837], [82.85385093021318, -322.4353337710403], [85.98817496081848, -312.97313377080525], [86.28201783863337, -312.30521377090963], [81.38463654079084, -310.7467337708896], [66.30070214409005, -305.8486537709959], [61.89305897617098, -304.40149377069474], [61.5992160983561, -304.2901737709758]]]}, "properties": {"id": 1030, "height_m": 3.0, "levels": 1, "category": "residencial", "extrude": true, "manzana_id": 66}}, {"type": "Feature", "geometry": {"type": "Polygon", "coordinates": [[[-47.024701084144304, -760.4795337708697], [-53.881034900984645, -760.4795337708697], [-53.881034900984645, -765.4889337708778], [-47.12264871019859, -765.6002537709923], [-47.024701084144304, -760.4795337708697]]]}, "properties": {"id": 1031, "height_m": 8.0, "levels": 0, "category": "residencial", "extrude": true, "manzana_id": 61}}, {"type": "Feature", "geometry": {"type": "Polygon", "coordinates": [[[-56.72151605377507, -760.3682137707552], [-53.881034900984645, -760.4795337708697], [-47.024701084144304, -760.4795337708697], [-46.926753458438, -753.3550537710603], [-56.623568427720784, -753.5776937708937], [-56.72151605377507, -760.3682137707552]]]}, "properties": {"id": 1032, "height_m": 3.0, "levels": 1, "category": "residencial", "extrude": true, "manzana_id": 61}}, {"type": "Feature", "geometry": {"type": "Polygon", "coordinates": [[[-56.623568427720784, -753.5776937708937], [-60.05173533614096, -753.6890137710081], [-59.95378771008667, -760.3682137707552], [-56.72151605377507, -760.3682137707552], [-56.623568427720784, -753.5776937708937]]]}, "properties": {"id": 1033, "height_m": 3.0, "levels": 1, "category": "residencial", "extrude": true, "manzana_id": 61}}, {"type": "Feature", "geometry": {"type": "Polygon", "coordinates": [[[281.8834268679079, -102.80097377069396], [278.06346945561853, -107.81037377070206], [277.181940822174, -109.14621377088878], [271.10918801307196, -118.05181377094712], [279.14089334117176, -123.50649377101746], [284.919803272459, -114.93485377090693], [289.71923694424714, -108.14433377104535], [281.8834268679079, -102.80097377069396]]]}, "properties": {"id": 1034, "height_m": 3.0, "levels": 1, "category": "residencial", "extrude": true, "manzana_id": 111}}, {"type": "Feature", "geometry": {"type": "Polygon", "coordinates": [[[328.50649682172633, -91.00105377082429], [335.1669353864581, -85.65769377086838], [330.4654493407241, -79.7577337707358], [323.8050107759923, -85.1010937706917], [328.50649682172633, -91.00105377082429]]]}, "properties": {"id": 1035, "height_m": 3.0, "levels": 1, "category": "residencial", "extrude": true, "manzana_id": 112}}, {"type": "Feature", "geometry": {"type": "Polygon", "coordinates": [[[461.1275823628199, -318.8730937709379], [463.67422063779554, -318.4278137708756], [464.2619063934252, -322.32401377092583], [470.236711576473, -321.32213377068695], [468.7674971873986, -309.9674937708795], [462.69474437829655, -310.7467337708896], [462.498849126188, -309.07693377075503], [463.96806351561037, -308.8542937709217], [463.4783253856869, -305.1807337707048], [466.80854466840077, -304.735453771038], [466.31880653847736, -300.50529377104], [479.05199791231115, -298.724173770791], [486.5939651108355, -326.8881337708717], [492.96056079775235, -325.2183337707372], [490.5118701491791, -316.2014137709599], [495.507199072728, -314.86557377077315], [494.0379846833055, -309.5222137708173], [505.8896474236948, -307.85241377068274], [502.5594281413289, -295.94117377069864], [487.57344137033436, -298.16757377100987], [486.20217460696637, -288.14877377099367], [497.7599944695407, -286.03369377079684], [496.2907800804662, -279.6884537709975], [459.3645250959307, -287.0355737710358], [455.15277717977216, -292.49025377071064], [461.1275823628199, -318.8730937709379]]]}, "properties": {"id": 1036, "height_m": 3.0, "levels": 1, "category": "publico", "extrude": true, "manzana_id": 109}}, {"type": "Feature", "geometry": {"type": "Polygon", "coordinates": [[[571.6125044386118, -608.9730137709499], [570.0453424234831, -606.1900137708575], [558.3895749348546, -609.4182937710121], [561.0341608355365, -614.093733770677], [571.6125044386118, -608.9730137709499]]]}, "properties": {"id": 1037, "height_m": 3.0, "levels": 1, "category": "residencial", "extrude": true, "manzana_id": 104}}, {"type": "Feature", "geometry": {"type": "Polygon", "coordinates": [[[603.8372733774135, -513.3491337707337], [606.4818592780953, -524.035853771041], [620.4883697895909, -520.4736137709386], [619.508893530092, -516.5774137708884], [615.1991979878792, -517.6906137708463], [613.5340883466963, -510.90009377098465], [603.8372733774135, -513.3491337707337]]]}, "properties": {"id": 1038, "height_m": 3.0, "levels": 1, "category": "residencial", "extrude": true, "manzana_id": 105}}, {"type": "Feature", "geometry": {"type": "Polygon", "coordinates": [[[545.5584359349665, -404.81213377069014], [546.3420169427048, -407.0385337710013], [543.5015357899144, -407.92909377073033], [547.2235455761495, -418.83845377087096], [551.3373458662536, -417.3912937709653], [552.806560255676, -421.73277377068234], [558.193679683094, -419.84033377071444], [555.3531985303035, -411.7139737710616], [559.7608416982226, -410.1554937710415], [557.899836805279, -404.92345377080454], [553.5901412630664, -406.3706137707102], [552.0229792479377, -401.80649377076435], [545.3625406832059, -404.1442137707945], [545.5584359349665, -404.81213377069014]]]}, "properties": {"id": 1039, "height_m": 6.0, "levels": 2, "category": "residencial", "extrude": true, "manzana_id": 107}}, {"type": "Feature", "geometry": {"type": "Polygon", "coordinates": [[[552.806560255676, -421.73277377068234], [551.3373458662536, -417.3912937709653], [547.2235455761495, -418.83845377087096], [548.6927599655718, -423.06861377086904], [552.806560255676, -421.73277377068234]]]}, "properties": {"id": 1040, "height_m": 3.0, "levels": 1, "category": "residencial", "extrude": true, "manzana_id": 107}}, {"type": "Feature", "geometry": {"type": "Polygon", "coordinates": [[[495.507199072728, -444.99865377086934], [493.156456049861, -447.4476937710139], [493.7441418054907, -450.2306937707108], [497.7599944695407, -449.3401337709818], [498.1517849734098, -451.1212537708353], [506.86912368319366, -449.3401337709818], [505.59580454587996, -443.10621377090143], [495.507199072728, -444.99865377086934]]]}, "properties": {"id": 1041, "height_m": 3.0, "levels": 1, "category": "residencial", "extrude": true, "manzana_id": 106}}, {"type": "Feature", "geometry": {"type": "Polygon", "coordinates": [[[205.77812150202402, 48.5942262291114], [204.11301186084108, 49.03950622917364], [203.9171166087325, 41.692386229135394], [204.50480236436226, 41.692386229135394], [215.7687793491217, 40.35654622894867], [216.25851747904514, 46.03386622924788], [205.77812150202402, 48.5942262291114]]]}, "properties": {"id": 1042, "height_m": 3.0, "levels": 1, "category": "residencial", "extrude": true, "manzana_id": 115}}, {"type": "Feature", "geometry": {"type": "Polygon", "coordinates": [[[216.06262222693655, 28.333986229245625], [220.17642251704078, 28.11134622901676], [220.27437014309507, 30.003786228984666], [224.58406568495985, 29.78114622915129], [225.46559431875247, 49.03950622917364], [220.37231776914933, 49.262146229007016], [219.6866843874653, 36.12638622895062], [217.14004611248976, 36.237706229065054], [217.04209848643546, 33.5660262290871], [216.25851747904514, 33.5660262290871], [216.06262222693655, 28.333986229245625]]]}, "properties": {"id": 1043, "height_m": 3.0, "levels": 1, "category": "residencial", "extrude": true, "manzana_id": 115}}, {"type": "Feature", "geometry": {"type": "Polygon", "coordinates": [[[76.68315049505688, 264.22106622929306], [63.36227336524535, 260.99278622913846], [68.1617070370336, 240.95518622910603], [75.21393610563452, 242.7363062289595], [74.03856459437502, 247.4117462290198], [80.30721265523763, 248.9702262290399], [76.68315049505688, 264.22106622929306]]]}, "properties": {"id": 1044, "height_m": 3.0, "levels": 1, "category": "residencial", "extrude": true, "manzana_id": 76}}, {"type": "Feature", "geometry": {"type": "Polygon", "coordinates": [[[77.07494099892604, 217.80062622903344], [79.71952689960789, 207.6705062292983], [91.0814515104216, 210.67614622922406], [89.71018474705353, 215.90818622906554], [82.16821754852916, 214.01574622909763], [81.18874128903025, 218.9138262289913], [77.07494099892604, 217.80062622903344]]]}, "properties": {"id": 1045, "height_m": 3.0, "levels": 1, "category": "residencial", "extrude": true, "manzana_id": 75}}, {"type": "Feature", "geometry": {"type": "Polygon", "coordinates": [[[-213.82950808338538, -43.690053770835675], [-211.28286980840983, -55.3786537709864], [-208.93212678554283, -56.04657377088202], [-208.93212678554283, -55.044693771038595], [-208.1485457781525, -44.469293770845724], [-209.323917289412, -44.35797377073129], [-213.82950808338538, -43.690053770835675]]]}, "properties": {"id": 1046, "height_m": 3.0, "levels": 1, "category": "residencial", "extrude": true, "manzana_id": 71}}, {"type": "Feature", "geometry": {"type": "Polygon", "coordinates": [[[-49.86518223693472, 322.33010622930794], [-49.96312986298901, 316.4301462291753], [-40.95194827504228, 316.09618622922756], [-41.04989590109656, 319.88106622916337], [-41.24579115320513, 320.6603062291734], [-41.63758165672631, 321.328226229069], [-42.12731978664976, 321.8848262292457], [-42.81295316833379, 322.2187862291935], [-49.86518223693472, 322.33010622930794]]]}, "properties": {"id": 1047, "height_m": 3.0, "levels": 1, "category": "residencial", "extrude": true, "manzana_id": 78}}, {"type": "Feature", "geometry": {"type": "Polygon", "coordinates": [[[-39.4827338859679, 312.97922622918736], [-37.32788611486151, 308.5264262289604], [-29.394128412815956, 312.5339462291251], [-28.218756901208476, 310.3075462292094], [-33.018190572996716, 307.8585062290648], [-30.86334280189033, 303.6283462290668], [-21.264475458661828, 308.5264262289604], [-26.455699633971246, 318.8791862293199], [-39.4827338859679, 312.97922622918736]]]}, "properties": {"id": 1048, "height_m": 3.0, "levels": 1, "category": "residencial", "extrude": true, "manzana_id": 79}}, {"type": "Feature", "geometry": {"type": "Polygon", "coordinates": [[[-17.444518046372494, 317.2093862291854], [-13.036874878453414, 313.09054622930176], [-4.4174837943758405, 321.4395462291834], [-12.155346244660809, 322.2187862291935], [-17.444518046372494, 317.2093862291854]]]}, "properties": {"id": 1049, "height_m": 3.0, "levels": 1, "category": "residencial", "extrude": true, "manzana_id": 80}}, {"type": "Feature", "geometry": {"type": "Polygon", "coordinates": [[[-231.65597600682227, 459.6989862293279], [-231.558028380768, 460.47822622894245], [-240.56920996871474, 460.58954622905685], [-240.66715759442104, 455.58014622904875], [-240.76510522047533, 451.3499862290507], [-231.75392363287656, 451.23866622893627], [-231.75392363287656, 450.12546622897844], [-227.5421757167181, 450.12546622897844], [-227.4442280910118, 458.91974622931787], [-231.65597600682227, 459.0310662290368], [-231.65597600682227, 459.6989862293279]]]}, "properties": {"id": 1050, "height_m": 3.0, "levels": 1, "category": "residencial", "extrude": true, "manzana_id": 81}}, {"type": "Feature", "geometry": {"type": "Polygon", "coordinates": [[[-114.70651061840717, 693.1370262292307], [-110.10297219837952, 678.4427862291543], [-105.30353852659127, 676.8843062291342], [-101.77742399246479, 689.7974262289617], [-105.10764327483068, 690.6879862290862], [-105.40148615264556, 690.7993062292006], [-114.70651061840717, 693.1370262292307]]]}, "properties": {"id": 1051, "height_m": 3.0, "levels": 1, "category": "residencial", "extrude": true, "manzana_id": 85}}, {"type": "Feature", "geometry": {"type": "Polygon", "coordinates": [[[-111.08244845787843, 677.8861862289775], [-107.85017680156682, 669.2032262291481], [-104.42200989314665, 670.2051062289916], [-105.40148615264556, 676.2163862292385], [-111.08244845787843, 677.8861862289775]]]}, "properties": {"id": 1052, "height_m": 3.0, "levels": 1, "category": "residencial", "extrude": true, "manzana_id": 85}}, {"type": "Feature", "geometry": {"type": "Polygon", "coordinates": [[[-105.98917190827531, 663.7485462290778], [-100.01436672522756, 646.1599862291899], [-96.68414744286167, 647.3845062292622], [-102.85484787801799, 664.7504262293166], [-105.98917190827531, 663.7485462290778]]]}, "properties": {"id": 1053, "height_m": 3.0, "levels": 1, "category": "residencial", "extrude": true, "manzana_id": 85}}, {"type": "Feature", "geometry": {"type": "Polygon", "coordinates": [[[-99.52462859530412, 680.1125862292888], [-101.77742399246479, 680.7805062291844], [-103.05074312977858, 676.5503462291863], [-96.4882521907531, 674.546586229104], [-94.72519492386385, 678.5541062292687], [-99.52462859530412, 680.1125862292888]]]}, "properties": {"id": 1054, "height_m": 3.0, "levels": 1, "category": "residencial", "extrude": true, "manzana_id": 85}}, {"type": "Feature", "geometry": {"type": "Polygon", "coordinates": [[[-96.4882521907531, 674.546586229104], [-99.91641909917328, 666.865506229118], [-98.15336183193605, 666.1975862292223], [-81.40431779405233, 670.2051062289916], [-82.08995117573636, 684.4540662290058], [-96.97799032067655, 688.4615862291705], [-99.52462859530412, 680.1125862292888], [-94.72519492386385, 678.5541062292687], [-96.4882521907531, 674.546586229104]]]}, "properties": {"id": 1055, "height_m": 3.0, "levels": 1, "category": "residencial", "extrude": true, "manzana_id": 85}}, {"type": "Feature", "geometry": {"type": "Polygon", "coordinates": [[[64.04790674692939, 731.4311062290466], [79.03389351792386, 735.4386262292112], [75.70367423555797, 748.1291062292054], [66.49659739585064, 745.6800662290608], [68.06375941132728, 739.7801062293238], [62.28484948004013, 738.2216262293036], [64.04790674692939, 731.4311062290466]]]}, "properties": {"id": 1056, "height_m": 3.0, "levels": 1, "category": "residencial", "extrude": true, "manzana_id": 89}}, {"type": "Feature", "geometry": {"type": "Polygon", "coordinates": [[[229.3834993567481, 730.4292262292031], [229.48144698280234, 729.8726262290265], [230.16708036448642, 718.7406262290524], [240.74542396721384, 719.5198662290625], [239.8638953337692, 731.2084662292132], [238.98236670032458, 744.6781862292174], [233.69319489861292, 744.3442262292696], [233.98703777642774, 740.336706229105], [233.20345676903742, 740.2253862289905], [228.69786597506408, 740.0027462291571], [228.79581360111834, 739.4461462289804], [229.28555173069384, 732.2103462290567], [235.45625216585012, 732.6556262291189], [235.65214741761068, 730.8745062292654], [229.3834993567481, 730.4292262292031]]]}, "properties": {"id": 1057, "height_m": 3.0, "levels": 1, "category": "residencial", "extrude": true, "manzana_id": 126}}, {"type": "Feature", "geometry": {"type": "Polygon", "coordinates": [[[211.65497905901748, 716.6255462292511], [225.66148957051303, 717.6274262290946], [225.56354194445876, 718.4066662291046], [225.0738038148833, 725.3085062290806], [223.70253705151524, 728.4254662291208], [214.7893030896228, 727.8688662289442], [214.39751258575362, 727.7575462292252], [209.98986941783454, 727.5349062289963], [210.57755517381227, 716.6255462292511], [211.65497905901748, 716.6255462292511]]]}, "properties": {"id": 1058, "height_m": 3.0, "levels": 1, "category": "residencial", "extrude": true, "manzana_id": 126}}, {"type": "Feature", "geometry": {"type": "Polygon", "coordinates": [[[269.444078371889, 714.6217862291688], [256.41704411989235, 713.508586229211], [256.6129393720009, 708.0539062291406], [269.63997362364955, 708.3878662290884], [269.444078371889, 714.6217862291688]]]}, "properties": {"id": 1059, "height_m": 6.0, "levels": 2, "category": "residencial", "extrude": true, "manzana_id": 124}}, {"type": "Feature", "geometry": {"type": "Polygon", "coordinates": [[[256.41704411989235, 713.508586229211], [252.79298195971157, 713.1746262292631], [250.24634368473605, 712.9519862290342], [251.61761044810407, 691.4672262290962], [254.26219634878595, 686.9031062291504], [254.55603922694883, 682.5616262290379], [255.14372498257856, 664.5277862290878], [270.815345135257, 665.0843862292645], [270.6194498831485, 670.0937862292726], [270.5215022570942, 670.0937862292726], [269.63997362364955, 708.3878662290884], [256.6129393720009, 708.0539062291406], [256.41704411989235, 713.508586229211]]]}, "properties": {"id": 1060, "height_m": 3.0, "levels": 1, "category": "residencial", "extrude": true, "manzana_id": 124}}, {"type": "Feature", "geometry": {"type": "Polygon", "coordinates": [[[438.2078378897799, 576.5849862292532], [438.1098902637256, 564.7850662289881], [443.8888001950128, 565.2303462290503], [443.5949573171979, 555.7681462292107], [454.76098667590304, 555.8794662293252], [454.76098667590304, 556.4360662291064], [454.85893430195733, 562.0020662292911], [450.8430816379074, 562.0020662292911], [450.8430816379074, 565.2303462290503], [451.92050552346063, 565.2303462290503], [451.92050552346063, 574.9151862291187], [442.3216381798841, 574.6925462292853], [442.3216381798841, 576.4736662291388], [438.2078378897799, 576.5849862292532]]]}, "properties": {"id": 1061, "height_m": 3.0, "levels": 1, "category": "residencial", "extrude": true, "manzana_id": 118}}, {"type": "Feature", "geometry": {"type": "Polygon", "coordinates": [[[457.5035202026392, 574.8038662290043], [457.6994154547477, 569.6831462292772], [462.498849126188, 569.5718262291628], [462.4009015004817, 574.9151862291187], [457.5035202026392, 574.8038662290043]]]}, "properties": {"id": 1062, "height_m": 3.0, "levels": 1, "category": "residencial", "extrude": true, "manzana_id": 118}}, {"type": "Feature", "geometry": {"type": "Polygon", "coordinates": [[[465.6331731567933, 556.4360662291064], [475.1340928743155, 556.4360662291064], [475.0361452482612, 556.992666229283], [475.1340928743155, 557.883226229012], [465.7311207828476, 562.2247062291245], [465.6331731567933, 556.4360662291064]]]}, "properties": {"id": 1063, "height_m": 3.0, "levels": 1, "category": "residencial", "extrude": true, "manzana_id": 119}}, {"type": "Feature", "geometry": {"type": "Polygon", "coordinates": [[[-535.2936164629674, -144.76861377072666], [-534.118244951708, -137.86677377075065], [-536.5669356002812, -136.97621377102166], [-537.840254737943, -143.9893737707166], [-535.2936164629674, -144.76861377072666]]]}, "properties": {"id": 1064, "height_m": 3.0, "levels": 1, "category": "residencial", "extrude": true, "manzana_id": 9}}, {"type": "Feature", "geometry": {"type": "Polygon", "coordinates": [[[-519.8178915623974, -145.77049377096557], [-515.7040912722933, -146.54973377097562], [-514.3328245089252, -138.86865377098957], [-518.3486771729752, -138.08941377097952], [-519.8178915623974, -145.77049377096557]]]}, "properties": {"id": 1065, "height_m": 3.0, "levels": 1, "category": "residencial", "extrude": true, "manzana_id": 27}}, {"type": "Feature", "geometry": {"type": "Polygon", "coordinates": [[[387.2750723940967, 141.3237862291207], [387.373020019803, 151.3425862291369], [381.20231958464666, 151.45390622925134], [381.0064243328861, 141.43510622923515], [387.2750723940967, 141.3237862291207]]]}, "properties": {"id": 1066, "height_m": 3.0, "levels": 1, "category": "residencial", "extrude": true, "manzana_id": 116}}, {"type": "Feature", "geometry": {"type": "Polygon", "coordinates": [[[-207.2670171443599, 615.6583062290791], [-202.27168822081106, 616.8828262291514], [-202.0757929687025, 616.8828262291514], [-203.25116448030997, 623.2280662289508], [-203.54500735812485, 623.1167462292318], [-208.5403362816737, 621.8922262291595], [-208.2464934038588, 620.7790262292017], [-207.2670171443599, 615.6583062290791]]]}, "properties": {"id": 1067, "height_m": 3.0, "levels": 1, "category": "residencial", "extrude": true, "manzana_id": 84}}, {"type": "Feature", "geometry": {"type": "Polygon", "coordinates": [[[-206.38548851091528, 610.648906229071], [-215.7884606023832, 608.9791062289364], [-215.10282722069914, 604.9715862291673], [-214.02540333514597, 598.8489862292013], [-207.95265052604393, 599.9621862291592], [-207.0711218925993, 600.1848262289925], [-205.60190750317696, 600.4074662292214], [-204.52448361762376, 600.6301062290548], [-205.60190750317696, 606.6413862293018], [-206.38548851091528, 610.648906229071]]]}, "properties": {"id": 1068, "height_m": 3.0, "levels": 1, "category": "residencial", "extrude": true, "manzana_id": 84}}, {"type": "Feature", "geometry": {"type": "Polygon", "coordinates": [[[-208.2464934038588, 620.7790262292017], [-209.5198125411726, 620.5563862289728], [-210.79313167883436, 620.3337462291394], [-211.77260793833327, 620.2224262290249], [-217.64946549532672, 619.1092262290671], [-215.7884606023832, 608.9791062289364], [-206.38548851091528, 610.648906229071], [-207.2670171443599, 615.6583062290791], [-208.2464934038588, 620.7790262292017]]]}, "properties": {"id": 1069, "height_m": 6.0, "levels": 2, "category": "residencial", "extrude": true, "manzana_id": 84}}, {"type": "Feature", "geometry": {"type": "Polygon", "coordinates": [[[-138.50778372489182, 707.1633462290162], [-138.31188847313123, 712.3953862292531], [-151.14302747301932, 712.6180262290865], [-151.2409750990736, 711.3935062290142], [-138.50778372489182, 707.1633462290162]]]}, "properties": {"id": 1070, "height_m": 3.0, "levels": 1, "category": "residencial", "extrude": true, "manzana_id": 87}}, {"type": "Feature", "geometry": {"type": "Polygon", "coordinates": [[[-121.36694918313894, 722.9707862290504], [-127.24380674048038, 723.3047462289983], [-127.53764961829525, 720.7443862291348], [-128.2232829999793, 711.616146229243], [-128.71302112955476, 711.7274662289619], [-134.00219293126642, 712.0614262293053], [-134.58987868689618, 705.8275062292249], [-123.91358745776651, 702.153946229008], [-121.36694918313894, 722.9707862290504]]]}, "properties": {"id": 1071, "height_m": 3.0, "levels": 1, "category": "residencial", "extrude": true, "manzana_id": 87}}, {"type": "Feature", "geometry": {"type": "Polygon", "coordinates": [[[-181.99652964845288, 732.7669462292333], [-182.19242490021347, 730.4292262292031], [-174.16071957211363, 729.2047062291308], [-173.76892906824446, 731.4311062290466], [-181.99652964845288, 732.7669462292333]]]}, "properties": {"id": 1072, "height_m": 3.0, "levels": 1, "category": "residencial", "extrude": true, "manzana_id": 88}}, {"type": "Feature", "geometry": {"type": "Polygon", "coordinates": [[[-181.40884389282314, 738.444266229137], [-181.99652964845288, 733.6575062289623], [-181.99652964845288, 732.7669462292333], [-173.76892906824446, 731.4311062290466], [-173.37713856437531, 733.8801462291912], [-173.18124331261473, 734.993346229149], [-172.88740043479984, 736.9971062292313], [-181.40884389282314, 738.444266229137]]]}, "properties": {"id": 1073, "height_m": 6.0, "levels": 2, "category": "residencial", "extrude": true, "manzana_id": 88}}, {"type": "Feature", "geometry": {"type": "Polygon", "coordinates": [[[-180.52731525903053, 744.6781862292174], [-181.40884389282314, 738.444266229137], [-172.88740043479984, 736.9971062292313], [-172.6915051826913, 738.2216262293036], [-172.2997146788221, 740.4480262292193], [-171.80997654924664, 743.1197062291973], [-180.52731525903053, 744.6781862292174]]]}, "properties": {"id": 1074, "height_m": 3.0, "levels": 1, "category": "residencial", "extrude": true, "manzana_id": 88}}, {"type": "Feature", "geometry": {"type": "Polygon", "coordinates": [[[-179.7437342512922, 750.0215462291733], [-180.52731525903053, 744.6781862292174], [-171.80997654924664, 743.1197062291973], [-170.92844791545406, 748.4630662291532], [-179.7437342512922, 750.0215462291733]]]}, "properties": {"id": 1075, "height_m": 6.0, "levels": 2, "category": "residencial", "extrude": true, "manzana_id": 88}}, {"type": "Feature", "geometry": {"type": "Polygon", "coordinates": [[[-278.37699358669494, 151.78786622919915], [-284.84153689966615, 150.89730622907467], [-284.74358927361186, 150.45202622901243], [-284.0579558919278, 147.00110622902443], [-277.59341257895665, 147.78034622903448], [-278.37699358669494, 151.78786622919915]]]}, "properties": {"id": 1076, "height_m": 3.0, "levels": 1, "category": "residencial", "extrude": true, "manzana_id": 74}}, {"type": "Feature", "geometry": {"type": "Polygon", "coordinates": [[[-246.44606752570817, 134.4219462291447], [-250.07012968623695, 134.53326622925914], [-250.16807731194325, 130.85970622904227], [-246.64196277781676, 130.74838622932333], [-246.44606752570817, 134.4219462291447]]]}, "properties": {"id": 1077, "height_m": 3.0, "levels": 1, "category": "residencial", "extrude": true, "manzana_id": 73}}, {"type": "Feature", "geometry": {"type": "Polygon", "coordinates": [[[509.5137095838755, -833.8394137707422], [512.1582954849055, -842.9676537710294], [513.5295622482735, -842.6336937706861], [514.5090385077723, -845.7506537707263], [523.0304819657956, -843.3016137709773], [519.6023150573754, -831.1677337707642], [509.5137095838755, -833.8394137707422]]]}, "properties": {"id": 1078, "height_m": 6.0, "levels": 2, "category": "residencial", "extrude": true, "manzana_id": 101}}, {"type": "Feature", "geometry": {"type": "Polygon", "coordinates": [[[512.1582954849055, -842.9676537710294], [513.03982411835, -846.1959337707885], [514.5090385077723, -845.7506537707263], [513.5295622482735, -842.6336937706861], [512.1582954849055, -842.9676537710294]]]}, "properties": {"id": 1079, "height_m": 9.0, "levels": 3, "category": "residencial", "extrude": true, "manzana_id": 101}}, {"type": "Feature", "geometry": {"type": "Polygon", "coordinates": [[[442.02779530206925, -858.6637737709493], [442.41958580593837, -859.5543337706783], [443.1052191876224, -860.6675337710317], [443.7908525693064, -861.5580937707607], [444.5744335766968, -862.2260137710518], [445.4559622104894, -862.782613770833], [446.5333860960426, -863.1165737707807], [447.70875760730206, -863.3392137710097], [448.7861814928553, -863.3392137710097], [449.86360537840847, -863.1165737707807], [450.8430816379074, -862.6712937707185], [451.8225578974063, -862.1146937709374], [452.6061389051447, -861.3354537709273], [453.29177228682863, -860.4448937708028], [453.78151041640416, -859.4430137709594], [454.075353294219, -858.3298137710016], [454.1733009202733, -857.1052937709293], [454.075353294219, -855.9920937709715], [453.8794580424584, -854.7675737708992], [453.38971991253493, -853.6543737709412], [452.704086530851, -852.6524937707023], [451.1369245157222, -851.6506137708589], [450.15744825622335, -851.0940137706823], [449.0800243706702, -850.8713737708489], [447.90465285906265, -850.8713737708489], [446.8272289738575, -850.9826937709634], [445.74980508830424, -851.3166537709111], [444.77032882880536, -851.8732537706923], [443.8888001950128, -852.5411737709834], [443.1052191876224, -853.3204137709935], [442.615481057699, -854.3222937708368], [442.1257429281235, -855.3241737706803], [441.92984767601496, -856.4373737710337], [441.92984767601496, -857.5505737709915], [442.02779530206925, -858.6637737709493]]]}, "properties": {"id": 1080, "height_m": 3.0, "levels": 1, "category": "residencial", "extrude": true, "manzana_id": 100}}, {"type": "Feature", "geometry": {"type": "Polygon", "coordinates": [[[-85.61606570986284, -718.6232137709515], [-66.81012152692702, -718.7345337706704], [-66.22243577129727, -702.1478537710215], [-84.93043232852679, -702.1478537710215], [-85.61606570986284, -718.6232137709515]]]}, "properties": {"id": 1081, "height_m": 3.0, "levels": 1, "category": "residencial", "extrude": true, "manzana_id": 63}}, {"type": "Feature", "geometry": {"type": "Polygon", "coordinates": [[[-200.8024738313887, -1339.0095737707593], [-205.89575038099184, -1348.5830937707133], [-196.19893541170904, -1353.7038137708357], [-191.2036064881602, -1344.1302937708817], [-200.8024738313887, -1339.0095737707593]]]}, "properties": {"id": 1082, "height_m": 3.0, "levels": 1, "category": "residencial", "extrude": true, "manzana_id": 50}}, {"type": "Feature", "geometry": {"type": "Polygon", "coordinates": [[[-195.41535440397072, -1154.5523337709797], [-200.50863095357383, -1161.0088937708933], [-192.67282087723459, -1165.4616937707247], [-192.67282087723459, -1163.6805737708712], [-187.38364907587086, -1165.6843337709536], [-192.86871612934314, -1180.489893770749], [-187.77543957974004, -1182.1596937708837], [-180.13552475516138, -1159.005133770811], [-195.41535440397072, -1154.5523337709797]]]}, "properties": {"id": 1083, "height_m": 3.0, "levels": 1, "category": "residencial", "extrude": true, "manzana_id": 55}}, {"type": "Feature", "geometry": {"type": "Polygon", "coordinates": [[[-276.026250563828, 276.6889062290584], [-279.2585222201396, 273.3493062291848], [-272.01039789977807, 266.11350622926096], [-268.7781262431185, 269.4531062291345], [-276.026250563828, 276.6889062290584]]]}, "properties": {"id": 1084, "height_m": 3.0, "levels": 1, "category": "residencial", "extrude": true, "manzana_id": 77}}, {"type": "Feature", "geometry": {"type": "Polygon", "coordinates": [[[-321.5718966320931, 487.52898622906525], [-322.74726814370064, 484.0780662290773], [-318.829363105705, 482.51958622905715], [-317.6539915940975, 486.193146229274], [-320.1026822430188, 486.9723862292841], [-321.5718966320931, 487.52898622906525]]]}, "properties": {"id": 1085, "height_m": 8.0, "levels": 0, "category": "residencial", "extrude": true, "manzana_id": 82}}, {"type": "Feature", "geometry": {"type": "Polygon", "coordinates": [[[-320.9842108764634, 471.27626622896867], [-322.84521576975493, 465.7102662291794], [-323.0411110215155, 465.2649862291172], [-317.45809634233694, 463.4838662292637], [-315.30324857123054, 469.94042622917743], [-314.1278770596231, 473.28002622905103], [-315.5970914490454, 473.72530622911324], [-316.87041058635924, 469.94042622917743], [-320.9842108764634, 471.27626622896867]]]}, "properties": {"id": 1086, "height_m": 3.0, "levels": 1, "category": "residencial", "extrude": true, "manzana_id": 82}}, {"type": "Feature", "geometry": {"type": "Polygon", "coordinates": [[[-318.829363105705, 482.51958622905715], [-322.55137289194005, 471.72154622903093], [-321.0821585025177, 471.27626622896867], [-315.98888195291454, 486.193146229274], [-305.9002764797626, 483.0761862292338], [-303.8433763347105, 488.75350622913754], [-302.86390007521163, 491.75914622906333], [-310.6017625254966, 494.6534662292702], [-311.7771340367561, 491.53650622923], [-319.1232059835199, 494.0968662290935], [-321.5718966320931, 487.52898622906525], [-320.1026822430188, 486.9723862292841], [-317.6539915940975, 486.193146229274], [-318.829363105705, 482.51958622905715]]]}, "properties": {"id": 1087, "height_m": 3.0, "levels": 1, "category": "residencial", "extrude": true, "manzana_id": 82}}, {"type": "Feature", "geometry": {"type": "Polygon", "coordinates": [[[-305.9002764797626, 483.0761862292338], [-315.98888195291454, 486.193146229274], [-321.0821585025177, 471.27626622896867], [-320.9842108764634, 471.27626622896867], [-316.87041058635924, 469.94042622917743], [-315.5970914490454, 473.72530622911324], [-314.1278770596231, 473.28002622905103], [-312.75661029660296, 477.1762262291013], [-310.405867273388, 483.96674622896285], [-306.0961717315232, 482.51958622905715], [-305.9002764797626, 483.0761862292338]]]}, "properties": {"id": 1088, "height_m": 6.0, "levels": 2, "category": "residencial", "extrude": true, "manzana_id": 82}}, {"type": "Feature", "geometry": {"type": "Polygon", "coordinates": [[[-312.75661029660296, 477.1762262291013], [-314.1278770596231, 473.28002622905103], [-309.81818151775826, 471.9441862292598], [-309.3284433881828, 473.3913462291655], [-307.66333374699985, 477.9554662291113], [-308.5448623804445, 478.28942622905913], [-309.2304957621285, 476.0630262291434], [-312.75661029660296, 477.1762262291013]]]}, "properties": {"id": 1089, "height_m": 6.0, "levels": 2, "category": "residencial", "extrude": true, "manzana_id": 82}}, {"type": "Feature", "geometry": {"type": "Polygon", "coordinates": [[[-306.0961717315232, 482.51958622905715], [-310.405867273388, 483.96674622896285], [-312.75661029660296, 477.1762262291013], [-309.2304957621285, 476.0630262291434], [-308.5448623804445, 478.28942622905913], [-307.66333374699985, 477.9554662291113], [-307.4674384948913, 478.512066229288], [-306.0961717315232, 482.51958622905715]]]}, "properties": {"id": 1090, "height_m": 6.0, "levels": 2, "category": "residencial", "extrude": true, "manzana_id": 82}}, {"type": "Feature", "geometry": {"type": "Polygon", "coordinates": [[[-301.4926333118436, 484.634666229254], [-301.88442381571275, 484.7459862289729], [-303.4515858308414, 479.95922622919363], [-302.86390007521163, 479.7365862289648], [-300.0234189224212, 478.73470622912134], [-298.35830928123823, 483.4101462291817], [-301.4926333118436, 484.634666229254]]]}, "properties": {"id": 1091, "height_m": 3.0, "levels": 1, "category": "residencial", "extrude": true, "manzana_id": 82}}, {"type": "Feature", "geometry": {"type": "Polygon", "coordinates": [[[-273.47961228920036, 549.6455462292448], [-274.1652456708844, 549.9795062291926], [-281.6092652433545, 555.434186229263], [-283.764113014113, 553.4304262291806], [-276.9077791972726, 548.4210262291725], [-279.94415560182364, 541.630506229311], [-284.64564164790556, 532.3909462293047], [-284.1559035179821, 532.3909462293047], [-280.14005085393217, 531.8343462291282], [-276.2221458155886, 539.849386229062], [-276.61393631945776, 540.0720262292908], [-272.5001360293535, 549.2002662291826], [-273.47961228920036, 549.6455462292448]]]}, "properties": {"id": 1092, "height_m": 3.0, "levels": 1, "category": "residencial", "extrude": true, "manzana_id": 83}}, {"type": "Feature", "geometry": {"type": "Polygon", "coordinates": [[[-759.3977846448087, 1037.6724262290409], [-759.6916275226235, 1037.1158262292597], [-760.3772609043075, 1034.5554662290006], [-755.8716701106821, 1033.887546229105], [-755.3819319807587, 1035.446026229125], [-741.3754214692632, 1033.887546229105], [-740.6897880875791, 1035.8913062291872], [-739.9062070801888, 1037.338466229093], [-753.9127175913363, 1039.0082662292275], [-753.81476996563, 1039.1195862289464], [-750.8763411867853, 1043.4610662290588], [-750.9742888128396, 1043.4610662290588], [-753.7168223395757, 1044.240306229069], [-759.3977846448087, 1037.6724262290409]]]}, "properties": {"id": 1093, "height_m": 3.0, "levels": 1, "category": "residencial", "extrude": true, "manzana_id": 4}}, {"type": "Feature", "geometry": {"type": "Polygon", "coordinates": [[[-778.8893622097764, 785.7552662291256], [-778.7914145837223, 779.9666262291075], [-776.6365668126158, 779.9666262291075], [-776.4406715608552, 774.2893062292037], [-778.5955193316136, 774.2893062292037], [-778.5955193316136, 772.6195062290692], [-777.9098859499295, 766.9421862291655], [-771.347395011252, 768.2780262289567], [-771.9350807668818, 781.747746228961], [-772.2289236446967, 786.0892262290735], [-778.8893622097764, 785.7552662291256]]]}, "properties": {"id": 1094, "height_m": 3.0, "levels": 1, "category": "residencial", "extrude": true, "manzana_id": 1}}, {"type": "Feature", "geometry": {"type": "Polygon", "coordinates": [[[-642.9380573859689, 958.52390622915], [-630.8904993938193, 957.5220262293067], [-630.4007612638958, 963.4219862290438], [-641.9585811264701, 964.4238662292827], [-642.9380573859689, 958.52390622915]]]}, "properties": {"id": 1095, "height_m": 3.0, "levels": 1, "category": "residencial", "extrude": true, "manzana_id": 23}}, {"type": "Feature", "geometry": {"type": "Polygon", "coordinates": [[[-640.1955238592328, 806.9060662291158], [-640.1955238592328, 804.9023062290336], [-642.9380573859689, 805.013626229148], [-642.9380573859689, 801.6740262292744], [-640.1955238592328, 801.6740262292744], [-635.6899330656074, 801.8966662291077], [-635.885828317368, 807.1287062289492], [-637.6488855846053, 807.0173862292303], [-640.1955238592328, 806.9060662291158]]]}, "properties": {"id": 1096, "height_m": 3.0, "levels": 1, "category": "residencial", "extrude": true, "manzana_id": 17}}, {"type": "Feature", "geometry": {"type": "Polygon", "coordinates": [[[-619.5285747830055, 950.1749062292685], [-636.9632522029212, 949.0617062293106], [-638.8242570958648, 948.6164262292483], [-638.5304142180498, 947.5032262292905], [-638.0406760884745, 946.0560662289893], [-637.8447808363658, 945.833426229156], [-635.885828317368, 943.3843862290114], [-635.2981425617382, 943.161746229178], [-619.5285747830055, 943.161746229178], [-619.1367842791362, 943.161746229178], [-619.5285747830055, 950.1749062292685]]]}, "properties": {"id": 1097, "height_m": 6.0, "levels": 2, "category": "residencial", "extrude": true, "manzana_id": 22}}, {"type": "Feature", "geometry": {"type": "Polygon", "coordinates": [[[-632.6535566610564, 921.4543462290111], [-609.4399693098536, 923.4581062290933], [-610.5173931954067, 929.2467462291115], [-631.6740804012096, 927.0203462291959], [-632.6535566610564, 921.4543462290111]]]}, "properties": {"id": 1098, "height_m": 3.0, "levels": 1, "category": "residencial", "extrude": true, "manzana_id": 18}}, {"type": "Feature", "geometry": {"type": "Polygon", "coordinates": [[[-624.7197989586629, 933.2542662292763], [-624.7197989586629, 933.4769062291095], [-629.127442126582, 933.588226229224], [-629.2253897526363, 929.8033462292882], [-624.7197989586629, 930.0259862291216], [-624.7197989586629, 933.2542662292763]]]}, "properties": {"id": 1099, "height_m": 3.0, "levels": 1, "category": "residencial", "extrude": true, "manzana_id": 18}}, {"type": "Feature", "geometry": {"type": "Polygon", "coordinates": [[[-594.2580872870985, 925.3505462290614], [-581.3290006611561, 926.797706228967], [-581.7207911650253, 932.029746229204], [-594.6498777909677, 931.027866228965], [-594.2580872870985, 925.3505462290614]]]}, "properties": {"id": 1100, "height_m": 3.0, "levels": 1, "category": "residencial", "extrude": true, "manzana_id": 19}}, {"type": "Feature", "geometry": {"type": "Polygon", "coordinates": [[[-555.4708274096193, 936.8165062289831], [-555.7646702874342, 947.1692662289472], [-558.1154133103012, 947.1692662289472], [-558.7030990659309, 953.514506229142], [-568.497861661268, 953.0692262290797], [-577.8028861270296, 952.735266229132], [-577.5090432488668, 947.5032262292905], [-567.9101759056383, 948.0598262290716], [-567.0286472718457, 941.4919462290435], [-566.4409615162159, 936.4825462290354], [-566.4409615162159, 936.4825462290354], [-566.3430138901616, 935.3693462290776], [-555.4708274096193, 936.8165062289831]]]}, "properties": {"id": 1101, "height_m": 3.0, "levels": 1, "category": "residencial", "extrude": true, "manzana_id": null}}, {"type": "Feature", "geometry": {"type": "Polygon", "coordinates": [[[-567.0286472718457, 941.4919462290435], [-570.3588665545595, 941.0466662289812], [-569.4773379207669, 935.7033062290253], [-566.4409615162159, 936.4825462290354], [-566.4409615162159, 936.4825462290354], [-567.0286472718457, 941.4919462290435]]]}, "properties": {"id": 1102, "height_m": 3.0, "levels": 1, "category": "residencial", "extrude": true, "manzana_id": 21}}, {"type": "Feature", "geometry": {"type": "Polygon", "coordinates": [[[-427.649175539966, 888.9489062292134], [-432.64450446351486, 887.6130662290267], [-432.15476633393934, 885.6093062289443], [-427.0614897843363, 886.9451462291311], [-427.649175539966, 888.9489062292134]]]}, "properties": {"id": 1103, "height_m": 3.0, "levels": 1, "category": "residencial", "extrude": true, "manzana_id": 38}}, {"type": "Feature", "geometry": {"type": "Polygon", "coordinates": [[[-427.649175539966, 888.9489062292134], [-427.0614897843363, 886.9451462291311], [-432.15476633393934, 885.6093062289443], [-431.37118532620104, 882.714986229133], [-426.6696992804671, 883.9395062292053], [-425.78817064702247, 880.4885862292173], [-418.93183683018214, 882.3810262291852], [-421.08668460094054, 890.7300262290669], [-422.6538466164172, 890.2847462290047], [-427.649175539966, 888.9489062292134]]]}, "properties": {"id": 1104, "height_m": 6.0, "levels": 2, "category": "residencial", "extrude": true, "manzana_id": 38}}, {"type": "Feature", "geometry": {"type": "Polygon", "coordinates": [[[-426.4738040287065, 760.5969462289706], [-426.96354215828194, 755.3649062291292], [-418.24620344849814, 753.4724662291613], [-417.0708319368906, 759.5950662291273], [-426.4738040287065, 760.5969462289706]]]}, "properties": {"id": 1105, "height_m": 3.0, "levels": 1, "category": "residencial", "extrude": true, "manzana_id": 37}}, {"type": "Feature", "geometry": {"type": "Polygon", "coordinates": [[[-400.6156307768218, 798.3344262290053], [-399.44025926521425, 791.5439062291438], [-402.2807404180047, 790.9873062289671], [-401.69305466237495, 788.0929862291557], [-399.8320497690834, 788.0929862291557], [-399.73410214337713, 785.4213062291778], [-397.1874638684016, 785.5326262292922], [-397.08951624234726, 781.9703862291898], [-401.0074212806909, 781.8590662290753], [-400.2238402729526, 777.6289062290773], [-400.2238402729526, 777.1836262290151], [-399.0484687616931, 777.406266229244], [-398.46078300571537, 773.6213862293082], [-392.4859778226676, 774.734586229266], [-392.8777683265368, 777.7402262291918], [-394.640825593774, 790.6533462290192], [-395.8161971050335, 799.2249862291299], [-399.8320497690834, 798.4457462291198], [-400.6156307768218, 798.3344262290053]]]}, "properties": {"id": 1106, "height_m": 3.0, "levels": 1, "category": "residencial", "extrude": true, "manzana_id": 43}}, {"type": "Feature", "geometry": {"type": "Polygon", "coordinates": [[[-339.88810268545353, 923.23546622926], [-339.6922074336929, 922.6788662290834], [-341.65115995269076, 921.8996262290733], [-340.4757884414313, 919.3392662292098], [-338.90862642595465, 920.1185062292199], [-337.53735966258654, 915.6657062289929], [-332.24818786122285, 918.003426229023], [-334.2071403802206, 925.7958262291236], [-339.88810268545353, 923.23546622926]]]}, "properties": {"id": 1107, "height_m": 3.0, "levels": 1, "category": "residencial", "extrude": true, "manzana_id": 48}}, {"type": "Feature", "geometry": {"type": "Polygon", "coordinates": [[[-464.379535272741, 1047.5799062289425], [-446.74896260106465, 1053.0345862290128], [-450.4709723872997, 1057.4873862292397], [-464.0856923945782, 1053.479866229075], [-464.379535272741, 1047.5799062289425]]]}, "properties": {"id": 1108, "height_m": 3.0, "levels": 1, "category": "residencial", "extrude": true, "manzana_id": 39}}, {"type": "Feature", "geometry": {"type": "Polygon", "coordinates": [[[-95.21493305343932, 1131.403866229289], [-99.13283809178294, 1130.5133062291645], [-97.66362370236058, 1123.9454262291363], [-78.75973189337047, 1128.732186229311], [-80.22894628244485, 1134.966106228996], [-83.75506081691931, 1134.075546229267], [-95.21493305343932, 1131.403866229289]]]}, "properties": {"id": 1109, "height_m": 3.0, "levels": 1, "category": "residencial", "extrude": true, "manzana_id": 96}}, {"type": "Feature", "geometry": {"type": "Polygon", "coordinates": [[[-55.54614454216759, 1034.7781062292295], [-63.67579749632172, 1029.657386229107], [-60.63942109177071, 1024.8706262293276], [-54.468720656962375, 1028.6555062292634], [-55.54614454216759, 1030.4366262291169], [-53.685139649224055, 1031.5498262290748], [-54.468720656962375, 1032.8856662292615], [-55.54614454216759, 1034.7781062292295]]]}, "properties": {"id": 1110, "height_m": 3.0, "levels": 1, "category": "residencial", "extrude": true, "manzana_id": 92}}, {"type": "Feature", "geometry": {"type": "Polygon", "coordinates": [[[-54.468720656962375, 1028.6555062292634], [-60.63942109177071, 1024.8706262293276], [-58.28867806890373, 1020.9744262292775], [-52.117977633747415, 1024.8706262293276], [-54.468720656962375, 1028.6555062292634]]]}, "properties": {"id": 1111, "height_m": 6.0, "levels": 2, "category": "residencial", "extrude": true, "manzana_id": 92}}, {"type": "Feature", "geometry": {"type": "Polygon", "coordinates": [[[-52.02003000804111, 1037.0045062291451], [-55.54614454216759, 1034.7781062292295], [-54.468720656962375, 1032.8856662292615], [-50.942606122487916, 1035.1120662291773], [-52.02003000804111, 1037.0045062291451]]]}, "properties": {"id": 1112, "height_m": 6.0, "levels": 2, "category": "residencial", "extrude": true, "manzana_id": 92}}, {"type": "Feature", "geometry": {"type": "Polygon", "coordinates": [[[-53.685139649224055, 1031.5498262290748], [-55.54614454216759, 1030.4366262291169], [-54.468720656962375, 1028.6555062292634], [-52.60771576367086, 1029.8800262289403], [-53.685139649224055, 1031.5498262290748]]]}, "properties": {"id": 1113, "height_m": 6.0, "levels": 2, "category": "residencial", "extrude": true, "manzana_id": 92}}, {"type": "Feature", "geometry": {"type": "Polygon", "coordinates": [[[-50.942606122487916, 1035.1120662291773], [-54.468720656962375, 1032.8856662292615], [-53.685139649224055, 1031.5498262290748], [-52.60771576367086, 1029.8800262289403], [-54.468720656962375, 1028.6555062292634], [-52.117977633747415, 1024.8706262293276], [-46.632910580623125, 1028.2102262292012], [-47.51443921406775, 1029.657386229107], [-50.942606122487916, 1035.1120662291773]]]}, "properties": {"id": 1114, "height_m": 9.0, "levels": 3, "category": "residencial", "extrude": true, "manzana_id": 92}}, {"type": "Feature", "geometry": {"type": "Polygon", "coordinates": [[[-47.51443921406775, 1029.657386229107], [-44.18421993170186, 1031.7724662293037], [-48.59186309962094, 1039.0082662292275], [-52.02003000804111, 1037.0045062291451], [-50.942606122487916, 1035.1120662291773], [-47.51443921406775, 1029.657386229107]]]}, "properties": {"id": 1115, "height_m": 3.0, "levels": 1, "category": "residencial", "extrude": true, "manzana_id": 92}}, {"type": "Feature", "geometry": {"type": "Polygon", "coordinates": [[[-76.21309361839494, 1048.470466229067], [-78.36794138950131, 1047.0233062291613], [-84.04890369473418, 1039.7875062292376], [-83.75506081691931, 1035.8913062291872], [-73.76440296982165, 1046.021426229318], [-76.21309361839494, 1048.470466229067]]]}, "properties": {"id": 1116, "height_m": 3.0, "levels": 1, "category": "residencial", "extrude": true, "manzana_id": 93}}, {"type": "Feature", "geometry": {"type": "Polygon", "coordinates": [[[-128.0273877478707, 855.3302662290623], [-129.1048116334239, 867.3528262291609], [-156.13835639656816, 864.7924662292974], [-155.2568277631235, 855.886866229239], [-147.71486056459915, 856.5547862291346], [-147.42101768678427, 853.5491462292089], [-128.0273877478707, 855.3302662290623]]]}, "properties": {"id": 1117, "height_m": 3.0, "levels": 1, "category": "residencial", "extrude": true, "manzana_id": 91}}, {"type": "Feature", "geometry": {"type": "Polygon", "coordinates": [[[62.87253523566988, 1068.285426229266], [74.3324074721899, 1072.7382262290976], [72.56935020495267, 1077.1910262293245], [62.578692357855005, 1072.9608662293263], [62.87253523566988, 1068.285426229266]]]}, "properties": {"id": 1118, "height_m": 3.0, "levels": 1, "category": "residencial", "extrude": true, "manzana_id": 95}}, {"type": "Feature", "geometry": {"type": "Polygon", "coordinates": [[[67.76991653316443, 1060.60434622928], [63.558168617353914, 1058.823226229031], [63.85201149516879, 1052.9232662292939], [65.12533063248257, 1053.3685462289607], [69.92476430427082, 1054.8157062292619], [70.12065955603141, 1054.9270262289808], [67.76991653316443, 1060.60434622928]]]}, "properties": {"id": 1119, "height_m": 6.0, "levels": 2, "category": "residencial", "extrude": true, "manzana_id": 94}}, {"type": "Feature", "geometry": {"type": "Polygon", "coordinates": [[[69.92476430427082, 1054.8157062292619], [65.12533063248257, 1053.3685462289607], [66.00685926627519, 1050.4742262291493], [70.70834531200914, 1051.8100662289405], [69.92476430427082, 1054.8157062292619]]]}, "properties": {"id": 1120, "height_m": 3.0, "levels": 1, "category": "residencial", "extrude": true, "manzana_id": 94}}, {"type": "Feature", "geometry": {"type": "Polygon", "coordinates": [[[70.12065955603141, 1061.8288662289567], [67.76991653316443, 1060.60434622928], [70.12065955603141, 1054.9270262289808], [72.17755970108351, 1056.2628662291675], [70.12065955603141, 1061.8288662289567]]]}, "properties": {"id": 1121, "height_m": 3.0, "levels": 1, "category": "residencial", "extrude": true, "manzana_id": 94}}, {"type": "Feature", "geometry": {"type": "Polygon", "coordinates": [[[72.17755970108351, 1056.2628662291675], [77.5646791285015, 1058.3779462289688], [75.21393610563452, 1064.2779062291013], [70.12065955603141, 1061.8288662289567], [72.17755970108351, 1056.2628662291675]]]}, "properties": {"id": 1122, "height_m": 3.0, "levels": 1, "category": "residencial", "extrude": true, "manzana_id": 94}}, {"type": "Feature", "geometry": {"type": "Polygon", "coordinates": [[[175.6102527082745, 992.0312262291867], [181.38916263956165, 1002.7179462290985], [163.46474709007043, 1013.0707062290626], [160.52631831122574, 1007.94998622894], [148.0869698152068, 1015.1857862292593], [148.47876031907597, 1009.2858262291268], [158.17557528835874, 1004.0537862292853], [157.19609902885983, 1001.8273862289741], [155.92277989154607, 999.4896662289439], [173.84719544103726, 988.9142662291465], [175.6102527082745, 992.0312262291867]]]}, "properties": {"id": 1123, "height_m": 3.0, "levels": 1, "category": "residencial", "extrude": true, "manzana_id": 140}}, {"type": "Feature", "geometry": {"type": "Polygon", "coordinates": [[[159.15505154785765, 1024.314026229151], [156.11867514330666, 1018.8593462290806], [170.81081903648624, 1010.7329862290323], [174.14103831885214, 1016.8555862289984], [161.21195169290976, 1022.7555462291309], [159.15505154785765, 1024.314026229151]]]}, "properties": {"id": 1124, "height_m": 3.0, "levels": 1, "category": "residencial", "extrude": true, "manzana_id": 140}}, {"type": "Feature", "geometry": {"type": "Polygon", "coordinates": [[[308.13339062331386, 827.0549862292627], [308.4272335011287, 825.1625462292948], [309.7005526387905, 817.8154262292566], [310.6800288982894, 809.1324662290316], [311.1697670278648, 809.243786229146], [317.7322579668903, 810.3569862291039], [315.9692006996531, 820.4871062292345], [339.37868330261654, 819.8191862289434], [339.5745785543772, 826.2757462292527], [308.13339062331386, 827.0549862292627]]]}, "properties": {"id": 1125, "height_m": 3.0, "levels": 1, "category": "residencial", "extrude": true, "manzana_id": 132}}, {"type": "Feature", "geometry": {"type": "Polygon", "coordinates": [[[332.6202971118305, 1050.5855462292639], [330.17160646290927, 1050.4742262291493], [329.0941825773561, 1050.1402662292016], [329.19213020341033, 1045.3535062290268], [329.9757112111487, 1045.3535062290268], [329.8777635850943, 1042.0139062291532], [330.66134459283273, 1041.902586229039], [330.75929221888697, 1039.8988262289565], [322.2378487608637, 1039.4535462292897], [322.6296392647328, 1034.7781062292295], [332.13055898190703, 1035.6686662289585], [331.7387684783859, 1039.1195862289464], [332.7182447378848, 1039.1195862289464], [335.3628306385666, 1039.2309062290608], [335.4607782646209, 1035.3347062290106], [336.832045027989, 1035.3347062290106], [340.2602119360612, 1035.446026229125], [340.1622643103549, 1036.4479062289686], [339.86842143254, 1046.5780262290991], [336.9299926536953, 1046.4667062289848], [335.65667351638155, 1046.4667062289848], [335.55872589032725, 1047.9138662292858], [333.89361624914426, 1047.8025462291714], [333.79566862343796, 1050.5855462292639], [332.6202971118305, 1050.5855462292639]]]}, "properties": {"id": 1126, "height_m": 3.0, "levels": 1, "category": "residencial", "extrude": true, "manzana_id": 141}}, {"type": "Feature", "geometry": {"type": "Polygon", "coordinates": [[[339.37868330261654, 889.9507862290568], [339.28073567656224, 885.9432662292876], [346.03912186734834, 885.8319462291731], [346.03912186734834, 884.8300662293298], [351.4262412947663, 884.8300662293298], [351.4262412947663, 885.1640262292776], [355.34414633310996, 885.1640262292776], [355.44209395916425, 889.7281462292234], [339.37868330261654, 889.9507862290568]]]}, "properties": {"id": 1127, "height_m": 3.0, "levels": 1, "category": "residencial", "extrude": true, "manzana_id": 137}}, {"type": "Feature", "geometry": {"type": "Polygon", "coordinates": [[[376.9905716688362, 822.7135062291502], [358.18462748555237, 822.3795462292024], [358.2825751116067, 816.3682662289555], [377.48030979841167, 816.8135462290177], [376.9905716688362, 822.7135062291502]]]}, "properties": {"id": 1128, "height_m": 3.0, "levels": 1, "category": "residencial", "extrude": true, "manzana_id": 133}}, {"type": "Feature", "geometry": {"type": "Polygon", "coordinates": [[[444.67238120275107, 845.0888262292128], [449.17797199672447, 845.2001462293272], [449.0800243706702, 848.8737062291486], [452.1164007752211, 848.985026229263], [452.01845314916693, 852.8812262293133], [445.65185746224995, 852.6585862290844], [445.8477527143586, 847.9831462290241], [444.5744335766968, 847.9831462290241], [444.67238120275107, 845.0888262292128]]]}, "properties": {"id": 1129, "height_m": 3.0, "levels": 1, "category": "residencial", "extrude": true, "manzana_id": 136}}, {"type": "Feature", "geometry": {"type": "Polygon", "coordinates": [[[446.8272289738575, 837.6303862290602], [446.92517659956377, 834.4021062293009], [455.93635818751056, 834.8473862289677], [455.7404629354019, 838.0756662291224], [446.8272289738575, 837.6303862290602]]]}, "properties": {"id": 1130, "height_m": 3.0, "levels": 1, "category": "residencial", "extrude": true, "manzana_id": 134}}, {"type": "Feature", "geometry": {"type": "Polygon", "coordinates": [[[452.6061389051447, 1045.3535062290268], [450.353343507984, 1058.043986229021], [439.2852617753331, 1055.372306229043], [440.8524237904617, 1043.3497462289445], [452.6061389051447, 1045.3535062290268]]]}, "properties": {"id": 1131, "height_m": 3.0, "levels": 1, "category": "residencial", "extrude": true, "manzana_id": 142}}, {"type": "Feature", "geometry": {"type": "Polygon", "coordinates": [[[-375.5410385326753, 751.2460662292456], [-368.2929142119658, 751.1347462291312], [-368.1949665862595, 757.5913062290449], [-372.40671450207003, 757.7026262291594], [-375.443090906621, 757.7026262291594], [-375.5410385326753, 751.2460662292456]]]}, "properties": {"id": 1132, "height_m": 6.0, "levels": 2, "category": "residencial", "extrude": true, "manzana_id": 35}}, {"type": "Feature", "geometry": {"type": "Polygon", "coordinates": [[[-375.6389861587296, 746.9045862291331], [-368.2929142119658, 746.7932662290186], [-368.2929142119658, 747.0159062292475], [-368.2929142119658, 750.1328662292877], [-368.2929142119658, 751.1347462291312], [-375.5410385326753, 751.2460662292456], [-375.5410385326753, 747.1272262289665], [-375.6389861587296, 746.9045862291331]]]}, "properties": {"id": 1133, "height_m": 3.0, "levels": 1, "category": "residencial", "extrude": true, "manzana_id": 35}}, {"type": "Feature", "geometry": {"type": "Polygon", "coordinates": [[[-372.40671450207003, 757.7026262291594], [-368.1949665862595, 757.5913062290449], [-368.0970189602053, 758.9271462292317], [-368.0970189602053, 760.3743062291373], [-372.40671450207003, 760.5969462289706], [-372.40671450207003, 757.7026262291594]]]}, "properties": {"id": 1134, "height_m": 3.0, "levels": 1, "category": "residencial", "extrude": true, "manzana_id": 35}}, {"type": "Feature", "geometry": {"type": "Polygon", "coordinates": [[[-353.79666557089485, 759.0384662289506], [-359.86941837999683, 759.1497862290651], [-359.86941837999683, 758.8158262291172], [-359.9673660060511, 752.4705862293179], [-360.06531363210536, 747.3498662291954], [-353.9925608230034, 747.238546229081], [-353.9925608230034, 747.6838262291432], [-353.79666557089485, 759.0384662289506]]]}, "properties": {"id": 1135, "height_m": 3.0, "levels": 1, "category": "residencial", "extrude": true, "manzana_id": 35}}, {"type": "Feature", "geometry": {"type": "Polygon", "coordinates": [[[-353.79666557089485, 761.042226229033], [-353.79666557089485, 759.0384662289506], [-353.9925608230034, 747.6838262291432], [-349.29107477726944, 747.6838262291432], [-349.29107477726944, 748.5743862292677], [-349.29107477726944, 749.3536262292777], [-349.19312715121515, 754.0290662289425], [-350.07465578465974, 754.140386229057], [-350.9561844184524, 754.140386229057], [-351.0541320441587, 756.8120662290348], [-351.15207967021297, 761.1535462291474], [-353.79666557089485, 761.042226229033]]]}, "properties": {"id": 1136, "height_m": 6.0, "levels": 2, "category": "residencial", "extrude": true, "manzana_id": 35}}, {"type": "Feature", "geometry": {"type": "Polygon", "coordinates": [[[-351.15207967021297, 761.1535462291474], [-351.0541320441587, 756.8120662290348], [-350.9561844184524, 754.140386229057], [-350.07465578465974, 754.140386229057], [-349.19312715121515, 754.0290662289425], [-349.29107477726944, 749.3536262292777], [-344.58958873118746, 749.2423062291632], [-342.1408980826142, 749.2423062291632], [-342.1408980826142, 754.2517062291713], [-342.04295045655994, 761.3761862289807], [-342.9244790900045, 761.3761862289807], [-344.49164110548116, 761.2648662292618], [-345.17727448716516, 761.2648662292618], [-351.15207967021297, 761.1535462291474]]]}, "properties": {"id": 1137, "height_m": 6.0, "levels": 2, "category": "residencial", "extrude": true, "manzana_id": 35}}, {"type": "Feature", "geometry": {"type": "Polygon", "coordinates": [[[-329.60360196054097, 756.7007462293159], [-332.54203073903767, 756.7007462293159], [-332.639978365092, 749.1309862290489], [-331.5625544795388, 749.0196662293299], [-328.4282304489335, 749.0196662293299], [-328.3302828228792, 756.7007462293159], [-329.60360196054097, 756.7007462293159]]]}, "properties": {"id": 1138, "height_m": 3.0, "levels": 1, "category": "residencial", "extrude": true, "manzana_id": 35}}, {"type": "Feature", "geometry": {"type": "Polygon", "coordinates": [[[-337.63530728864083, 761.2648662292618], [-342.04295045655994, 761.3761862289807], [-342.1408980826142, 754.2517062291713], [-342.1408980826142, 749.2423062291632], [-332.639978365092, 749.1309862290489], [-332.54203073903767, 756.7007462293159], [-332.7379259907983, 756.7007462293159], [-333.6194546245909, 756.7007462293159], [-333.6194546245909, 758.1479062292216], [-333.6194546245909, 760.0403462291895], [-333.6194546245909, 761.1535462291474], [-334.1091927541664, 761.1535462291474], [-337.63530728864083, 761.2648662292618]]]}, "properties": {"id": 1139, "height_m": 6.0, "levels": 2, "category": "residencial", "extrude": true, "manzana_id": 35}}, {"type": "Feature", "geometry": {"type": "Polygon", "coordinates": [[[-327.4487541894346, 757.479986229326], [-327.4487541894346, 756.5894262292015], [-326.86106843380486, 756.5894262292015], [-326.9590160598591, 749.0196662293299], [-327.0569636855654, 747.3498662291954], [-317.45809634233694, 747.1272262289665], [-317.7519392201518, 751.0234262290168], [-318.5355202275422, 756.5894262292015], [-318.6334678535964, 757.3686662292116], [-327.4487541894346, 757.479986229326]]]}, "properties": {"id": 1140, "height_m": 3.0, "levels": 1, "category": "residencial", "extrude": true, "manzana_id": 35}}, {"type": "Feature", "geometry": {"type": "Polygon", "coordinates": [[[-334.1091927541664, 762.9346662290009], [-334.1091927541664, 761.9327862291574], [-334.1091927541664, 761.1535462291474], [-333.6194546245909, 761.1535462291474], [-333.6194546245909, 760.0403462291895], [-333.6194546245909, 758.1479062292216], [-333.6194546245909, 756.7007462293159], [-332.7379259907983, 756.7007462293159], [-332.54203073903767, 756.7007462293159], [-329.60360196054097, 756.7007462293159], [-328.3302828228792, 756.7007462293159], [-327.4487541894346, 756.5894262292015], [-327.4487541894346, 758.8158262291172], [-327.4487541894346, 759.8177062289607], [-329.01591620456327, 759.8177062289607], [-329.2118114566718, 760.4856262292517], [-330.3871829679313, 760.4856262292517], [-330.28923534222497, 761.4875062290952], [-330.6810258460942, 761.4875062290952], [-330.87692109785473, 761.4875062290952], [-330.87692109785473, 762.2667462291053], [-330.87692109785473, 762.8233462292819], [-334.1091927541664, 762.9346662290009]]]}, "properties": {"id": 1141, "height_m": 3.0, "levels": 1, "category": "residencial", "extrude": true, "manzana_id": 35}}, {"type": "Feature", "geometry": {"type": "Polygon", "coordinates": [[[-567.3224901496606, 958.3012662293168], [-567.9101759056383, 965.5370662292405], [-575.8439336076839, 964.8691462289494], [-576.1377764854986, 968.9879862292286], [-581.2310530351018, 968.5427062291662], [-580.3495244016573, 957.2993862290778], [-580.1536291498966, 957.2993862290778], [-567.3224901496606, 958.3012662293168]]]}, "properties": {"id": 1142, "height_m": 3.0, "levels": 1, "category": "residencial", "extrude": true, "manzana_id": 20}}, {"type": "Feature", "geometry": {"type": "Polygon", "coordinates": [[[-565.8532757605861, 969.6559062291242], [-565.5594328827714, 965.5370662292405], [-567.7142806535297, 965.4257462291262], [-567.5183854017691, 963.3106662293249], [-562.9148469820894, 963.6446262292726], [-563.11074223385, 966.9842262291462], [-562.1312659743512, 966.9842262291462], [-561.6415278444277, 958.9691862292124], [-552.2385557529598, 959.637106229108], [-553.0221367606981, 970.5464662292486], [-565.8532757605861, 969.6559062291242]]]}, "properties": {"id": 1143, "height_m": 3.0, "levels": 1, "category": "residencial", "extrude": true, "manzana_id": 20}}, {"type": "Feature", "geometry": {"type": "Polygon", "coordinates": [[[-560.3682087071139, 985.1293862292107], [-560.3682087071139, 981.7897862289417], [-554.0995606462512, 981.3445062292749], [-554.1975082719575, 979.5633862290259], [-549.9857603561471, 979.3407462291925], [-549.7898651040385, 985.0180662290962], [-560.3682087071139, 985.1293862292107]]]}, "properties": {"id": 1144, "height_m": 3.0, "levels": 1, "category": "residencial", "extrude": true, "manzana_id": 24}}, {"type": "Feature", "geometry": {"type": "Polygon", "coordinates": [[[-533.9223496995994, 1003.0519062290464], [-524.3234823563708, 1002.829266229213], [-524.3234823563708, 1006.7254662292632], [-533.9223496995994, 1006.8367862289822], [-533.9223496995994, 1003.0519062290464]]]}, "properties": {"id": 1145, "height_m": 3.0, "levels": 1, "category": "residencial", "extrude": true, "manzana_id": 25}}, {"type": "Feature", "geometry": {"type": "Polygon", "coordinates": [[[-489.2582322647788, 982.3463862291183], [-488.8664417609097, 978.0049062290059], [-479.7573125472566, 978.7841462290158], [-480.2470506771801, 983.2369462292428], [-489.2582322647788, 982.3463862291183]]]}, "properties": {"id": 1146, "height_m": 3.0, "levels": 1, "category": "residencial", "extrude": true, "manzana_id": 29}}, {"type": "Feature", "geometry": {"type": "Polygon", "coordinates": [[[-623.9362179509246, 968.2087462292185], [-624.3280084547937, 965.9823462293027], [-624.8177465847172, 963.3106662293249], [-612.7701885922195, 962.3087862290859], [-612.3783980883503, 967.318186229094], [-623.9362179509246, 968.2087462292185]]]}, "properties": {"id": 1147, "height_m": 3.0, "levels": 1, "category": "residencial", "extrude": true, "manzana_id": 23}}, {"type": "Feature", "geometry": {"type": "Polygon", "coordinates": [[[-671.244921286775, 967.8747862292707], [-672.3223451719801, 966.4276262289695], [-674.1833500652716, 957.4107062291922], [-674.3792453170323, 955.9635462292865], [-668.7962306378537, 955.1843062292766], [-667.8167543783549, 954.9616662290476], [-665.7598542333027, 967.318186229094], [-671.244921286775, 967.8747862292707]]]}, "properties": {"id": 1148, "height_m": 8.0, "levels": 0, "category": "residencial", "extrude": true, "manzana_id": 23}}, {"type": "Feature", "geometry": {"type": "Polygon", "coordinates": [[[-648.5210720654956, 974.2200262290701], [-648.7169673172561, 972.2162662289877], [-654.6917725003038, 972.9955062289978], [-654.8876677524125, 971.6596662292066], [-659.785049049907, 972.8841862292788], [-661.2542634393293, 966.4276262289695], [-656.063039263672, 965.3144262290117], [-656.5527773935953, 962.5314262293148], [-650.7738674623082, 961.195586229128], [-650.6759198362539, 962.7540662291482], [-647.1498053021276, 961.7521862293047], [-646.5621195461498, 963.6446262292726], [-642.6442145081542, 963.0880262290959], [-640.6852619891563, 973.5521062291743], [-648.4231244394413, 974.6653062291323], [-648.5210720654956, 974.2200262290701]]]}, "properties": {"id": 1149, "height_m": 3.0, "levels": 1, "category": "residencial", "extrude": true, "manzana_id": 23}}]}