{"type": "FeatureCollection", "crs": {"type": "name", "properties": {"name": "EPSG:32628_local_enu_m_section_centroid", "lng0": -15.42110903978052, "lat0": 28.090794828532257}}, "features": [{"type": "Feature", "geometry": {"type": "Polygon", "coordinates": [[[-20.717724998017204, 29.480712210708333], [-17.77152143675293, 28.367512210750476], [-13.843250021559449, 28.367512210750476], [-9.914978606365967, 28.367512210750476], [-5.986707191172485, 28.367512210750476], [-6.968775044927243, 38.386312210766675], [-10.897046460120725, 38.386312210766675], [-10.897046460120725, 32.82031221097739], [-14.825317875314207, 31.707112211019535], [-19.735657144262447, 32.82031221097739], [-20.717724998017204, 29.480712210708333]]]}, "properties": {"id": 0, "height_m": 6.1, "levels": null, "category": "residencial", "extrude": true, "manzana_id": 3}}, {"type": "Feature", "geometry": {"type": "Polygon", "coordinates": [[[-11.879114313875483, 38.386312210766675], [-10.897046460120725, 38.386312210766675], [-6.968775044927243, 38.386312210766675], [-6.968775044927243, 42.83911221099359], [-7.950842898682001, 43.95231221095145], [-7.950842898682001, 48.405112210782875], [-8.932910752611209, 48.405112210782875], [-10.897046460120725, 48.405112210782875], [-12.861182167630242, 48.405112210782875], [-15.807385729068965, 48.405112210782875], [-15.807385729068965, 41.725912210640246], [-16.78945358282372, 41.725912210640246], [-16.78945358282372, 39.49951221072453], [-11.879114313875483, 38.386312210766675]]]}, "properties": {"id": 1, "height_m": 10.9, "levels": null, "category": "residencial", "extrude": true, "manzana_id": 4}}, {"type": "Feature", "geometry": {"type": "Polygon", "coordinates": [[[-10.897046460120725, 48.405112210782875], [-8.932910752611209, 48.405112210782875], [-7.950842898682001, 48.405112210782875], [-8.932910752611209, 52.85791221100979], [-8.932910752611209, 52.85791221100979], [-10.897046460120725, 52.85791221100979], [-11.879114313875483, 52.85791221100979], [-18.75358929050769, 51.744712210656445], [-21.699792851771964, 51.744712210656445], [-21.699792851771964, 49.51831221074073], [-20.717724998017204, 48.405112210782875], [-18.75358929050769, 48.405112210782875], [-15.807385729068965, 48.405112210782875], [-12.861182167630242, 48.405112210782875], [-10.897046460120725, 48.405112210782875]]]}, "properties": {"id": 2, "height_m": 8.2, "levels": null, "category": "residencial", "extrude": true, "manzana_id": 4}}, {"type": "Feature", "geometry": {"type": "Polygon", "coordinates": [[[-43.305285635248886, 66.21631221089956], [-37.412878512545895, 53.97111221096765], [-31.520471389842893, 53.97111221096765], [-31.520471389842893, 50.63151221069859], [-28.574267828404167, 50.63151221069859], [-28.574267828404167, 57.31071221084122], [-31.520471389842893, 57.31071221084122], [-37.412878512545895, 68.44271221081527], [-43.305285635248886, 66.21631221089956]]]}, "properties": {"id": 3, "height_m": 3.7, "levels": null, "category": "residencial", "extrude": true, "manzana_id": 5}}, {"type": "Feature", "geometry": {"type": "Polygon", "coordinates": [[[-64.91077841872581, 180.87591221090918], [-64.91077841872581, 177.53631221064012], [-63.928710564971055, 173.0835122108087], [-63.928710564971055, 170.85711221089298], [-61.96457485728709, 170.85711221089298], [-60.982507003532334, 170.85711221089298], [-60.982507003532334, 170.85711221089298], [-60.00043914977758, 170.85711221089298], [-59.01837129584837, 170.85711221089298], [-58.03630344209361, 170.85711221089298], [-58.03630344209361, 170.85711221089298], [-57.05423558833885, 170.85711221089298], [-56.07216773458409, 170.85711221089298], [-56.07216773458409, 169.74391221093512], [-55.090099880829335, 169.74391221093512], [-55.090099880829335, 173.0835122108087], [-56.07216773458409, 176.42311221068226], [-57.05423558833885, 183.1023122108249], [-61.96457485728709, 181.98911221086703], [-63.928710564971055, 181.98911221086703], [-64.91077841872581, 181.98911221086703], [-64.91077841872581, 180.87591221090918]]]}, "properties": {"id": 4, "height_m": 11.4, "levels": null, "category": "residencial", "extrude": true, "manzana_id": 0}}, {"type": "Feature", "geometry": {"type": "Polygon", "coordinates": [[[-74.7314569566223, 178.64951221099346], [-73.74938910286754, 170.85711221089298], [-65.89284627248057, 171.97031221085084], [-63.928710564971055, 173.0835122108087], [-64.91077841872581, 177.53631221064012], [-64.91077841872581, 180.87591221090918], [-67.8569819799901, 179.76271221095132], [-67.8569819799901, 180.87591221090918], [-73.74938910286754, 179.76271221095132], [-74.7314569566223, 178.64951221099346]]]}, "properties": {"id": 5, "height_m": 10.9, "levels": null, "category": "residencial", "extrude": true, "manzana_id": 0}}, {"type": "Feature", "geometry": {"type": "Polygon", "coordinates": [[[-66.87491412623532, 131.89511221078604], [-65.89284627248057, 126.32911221099675], [-62.94664271104185, 127.44231221095461], [-60.982507003532334, 127.44231221095461], [-58.03630344209361, 128.55551221091247], [-59.01837129584837, 134.12151221070175], [-59.01837129584837, 135.2347122106596], [-60.00043914977758, 134.12151221070175], [-60.00043914977758, 136.34791221101295], [-60.982507003532334, 136.34791221101295], [-61.96457485728709, 136.34791221101295], [-62.94664271104185, 135.2347122106596], [-62.94664271104185, 134.12151221070175], [-62.94664271104185, 133.0083122107439], [-63.928710564971055, 133.0083122107439], [-64.91077841872581, 135.2347122106596], [-67.8569819799901, 134.12151221070175], [-66.87491412623532, 131.89511221078604]]]}, "properties": {"id": 6, "height_m": 11.2, "levels": null, "category": "residencial", "extrude": true, "manzana_id": 0}}, {"type": "Feature", "geometry": {"type": "Polygon", "coordinates": [[[-59.01837129584837, 134.12151221070175], [-58.03630344209361, 128.55551221091247], [-54.108032026900126, 129.66871221087032], [-52.14389631939061, 129.66871221087032], [-49.197692757951884, 130.78191221082818], [-50.17976061188109, 138.57431221092867], [-52.14389631939061, 138.57431221092867], [-55.090099880829335, 137.4611122109708], [-57.05423558833885, 137.4611122109708], [-58.03630344209361, 136.34791221101295], [-59.01837129584837, 136.34791221101295], [-59.01837129584837, 134.12151221070175]]]}, "properties": {"id": 7, "height_m": 11.6, "levels": null, "category": "residencial", "extrude": true, "manzana_id": 0}}, {"type": "Feature", "geometry": {"type": "Polygon", "coordinates": [[[-70.80318554142882, 153.0459122107763], [-70.80318554142882, 151.93271221081844], [-70.80318554142882, 149.70631221090272], [-70.80318554142882, 146.36671221102915], [-68.8390498339193, 146.36671221102915], [-68.8390498339193, 149.70631221090272], [-63.928710564971055, 150.81951221086058], [-62.94664271104185, 144.14031221071795], [-53.12596417314537, 145.2535122106758], [-54.108032026900126, 154.15911221073415], [-54.108032026900126, 154.15911221073415], [-54.108032026900126, 155.272312210692], [-55.090099880829335, 156.38551221064986], [-55.090099880829335, 157.4987122110032], [-55.090099880829335, 158.61191221096107], [-56.07216773458409, 159.72511221091892], [-57.05423558833885, 160.83831221087678], [-58.03630344209361, 161.95151221083464], [-58.03630344209361, 163.0647122107925], [-59.01837129584837, 163.0647122107925], [-60.982507003532334, 164.17791221075035], [-60.982507003532334, 164.17791221075035], [-61.96457485728709, 164.17791221075035], [-67.8569819799901, 164.17791221075035], [-67.8569819799901, 164.17791221075035], [-72.76732124893833, 165.2911122107082], [-70.80318554142882, 153.0459122107763]]]}, "properties": {"id": 8, "height_m": 9.4, "levels": null, "category": "residencial", "extrude": true, "manzana_id": 0}}, {"type": "Feature", "geometry": {"type": "Polygon", "coordinates": [[[-58.03630344209361, 136.34791221101295], [-57.05423558833885, 137.4611122109708], [-55.090099880829335, 137.4611122109708], [-52.14389631939061, 138.57431221092867], [-53.12596417314537, 145.2535122106758], [-69.82111768767406, 141.91391221080224], [-68.8390498339193, 134.12151221070175], [-61.96457485728709, 136.34791221101295], [-59.01837129584837, 136.34791221101295], [-58.03630344209361, 136.34791221101295]]]}, "properties": {"id": 9, "height_m": 8.3, "levels": null, "category": "residencial", "extrude": true, "manzana_id": 0}}, {"type": "Feature", "geometry": {"type": "Polygon", "coordinates": [[[-31.520471389842893, 196.46071221071466], [-27.59219997464941, 196.46071221071466], [-24.645996413210685, 196.46071221071466], [-22.681860705701173, 197.57391221067252], [-23.66392855945593, 198.68711221102586], [-23.66392855945593, 200.91351221094158], [-24.645996413210685, 206.47951221073086], [-27.59219997464941, 205.366312210773], [-27.59219997464941, 205.366312210773], [-27.59219997464941, 205.366312210773], [-29.556335682158927, 204.25311221081515], [-29.556335682158927, 203.1399122108573], [-33.48460709735241, 203.1399122108573], [-32.50253924359765, 196.46071221071466], [-31.520471389842893, 196.46071221071466]]]}, "properties": {"id": 10, "height_m": 7.0, "levels": null, "category": "residencial", "extrude": true, "manzana_id": 0}}, {"type": "Feature", "geometry": {"type": "Polygon", "coordinates": [[[-31.520471389842893, 192.00791221088323], [-30.538403535913684, 188.66831221100966], [-30.538403535913684, 186.44191221069846], [-27.59219997464941, 187.55511221065632], [-22.681860705701173, 187.55511221065632], [-21.699792851771964, 188.66831221100966], [-21.699792851771964, 189.78151221096752], [-22.681860705701173, 196.46071221071466], [-22.681860705701173, 197.57391221067252], [-24.645996413210685, 196.46071221071466], [-27.59219997464941, 196.46071221071466], [-31.520471389842893, 196.46071221071466], [-31.520471389842893, 192.00791221088323]]]}, "properties": {"id": 11, "height_m": 6.1, "levels": null, "category": "residencial", "extrude": true, "manzana_id": 0}}, {"type": "Feature", "geometry": {"type": "Polygon", "coordinates": [[[-29.556335682158927, 180.87591221090918], [-29.556335682158927, 178.64951221099346], [-24.645996413210685, 179.76271221095132], [-21.699792851771964, 179.76271221095132], [-20.717724998017204, 180.87591221090918], [-20.717724998017204, 181.98911221086703], [-21.699792851771964, 188.66831221100966], [-22.681860705701173, 187.55511221065632], [-27.59219997464941, 187.55511221065632], [-30.538403535913684, 186.44191221069846], [-29.556335682158927, 180.87591221090918]]]}, "properties": {"id": 12, "height_m": 10.4, "levels": null, "category": "residencial", "extrude": true, "manzana_id": 0}}, {"type": "Feature", "geometry": {"type": "Polygon", "coordinates": [[[-28.574267828404167, 173.0835122108087], [-28.574267828404167, 170.85711221089298], [-24.645996413210685, 171.97031221085084], [-19.735657144262447, 171.97031221085084], [-19.735657144262447, 174.19671221076655], [-19.735657144262447, 175.3099122107244], [-19.735657144262447, 177.53631221064012], [-19.735657144262447, 177.53631221064012], [-20.717724998017204, 180.87591221090918], [-21.699792851771964, 179.76271221095132], [-24.645996413210685, 179.76271221095132], [-29.556335682158927, 178.64951221099346], [-28.574267828404167, 173.0835122108087]]]}, "properties": {"id": 13, "height_m": 7.7, "levels": null, "category": "residencial", "extrude": true, "manzana_id": 0}}, {"type": "Feature", "geometry": {"type": "Polygon", "coordinates": [[[-24.645996413210685, 163.0647122107925], [-18.75358929050769, 164.17791221075035], [-18.75358929050769, 167.5175122110194], [-22.681860705701173, 166.40431221066606], [-22.681860705701173, 168.63071221097726], [-18.75358929050769, 168.63071221097726], [-19.735657144262447, 171.97031221085084], [-24.645996413210685, 171.97031221085084], [-28.574267828404167, 170.85711221089298], [-27.59219997464941, 163.0647122107925], [-24.645996413210685, 163.0647122107925]]]}, "properties": {"id": 14, "height_m": 6.0, "levels": null, "category": "residencial", "extrude": true, "manzana_id": 0}}, {"type": "Feature", "geometry": {"type": "Polygon", "coordinates": [[[-13.843250021559449, 139.68751221088652], [-6.968775044927243, 140.80071221084438], [-6.968775044927243, 146.36671221102915], [-7.950842898682001, 149.70631221090272], [-16.78945358282372, 148.59311221094487], [-16.78945358282372, 145.2535122106758], [-15.807385729068965, 138.57431221092867], [-13.843250021559449, 139.68751221088652]]]}, "properties": {"id": 15, "height_m": 8.3, "levels": null, "category": "residencial", "extrude": true, "manzana_id": 0}}, {"type": "Feature", "geometry": {"type": "Polygon", "coordinates": [[[-7.950842898682001, 151.93271221081844], [-8.932910752611209, 157.4987122110032], [-11.879114313875483, 156.38551221064986], [-17.77152143675293, 156.38551221064986], [-16.78945358282372, 148.59311221094487], [-7.950842898682001, 149.70631221090272], [-7.950842898682001, 151.93271221081844]]]}, "properties": {"id": 16, "height_m": 9.4, "levels": null, "category": "residencial", "extrude": true, "manzana_id": 0}}, {"type": "Feature", "geometry": {"type": "Polygon", "coordinates": [[[-8.932910752611209, 159.72511221091892], [-9.914978606365967, 165.2911122107082], [-14.825317875314207, 165.2911122107082], [-18.75358929050769, 164.17791221075035], [-17.77152143675293, 156.38551221064986], [-11.879114313875483, 156.38551221064986], [-8.932910752611209, 157.4987122110032], [-8.932910752611209, 159.72511221091892]]]}, "properties": {"id": 17, "height_m": 10.9, "levels": null, "category": "residencial", "extrude": true, "manzana_id": 0}}, {"type": "Feature", "geometry": {"type": "Polygon", "coordinates": [[[-18.75358929050769, 168.63071221097726], [-18.75358929050769, 167.5175122110194], [-18.75358929050769, 164.17791221075035], [-14.825317875314207, 165.2911122107082], [-9.914978606365967, 165.2911122107082], [-9.914978606365967, 167.5175122110194], [-9.914978606365967, 168.63071221097726], [-10.897046460120725, 173.0835122108087], [-14.825317875314207, 173.0835122108087], [-19.735657144262447, 171.97031221085084], [-18.75358929050769, 168.63071221097726], [-18.75358929050769, 168.63071221097726]]]}, "properties": {"id": 18, "height_m": 7.3, "levels": null, "category": "residencial", "extrude": true, "manzana_id": 0}}, {"type": "Feature", "geometry": {"type": "Polygon", "coordinates": [[[-19.735657144262447, 177.53631221064012], [-19.735657144262447, 175.3099122107244], [-19.735657144262447, 171.97031221085084], [-14.825317875314207, 173.0835122108087], [-10.897046460120725, 173.0835122108087], [-10.897046460120725, 177.53631221064012], [-11.879114313875483, 181.98911221086703], [-15.807385729068965, 180.87591221090918], [-16.78945358282372, 180.87591221090918], [-20.717724998017204, 180.87591221090918], [-19.735657144262447, 177.53631221064012]]]}, "properties": {"id": 19, "height_m": 7.0, "levels": null, "category": "residencial", "extrude": true, "manzana_id": 0}}, {"type": "Feature", "geometry": {"type": "Polygon", "coordinates": [[[-20.717724998017204, 181.98911221086703], [-20.717724998017204, 180.87591221090918], [-16.78945358282372, 180.87591221090918], [-15.807385729068965, 180.87591221090918], [-11.879114313875483, 181.98911221086703], [-11.879114313875483, 183.1023122108249], [-12.861182167630242, 189.78151221096752], [-21.699792851771964, 188.66831221100966], [-20.717724998017204, 181.98911221086703]]]}, "properties": {"id": 20, "height_m": 6.4, "levels": null, "category": "residencial", "extrude": true, "manzana_id": 0}}, {"type": "Feature", "geometry": {"type": "Polygon", "coordinates": [[[-13.843250021559449, 193.1211122108411], [-13.843250021559449, 197.57391221067252], [-17.77152143675293, 196.46071221071466], [-22.681860705701173, 196.46071221071466], [-21.699792851771964, 188.66831221100966], [-12.861182167630242, 189.78151221096752], [-13.843250021559449, 193.1211122108411]]]}, "properties": {"id": 21, "height_m": 8.1, "levels": null, "category": "residencial", "extrude": true, "manzana_id": 0}}, {"type": "Feature", "geometry": {"type": "Polygon", "coordinates": [[[-24.645996413210685, 206.47951221073086], [-23.66392855945593, 200.91351221094158], [-23.66392855945593, 198.68711221102586], [-22.681860705701173, 197.57391221067252], [-22.681860705701173, 196.46071221071466], [-17.77152143675293, 196.46071221071466], [-13.843250021559449, 197.57391221067252], [-13.843250021559449, 199.80031221098372], [-15.807385729068965, 208.70591221064657], [-15.807385729068965, 208.70591221064657], [-18.75358929050769, 207.59271221068872], [-18.75358929050769, 208.70591221064657], [-18.75358929050769, 209.81911221099992], [-24.645996413210685, 206.47951221073086], [-24.645996413210685, 206.47951221073086]]]}, "properties": {"id": 22, "height_m": 7.6, "levels": null, "category": "residencial", "extrude": true, "manzana_id": 0}}, {"type": "Feature", "geometry": {"type": "Polygon", "coordinates": [[[-25.628064266965445, 144.14031221071795], [-24.645996413210685, 136.34791221101295], [-20.717724998017204, 137.4611122109708], [-17.77152143675293, 138.57431221092867], [-15.807385729068965, 138.57431221092867], [-16.78945358282372, 145.2535122106758], [-16.78945358282372, 148.59311221094487], [-22.681860705701173, 147.479912210987], [-25.628064266965445, 147.479912210987], [-25.628064266965445, 144.14031221071795]]]}, "properties": {"id": 23, "height_m": 11.5, "levels": null, "category": "residencial", "extrude": true, "manzana_id": 0}}, {"type": "Feature", "geometry": {"type": "Polygon", "coordinates": [[[-53.12596417314537, 186.44191221069846], [-52.14389631939061, 184.21551221078275], [-52.14389631939061, 181.98911221086703], [-48.21562490419713, 183.1023122108249], [-45.269421342758406, 183.1023122108249], [-45.269421342758406, 185.3287122107406], [-43.305285635248886, 185.3287122107406], [-43.305285635248886, 187.55511221065632], [-44.28735348900365, 189.78151221096752], [-44.28735348900365, 190.89471221092538], [-44.28735348900365, 192.00791221088323], [-53.12596417314537, 190.89471221092538], [-53.12596417314537, 188.66831221100966], [-53.12596417314537, 186.44191221069846]]]}, "properties": {"id": 24, "height_m": 8.0, "levels": null, "category": "residencial", "extrude": true, "manzana_id": 0}}, {"type": "Feature", "geometry": {"type": "Polygon", "coordinates": [[[-48.21562490419713, 183.1023122108249], [-52.14389631939061, 181.98911221086703], [-51.16182846563585, 174.19671221076655], [-47.23355705044237, 175.3099122107244], [-42.32321778149413, 175.3099122107244], [-43.305285635248886, 179.76271221095132], [-47.23355705044237, 178.64951221099346], [-48.21562490419713, 183.1023122108249]]]}, "properties": {"id": 25, "height_m": 11.7, "levels": null, "category": "residencial", "extrude": true, "manzana_id": 0}}, {"type": "Feature", "geometry": {"type": "Polygon", "coordinates": [[[-49.197692757951884, 163.0647122107925], [-49.197692757951884, 158.61191221096107], [-44.28735348900365, 158.61191221096107], [-43.305285635248886, 158.61191221096107], [-39.37701422005541, 159.72511221091892], [-38.39494636630065, 159.72511221091892], [-38.39494636630065, 163.0647122107925], [-38.39494636630065, 165.2911122107082], [-39.37701422005541, 167.5175122110194], [-41.34114992773937, 167.5175122110194], [-46.251489196687615, 166.40431221066606], [-50.17976061188109, 166.40431221066606], [-49.197692757951884, 163.0647122107925]]]}, "properties": {"id": 26, "height_m": 9.7, "levels": null, "category": "residencial", "extrude": true, "manzana_id": 0}}, {"type": "Feature", "geometry": {"type": "Polygon", "coordinates": [[[-48.21562490419713, 153.0459122107763], [-47.23355705044237, 150.81951221086058], [-43.305285635248886, 150.81951221086058], [-38.39494636630065, 151.93271221081844], [-39.37701422005541, 159.72511221091892], [-43.305285635248886, 158.61191221096107], [-44.28735348900365, 158.61191221096107], [-49.197692757951884, 158.61191221096107], [-48.21562490419713, 153.0459122107763]]]}, "properties": {"id": 27, "height_m": 7.1, "levels": null, "category": "residencial", "extrude": true, "manzana_id": 0}}, {"type": "Feature", "geometry": {"type": "Polygon", "coordinates": [[[-46.251489196687615, 141.91391221080224], [-46.251489196687615, 139.68751221088652], [-41.34114992773937, 140.80071221084438], [-37.412878512545895, 141.91391221080224], [-38.39494636630065, 151.93271221081844], [-43.305285635248886, 150.81951221086058], [-47.23355705044237, 150.81951221086058], [-46.251489196687615, 141.91391221080224]]]}, "properties": {"id": 28, "height_m": 6.2, "levels": null, "category": "residencial", "extrude": true, "manzana_id": 0}}, {"type": "Feature", "geometry": {"type": "Polygon", "coordinates": [[[-45.269421342758406, 134.12151221070175], [-45.269421342758406, 131.89511221078604], [-36.43081065879113, 134.12151221070175], [-37.412878512545895, 139.68751221088652], [-37.412878512545895, 139.68751221088652], [-37.412878512545895, 141.91391221080224], [-41.34114992773937, 140.80071221084438], [-46.251489196687615, 139.68751221088652], [-45.269421342758406, 134.12151221070175]]]}, "properties": {"id": 29, "height_m": 9.0, "levels": null, "category": "residencial", "extrude": true, "manzana_id": 0}}, {"type": "Feature", "geometry": {"type": "Polygon", "coordinates": [[[-37.412878512545895, 139.68751221088652], [-37.412878512545895, 139.68751221088652], [-36.43081065879113, 134.12151221070175], [-34.466674951107166, 134.12151221070175], [-31.520471389842893, 135.2347122106596], [-28.574267828404167, 136.34791221101295], [-28.574267828404167, 137.4611122109708], [-29.556335682158927, 143.0271122107601], [-37.412878512545895, 141.91391221080224], [-37.412878512545895, 139.68751221088652]]]}, "properties": {"id": 30, "height_m": 7.3, "levels": null, "category": "residencial", "extrude": true, "manzana_id": 0}}, {"type": "Feature", "geometry": {"type": "Polygon", "coordinates": [[[-29.556335682158927, 149.70631221090272], [-30.538403535913684, 153.0459122107763], [-36.43081065879113, 151.93271221081844], [-38.39494636630065, 151.93271221081844], [-37.412878512545895, 141.91391221080224], [-29.556335682158927, 143.0271122107601], [-29.556335682158927, 149.70631221090272]]]}, "properties": {"id": 31, "height_m": 10.3, "levels": null, "category": "residencial", "extrude": true, "manzana_id": 0}}, {"type": "Feature", "geometry": {"type": "Polygon", "coordinates": [[[-51.16182846563585, 169.74391221093512], [-50.17976061188109, 166.40431221066606], [-46.251489196687615, 166.40431221066606], [-41.34114992773937, 167.5175122110194], [-42.32321778149413, 170.85711221089298], [-39.37701422005541, 170.85711221089298], [-39.37701422005541, 169.74391221093512], [-38.39494636630065, 167.5175122110194], [-35.44874280486192, 167.5175122110194], [-32.50253924359765, 168.63071221097726], [-32.50253924359765, 170.85711221089298], [-33.48460709735241, 176.42311221068226], [-36.43081065879113, 176.42311221068226], [-42.32321778149413, 175.3099122107244], [-47.23355705044237, 175.3099122107244], [-51.16182846563585, 174.19671221076655], [-51.16182846563585, 169.74391221093512]]]}, "properties": {"id": 32, "height_m": 9.3, "levels": null, "category": "residencial", "extrude": true, "manzana_id": 0}}, {"type": "Feature", "geometry": {"type": "Polygon", "coordinates": [[[-44.28735348900365, 190.89471221092538], [-44.28735348900365, 189.78151221096752], [-43.305285635248886, 188.66831221100966], [-43.305285635248886, 187.55511221065632], [-43.305285635248886, 185.3287122107406], [-43.305285635248886, 183.1023122108249], [-34.466674951107166, 184.21551221078275], [-34.466674951107166, 186.44191221069846], [-34.466674951107166, 189.78151221096752], [-35.44874280486192, 193.1211122108411], [-44.28735348900365, 192.00791221088323], [-44.28735348900365, 190.89471221092538]]]}, "properties": {"id": 33, "height_m": 9.6, "levels": null, "category": "residencial", "extrude": true, "manzana_id": 0}}, {"type": "Feature", "geometry": {"type": "Polygon", "coordinates": [[[-91.42661047115098, -40.65088778900957], [-94.37281403241525, -41.76408778936292], [-89.46247476346701, -47.3300877891522], [-86.51627120202829, -45.10368778923649], [-83.57006764076402, -42.877287789320775], [-82.58799978700927, -41.76408778936292], [-86.51627120202829, -38.42448778909386], [-87.4983390559575, -39.537687789051716], [-90.44454261722177, -41.76408778936292], [-91.42661047115098, -40.65088778900957]]]}, "properties": {"id": 34, "height_m": 13.0, "levels": null, "category": "residencial", "extrude": true, "manzana_id": 6}}, {"type": "Feature", "geometry": {"type": "Polygon", "coordinates": [[[-90.44454261722177, -56.235687789210544], [-88.48040690971226, -58.46208778912626], [-78.65972837181577, -50.66968778902577], [-82.58799978700927, -46.216887789194345], [-84.55213549451878, -47.3300877891522], [-85.53420334827354, -48.44328778911006], [-87.4983390559575, -46.216887789194345], [-89.46247476346701, -47.3300877891522], [-92.40867832490574, -50.66968778902577], [-94.37281403241525, -51.78288778898363], [-90.44454261722177, -56.235687789210544]]]}, "properties": {"id": 35, "height_m": 8.6, "levels": null, "category": "residencial", "extrude": true, "manzana_id": 6}}, {"type": "Feature", "geometry": {"type": "Polygon", "coordinates": [[[-78.65972837181577, -39.537687789051716], [-75.71352481037705, -37.311287789136], [-79.64179622557053, -31.74528778934672], [-82.58799978700927, -33.97168778926243], [-87.4983390559575, -37.311287789136], [-86.51627120202829, -38.42448778909386], [-82.58799978700927, -41.76408778936292], [-78.65972837181577, -39.537687789051716]]]}, "properties": {"id": 36, "height_m": 6.4, "levels": null, "category": "residencial", "extrude": true, "manzana_id": 6}}, {"type": "Feature", "geometry": {"type": "Polygon", "coordinates": [[[-61.96457485728709, -52.896087789336974], [-59.01837129584837, -55.12248778925269], [-57.05423558833885, -56.235687789210544], [-55.090099880829335, -54.00928778929483], [-57.05423558833885, -51.78288778898363], [-58.03630344209361, -52.896087789336974], [-58.03630344209361, -54.00928778929483], [-60.982507003532334, -51.78288778898363], [-60.00043914977758, -50.66968778902577], [-61.96457485728709, -49.556487789067916], [-63.928710564971055, -51.78288778898363], [-61.96457485728709, -52.896087789336974]]]}, "properties": {"id": 37, "height_m": 10.7, "levels": null, "category": "residencial", "extrude": true, "manzana_id": 6}}, {"type": "Feature", "geometry": {"type": "Polygon", "coordinates": [[[-58.03630344209361, -45.10368778923649], [-60.00043914977758, -47.3300877891522], [-56.07216773458409, -50.66968778902577], [-57.05423558833885, -51.78288778898363], [-55.090099880829335, -54.00928778929483], [-51.16182846563585, -50.66968778902577], [-58.03630344209361, -45.10368778923649]]]}, "properties": {"id": 38, "height_m": 13.5, "levels": null, "category": "residencial", "extrude": true, "manzana_id": 6}}, {"type": "Feature", "geometry": {"type": "Polygon", "coordinates": [[[-60.00043914977758, -47.3300877891522], [-60.00043914977758, -47.3300877891522], [-58.03630344209361, -45.10368778923649], [-65.89284627248057, -40.65088778900957], [-67.8569819799901, -41.76408778936292], [-63.928710564971055, -45.10368778923649], [-63.928710564971055, -45.10368778923649], [-64.91077841872581, -46.216887789194345], [-67.8569819799901, -42.877287789320775], [-71.78525339518357, -46.216887789194345], [-63.928710564971055, -51.78288778898363], [-61.96457485728709, -49.556487789067916], [-60.00043914977758, -47.3300877891522]]]}, "properties": {"id": 39, "height_m": 7.1, "levels": null, "category": "residencial", "extrude": true, "manzana_id": 6}}, {"type": "Feature", "geometry": {"type": "Polygon", "coordinates": [[[11.690514177110959, -40.65088778900957], [12.672582030865717, -40.65088778900957], [19.547057007497923, -39.537687789051716], [19.547057007497923, -32.858487789304576], [16.6008534460592, -32.858487789304576], [14.636717738549683, -32.858487789304576], [14.636717738549683, -32.858487789304576], [3.8339713467239953, -33.97168778926243], [4.816039200478754, -40.65088778900957], [11.690514177110959, -40.65088778900957]]]}, "properties": {"id": 40, "height_m": 11.6, "levels": null, "category": "residencial", "extrude": true, "manzana_id": 1}}, {"type": "Feature", "geometry": {"type": "Polygon", "coordinates": [[[6.780174908162719, -50.66968778902577], [4.816039200478754, -57.3488877891684], [9.726378469426994, -58.46208778912626], [10.7084463233562, -55.12248778925269], [11.690514177110959, -50.66968778902577], [6.780174908162719, -50.66968778902577]]]}, "properties": {"id": 41, "height_m": 10.1, "levels": null, "category": "residencial", "extrude": true, "manzana_id": 1}}, {"type": "Feature", "geometry": {"type": "Polygon", "coordinates": [[[12.672582030865717, -90.74488778909057], [23.475328422516956, -91.85808778904843], [24.457396276446165, -87.405287789217], [23.475328422516956, -85.17888778930129], [22.493260568762196, -82.95248778899008], [17.582921299813957, -81.83928778903223], [15.618785592304441, -81.83928778903223], [15.618785592304441, -81.83928778903223], [13.654649884620476, -81.83928778903223], [9.726378469426994, -80.72608778907437], [8.744310615672235, -90.74488778909057], [12.672582030865717, -90.74488778909057]]]}, "properties": {"id": 42, "height_m": 8.5, "levels": null, "category": "residencial", "extrude": true, "manzana_id": 1}}, {"type": "Feature", "geometry": {"type": "Polygon", "coordinates": [[[14.636717738549683, -69.59408778910031], [19.547057007497923, -71.82048778901603], [19.547057007497923, -70.70728778905817], [20.529124861252683, -67.3676877891846], [17.582921299813957, -66.25448778922674], [14.636717738549683, -65.14128778926889], [13.654649884620476, -64.02808778931103], [12.672582030865717, -68.48088778914246], [11.690514177110959, -68.48088778914246], [14.636717738549683, -69.59408778910031]]]}, "properties": {"id": 43, "height_m": 10.0, "levels": null, "category": "residencial", "extrude": true, "manzana_id": 1}}, {"type": "Feature", "geometry": {"type": "Polygon", "coordinates": [[[17.582921299813957, -66.25448778922674], [20.529124861252683, -67.3676877891846], [22.493260568762196, -62.91488778935317], [19.547057007497923, -61.80168778899983], [13.654649884620476, -60.68848778904197], [13.654649884620476, -60.68848778904197], [12.672582030865717, -64.02808778931103], [13.654649884620476, -64.02808778931103], [14.636717738549683, -65.14128778926889], [17.582921299813957, -66.25448778922674]]]}, "properties": {"id": 44, "height_m": 15.4, "levels": null, "category": "residencial", "extrude": true, "manzana_id": 1}}, {"type": "Feature", "geometry": {"type": "Polygon", "coordinates": [[[19.547057007497923, -61.80168778899983], [22.493260568762196, -62.91488778935317], [23.475328422516956, -56.235687789210544], [24.457396276446165, -51.78288778898363], [17.582921299813957, -51.78288778898363], [16.6008534460592, -55.12248778925269], [13.654649884620476, -60.68848778904197], [19.547057007497923, -61.80168778899983]]]}, "properties": {"id": 45, "height_m": 9.3, "levels": null, "category": "residencial", "extrude": true, "manzana_id": 1}}, {"type": "Feature", "geometry": {"type": "Polygon", "coordinates": [[[24.457396276446165, -48.44328778911006], [24.457396276446165, -46.216887789194345], [19.547057007497923, -46.216887789194345], [19.547057007497923, -48.44328778911006], [17.582921299813957, -48.44328778911006], [17.582921299813957, -46.216887789194345], [13.654649884620476, -46.216887789194345], [13.654649884620476, -50.66968778902577], [13.654649884620476, -51.78288778898363], [17.582921299813957, -51.78288778898363], [24.457396276446165, -51.78288778898363], [24.457396276446165, -48.44328778911006]]]}, "properties": {"id": 46, "height_m": 7.4, "levels": null, "category": "residencial", "extrude": true, "manzana_id": 1}}, {"type": "Feature", "geometry": {"type": "Polygon", "coordinates": [[[21.51119271500744, -46.216887789194345], [24.457396276446165, -46.216887789194345], [24.457396276446165, -46.216887789194345], [24.457396276446165, -41.76408778936292], [24.457396276446165, -39.537687789051716], [20.529124861252683, -39.537687789051716], [19.547057007497923, -39.537687789051716], [12.672582030865717, -40.65088778900957], [13.654649884620476, -46.216887789194345], [13.654649884620476, -46.216887789194345], [17.582921299813957, -46.216887789194345], [19.547057007497923, -46.216887789194345], [21.51119271500744, -46.216887789194345]]]}, "properties": {"id": 47, "height_m": 6.5, "levels": null, "category": "residencial", "extrude": true, "manzana_id": 1}}, {"type": "Feature", "geometry": {"type": "Polygon", "coordinates": [[[19.547057007497923, -39.537687789051716], [20.529124861252683, -39.537687789051716], [24.457396276446165, -39.537687789051716], [24.457396276446165, -32.858487789304576], [19.547057007497923, -32.858487789304576], [19.547057007497923, -39.537687789051716]]]}, "properties": {"id": 48, "height_m": 13.8, "levels": null, "category": "residencial", "extrude": true, "manzana_id": 1}}, {"type": "Feature", "geometry": {"type": "Polygon", "coordinates": [[[24.457396276446165, -32.858487789304576], [23.475328422516956, -26.179287789161947], [16.6008534460592, -26.179287789161947], [16.6008534460592, -30.632087788993374], [16.6008534460592, -32.858487789304576], [19.547057007497923, -32.858487789304576], [24.457396276446165, -32.858487789304576]]]}, "properties": {"id": 49, "height_m": 9.7, "levels": null, "category": "residencial", "extrude": true, "manzana_id": 1}}, {"type": "Feature", "geometry": {"type": "Polygon", "coordinates": [[[14.636717738549683, -30.632087788993374], [14.636717738549683, -32.858487789304576], [14.636717738549683, -32.858487789304576], [16.6008534460592, -32.858487789304576], [16.6008534460592, -30.632087788993374], [16.6008534460592, -26.179287789161947], [13.654649884620476, -26.179287789161947], [14.636717738549683, -30.632087788993374]]]}, "properties": {"id": 50, "height_m": 12.8, "levels": null, "category": "residencial", "extrude": true, "manzana_id": 1}}, {"type": "Feature", "geometry": {"type": "Polygon", "coordinates": [[[13.654649884620476, -26.179287789161947], [1.8698356392144793, -28.40568778907766], [3.8339713467239953, -33.97168778926243], [14.636717738549683, -32.858487789304576], [14.636717738549683, -30.632087788993374], [13.654649884620476, -26.179287789161947]]]}, "properties": {"id": 51, "height_m": 6.6, "levels": null, "category": "residencial", "extrude": true, "manzana_id": 1}}, {"type": "Feature", "geometry": {"type": "Polygon", "coordinates": [[[-12.861182167630242, -32.858487789304576], [-14.825317875314207, -29.518887789035517], [-18.75358929050769, -31.74528778934672], [-16.78945358282372, -35.08488778922029], [-12.861182167630242, -32.858487789304576]]]}, "properties": {"id": 52, "height_m": 15.5, "levels": null, "category": "residencial", "extrude": true, "manzana_id": 2}}, {"type": "Feature", "geometry": {"type": "Polygon", "coordinates": [[[-5.004639337417727, -18.38688778906146], [-4.022571483662969, -21.72648778933052], [-7.950842898682001, -22.839687789288377], [-5.004639337417727, -28.40568778907766], [2.851903492969237, -25.06608778920409], [-2.0584357759790026, -16.160487789145748], [-3.040503629733761, -17.273687789103604], [-5.004639337417727, -18.38688778906146]]]}, "properties": {"id": 53, "height_m": 8.8, "levels": null, "category": "residencial", "extrude": true, "manzana_id": 1}}, {"type": "Feature", "geometry": {"type": "Polygon", "coordinates": [[[-8.932910752611209, -20.613287788977175], [-7.950842898682001, -19.500087789019318], [-6.968775044927243, -19.500087789019318], [-5.004639337417727, -18.38688778906146], [-3.040503629733761, -17.273687789103604], [-2.0584357759790026, -16.160487789145748], [-0.09430006846948685, -15.047287789187891], [-5.004639337417727, -9.481287789003119], [-11.879114313875483, -16.160487789145748], [-16.78945358282372, -20.613287788977175], [-14.825317875314207, -22.839687789288377], [-8.932910752611209, -20.613287788977175]]]}, "properties": {"id": 54, "height_m": 7.3, "levels": null, "category": "residencial", "extrude": true, "manzana_id": 1}}, {"type": "Feature", "geometry": {"type": "Polygon", "coordinates": [[[-11.879114313875483, -16.160487789145748], [-5.004639337417727, -9.481287789003119], [-10.897046460120725, -3.915287789213835], [-13.843250021559449, -8.368087789045262], [-16.78945358282372, -12.820887789272177], [-16.78945358282372, -12.820887789272177], [-19.735657144262447, -16.160487789145748], [-16.78945358282372, -20.613287788977175], [-11.879114313875483, -16.160487789145748]]]}, "properties": {"id": 55, "height_m": 7.0, "levels": null, "category": "residencial", "extrude": true, "manzana_id": 1}}, {"type": "Feature", "geometry": {"type": "Polygon", "coordinates": [[[-16.78945358282372, -12.820887789272177], [-13.843250021559449, -8.368087789045262], [-10.897046460120725, -3.915287789213835], [-12.861182167630242, -2.802087789255978], [-18.75358929050769, 1.6507122109709371], [-23.66392855945593, -8.368087789045262], [-23.66392855945593, -9.481287789003119], [-24.645996413210685, -11.70768778931432], [-25.628064266965445, -13.934087789230034], [-26.610132120720202, -16.160487789145748], [-21.699792851771964, -19.500087789019318], [-19.735657144262447, -16.160487789145748], [-16.78945358282372, -12.820887789272177], [-16.78945358282372, -12.820887789272177]]]}, "properties": {"id": 56, "height_m": 10.3, "levels": null, "category": "residencial", "extrude": true, "manzana_id": 1}}, {"type": "Feature", "geometry": {"type": "Polygon", "coordinates": [[[-28.574267828404167, -11.70768778931432], [-25.628064266965445, -13.934087789230034], [-24.645996413210685, -11.70768778931432], [-23.66392855945593, -9.481287789003119], [-23.66392855945593, -8.368087789045262], [-18.75358929050769, 1.6507122109709371], [-25.628064266965445, 6.103512210802364], [-33.48460709735241, -10.594487789356464], [-29.556335682158927, -11.70768778931432], [-28.574267828404167, -11.70768778931432]]]}, "properties": {"id": 57, "height_m": 5.7, "levels": null, "category": "residencial", "extrude": true, "manzana_id": 1}}, {"type": "Feature", "geometry": {"type": "Polygon", "coordinates": [[[-10.897046460120725, -71.82048778901603], [-6.968775044927243, -72.93368778897388], [-4.022571483662969, -72.93368778897388], [-2.0584357759790026, -67.3676877891846], [-6.968775044927243, -66.25448778922674], [-8.932910752611209, -66.25448778922674], [-10.897046460120725, -66.25448778922674], [-11.879114313875483, -66.25448778922674], [-12.861182167630242, -67.3676877891846], [-13.843250021559449, -70.70728778905817], [-10.897046460120725, -71.82048778901603]]]}, "properties": {"id": 58, "height_m": 10.0, "levels": null, "category": "residencial", "extrude": true, "manzana_id": 1}}, {"type": "Feature", "geometry": {"type": "Polygon", "coordinates": [[[-8.932910752611209, -66.25448778922674], [-6.968775044927243, -66.25448778922674], [-2.0584357759790026, -67.3676877891846], [-0.09430006846948685, -62.91488778935317], [0.8877677854597213, -61.80168778899983], [-2.0584357759790026, -60.68848778904197], [-4.022571483662969, -60.68848778904197], [-5.986707191172485, -60.68848778904197], [-7.950842898682001, -60.68848778904197], [-8.932910752611209, -60.68848778904197], [-9.914978606365967, -64.02808778931103], [-10.897046460120725, -66.25448778922674], [-8.932910752611209, -66.25448778922674]]]}, "properties": {"id": 59, "height_m": 9.0, "levels": null, "category": "residencial", "extrude": true, "manzana_id": 1}}, {"type": "Feature", "geometry": {"type": "Polygon", "coordinates": [[[-5.986707191172485, -60.68848778904197], [-4.022571483662969, -60.68848778904197], [-2.0584357759790026, -60.68848778904197], [0.8877677854597213, -61.80168778899983], [1.8698356392144793, -58.46208778912626], [2.851903492969237, -56.235687789210544], [-0.09430006846948685, -56.235687789210544], [-2.0584357759790026, -56.235687789210544], [-6.968775044927243, -56.235687789210544], [-8.932910752611209, -60.68848778904197], [-7.950842898682001, -60.68848778904197], [-5.986707191172485, -60.68848778904197]]]}, "properties": {"id": 60, "height_m": 10.3, "levels": null, "category": "residencial", "extrude": true, "manzana_id": 1}}, {"type": "Feature", "geometry": {"type": "Polygon", "coordinates": [[[-2.0584357759790026, -54.00928778929483], [-0.09430006846948685, -54.00928778929483], [-0.09430006846948685, -56.235687789210544], [2.851903492969237, -56.235687789210544], [3.8339713467239953, -52.896087789336974], [3.8339713467239953, -50.66968778902577], [-5.004639337417727, -51.78288778898363], [-6.968775044927243, -56.235687789210544], [-2.0584357759790026, -56.235687789210544], [-2.0584357759790026, -54.00928778929483]]]}, "properties": {"id": 61, "height_m": 9.6, "levels": null, "category": "residencial", "extrude": true, "manzana_id": 1}}, {"type": "Feature", "geometry": {"type": "Polygon", "coordinates": [[[-3.040503629733761, -51.78288778898363], [3.8339713467239953, -50.66968778902577], [3.8339713467239953, -45.10368778923649], [0.8877677854597213, -45.10368778923649], [-3.040503629733761, -45.10368778923649], [-5.986707191172485, -45.10368778923649], [-5.004639337417727, -51.78288778898363], [-3.040503629733761, -51.78288778898363]]]}, "properties": {"id": 62, "height_m": 9.1, "levels": null, "category": "residencial", "extrude": true, "manzana_id": 1}}, {"type": "Feature", "geometry": {"type": "Polygon", "coordinates": [[[0.8877677854597213, -45.10368778923649], [3.8339713467239953, -45.10368778923649], [2.851903492969237, -40.65088778900957], [1.8698356392144793, -35.08488778922029], [-6.968775044927243, -38.42448778909386], [-5.986707191172485, -45.10368778923649], [0.8877677854597213, -45.10368778923649]]]}, "properties": {"id": 63, "height_m": 9.3, "levels": null, "category": "residencial", "extrude": true, "manzana_id": 1}}, {"type": "Feature", "geometry": {"type": "Polygon", "coordinates": [[[-14.825317875314207, 12.782712210944993], [-16.78945358282372, 13.89591221090285], [-17.77152143675293, 13.89591221090285], [-20.717724998017204, 10.55631221102928], [-23.66392855945593, 7.216712210760221], [-18.75358929050769, 3.8771122108866507], [-16.78945358282372, 7.216712210760221], [-14.825317875314207, 8.329912210718078], [-12.861182167630242, 11.669512210987136], [-14.825317875314207, 12.782712210944993]]]}, "properties": {"id": 64, "height_m": 14.8, "levels": null, "category": "residencial", "extrude": true, "manzana_id": 1}}, {"type": "Feature", "geometry": {"type": "Polygon", "coordinates": [[[-14.825317875314207, 8.329912210718078], [-16.78945358282372, 7.216712210760221], [-18.75358929050769, 3.8771122108866507], [-15.807385729068965, 1.6507122109709371], [-15.807385729068965, 2.763912210928794], [-11.879114313875483, 4.9903122108445075], [-8.932910752611209, 8.329912210718078], [-12.861182167630242, 11.669512210987136], [-14.825317875314207, 8.329912210718078]]]}, "properties": {"id": 65, "height_m": 10.6, "levels": null, "category": "residencial", "extrude": true, "manzana_id": 1}}, {"type": "Feature", "geometry": {"type": "Polygon", "coordinates": [[[-2.0584357759790026, 9.443112210675935], [-3.040503629733761, 9.443112210675935], [-3.040503629733761, 9.443112210675935], [-4.022571483662969, 10.55631221102928], [-4.022571483662969, 10.55631221102928], [-6.968775044927243, 11.669512210987136], [-8.932910752611209, 8.329912210718078], [-11.879114313875483, 4.9903122108445075], [-15.807385729068965, 2.763912210928794], [-9.914978606365967, -1.6888877892981213], [-6.968775044927243, 1.6507122109709371], [-6.968775044927243, 1.6507122109709371], [1.8698356392144793, 8.329912210718078], [-2.0584357759790026, 9.443112210675935]]]}, "properties": {"id": 66, "height_m": 7.4, "levels": null, "category": "residencial", "extrude": true, "manzana_id": 1}}, {"type": "Feature", "geometry": {"type": "Polygon", "coordinates": [[[17.582921299813957, 10.55631221102928], [9.726378469426994, 4.9903122108445075], [13.654649884620476, 0.5375122110130803], [15.618785592304441, 1.6507122109709371], [17.582921299813957, -1.6888877892981213], [22.493260568762196, 2.763912210928794], [17.582921299813957, 10.55631221102928]]]}, "properties": {"id": 67, "height_m": 10.1, "levels": null, "category": "residencial", "extrude": true, "manzana_id": 1}}, {"type": "Feature", "geometry": {"type": "Polygon", "coordinates": [[[15.618785592304441, 13.89591221090285], [8.744310615672235, 16.122312210818563], [7.762242761917477, 17.23551221077642], [3.8339713467239953, 19.461912210692134], [1.8698356392144793, 19.461912210692134], [-1.0763679222242448, 15.009112210860707], [-3.040503629733761, 9.443112210675935], [-3.040503629733761, 9.443112210675935], [1.8698356392144793, 8.329912210718078], [6.780174908162719, 7.216712210760221], [8.744310615672235, 7.216712210760221], [9.726378469426994, 4.9903122108445075], [17.582921299813957, 10.55631221102928], [15.618785592304441, 13.89591221090285]]]}, "properties": {"id": 68, "height_m": 9.4, "levels": null, "category": "residencial", "extrude": true, "manzana_id": 1}}, {"type": "Feature", "geometry": {"type": "Polygon", "coordinates": [[[-0.09430006846948685, 20.57511221064999], [-1.0763679222242448, 22.801512210961192], [-7.950842898682001, 20.57511221064999], [-9.914978606365967, 19.461912210692134], [-13.843250021559449, 16.122312210818563], [-16.78945358282372, 13.89591221090285], [-14.825317875314207, 12.782712210944993], [-12.861182167630242, 11.669512210987136], [-8.932910752611209, 8.329912210718078], [-6.968775044927243, 11.669512210987136], [-4.022571483662969, 10.55631221102928], [-3.040503629733761, 9.443112210675935], [-1.0763679222242448, 15.009112210860707], [1.8698356392144793, 19.461912210692134], [-0.09430006846948685, 20.57511221064999]]]}, "properties": {"id": 69, "height_m": 9.5, "levels": null, "category": "residencial", "extrude": true, "manzana_id": 1}}, {"type": "Feature", "geometry": {"type": "Polygon", "coordinates": [[[1.8698356392144793, 23.91471221091905], [2.851903492969237, 21.688312211003336], [3.8339713467239953, 20.57511221064999], [6.780174908162719, 18.348712210734277], [8.744310615672235, 17.23551221077642], [14.636717738549683, 16.122312210818563], [8.744310615672235, 25.027912210876906], [1.8698356392144793, 23.91471221091905]]]}, "properties": {"id": 70, "height_m": 7.0, "levels": null, "category": "residencial", "extrude": true, "manzana_id": 1}}, {"type": "Feature", "geometry": {"type": "Polygon", "coordinates": [[[-65.89284627248057, -37.311287789136], [-60.982507003532334, -35.08488778922029], [-62.94664271104185, -31.74528778934672], [-64.91077841872581, -28.40568778907766], [-65.89284627248057, -27.292487789119804], [-65.89284627248057, -26.179287789161947], [-72.76732124893833, -27.292487789119804], [-75.71352481037705, -29.518887789035517], [-68.8390498339193, -40.65088778900957], [-64.91077841872581, -38.42448778909386], [-65.89284627248057, -37.311287789136]]]}, "properties": {"id": 71, "height_m": 8.6, "levels": null, "category": "residencial", "extrude": true, "manzana_id": 6}}, {"type": "Feature", "geometry": {"type": "Polygon", "coordinates": [[[-40.359082073810164, -35.08488778922029], [-41.34114992773937, -38.42448778909386], [-37.412878512545895, -39.537687789051716], [-35.44874280486192, -35.08488778922029], [-39.37701422005541, -33.97168778926243], [-40.359082073810164, -35.08488778922029]]]}, "properties": {"id": 73, "height_m": 11.1, "levels": null, "category": "residencial", "extrude": true, "manzana_id": 7}}, {"type": "Feature", "geometry": {"type": "Polygon", "coordinates": [[[-42.32321778149413, -33.97168778926243], [-40.359082073810164, -35.08488778922029], [-39.37701422005541, -33.97168778926243], [-38.39494636630065, -31.74528778934672], [-37.412878512545895, -29.518887789035517], [-42.32321778149413, -28.40568778907766], [-44.28735348900365, -32.858487789304576], [-44.28735348900365, -32.858487789304576], [-46.251489196687615, -36.198087789178146], [-43.305285635248886, -37.311287789136], [-42.32321778149413, -33.97168778926243]]]}, "properties": {"id": 74, "height_m": 14.3, "levels": null, "category": "residencial", "extrude": true, "manzana_id": 7}}, {"type": "Feature", "geometry": {"type": "Polygon", "coordinates": [[[-54.108032026900126, -31.74528778934672], [-54.108032026900126, -31.74528778934672], [-54.108032026900126, -30.632087788993374], [-51.16182846563585, -26.179287789161947], [-50.17976061188109, -26.179287789161947], [-50.17976061188109, -26.179287789161947], [-53.12596417314537, -23.952887789246233], [-54.108032026900126, -22.839687789288377], [-57.05423558833885, -20.613287788977175], [-60.982507003532334, -22.839687789288377], [-65.89284627248057, -26.179287789161947], [-64.91077841872581, -28.40568778907766], [-62.94664271104185, -31.74528778934672], [-59.01837129584837, -38.42448778909386], [-59.01837129584837, -38.42448778909386], [-56.07216773458409, -36.198087789178146], [-53.12596417314537, -33.97168778926243], [-55.090099880829335, -32.858487789304576], [-54.108032026900126, -31.74528778934672]]]}, "properties": {"id": 76, "height_m": 8.6, "levels": null, "category": "residencial", "extrude": true, "manzana_id": 6}}, {"type": "Feature", "geometry": {"type": "Polygon", "coordinates": [[[-43.305285635248886, 126.32911221099675], [-42.32321778149413, 122.9895122107277], [-42.32321778149413, 122.9895122107277], [-41.34114992773937, 124.10271221068555], [-40.359082073810164, 124.10271221068555], [-40.359082073810164, 124.10271221068555], [-38.39494636630065, 124.10271221068555], [-38.39494636630065, 126.32911221099675], [-39.37701422005541, 127.44231221095461], [-39.37701422005541, 129.66871221087032], [-39.37701422005541, 129.66871221087032], [-43.305285635248886, 128.55551221091247], [-43.305285635248886, 128.55551221091247], [-47.23355705044237, 127.44231221095461], [-51.16182846563585, 120.76311221081198], [-47.23355705044237, 119.64991221085413], [-46.251489196687615, 120.76311221081198], [-46.251489196687615, 120.76311221081198], [-43.305285635248886, 126.32911221099675]]]}, "properties": {"id": 77, "height_m": 7.7, "levels": null, "category": "residencial", "extrude": true, "manzana_id": 0}}, {"type": "Feature", "geometry": {"type": "Polygon", "coordinates": [[[-44.28735348900365, 117.42351221093841], [-44.28735348900365, 114.08391221066935], [-38.39494636630065, 115.1971122110227], [-35.44874280486192, 116.31031221098056], [-37.412878512545895, 120.76311221081198], [-38.39494636630065, 124.10271221068555], [-40.359082073810164, 124.10271221068555], [-40.359082073810164, 124.10271221068555], [-41.34114992773937, 124.10271221068555], [-42.32321778149413, 122.9895122107277], [-44.28735348900365, 118.53671221089627], [-44.28735348900365, 117.42351221093841]]]}, "properties": {"id": 78, "height_m": 9.2, "levels": null, "category": "residencial", "extrude": true, "manzana_id": 0}}, {"type": "Feature", "geometry": {"type": "Polygon", "coordinates": [[[-34.466674951107166, 116.31031221098056], [-33.48460709735241, 116.31031221098056], [-30.538403535913684, 117.42351221093841], [-31.520471389842893, 120.76311221081198], [-32.50253924359765, 125.21591221064341], [-32.50253924359765, 125.21591221064341], [-38.39494636630065, 124.10271221068555], [-35.44874280486192, 116.31031221098056], [-34.466674951107166, 116.31031221098056]]]}, "properties": {"id": 79, "height_m": 12.8, "levels": null, "category": "residencial", "extrude": true, "manzana_id": 0}}, {"type": "Feature", "geometry": {"type": "Polygon", "coordinates": [[[-32.50253924359765, 125.21591221064341], [-31.520471389842893, 120.76311221081198], [-30.538403535913684, 117.42351221093841], [-23.66392855945593, 118.53671221089627], [-25.628064266965445, 127.44231221095461], [-25.628064266965445, 127.44231221095461], [-26.610132120720202, 133.0083122107439], [-33.48460709735241, 130.78191221082818], [-32.50253924359765, 127.44231221095461], [-32.50253924359765, 125.21591221064341], [-32.50253924359765, 125.21591221064341]]]}, "properties": {"id": 80, "height_m": 7.7, "levels": null, "category": "residencial", "extrude": true, "manzana_id": 0}}, {"type": "Feature", "geometry": {"type": "Polygon", "coordinates": [[[-23.66392855945593, 118.53671221089627], [-23.66392855945593, 117.42351221093841], [-18.75358929050769, 117.42351221093841], [-19.735657144262447, 119.64991221085413], [-19.735657144262447, 120.76311221081198], [-19.735657144262447, 122.9895122107277], [-20.717724998017204, 126.32911221099675], [-20.717724998017204, 128.55551221091247], [-25.628064266965445, 127.44231221095461], [-23.66392855945593, 118.53671221089627]]]}, "properties": {"id": 81, "height_m": 12.4, "levels": null, "category": "residencial", "extrude": true, "manzana_id": 0}}, {"type": "Feature", "geometry": {"type": "Polygon", "coordinates": [[[-14.825317875314207, 117.42351221093841], [-10.897046460120725, 117.42351221093841], [-7.950842898682001, 117.42351221093841], [-7.950842898682001, 117.42351221093841], [-7.950842898682001, 117.42351221093841], [-7.950842898682001, 117.42351221093841], [-8.932910752611209, 122.9895122107277], [-8.932910752611209, 122.9895122107277], [-8.932910752611209, 122.9895122107277], [-13.843250021559449, 121.87631221076984], [-14.825317875314207, 121.87631221076984], [-14.825317875314207, 121.87631221076984], [-19.735657144262447, 120.76311221081198], [-19.735657144262447, 119.64991221085413], [-18.75358929050769, 117.42351221093841], [-18.75358929050769, 117.42351221093841], [-15.807385729068965, 117.42351221093841], [-14.825317875314207, 117.42351221093841]]]}, "properties": {"id": 82, "height_m": 12.2, "levels": null, "category": "residencial", "extrude": true, "manzana_id": 0}}, {"type": "Feature", "geometry": {"type": "Polygon", "coordinates": [[[-5.986707191172485, 120.76311221081198], [-5.986707191172485, 118.53671221089627], [-5.986707191172485, 118.53671221089627], [-2.0584357759790026, 118.53671221089627], [-2.0584357759790026, 120.76311221081198], [-3.040503629733761, 121.87631221076984], [-3.040503629733761, 124.10271221068555], [-5.986707191172485, 124.10271221068555], [-5.986707191172485, 124.10271221068555], [-6.968775044927243, 122.9895122107277], [-5.986707191172485, 120.76311221081198]]]}, "properties": {"id": 83, "height_m": 10.4, "levels": null, "category": "residencial", "extrude": true, "manzana_id": 0}}, {"type": "Feature", "geometry": {"type": "Polygon", "coordinates": [[[-2.0584357759790026, 120.76311221081198], [-2.0584357759790026, 118.53671221089627], [-0.09430006846948685, 118.53671221089627], [5.798107054407962, 118.53671221089627], [8.744310615672235, 118.53671221089627], [8.744310615672235, 122.9895122107277], [8.744310615672235, 126.32911221099675], [8.744310615672235, 127.44231221095461], [5.798107054407962, 126.32911221099675], [4.816039200478754, 126.32911221099675], [2.851903492969237, 125.21591221064341], [1.8698356392144793, 125.21591221064341], [-3.040503629733761, 124.10271221068555], [-3.040503629733761, 121.87631221076984], [-2.0584357759790026, 120.76311221081198]]]}, "properties": {"id": 84, "height_m": 10.3, "levels": null, "category": "residencial", "extrude": true, "manzana_id": 0}}, {"type": "Feature", "geometry": {"type": "Polygon", "coordinates": [[[8.744310615672235, 126.32911221099675], [8.744310615672235, 122.9895122107277], [8.744310615672235, 118.53671221089627], [11.690514177110959, 118.53671221089627], [11.690514177110959, 120.76311221081198], [14.636717738549683, 120.76311221081198], [14.636717738549683, 122.9895122107277], [14.636717738549683, 126.32911221099675], [14.636717738549683, 126.32911221099675], [13.654649884620476, 126.32911221099675], [12.672582030865717, 128.55551221091247], [11.690514177110959, 128.55551221091247], [8.744310615672235, 127.44231221095461], [8.744310615672235, 127.44231221095461], [8.744310615672235, 126.32911221099675]]]}, "properties": {"id": 85, "height_m": 12.0, "levels": null, "category": "residencial", "extrude": true, "manzana_id": 0}}, {"type": "Feature", "geometry": {"type": "Polygon", "coordinates": [[[16.6008534460592, 115.1971122110227], [16.6008534460592, 115.1971122110227], [18.564989153568714, 115.1971122110227], [18.564989153568714, 115.1971122110227], [19.547057007497923, 115.1971122110227], [20.529124861252683, 115.1971122110227], [20.529124861252683, 119.64991221085413], [20.529124861252683, 124.10271221068555], [20.529124861252683, 124.10271221068555], [19.547057007497923, 128.55551221091247], [16.6008534460592, 127.44231221095461], [15.618785592304441, 129.66871221087032], [12.672582030865717, 128.55551221091247], [13.654649884620476, 126.32911221099675], [14.636717738549683, 126.32911221099675], [14.636717738549683, 126.32911221099675], [14.636717738549683, 122.9895122107277], [14.636717738549683, 120.76311221081198], [11.690514177110959, 120.76311221081198], [11.690514177110959, 118.53671221089627], [11.690514177110959, 114.08391221066935], [12.672582030865717, 114.08391221066935], [15.618785592304441, 115.1971122110227], [16.6008534460592, 115.1971122110227]]]}, "properties": {"id": 86, "height_m": 8.5, "levels": null, "category": "residencial", "extrude": true, "manzana_id": 0}}, {"type": "Feature", "geometry": {"type": "Polygon", "coordinates": [[[20.529124861252683, 124.10271221068555], [20.529124861252683, 119.64991221085413], [25.43946413020092, 119.64991221085413], [24.457396276446165, 124.10271221068555], [24.457396276446165, 128.55551221091247], [24.457396276446165, 130.78191221082818], [22.493260568762196, 129.66871221087032], [22.493260568762196, 127.44231221095461], [21.51119271500744, 127.44231221095461], [21.51119271500744, 129.66871221087032], [20.529124861252683, 129.66871221087032], [19.547057007497923, 128.55551221091247], [20.529124861252683, 124.10271221068555], [20.529124861252683, 124.10271221068555]]]}, "properties": {"id": 87, "height_m": 10.7, "levels": null, "category": "residencial", "extrude": true, "manzana_id": 0}}, {"type": "Feature", "geometry": {"type": "Polygon", "coordinates": [[[24.457396276446165, 128.55551221091247], [24.457396276446165, 124.10271221068555], [25.43946413020092, 119.64991221085413], [25.43946413020092, 119.64991221085413], [34.278074814342645, 119.64991221085413], [34.278074814342645, 122.9895122107277], [32.31393910665868, 131.89511221078604], [31.33187125290392, 135.2347122106596], [28.385667691465194, 134.12151221070175], [28.385667691465194, 130.78191221082818], [25.43946413020092, 130.78191221082818], [24.457396276446165, 130.78191221082818], [24.457396276446165, 128.55551221091247]]]}, "properties": {"id": 88, "height_m": 10.0, "levels": null, "category": "residencial", "extrude": true, "manzana_id": 0}}, {"type": "Feature", "geometry": {"type": "Polygon", "coordinates": [[[44.09875335223912, 122.9895122107277], [44.09875335223912, 124.10271221068555], [44.09875335223912, 125.21591221064341], [38.20634622953612, 124.10271221068555], [34.278074814342645, 122.9895122107277], [34.278074814342645, 119.64991221085413], [33.29600696058789, 114.08391221066935], [33.29600696058789, 112.9707122107115], [41.1525497908004, 112.9707122107115], [44.09875335223912, 116.31031221098056], [45.08082120599388, 122.9895122107277], [44.09875335223912, 122.9895122107277]]]}, "properties": {"id": 89, "height_m": 8.5, "levels": null, "category": "residencial", "extrude": true, "manzana_id": 0}}, {"type": "Feature", "geometry": {"type": "Polygon", "coordinates": [[[38.20634622953612, 124.10271221068555], [44.09875335223912, 125.21591221064341], [44.09875335223912, 125.21591221064341], [45.08082120599388, 126.32911221099675], [43.116685498484365, 133.0083122107439], [42.134617644555156, 133.0083122107439], [42.134617644555156, 133.0083122107439], [42.134617644555156, 133.0083122107439], [40.17048193704564, 133.0083122107439], [39.18841408329089, 133.0083122107439], [32.31393910665868, 131.89511221078604], [34.278074814342645, 122.9895122107277], [38.20634622953612, 124.10271221068555]]]}, "properties": {"id": 90, "height_m": 7.7, "levels": null, "category": "residencial", "extrude": true, "manzana_id": 0}}, {"type": "Feature", "geometry": {"type": "Polygon", "coordinates": [[[39.18841408329089, 133.0083122107439], [40.17048193704564, 133.0083122107439], [42.134617644555156, 133.0083122107439], [42.134617644555156, 133.0083122107439], [43.116685498484365, 134.12151221070175], [44.09875335223912, 134.12151221070175], [44.09875335223912, 134.12151221070175], [44.09875335223912, 134.12151221070175], [44.09875335223912, 134.12151221070175], [44.09875335223912, 135.2347122106596], [45.08082120599388, 135.2347122106596], [44.09875335223912, 136.34791221101295], [44.09875335223912, 136.34791221101295], [41.1525497908004, 141.91391221080224], [39.18841408329089, 141.91391221080224], [37.224278375606914, 140.80071221084438], [36.24221052185216, 140.80071221084438], [34.278074814342645, 139.68751221088652], [33.29600696058789, 139.68751221088652], [34.278074814342645, 135.2347122106596], [31.33187125290392, 135.2347122106596], [32.31393910665868, 131.89511221078604], [39.18841408329089, 133.0083122107439]]]}, "properties": {"id": 91, "height_m": 11.2, "levels": null, "category": "residencial", "extrude": true, "manzana_id": 0}}, {"type": "Feature", "geometry": {"type": "Polygon", "coordinates": [[[51.955296182626086, 109.63111221083793], [52.93736403638085, 109.63111221083793], [54.90149974389036, 109.63111221083793], [55.88356759764512, 109.63111221083793], [62.758042574277326, 109.63111221083793], [62.758042574277326, 109.63111221083793], [61.77597472052257, 114.08391221066935], [61.77597472052257, 116.31031221098056], [61.77597472052257, 118.53671221089627], [61.77597472052257, 121.87631221076984], [60.79390686676781, 121.87631221076984], [52.93736403638085, 119.64991221085413], [49.009092621187364, 118.53671221089627], [48.02702476743261, 115.1971122110227], [47.04495691367785, 109.63111221083793], [47.04495691367785, 109.63111221083793], [49.99116047494212, 109.63111221083793], [51.955296182626086, 109.63111221083793]]]}, "properties": {"id": 92, "height_m": 8.5, "levels": null, "category": "residencial", "extrude": true, "manzana_id": 0}}, {"type": "Feature", "geometry": {"type": "Polygon", "coordinates": [[[49.009092621187364, 120.76311221081198], [49.009092621187364, 118.53671221089627], [49.009092621187364, 118.53671221089627], [52.93736403638085, 119.64991221085413], [60.79390686676781, 121.87631221076984], [57.847703305329084, 131.89511221078604], [54.90149974389036, 130.78191221082818], [52.93736403638085, 130.78191221082818], [52.93736403638085, 130.78191221082818], [49.99116047494212, 129.66871221087032], [48.02702476743261, 128.55551221091247], [48.02702476743261, 128.55551221091247], [48.02702476743261, 128.55551221091247], [48.02702476743261, 124.10271221068555], [49.009092621187364, 120.76311221081198]]]}, "properties": {"id": 93, "height_m": 8.2, "levels": null, "category": "residencial", "extrude": true, "manzana_id": 0}}, {"type": "Feature", "geometry": {"type": "Polygon", "coordinates": [[[62.758042574277326, 120.76311221081198], [63.74011042803208, 118.53671221089627], [64.72217828178684, 110.74431221079578], [68.65044969698032, 111.85751221075364], [73.56078896592857, 111.85751221075364], [69.63251755073509, 125.21591221064341], [66.6863139894708, 124.10271221068555], [63.74011042803208, 122.9895122107277], [62.758042574277326, 122.9895122107277], [62.758042574277326, 120.76311221081198]]]}, "properties": {"id": 94, "height_m": 6.5, "levels": null, "category": "residencial", "extrude": true, "manzana_id": 0}}, {"type": "Feature", "geometry": {"type": "Polygon", "coordinates": [[[74.54285681985778, 110.74431221079578], [74.54285681985778, 109.63111221083793], [80.43526394256077, 110.74431221079578], [80.43526394256077, 111.85751221075364], [79.45319608880601, 116.31031221098056], [79.45319608880601, 118.53671221089627], [78.4711282348768, 120.76311221081198], [76.50699252736729, 119.64991221085413], [76.50699252736729, 119.64991221085413], [75.52492467361253, 122.9895122107277], [77.48906038112204, 124.10271221068555], [77.48906038112204, 125.21591221064341], [76.50699252736729, 128.55551221091247], [73.56078896592857, 127.44231221095461], [69.63251755073509, 126.32911221099675], [69.63251755073509, 125.21591221064341], [73.56078896592857, 111.85751221075364], [74.54285681985778, 110.74431221079578]]]}, "properties": {"id": 95, "height_m": 7.7, "levels": null, "category": "residencial", "extrude": true, "manzana_id": 0}}, {"type": "Feature", "geometry": {"type": "Polygon", "coordinates": [[[84.36353535775426, 114.08391221066935], [92.22007818796676, 116.31031221098056], [92.22007818796676, 116.31031221098056], [91.238010334212, 118.53671221089627], [91.238010334212, 120.76311221081198], [90.25594248045725, 121.87631221076984], [90.25594248045725, 121.87631221076984], [87.30973891901853, 120.76311221081198], [84.36353535775426, 120.76311221081198], [85.34560321150902, 119.64991221085413], [83.38146750382505, 118.53671221089627], [82.39939965007028, 119.64991221085413], [79.45319608880601, 118.53671221089627], [79.45319608880601, 116.31031221098056], [80.43526394256077, 111.85751221075364], [85.34560321150902, 112.9707122107115], [85.34560321150902, 112.9707122107115], [84.36353535775426, 114.08391221066935], [84.36353535775426, 114.08391221066935]]]}, "properties": {"id": 96, "height_m": 6.5, "levels": null, "category": "residencial", "extrude": true, "manzana_id": 0}}, {"type": "Feature", "geometry": {"type": "Polygon", "coordinates": [[[78.4711282348768, 129.66871221087032], [76.50699252736729, 128.55551221091247], [77.48906038112204, 125.21591221064341], [77.48906038112204, 124.10271221068555], [78.4711282348768, 120.76311221081198], [79.45319608880601, 118.53671221089627], [82.39939965007028, 119.64991221085413], [84.36353535775426, 120.76311221081198], [87.30973891901853, 120.76311221081198], [90.25594248045725, 121.87631221076984], [89.2738746267025, 124.10271221068555], [89.2738746267025, 125.21591221064341], [87.30973891901853, 125.21591221064341], [83.38146750382505, 122.9895122107277], [82.39939965007028, 126.32911221099675], [86.32767106526377, 127.44231221095461], [84.36353535775426, 131.89511221078604], [78.4711282348768, 129.66871221087032]]]}, "properties": {"id": 97, "height_m": 11.3, "levels": null, "category": "residencial", "extrude": true, "manzana_id": 0}}, {"type": "Feature", "geometry": {"type": "Polygon", "coordinates": [[[85.34560321150902, 131.89511221078604], [84.36353535775426, 131.89511221078604], [86.32767106526377, 127.44231221095461], [87.30973891901853, 125.21591221064341], [89.2738746267025, 125.21591221064341], [89.2738746267025, 126.32911221099675], [89.2738746267025, 126.32911221099675], [89.2738746267025, 126.32911221099675], [90.25594248045725, 126.32911221099675], [91.238010334212, 126.32911221099675], [90.25594248045725, 128.55551221091247], [89.2738746267025, 133.0083122107439], [88.29180677277328, 133.0083122107439], [85.34560321150902, 131.89511221078604]]]}, "properties": {"id": 98, "height_m": 11.6, "levels": null, "category": "residencial", "extrude": true, "manzana_id": 0}}, {"type": "Feature", "geometry": {"type": "Polygon", "coordinates": [[[99.09455316459898, 117.42351221093841], [101.05868887210849, 118.53671221089627], [102.04075672586325, 119.64991221085413], [104.00489243354721, 120.76311221081198], [104.98696028730197, 121.87631221076984], [105.96902814105673, 122.9895122107277], [105.96902814105673, 122.9895122107277], [104.98696028730197, 125.21591221064341], [104.98696028730197, 126.32911221099675], [102.04075672586325, 125.21591221064341], [102.04075672586325, 125.21591221064341], [98.11248531084422, 124.10271221068555], [92.22007818796676, 122.9895122107277], [94.18421389565073, 117.42351221093841], [95.16628174940548, 115.1971122110227], [96.14834960316024, 116.31031221098056], [99.09455316459898, 117.42351221093841], [99.09455316459898, 117.42351221093841]]]}, "properties": {"id": 99, "height_m": 9.2, "levels": null, "category": "residencial", "extrude": true, "manzana_id": 0}}, {"type": "Feature", "geometry": {"type": "Polygon", "coordinates": [[[90.25594248045725, 128.55551221091247], [91.238010334212, 126.32911221099675], [91.238010334212, 125.21591221064341], [92.22007818796676, 122.9895122107277], [98.11248531084422, 124.10271221068555], [102.04075672586325, 125.21591221064341], [102.04075672586325, 125.21591221064341], [104.98696028730197, 126.32911221099675], [103.02282457979246, 135.2347122106596], [102.04075672586325, 137.4611122109708], [101.05868887210849, 137.4611122109708], [97.13041745691501, 135.2347122106596], [95.16628174940548, 135.2347122106596], [94.18421389565073, 134.12151221070175], [91.238010334212, 134.12151221070175], [89.2738746267025, 133.0083122107439], [90.25594248045725, 128.55551221091247]]]}, "properties": {"id": 100, "height_m": 5.8, "levels": null, "category": "residencial", "extrude": true, "manzana_id": 0}}, {"type": "Feature", "geometry": {"type": "Polygon", "coordinates": [[[87.30973891901853, 136.34791221101295], [88.29180677277328, 133.0083122107439], [89.2738746267025, 133.0083122107439], [91.238010334212, 134.12151221070175], [94.18421389565073, 134.12151221070175], [95.16628174940548, 135.2347122106596], [97.13041745691501, 135.2347122106596], [96.14834960316024, 137.4611122109708], [102.04075672586325, 139.68751221088652], [99.09455316459898, 144.14031221071795], [97.13041745691501, 146.36671221102915], [97.13041745691501, 146.36671221102915], [96.14834960316024, 145.2535122106758], [96.14834960316024, 145.2535122106758], [93.20214604189597, 144.14031221071795], [90.25594248045725, 143.0271122107601], [85.34560321150902, 141.91391221080224], [85.34560321150902, 141.91391221080224], [81.41733179631552, 140.80071221084438], [77.48906038112204, 139.68751221088652], [76.50699252736729, 138.57431221092867], [74.54285681985778, 138.57431221092867], [75.52492467361253, 131.89511221078604], [77.48906038112204, 133.0083122107439], [78.4711282348768, 129.66871221087032], [84.36353535775426, 131.89511221078604], [85.34560321150902, 131.89511221078604], [83.38146750382505, 135.2347122106596], [87.30973891901853, 136.34791221101295]]]}, "properties": {"id": 101, "height_m": 10.9, "levels": null, "category": "residencial", "extrude": true, "manzana_id": 0}}, {"type": "Feature", "geometry": {"type": "Polygon", "coordinates": [[[81.41733179631552, 140.80071221084438], [85.34560321150902, 141.91391221080224], [85.34560321150902, 141.91391221080224], [90.25594248045725, 143.0271122107601], [89.2738746267025, 144.14031221071795], [93.20214604189597, 146.36671221102915], [93.20214604189597, 144.14031221071795], [96.14834960316024, 145.2535122106758], [95.16628174940548, 147.479912210987], [95.16628174940548, 147.479912210987], [94.18421389565073, 147.479912210987], [93.20214604189597, 148.59311221094487], [92.22007818796676, 148.59311221094487], [91.238010334212, 149.70631221090272], [90.25594248045725, 150.81951221086058], [89.2738746267025, 150.81951221086058], [87.30973891901853, 151.93271221081844], [83.38146750382505, 150.81951221086058], [82.39939965007028, 150.81951221086058], [78.4711282348768, 148.59311221094487], [75.52492467361253, 147.479912210987], [76.50699252736729, 146.36671221102915], [77.48906038112204, 139.68751221088652], [81.41733179631552, 140.80071221084438]]]}, "properties": {"id": 102, "height_m": 10.6, "levels": null, "category": "residencial", "extrude": true, "manzana_id": 0}}, {"type": "Feature", "geometry": {"type": "Polygon", "coordinates": [[[61.77597472052257, 145.2535122106758], [62.758042574277326, 141.91391221080224], [66.6863139894708, 143.0271122107601], [68.65044969698032, 144.14031221071795], [68.65044969698032, 146.36671221102915], [71.59665325841905, 147.479912210987], [71.59665325841905, 147.479912210987], [72.57872111217381, 148.59311221094487], [73.56078896592857, 145.2535122106758], [76.50699252736729, 146.36671221102915], [75.52492467361253, 147.479912210987], [74.54285681985778, 150.81951221086058], [74.54285681985778, 153.0459122107763], [70.6145854046643, 151.93271221081844], [70.6145854046643, 151.93271221081844], [70.6145854046643, 149.70631221090272], [68.65044969698032, 148.59311221094487], [67.66838184322556, 150.81951221086058], [67.66838184322556, 150.81951221086058], [64.72217828178684, 149.70631221090272], [62.758042574277326, 149.70631221090272], [60.79390686676781, 148.59311221094487], [61.77597472052257, 145.2535122106758]]]}, "properties": {"id": 103, "height_m": 9.7, "levels": null, "category": "residencial", "extrude": true, "manzana_id": 0}}, {"type": "Feature", "geometry": {"type": "Polygon", "coordinates": [[[63.74011042803208, 139.68751221088652], [64.72217828178684, 135.2347122106596], [70.6145854046643, 136.34791221101295], [68.65044969698032, 141.91391221080224], [71.59665325841905, 141.91391221080224], [72.57872111217381, 137.4611122109708], [74.54285681985778, 138.57431221092867], [76.50699252736729, 138.57431221092867], [77.48906038112204, 139.68751221088652], [76.50699252736729, 146.36671221102915], [73.56078896592857, 145.2535122106758], [73.56078896592857, 145.2535122106758], [71.59665325841905, 144.14031221071795], [68.65044969698032, 144.14031221071795], [66.6863139894708, 143.0271122107601], [62.758042574277326, 141.91391221080224], [62.758042574277326, 140.80071221084438], [63.74011042803208, 139.68751221088652]]]}, "properties": {"id": 104, "height_m": 9.4, "levels": null, "category": "residencial", "extrude": true, "manzana_id": 0}}, {"type": "Feature", "geometry": {"type": "Polygon", "coordinates": [[[49.99116047494212, 129.66871221087032], [52.93736403638085, 130.78191221082818], [52.93736403638085, 130.78191221082818], [54.90149974389036, 130.78191221082818], [57.847703305329084, 131.89511221078604], [58.82977115908384, 133.0083122107439], [59.811839012838604, 133.0083122107439], [61.77597472052257, 134.12151221070175], [59.811839012838604, 141.91391221080224], [55.88356759764512, 139.68751221088652], [52.93736403638085, 139.68751221088652], [52.93736403638085, 139.68751221088652], [49.99116047494212, 138.57431221092867], [48.02702476743261, 137.4611122109708], [46.06288905974864, 137.4611122109708], [44.09875335223912, 136.34791221101295], [45.08082120599388, 135.2347122106596], [47.04495691367785, 130.78191221082818], [48.02702476743261, 128.55551221091247], [49.99116047494212, 129.66871221087032]]]}, "properties": {"id": 105, "height_m": 11.5, "levels": null, "category": "residencial", "extrude": true, "manzana_id": 0}}, {"type": "Feature", "geometry": {"type": "Polygon", "coordinates": [[[49.99116047494212, 138.57431221092867], [52.93736403638085, 139.68751221088652], [52.93736403638085, 139.68751221088652], [55.88356759764512, 139.68751221088652], [59.811839012838604, 141.91391221080224], [58.82977115908384, 144.14031221071795], [58.82977115908384, 145.2535122106758], [58.82977115908384, 145.2535122106758], [57.847703305329084, 147.479912210987], [53.919431890135606, 146.36671221102915], [53.919431890135606, 146.36671221102915], [48.02702476743261, 145.2535122106758], [44.09875335223912, 144.14031221071795], [42.134617644555156, 143.0271122107601], [40.17048193704564, 143.0271122107601], [41.1525497908004, 141.91391221080224], [44.09875335223912, 136.34791221101295], [44.09875335223912, 136.34791221101295], [46.06288905974864, 137.4611122109708], [48.02702476743261, 137.4611122109708], [49.99116047494212, 138.57431221092867]]]}, "properties": {"id": 106, "height_m": 6.5, "levels": null, "category": "residencial", "extrude": true, "manzana_id": 0}}, {"type": "Feature", "geometry": {"type": "Polygon", "coordinates": [[[53.919431890135606, 146.36671221102915], [57.847703305329084, 147.479912210987], [55.88356759764512, 153.0459122107763], [55.88356759764512, 154.15911221073415], [54.90149974389036, 155.272312210692], [49.99116047494212, 154.15911221073415], [46.06288905974864, 153.0459122107763], [47.04495691367785, 148.59311221094487], [48.02702476743261, 145.2535122106758], [53.919431890135606, 146.36671221102915], [53.919431890135606, 146.36671221102915]]]}, "properties": {"id": 107, "height_m": 8.5, "levels": null, "category": "residencial", "extrude": true, "manzana_id": 0}}, {"type": "Feature", "geometry": {"type": "Polygon", "coordinates": [[[43.116685498484365, 147.479912210987], [44.09875335223912, 144.14031221071795], [48.02702476743261, 145.2535122106758], [47.04495691367785, 148.59311221094487], [46.06288905974864, 153.0459122107763], [46.06288905974864, 153.0459122107763], [42.134617644555156, 151.93271221081844], [42.134617644555156, 150.81951221086058], [43.116685498484365, 147.479912210987]]]}, "properties": {"id": 108, "height_m": 11.6, "levels": null, "category": "residencial", "extrude": true, "manzana_id": 0}}, {"type": "Feature", "geometry": {"type": "Polygon", "coordinates": [[[37.224278375606914, 149.70631221090272], [39.18841408329089, 146.36671221102915], [40.17048193704564, 143.0271122107601], [42.134617644555156, 143.0271122107601], [44.09875335223912, 144.14031221071795], [43.116685498484365, 147.479912210987], [42.134617644555156, 150.81951221086058], [42.134617644555156, 151.93271221081844], [36.24221052185216, 149.70631221090272], [37.224278375606914, 149.70631221090272]]]}, "properties": {"id": 109, "height_m": 12.7, "levels": null, "category": "residencial", "extrude": true, "manzana_id": 0}}, {"type": "Feature", "geometry": {"type": "Polygon", "coordinates": [[[30.349803399149163, 147.479912210987], [31.33187125290392, 144.14031221071795], [32.31393910665868, 141.91391221080224], [33.29600696058789, 141.91391221080224], [34.278074814342645, 139.68751221088652], [36.24221052185216, 140.80071221084438], [37.224278375606914, 140.80071221084438], [39.18841408329089, 141.91391221080224], [41.1525497908004, 141.91391221080224], [40.17048193704564, 143.0271122107601], [39.18841408329089, 146.36671221102915], [37.224278375606914, 149.70631221090272], [36.24221052185216, 149.70631221090272], [31.33187125290392, 148.59311221094487], [30.349803399149163, 148.59311221094487], [30.349803399149163, 147.479912210987]]]}, "properties": {"id": 110, "height_m": 10.9, "levels": null, "category": "residencial", "extrude": true, "manzana_id": 0}}, {"type": "Feature", "geometry": {"type": "Polygon", "coordinates": [[[28.385667691465194, 140.80071221084438], [32.31393910665868, 141.91391221080224], [31.33187125290392, 144.14031221071795], [30.349803399149163, 147.479912210987], [30.349803399149163, 148.59311221094487], [25.43946413020092, 146.36671221102915], [26.421531983955678, 140.80071221084438], [28.385667691465194, 140.80071221084438]]]}, "properties": {"id": 111, "height_m": 10.6, "levels": null, "category": "residencial", "extrude": true, "manzana_id": 0}}, {"type": "Feature", "geometry": {"type": "Polygon", "coordinates": [[[20.529124861252683, 129.66871221087032], [21.51119271500744, 129.66871221087032], [22.493260568762196, 129.66871221087032], [24.457396276446165, 130.78191221082818], [25.43946413020092, 130.78191221082818], [25.43946413020092, 134.12151221070175], [24.457396276446165, 138.57431221092867], [21.51119271500744, 137.4611122109708], [19.547057007497923, 136.34791221101295], [18.564989153568714, 136.34791221101295], [17.582921299813957, 135.2347122106596], [15.618785592304441, 135.2347122106596], [15.618785592304441, 135.2347122106596], [14.636717738549683, 134.12151221070175], [14.636717738549683, 134.12151221070175], [15.618785592304441, 129.66871221087032], [16.6008534460592, 127.44231221095461], [19.547057007497923, 128.55551221091247], [20.529124861252683, 129.66871221087032]]]}, "properties": {"id": 112, "height_m": 7.3, "levels": null, "category": "residencial", "extrude": true, "manzana_id": 0}}, {"type": "Feature", "geometry": {"type": "Polygon", "coordinates": [[[21.51119271500744, 137.4611122109708], [24.457396276446165, 138.57431221092867], [24.457396276446165, 140.80071221084438], [24.457396276446165, 143.0271122107601], [24.457396276446165, 143.0271122107601], [23.475328422516956, 146.36671221102915], [20.529124861252683, 145.2535122106758], [18.564989153568714, 144.14031221071795], [18.564989153568714, 141.91391221080224], [19.547057007497923, 143.0271122107601], [20.529124861252683, 139.68751221088652], [19.547057007497923, 138.57431221092867], [19.547057007497923, 136.34791221101295], [21.51119271500744, 137.4611122109708]]]}, "properties": {"id": 113, "height_m": 15.4, "levels": null, "category": "residencial", "extrude": true, "manzana_id": 0}}, {"type": "Feature", "geometry": {"type": "Polygon", "coordinates": [[[12.672582030865717, 138.57431221092867], [14.636717738549683, 134.12151221070175], [15.618785592304441, 135.2347122106596], [15.618785592304441, 135.2347122106596], [15.618785592304441, 135.2347122106596], [17.582921299813957, 135.2347122106596], [18.564989153568714, 136.34791221101295], [19.547057007497923, 136.34791221101295], [19.547057007497923, 138.57431221092867], [18.564989153568714, 140.80071221084438], [18.564989153568714, 141.91391221080224], [18.564989153568714, 144.14031221071795], [11.690514177110959, 141.91391221080224], [12.672582030865717, 138.57431221092867]]]}, "properties": {"id": 114, "height_m": 11.0, "levels": null, "category": "residencial", "extrude": true, "manzana_id": 0}}, {"type": "Feature", "geometry": {"type": "Polygon", "coordinates": [[[8.744310615672235, 141.91391221080224], [7.762242761917477, 140.80071221084438], [11.690514177110959, 128.55551221091247], [12.672582030865717, 128.55551221091247], [15.618785592304441, 129.66871221087032], [14.636717738549683, 134.12151221070175], [11.690514177110959, 133.0083122107439], [11.690514177110959, 135.2347122106596], [12.672582030865717, 135.2347122106596], [10.7084463233562, 141.91391221080224], [8.744310615672235, 141.91391221080224]]]}, "properties": {"id": 115, "height_m": 14.3, "levels": null, "category": "residencial", "extrude": true, "manzana_id": 0}}, {"type": "Feature", "geometry": {"type": "Polygon", "coordinates": [[[5.798107054407962, 126.32911221099675], [8.744310615672235, 127.44231221095461], [8.744310615672235, 127.44231221095461], [11.690514177110959, 128.55551221091247], [7.762242761917477, 140.80071221084438], [-2.0584357759790026, 138.57431221092867], [-0.09430006846948685, 131.89511221078604], [1.8698356392144793, 125.21591221064341], [2.851903492969237, 125.21591221064341], [4.816039200478754, 126.32911221099675], [5.798107054407962, 126.32911221099675]]]}, "properties": {"id": 116, "height_m": 6.2, "levels": null, "category": "residencial", "extrude": true, "manzana_id": 0}}, {"type": "Feature", "geometry": {"type": "Polygon", "coordinates": [[[-5.004639337417727, 127.44231221095461], [-5.004639337417727, 126.32911221099675], [-6.968775044927243, 126.32911221099675], [-7.950842898682001, 125.21591221064341], [-6.968775044927243, 122.9895122107277], [-6.968775044927243, 122.9895122107277], [-5.986707191172485, 124.10271221068555], [-5.986707191172485, 124.10271221068555], [-3.040503629733761, 124.10271221068555], [1.8698356392144793, 125.21591221064341], [-0.09430006846948685, 131.89511221078604], [-2.0584357759790026, 138.57431221092867], [-7.950842898682001, 137.4611122109708], [-5.004639337417727, 127.44231221095461]]]}, "properties": {"id": 117, "height_m": 4.7, "levels": null, "category": "residencial", "extrude": true, "manzana_id": 0}}, {"type": "Feature", "geometry": {"type": "Polygon", "coordinates": [[[-15.807385729068965, 131.89511221078604], [-15.807385729068965, 131.89511221078604], [-15.807385729068965, 131.89511221078604], [-14.825317875314207, 125.21591221064341], [-14.825317875314207, 125.21591221064341], [-12.861182167630242, 126.32911221099675], [-12.861182167630242, 124.10271221068555], [-14.825317875314207, 124.10271221068555], [-13.843250021559449, 121.87631221076984], [-13.843250021559449, 121.87631221076984], [-11.879114313875483, 121.87631221076984], [-8.932910752611209, 122.9895122107277], [-8.932910752611209, 122.9895122107277], [-8.932910752611209, 122.9895122107277], [-7.950842898682001, 117.42351221093841], [-7.950842898682001, 117.42351221093841], [-6.968775044927243, 117.42351221093841], [-5.986707191172485, 118.53671221089627], [-5.986707191172485, 118.53671221089627], [-5.986707191172485, 118.53671221089627], [-5.986707191172485, 120.76311221081198], [-6.968775044927243, 122.9895122107277], [-6.968775044927243, 122.9895122107277], [-7.950842898682001, 125.21591221064341], [-7.950842898682001, 126.32911221099675], [-6.968775044927243, 126.32911221099675], [-7.950842898682001, 127.44231221095461], [-7.950842898682001, 127.44231221095461], [-8.932910752611209, 130.78191221082818], [-11.879114313875483, 129.66871221087032], [-11.879114313875483, 131.89511221078604], [-8.932910752611209, 131.89511221078604], [-9.914978606365967, 136.34791221101295], [-10.897046460120725, 136.34791221101295], [-13.843250021559449, 135.2347122106596], [-14.825317875314207, 135.2347122106596], [-16.78945358282372, 135.2347122106596], [-15.807385729068965, 131.89511221078604]]]}, "properties": {"id": 118, "height_m": 9.1, "levels": null, "category": "residencial", "extrude": true, "manzana_id": 0}}, {"type": "Feature", "geometry": {"type": "Polygon", "coordinates": [[[-22.681860705701173, 134.12151221070175], [-26.610132120720202, 133.0083122107439], [-25.628064266965445, 127.44231221095461], [-25.628064266965445, 127.44231221095461], [-20.717724998017204, 128.55551221091247], [-20.717724998017204, 128.55551221091247], [-20.717724998017204, 130.78191221082818], [-21.699792851771964, 134.12151221070175], [-22.681860705701173, 134.12151221070175]]]}, "properties": {"id": 119, "height_m": 14.0, "levels": null, "category": "residencial", "extrude": true, "manzana_id": 0}}, {"type": "Feature", "geometry": {"type": "Polygon", "coordinates": [[[-38.39494636630065, 126.32911221099675], [-38.39494636630065, 124.10271221068555], [-32.50253924359765, 125.21591221064341], [-32.50253924359765, 127.44231221095461], [-33.48460709735241, 130.78191221082818], [-39.37701422005541, 129.66871221087032], [-39.37701422005541, 127.44231221095461], [-38.39494636630065, 126.32911221099675]]]}, "properties": {"id": 120, "height_m": 11.6, "levels": null, "category": "residencial", "extrude": true, "manzana_id": 0}}, {"type": "Feature", "geometry": {"type": "Polygon", "coordinates": [[[-20.717724998017204, 130.78191221082818], [-20.717724998017204, 128.55551221091247], [-20.717724998017204, 128.55551221091247], [-20.717724998017204, 126.32911221099675], [-19.735657144262447, 122.9895122107277], [-19.735657144262447, 120.76311221081198], [-13.843250021559449, 121.87631221076984], [-14.825317875314207, 124.10271221068555], [-14.825317875314207, 124.10271221068555], [-15.807385729068965, 131.89511221078604], [-15.807385729068965, 131.89511221078604], [-16.78945358282372, 135.2347122106596], [-21.699792851771964, 134.12151221070175], [-20.717724998017204, 130.78191221082818]]]}, "properties": {"id": 121, "height_m": 11.2, "levels": null, "category": "residencial", "extrude": true, "manzana_id": 0}}, {"type": "Feature", "geometry": {"type": "Polygon", "coordinates": [[[24.457396276446165, 62.87671221102599], [27.403599837710438, 55.0843122109255], [30.349803399149163, 56.19751221088336], [36.24221052185216, 59.53711221075693], [33.29600696058789, 65.1031122109417], [31.33187125290392, 70.66911221073099], [27.403599837710438, 68.44271221081527], [24.457396276446165, 67.32951221085742], [22.493260568762196, 66.21631221089956], [24.457396276446165, 62.87671221102599]]]}, "properties": {"id": 122, "height_m": 8.2, "levels": null, "category": "residencial", "extrude": true, "manzana_id": 1}}, {"type": "Feature", "geometry": {"type": "Polygon", "coordinates": [[[24.457396276446165, 67.32951221085742], [27.403599837710438, 68.44271221081527], [31.33187125290392, 70.66911221073099], [30.349803399149163, 72.8955122106467], [28.385667691465194, 75.1219122109579], [20.529124861252683, 71.78231221068884], [22.493260568762196, 66.21631221089956], [24.457396276446165, 67.32951221085742]]]}, "properties": {"id": 123, "height_m": 13.5, "levels": null, "category": "residencial", "extrude": true, "manzana_id": 1}}, {"type": "Feature", "geometry": {"type": "Polygon", "coordinates": [[[17.582921299813957, 77.34831221087362], [20.529124861252683, 71.78231221068884], [28.385667691465194, 75.1219122109579], [27.403599837710438, 77.34831221087362], [26.421531983955678, 80.68791221074719], [24.457396276446165, 80.68791221074719], [22.493260568762196, 79.57471221078933], [19.547057007497923, 77.34831221087362], [17.582921299813957, 77.34831221087362]]]}, "properties": {"id": 124, "height_m": 11.2, "levels": null, "category": "residencial", "extrude": true, "manzana_id": 1}}, {"type": "Feature", "geometry": {"type": "Polygon", "coordinates": [[[20.529124861252683, 85.1407122109741], [15.618785592304441, 81.80111221070504], [17.582921299813957, 77.34831221087362], [19.547057007497923, 77.34831221087362], [22.493260568762196, 79.57471221078933], [24.457396276446165, 80.68791221074719], [26.421531983955678, 80.68791221074719], [23.475328422516956, 86.25391221093196], [20.529124861252683, 85.1407122109741]]]}, "properties": {"id": 125, "height_m": 11.4, "levels": null, "category": "residencial", "extrude": true, "manzana_id": 1}}, {"type": "Feature", "geometry": {"type": "Polygon", "coordinates": [[[20.529124861252683, 85.1407122109741], [23.475328422516956, 86.25391221093196], [21.51119271500744, 91.81991221072124], [19.547057007497923, 89.59351221080553], [18.564989153568714, 89.59351221080553], [19.547057007497923, 88.48031221084767], [18.564989153568714, 87.36711221088981], [16.6008534460592, 86.25391221093196], [15.618785592304441, 87.36711221088981], [13.654649884620476, 86.25391221093196], [15.618785592304441, 81.80111221070504], [20.529124861252683, 85.1407122109741]]]}, "properties": {"id": 126, "height_m": 15.2, "levels": null, "category": "residencial", "extrude": true, "manzana_id": 1}}, {"type": "Feature", "geometry": {"type": "Polygon", "coordinates": [[[19.547057007497923, 89.59351221080553], [21.51119271500744, 91.81991221072124], [18.564989153568714, 96.27271221094816], [16.6008534460592, 94.04631221063696], [14.636717738549683, 92.9331122106791], [11.690514177110959, 89.59351221080553], [13.654649884620476, 86.25391221093196], [15.618785592304441, 87.36711221088981], [18.564989153568714, 89.59351221080553], [19.547057007497923, 89.59351221080553]]]}, "properties": {"id": 127, "height_m": 11.8, "levels": null, "category": "residencial", "extrude": true, "manzana_id": 1}}, {"type": "Feature", "geometry": {"type": "Polygon", "coordinates": [[[9.726378469426994, 91.81991221072124], [11.690514177110959, 89.59351221080553], [14.636717738549683, 92.9331122106791], [16.6008534460592, 94.04631221063696], [18.564989153568714, 96.27271221094816], [15.618785592304441, 102.9519122106953], [13.654649884620476, 102.9519122106953], [13.654649884620476, 101.83871221073744], [12.672582030865717, 101.83871221073744], [9.726378469426994, 99.61231221082173], [9.726378469426994, 100.72551221077958], [6.780174908162719, 96.27271221094816], [9.726378469426994, 91.81991221072124]]]}, "properties": {"id": 128, "height_m": 8.1, "levels": null, "category": "residencial", "extrude": true, "manzana_id": 1}}, {"type": "Feature", "geometry": {"type": "Polygon", "coordinates": [[[9.726378469426994, 100.72551221077958], [9.726378469426994, 101.83871221073744], [9.726378469426994, 101.83871221073744], [9.726378469426994, 102.9519122106953], [13.654649884620476, 102.9519122106953], [15.618785592304441, 102.9519122106953], [14.636717738549683, 105.1783122110065], [10.7084463233562, 105.1783122110065], [2.851903492969237, 106.29151221096436], [1.8698356392144793, 101.83871221073744], [1.8698356392144793, 97.38591221090601], [6.780174908162719, 96.27271221094816], [9.726378469426994, 100.72551221077958]]]}, "properties": {"id": 129, "height_m": 5.9, "levels": null, "category": "residencial", "extrude": true, "manzana_id": 1}}, {"type": "Feature", "geometry": {"type": "Polygon", "coordinates": [[[26.421531983955678, 35.046712210893105], [26.421531983955678, 30.59391221066619], [33.29600696058789, 32.82031221097739], [36.24221052185216, 41.725912210640246], [31.33187125290392, 41.725912210640246], [23.475328422516956, 42.83911221099359], [22.493260568762196, 39.49951221072453], [22.493260568762196, 38.386312210766675], [22.493260568762196, 36.15991221085096], [26.421531983955678, 35.046712210893105]]]}, "properties": {"id": 130, "height_m": 10.9, "levels": null, "category": "residencial", "extrude": true, "manzana_id": 1}}, {"type": "Feature", "geometry": {"type": "Polygon", "coordinates": [[[30.349803399149163, 42.83911221099359], [31.33187125290392, 41.725912210640246], [36.24221052185216, 41.725912210640246], [38.20634622953612, 45.065512210909304], [39.18841408329089, 49.51831221074073], [39.18841408329089, 50.63151221069859], [38.20634622953612, 55.0843122109255], [33.29600696058789, 53.97111221096765], [29.367735545394403, 51.744712210656445], [24.457396276446165, 50.63151221069859], [23.475328422516956, 42.83911221099359], [30.349803399149163, 42.83911221099359]]]}, "properties": {"id": 131, "height_m": 8.8, "levels": null, "category": "residencial", "extrude": true, "manzana_id": 1}}, {"type": "Feature", "geometry": {"type": "Polygon", "coordinates": [[[15.618785592304441, 20.57511221064999], [18.564989153568714, 17.23551221077642], [20.529124861252683, 15.009112210860707], [25.43946413020092, 18.348712210734277], [28.385667691465194, 20.57511221064999], [25.43946413020092, 25.027912210876906], [17.582921299813957, 25.027912210876906], [13.654649884620476, 25.027912210876906], [15.618785592304441, 20.57511221064999]]]}, "properties": {"id": 132, "height_m": 7.6, "levels": null, "category": "residencial", "extrude": true, "manzana_id": 1}}, {"type": "Feature", "geometry": {"type": "Polygon", "coordinates": [[[87.30973891901853, -20.613287788977175], [92.22007818796676, -20.613287788977175], [92.22007818796676, -15.047287789187891], [90.25594248045725, -15.047287789187891], [87.30973891901853, -15.047287789187891], [80.43526394256077, -16.160487789145748], [80.43526394256077, -21.72648778933052], [87.30973891901853, -20.613287788977175]]]}, "properties": {"id": 133, "height_m": 11.2, "levels": null, "category": "residencial", "extrude": true, "manzana_id": 1}}, {"type": "Feature", "geometry": {"type": "Polygon", "coordinates": [[[87.30973891901853, -15.047287789187891], [90.25594248045725, -15.047287789187891], [92.22007818796676, -15.047287789187891], [91.238010334212, -10.594487789356464], [86.32767106526377, -10.594487789356464], [86.32767106526377, -10.594487789356464], [82.39939965007028, -11.70768778931432], [79.45319608880601, -11.70768778931432], [80.43526394256077, -16.160487789145748], [87.30973891901853, -15.047287789187891]]]}, "properties": {"id": 134, "height_m": 14.6, "levels": null, "category": "residencial", "extrude": true, "manzana_id": 1}}, {"type": "Feature", "geometry": {"type": "Polygon", "coordinates": [[[86.32767106526377, -10.594487789356464], [91.238010334212, -10.594487789356464], [91.238010334212, -6.1416877891295485], [86.32767106526377, -6.1416877891295485], [84.36353535775426, -6.1416877891295485], [84.36353535775426, -5.028487789171692], [81.41733179631552, -5.028487789171692], [79.45319608880601, -5.028487789171692], [79.45319608880601, -11.70768778931432], [82.39939965007028, -11.70768778931432], [86.32767106526377, -10.594487789356464], [86.32767106526377, -10.594487789356464]]]}, "properties": {"id": 135, "height_m": 10.4, "levels": null, "category": "residencial", "extrude": true, "manzana_id": 1}}, {"type": "Feature", "geometry": {"type": "Polygon", "coordinates": [[[86.32767106526377, -6.1416877891295485], [91.238010334212, -6.1416877891295485], [91.238010334212, -1.6888877892981213], [86.32767106526377, -1.6888877892981213], [79.45319608880601, -1.6888877892981213], [79.45319608880601, -5.028487789171692], [81.41733179631552, -5.028487789171692], [84.36353535775426, -5.028487789171692], [84.36353535775426, -6.1416877891295485], [86.32767106526377, -6.1416877891295485]]]}, "properties": {"id": 136, "height_m": 11.6, "levels": null, "category": "residencial", "extrude": true, "manzana_id": 1}}, {"type": "Feature", "geometry": {"type": "Polygon", "coordinates": [[[90.25594248045725, 0.5375122110130803], [90.25594248045725, 8.329912210718078], [85.34560321150902, 7.216712210760221], [81.41733179631552, 7.216712210760221], [78.4711282348768, 7.216712210760221], [79.45319608880601, -1.6888877892981213], [86.32767106526377, -1.6888877892981213], [91.238010334212, -1.6888877892981213], [90.25594248045725, 0.5375122110130803]]]}, "properties": {"id": 137, "height_m": 8.6, "levels": null, "category": "residencial", "extrude": true, "manzana_id": 1}}, {"type": "Feature", "geometry": {"type": "Polygon", "coordinates": [[[78.4711282348768, 10.55631221102928], [78.4711282348768, 7.216712210760221], [81.41733179631552, 7.216712210760221], [85.34560321150902, 7.216712210760221], [90.25594248045725, 8.329912210718078], [89.2738746267025, 12.782712210944993], [85.34560321150902, 12.782712210944993], [82.39939965007028, 12.782712210944993], [80.43526394256077, 12.782712210944993], [78.4711282348768, 12.782712210944993], [78.4711282348768, 10.55631221102928]]]}, "properties": {"id": 138, "height_m": 9.8, "levels": null, "category": "residencial", "extrude": true, "manzana_id": 1}}, {"type": "Feature", "geometry": {"type": "Polygon", "coordinates": [[[85.34560321150902, 15.009112210860707], [85.34560321150902, 12.782712210944993], [89.2738746267025, 12.782712210944993], [89.2738746267025, 15.009112210860707], [89.2738746267025, 17.23551221077642], [85.34560321150902, 17.23551221077642], [84.36353535775426, 17.23551221077642], [78.4711282348768, 17.23551221077642], [78.4711282348768, 12.782712210944993], [80.43526394256077, 12.782712210944993], [80.43526394256077, 15.009112210860707], [85.34560321150902, 15.009112210860707], [85.34560321150902, 15.009112210860707]]]}, "properties": {"id": 139, "height_m": 10.9, "levels": null, "category": "residencial", "extrude": true, "manzana_id": 1}}, {"type": "Feature", "geometry": {"type": "Polygon", "coordinates": [[[78.4711282348768, 19.461912210692134], [78.4711282348768, 17.23551221077642], [84.36353535775426, 17.23551221077642], [85.34560321150902, 17.23551221077642], [89.2738746267025, 17.23551221077642], [89.2738746267025, 21.688312211003336], [84.36353535775426, 21.688312211003336], [84.36353535775426, 19.461912210692134], [81.41733179631552, 19.461912210692134], [81.41733179631552, 22.801512210961192], [81.41733179631552, 22.801512210961192], [78.4711282348768, 22.801512210961192], [78.4711282348768, 19.461912210692134]]]}, "properties": {"id": 140, "height_m": 13.3, "levels": null, "category": "residencial", "extrude": true, "manzana_id": 1}}, {"type": "Feature", "geometry": {"type": "Polygon", "coordinates": [[[81.41733179631552, 22.801512210961192], [81.41733179631552, 22.801512210961192], [84.36353535775426, 22.801512210961192], [84.36353535775426, 21.688312211003336], [89.2738746267025, 21.688312211003336], [88.29180677277328, 27.25431221079262], [78.4711282348768, 27.25431221079262], [78.4711282348768, 22.801512210961192], [81.41733179631552, 22.801512210961192]]]}, "properties": {"id": 141, "height_m": 14.3, "levels": null, "category": "residencial", "extrude": true, "manzana_id": 1}}, {"type": "Feature", "geometry": {"type": "Polygon", "coordinates": [[[84.36353535775426, 31.707112211019535], [77.48906038112204, 31.707112211019535], [78.4711282348768, 27.25431221079262], [88.29180677277328, 27.25431221079262], [88.29180677277328, 31.707112211019535], [84.36353535775426, 31.707112211019535]]]}, "properties": {"id": 142, "height_m": 11.9, "levels": null, "category": "residencial", "extrude": true, "manzana_id": 1}}, {"type": "Feature", "geometry": {"type": "Polygon", "coordinates": [[[84.36353535775426, 31.707112211019535], [88.29180677277328, 31.707112211019535], [87.30973891901853, 37.27311221080882], [83.38146750382505, 37.27311221080882], [80.43526394256077, 37.27311221080882], [77.48906038112204, 36.15991221085096], [77.48906038112204, 31.707112211019535], [84.36353535775426, 31.707112211019535]]]}, "properties": {"id": 143, "height_m": 9.5, "levels": null, "category": "residencial", "extrude": true, "manzana_id": 1}}, {"type": "Feature", "geometry": {"type": "Polygon", "coordinates": [[[82.39939965007028, 41.725912210640246], [82.39939965007028, 40.61271221068239], [82.39939965007028, 39.49951221072453], [79.45319608880601, 39.49951221072453], [77.48906038112204, 39.49951221072453], [77.48906038112204, 36.15991221085096], [80.43526394256077, 37.27311221080882], [83.38146750382505, 37.27311221080882], [87.30973891901853, 37.27311221080882], [87.30973891901853, 41.725912210640246], [87.30973891901853, 45.065512210909304], [82.39939965007028, 45.065512210909304], [76.50699252736729, 45.065512210909304], [77.48906038112204, 41.725912210640246], [82.39939965007028, 41.725912210640246]]]}, "properties": {"id": 144, "height_m": 7.0, "levels": null, "category": "residencial", "extrude": true, "manzana_id": 1}}, {"type": "Feature", "geometry": {"type": "Polygon", "coordinates": [[[76.50699252736729, 50.63151221069859], [76.50699252736729, 47.29191221082502], [76.50699252736729, 45.065512210909304], [82.39939965007028, 45.065512210909304], [87.30973891901853, 45.065512210909304], [87.30973891901853, 47.29191221082502], [86.32767106526377, 55.0843122109255], [82.39939965007028, 55.0843122109255], [81.41733179631552, 55.0843122109255], [78.4711282348768, 55.0843122109255], [75.52492467361253, 53.97111221096765], [76.50699252736729, 50.63151221069859]]]}, "properties": {"id": 145, "height_m": 11.1, "levels": null, "category": "residencial", "extrude": true, "manzana_id": 1}}, {"type": "Feature", "geometry": {"type": "Polygon", "coordinates": [[[74.54285681985778, 57.31071221084122], [75.52492467361253, 53.97111221096765], [78.4711282348768, 55.0843122109255], [78.4711282348768, 57.31071221084122], [81.41733179631552, 57.31071221084122], [81.41733179631552, 55.0843122109255], [82.39939965007028, 55.0843122109255], [86.32767106526377, 55.0843122109255], [86.32767106526377, 57.31071221084122], [86.32767106526377, 62.87671221102599], [80.43526394256077, 61.763512210672644], [78.4711282348768, 61.763512210672644], [73.56078896592857, 61.763512210672644], [74.54285681985778, 57.31071221084122]]]}, "properties": {"id": 146, "height_m": 10.9, "levels": null, "category": "residencial", "extrude": true, "manzana_id": 1}}, {"type": "Feature", "geometry": {"type": "Polygon", "coordinates": [[[82.39939965007028, 69.55591221077313], [78.4711282348768, 67.32951221085742], [80.43526394256077, 61.763512210672644], [86.32767106526377, 62.87671221102599], [82.39939965007028, 69.55591221077313]]]}, "properties": {"id": 147, "height_m": 13.9, "levels": null, "category": "residencial", "extrude": true, "manzana_id": 1}}, {"type": "Feature", "geometry": {"type": "Polygon", "coordinates": [[[73.56078896592857, 65.1031122109417], [73.56078896592857, 65.1031122109417], [78.4711282348768, 67.32951221085742], [82.39939965007028, 69.55591221077313], [79.45319608880601, 74.00871221100005], [76.50699252736729, 71.78231221068884], [75.52492467361253, 71.78231221068884], [70.6145854046643, 68.44271221081527], [72.57872111217381, 65.1031122109417], [73.56078896592857, 65.1031122109417]]]}, "properties": {"id": 148, "height_m": 13.6, "levels": null, "category": "residencial", "extrude": true, "manzana_id": 1}}, {"type": "Feature", "geometry": {"type": "Polygon", "coordinates": [[[76.50699252736729, 71.78231221068884], [79.45319608880601, 74.00871221100005], [75.52492467361253, 81.80111221070504], [72.57872111217381, 78.46151221083147], [68.65044969698032, 74.00871221100005], [70.6145854046643, 68.44271221081527], [75.52492467361253, 71.78231221068884], [76.50699252736729, 71.78231221068884]]]}, "properties": {"id": 149, "height_m": 7.8, "levels": null, "category": "residencial", "extrude": true, "manzana_id": 1}}, {"type": "Feature", "geometry": {"type": "Polygon", "coordinates": [[[46.06288905974864, 56.19751221088336], [49.99116047494212, 58.423912210799074], [47.04495691367785, 65.1031122109417], [42.134617644555156, 61.763512210672644], [43.116685498484365, 59.53711221075693], [41.1525497908004, 59.53711221075693], [40.17048193704564, 61.763512210672644], [37.224278375606914, 60.65031221071479], [41.1525497908004, 51.744712210656445], [46.06288905974864, 56.19751221088336]]]}, "properties": {"id": 150, "height_m": 7.3, "levels": null, "category": "residencial", "extrude": true, "manzana_id": 1}}, {"type": "Feature", "geometry": {"type": "Polygon", "coordinates": [[[34.278074814342645, 67.32951221085742], [37.224278375606914, 60.65031221071479], [40.17048193704564, 61.763512210672644], [40.17048193704564, 61.763512210672644], [42.134617644555156, 61.763512210672644], [47.04495691367785, 65.1031122109417], [45.08082120599388, 69.55591221077313], [44.09875335223912, 71.78231221068884], [42.134617644555156, 75.1219122109579], [38.20634622953612, 74.00871221100005], [37.224278375606914, 72.8955122106467], [35.2601426680974, 71.78231221068884], [32.31393910665868, 70.66911221073099], [34.278074814342645, 67.32951221085742]]]}, "properties": {"id": 151, "height_m": 6.4, "levels": null, "category": "residencial", "extrude": true, "manzana_id": 1}}, {"type": "Feature", "geometry": {"type": "Polygon", "coordinates": [[[35.2601426680974, 71.78231221068884], [37.224278375606914, 72.8955122106467], [38.20634622953612, 74.00871221100005], [42.134617644555156, 75.1219122109579], [38.20634622953612, 82.9143122106629], [34.278074814342645, 80.68791221074719], [32.31393910665868, 79.57471221078933], [32.31393910665868, 79.57471221078933], [29.367735545394403, 78.46151221083147], [32.31393910665868, 70.66911221073099], [35.2601426680974, 71.78231221068884]]]}, "properties": {"id": 152, "height_m": 7.6, "levels": null, "category": "residencial", "extrude": true, "manzana_id": 1}}, {"type": "Feature", "geometry": {"type": "Polygon", "coordinates": [[[46.06288905974864, 70.66911221073099], [49.009092621187364, 66.21631221089956], [51.955296182626086, 61.763512210672644], [52.93736403638085, 60.65031221071479], [56.86563545157433, 65.1031122109417], [55.88356759764512, 66.21631221089956], [54.90149974389036, 68.44271221081527], [53.919431890135606, 68.44271221081527], [51.955296182626086, 70.66911221073099], [53.919431890135606, 71.78231221068884], [55.88356759764512, 68.44271221081527], [59.811839012838604, 71.78231221068884], [54.90149974389036, 82.9143122106629], [43.116685498484365, 77.34831221087362], [46.06288905974864, 70.66911221073099]]]}, "properties": {"id": 153, "height_m": 10.1, "levels": null, "category": "residencial", "extrude": true, "manzana_id": 1}}, {"type": "Feature", "geometry": {"type": "Polygon", "coordinates": [[[62.758042574277326, 97.38591221090601], [58.82977115908384, 96.27271221094816], [55.88356759764512, 96.27271221094816], [51.955296182626086, 94.04631221063696], [52.93736403638085, 91.81991221072124], [56.86563545157433, 84.02751221101624], [58.82977115908384, 79.57471221078933], [59.811839012838604, 78.46151221083147], [62.758042574277326, 80.68791221074719], [63.74011042803208, 78.46151221083147], [67.66838184322556, 79.57471221078933], [65.70424613571605, 81.80111221070504], [67.66838184322556, 82.9143122106629], [66.6863139894708, 82.9143122106629], [64.72217828178684, 89.59351221080553], [65.70424613571605, 90.70671221076338], [62.758042574277326, 97.38591221090601]]]}, "properties": {"id": 154, "height_m": 7.3, "levels": null, "category": "residencial", "extrude": true, "manzana_id": 1}}, {"type": "Feature", "geometry": {"type": "Polygon", "coordinates": [[[41.1525497908004, 80.68791221074719], [43.116685498484365, 77.34831221087362], [54.90149974389036, 82.9143122106629], [50.97322832869688, 90.70671221076338], [46.06288905974864, 88.48031221084767], [46.06288905974864, 88.48031221084767], [44.09875335223912, 87.36711221088981], [41.1525497908004, 85.1407122109741], [39.18841408329089, 85.1407122109741], [40.17048193704564, 82.9143122106629], [41.1525497908004, 80.68791221074719]]]}, "properties": {"id": 155, "height_m": 8.0, "levels": null, "category": "residencial", "extrude": true, "manzana_id": 1}}, {"type": "Feature", "geometry": {"type": "Polygon", "coordinates": [[[47.04495691367785, 98.49911221086387], [42.134617644555156, 96.27271221094816], [46.06288905974864, 88.48031221084767], [50.97322832869688, 90.70671221076338], [47.04495691367785, 98.49911221086387]]]}, "properties": {"id": 156, "height_m": 15.2, "levels": null, "category": "residencial", "extrude": true, "manzana_id": 1}}, {"type": "Feature", "geometry": {"type": "Polygon", "coordinates": [[[32.31393910665868, 100.72551221077958], [35.2601426680974, 95.1595122109903], [35.2601426680974, 92.9331122106791], [41.1525497908004, 96.27271221094816], [42.134617644555156, 96.27271221094816], [47.04495691367785, 98.49911221086387], [46.06288905974864, 100.72551221077958], [45.08082120599388, 100.72551221077958], [41.1525497908004, 100.72551221077958], [41.1525497908004, 101.83871221073744], [39.18841408329089, 101.83871221073744], [38.20634622953612, 100.72551221077958], [38.20634622953612, 101.83871221073744], [37.224278375606914, 101.83871221073744], [35.2601426680974, 100.72551221077958], [35.2601426680974, 101.83871221073744], [34.278074814342645, 101.83871221073744], [32.31393910665868, 100.72551221077958]]]}, "properties": {"id": 157, "height_m": 7.4, "levels": null, "category": "residencial", "extrude": true, "manzana_id": 1}}, {"type": "Feature", "geometry": {"type": "Polygon", "coordinates": [[[32.31393910665868, 79.57471221078933], [34.278074814342645, 80.68791221074719], [38.20634622953612, 82.9143122106629], [34.278074814342645, 92.9331122106791], [30.349803399149163, 90.70671221076338], [30.349803399149163, 90.70671221076338], [24.457396276446165, 88.48031221084767], [29.367735545394403, 78.46151221083147], [32.31393910665868, 79.57471221078933], [32.31393910665868, 79.57471221078933]]]}, "properties": {"id": 158, "height_m": 10.3, "levels": null, "category": "residencial", "extrude": true, "manzana_id": 1}}, {"type": "Feature", "geometry": {"type": "Polygon", "coordinates": [[[30.349803399149163, 90.70671221076338], [30.349803399149163, 90.70671221076338], [34.278074814342645, 92.9331122106791], [32.31393910665868, 96.27271221094816], [31.33187125290392, 98.49911221086387], [27.403599837710438, 96.27271221094816], [28.385667691465194, 95.1595122109903], [25.43946413020092, 94.04631221063696], [24.457396276446165, 95.1595122109903], [22.493260568762196, 94.04631221063696], [24.457396276446165, 88.48031221084767], [30.349803399149163, 90.70671221076338]]]}, "properties": {"id": 159, "height_m": 7.3, "levels": null, "category": "residencial", "extrude": true, "manzana_id": 1}}, {"type": "Feature", "geometry": {"type": "Polygon", "coordinates": [[[18.564989153568714, 101.83871221073744], [19.547057007497923, 99.61231221082173], [21.51119271500744, 99.61231221082173], [21.51119271500744, 100.72551221077958], [23.475328422516956, 100.72551221077958], [23.475328422516956, 100.72551221077958], [26.421531983955678, 101.83871221073744], [29.367735545394403, 102.9519122106953], [28.385667691465194, 106.29151221096436], [24.457396276446165, 106.29151221096436], [21.51119271500744, 105.1783122110065], [16.6008534460592, 105.1783122110065], [18.564989153568714, 101.83871221073744], [18.564989153568714, 101.83871221073744]]]}, "properties": {"id": 160, "height_m": 15.3, "levels": null, "category": "residencial", "extrude": true, "manzana_id": 1}}, {"type": "Feature", "geometry": {"type": "Polygon", "coordinates": [[[30.349803399149163, 101.83871221073744], [29.367735545394403, 102.9519122106953], [26.421531983955678, 101.83871221073744], [23.475328422516956, 100.72551221077958], [21.51119271500744, 100.72551221077958], [19.547057007497923, 99.61231221082173], [22.493260568762196, 94.04631221063696], [24.457396276446165, 95.1595122109903], [24.457396276446165, 95.1595122109903], [27.403599837710438, 96.27271221094816], [31.33187125290392, 98.49911221086387], [30.349803399149163, 101.83871221073744]]]}, "properties": {"id": 161, "height_m": 10.7, "levels": null, "category": "residencial", "extrude": true, "manzana_id": 1}}, {"type": "Feature", "geometry": {"type": "Polygon", "coordinates": [[[29.367735545394403, -19.500087789019318], [32.31393910665868, -19.500087789019318], [30.349803399149163, -13.934087789230034], [29.367735545394403, -9.481287789003119], [25.43946413020092, -11.70768778931432], [25.43946413020092, -11.70768778931432], [23.475328422516956, -12.820887789272177], [23.475328422516956, -12.820887789272177], [16.6008534460592, -18.38688778906146], [17.582921299813957, -19.500087789019318], [19.547057007497923, -22.839687789288377], [24.457396276446165, -20.613287788977175], [29.367735545394403, -19.500087789019318]]]}, "properties": {"id": 162, "height_m": 10.4, "levels": null, "category": "residencial", "extrude": true, "manzana_id": 1}}, {"type": "Feature", "geometry": {"type": "Polygon", "coordinates": [[[25.43946413020092, -11.70768778931432], [25.43946413020092, -11.70768778931432], [29.367735545394403, -9.481287789003119], [27.403599837710438, -3.915287789213835], [26.421531983955678, -1.6888877892981213], [24.457396276446165, 0.5375122110130803], [18.564989153568714, -3.915287789213835], [17.582921299813957, -5.028487789171692], [23.475328422516956, -12.820887789272177], [23.475328422516956, -12.820887789272177], [25.43946413020092, -11.70768778931432]]]}, "properties": {"id": 163, "height_m": 8.1, "levels": null, "category": "residencial", "extrude": true, "manzana_id": 1}}, {"type": "Feature", "geometry": {"type": "Polygon", "coordinates": [[[12.672582030865717, -6.1416877891295485], [15.618785592304441, -3.915287789213835], [16.6008534460592, -3.915287789213835], [13.654649884620476, -0.5756877893402645], [12.672582030865717, -1.6888877892981213], [11.690514177110959, -0.5756877893402645], [10.7084463233562, -1.6888877892981213], [9.726378469426994, -2.802087789255978], [6.780174908162719, -0.5756877893402645], [4.816039200478754, -1.6888877892981213], [3.8339713467239953, -2.802087789255978], [0.8877677854597213, -5.028487789171692], [-3.040503629733761, -7.254887789087405], [-1.0763679222242448, -9.481287789003119], [3.8339713467239953, -15.047287789187891], [6.780174908162719, -11.70768778931432], [11.690514177110959, -8.368087789045262], [12.672582030865717, -6.1416877891295485]]]}, "properties": {"id": 164, "height_m": 10.1, "levels": null, "category": "residencial", "extrude": true, "manzana_id": 1}}, {"type": "Feature", "geometry": {"type": "Polygon", "coordinates": [[[-5.986707191172485, -5.028487789171692], [-5.004639337417727, -6.1416877891295485], [-3.040503629733761, -7.254887789087405], [0.8877677854597213, -5.028487789171692], [3.8339713467239953, -2.802087789255978], [3.8339713467239953, -1.6888877892981213], [4.816039200478754, -1.6888877892981213], [6.780174908162719, -0.5756877893402645], [4.816039200478754, 1.6507122109709371], [0.8877677854597213, 4.9903122108445075], [-4.022571483662969, 1.6507122109709371], [-8.932910752611209, -2.802087789255978], [-5.986707191172485, -5.028487789171692]]]}, "properties": {"id": 165, "height_m": 9.9, "levels": null, "category": "residencial", "extrude": true, "manzana_id": 1}}, {"type": "Feature", "geometry": {"type": "Polygon", "coordinates": [[[38.20634622953612, -33.97168778926243], [32.31393910665868, -28.40568778907766], [28.385667691465194, -27.292487789119804], [28.385667691465194, -33.97168778926243], [28.385667691465194, -37.311287789136], [35.2601426680974, -37.311287789136], [39.18841408329089, -37.311287789136], [38.20634622953612, -35.08488778922029], [38.20634622953612, -33.97168778926243]]]}, "properties": {"id": 166, "height_m": 7.2, "levels": null, "category": "residencial", "extrude": true, "manzana_id": 1}}, {"type": "Feature", "geometry": {"type": "Polygon", "coordinates": [[[28.385667691465194, -46.216887789194345], [35.2601426680974, -46.216887789194345], [39.18841408329089, -46.216887789194345], [39.18841408329089, -37.311287789136], [35.2601426680974, -37.311287789136], [28.385667691465194, -37.311287789136], [28.385667691465194, -46.216887789194345]]]}, "properties": {"id": 167, "height_m": 9.4, "levels": null, "category": "residencial", "extrude": true, "manzana_id": 1}}, {"type": "Feature", "geometry": {"type": "Polygon", "coordinates": [[[31.33187125290392, -55.12248778925269], [33.29600696058789, -55.12248778925269], [35.2601426680974, -55.12248778925269], [39.18841408329089, -55.12248778925269], [39.18841408329089, -46.216887789194345], [35.2601426680974, -46.216887789194345], [28.385667691465194, -46.216887789194345], [27.403599837710438, -51.78288778898363], [27.403599837710438, -55.12248778925269], [30.349803399149163, -55.12248778925269], [31.33187125290392, -55.12248778925269]]]}, "properties": {"id": 168, "height_m": 8.9, "levels": null, "category": "residencial", "extrude": true, "manzana_id": 1}}, {"type": "Feature", "geometry": {"type": "Polygon", "coordinates": [[[30.349803399149163, -61.80168778899983], [33.29600696058789, -61.80168778899983], [33.29600696058789, -61.80168778899983], [33.29600696058789, -59.575287789084115], [33.29600696058789, -57.3488877891684], [33.29600696058789, -55.12248778925269], [31.33187125290392, -55.12248778925269], [30.349803399149163, -55.12248778925269], [27.403599837710438, -55.12248778925269], [27.403599837710438, -58.46208778912626], [26.421531983955678, -61.80168778899983], [30.349803399149163, -61.80168778899983]]]}, "properties": {"id": 169, "height_m": 11.8, "levels": null, "category": "residencial", "extrude": true, "manzana_id": 1}}, {"type": "Feature", "geometry": {"type": "Polygon", "coordinates": [[[30.349803399149163, -70.70728778905817], [33.29600696058789, -70.70728778905817], [33.29600696058789, -66.25448778922674], [29.367735545394403, -67.3676877891846], [25.43946413020092, -67.3676877891846], [24.457396276446165, -72.93368778897388], [30.349803399149163, -70.70728778905817]]]}, "properties": {"id": 170, "height_m": 9.6, "levels": null, "category": "residencial", "extrude": true, "manzana_id": 1}}, {"type": "Feature", "geometry": {"type": "Polygon", "coordinates": [[[33.29600696058789, -57.3488877891684], [33.29600696058789, -59.575287789084115], [35.2601426680974, -59.575287789084115], [35.2601426680974, -61.80168778899983], [33.29600696058789, -61.80168778899983], [33.29600696058789, -61.80168778899983], [33.29600696058789, -65.14128778926889], [33.29600696058789, -66.25448778922674], [33.29600696058789, -70.70728778905817], [39.18841408329089, -68.48088778914246], [39.18841408329089, -60.68848778904197], [39.18841408329089, -55.12248778925269], [35.2601426680974, -55.12248778925269], [33.29600696058789, -55.12248778925269], [33.29600696058789, -57.3488877891684]]]}, "properties": {"id": 171, "height_m": 7.3, "levels": null, "category": "residencial", "extrude": true, "manzana_id": 1}}, {"type": "Feature", "geometry": {"type": "Polygon", "coordinates": [[[34.278074814342645, -81.83928778903223], [35.2601426680974, -84.06568778934343], [41.1525497908004, -81.83928778903223], [41.1525497908004, -79.61288778911651], [39.18841408329089, -71.82048778901603], [32.31393910665868, -74.04688778932723], [33.29600696058789, -78.49968778915866], [34.278074814342645, -79.61288778911651], [34.278074814342645, -81.83928778903223]]]}, "properties": {"id": 172, "height_m": 7.1, "levels": null, "category": "residencial", "extrude": true, "manzana_id": 1}}, {"type": "Feature", "geometry": {"type": "Polygon", "coordinates": [[[27.403599837710438, -81.83928778903223], [28.385667691465194, -86.29208778925914], [28.385667691465194, -86.29208778925914], [35.2601426680974, -84.06568778934343], [34.278074814342645, -81.83928778903223], [34.278074814342645, -79.61288778911651], [33.29600696058789, -78.49968778915866], [32.31393910665868, -74.04688778932723], [30.349803399149163, -75.16008778928509], [25.43946413020092, -76.27328778924294], [27.403599837710438, -81.83928778903223]]]}, "properties": {"id": 173, "height_m": 8.7, "levels": null, "category": "residencial", "extrude": true, "manzana_id": 1}}, {"type": "Feature", "geometry": {"type": "Polygon", "coordinates": [[[61.77597472052257, -77.3864877892008], [66.6863139894708, -77.3864877892008], [65.70424613571605, -71.82048778901603], [61.77597472052257, -71.82048778901603], [57.847703305329084, -72.93368778897388], [58.82977115908384, -77.3864877892008], [61.77597472052257, -77.3864877892008]]]}, "properties": {"id": 174, "height_m": 12.4, "levels": null, "category": "residencial", "extrude": true, "manzana_id": 1}}, {"type": "Feature", "geometry": {"type": "Polygon", "coordinates": [[[69.63251755073509, -77.3864877892008], [73.56078896592857, -77.3864877892008], [74.54285681985778, -76.27328778924294], [71.59665325841905, -69.59408778910031], [68.65044969698032, -70.70728778905817], [67.66838184322556, -70.70728778905817], [65.70424613571605, -71.82048778901603], [66.6863139894708, -77.3864877892008], [69.63251755073509, -77.3864877892008]]]}, "properties": {"id": 175, "height_m": 9.9, "levels": null, "category": "residencial", "extrude": true, "manzana_id": 1}}, {"type": "Feature", "geometry": {"type": "Polygon", "coordinates": [[[68.65044969698032, -70.70728778905817], [71.59665325841905, -69.59408778910031], [69.63251755073509, -66.25448778922674], [68.65044969698032, -61.80168778899983], [55.88356759764512, -66.25448778922674], [56.86563545157433, -69.59408778910031], [57.847703305329084, -72.93368778897388], [57.847703305329084, -72.93368778897388], [61.77597472052257, -71.82048778901603], [65.70424613571605, -71.82048778901603], [67.66838184322556, -70.70728778905817], [68.65044969698032, -70.70728778905817]]]}, "properties": {"id": 176, "height_m": 9.0, "levels": null, "category": "residencial", "extrude": true, "manzana_id": 1}}, {"type": "Feature", "geometry": {"type": "Polygon", "coordinates": [[[50.97322832869688, -75.16008778928509], [51.955296182626086, -77.3864877892008], [51.955296182626086, -77.3864877892008], [52.93736403638085, -79.61288778911651], [52.93736403638085, -80.72608778907437], [55.88356759764512, -79.61288778911651], [55.88356759764512, -78.49968778915866], [58.82977115908384, -77.3864877892008], [57.847703305329084, -72.93368778897388], [57.847703305329084, -72.93368778897388], [56.86563545157433, -69.59408778910031], [55.88356759764512, -66.25448778922674], [49.99116047494212, -68.48088778914246], [48.02702476743261, -69.59408778910031], [48.02702476743261, -69.59408778910031], [48.02702476743261, -69.59408778910031], [49.009092621187364, -74.04688778932723], [50.97322832869688, -74.04688778932723], [50.97322832869688, -75.16008778928509]]]}, "properties": {"id": 177, "height_m": 7.6, "levels": null, "category": "residencial", "extrude": true, "manzana_id": 1}}, {"type": "Feature", "geometry": {"type": "Polygon", "coordinates": [[[44.09875335223912, -75.16008778928509], [44.09875335223912, -78.49968778915866], [45.08082120599388, -78.49968778915866], [45.08082120599388, -81.83928778903223], [48.02702476743261, -80.72608778907437], [52.93736403638085, -80.72608778907437], [52.93736403638085, -79.61288778911651], [51.955296182626086, -77.3864877892008], [51.955296182626086, -77.3864877892008], [50.97322832869688, -76.27328778924294], [50.97322832869688, -75.16008778928509], [50.97322832869688, -74.04688778932723], [49.009092621187364, -74.04688778932723], [48.02702476743261, -69.59408778910031], [45.08082120599388, -70.70728778905817], [43.116685498484365, -70.70728778905817], [43.116685498484365, -71.82048778901603], [44.09875335223912, -75.16008778928509]]]}, "properties": {"id": 178, "height_m": 10.5, "levels": null, "category": "residencial", "extrude": true, "manzana_id": 1}}, {"type": "Feature", "geometry": {"type": "Polygon", "coordinates": [[[83.38146750382505, -78.49968778915866], [84.36353535775426, -78.49968778915866], [87.30973891901853, -79.61288778911651], [89.2738746267025, -79.61288778911651], [89.2738746267025, -78.49968778915866], [92.22007818796676, -79.61288778911651], [97.13041745691501, -79.61288778911651], [94.18421389565073, -70.70728778905817], [87.30973891901853, -70.70728778905817], [85.34560321150902, -71.82048778901603], [81.41733179631552, -71.82048778901603], [80.43526394256077, -71.82048778901603], [79.45319608880601, -71.82048778901603], [77.48906038112204, -71.82048778901603], [81.41733179631552, -78.49968778915866], [83.38146750382505, -78.49968778915866]]]}, "properties": {"id": 179, "height_m": 7.3, "levels": null, "category": "residencial", "extrude": true, "manzana_id": 1}}, {"type": "Feature", "geometry": {"type": "Polygon", "coordinates": [[[79.45319608880601, -71.82048778901603], [80.43526394256077, -71.82048778901603], [81.41733179631552, -71.82048778901603], [85.34560321150902, -71.82048778901603], [87.30973891901853, -70.70728778905817], [94.18421389565073, -70.70728778905817], [91.238010334212, -62.91488778935317], [87.30973891901853, -64.02808778931103], [84.36353535775426, -64.02808778931103], [82.39939965007028, -64.02808778931103], [78.4711282348768, -65.14128778926889], [74.54285681985778, -66.25448778922674], [77.48906038112204, -71.82048778901603], [79.45319608880601, -71.82048778901603]]]}, "properties": {"id": 180, "height_m": 8.3, "levels": null, "category": "residencial", "extrude": true, "manzana_id": 1}}, {"type": "Feature", "geometry": {"type": "Polygon", "coordinates": [[[87.30973891901853, -64.02808778931103], [91.238010334212, -62.91488778935317], [88.29180677277328, -55.12248778925269], [84.36353535775426, -56.235687789210544], [87.30973891901853, -64.02808778931103]]]}, "properties": {"id": 181, "height_m": 9.7, "levels": null, "category": "residencial", "extrude": true, "manzana_id": 1}}, {"type": "Feature", "geometry": {"type": "Polygon", "coordinates": [[[78.4711282348768, -65.14128778926889], [82.39939965007028, -64.02808778931103], [80.43526394256077, -57.3488877891684], [78.4711282348768, -58.46208778912626], [71.59665325841905, -60.68848778904197], [74.54285681985778, -66.25448778922674], [78.4711282348768, -65.14128778926889]]]}, "properties": {"id": 182, "height_m": 9.9, "levels": null, "category": "residencial", "extrude": true, "manzana_id": 1}}, {"type": "Feature", "geometry": {"type": "Polygon", "coordinates": [[[87.30973891901853, -40.65088778900957], [89.2738746267025, -46.216887789194345], [92.22007818796676, -45.10368778923649], [94.18421389565073, -40.65088778900957], [94.18421389565073, -37.311287789136], [94.18421389565073, -35.08488778922029], [90.25594248045725, -37.311287789136], [90.25594248045725, -37.311287789136], [87.30973891901853, -37.311287789136], [86.32767106526377, -38.42448778909386], [87.30973891901853, -40.65088778900957]]]}, "properties": {"id": 183, "height_m": 3.0, "levels": null, "category": "residencial", "extrude": true, "manzana_id": 1}}, {"type": "Feature", "geometry": {"type": "Polygon", "coordinates": [[[87.30973891901853, -36.198087789178146], [89.2738746267025, -35.08488778922029], [90.25594248045725, -37.311287789136], [90.25594248045725, -37.311287789136], [94.18421389565073, -35.08488778922029], [92.22007818796676, -31.74528778934672], [89.2738746267025, -32.858487789304576], [86.32767106526377, -32.858487789304576], [85.34560321150902, -33.97168778926243], [86.32767106526377, -38.42448778909386], [87.30973891901853, -37.311287789136], [87.30973891901853, -36.198087789178146]]]}, "properties": {"id": 184, "height_m": 12.4, "levels": null, "category": "residencial", "extrude": true, "manzana_id": 1}}, {"type": "Feature", "geometry": {"type": "Polygon", "coordinates": [[[89.2738746267025, -32.858487789304576], [92.22007818796676, -31.74528778934672], [91.238010334212, -28.40568778907766], [90.25594248045725, -26.179287789161947], [85.34560321150902, -26.179287789161947], [82.39939965007028, -26.179287789161947], [84.36353535775426, -29.518887789035517], [85.34560321150902, -33.97168778926243], [86.32767106526377, -32.858487789304576], [89.2738746267025, -32.858487789304576]]]}, "properties": {"id": 185, "height_m": 10.5, "levels": null, "category": "residencial", "extrude": true, "manzana_id": 1}}, {"type": "Feature", "geometry": {"type": "Polygon", "coordinates": [[[73.56078896592857, -35.08488778922029], [73.56078896592857, -35.08488778922029], [71.59665325841905, -30.632087788993374], [68.65044969698032, -30.632087788993374], [67.66838184322556, -30.632087788993374], [65.70424613571605, -30.632087788993374], [66.6863139894708, -41.76408778936292], [67.66838184322556, -43.99048778927863], [73.56078896592857, -41.76408778936292], [75.52492467361253, -41.76408778936292], [74.54285681985778, -39.537687789051716], [74.54285681985778, -37.311287789136], [71.59665325841905, -38.42448778909386], [71.59665325841905, -36.198087789178146], [73.56078896592857, -35.08488778922029]]]}, "properties": {"id": 186, "height_m": 7.7, "levels": null, "category": "residencial", "extrude": true, "manzana_id": 1}}, {"type": "Feature", "geometry": {"type": "Polygon", "coordinates": [[[71.59665325841905, -47.3300877891522], [71.59665325841905, -47.3300877891522], [76.50699252736729, -46.216887789194345], [76.50699252736729, -45.10368778923649], [75.52492467361253, -41.76408778936292], [75.52492467361253, -41.76408778936292], [73.56078896592857, -41.76408778936292], [67.66838184322556, -43.99048778927863], [67.66838184322556, -48.44328778911006], [71.59665325841905, -47.3300877891522]]]}, "properties": {"id": 187, "height_m": 12.6, "levels": null, "category": "residencial", "extrude": true, "manzana_id": 1}}, {"type": "Feature", "geometry": {"type": "Polygon", "coordinates": [[[72.57872111217381, -56.235687789210544], [79.45319608880601, -54.00928778929483], [77.48906038112204, -50.66968778902577], [76.50699252736729, -46.216887789194345], [71.59665325841905, -47.3300877891522], [71.59665325841905, -47.3300877891522], [67.66838184322556, -48.44328778911006], [68.65044969698032, -50.66968778902577], [69.63251755073509, -57.3488877891684], [72.57872111217381, -56.235687789210544]]]}, "properties": {"id": 188, "height_m": 6.4, "levels": null, "category": "residencial", "extrude": true, "manzana_id": 1}}, {"type": "Feature", "geometry": {"type": "Polygon", "coordinates": [[[81.41733179631552, -54.00928778929483], [87.30973891901853, -51.78288778898363], [84.36353535775426, -42.877287789320775], [81.41733179631552, -42.877287789320775], [81.41733179631552, -43.99048778927863], [76.50699252736729, -45.10368778923649], [76.50699252736729, -46.216887789194345], [77.48906038112204, -50.66968778902577], [79.45319608880601, -54.00928778929483], [81.41733179631552, -54.00928778929483]]]}, "properties": {"id": 189, "height_m": 6.6, "levels": null, "category": "residencial", "extrude": true, "manzana_id": 1}}, {"type": "Feature", "geometry": {"type": "Polygon", "coordinates": [[[81.41733179631552, -42.877287789320775], [84.36353535775426, -42.877287789320775], [83.38146750382505, -39.537687789051716], [78.4711282348768, -41.76408778936292], [75.52492467361253, -41.76408778936292], [76.50699252736729, -45.10368778923649], [81.41733179631552, -43.99048778927863], [81.41733179631552, -42.877287789320775]]]}, "properties": {"id": 190, "height_m": 11.2, "levels": null, "category": "residencial", "extrude": true, "manzana_id": 1}}, {"type": "Feature", "geometry": {"type": "Polygon", "coordinates": [[[73.56078896592857, -36.198087789178146], [74.54285681985778, -37.311287789136], [74.54285681985778, -39.537687789051716], [75.52492467361253, -41.76408778936292], [75.52492467361253, -41.76408778936292], [78.4711282348768, -41.76408778936292], [83.38146750382505, -39.537687789051716], [82.39939965007028, -37.311287789136], [80.43526394256077, -30.632087788993374], [78.4711282348768, -30.632087788993374], [76.50699252736729, -30.632087788993374], [73.56078896592857, -30.632087788993374], [71.59665325841905, -30.632087788993374], [73.56078896592857, -35.08488778922029], [73.56078896592857, -36.198087789178146]]]}, "properties": {"id": 191, "height_m": 8.2, "levels": null, "category": "residencial", "extrude": true, "manzana_id": 1}}, {"type": "Feature", "geometry": {"type": "Polygon", "coordinates": [[[73.56078896592857, -30.632087788993374], [76.50699252736729, -30.632087788993374], [78.4711282348768, -30.632087788993374], [77.48906038112204, -18.38688778906146], [73.56078896592857, -18.38688778906146], [67.66838184322556, -19.500087789019318], [67.66838184322556, -30.632087788993374], [68.65044969698032, -30.632087788993374], [71.59665325841905, -30.632087788993374], [73.56078896592857, -30.632087788993374]]]}, "properties": {"id": 192, "height_m": 11.5, "levels": null, "category": "residencial", "extrude": true, "manzana_id": 1}}, {"type": "Feature", "geometry": {"type": "Polygon", "coordinates": [[[65.70424613571605, -19.500087789019318], [67.66838184322556, -19.500087789019318], [73.56078896592857, -18.38688778906146], [77.48906038112204, -18.38688778906146], [76.50699252736729, -9.481287789003119], [72.57872111217381, -10.594487789356464], [68.65044969698032, -10.594487789356464], [65.70424613571605, -10.594487789356464], [61.77597472052257, -10.594487789356464], [62.758042574277326, -19.500087789019318], [65.70424613571605, -19.500087789019318]]]}, "properties": {"id": 193, "height_m": 11.3, "levels": null, "category": "residencial", "extrude": true, "manzana_id": 1}}, {"type": "Feature", "geometry": {"type": "Polygon", "coordinates": [[[72.57872111217381, -5.028487789171692], [68.65044969698032, -5.028487789171692], [67.66838184322556, -5.028487789171692], [68.65044969698032, -7.254887789087405], [66.6863139894708, -7.254887789087405], [66.6863139894708, -5.028487789171692], [61.77597472052257, -5.028487789171692], [61.77597472052257, -8.368087789045262], [61.77597472052257, -10.594487789356464], [65.70424613571605, -10.594487789356464], [68.65044969698032, -10.594487789356464], [72.57872111217381, -10.594487789356464], [76.50699252736729, -9.481287789003119], [76.50699252736729, -3.915287789213835], [72.57872111217381, -5.028487789171692]]]}, "properties": {"id": 194, "height_m": 8.3, "levels": null, "category": "residencial", "extrude": true, "manzana_id": 1}}, {"type": "Feature", "geometry": {"type": "Polygon", "coordinates": [[[66.6863139894708, -5.028487789171692], [67.66838184322556, -5.028487789171692], [68.65044969698032, -5.028487789171692], [72.57872111217381, -5.028487789171692], [76.50699252736729, -3.915287789213835], [76.50699252736729, -2.802087789255978], [76.50699252736729, 0.5375122110130803], [71.59665325841905, 0.5375122110130803], [68.65044969698032, 0.5375122110130803], [65.70424613571605, 0.5375122110130803], [64.72217828178684, 0.5375122110130803], [61.77597472052257, 0.5375122110130803], [61.77597472052257, -5.028487789171692], [66.6863139894708, -5.028487789171692], [66.6863139894708, -5.028487789171692]]]}, "properties": {"id": 195, "height_m": 7.8, "levels": null, "category": "residencial", "extrude": true, "manzana_id": 1}}, {"type": "Feature", "geometry": {"type": "Polygon", "coordinates": [[[60.79390686676781, 3.8771122108866507], [61.77597472052257, 0.5375122110130803], [64.72217828178684, 0.5375122110130803], [64.72217828178684, 0.5375122110130803], [65.70424613571605, 0.5375122110130803], [68.65044969698032, 0.5375122110130803], [68.65044969698032, 0.5375122110130803], [71.59665325841905, 0.5375122110130803], [70.6145854046643, 3.8771122108866507], [68.65044969698032, 3.8771122108866507], [63.74011042803208, 3.8771122108866507], [63.74011042803208, 2.763912210928794], [62.758042574277326, 2.763912210928794], [62.758042574277326, 4.9903122108445075], [63.74011042803208, 4.9903122108445075], [64.72217828178684, 4.9903122108445075], [63.74011042803208, 8.329912210718078], [63.74011042803208, 8.329912210718078], [62.758042574277326, 8.329912210718078], [60.79390686676781, 8.329912210718078], [60.79390686676781, 3.8771122108866507]]]}, "properties": {"id": 196, "height_m": 11.5, "levels": null, "category": "residencial", "extrude": true, "manzana_id": 1}}, {"type": "Feature", "geometry": {"type": "Polygon", "coordinates": [[[66.6863139894708, 17.23551221077642], [60.79390686676781, 16.122312210818563], [60.79390686676781, 8.329912210718078], [62.758042574277326, 8.329912210718078], [64.72217828178684, 8.329912210718078], [66.6863139894708, 9.443112210675935], [66.6863139894708, 11.669512210987136], [67.66838184322556, 11.669512210987136], [68.65044969698032, 9.443112210675935], [70.6145854046643, 9.443112210675935], [76.50699252736729, 9.443112210675935], [75.52492467361253, 17.23551221077642], [71.59665325841905, 17.23551221077642], [68.65044969698032, 17.23551221077642], [68.65044969698032, 13.89591221090285], [66.6863139894708, 13.89591221090285], [66.6863139894708, 17.23551221077642]]]}, "properties": {"id": 197, "height_m": 9.1, "levels": null, "category": "residencial", "extrude": true, "manzana_id": 1}}, {"type": "Feature", "geometry": {"type": "Polygon", "coordinates": [[[71.59665325841905, 17.23551221077642], [75.52492467361253, 17.23551221077642], [75.52492467361253, 27.25431221079262], [75.52492467361253, 29.480712210708333], [71.59665325841905, 29.480712210708333], [66.6863139894708, 29.480712210708333], [64.72217828178684, 29.480712210708333], [62.758042574277326, 28.367512210750476], [61.77597472052257, 28.367512210750476], [58.82977115908384, 28.367512210750476], [59.811839012838604, 16.122312210818563], [60.79390686676781, 16.122312210818563], [66.6863139894708, 17.23551221077642], [68.65044969698032, 17.23551221077642], [71.59665325841905, 17.23551221077642]]]}, "properties": {"id": 198, "height_m": 7.4, "levels": null, "category": "residencial", "extrude": true, "manzana_id": 1}}, {"type": "Feature", "geometry": {"type": "Polygon", "coordinates": [[[71.59665325841905, 29.480712210708333], [75.52492467361253, 29.480712210708333], [74.54285681985778, 33.93351221093525], [74.54285681985778, 36.15991221085096], [64.72217828178684, 35.046712210893105], [61.77597472052257, 35.046712210893105], [62.758042574277326, 28.367512210750476], [64.72217828178684, 29.480712210708333], [66.6863139894708, 29.480712210708333], [71.59665325841905, 29.480712210708333]]]}, "properties": {"id": 199, "height_m": 8.9, "levels": null, "category": "residencial", "extrude": true, "manzana_id": 1}}, {"type": "Feature", "geometry": {"type": "Polygon", "coordinates": [[[64.72217828178684, 35.046712210893105], [74.54285681985778, 36.15991221085096], [74.54285681985778, 41.725912210640246], [69.63251755073509, 41.725912210640246], [65.70424613571605, 40.61271221068239], [60.79390686676781, 40.61271221068239], [61.77597472052257, 35.046712210893105], [64.72217828178684, 35.046712210893105]]]}, "properties": {"id": 200, "height_m": 10.1, "levels": null, "category": "residencial", "extrude": true, "manzana_id": 1}}, {"type": "Feature", "geometry": {"type": "Polygon", "coordinates": [[[69.63251755073509, 41.725912210640246], [74.54285681985778, 41.725912210640246], [74.54285681985778, 46.17871221086716], [69.63251755073509, 46.17871221086716], [65.70424613571605, 46.17871221086716], [60.79390686676781, 45.065512210909304], [60.79390686676781, 40.61271221068239], [65.70424613571605, 40.61271221068239], [69.63251755073509, 41.725912210640246]]]}, "properties": {"id": 201, "height_m": 10.7, "levels": null, "category": "residencial", "extrude": true, "manzana_id": 1}}, {"type": "Feature", "geometry": {"type": "Polygon", "coordinates": [[[65.70424613571605, 46.17871221086716], [69.63251755073509, 46.17871221086716], [74.54285681985778, 46.17871221086716], [74.54285681985778, 50.63151221069859], [71.59665325841905, 50.63151221069859], [61.77597472052257, 50.63151221069859], [59.811839012838604, 49.51831221074073], [60.79390686676781, 45.065512210909304], [65.70424613571605, 46.17871221086716]]]}, "properties": {"id": 202, "height_m": 8.0, "levels": null, "category": "residencial", "extrude": true, "manzana_id": 1}}, {"type": "Feature", "geometry": {"type": "Polygon", "coordinates": [[[71.59665325841905, 50.63151221069859], [74.54285681985778, 50.63151221069859], [72.57872111217381, 59.53711221075693], [70.6145854046643, 59.53711221075693], [64.72217828178684, 59.53711221075693], [57.847703305329084, 58.423912210799074], [59.811839012838604, 49.51831221074073], [61.77597472052257, 50.63151221069859], [71.59665325841905, 50.63151221069859]]]}, "properties": {"id": 203, "height_m": 11.4, "levels": null, "category": "residencial", "extrude": true, "manzana_id": 1}}, {"type": "Feature", "geometry": {"type": "Polygon", "coordinates": [[[64.72217828178684, 59.53711221075693], [70.6145854046643, 59.53711221075693], [72.57872111217381, 59.53711221075693], [69.63251755073509, 65.1031122109417], [66.6863139894708, 71.78231221068884], [65.70424613571605, 70.66911221073099], [63.74011042803208, 68.44271221081527], [57.847703305329084, 58.423912210799074], [64.72217828178684, 59.53711221075693]]]}, "properties": {"id": 204, "height_m": 10.5, "levels": null, "category": "residencial", "extrude": true, "manzana_id": 1}}, {"type": "Feature", "geometry": {"type": "Polygon", "coordinates": [[[51.955296182626086, 32.82031221097739], [55.88356759764512, 32.82031221097739], [60.79390686676781, 33.93351221093525], [59.811839012838604, 38.386312210766675], [50.97322832869688, 37.27311221080882], [45.08082120599388, 36.15991221085096], [48.02702476743261, 31.707112211019535], [51.955296182626086, 32.82031221097739]]]}, "properties": {"id": 205, "height_m": 10.3, "levels": null, "category": "residencial", "extrude": true, "manzana_id": 1}}, {"type": "Feature", "geometry": {"type": "Polygon", "coordinates": [[[50.97322832869688, 37.27311221080882], [59.811839012838604, 38.386312210766675], [57.847703305329084, 46.17871221086716], [55.88356759764512, 45.065512210909304], [50.97322832869688, 45.065512210909304], [46.06288905974864, 43.95231221095145], [44.09875335223912, 43.95231221095145], [41.1525497908004, 42.83911221099359], [45.08082120599388, 36.15991221085096], [50.97322832869688, 37.27311221080882]]]}, "properties": {"id": 206, "height_m": 7.1, "levels": null, "category": "residencial", "extrude": true, "manzana_id": 1}}, {"type": "Feature", "geometry": {"type": "Polygon", "coordinates": [[[51.955296182626086, 49.51831221074073], [54.90149974389036, 49.51831221074073], [55.88356759764512, 45.065512210909304], [57.847703305329084, 46.17871221086716], [56.86563545157433, 50.63151221069859], [56.86563545157433, 52.85791221100979], [55.88356759764512, 57.31071221084122], [48.02702476743261, 51.744712210656445], [49.99116047494212, 48.405112210782875], [51.955296182626086, 49.51831221074073]]]}, "properties": {"id": 207, "height_m": 11.9, "levels": null, "category": "residencial", "extrude": true, "manzana_id": 1}}, {"type": "Feature", "geometry": {"type": "Polygon", "coordinates": [[[43.116685498484365, 46.17871221086716], [43.116685498484365, 45.065512210909304], [44.09875335223912, 43.95231221095145], [46.06288905974864, 43.95231221095145], [50.97322832869688, 45.065512210909304], [55.88356759764512, 45.065512210909304], [54.90149974389036, 49.51831221074073], [51.955296182626086, 49.51831221074073], [49.99116047494212, 48.405112210782875], [48.02702476743261, 51.744712210656445], [47.04495691367785, 50.63151221069859], [43.116685498484365, 47.29191221082502], [43.116685498484365, 46.17871221086716]]]}, "properties": {"id": 208, "height_m": 8.3, "levels": null, "category": "residencial", "extrude": true, "manzana_id": 1}}, {"type": "Feature", "geometry": {"type": "Polygon", "coordinates": [[[32.31393910665868, -8.368087789045262], [32.31393910665868, -10.594487789356464], [35.2601426680974, -8.368087789045262], [37.224278375606914, -8.368087789045262], [38.20634622953612, -7.254887789087405], [36.24221052185216, -2.802087789255978], [34.278074814342645, 0.5375122110130803], [30.349803399149163, -1.6888877892981213], [32.31393910665868, -8.368087789045262]]]}, "properties": {"id": 209, "height_m": 15.4, "levels": null, "category": "residencial", "extrude": true, "manzana_id": 1}}, {"type": "Feature", "geometry": {"type": "Polygon", "coordinates": [[[35.2601426680974, -19.500087789019318], [36.24221052185216, -23.952887789246233], [42.134617644555156, -22.839687789288377], [43.116685498484365, -22.839687789288377], [42.134617644555156, -16.160487789145748], [40.17048193704564, -16.160487789145748], [37.224278375606914, -16.160487789145748], [37.224278375606914, -16.160487789145748], [35.2601426680974, -17.273687789103604], [35.2601426680974, -19.500087789019318]]]}, "properties": {"id": 210, "height_m": 9.7, "levels": null, "category": "residencial", "extrude": true, "manzana_id": 1}}, {"type": "Feature", "geometry": {"type": "Polygon", "coordinates": [[[45.08082120599388, -39.537687789051716], [49.99116047494212, -39.537687789051716], [50.97322832869688, -38.42448778909386], [51.955296182626086, -38.42448778909386], [51.955296182626086, -38.42448778909386], [51.955296182626086, -31.74528778934672], [49.99116047494212, -32.858487789304576], [44.09875335223912, -33.97168778926243], [44.09875335223912, -33.97168778926243], [41.1525497908004, -33.97168778926243], [42.134617644555156, -40.65088778900957], [45.08082120599388, -39.537687789051716]]]}, "properties": {"id": 211, "height_m": 10.3, "levels": null, "category": "residencial", "extrude": true, "manzana_id": 1}}, {"type": "Feature", "geometry": {"type": "Polygon", "coordinates": [[[49.99116047494212, -47.3300877891522], [49.99116047494212, -47.3300877891522], [50.97322832869688, -41.76408778936292], [50.97322832869688, -38.42448778909386], [50.97322832869688, -38.42448778909386], [50.97322832869688, -38.42448778909386], [49.99116047494212, -39.537687789051716], [48.02702476743261, -39.537687789051716], [45.08082120599388, -39.537687789051716], [42.134617644555156, -40.65088778900957], [42.134617644555156, -46.216887789194345], [42.134617644555156, -48.44328778911006], [42.134617644555156, -48.44328778911006], [46.06288905974864, -47.3300877891522], [46.06288905974864, -47.3300877891522], [49.009092621187364, -47.3300877891522], [49.99116047494212, -47.3300877891522], [49.99116047494212, -47.3300877891522]]]}, "properties": {"id": 212, "height_m": 9.3, "levels": null, "category": "residencial", "extrude": true, "manzana_id": 1}}, {"type": "Feature", "geometry": {"type": "Polygon", "coordinates": [[[42.134617644555156, -51.78288778898363], [42.134617644555156, -58.46208778912626], [46.06288905974864, -57.3488877891684], [48.02702476743261, -57.3488877891684], [49.99116047494212, -56.235687789210544], [52.93736403638085, -56.235687789210544], [52.93736403638085, -55.12248778925269], [51.955296182626086, -50.66968778902577], [50.97322832869688, -49.556487789067916], [49.99116047494212, -47.3300877891522], [49.99116047494212, -47.3300877891522], [49.99116047494212, -47.3300877891522], [49.009092621187364, -47.3300877891522], [46.06288905974864, -47.3300877891522], [46.06288905974864, -47.3300877891522], [42.134617644555156, -48.44328778911006], [42.134617644555156, -51.78288778898363]]]}, "properties": {"id": 213, "height_m": 6.6, "levels": null, "category": "residencial", "extrude": true, "manzana_id": 1}}, {"type": "Feature", "geometry": {"type": "Polygon", "coordinates": [[[46.06288905974864, -57.3488877891684], [42.134617644555156, -58.46208778912626], [42.134617644555156, -62.91488778935317], [42.134617644555156, -66.25448778922674], [49.009092621187364, -64.02808778931103], [48.02702476743261, -62.91488778935317], [48.02702476743261, -61.80168778899983], [46.06288905974864, -57.3488877891684]]]}, "properties": {"id": 214, "height_m": 13.4, "levels": null, "category": "residencial", "extrude": true, "manzana_id": 1}}, {"type": "Feature", "geometry": {"type": "Polygon", "coordinates": [[[50.97322832869688, -64.02808778931103], [52.93736403638085, -62.91488778935317], [55.88356759764512, -61.80168778899983], [53.919431890135606, -57.3488877891684], [52.93736403638085, -56.235687789210544], [49.99116047494212, -56.235687789210544], [48.02702476743261, -57.3488877891684], [46.06288905974864, -57.3488877891684], [48.02702476743261, -61.80168778899983], [48.02702476743261, -62.91488778935317], [49.009092621187364, -64.02808778931103], [50.97322832869688, -64.02808778931103]]]}, "properties": {"id": 215, "height_m": 14.3, "levels": null, "category": "residencial", "extrude": true, "manzana_id": 1}}, {"type": "Feature", "geometry": {"type": "Polygon", "coordinates": [[[51.955296182626086, -50.66968778902577], [51.955296182626086, -50.66968778902577], [52.93736403638085, -55.12248778925269], [53.919431890135606, -54.00928778929483], [53.919431890135606, -54.00928778929483], [53.919431890135606, -54.00928778929483], [51.955296182626086, -50.66968778902577]]]}, "properties": {"id": 216, "height_m": 4.1, "levels": null, "category": "residencial", "extrude": true, "manzana_id": 1}}, {"type": "Feature", "geometry": {"type": "Polygon", "coordinates": [[[63.74011042803208, -59.575287789084115], [67.66838184322556, -58.46208778912626], [67.66838184322556, -58.46208778912626], [67.66838184322556, -58.46208778912626], [66.6863139894708, -50.66968778902577], [61.77597472052257, -51.78288778898363], [57.847703305329084, -52.896087789336974], [57.847703305329084, -52.896087789336974], [56.86563545157433, -52.896087789336974], [53.919431890135606, -54.00928778929483], [53.919431890135606, -54.00928778929483], [55.88356759764512, -59.575287789084115], [56.86563545157433, -61.80168778899983], [62.758042574277326, -59.575287789084115], [63.74011042803208, -59.575287789084115]]]}, "properties": {"id": 217, "height_m": 10.6, "levels": null, "category": "residencial", "extrude": true, "manzana_id": 1}}, {"type": "Feature", "geometry": {"type": "Polygon", "coordinates": [[[51.955296182626086, -49.556487789067916], [51.955296182626086, -50.66968778902577], [51.955296182626086, -50.66968778902577], [55.88356759764512, -49.556487789067916], [56.86563545157433, -52.896087789336974], [57.847703305329084, -52.896087789336974], [61.77597472052257, -51.78288778898363], [66.6863139894708, -50.66968778902577], [65.70424613571605, -46.216887789194345], [64.72217828178684, -43.99048778927863], [59.811839012838604, -45.10368778923649], [59.811839012838604, -45.10368778923649], [55.88356759764512, -46.216887789194345], [52.93736403638085, -46.216887789194345], [51.955296182626086, -47.3300877891522], [51.955296182626086, -49.556487789067916]]]}, "properties": {"id": 218, "height_m": 7.8, "levels": null, "category": "residencial", "extrude": true, "manzana_id": 1}}, {"type": "Feature", "geometry": {"type": "Polygon", "coordinates": [[[53.919431890135606, -46.216887789194345], [55.88356759764512, -46.216887789194345], [58.82977115908384, -45.10368778923649], [59.811839012838604, -45.10368778923649], [60.79390686676781, -45.10368778923649], [64.72217828178684, -43.99048778927863], [64.72217828178684, -43.99048778927863], [64.72217828178684, -41.76408778936292], [64.72217828178684, -41.76408778936292], [63.74011042803208, -36.198087789178146], [56.86563545157433, -38.42448778909386], [55.88356759764512, -38.42448778909386], [54.90149974389036, -38.42448778909386], [53.919431890135606, -38.42448778909386], [51.955296182626086, -38.42448778909386], [51.955296182626086, -38.42448778909386], [50.97322832869688, -38.42448778909386], [50.97322832869688, -41.76408778936292], [49.99116047494212, -43.99048778927863], [49.99116047494212, -47.3300877891522], [49.99116047494212, -47.3300877891522], [52.93736403638085, -46.216887789194345], [53.919431890135606, -46.216887789194345]]]}, "properties": {"id": 219, "height_m": 10.3, "levels": null, "category": "residencial", "extrude": true, "manzana_id": 1}}, {"type": "Feature", "geometry": {"type": "Polygon", "coordinates": [[[60.79390686676781, -30.632087788993374], [62.758042574277326, -30.632087788993374], [61.77597472052257, -25.06608778920409], [58.82977115908384, -25.06608778920409], [58.82977115908384, -26.179287789161947], [57.847703305329084, -26.179287789161947], [53.919431890135606, -26.179287789161947], [50.97322832869688, -27.292487789119804], [51.955296182626086, -31.74528778934672], [60.79390686676781, -30.632087788993374]]]}, "properties": {"id": 220, "height_m": 11.0, "levels": null, "category": "residencial", "extrude": true, "manzana_id": 1}}, {"type": "Feature", "geometry": {"type": "Polygon", "coordinates": [[[56.86563545157433, -23.952887789246233], [57.847703305329084, -23.952887789246233], [58.82977115908384, -26.179287789161947], [58.82977115908384, -25.06608778920409], [61.77597472052257, -25.06608778920409], [60.79390686676781, -19.500087789019318], [58.82977115908384, -20.613287788977175], [55.88356759764512, -20.613287788977175], [50.97322832869688, -21.72648778933052], [50.97322832869688, -27.292487789119804], [53.919431890135606, -26.179287789161947], [53.919431890135606, -23.952887789246233], [56.86563545157433, -23.952887789246233]]]}, "properties": {"id": 221, "height_m": 15.0, "levels": null, "category": "residencial", "extrude": true, "manzana_id": 1}}, {"type": "Feature", "geometry": {"type": "Polygon", "coordinates": [[[58.82977115908384, -20.613287788977175], [60.79390686676781, -19.500087789019318], [60.79390686676781, -18.38688778906146], [59.811839012838604, -15.047287789187891], [55.88356759764512, -15.047287789187891], [54.90149974389036, -15.047287789187891], [51.955296182626086, -16.160487789145748], [49.99116047494212, -16.160487789145748], [49.99116047494212, -19.500087789019318], [50.97322832869688, -21.72648778933052], [55.88356759764512, -20.613287788977175], [58.82977115908384, -20.613287788977175]]]}, "properties": {"id": 222, "height_m": 9.9, "levels": null, "category": "residencial", "extrude": true, "manzana_id": 1}}, {"type": "Feature", "geometry": {"type": "Polygon", "coordinates": [[[50.97322832869688, -12.820887789272177], [54.90149974389036, -11.70768778931432], [55.88356759764512, -15.047287789187891], [59.811839012838604, -15.047287789187891], [59.811839012838604, -10.594487789356464], [55.88356759764512, -11.70768778931432], [55.88356759764512, -9.481287789003119], [59.811839012838604, -9.481287789003119], [58.82977115908384, -6.1416877891295485], [53.919431890135606, -6.1416877891295485], [49.99116047494212, -6.1416877891295485], [49.99116047494212, -6.1416877891295485], [48.02702476743261, -6.1416877891295485], [47.04495691367785, -6.1416877891295485], [49.99116047494212, -16.160487789145748], [51.955296182626086, -16.160487789145748], [50.97322832869688, -12.820887789272177]]]}, "properties": {"id": 223, "height_m": 9.4, "levels": null, "category": "residencial", "extrude": true, "manzana_id": 1}}, {"type": "Feature", "geometry": {"type": "Polygon", "coordinates": [[[48.02702476743261, -6.1416877891295485], [49.99116047494212, -6.1416877891295485], [49.99116047494212, -6.1416877891295485], [49.99116047494212, -2.802087789255978], [53.919431890135606, -1.6888877892981213], [53.919431890135606, -6.1416877891295485], [58.82977115908384, -6.1416877891295485], [58.82977115908384, 3.8771122108866507], [53.919431890135606, 3.8771122108866507], [47.04495691367785, 3.8771122108866507], [42.134617644555156, 3.8771122108866507], [43.116685498484365, 1.6507122109709371], [45.08082120599388, -1.6888877892981213], [47.04495691367785, -6.1416877891295485], [48.02702476743261, -6.1416877891295485]]]}, "properties": {"id": 224, "height_m": 6.7, "levels": null, "category": "residencial", "extrude": true, "manzana_id": 1}}, {"type": "Feature", "geometry": {"type": "Polygon", "coordinates": [[[46.06288905974864, 8.329912210718078], [58.82977115908384, 9.443112210675935], [55.88356759764512, 13.89591221090285], [51.955296182626086, 11.669512210987136], [46.06288905974864, 8.329912210718078]]]}, "properties": {"id": 225, "height_m": 9.7, "levels": null, "category": "residencial", "extrude": true, "manzana_id": 1}}, {"type": "Feature", "geometry": {"type": "Polygon", "coordinates": [[[38.20634622953612, 25.027912210876906], [40.17048193704564, 22.801512210961192], [33.29600696058789, 18.348712210734277], [36.24221052185216, 13.89591221090285], [40.17048193704564, 17.23551221077642], [46.06288905974864, 21.688312211003336], [48.02702476743261, 22.801512210961192], [49.009092621187364, 22.801512210961192], [47.04495691367785, 25.027912210876906], [49.009092621187364, 27.25431221079262], [47.04495691367785, 30.59391221066619], [38.20634622953612, 25.027912210876906]]]}, "properties": {"id": 226, "height_m": 10.4, "levels": null, "category": "residencial", "extrude": true, "manzana_id": 1}}, {"type": "Feature", "geometry": {"type": "Polygon", "coordinates": [[[38.20634622953612, -31.74528778934672], [39.18841408329089, -31.74528778934672], [41.1525497908004, -33.97168778926243], [41.1525497908004, -33.97168778926243], [44.09875335223912, -33.97168778926243], [44.09875335223912, -33.97168778926243], [49.99116047494212, -32.858487789304576], [49.009092621187364, -28.40568778907766], [49.009092621187364, -25.06608778920409], [48.02702476743261, -21.72648778933052], [46.06288905974864, -22.839687789288377], [43.116685498484365, -22.839687789288377], [42.134617644555156, -22.839687789288377], [36.24221052185216, -23.952887789246233], [37.224278375606914, -28.40568778907766], [38.20634622953612, -31.74528778934672]]]}, "properties": {"id": 227, "height_m": 6.2, "levels": null, "category": "residencial", "extrude": true, "manzana_id": 1}}, {"type": "Feature", "geometry": {"type": "Polygon", "coordinates": [[[46.06288905974864, -22.839687789288377], [48.02702476743261, -21.72648778933052], [47.04495691367785, -15.047287789187891], [45.08082120599388, -15.047287789187891], [42.134617644555156, -16.160487789145748], [42.134617644555156, -16.160487789145748], [43.116685498484365, -22.839687789288377], [46.06288905974864, -22.839687789288377]]]}, "properties": {"id": 228, "height_m": 10.7, "levels": null, "category": "residencial", "extrude": true, "manzana_id": 1}}, {"type": "Feature", "geometry": {"type": "Polygon", "coordinates": [[[34.278074814342645, -13.934087789230034], [35.2601426680974, -17.273687789103604], [37.224278375606914, -16.160487789145748], [37.224278375606914, -16.160487789145748], [40.17048193704564, -16.160487789145748], [42.134617644555156, -16.160487789145748], [42.134617644555156, -16.160487789145748], [45.08082120599388, -15.047287789187891], [47.04495691367785, -15.047287789187891], [45.08082120599388, -11.70768778931432], [45.08082120599388, -8.368087789045262], [43.116685498484365, -5.028487789171692], [40.17048193704564, -6.1416877891295485], [38.20634622953612, -7.254887789087405], [37.224278375606914, -8.368087789045262], [35.2601426680974, -8.368087789045262], [32.31393910665868, -10.594487789356464], [34.278074814342645, -13.934087789230034]]]}, "properties": {"id": 229, "height_m": 6.4, "levels": null, "category": "residencial", "extrude": true, "manzana_id": 1}}, {"type": "Feature", "geometry": {"type": "Polygon", "coordinates": [[[36.24221052185216, -2.802087789255978], [38.20634622953612, -7.254887789087405], [40.17048193704564, -6.1416877891295485], [43.116685498484365, -5.028487789171692], [43.116685498484365, -3.915287789213835], [43.116685498484365, -3.915287789213835], [42.134617644555156, -1.6888877892981213], [42.134617644555156, -1.6888877892981213], [42.134617644555156, -1.6888877892981213], [41.1525497908004, 0.5375122110130803], [40.17048193704564, 0.5375122110130803], [41.1525497908004, 1.6507122109709371], [40.17048193704564, 2.763912210928794], [39.18841408329089, 2.763912210928794], [39.18841408329089, 3.8771122108866507], [36.24221052185216, 1.6507122109709371], [34.278074814342645, 0.5375122110130803], [36.24221052185216, -2.802087789255978]]]}, "properties": {"id": 230, "height_m": 10.6, "levels": null, "category": "residencial", "extrude": true, "manzana_id": 1}}, {"type": "Feature", "geometry": {"type": "Polygon", "coordinates": [[[36.24221052185216, 1.6507122109709371], [39.18841408329089, 3.8771122108866507], [36.24221052185216, 8.329912210718078], [33.29600696058789, 11.669512210987136], [24.457396276446165, 6.103512210802364], [30.349803399149163, -1.6888877892981213], [34.278074814342645, 0.5375122110130803], [36.24221052185216, 1.6507122109709371]]]}, "properties": {"id": 231, "height_m": 11.3, "levels": null, "category": "residencial", "extrude": true, "manzana_id": 1}}, {"type": "Feature", "geometry": {"type": "Polygon", "coordinates": [[[23.475328422516956, 9.443112210675935], [24.457396276446165, 6.103512210802364], [33.29600696058789, 11.669512210987136], [32.31393910665868, 13.89591221090285], [29.367735545394403, 18.348712210734277], [22.493260568762196, 13.89591221090285], [21.51119271500744, 12.782712210944993], [23.475328422516956, 9.443112210675935]]]}, "properties": {"id": 232, "height_m": 6.4, "levels": null, "category": "residencial", "extrude": true, "manzana_id": 1}}, {"type": "Feature", "geometry": {"type": "Polygon", "coordinates": [[[42.134617644555156, 8.329912210718078], [45.08082120599388, 10.55631221102928], [44.09875335223912, 11.669512210987136], [40.17048193704564, 17.23551221077642], [36.24221052185216, 13.89591221090285], [40.17048193704564, 7.216712210760221], [40.17048193704564, 7.216712210760221], [42.134617644555156, 8.329912210718078]]]}, "properties": {"id": 233, "height_m": 11.8, "levels": null, "category": "residencial", "extrude": true, "manzana_id": 1}}, {"type": "Feature", "geometry": {"type": "Polygon", "coordinates": [[[16.6008534460592, -141.95208778912942], [17.582921299813957, -141.95208778912942], [17.582921299813957, -144.17848778904514], [22.493260568762196, -144.17848778904514], [25.43946413020092, -144.17848778904514], [25.43946413020092, -140.83888778917157], [25.43946413020092, -140.83888778917157], [25.43946413020092, -135.2728877889868], [19.547057007497923, -136.38608778934014], [17.582921299813957, -136.38608778934014], [15.618785592304441, -136.38608778934014], [15.618785592304441, -136.38608778934014], [15.618785592304441, -136.38608778934014], [13.654649884620476, -140.83888778917157], [16.6008534460592, -141.95208778912942]]]}, "properties": {"id": 234, "height_m": 10.4, "levels": null, "category": "residencial", "extrude": true, "manzana_id": 1}}, {"type": "Feature", "geometry": {"type": "Polygon", "coordinates": [[[21.51119271500744, -149.7444877892299], [25.43946413020092, -149.7444877892299], [27.403599837710438, -149.7444877892299], [27.403599837710438, -144.17848778904514], [27.403599837710438, -144.17848778904514], [25.43946413020092, -144.17848778904514], [22.493260568762196, -144.17848778904514], [17.582921299813957, -144.17848778904514], [17.582921299813957, -149.7444877892299], [21.51119271500744, -149.7444877892299]]]}, "properties": {"id": 235, "height_m": 5.9, "levels": null, "category": "residencial", "extrude": true, "manzana_id": 1}}, {"type": "Feature", "geometry": {"type": "Polygon", "coordinates": [[[28.385667691465194, -151.97088778914562], [28.385667691465194, -155.3104877890192], [33.29600696058789, -155.3104877890192], [37.224278375606914, -155.3104877890192], [36.24221052185216, -149.7444877892299], [34.278074814342645, -149.7444877892299], [34.278074814342645, -149.7444877892299], [30.349803399149163, -149.7444877892299], [27.403599837710438, -149.7444877892299], [28.385667691465194, -151.97088778914562]]]}, "properties": {"id": 236, "height_m": 13.4, "levels": null, "category": "residencial", "extrude": true, "manzana_id": 1}}, {"type": "Feature", "geometry": {"type": "Polygon", "coordinates": [[[34.278074814342645, -149.7444877892299], [36.24221052185216, -149.7444877892299], [36.24221052185216, -143.06528778908728], [34.278074814342645, -143.06528778908728], [34.278074814342645, -143.06528778908728], [27.403599837710438, -144.17848778904514], [27.403599837710438, -149.7444877892299], [30.349803399149163, -149.7444877892299], [34.278074814342645, -149.7444877892299], [34.278074814342645, -149.7444877892299]]]}, "properties": {"id": 237, "height_m": 10.6, "levels": null, "category": "residencial", "extrude": true, "manzana_id": 1}}, {"type": "Feature", "geometry": {"type": "Polygon", "coordinates": [[[36.24221052185216, -141.95208778912942], [36.24221052185216, -137.499287789298], [36.24221052185216, -135.2728877889868], [32.31393910665868, -135.2728877889868], [32.31393910665868, -135.2728877889868], [25.43946413020092, -135.2728877889868], [25.43946413020092, -140.83888778917157], [25.43946413020092, -140.83888778917157], [25.43946413020092, -144.17848778904514], [27.403599837710438, -144.17848778904514], [27.403599837710438, -144.17848778904514], [34.278074814342645, -143.06528778908728], [36.24221052185216, -143.06528778908728], [36.24221052185216, -141.95208778912942]]]}, "properties": {"id": 238, "height_m": 11.8, "levels": null, "category": "residencial", "extrude": true, "manzana_id": 1}}, {"type": "Feature", "geometry": {"type": "Polygon", "coordinates": [[[32.31393910665868, -135.2728877889868], [32.31393910665868, -135.2728877889868], [36.24221052185216, -135.2728877889868], [36.24221052185216, -131.93328778911322], [36.24221052185216, -128.59368778923965], [31.33187125290392, -129.7068877891975], [31.33187125290392, -131.93328778911322], [27.403599837710438, -131.93328778911322], [26.421531983955678, -129.7068877891975], [22.493260568762196, -129.7068877891975], [19.547057007497923, -129.7068877891975], [19.547057007497923, -129.7068877891975], [19.547057007497923, -136.38608778934014], [25.43946413020092, -135.2728877889868], [32.31393910665868, -135.2728877889868]]]}, "properties": {"id": 239, "height_m": 8.1, "levels": null, "category": "residencial", "extrude": true, "manzana_id": 1}}, {"type": "Feature", "geometry": {"type": "Polygon", "coordinates": [[[19.547057007497923, -129.7068877891975], [22.493260568762196, -129.7068877891975], [26.421531983955678, -129.7068877891975], [28.385667691465194, -129.7068877891975], [31.33187125290392, -129.7068877891975], [31.33187125290392, -129.7068877891975], [36.24221052185216, -128.59368778923965], [36.24221052185216, -126.36728778932394], [35.2601426680974, -124.14088778901274], [35.2601426680974, -120.80128778913917], [33.29600696058789, -120.80128778913917], [28.385667691465194, -120.80128778913917], [27.403599837710438, -120.80128778913917], [22.493260568762196, -120.80128778913917], [19.547057007497923, -120.80128778913917], [16.6008534460592, -120.80128778913917], [13.654649884620476, -120.80128778913917], [13.654649884620476, -121.91448778909702], [14.636717738549683, -124.14088778901274], [15.618785592304441, -127.4804877892818], [16.6008534460592, -129.7068877891975], [17.582921299813957, -129.7068877891975], [19.547057007497923, -129.7068877891975], [19.547057007497923, -129.7068877891975]]]}, "properties": {"id": 240, "height_m": 6.5, "levels": null, "category": "residencial", "extrude": true, "manzana_id": 1}}, {"type": "Feature", "geometry": {"type": "Polygon", "coordinates": [[[16.6008534460592, -120.80128778913917], [19.547057007497923, -120.80128778913917], [22.493260568762196, -120.80128778913917], [27.403599837710438, -120.80128778913917], [28.385667691465194, -120.80128778913917], [33.29600696058789, -120.80128778913917], [35.2601426680974, -120.80128778913917], [35.2601426680974, -111.89568778908082], [28.385667691465194, -113.00888778903868], [27.403599837710438, -113.00888778903868], [26.421531983955678, -113.00888778903868], [22.493260568762196, -113.00888778903868], [19.547057007497923, -113.00888778903868], [16.6008534460592, -113.00888778903868], [14.636717738549683, -113.00888778903868], [10.7084463233562, -113.00888778903868], [11.690514177110959, -115.23528778934988], [9.726378469426994, -115.23528778934988], [12.672582030865717, -118.57488778922345], [13.654649884620476, -120.80128778913917], [16.6008534460592, -120.80128778913917]]]}, "properties": {"id": 241, "height_m": 6.4, "levels": null, "category": "residencial", "extrude": true, "manzana_id": 1}}, {"type": "Feature", "geometry": {"type": "Polygon", "coordinates": [[[30.349803399149163, -113.00888778903868], [35.2601426680974, -111.89568778908082], [35.2601426680974, -105.21648778933368], [31.33187125290392, -105.21648778933368], [30.349803399149163, -105.21648778933368], [27.403599837710438, -105.21648778933368], [25.43946413020092, -106.32968778929154], [25.43946413020092, -106.32968778929154], [25.43946413020092, -106.32968778929154], [23.475328422516956, -106.32968778929154], [19.547057007497923, -106.32968778929154], [19.547057007497923, -113.00888778903868], [22.493260568762196, -113.00888778903868], [26.421531983955678, -113.00888778903868], [26.421531983955678, -110.78248778912297], [28.385667691465194, -110.78248778912297], [28.385667691465194, -113.00888778903868], [28.385667691465194, -113.00888778903868], [30.349803399149163, -113.00888778903868]]]}, "properties": {"id": 242, "height_m": 9.0, "levels": null, "category": "residencial", "extrude": true, "manzana_id": 1}}, {"type": "Feature", "geometry": {"type": "Polygon", "coordinates": [[[25.43946413020092, -102.99008778902248], [25.43946413020092, -106.32968778929154], [25.43946413020092, -106.32968778929154], [27.403599837710438, -105.21648778933368], [30.349803399149163, -105.21648778933368], [31.33187125290392, -105.21648778933368], [35.2601426680974, -105.21648778933368], [35.2601426680974, -100.76368778910677], [35.2601426680974, -99.65048778914891], [35.2601426680974, -96.31088778927534], [28.385667691465194, -96.31088778927534], [24.457396276446165, -96.31088778927534], [25.43946413020092, -101.87688778906463], [25.43946413020092, -102.99008778902248]]]}, "properties": {"id": 243, "height_m": 8.0, "levels": null, "category": "residencial", "extrude": true, "manzana_id": 1}}, {"type": "Feature", "geometry": {"type": "Polygon", "coordinates": [[[16.6008534460592, -102.99008778902248], [16.6008534460592, -104.10328778898034], [16.6008534460592, -106.32968778929154], [19.547057007497923, -106.32968778929154], [23.475328422516956, -106.32968778929154], [25.43946413020092, -106.32968778929154], [25.43946413020092, -102.99008778902248], [25.43946413020092, -101.87688778906463], [24.457396276446165, -96.31088778927534], [21.51119271500744, -96.31088778927534], [20.529124861252683, -96.31088778927534], [15.618785592304441, -96.31088778927534], [16.6008534460592, -99.65048778914891], [16.6008534460592, -100.76368778910677], [16.6008534460592, -102.99008778902248]]]}, "properties": {"id": 244, "height_m": 6.0, "levels": null, "category": "residencial", "extrude": true, "manzana_id": 1}}, {"type": "Feature", "geometry": {"type": "Polygon", "coordinates": [[[-0.09430006846948685, -98.53728778919105], [6.780174908162719, -102.99008778902248], [15.618785592304441, -108.55608778920725], [15.618785592304441, -107.4428877892494], [16.6008534460592, -106.32968778929154], [16.6008534460592, -104.10328778898034], [16.6008534460592, -102.99008778902248], [16.6008534460592, -100.76368778910677], [16.6008534460592, -99.65048778914891], [15.618785592304441, -96.31088778927534], [15.618785592304441, -96.31088778927534], [13.654649884620476, -95.19768778931748], [12.672582030865717, -96.31088778927534], [10.7084463233562, -96.31088778927534], [-1.0763679222242448, -95.19768778931748], [-2.0584357759790026, -97.4240877892332], [-0.09430006846948685, -98.53728778919105]]]}, "properties": {"id": 245, "height_m": 7.6, "levels": null, "category": "residencial", "extrude": true, "manzana_id": 1}}, {"type": "Feature", "geometry": {"type": "Polygon", "coordinates": [[[68.65044969698032, -102.99008778902248], [69.63251755073509, -111.89568778908082], [72.57872111217381, -111.89568778908082], [73.56078896592857, -111.89568778908082], [73.56078896592857, -111.89568778908082], [72.57872111217381, -107.4428877892494], [72.57872111217381, -104.10328778898034], [72.57872111217381, -102.99008778902248], [71.59665325841905, -98.53728778919105], [71.59665325841905, -98.53728778919105], [67.66838184322556, -98.53728778919105], [68.65044969698032, -102.99008778902248]]]}, "properties": {"id": 246, "height_m": 14.7, "levels": null, "category": "residencial", "extrude": true, "manzana_id": 1}}, {"type": "Feature", "geometry": {"type": "Polygon", "coordinates": [[[72.57872111217381, -111.89568778908082], [69.63251755073509, -111.89568778908082], [70.6145854046643, -120.80128778913917], [74.54285681985778, -119.68808778918131], [74.54285681985778, -119.68808778918131], [76.50699252736729, -119.68808778918131], [75.52492467361253, -116.34848778930774], [75.52492467361253, -113.00888778903868], [75.52492467361253, -110.78248778912297], [73.56078896592857, -111.89568778908082], [73.56078896592857, -111.89568778908082], [72.57872111217381, -111.89568778908082]]]}, "properties": {"id": 247, "height_m": 10.3, "levels": null, "category": "residencial", "extrude": true, "manzana_id": 1}}, {"type": "Feature", "geometry": {"type": "Polygon", "coordinates": [[[75.52492467361253, -149.7444877892299], [76.50699252736729, -156.42368778897705], [81.41733179631552, -155.3104877890192], [89.2738746267025, -154.19728778906133], [89.2738746267025, -154.19728778906133], [89.2738746267025, -149.7444877892299], [88.29180677277328, -144.17848778904514], [84.36353535775426, -145.291687789003], [84.36353535775426, -145.291687789003], [80.43526394256077, -145.291687789003], [74.54285681985778, -146.40488778935634], [75.52492467361253, -149.7444877892299]]]}, "properties": {"id": 248, "height_m": 7.7, "levels": null, "category": "residencial", "extrude": true, "manzana_id": 1}}, {"type": "Feature", "geometry": {"type": "Polygon", "coordinates": [[[84.36353535775426, -145.291687789003], [88.29180677277328, -144.17848778904514], [87.30973891901853, -138.61248778925585], [83.38146750382505, -139.7256877892137], [80.43526394256077, -140.83888778917157], [76.50699252736729, -140.83888778917157], [73.56078896592857, -140.83888778917157], [74.54285681985778, -146.40488778935634], [80.43526394256077, -145.291687789003], [84.36353535775426, -145.291687789003], [84.36353535775426, -145.291687789003]]]}, "properties": {"id": 249, "height_m": 11.3, "levels": null, "category": "residencial", "extrude": true, "manzana_id": 1}}, {"type": "Feature", "geometry": {"type": "Polygon", "coordinates": [[[76.50699252736729, -140.83888778917157], [83.38146750382505, -139.7256877892137], [87.30973891901853, -138.61248778925585], [87.30973891901853, -135.2728877889868], [76.50699252736729, -136.38608778934014], [73.56078896592857, -137.499287789298], [73.56078896592857, -140.83888778917157], [76.50699252736729, -140.83888778917157]]]}, "properties": {"id": 250, "height_m": 11.5, "levels": null, "category": "residencial", "extrude": true, "manzana_id": 1}}, {"type": "Feature", "geometry": {"type": "Polygon", "coordinates": [[[87.30973891901853, -133.04648778907108], [86.32767106526377, -126.36728778932394], [83.38146750382505, -127.4804877892818], [76.50699252736729, -128.59368778923965], [72.57872111217381, -128.59368778923965], [73.56078896592857, -137.499287789298], [76.50699252736729, -136.38608778934014], [87.30973891901853, -135.2728877889868], [87.30973891901853, -133.04648778907108]]]}, "properties": {"id": 251, "height_m": 11.5, "levels": null, "category": "residencial", "extrude": true, "manzana_id": 1}}, {"type": "Feature", "geometry": {"type": "Polygon", "coordinates": [[[75.52492467361253, -128.59368778923965], [75.52492467361253, -128.59368778923965], [76.50699252736729, -128.59368778923965], [78.4711282348768, -127.4804877892818], [83.38146750382505, -127.4804877892818], [86.32767106526377, -126.36728778932394], [85.34560321150902, -119.68808778918131], [84.36353535775426, -118.57488778922345], [80.43526394256077, -118.57488778922345], [77.48906038112204, -119.68808778918131], [76.50699252736729, -119.68808778918131], [74.54285681985778, -119.68808778918131], [74.54285681985778, -119.68808778918131], [74.54285681985778, -119.68808778918131], [73.56078896592857, -119.68808778918131], [70.6145854046643, -120.80128778913917], [72.57872111217381, -128.59368778923965], [75.52492467361253, -128.59368778923965]]]}, "properties": {"id": 252, "height_m": 10.0, "levels": null, "category": "residencial", "extrude": true, "manzana_id": 1}}, {"type": "Feature", "geometry": {"type": "Polygon", "coordinates": [[[84.36353535775426, -115.23528778934988], [83.38146750382505, -109.66928778916511], [79.45319608880601, -110.78248778912297], [76.50699252736729, -110.78248778912297], [75.52492467361253, -110.78248778912297], [75.52492467361253, -113.00888778903868], [75.52492467361253, -116.34848778930774], [76.50699252736729, -119.68808778918131], [80.43526394256077, -118.57488778922345], [84.36353535775426, -118.57488778922345], [84.36353535775426, -115.23528778934988]]]}, "properties": {"id": 253, "height_m": 10.8, "levels": null, "category": "residencial", "extrude": true, "manzana_id": 1}}, {"type": "Feature", "geometry": {"type": "Polygon", "coordinates": [[[72.57872111217381, -107.4428877892494], [73.56078896592857, -111.89568778908082], [75.52492467361253, -110.78248778912297], [76.50699252736729, -110.78248778912297], [79.45319608880601, -110.78248778912297], [83.38146750382505, -109.66928778916511], [82.39939965007028, -102.99008778902248], [72.57872111217381, -104.10328778898034], [72.57872111217381, -107.4428877892494]]]}, "properties": {"id": 254, "height_m": 9.3, "levels": null, "category": "residencial", "extrude": true, "manzana_id": 1}}, {"type": "Feature", "geometry": {"type": "Polygon", "coordinates": [[[82.39939965007028, -99.65048778914891], [81.41733179631552, -96.31088778927534], [77.48906038112204, -97.4240877892332], [71.59665325841905, -98.53728778919105], [72.57872111217381, -102.99008778902248], [72.57872111217381, -104.10328778898034], [82.39939965007028, -102.99008778902248], [82.39939965007028, -99.65048778914891]]]}, "properties": {"id": 255, "height_m": 9.3, "levels": null, "category": "residencial", "extrude": true, "manzana_id": 1}}, {"type": "Feature", "geometry": {"type": "Polygon", "coordinates": [[[73.56078896592857, -97.4240877892332], [74.54285681985778, -97.4240877892332], [77.48906038112204, -97.4240877892332], [77.48906038112204, -97.4240877892332], [81.41733179631552, -96.31088778927534], [80.43526394256077, -88.51848778917486], [76.50699252736729, -88.51848778917486], [73.56078896592857, -89.63168778913271], [69.63251755073509, -89.63168778913271], [71.59665325841905, -98.53728778919105], [71.59665325841905, -98.53728778919105], [71.59665325841905, -98.53728778919105], [73.56078896592857, -97.4240877892332]]]}, "properties": {"id": 256, "height_m": 11.8, "levels": null, "category": "residencial", "extrude": true, "manzana_id": 1}}, {"type": "Feature", "geometry": {"type": "Polygon", "coordinates": [[[73.56078896592857, -87.405287789217], [73.56078896592857, -89.63168778913271], [76.50699252736729, -88.51848778917486], [80.43526394256077, -88.51848778917486], [79.45319608880601, -80.72608778907437], [74.54285681985778, -80.72608778907437], [72.57872111217381, -81.83928778903223], [73.56078896592857, -87.405287789217]]]}, "properties": {"id": 257, "height_m": 14.5, "levels": null, "category": "residencial", "extrude": true, "manzana_id": 1}}, {"type": "Feature", "geometry": {"type": "Polygon", "coordinates": [[[65.70424613571605, -85.17888778930129], [65.70424613571605, -85.17888778930129], [65.70424613571605, -87.405287789217], [65.70424613571605, -87.405287789217], [66.6863139894708, -90.74488778909057], [67.66838184322556, -98.53728778919105], [71.59665325841905, -98.53728778919105], [69.63251755073509, -89.63168778913271], [73.56078896592857, -89.63168778913271], [73.56078896592857, -87.405287789217], [72.57872111217381, -81.83928778903223], [64.72217828178684, -81.83928778903223], [65.70424613571605, -85.17888778930129]]]}, "properties": {"id": 258, "height_m": 8.8, "levels": null, "category": "residencial", "extrude": true, "manzana_id": 1}}, {"type": "Feature", "geometry": {"type": "Polygon", "coordinates": [[[82.39939965007028, -85.17888778930129], [82.39939965007028, -89.63168778913271], [84.36353535775426, -88.51848778917486], [88.29180677277328, -87.405287789217], [89.2738746267025, -87.405287789217], [88.29180677277328, -84.06568778934343], [88.29180677277328, -81.83928778903223], [83.38146750382505, -80.72608778907437], [81.41733179631552, -80.72608778907437], [82.39939965007028, -85.17888778930129]]]}, "properties": {"id": 259, "height_m": 12.4, "levels": null, "category": "residencial", "extrude": true, "manzana_id": 1}}, {"type": "Feature", "geometry": {"type": "Polygon", "coordinates": [[[84.36353535775426, -88.51848778917486], [82.39939965007028, -89.63168778913271], [84.36353535775426, -98.53728778919105], [86.32767106526377, -98.53728778919105], [88.29180677277328, -97.4240877892332], [88.29180677277328, -95.19768778931748], [87.30973891901853, -94.08448778935963], [88.29180677277328, -92.97128778900628], [87.30973891901853, -90.74488778909057], [89.2738746267025, -89.63168778913271], [88.29180677277328, -87.405287789217], [84.36353535775426, -88.51848778917486]]]}, "properties": {"id": 260, "height_m": 10.1, "levels": null, "category": "residencial", "extrude": true, "manzana_id": 1}}, {"type": "Feature", "geometry": {"type": "Polygon", "coordinates": [[[91.238010334212, -150.85768778918776], [92.22007818796676, -154.19728778906133], [99.09455316459898, -153.08408778910348], [98.11248531084422, -150.85768778918776], [98.11248531084422, -147.5180877893142], [94.18421389565073, -147.5180877893142], [91.238010334212, -148.63128778927205], [91.238010334212, -150.85768778918776]]]}, "properties": {"id": 261, "height_m": 12.8, "levels": null, "category": "residencial", "extrude": true, "manzana_id": 1}}, {"type": "Feature", "geometry": {"type": "Polygon", "coordinates": [[[101.05868887210849, -153.08408778910348], [104.98696028730197, -151.97088778914562], [104.00489243354721, -147.5180877893142], [104.00489243354721, -146.40488778935634], [98.11248531084422, -147.5180877893142], [98.11248531084422, -150.85768778918776], [99.09455316459898, -153.08408778910348], [101.05868887210849, -153.08408778910348]]]}, "properties": {"id": 262, "height_m": 14.6, "levels": null, "category": "residencial", "extrude": true, "manzana_id": 1}}, {"type": "Feature", "geometry": {"type": "Polygon", "coordinates": [[[90.25594248045725, -145.291687789003], [91.238010334212, -148.63128778927205], [94.18421389565073, -147.5180877893142], [98.11248531084422, -147.5180877893142], [104.00489243354721, -146.40488778935634], [103.02282457979246, -140.83888778917157], [100.07662101835373, -140.83888778917157], [99.09455316459898, -140.83888778917157], [95.16628174940548, -141.95208778912942], [93.20214604189597, -141.95208778912942], [93.20214604189597, -141.95208778912942], [92.22007818796676, -141.95208778912942], [92.22007818796676, -141.95208778912942], [90.25594248045725, -143.06528778908728], [90.25594248045725, -145.291687789003]]]}, "properties": {"id": 263, "height_m": 7.6, "levels": null, "category": "residencial", "extrude": true, "manzana_id": 1}}, {"type": "Feature", "geometry": {"type": "Polygon", "coordinates": [[[95.16628174940548, -141.95208778912942], [99.09455316459898, -140.83888778917157], [100.07662101835373, -140.83888778917157], [103.02282457979246, -140.83888778917157], [100.07662101835373, -131.93328778911322], [97.13041745691501, -133.04648778907108], [96.14834960316024, -133.04648778907108], [93.20214604189597, -133.04648778907108], [92.22007818796676, -134.15968778902894], [89.2738746267025, -134.15968778902894], [90.25594248045725, -143.06528778908728], [92.22007818796676, -141.95208778912942], [92.22007818796676, -141.95208778912942], [93.20214604189597, -141.95208778912942], [93.20214604189597, -141.95208778912942], [95.16628174940548, -141.95208778912942]]]}, "properties": {"id": 264, "height_m": 7.6, "levels": null, "category": "residencial", "extrude": true, "manzana_id": 1}}, {"type": "Feature", "geometry": {"type": "Polygon", "coordinates": [[[92.22007818796676, -134.15968778902894], [93.20214604189597, -133.04648778907108], [96.14834960316024, -133.04648778907108], [97.13041745691501, -133.04648778907108], [100.07662101835373, -131.93328778911322], [99.09455316459898, -126.36728778932394], [98.11248531084422, -123.02768778905488], [91.238010334212, -125.2540877889706], [90.25594248045725, -125.2540877889706], [88.29180677277328, -125.2540877889706], [89.2738746267025, -134.15968778902894], [92.22007818796676, -134.15968778902894]]]}, "properties": {"id": 265, "height_m": 8.1, "levels": null, "category": "residencial", "extrude": true, "manzana_id": 1}}, {"type": "Feature", "geometry": {"type": "Polygon", "coordinates": [[[90.25594248045725, -125.2540877889706], [91.238010334212, -125.2540877889706], [98.11248531084422, -123.02768778905488], [97.13041745691501, -119.68808778918131], [95.16628174940548, -114.12208778899654], [90.25594248045725, -115.23528778934988], [86.32767106526377, -116.34848778930774], [88.29180677277328, -125.2540877889706], [90.25594248045725, -125.2540877889706]]]}, "properties": {"id": 266, "height_m": 8.9, "levels": null, "category": "residencial", "extrude": true, "manzana_id": 1}}, {"type": "Feature", "geometry": {"type": "Polygon", "coordinates": [[[93.20214604189597, -106.32968778929154], [85.34560321150902, -108.55608778920725], [86.32767106526377, -113.00888778903868], [90.25594248045725, -111.89568778908082], [90.25594248045725, -115.23528778934988], [95.16628174940548, -114.12208778899654], [93.20214604189597, -106.32968778929154], [93.20214604189597, -106.32968778929154]]]}, "properties": {"id": 267, "height_m": 14.9, "levels": null, "category": "residencial", "extrude": true, "manzana_id": 1}}, {"type": "Feature", "geometry": {"type": "Polygon", "coordinates": [[[108.91523170249545, -141.95208778912942], [112.84350311768894, -141.95208778912942], [114.80763882519844, -150.85768778918776], [120.70004594807591, -149.7444877892299], [115.78970667895322, -137.499287789298], [111.86143526393418, -138.61248778925585], [108.91523170249545, -139.7256877892137], [107.93316384874069, -139.7256877892137], [104.98696028730197, -140.83888778917157], [106.95109599498593, -148.63128778927205], [108.91523170249545, -148.63128778927205], [107.93316384874069, -146.40488778935634], [107.93316384874069, -146.40488778935634], [106.95109599498593, -143.06528778908728], [108.91523170249545, -141.95208778912942]]]}, "properties": {"id": 268, "height_m": 8.8, "levels": null, "category": "residencial", "extrude": true, "manzana_id": 1}}, {"type": "Feature", "geometry": {"type": "Polygon", "coordinates": [[[108.91523170249545, -139.7256877892137], [111.86143526393418, -138.61248778925585], [115.78970667895322, -137.499287789298], [112.84350311768894, -128.59368778923965], [105.96902814105673, -130.82008778915537], [102.04075672586325, -131.93328778911322], [104.98696028730197, -140.83888778917157], [107.93316384874069, -139.7256877892137], [108.91523170249545, -139.7256877892137]]]}, "properties": {"id": 269, "height_m": 9.9, "levels": null, "category": "residencial", "extrude": true, "manzana_id": 1}}, {"type": "Feature", "geometry": {"type": "Polygon", "coordinates": [[[112.84350311768894, -125.2540877889706], [112.84350311768894, -125.2540877889706], [111.86143526393418, -123.02768778905488], [111.86143526393418, -120.80128778913917], [110.87936741000497, -118.57488778922345], [104.98696028730197, -120.80128778913917], [102.04075672586325, -121.91448778909702], [100.07662101835373, -123.02768778905488], [102.04075672586325, -131.93328778911322], [105.96902814105673, -130.82008778915537], [112.84350311768894, -128.59368778923965], [113.82557097144371, -128.59368778923965], [112.84350311768894, -125.2540877889706]]]}, "properties": {"id": 270, "height_m": 8.9, "levels": null, "category": "residencial", "extrude": true, "manzana_id": 1}}, {"type": "Feature", "geometry": {"type": "Polygon", "coordinates": [[[102.04075672586325, -121.91448778909702], [110.87936741000497, -118.57488778922345], [109.8972995562502, -117.4616877892656], [107.93316384874069, -110.78248778912297], [104.00489243354721, -111.89568778908082], [101.05868887210849, -113.00888778903868], [101.05868887210849, -113.00888778903868], [100.07662101835373, -113.00888778903868], [98.11248531084422, -114.12208778899654], [99.09455316459898, -119.68808778918131], [100.07662101835373, -123.02768778905488], [102.04075672586325, -121.91448778909702]]]}, "properties": {"id": 271, "height_m": 9.0, "levels": null, "category": "residencial", "extrude": true, "manzana_id": 1}}, {"type": "Feature", "geometry": {"type": "Polygon", "coordinates": [[[100.07662101835373, -113.00888778903868], [101.05868887210849, -113.00888778903868], [100.07662101835373, -111.89568778908082], [102.04075672586325, -111.89568778908082], [102.04075672586325, -110.78248778912297], [103.02282457979246, -110.78248778912297], [104.00489243354721, -111.89568778908082], [107.93316384874069, -110.78248778912297], [104.98696028730197, -104.10328778898034], [104.00489243354721, -101.87688778906463], [98.11248531084422, -104.10328778898034], [95.16628174940548, -105.21648778933368], [98.11248531084422, -114.12208778899654], [100.07662101835373, -113.00888778903868]]]}, "properties": {"id": 272, "height_m": 7.1, "levels": null, "category": "residencial", "extrude": true, "manzana_id": 1}}, {"type": "Feature", "geometry": {"type": "Polygon", "coordinates": [[[97.13041745691501, -94.08448778935963], [100.07662101835373, -101.87688778906463], [98.11248531084422, -101.87688778906463], [97.13041745691501, -100.76368778910677], [91.238010334212, -102.99008778902248], [93.20214604189597, -106.32968778929154], [93.20214604189597, -106.32968778929154], [95.16628174940548, -105.21648778933368], [98.11248531084422, -104.10328778898034], [104.00489243354721, -101.87688778906463], [102.04075672586325, -92.97128778900628], [97.13041745691501, -94.08448778935963]]]}, "properties": {"id": 273, "height_m": 10.7, "levels": null, "category": "residencial", "extrude": true, "manzana_id": 1}}, {"type": "Feature", "geometry": {"type": "Polygon", "coordinates": [[[92.22007818796676, -96.31088778927534], [93.20214604189597, -96.31088778927534], [97.13041745691501, -94.08448778935963], [102.04075672586325, -92.97128778900628], [98.11248531084422, -84.06568778934343], [89.2738746267025, -87.405287789217], [88.29180677277328, -87.405287789217], [89.2738746267025, -89.63168778913271], [94.18421389565073, -89.63168778913271], [94.18421389565073, -90.74488778909057], [91.238010334212, -92.97128778900628], [88.29180677277328, -92.97128778900628], [87.30973891901853, -94.08448778935963], [88.29180677277328, -95.19768778931748], [88.29180677277328, -97.4240877892332], [89.2738746267025, -97.4240877892332], [92.22007818796676, -96.31088778927534]]]}, "properties": {"id": 274, "height_m": 9.3, "levels": null, "category": "residencial", "extrude": true, "manzana_id": 1}}, {"type": "Feature", "geometry": {"type": "Polygon", "coordinates": [[[88.29180677277328, -81.83928778903223], [88.29180677277328, -84.06568778934343], [89.2738746267025, -87.405287789217], [98.11248531084422, -84.06568778934343], [98.11248531084422, -82.95248778899008], [97.13041745691501, -82.95248778899008], [90.25594248045725, -82.95248778899008], [89.2738746267025, -81.83928778903223], [88.29180677277328, -81.83928778903223]]]}, "properties": {"id": 275, "height_m": 15.4, "levels": null, "category": "residencial", "extrude": true, "manzana_id": 1}}, {"type": "Feature", "geometry": {"type": "Polygon", "coordinates": [[[54.90149974389036, -126.36728778932394], [55.88356759764512, -129.7068877891975], [62.758042574277326, -128.59368778923965], [62.758042574277326, -125.2540877889706], [62.758042574277326, -124.14088778901274], [63.74011042803208, -123.02768778905488], [62.758042574277326, -121.91448778909702], [62.758042574277326, -120.80128778913917], [62.758042574277326, -115.23528778934988], [61.77597472052257, -115.23528778934988], [59.811839012838604, -115.23528778934988], [57.847703305329084, -115.23528778934988], [53.919431890135606, -116.34848778930774], [54.90149974389036, -123.02768778905488], [54.90149974389036, -126.36728778932394]]]}, "properties": {"id": 276, "height_m": 11.0, "levels": null, "category": "residencial", "extrude": true, "manzana_id": 1}}, {"type": "Feature", "geometry": {"type": "Polygon", "coordinates": [[[64.72217828178684, -157.5368877893304], [64.72217828178684, -158.65008778928825], [73.56078896592857, -157.5368877893304], [73.56078896592857, -156.42368778897705], [74.54285681985778, -156.42368778897705], [72.57872111217381, -147.5180877893142], [66.6863139894708, -148.63128778927205], [65.70424613571605, -148.63128778927205], [66.6863139894708, -150.85768778918776], [62.758042574277326, -150.85768778918776], [62.758042574277326, -149.7444877892299], [61.77597472052257, -149.7444877892299], [58.82977115908384, -149.7444877892299], [58.82977115908384, -153.08408778910348], [59.811839012838604, -158.65008778928825], [64.72217828178684, -157.5368877893304], [64.72217828178684, -157.5368877893304]]]}, "properties": {"id": 277, "height_m": 8.2, "levels": null, "category": "residencial", "extrude": true, "manzana_id": 1}}, {"type": "Feature", "geometry": {"type": "Polygon", "coordinates": [[[57.847703305329084, -141.95208778912942], [58.82977115908384, -149.7444877892299], [61.77597472052257, -149.7444877892299], [66.6863139894708, -148.63128778927205], [72.57872111217381, -147.5180877893142], [71.59665325841905, -140.83888778917157], [71.59665325841905, -137.499287789298], [63.74011042803208, -138.61248778925585], [60.79390686676781, -139.7256877892137], [56.86563545157433, -139.7256877892137], [57.847703305329084, -141.95208778912942]]]}, "properties": {"id": 278, "height_m": 9.6, "levels": null, "category": "residencial", "extrude": true, "manzana_id": 1}}, {"type": "Feature", "geometry": {"type": "Polygon", "coordinates": [[[62.758042574277326, -128.59368778923965], [55.88356759764512, -129.7068877891975], [56.86563545157433, -139.7256877892137], [60.79390686676781, -139.7256877892137], [59.811839012838604, -137.499287789298], [63.74011042803208, -137.499287789298], [63.74011042803208, -138.61248778925585], [71.59665325841905, -137.499287789298], [69.63251755073509, -127.4804877892818], [68.65044969698032, -128.59368778923965], [62.758042574277326, -128.59368778923965]]]}, "properties": {"id": 279, "height_m": 10.1, "levels": null, "category": "residencial", "extrude": true, "manzana_id": 1}}, {"type": "Feature", "geometry": {"type": "Polygon", "coordinates": [[[62.758042574277326, -125.2540877889706], [62.758042574277326, -128.59368778923965], [68.65044969698032, -128.59368778923965], [69.63251755073509, -127.4804877892818], [69.63251755073509, -127.4804877892818], [70.6145854046643, -127.4804877892818], [69.63251755073509, -124.14088778901274], [69.63251755073509, -124.14088778901274], [68.65044969698032, -121.91448778909702], [67.66838184322556, -123.02768778905488], [64.72217828178684, -123.02768778905488], [64.72217828178684, -123.02768778905488], [63.74011042803208, -123.02768778905488], [62.758042574277326, -124.14088778901274], [62.758042574277326, -125.2540877889706]]]}, "properties": {"id": 280, "height_m": 11.4, "levels": null, "category": "residencial", "extrude": true, "manzana_id": 1}}, {"type": "Feature", "geometry": {"type": "Polygon", "coordinates": [[[68.65044969698032, -120.80128778913917], [68.65044969698032, -118.57488778922345], [67.66838184322556, -114.12208778899654], [62.758042574277326, -115.23528778934988], [62.758042574277326, -120.80128778913917], [63.74011042803208, -120.80128778913917], [64.72217828178684, -123.02768778905488], [67.66838184322556, -123.02768778905488], [68.65044969698032, -121.91448778909702], [68.65044969698032, -120.80128778913917]]]}, "properties": {"id": 281, "height_m": 10.9, "levels": null, "category": "residencial", "extrude": true, "manzana_id": 1}}, {"type": "Feature", "geometry": {"type": "Polygon", "coordinates": [[[61.77597472052257, -110.78248778912297], [61.77597472052257, -115.23528778934988], [62.758042574277326, -115.23528778934988], [67.66838184322556, -114.12208778899654], [66.6863139894708, -105.21648778933368], [66.6863139894708, -104.10328778898034], [66.6863139894708, -104.10328778898034], [55.88356759764512, -106.32968778929154], [52.93736403638085, -106.32968778929154], [52.93736403638085, -108.55608778920725], [53.919431890135606, -116.34848778930774], [59.811839012838604, -115.23528778934988], [58.82977115908384, -111.89568778908082], [61.77597472052257, -110.78248778912297]]]}, "properties": {"id": 282, "height_m": 8.5, "levels": null, "category": "residencial", "extrude": true, "manzana_id": 1}}, {"type": "Feature", "geometry": {"type": "Polygon", "coordinates": [[[63.74011042803208, -105.21648778933368], [66.6863139894708, -104.10328778898034], [65.70424613571605, -99.65048778914891], [64.72217828178684, -96.31088778927534], [64.72217828178684, -96.31088778927534], [61.77597472052257, -96.31088778927534], [62.758042574277326, -98.53728778919105], [61.77597472052257, -98.53728778919105], [60.79390686676781, -97.4240877892332], [57.847703305329084, -97.4240877892332], [57.847703305329084, -100.76368778910677], [54.90149974389036, -101.87688778906463], [54.90149974389036, -98.53728778919105], [50.97322832869688, -98.53728778919105], [50.97322832869688, -99.65048778914891], [52.93736403638085, -106.32968778929154], [52.93736403638085, -106.32968778929154], [63.74011042803208, -105.21648778933368]]]}, "properties": {"id": 283, "height_m": 9.1, "levels": null, "category": "residencial", "extrude": true, "manzana_id": 1}}, {"type": "Feature", "geometry": {"type": "Polygon", "coordinates": [[[57.847703305329084, -90.74488778909057], [55.88356759764512, -91.85808778904843], [53.919431890135606, -91.85808778904843], [52.93736403638085, -91.85808778904843], [52.93736403638085, -91.85808778904843], [49.99116047494212, -92.97128778900628], [50.97322832869688, -98.53728778919105], [50.97322832869688, -98.53728778919105], [64.72217828178684, -96.31088778927534], [64.72217828178684, -96.31088778927534], [63.74011042803208, -89.63168778913271], [57.847703305329084, -90.74488778909057]]]}, "properties": {"id": 284, "height_m": 11.3, "levels": null, "category": "residencial", "extrude": true, "manzana_id": 1}}, {"type": "Feature", "geometry": {"type": "Polygon", "coordinates": [[[49.009092621187364, -88.51848778917486], [49.99116047494212, -92.97128778900628], [52.93736403638085, -91.85808778904843], [52.93736403638085, -91.85808778904843], [51.955296182626086, -88.51848778917486], [52.93736403638085, -88.51848778917486], [55.88356759764512, -87.405287789217], [55.88356759764512, -91.85808778904843], [57.847703305329084, -90.74488778909057], [63.74011042803208, -89.63168778913271], [62.758042574277326, -81.83928778903223], [49.009092621187364, -84.06568778934343], [49.009092621187364, -88.51848778917486]]]}, "properties": {"id": 285, "height_m": 10.7, "levels": null, "category": "residencial", "extrude": true, "manzana_id": 1}}, {"type": "Feature", "geometry": {"type": "Polygon", "coordinates": [[[45.08082120599388, -159.7632877892461], [48.02702476743261, -159.7632877892461], [47.04495691367785, -156.42368778897705], [47.04495691367785, -150.85768778918776], [44.09875335223912, -151.97088778914562], [41.1525497908004, -151.97088778914562], [41.1525497908004, -160.87648778920396], [45.08082120599388, -159.7632877892461]]]}, "properties": {"id": 286, "height_m": 13.0, "levels": null, "category": "residencial", "extrude": true, "manzana_id": 1}}, {"type": "Feature", "geometry": {"type": "Polygon", "coordinates": [[[51.955296182626086, -159.7632877892461], [55.88356759764512, -158.65008778928825], [54.90149974389036, -151.97088778914562], [54.90149974389036, -150.85768778918776], [49.009092621187364, -150.85768778918776], [47.04495691367785, -150.85768778918776], [47.04495691367785, -156.42368778897705], [48.02702476743261, -159.7632877892461], [49.99116047494212, -159.7632877892461], [51.955296182626086, -159.7632877892461]]]}, "properties": {"id": 287, "height_m": 10.2, "levels": null, "category": "residencial", "extrude": true, "manzana_id": 1}}, {"type": "Feature", "geometry": {"type": "Polygon", "coordinates": [[[42.134617644555156, -143.06528778908728], [40.17048193704564, -144.17848778904514], [41.1525497908004, -147.5180877893142], [41.1525497908004, -151.97088778914562], [44.09875335223912, -151.97088778914562], [47.04495691367785, -150.85768778918776], [49.009092621187364, -150.85768778918776], [54.90149974389036, -150.85768778918776], [53.919431890135606, -141.95208778912942], [49.99116047494212, -141.95208778912942], [49.009092621187364, -141.95208778912942], [49.99116047494212, -147.5180877893142], [44.09875335223912, -148.63128778927205], [43.116685498484365, -143.06528778908728], [42.134617644555156, -143.06528778908728]]]}, "properties": {"id": 288, "height_m": 9.2, "levels": null, "category": "residencial", "extrude": true, "manzana_id": 1}}, {"type": "Feature", "geometry": {"type": "Polygon", "coordinates": [[[40.17048193704564, -139.7256877892137], [40.17048193704564, -144.17848778904514], [42.134617644555156, -143.06528778908728], [43.116685498484365, -143.06528778908728], [49.009092621187364, -141.95208778912942], [49.99116047494212, -141.95208778912942], [53.919431890135606, -141.95208778912942], [51.955296182626086, -131.93328778911322], [51.955296182626086, -131.93328778911322], [49.009092621187364, -131.93328778911322], [48.02702476743261, -131.93328778911322], [46.06288905974864, -133.04648778907108], [43.116685498484365, -133.04648778907108], [41.1525497908004, -133.04648778907108], [40.17048193704564, -133.04648778907108], [40.17048193704564, -137.499287789298], [40.17048193704564, -139.7256877892137]]]}, "properties": {"id": 289, "height_m": 11.8, "levels": null, "category": "residencial", "extrude": true, "manzana_id": 1}}, {"type": "Feature", "geometry": {"type": "Polygon", "coordinates": [[[41.1525497908004, -133.04648778907108], [43.116685498484365, -133.04648778907108], [43.116685498484365, -133.04648778907108], [46.06288905974864, -133.04648778907108], [49.009092621187364, -131.93328778911322], [50.97322832869688, -131.93328778911322], [51.955296182626086, -131.93328778911322], [51.955296182626086, -131.93328778911322], [50.97322832869688, -124.14088778901274], [48.02702476743261, -125.2540877889706], [45.08082120599388, -125.2540877889706], [41.1525497908004, -126.36728778932394], [39.18841408329089, -126.36728778932394], [40.17048193704564, -133.04648778907108], [41.1525497908004, -133.04648778907108]]]}, "properties": {"id": 290, "height_m": 10.7, "levels": null, "category": "residencial", "extrude": true, "manzana_id": 1}}, {"type": "Feature", "geometry": {"type": "Polygon", "coordinates": [[[44.09875335223912, -125.2540877889706], [45.08082120599388, -125.2540877889706], [48.02702476743261, -125.2540877889706], [48.02702476743261, -125.2540877889706], [49.99116047494212, -124.14088778901274], [50.97322832869688, -124.14088778901274], [51.955296182626086, -124.14088778901274], [50.97322832869688, -119.68808778918131], [49.99116047494212, -119.68808778918131], [49.99116047494212, -117.4616877892656], [49.009092621187364, -117.4616877892656], [46.06288905974864, -118.57488778922345], [45.08082120599388, -118.57488778922345], [43.116685498484365, -118.57488778922345], [39.18841408329089, -119.68808778918131], [39.18841408329089, -126.36728778932394], [44.09875335223912, -125.2540877889706]]]}, "properties": {"id": 291, "height_m": 8.2, "levels": null, "category": "residencial", "extrude": true, "manzana_id": 1}}, {"type": "Feature", "geometry": {"type": "Polygon", "coordinates": [[[41.1525497908004, -115.23528778934988], [41.1525497908004, -117.4616877892656], [39.18841408329089, -117.4616877892656], [39.18841408329089, -119.68808778918131], [46.06288905974864, -118.57488778922345], [49.99116047494212, -117.4616877892656], [49.009092621187364, -114.12208778899654], [49.009092621187364, -111.89568778908082], [45.08082120599388, -111.89568778908082], [45.08082120599388, -111.89568778908082], [42.134617644555156, -113.00888778903868], [39.18841408329089, -113.00888778903868], [39.18841408329089, -116.34848778930774], [41.1525497908004, -115.23528778934988]]]}, "properties": {"id": 292, "height_m": 8.0, "levels": null, "category": "residencial", "extrude": true, "manzana_id": 1}}, {"type": "Feature", "geometry": {"type": "Polygon", "coordinates": [[[43.116685498484365, -111.89568778908082], [45.08082120599388, -111.89568778908082], [45.08082120599388, -111.89568778908082], [47.04495691367785, -111.89568778908082], [49.009092621187364, -111.89568778908082], [48.02702476743261, -104.10328778898034], [46.06288905974864, -105.21648778933368], [45.08082120599388, -105.21648778933368], [44.09875335223912, -105.21648778933368], [44.09875335223912, -105.21648778933368], [39.18841408329089, -106.32968778929154], [39.18841408329089, -113.00888778903868], [42.134617644555156, -113.00888778903868], [43.116685498484365, -111.89568778908082]]]}, "properties": {"id": 293, "height_m": 10.9, "levels": null, "category": "residencial", "extrude": true, "manzana_id": 1}}, {"type": "Feature", "geometry": {"type": "Polygon", "coordinates": [[[88.29180677277328, 76.23511221091576], [88.29180677277328, 76.23511221091576], [86.32767106526377, 75.1219122109579], [82.39939965007028, 72.8955122106467], [85.34560321150902, 68.44271221081527], [89.2738746267025, 69.55591221077313], [90.25594248045725, 70.66911221073099], [89.2738746267025, 71.78231221068884], [91.238010334212, 72.8955122106467], [92.22007818796676, 71.78231221068884], [94.18421389565073, 72.8955122106467], [99.09455316459898, 75.1219122109579], [97.13041745691501, 80.68791221074719], [91.238010334212, 77.34831221087362], [88.29180677277328, 76.23511221091576]]]}, "properties": {"id": 294, "height_m": 9.1, "levels": null, "category": "residencial", "extrude": true, "manzana_id": 1}}, {"type": "Feature", "geometry": {"type": "Polygon", "coordinates": [[[85.34560321150902, 66.21631221089956], [88.29180677277328, 61.763512210672644], [92.22007818796676, 63.989912210983846], [93.20214604189597, 63.989912210983846], [91.238010334212, 68.44271221081527], [95.16628174940548, 70.66911221073099], [99.09455316459898, 72.8955122106467], [99.09455316459898, 75.1219122109579], [94.18421389565073, 72.8955122106467], [92.22007818796676, 71.78231221068884], [90.25594248045725, 70.66911221073099], [89.2738746267025, 69.55591221077313], [85.34560321150902, 68.44271221081527], [85.34560321150902, 66.21631221089956]]]}, "properties": {"id": 295, "height_m": 6.8, "levels": null, "category": "residencial", "extrude": true, "manzana_id": 1}}, {"type": "Feature", "geometry": {"type": "Polygon", "coordinates": [[[88.29180677277328, 57.31071221084122], [89.2738746267025, 48.405112210782875], [93.20214604189597, 49.51831221074073], [93.20214604189597, 49.51831221074073], [95.16628174940548, 49.51831221074073], [97.13041745691501, 49.51831221074073], [99.09455316459898, 49.51831221074073], [103.02282457979246, 50.63151221069859], [104.00489243354721, 50.63151221069859], [104.00489243354721, 52.85791221100979], [99.09455316459898, 51.744712210656445], [96.14834960316024, 51.744712210656445], [95.16628174940548, 53.97111221096765], [95.16628174940548, 55.0843122109255], [94.18421389565073, 53.97111221096765], [94.18421389565073, 56.19751221088336], [93.20214604189597, 56.19751221088336], [92.22007818796676, 57.31071221084122], [92.22007818796676, 58.423912210799074], [92.22007818796676, 59.53711221075693], [100.07662101835373, 61.763512210672644], [102.04075672586325, 62.87671221102599], [101.05868887210849, 65.1031122109417], [98.11248531084422, 65.1031122109417], [98.11248531084422, 66.21631221089956], [93.20214604189597, 63.989912210983846], [92.22007818796676, 63.989912210983846], [88.29180677277328, 61.763512210672644], [88.29180677277328, 57.31071221084122]]]}, "properties": {"id": 296, "height_m": 5.8, "levels": null, "category": "residencial", "extrude": true, "manzana_id": 1}}, {"type": "Feature", "geometry": {"type": "Polygon", "coordinates": [[[94.18421389565073, 40.61271221068239], [98.11248531084422, 41.725912210640246], [100.07662101835373, 41.725912210640246], [104.98696028730197, 41.725912210640246], [104.00489243354721, 50.63151221069859], [103.02282457979246, 50.63151221069859], [99.09455316459898, 49.51831221074073], [97.13041745691501, 49.51831221074073], [95.16628174940548, 49.51831221074073], [93.20214604189597, 49.51831221074073], [93.20214604189597, 49.51831221074073], [89.2738746267025, 48.405112210782875], [89.2738746267025, 40.61271221068239], [94.18421389565073, 40.61271221068239]]]}, "properties": {"id": 297, "height_m": 6.9, "levels": null, "category": "residencial", "extrude": true, "manzana_id": 1}}, {"type": "Feature", "geometry": {"type": "Polygon", "coordinates": [[[94.18421389565073, 23.91471221091905], [98.11248531084422, 23.91471221091905], [97.13041745691501, 31.707112211019535], [94.18421389565073, 31.707112211019535], [90.25594248045725, 30.59391221066619], [91.238010334212, 22.801512210961192], [94.18421389565073, 23.91471221091905]]]}, "properties": {"id": 298, "height_m": 15.0, "levels": null, "category": "residencial", "extrude": true, "manzana_id": 1}}, {"type": "Feature", "geometry": {"type": "Polygon", "coordinates": [[[94.18421389565073, 23.91471221091905], [91.238010334212, 22.801512210961192], [91.238010334212, 17.23551221077642], [95.16628174940548, 17.23551221077642], [95.16628174940548, 20.57511221064999], [101.05868887210849, 20.57511221064999], [101.05868887210849, 18.348712210734277], [102.04075672586325, 18.348712210734277], [104.00489243354721, 18.348712210734277], [104.98696028730197, 25.027912210876906], [98.11248531084422, 23.91471221091905], [94.18421389565073, 23.91471221091905]]]}, "properties": {"id": 299, "height_m": 8.0, "levels": null, "category": "residencial", "extrude": true, "manzana_id": 1}}, {"type": "Feature", "geometry": {"type": "Polygon", "coordinates": [[[96.14834960316024, 10.55631221102928], [100.07662101835373, 10.55631221102928], [103.02282457979246, 10.55631221102928], [103.02282457979246, 10.55631221102928], [104.00489243354721, 10.55631221102928], [104.00489243354721, 15.009112210860707], [104.00489243354721, 18.348712210734277], [102.04075672586325, 18.348712210734277], [101.05868887210849, 18.348712210734277], [98.11248531084422, 17.23551221077642], [96.14834960316024, 17.23551221077642], [95.16628174940548, 17.23551221077642], [91.238010334212, 17.23551221077642], [92.22007818796676, 9.443112210675935], [96.14834960316024, 10.55631221102928]]]}, "properties": {"id": 300, "height_m": 6.4, "levels": null, "category": "residencial", "extrude": true, "manzana_id": 1}}, {"type": "Feature", "geometry": {"type": "Polygon", "coordinates": [[[96.14834960316024, 10.55631221102928], [92.22007818796676, 9.443112210675935], [92.22007818796676, 6.103512210802364], [96.14834960316024, 6.103512210802364], [96.14834960316024, 7.216712210760221], [100.07662101835373, 7.216712210760221], [100.07662101835373, 10.55631221102928], [96.14834960316024, 10.55631221102928]]]}, "properties": {"id": 301, "height_m": 12.6, "levels": null, "category": "residencial", "extrude": true, "manzana_id": 1}}, {"type": "Feature", "geometry": {"type": "Polygon", "coordinates": [[[95.16628174940548, 2.763912210928794], [97.13041745691501, 2.763912210928794], [100.07662101835373, 2.763912210928794], [102.04075672586325, 3.8771122108866507], [103.02282457979246, 3.8771122108866507], [103.02282457979246, 7.216712210760221], [96.14834960316024, 6.103512210802364], [92.22007818796676, 6.103512210802364], [92.22007818796676, 2.763912210928794], [95.16628174940548, 2.763912210928794]]]}, "properties": {"id": 302, "height_m": 11.2, "levels": null, "category": "residencial", "extrude": true, "manzana_id": 1}}, {"type": "Feature", "geometry": {"type": "Polygon", "coordinates": [[[92.22007818796676, 0.5375122110130803], [93.20214604189597, -5.028487789171692], [96.14834960316024, -5.028487789171692], [97.13041745691501, -5.028487789171692], [100.07662101835373, -3.915287789213835], [103.02282457979246, -3.915287789213835], [103.02282457979246, -3.915287789213835], [103.02282457979246, -1.6888877892981213], [103.02282457979246, 0.5375122110130803], [103.02282457979246, 3.8771122108866507], [102.04075672586325, 3.8771122108866507], [100.07662101835373, 2.763912210928794], [97.13041745691501, 2.763912210928794], [95.16628174940548, 2.763912210928794], [92.22007818796676, 2.763912210928794], [92.22007818796676, 0.5375122110130803]]]}, "properties": {"id": 303, "height_m": 10.0, "levels": null, "category": "residencial", "extrude": true, "manzana_id": 1}}, {"type": "Feature", "geometry": {"type": "Polygon", "coordinates": [[[103.02282457979246, -17.273687789103604], [104.98696028730197, -16.160487789145748], [104.00489243354721, -12.820887789272177], [104.00489243354721, -11.70768778931432], [104.00489243354721, -11.70768778931432], [103.02282457979246, -8.368087789045262], [103.02282457979246, -7.254887789087405], [103.02282457979246, -5.028487789171692], [103.02282457979246, -3.915287789213835], [100.07662101835373, -3.915287789213835], [97.13041745691501, -5.028487789171692], [96.14834960316024, -5.028487789171692], [96.14834960316024, -7.254887789087405], [93.20214604189597, -8.368087789045262], [94.18421389565073, -17.273687789103604], [96.14834960316024, -19.500087789019318], [103.02282457979246, -17.273687789103604]]]}, "properties": {"id": 304, "height_m": 6.2, "levels": null, "category": "residencial", "extrude": true, "manzana_id": 1}}, {"type": "Feature", "geometry": {"type": "Polygon", "coordinates": [[[104.00489243354721, -11.70768778931432], [104.00489243354721, -11.70768778931432], [104.00489243354721, -12.820887789272177], [104.98696028730197, -16.160487789145748], [110.87936741000497, -15.047287789187891], [115.78970667895322, -12.820887789272177], [113.82557097144371, -7.254887789087405], [113.82557097144371, -5.028487789171692], [108.91523170249545, -6.1416877891295485], [103.02282457979246, -8.368087789045262], [104.00489243354721, -11.70768778931432]]]}, "properties": {"id": 305, "height_m": 10.8, "levels": null, "category": "residencial", "extrude": true, "manzana_id": 1}}, {"type": "Feature", "geometry": {"type": "Polygon", "coordinates": [[[108.91523170249545, -6.1416877891295485], [113.82557097144371, -5.028487789171692], [112.84350311768894, -1.6888877892981213], [112.84350311768894, 3.8771122108866507], [108.91523170249545, 2.763912210928794], [108.91523170249545, 3.8771122108866507], [103.02282457979246, 3.8771122108866507], [103.02282457979246, 0.5375122110130803], [103.02282457979246, -1.6888877892981213], [103.02282457979246, -3.915287789213835], [103.02282457979246, -3.915287789213835], [103.02282457979246, -5.028487789171692], [103.02282457979246, -7.254887789087405], [103.02282457979246, -8.368087789045262], [108.91523170249545, -6.1416877891295485]]]}, "properties": {"id": 306, "height_m": 6.7, "levels": null, "category": "residencial", "extrude": true, "manzana_id": 1}}, {"type": "Feature", "geometry": {"type": "Polygon", "coordinates": [[[108.91523170249545, 3.8771122108866507], [108.91523170249545, 2.763912210928794], [112.84350311768894, 3.8771122108866507], [114.80763882519844, 3.8771122108866507], [114.80763882519844, 4.9903122108445075], [114.80763882519844, 6.103512210802364], [115.78970667895322, 8.329912210718078], [113.82557097144371, 8.329912210718078], [113.82557097144371, 8.329912210718078], [108.91523170249545, 9.443112210675935], [107.93316384874069, 9.443112210675935], [104.00489243354721, 10.55631221102928], [104.00489243354721, 10.55631221102928], [103.02282457979246, 10.55631221102928], [103.02282457979246, 8.329912210718078], [103.02282457979246, 7.216712210760221], [103.02282457979246, 3.8771122108866507], [108.91523170249545, 3.8771122108866507]]]}, "properties": {"id": 307, "height_m": 11.0, "levels": null, "category": "residencial", "extrude": true, "manzana_id": 1}}, {"type": "Feature", "geometry": {"type": "Polygon", "coordinates": [[[117.75384238663717, -2.802087789255978], [119.71797809414669, -2.802087789255978], [121.68211380183064, 0.5375122110130803], [122.66418165558542, 4.9903122108445075], [122.66418165558542, 7.216712210760221], [117.75384238663717, 8.329912210718078], [115.78970667895322, 8.329912210718078], [114.80763882519844, 6.103512210802364], [114.80763882519844, 3.8771122108866507], [114.80763882519844, -3.915287789213835], [117.75384238663717, -2.802087789255978]]]}, "properties": {"id": 308, "height_m": 7.1, "levels": null, "category": "residencial", "extrude": true, "manzana_id": 1}}, {"type": "Feature", "geometry": {"type": "Polygon", "coordinates": [[[117.75384238663717, 8.329912210718078], [122.66418165558542, 7.216712210760221], [124.62831736309494, 15.009112210860707], [120.70004594807591, 16.122312210818563], [114.80763882519844, 17.23551221077642], [114.80763882519844, 13.89591221090285], [113.82557097144371, 11.669512210987136], [113.82557097144371, 8.329912210718078], [115.78970667895322, 8.329912210718078], [117.75384238663717, 8.329912210718078]]]}, "properties": {"id": 309, "height_m": 5.8, "levels": null, "category": "residencial", "extrude": true, "manzana_id": 1}}, {"type": "Feature", "geometry": {"type": "Polygon", "coordinates": [[[113.82557097144371, 11.669512210987136], [114.80763882519844, 13.89591221090285], [114.80763882519844, 17.23551221077642], [114.80763882519844, 17.23551221077642], [110.87936741000497, 18.348712210734277], [109.8972995562502, 13.89591221090285], [107.93316384874069, 15.009112210860707], [107.93316384874069, 18.348712210734277], [105.96902814105673, 18.348712210734277], [104.00489243354721, 18.348712210734277], [104.00489243354721, 15.009112210860707], [104.00489243354721, 10.55631221102928], [104.00489243354721, 10.55631221102928], [107.93316384874069, 9.443112210675935], [108.91523170249545, 9.443112210675935], [113.82557097144371, 8.329912210718078], [113.82557097144371, 8.329912210718078], [113.82557097144371, 11.669512210987136]]]}, "properties": {"id": 310, "height_m": 10.6, "levels": null, "category": "residencial", "extrude": true, "manzana_id": 1}}, {"type": "Feature", "geometry": {"type": "Polygon", "coordinates": [[[119.71797809414669, 20.57511221064999], [122.66418165558542, 20.57511221064999], [122.66418165558542, 16.122312210818563], [124.62831736309494, 16.122312210818563], [125.61038521702415, 16.122312210818563], [130.52072448597238, 17.23551221077642], [129.53865663204317, 22.801512210961192], [126.5924530707789, 23.91471221091905], [119.71797809414669, 23.91471221091905], [116.77177453288242, 23.91471221091905], [115.78970667895322, 23.91471221091905], [114.80763882519844, 20.57511221064999], [114.80763882519844, 17.23551221077642], [118.73591024039193, 17.23551221077642], [119.71797809414669, 20.57511221064999]]]}, "properties": {"id": 311, "height_m": 6.1, "levels": null, "category": "residencial", "extrude": true, "manzana_id": 1}}, {"type": "Feature", "geometry": {"type": "Polygon", "coordinates": [[[116.77177453288242, 27.25431221079262], [117.75384238663717, 27.25431221079262], [119.71797809414669, 27.25431221079262], [119.71797809414669, 23.91471221091905], [126.5924530707789, 23.91471221091905], [129.53865663204317, 22.801512210961192], [129.53865663204317, 28.367512210750476], [129.53865663204317, 30.59391221066619], [122.66418165558542, 31.707112211019535], [118.73591024039193, 31.707112211019535], [116.77177453288242, 31.707112211019535], [115.78970667895322, 27.25431221079262], [115.78970667895322, 23.91471221091905], [116.77177453288242, 23.91471221091905], [116.77177453288242, 27.25431221079262]]]}, "properties": {"id": 312, "height_m": 6.4, "levels": null, "category": "residencial", "extrude": true, "manzana_id": 1}}, {"type": "Feature", "geometry": {"type": "Polygon", "coordinates": [[[122.66418165558542, 31.707112211019535], [129.53865663204317, 30.59391221066619], [127.57452092453366, 38.386312210766675], [117.75384238663717, 37.27311221080882], [114.80763882519844, 37.27311221080882], [109.8972995562502, 36.15991221085096], [107.93316384874069, 36.15991221085096], [107.93316384874069, 35.046712210893105], [106.95109599498593, 35.046712210893105], [105.96902814105673, 31.707112211019535], [116.77177453288242, 31.707112211019535], [118.73591024039193, 31.707112211019535], [122.66418165558542, 31.707112211019535]]]}, "properties": {"id": 313, "height_m": 6.9, "levels": null, "category": "residencial", "extrude": true, "manzana_id": 1}}, {"type": "Feature", "geometry": {"type": "Polygon", "coordinates": [[[109.8972995562502, 36.15991221085096], [114.80763882519844, 37.27311221080882], [117.75384238663717, 37.27311221080882], [127.57452092453366, 38.386312210766675], [127.57452092453366, 39.49951221072453], [128.55658877828841, 39.49951221072453], [128.55658877828841, 41.725912210640246], [127.57452092453366, 41.725912210640246], [127.57452092453366, 43.95231221095145], [123.64624950934017, 42.83911221099359], [122.66418165558542, 42.83911221099359], [117.75384238663717, 42.83911221099359], [114.80763882519844, 41.725912210640246], [110.87936741000497, 41.725912210640246], [107.93316384874069, 41.725912210640246], [107.93316384874069, 36.15991221085096], [109.8972995562502, 36.15991221085096]]]}, "properties": {"id": 314, "height_m": 11.1, "levels": null, "category": "residencial", "extrude": true, "manzana_id": 1}}, {"type": "Feature", "geometry": {"type": "Polygon", "coordinates": [[[126.5924530707789, 49.51831221074073], [125.61038521702415, 51.744712210656445], [120.70004594807591, 50.63151221069859], [118.73591024039193, 50.63151221069859], [116.77177453288242, 50.63151221069859], [117.75384238663717, 47.29191221082502], [117.75384238663717, 45.065512210909304], [117.75384238663717, 42.83911221099359], [122.66418165558542, 42.83911221099359], [123.64624950934017, 42.83911221099359], [127.57452092453366, 43.95231221095145], [126.5924530707789, 49.51831221074073]]]}, "properties": {"id": 315, "height_m": 10.0, "levels": null, "category": "residencial", "extrude": true, "manzana_id": 1}}, {"type": "Feature", "geometry": {"type": "Polygon", "coordinates": [[[118.73591024039193, 50.63151221069859], [125.61038521702415, 51.744712210656445], [124.62831736309494, 59.53711221075693], [123.64624950934017, 59.53711221075693], [119.71797809414669, 59.53711221075693], [120.70004594807591, 55.0843122109255], [117.75384238663717, 55.0843122109255], [115.78970667895322, 53.97111221096765], [115.78970667895322, 53.97111221096765], [116.77177453288242, 50.63151221069859], [118.73591024039193, 50.63151221069859]]]}, "properties": {"id": 316, "height_m": 6.1, "levels": null, "category": "residencial", "extrude": true, "manzana_id": 1}}, {"type": "Feature", "geometry": {"type": "Polygon", "coordinates": [[[123.64624950934017, 59.53711221075693], [124.62831736309494, 59.53711221075693], [123.64624950934017, 68.44271221081527], [122.66418165558542, 68.44271221081527], [119.71797809414669, 68.44271221081527], [113.82557097144371, 66.21631221089956], [114.80763882519844, 60.65031221071479], [114.80763882519844, 58.423912210799074], [119.71797809414669, 59.53711221075693], [123.64624950934017, 59.53711221075693]]]}, "properties": {"id": 317, "height_m": 10.7, "levels": null, "category": "residencial", "extrude": true, "manzana_id": 1}}, {"type": "Feature", "geometry": {"type": "Polygon", "coordinates": [[[109.8972995562502, 57.31071221084122], [109.8972995562502, 57.31071221084122], [114.80763882519844, 58.423912210799074], [114.80763882519844, 60.65031221071479], [113.82557097144371, 66.21631221089956], [109.8972995562502, 65.1031122109417], [107.93316384874069, 63.989912210983846], [104.98696028730197, 62.87671221102599], [105.96902814105673, 56.19751221088336], [109.8972995562502, 57.31071221084122]]]}, "properties": {"id": 318, "height_m": 7.6, "levels": null, "category": "residencial", "extrude": true, "manzana_id": 1}}, {"type": "Feature", "geometry": {"type": "Polygon", "coordinates": [[[111.86143526393418, 49.51831221074073], [112.84350311768894, 49.51831221074073], [116.77177453288242, 50.63151221069859], [115.78970667895322, 53.97111221096765], [115.78970667895322, 53.97111221096765], [114.80763882519844, 58.423912210799074], [109.8972995562502, 57.31071221084122], [109.8972995562502, 57.31071221084122], [105.96902814105673, 56.19751221088336], [106.95109599498593, 48.405112210782875], [110.87936741000497, 49.51831221074073], [111.86143526393418, 49.51831221074073]]]}, "properties": {"id": 319, "height_m": 9.2, "levels": null, "category": "residencial", "extrude": true, "manzana_id": 1}}, {"type": "Feature", "geometry": {"type": "Polygon", "coordinates": [[[114.80763882519844, 41.725912210640246], [117.75384238663717, 42.83911221099359], [117.75384238663717, 45.065512210909304], [117.75384238663717, 47.29191221082502], [116.77177453288242, 50.63151221069859], [112.84350311768894, 49.51831221074073], [111.86143526393418, 49.51831221074073], [110.87936741000497, 49.51831221074073], [106.95109599498593, 48.405112210782875], [107.93316384874069, 41.725912210640246], [110.87936741000497, 41.725912210640246], [114.80763882519844, 41.725912210640246]]]}, "properties": {"id": 320, "height_m": 9.1, "levels": null, "category": "residencial", "extrude": true, "manzana_id": 1}}, {"type": "Feature", "geometry": {"type": "Polygon", "coordinates": [[[105.96902814105673, 31.707112211019535], [105.96902814105673, 30.59391221066619], [110.87936741000497, 29.480712210708333], [110.87936741000497, 25.027912210876906], [115.78970667895322, 23.91471221091905], [115.78970667895322, 27.25431221079262], [116.77177453288242, 31.707112211019535], [105.96902814105673, 31.707112211019535]]]}, "properties": {"id": 321, "height_m": 13.5, "levels": null, "category": "residencial", "extrude": true, "manzana_id": 1}}, {"type": "Feature", "geometry": {"type": "Polygon", "coordinates": [[[104.98696028730197, 26.141112210834763], [104.98696028730197, 29.480712210708333], [104.98696028730197, 32.82031221097739], [97.13041745691501, 31.707112211019535], [98.11248531084422, 23.91471221091905], [104.98696028730197, 25.027912210876906], [104.98696028730197, 26.141112210834763]]]}, "properties": {"id": 322, "height_m": 10.4, "levels": null, "category": "residencial", "extrude": true, "manzana_id": 1}}, {"type": "Feature", "geometry": {"type": "Polygon", "coordinates": [[[104.98696028730197, 35.046712210893105], [104.98696028730197, 41.725912210640246], [100.07662101835373, 41.725912210640246], [98.11248531084422, 41.725912210640246], [94.18421389565073, 40.61271221068239], [89.2738746267025, 40.61271221068239], [90.25594248045725, 36.15991221085096], [95.16628174940548, 36.15991221085096], [95.16628174940548, 35.046712210893105], [90.25594248045725, 33.93351221093525], [90.25594248045725, 30.59391221066619], [94.18421389565073, 31.707112211019535], [97.13041745691501, 31.707112211019535], [104.98696028730197, 32.82031221097739], [104.98696028730197, 35.046712210893105]]]}, "properties": {"id": 323, "height_m": 9.3, "levels": null, "category": "residencial", "extrude": true, "manzana_id": 1}}, {"type": "Feature", "geometry": {"type": "Polygon", "coordinates": [[[102.04075672586325, 61.763512210672644], [95.16628174940548, 58.423912210799074], [95.16628174940548, 55.0843122109255], [95.16628174940548, 53.97111221096765], [99.09455316459898, 53.97111221096765], [99.09455316459898, 51.744712210656445], [104.00489243354721, 52.85791221100979], [103.02282457979246, 55.0843122109255], [103.02282457979246, 56.19751221088336], [102.04075672586325, 61.763512210672644]]]}, "properties": {"id": 324, "height_m": 11.7, "levels": null, "category": "residencial", "extrude": true, "manzana_id": 1}}, {"type": "Feature", "geometry": {"type": "Polygon", "coordinates": [[[111.86143526393418, 75.1219122109579], [102.04075672586325, 72.8955122106467], [103.02282457979246, 65.1031122109417], [113.82557097144371, 68.44271221081527], [111.86143526393418, 75.1219122109579]]]}, "properties": {"id": 325, "height_m": 10.9, "levels": null, "category": "residencial", "extrude": true, "manzana_id": 1}}, {"type": "Feature", "geometry": {"type": "Polygon", "coordinates": [[[119.71797809414669, 74.00871221100005], [120.70004594807591, 70.66911221073099], [122.66418165558542, 71.78231221068884], [128.55658877828841, 72.8955122106467], [126.5924530707789, 78.46151221083147], [121.68211380183064, 77.34831221087362], [120.70004594807591, 77.34831221087362], [118.73591024039193, 76.23511221091576], [116.77177453288242, 76.23511221091576], [115.78970667895322, 75.1219122109579], [112.84350311768894, 74.00871221100005], [113.82557097144371, 71.78231221068884], [119.71797809414669, 74.00871221100005]]]}, "properties": {"id": 326, "height_m": 6.1, "levels": null, "category": "residencial", "extrude": true, "manzana_id": 1}}, {"type": "Feature", "geometry": {"type": "Polygon", "coordinates": [[[111.86143526393418, 77.34831221087362], [112.84350311768894, 76.23511221091576], [112.84350311768894, 74.00871221100005], [115.78970667895322, 75.1219122109579], [116.77177453288242, 76.23511221091576], [118.73591024039193, 76.23511221091576], [120.70004594807591, 77.34831221087362], [121.68211380183064, 77.34831221087362], [126.5924530707789, 78.46151221083147], [124.62831736309494, 84.02751221101624], [119.71797809414669, 82.9143122106629], [116.77177453288242, 81.80111221070504], [117.75384238663717, 79.57471221078933], [115.78970667895322, 79.57471221078933], [114.80763882519844, 81.80111221070504], [110.87936741000497, 79.57471221078933], [111.86143526393418, 78.46151221083147], [111.86143526393418, 77.34831221087362]]]}, "properties": {"id": 327, "height_m": 7.1, "levels": null, "category": "residencial", "extrude": true, "manzana_id": 1}}, {"type": "Feature", "geometry": {"type": "Polygon", "coordinates": [[[119.71797809414669, 82.9143122106629], [124.62831736309494, 84.02751221101624], [123.64624950934017, 86.25391221093196], [121.68211380183064, 89.59351221080553], [117.75384238663717, 88.48031221084767], [111.86143526393418, 86.25391221093196], [108.91523170249545, 85.1407122109741], [109.8972995562502, 81.80111221070504], [110.87936741000497, 79.57471221078933], [114.80763882519844, 81.80111221070504], [116.77177453288242, 81.80111221070504], [119.71797809414669, 82.9143122106629]]]}, "properties": {"id": 328, "height_m": 8.6, "levels": null, "category": "residencial", "extrude": true, "manzana_id": 1}}, {"type": "Feature", "geometry": {"type": "Polygon", "coordinates": [[[111.86143526393418, 86.25391221093196], [117.75384238663717, 88.48031221084767], [121.68211380183064, 89.59351221080553], [120.70004594807591, 91.81991221072124], [119.71797809414669, 95.1595122109903], [116.77177453288242, 94.04631221063696], [115.78970667895322, 94.04631221063696], [111.86143526393418, 92.9331122106791], [112.84350311768894, 89.59351221080553], [110.87936741000497, 89.59351221080553], [109.8972995562502, 91.81991221072124], [106.95109599498593, 90.70671221076338], [106.95109599498593, 90.70671221076338], [106.95109599498593, 88.48031221084767], [108.91523170249545, 85.1407122109741], [108.91523170249545, 85.1407122109741], [108.91523170249545, 85.1407122109741], [111.86143526393418, 86.25391221093196]]]}, "properties": {"id": 329, "height_m": 8.0, "levels": null, "category": "residencial", "extrude": true, "manzana_id": 1}}, {"type": "Feature", "geometry": {"type": "Polygon", "coordinates": [[[115.78970667895322, 94.04631221063696], [116.77177453288242, 94.04631221063696], [119.71797809414669, 95.1595122109903], [119.71797809414669, 96.27271221094816], [118.73591024039193, 97.38591221090601], [118.73591024039193, 98.49911221086387], [118.73591024039193, 98.49911221086387], [117.75384238663717, 101.83871221073744], [116.77177453288242, 101.83871221073744], [116.77177453288242, 101.83871221073744], [109.8972995562502, 98.49911221086387], [106.95109599498593, 97.38591221090601], [106.95109599498593, 97.38591221090601], [107.93316384874069, 96.27271221094816], [104.00489243354721, 95.1595122109903], [104.98696028730197, 92.9331122106791], [105.96902814105673, 90.70671221076338], [106.95109599498593, 90.70671221076338], [109.8972995562502, 91.81991221072124], [111.86143526393418, 92.9331122106791], [115.78970667895322, 94.04631221063696]]]}, "properties": {"id": 330, "height_m": 8.8, "levels": null, "category": "residencial", "extrude": true, "manzana_id": 1}}, {"type": "Feature", "geometry": {"type": "Polygon", "coordinates": [[[106.95109599498593, 97.38591221090601], [109.8972995562502, 98.49911221086387], [116.77177453288242, 101.83871221073744], [114.80763882519844, 107.40471221092221], [111.86143526393418, 106.29151221096436], [111.86143526393418, 105.1783122110065], [107.93316384874069, 104.06511221065315], [104.00489243354721, 101.83871221073744], [103.02282457979246, 101.83871221073744], [102.04075672586325, 100.72551221077958], [104.98696028730197, 97.38591221090601], [106.95109599498593, 97.38591221090601], [106.95109599498593, 97.38591221090601]]]}, "properties": {"id": 331, "height_m": 6.1, "levels": null, "category": "residencial", "extrude": true, "manzana_id": 1}}, {"type": "Feature", "geometry": {"type": "Polygon", "coordinates": [[[111.86143526393418, 106.29151221096436], [114.80763882519844, 107.40471221092221], [115.78970667895322, 108.51791221088007], [113.82557097144371, 111.85751221075364], [112.84350311768894, 111.85751221075364], [108.91523170249545, 109.63111221083793], [104.00489243354721, 107.40471221092221], [101.05868887210849, 105.1783122110065], [104.00489243354721, 101.83871221073744], [107.93316384874069, 104.06511221065315], [111.86143526393418, 105.1783122110065], [111.86143526393418, 106.29151221096436]]]}, "properties": {"id": 332, "height_m": 11.0, "levels": null, "category": "residencial", "extrude": true, "manzana_id": 1}}, {"type": "Feature", "geometry": {"type": "Polygon", "coordinates": [[[108.91523170249545, 109.63111221083793], [112.84350311768894, 111.85751221075364], [111.86143526393418, 115.1971122110227], [112.84350311768894, 115.1971122110227], [111.86143526393418, 116.31031221098056], [108.91523170249545, 116.31031221098056], [102.04075672586325, 112.9707122107115], [102.04075672586325, 112.9707122107115], [102.04075672586325, 111.85751221075364], [98.11248531084422, 109.63111221083793], [100.07662101835373, 107.40471221092221], [101.05868887210849, 105.1783122110065], [104.00489243354721, 107.40471221092221], [108.91523170249545, 109.63111221083793]]]}, "properties": {"id": 333, "height_m": 6.1, "levels": null, "category": "residencial", "extrude": true, "manzana_id": 1}}, {"type": "Feature", "geometry": {"type": "Polygon", "coordinates": [[[93.20214604189597, 102.9519122106953], [94.18421389565073, 97.38591221090601], [102.04075672586325, 100.72551221077958], [103.02282457979246, 101.83871221073744], [104.00489243354721, 101.83871221073744], [101.05868887210849, 105.1783122110065], [100.07662101835373, 107.40471221092221], [98.11248531084422, 109.63111221083793], [96.14834960316024, 109.63111221083793], [93.20214604189597, 107.40471221092221], [92.22007818796676, 107.40471221092221], [92.22007818796676, 106.29151221096436], [92.22007818796676, 105.1783122110065], [93.20214604189597, 102.9519122106953]]]}, "properties": {"id": 334, "height_m": 7.0, "levels": null, "category": "residencial", "extrude": true, "manzana_id": 1}}, {"type": "Feature", "geometry": {"type": "Polygon", "coordinates": [[[96.14834960316024, 94.04631221063696], [97.13041745691501, 89.59351221080553], [104.98696028730197, 92.9331122106791], [104.00489243354721, 95.1595122109903], [104.00489243354721, 96.27271221094816], [104.98696028730197, 97.38591221090601], [102.04075672586325, 100.72551221077958], [94.18421389565073, 97.38591221090601], [96.14834960316024, 94.04631221063696]]]}, "properties": {"id": 335, "height_m": 11.5, "levels": null, "category": "residencial", "extrude": true, "manzana_id": 1}}, {"type": "Feature", "geometry": {"type": "Polygon", "coordinates": [[[104.98696028730197, 92.9331122106791], [97.13041745691501, 89.59351221080553], [99.09455316459898, 81.80111221070504], [108.91523170249545, 85.1407122109741], [106.95109599498593, 88.48031221084767], [103.02282457979246, 86.25391221093196], [102.04075672586325, 88.48031221084767], [106.95109599498593, 90.70671221076338], [106.95109599498593, 90.70671221076338], [105.96902814105673, 90.70671221076338], [104.98696028730197, 92.9331122106791]]]}, "properties": {"id": 336, "height_m": 10.1, "levels": null, "category": "residencial", "extrude": true, "manzana_id": 1}}, {"type": "Feature", "geometry": {"type": "Polygon", "coordinates": [[[100.07662101835373, 78.46151221083147], [101.05868887210849, 76.23511221091576], [101.05868887210849, 75.1219122109579], [102.04075672586325, 72.8955122106467], [111.86143526393418, 75.1219122109579], [112.84350311768894, 76.23511221091576], [111.86143526393418, 77.34831221087362], [111.86143526393418, 78.46151221083147], [110.87936741000497, 79.57471221078933], [109.8972995562502, 81.80111221070504], [108.91523170249545, 85.1407122109741], [108.91523170249545, 85.1407122109741], [108.91523170249545, 85.1407122109741], [99.09455316459898, 81.80111221070504], [100.07662101835373, 78.46151221083147], [100.07662101835373, 78.46151221083147]]]}, "properties": {"id": 337, "height_m": 6.2, "levels": null, "category": "residencial", "extrude": true, "manzana_id": 1}}, {"type": "Feature", "geometry": {"type": "Polygon", "coordinates": [[[92.22007818796676, 84.02751221101624], [89.2738746267025, 82.9143122106629], [91.238010334212, 77.34831221087362], [97.13041745691501, 80.68791221074719], [95.16628174940548, 86.25391221093196], [92.22007818796676, 84.02751221101624]]]}, "properties": {"id": 338, "height_m": 12.1, "levels": null, "category": "residencial", "extrude": true, "manzana_id": 1}}, {"type": "Feature", "geometry": {"type": "Polygon", "coordinates": [[[91.238010334212, 87.36711221088981], [87.30973891901853, 86.25391221093196], [88.29180677277328, 84.02751221101624], [89.2738746267025, 82.9143122106629], [92.22007818796676, 84.02751221101624], [95.16628174940548, 86.25391221093196], [93.20214604189597, 90.70671221076338], [92.22007818796676, 90.70671221076338], [90.25594248045725, 89.59351221080553], [91.238010334212, 87.36711221088981]]]}, "properties": {"id": 339, "height_m": 11.1, "levels": null, "category": "residencial", "extrude": true, "manzana_id": 1}}, {"type": "Feature", "geometry": {"type": "Polygon", "coordinates": [[[87.30973891901853, 94.04631221063696], [85.34560321150902, 92.9331122106791], [86.32767106526377, 88.48031221084767], [90.25594248045725, 89.59351221080553], [90.25594248045725, 89.59351221080553], [92.22007818796676, 90.70671221076338], [91.238010334212, 92.9331122106791], [93.20214604189597, 94.04631221063696], [89.2738746267025, 104.06511221065315], [88.29180677277328, 104.06511221065315], [82.39939965007028, 99.61231221082173], [84.36353535775426, 96.27271221094816], [86.32767106526377, 97.38591221090601], [87.30973891901853, 94.04631221063696]]]}, "properties": {"id": 340, "height_m": 8.6, "levels": null, "category": "residencial", "extrude": true, "manzana_id": 1}}, {"type": "Feature", "geometry": {"type": "Polygon", "coordinates": [[[88.29180677277328, 76.23511221091576], [88.29180677277328, 76.23511221091576], [91.238010334212, 77.34831221087362], [89.2738746267025, 82.9143122106629], [88.29180677277328, 84.02751221101624], [87.30973891901853, 86.25391221093196], [87.30973891901853, 87.36711221088981], [86.32767106526377, 88.48031221084767], [85.34560321150902, 92.9331122106791], [84.36353535775426, 96.27271221094816], [82.39939965007028, 99.61231221082173], [81.41733179631552, 98.49911221086387], [80.43526394256077, 96.27271221094816], [76.50699252736729, 86.25391221093196], [76.50699252736729, 84.02751221101624], [82.39939965007028, 72.8955122106467], [86.32767106526377, 75.1219122109579], [88.29180677277328, 76.23511221091576]]]}, "properties": {"id": 341, "height_m": 8.3, "levels": null, "category": "residencial", "extrude": true, "manzana_id": 1}}, {"type": "Feature", "geometry": {"type": "Polygon", "coordinates": [[[142.3055387313784, 7.216712210760221], [142.3055387313784, 6.103512210802364], [142.3055387313784, 1.6507122109709371], [148.19794585408138, 2.763912210928794], [152.12621726927483, 2.763912210928794], [150.16208156176532, 11.669512210987136], [149.1800137080106, 11.669512210987136], [146.23381014657187, 11.669512210987136], [142.3055387313784, 10.55631221102928], [141.3234708776236, 10.55631221102928], [142.3055387313784, 7.216712210760221]]]}, "properties": {"id": 342, "height_m": 8.5, "levels": null, "category": "residencial", "extrude": true, "manzana_id": 1}}, {"type": "Feature", "geometry": {"type": "Polygon", "coordinates": [[[146.23381014657187, 11.669512210987136], [149.1800137080106, 11.669512210987136], [150.16208156176532, 11.669512210987136], [148.19794585408138, 18.348712210734277], [145.25174229281708, 18.348712210734277], [141.3234708776236, 18.348712210734277], [141.3234708776236, 13.89591221090285], [141.3234708776236, 10.55631221102928], [142.3055387313784, 10.55631221102928], [146.23381014657187, 11.669512210987136]]]}, "properties": {"id": 343, "height_m": 10.3, "levels": null, "category": "residencial", "extrude": true, "manzana_id": 1}}, {"type": "Feature", "geometry": {"type": "Polygon", "coordinates": [[[139.3593351701141, 13.89591221090285], [140.34140302386888, 18.348712210734277], [134.44899590116586, 18.348712210734277], [127.57452092453366, 15.009112210860707], [127.57452092453366, 13.89591221090285], [123.64624950934017, -0.5756877893402645], [133.46692804723668, 1.6507122109709371], [138.37726731618488, 0.5375122110130803], [138.37726731618488, 1.6507122109709371], [141.3234708776236, 1.6507122109709371], [141.3234708776236, 6.103512210802364], [142.3055387313784, 6.103512210802364], [142.3055387313784, 7.216712210760221], [141.3234708776236, 10.55631221102928], [141.3234708776236, 13.89591221090285], [139.3593351701141, 13.89591221090285]]]}, "properties": {"id": 344, "height_m": 7.6, "levels": null, "category": "residencial", "extrude": true, "manzana_id": 1}}, {"type": "Feature", "geometry": {"type": "Polygon", "coordinates": [[[121.68211380183064, 111.85751221075364], [123.64624950934017, 111.85751221075364], [122.66418165558542, 114.08391221066935], [125.61038521702415, 115.1971122110227], [126.5924530707789, 116.31031221098056], [127.57452092453366, 114.08391221066935], [127.57452092453366, 114.08391221066935], [131.50279233972714, 115.1971122110227], [130.52072448597238, 115.1971122110227], [131.50279233972714, 117.42351221093841], [129.53865663204317, 122.9895122107277], [125.61038521702415, 125.21591221064341], [124.62831736309494, 122.9895122107277], [116.77177453288242, 119.64991221085413], [115.78970667895322, 117.42351221093841], [118.73591024039193, 109.63111221083793], [121.68211380183064, 111.85751221075364]]]}, "properties": {"id": 345, "height_m": 8.9, "levels": null, "category": "residencial", "extrude": true, "manzana_id": 1}}, {"type": "Feature", "geometry": {"type": "Polygon", "coordinates": [[[159.98276009966182, 9.443112210675935], [159.00069224590706, 13.89591221090285], [162.92896366110054, 13.89591221090285], [166.85723507629405, 15.009112210860707], [164.89309936861005, 22.801512210961192], [159.98276009966182, 21.688312211003336], [158.0186243921523, 21.688312211003336], [158.0186243921523, 22.801512210961192], [155.07242083071358, 21.688312211003336], [155.07242083071358, 22.801512210961192], [150.16208156176532, 21.688312211003336], [155.07242083071358, 3.8771122108866507], [161.94689580717136, 4.9903122108445075], [160.96482795341657, 8.329912210718078], [159.98276009966182, 9.443112210675935]]]}, "properties": {"id": 346, "height_m": 6.1, "levels": null, "category": "residencial", "extrude": true, "manzana_id": 1}}, {"type": "Feature", "geometry": {"type": "Polygon", "coordinates": [[[160.96482795341657, 8.329912210718078], [161.94689580717136, 4.9903122108445075], [164.89309936861005, 4.9903122108445075], [168.82137078380356, 6.103512210802364], [166.85723507629405, 15.009112210860707], [162.92896366110054, 13.89591221090285], [159.00069224590706, 13.89591221090285], [159.98276009966182, 9.443112210675935], [160.96482795341657, 8.329912210718078]]]}, "properties": {"id": 347, "height_m": 7.5, "levels": null, "category": "residencial", "extrude": true, "manzana_id": 1}}, {"type": "Feature", "geometry": {"type": "Polygon", "coordinates": [[[155.07242083071358, 22.801512210961192], [155.07242083071358, 21.688312211003336], [158.0186243921523, 22.801512210961192], [158.0186243921523, 21.688312211003336], [159.98276009966182, 21.688312211003336], [164.89309936861005, 22.801512210961192], [164.89309936861005, 22.801512210961192], [163.9110315148553, 26.141112210834763], [164.89309936861005, 26.141112210834763], [163.9110315148553, 30.59391221066619], [162.92896366110054, 30.59391221066619], [162.92896366110054, 32.82031221097739], [159.00069224590706, 32.82031221097739], [155.07242083071358, 31.707112211019535], [154.09035297695883, 35.046712210893105], [154.09035297695883, 35.046712210893105], [147.21587800032663, 33.93351221093525], [150.16208156176532, 22.801512210961192], [150.16208156176532, 21.688312211003336], [155.07242083071358, 22.801512210961192]]]}, "properties": {"id": 348, "height_m": 7.9, "levels": null, "category": "residencial", "extrude": true, "manzana_id": 1}}, {"type": "Feature", "geometry": {"type": "Polygon", "coordinates": [[[159.00069224590706, 32.82031221097739], [162.92896366110054, 32.82031221097739], [160.96482795341657, 39.49951221072453], [160.96482795341657, 40.61271221068239], [159.00069224590706, 40.61271221068239], [156.05448868446834, 40.61271221068239], [154.09035297695883, 39.49951221072453], [153.10828512320407, 39.49951221072453], [154.09035297695883, 35.046712210893105], [154.09035297695883, 35.046712210893105], [155.07242083071358, 31.707112211019535], [159.00069224590706, 32.82031221097739]]]}, "properties": {"id": 349, "height_m": 10.0, "levels": null, "category": "residencial", "extrude": true, "manzana_id": 1}}, {"type": "Feature", "geometry": {"type": "Polygon", "coordinates": [[[154.09035297695883, 41.725912210640246], [155.07242083071358, 41.725912210640246], [156.05448868446834, 40.61271221068239], [159.00069224590706, 40.61271221068239], [160.96482795341657, 40.61271221068239], [157.0365565382231, 50.63151221069859], [152.12621726927483, 48.405112210782875], [144.26967443906233, 45.065512210909304], [146.23381014657187, 38.386312210766675], [153.10828512320407, 39.49951221072453], [154.09035297695883, 39.49951221072453], [154.09035297695883, 41.725912210640246]]]}, "properties": {"id": 350, "height_m": 11.5, "levels": null, "category": "residencial", "extrude": true, "manzana_id": 1}}, {"type": "Feature", "geometry": {"type": "Polygon", "coordinates": [[[150.16208156176532, 57.31071221084122], [148.19794585408138, 56.19751221088336], [145.25174229281708, 55.0843122109255], [144.26967443906233, 55.0843122109255], [141.3234708776236, 53.97111221096765], [144.26967443906233, 45.065512210909304], [152.12621726927483, 48.405112210782875], [157.0365565382231, 50.63151221069859], [156.05448868446834, 51.744712210656445], [154.09035297695883, 57.31071221084122], [154.09035297695883, 58.423912210799074], [150.16208156176532, 57.31071221084122], [150.16208156176532, 57.31071221084122]]]}, "properties": {"id": 351, "height_m": 8.9, "levels": null, "category": "residencial", "extrude": true, "manzana_id": 1}}, {"type": "Feature", "geometry": {"type": "Polygon", "coordinates": [[[140.34140302386888, 56.19751221088336], [141.3234708776236, 53.97111221096765], [144.26967443906233, 55.0843122109255], [143.28760658513312, 57.31071221084122], [147.21587800032663, 58.423912210799074], [148.19794585408138, 56.19751221088336], [150.16208156176532, 57.31071221084122], [150.16208156176532, 57.31071221084122], [154.09035297695883, 58.423912210799074], [153.10828512320407, 60.65031221071479], [150.16208156176532, 68.44271221081527], [146.23381014657187, 66.21631221089956], [137.39519946243013, 62.87671221102599], [140.34140302386888, 56.19751221088336]]]}, "properties": {"id": 352, "height_m": 9.8, "levels": null, "category": "residencial", "extrude": true, "manzana_id": 1}}, {"type": "Feature", "geometry": {"type": "Polygon", "coordinates": [[[147.21587800032663, 69.55591221077313], [149.1800137080106, 69.55591221077313], [146.23381014657187, 77.34831221087362], [143.28760658513312, 76.23511221091576], [141.3234708776236, 75.1219122109579], [133.46692804723668, 72.8955122106467], [137.39519946243013, 62.87671221102599], [146.23381014657187, 66.21631221089956], [145.25174229281708, 68.44271221081527], [147.21587800032663, 69.55591221077313]]]}, "properties": {"id": 353, "height_m": 8.3, "levels": null, "category": "residencial", "extrude": true, "manzana_id": 1}}, {"type": "Feature", "geometry": {"type": "Polygon", "coordinates": [[[131.50279233972714, 77.34831221087362], [132.4848601934819, 75.1219122109579], [133.46692804723668, 72.8955122106467], [141.3234708776236, 75.1219122109579], [142.3055387313784, 76.23511221091576], [143.28760658513312, 76.23511221091576], [146.23381014657187, 77.34831221087362], [142.3055387313784, 87.36711221088981], [139.3593351701141, 85.1407122109741], [138.37726731618488, 85.1407122109741], [129.53865663204317, 81.80111221070504], [131.50279233972714, 77.34831221087362]]]}, "properties": {"id": 354, "height_m": 8.8, "levels": null, "category": "residencial", "extrude": true, "manzana_id": 1}}, {"type": "Feature", "geometry": {"type": "Polygon", "coordinates": [[[141.3234708776236, 90.70671221076338], [140.34140302386888, 92.9331122106791], [138.37726731618488, 96.27271221094816], [128.55658877828841, 92.9331122106791], [125.61038521702415, 91.81991221072124], [129.53865663204317, 81.80111221070504], [139.3593351701141, 85.1407122109741], [142.3055387313784, 87.36711221088981], [141.3234708776236, 90.70671221076338]]]}, "properties": {"id": 355, "height_m": 10.0, "levels": null, "category": "residencial", "extrude": true, "manzana_id": 1}}, {"type": "Feature", "geometry": {"type": "Polygon", "coordinates": [[[125.61038521702415, 92.9331122106791], [125.61038521702415, 91.81991221072124], [128.55658877828841, 92.9331122106791], [138.37726731618488, 96.27271221094816], [136.41313160867537, 101.83871221073744], [134.44899590116586, 100.72551221077958], [133.46692804723668, 99.61231221082173], [133.46692804723668, 98.49911221086387], [131.50279233972714, 97.38591221090601], [131.50279233972714, 98.49911221086387], [125.61038521702415, 96.27271221094816], [125.61038521702415, 97.38591221090601], [123.64624950934017, 96.27271221094816], [125.61038521702415, 92.9331122106791]]]}, "properties": {"id": 356, "height_m": 6.5, "levels": null, "category": "residencial", "extrude": true, "manzana_id": 1}}, {"type": "Feature", "geometry": {"type": "Polygon", "coordinates": [[[130.52072448597238, 99.61231221082173], [134.44899590116586, 100.72551221077958], [136.41313160867537, 101.83871221073744], [134.44899590116586, 106.29151221096436], [131.50279233972714, 105.1783122110065], [128.55658877828841, 104.06511221065315], [121.68211380183064, 101.83871221073744], [123.64624950934017, 96.27271221094816], [125.61038521702415, 97.38591221090601], [130.52072448597238, 99.61231221082173]]]}, "properties": {"id": 357, "height_m": 8.2, "levels": null, "category": "residencial", "extrude": true, "manzana_id": 1}}, {"type": "Feature", "geometry": {"type": "Polygon", "coordinates": [[[131.50279233972714, 105.1783122110065], [134.44899590116586, 106.29151221096436], [134.44899590116586, 107.40471221092221], [135.43106375492061, 107.40471221092221], [132.4848601934819, 115.1971122110227], [131.50279233972714, 114.08391221066935], [131.50279233972714, 115.1971122110227], [127.57452092453366, 114.08391221066935], [127.57452092453366, 114.08391221066935], [123.64624950934017, 111.85751221075364], [121.68211380183064, 111.85751221075364], [118.73591024039193, 109.63111221083793], [121.68211380183064, 101.83871221073744], [128.55658877828841, 104.06511221065315], [131.50279233972714, 105.1783122110065]]]}, "properties": {"id": 358, "height_m": 8.0, "levels": null, "category": "residencial", "extrude": true, "manzana_id": 1}}, {"type": "Feature", "geometry": {"type": "Polygon", "coordinates": [[[144.26967443906233, 20.57511221064999], [145.25174229281708, 20.57511221064999], [145.25174229281708, 20.57511221064999], [146.23381014657187, 21.688312211003336], [146.23381014657187, 21.688312211003336], [146.23381014657187, 21.688312211003336], [147.21587800032663, 21.688312211003336], [147.21587800032663, 22.801512210961192], [147.21587800032663, 22.801512210961192], [147.21587800032663, 23.91471221091905], [147.21587800032663, 23.91471221091905], [147.21587800032663, 23.91471221091905], [147.21587800032663, 25.027912210876906], [146.23381014657187, 27.25431221079262], [141.3234708776236, 27.25431221079262], [133.46692804723668, 26.141112210834763], [133.46692804723668, 21.688312211003336], [133.46692804723668, 21.688312211003336], [134.44899590116586, 21.688312211003336], [134.44899590116586, 21.688312211003336], [134.44899590116586, 20.57511221064999], [134.44899590116586, 20.57511221064999], [134.44899590116586, 20.57511221064999], [134.44899590116586, 20.57511221064999], [134.44899590116586, 20.57511221064999], [135.43106375492061, 20.57511221064999], [135.43106375492061, 20.57511221064999], [135.43106375492061, 20.57511221064999], [144.26967443906233, 20.57511221064999]]]}, "properties": {"id": 359, "height_m": 11.5, "levels": null, "category": "residencial", "extrude": true, "manzana_id": 1}}, {"type": "Feature", "geometry": {"type": "Polygon", "coordinates": [[[140.34140302386888, 38.386312210766675], [130.52072448597238, 36.15991221085096], [130.52072448597238, 35.046712210893105], [130.52072448597238, 26.141112210834763], [133.46692804723668, 26.141112210834763], [141.3234708776236, 27.25431221079262], [140.34140302386888, 32.82031221097739], [140.34140302386888, 33.93351221093525], [144.26967443906233, 35.046712210893105], [144.26967443906233, 38.386312210766675], [140.34140302386888, 38.386312210766675]]]}, "properties": {"id": 360, "height_m": 11.5, "levels": null, "category": "residencial", "extrude": true, "manzana_id": 1}}, {"type": "Feature", "geometry": {"type": "Polygon", "coordinates": [[[129.53865663204317, 55.0843122109255], [127.57452092453366, 53.97111221096765], [130.52072448597238, 36.15991221085096], [140.34140302386888, 38.386312210766675], [139.3593351701141, 45.065512210909304], [136.41313160867537, 43.95231221095145], [135.43106375492061, 48.405112210782875], [132.4848601934819, 47.29191221082502], [131.50279233972714, 52.85791221100979], [135.43106375492061, 53.97111221096765], [135.43106375492061, 56.19751221088336], [133.46692804723668, 56.19751221088336], [129.53865663204317, 55.0843122109255]]]}, "properties": {"id": 361, "height_m": 9.5, "levels": null, "category": "residencial", "extrude": true, "manzana_id": 1}}, {"type": "Feature", "geometry": {"type": "Polygon", "coordinates": [[[130.52072448597238, 60.65031221071479], [128.55658877828841, 60.65031221071479], [128.55658877828841, 59.53711221075693], [129.53865663204317, 55.0843122109255], [133.46692804723668, 56.19751221088336], [135.43106375492061, 56.19751221088336], [136.41313160867537, 56.19751221088336], [138.37726731618488, 56.19751221088336], [135.43106375492061, 63.989912210983846], [134.44899590116586, 66.21631221089956], [133.46692804723668, 67.32951221085742], [131.50279233972714, 71.78231221068884], [128.55658877828841, 70.66911221073099], [125.61038521702415, 69.55591221077313], [125.61038521702415, 68.44271221081527], [127.57452092453366, 61.763512210672644], [130.52072448597238, 61.763512210672644], [130.52072448597238, 60.65031221071479]]]}, "properties": {"id": 362, "height_m": 11.7, "levels": null, "category": "residencial", "extrude": true, "manzana_id": 1}}, {"type": "Feature", "geometry": {"type": "Polygon", "coordinates": [[[100.07662101835373, -64.02808778931103], [104.00489243354721, -62.91488778935317], [104.98696028730197, -62.91488778935317], [103.02282457979246, -59.575287789084115], [103.02282457979246, -57.3488877891684], [94.18421389565073, -59.575287789084115], [96.14834960316024, -66.25448778922674], [100.07662101835373, -64.02808778931103]]]}, "properties": {"id": 363, "height_m": 11.3, "levels": null, "category": "residencial", "extrude": true, "manzana_id": 1}}, {"type": "Feature", "geometry": {"type": "Polygon", "coordinates": [[[102.04075672586325, -74.04688778932723], [103.02282457979246, -74.04688778932723], [104.98696028730197, -72.93368778897388], [107.93316384874069, -71.82048778901603], [106.95109599498593, -70.70728778905817], [105.96902814105673, -67.3676877891846], [105.96902814105673, -67.3676877891846], [104.98696028730197, -66.25448778922674], [104.00489243354721, -62.91488778935317], [100.07662101835373, -64.02808778931103], [96.14834960316024, -66.25448778922674], [100.07662101835373, -75.16008778928509], [102.04075672586325, -74.04688778932723]]]}, "properties": {"id": 364, "height_m": 8.2, "levels": null, "category": "residencial", "extrude": true, "manzana_id": 1}}, {"type": "Feature", "geometry": {"type": "Polygon", "coordinates": [[[104.00489243354721, -79.61288778911651], [110.87936741000497, -79.61288778911651], [109.8972995562502, -77.3864877892008], [109.8972995562502, -76.27328778924294], [107.93316384874069, -72.93368778897388], [107.93316384874069, -71.82048778901603], [104.98696028730197, -72.93368778897388], [103.02282457979246, -74.04688778932723], [102.04075672586325, -74.04688778932723], [100.07662101835373, -75.16008778928509], [101.05868887210849, -79.61288778911651], [104.00489243354721, -79.61288778911651]]]}, "properties": {"id": 365, "height_m": 7.4, "levels": null, "category": "residencial", "extrude": true, "manzana_id": 1}}, {"type": "Feature", "geometry": {"type": "Polygon", "coordinates": [[[109.8972995562502, -77.3864877892008], [110.87936741000497, -79.61288778911651], [113.82557097144371, -79.61288778911651], [119.71797809414669, -79.61288778911651], [120.70004594807591, -78.49968778915866], [119.71797809414669, -76.27328778924294], [118.73591024039193, -75.16008778928509], [115.78970667895322, -68.48088778914246], [112.84350311768894, -69.59408778910031], [107.93316384874069, -71.82048778901603], [107.93316384874069, -72.93368778897388], [109.8972995562502, -76.27328778924294], [109.8972995562502, -77.3864877892008]]]}, "properties": {"id": 366, "height_m": 8.8, "levels": null, "category": "residencial", "extrude": true, "manzana_id": 1}}, {"type": "Feature", "geometry": {"type": "Polygon", "coordinates": [[[104.98696028730197, -62.91488778935317], [104.00489243354721, -62.91488778935317], [104.98696028730197, -66.25448778922674], [106.95109599498593, -65.14128778926889], [107.93316384874069, -67.3676877891846], [105.96902814105673, -67.3676877891846], [106.95109599498593, -70.70728778905817], [107.93316384874069, -71.82048778901603], [112.84350311768894, -69.59408778910031], [115.78970667895322, -68.48088778914246], [112.84350311768894, -59.575287789084115], [106.95109599498593, -61.80168778899983], [104.98696028730197, -62.91488778935317]]]}, "properties": {"id": 367, "height_m": 11.6, "levels": null, "category": "residencial", "extrude": true, "manzana_id": 1}}, {"type": "Feature", "geometry": {"type": "Polygon", "coordinates": [[[106.95109599498593, -61.80168778899983], [112.84350311768894, -59.575287789084115], [110.87936741000497, -54.00928778929483], [108.91523170249545, -55.12248778925269], [104.00489243354721, -56.235687789210544], [103.02282457979246, -57.3488877891684], [103.02282457979246, -59.575287789084115], [104.98696028730197, -62.91488778935317], [106.95109599498593, -61.80168778899983]]]}, "properties": {"id": 368, "height_m": 9.8, "levels": null, "category": "residencial", "extrude": true, "manzana_id": 1}}, {"type": "Feature", "geometry": {"type": "Polygon", "coordinates": [[[97.13041745691501, -57.3488877891684], [104.00489243354721, -54.00928778929483], [104.00489243354721, -56.235687789210544], [108.91523170249545, -55.12248778925269], [110.87936741000497, -54.00928778929483], [108.91523170249545, -49.556487789067916], [99.09455316459898, -51.78288778898363], [92.22007818796676, -54.00928778929483], [94.18421389565073, -59.575287789084115], [98.11248531084422, -58.46208778912626], [97.13041745691501, -57.3488877891684]]]}, "properties": {"id": 369, "height_m": 6.1, "levels": null, "category": "residencial", "extrude": true, "manzana_id": 1}}, {"type": "Feature", "geometry": {"type": "Polygon", "coordinates": [[[116.77177453288242, -62.91488778935317], [121.68211380183064, -76.27328778924294], [123.64624950934017, -80.72608778907437], [127.57452092453366, -80.72608778907437], [126.5924530707789, -78.49968778915866], [125.61038521702415, -75.16008778928509], [126.5924530707789, -75.16008778928509], [129.53865663204317, -74.04688778932723], [128.55658877828841, -70.70728778905817], [127.57452092453366, -69.59408778910031], [127.57452092453366, -69.59408778910031], [126.5924530707789, -66.25448778922674], [124.62831736309494, -61.80168778899983], [123.64624950934017, -60.68848778904197], [125.61038521702415, -59.575287789084115], [123.64624950934017, -55.12248778925269], [114.80763882519844, -58.46208778912626], [116.77177453288242, -62.91488778935317]]]}, "properties": {"id": 370, "height_m": 11.4, "levels": null, "category": "residencial", "extrude": true, "manzana_id": 1}}, {"type": "Feature", "geometry": {"type": "Polygon", "coordinates": [[[126.5924530707789, -78.49968778915866], [127.57452092453366, -80.72608778907437], [131.50279233972714, -81.83928778903223], [133.46692804723668, -81.83928778903223], [137.39519946243013, -81.83928778903223], [136.41313160867537, -80.72608778907437], [136.41313160867537, -79.61288778911651], [134.44899590116586, -74.04688778932723], [130.52072448597238, -76.27328778924294], [129.53865663204317, -74.04688778932723], [126.5924530707789, -75.16008778928509], [125.61038521702415, -75.16008778928509], [126.5924530707789, -78.49968778915866]]]}, "properties": {"id": 371, "height_m": 10.0, "levels": null, "category": "residencial", "extrude": true, "manzana_id": 1}}, {"type": "Feature", "geometry": {"type": "Polygon", "coordinates": [[[136.41313160867537, -80.72608778907437], [137.39519946243013, -81.83928778903223], [146.23381014657187, -82.95248778899008], [144.26967443906233, -77.3864877892008], [143.28760658513312, -74.04688778932723], [143.28760658513312, -72.93368778897388], [141.3234708776236, -67.3676877891846], [141.3234708776236, -66.25448778922674], [140.34140302386888, -66.25448778922674], [137.39519946243013, -67.3676877891846], [136.41313160867537, -68.48088778914246], [135.43106375492061, -67.3676877891846], [132.4848601934819, -68.48088778914246], [132.4848601934819, -69.59408778910031], [134.44899590116586, -74.04688778932723], [136.41313160867537, -79.61288778911651], [136.41313160867537, -80.72608778907437]]]}, "properties": {"id": 372, "height_m": 6.7, "levels": null, "category": "residencial", "extrude": true, "manzana_id": 1}}, {"type": "Feature", "geometry": {"type": "Polygon", "coordinates": [[[147.21587800032663, -66.25448778922674], [141.3234708776236, -67.3676877891846], [143.28760658513312, -72.93368778897388], [143.28760658513312, -74.04688778932723], [144.26967443906233, -77.3864877892008], [146.23381014657187, -82.95248778899008], [152.12621726927483, -84.06568778934343], [152.12621726927483, -82.95248778899008], [152.12621726927483, -78.49968778915866], [151.1441494155201, -71.82048778901603], [151.1441494155201, -69.59408778910031], [150.16208156176532, -69.59408778910031], [150.16208156176532, -66.25448778922674], [147.21587800032663, -66.25448778922674]]]}, "properties": {"id": 373, "height_m": 6.7, "levels": null, "category": "residencial", "extrude": true, "manzana_id": 1}}, {"type": "Feature", "geometry": {"type": "Polygon", "coordinates": [[[159.00069224590706, -87.405287789217], [160.96482795341657, -87.405287789217], [159.98276009966182, -81.83928778903223], [159.98276009966182, -78.49968778915866], [156.05448868446834, -78.49968778915866], [152.12621726927483, -78.49968778915866], [152.12621726927483, -82.95248778899008], [152.12621726927483, -84.06568778934343], [152.12621726927483, -86.29208778925914], [154.09035297695883, -87.405287789217], [159.00069224590706, -87.405287789217]]]}, "properties": {"id": 374, "height_m": 8.8, "levels": null, "category": "residencial", "extrude": true, "manzana_id": 1}}, {"type": "Feature", "geometry": {"type": "Polygon", "coordinates": [[[164.89309936861005, -77.3864877892008], [159.98276009966182, -78.49968778915866], [159.98276009966182, -81.83928778903223], [160.96482795341657, -87.405287789217], [165.8751672223648, -87.405287789217], [164.89309936861005, -77.3864877892008]]]}, "properties": {"id": 375, "height_m": 11.9, "levels": null, "category": "residencial", "extrude": true, "manzana_id": 1}}, {"type": "Feature", "geometry": {"type": "Polygon", "coordinates": [[[174.71377790650655, -90.74488778909057], [176.6779136141905, -91.85808778904843], [177.65998146794527, -90.74488778909057], [177.65998146794527, -89.63168778913271], [176.6779136141905, -86.29208778925914], [175.6958457602613, -81.83928778903223], [173.7317100527518, -82.95248778899008], [172.749642198997, -76.27328778924294], [171.76757434524225, -76.27328778924294], [168.82137078380356, -76.27328778924294], [170.78550649131307, -86.29208778925914], [170.78550649131307, -90.74488778909057], [174.71377790650655, -90.74488778909057]]]}, "properties": {"id": 376, "height_m": 7.4, "levels": null, "category": "residencial", "extrude": true, "manzana_id": 1}}, {"type": "Feature", "geometry": {"type": "Polygon", "coordinates": [[[176.6779136141905, -86.29208778925914], [177.65998146794527, -89.63168778913271], [177.65998146794527, -90.74488778909057], [183.55238859064826, -89.63168778913271], [187.48066000584174, -88.51848778917486], [192.39099927478998, -87.405287789217], [190.42686356728046, -78.49968778915866], [187.48066000584174, -78.49968778915866], [185.51652429833223, -79.61288778911651], [183.55238859064826, -79.61288778911651], [180.606185029384, -80.72608778907437], [180.606185029384, -80.72608778907437], [176.6779136141905, -81.83928778903223], [175.6958457602613, -81.83928778903223], [176.6779136141905, -86.29208778925914]]]}, "properties": {"id": 377, "height_m": 10.1, "levels": null, "category": "residencial", "extrude": true, "manzana_id": 1}}, {"type": "Feature", "geometry": {"type": "Polygon", "coordinates": [[[182.5703207368935, -78.49968778915866], [183.55238859064826, -79.61288778911651], [185.51652429833223, -79.61288778911651], [187.48066000584174, -78.49968778915866], [190.42686356728046, -78.49968778915866], [190.42686356728046, -77.3864877892008], [191.40893142103522, -77.3864877892008], [189.44479571335125, -72.93368778897388], [188.46272785959653, -72.93368778897388], [188.46272785959653, -72.93368778897388], [185.51652429833223, -72.93368778897388], [177.65998146794527, -75.16008778928509], [175.6958457602613, -76.27328778924294], [176.6779136141905, -77.3864877892008], [175.6958457602613, -77.3864877892008], [176.6779136141905, -81.83928778903223], [180.606185029384, -80.72608778907437], [179.62411717545478, -78.49968778915866], [182.5703207368935, -77.3864877892008], [182.5703207368935, -78.49968778915866]]]}, "properties": {"id": 378, "height_m": 8.8, "levels": null, "category": "residencial", "extrude": true, "manzana_id": 1}}, {"type": "Feature", "geometry": {"type": "Polygon", "coordinates": [[[177.65998146794527, -75.16008778928509], [185.51652429833223, -72.93368778897388], [188.46272785959653, -72.93368778897388], [188.46272785959653, -71.82048778901603], [187.48066000584174, -67.3676877891846], [187.48066000584174, -67.3676877891846], [185.51652429833223, -67.3676877891846], [180.606185029384, -69.59408778910031], [180.606185029384, -70.70728778905817], [177.65998146794527, -70.70728778905817], [177.65998146794527, -71.82048778901603], [177.65998146794527, -71.82048778901603], [172.749642198997, -72.93368778897388], [173.7317100527518, -76.27328778924294], [174.71377790650655, -76.27328778924294], [175.6958457602613, -76.27328778924294], [177.65998146794527, -75.16008778928509]]]}, "properties": {"id": 379, "height_m": 8.5, "levels": null, "category": "residencial", "extrude": true, "manzana_id": 1}}, {"type": "Feature", "geometry": {"type": "Polygon", "coordinates": [[[176.6779136141905, -62.91488778935317], [170.78550649131307, -65.14128778926889], [172.749642198997, -72.93368778897388], [177.65998146794527, -71.82048778901603], [177.65998146794527, -71.82048778901603], [177.65998146794527, -70.70728778905817], [180.606185029384, -70.70728778905817], [180.606185029384, -69.59408778910031], [185.51652429833223, -67.3676877891846], [187.48066000584174, -67.3676877891846], [185.51652429833223, -60.68848778904197], [182.5703207368935, -61.80168778899983], [178.6420493217, -62.91488778935317], [176.6779136141905, -62.91488778935317]]]}, "properties": {"id": 380, "height_m": 8.6, "levels": null, "category": "residencial", "extrude": true, "manzana_id": 1}}, {"type": "Feature", "geometry": {"type": "Polygon", "coordinates": [[[182.5703207368935, -61.80168778899983], [185.51652429833223, -60.68848778904197], [185.51652429833223, -60.68848778904197], [186.49859215208699, -59.575287789084115], [185.51652429833223, -56.235687789210544], [184.53445644440302, -55.12248778925269], [184.53445644440302, -55.12248778925269], [180.606185029384, -56.235687789210544], [180.606185029384, -56.235687789210544], [178.6420493217, -56.235687789210544], [178.6420493217, -56.235687789210544], [176.6779136141905, -56.235687789210544], [174.71377790650655, -57.3488877891684], [172.749642198997, -57.3488877891684], [172.749642198997, -58.46208778912626], [174.71377790650655, -58.46208778912626], [174.71377790650655, -60.68848778904197], [173.7317100527518, -60.68848778904197], [172.749642198997, -59.575287789084115], [169.8034386375583, -60.68848778904197], [170.78550649131307, -65.14128778926889], [176.6779136141905, -62.91488778935317], [175.6958457602613, -60.68848778904197], [177.65998146794527, -60.68848778904197], [178.6420493217, -62.91488778935317], [182.5703207368935, -61.80168778899983]]]}, "properties": {"id": 381, "height_m": 6.2, "levels": null, "category": "residencial", "extrude": true, "manzana_id": 1}}, {"type": "Feature", "geometry": {"type": "Polygon", "coordinates": [[[168.82137078380356, -58.46208778912626], [169.8034386375583, -60.68848778904197], [172.749642198997, -59.575287789084115], [172.749642198997, -58.46208778912626], [172.749642198997, -57.3488877891684], [174.71377790650655, -57.3488877891684], [173.7317100527518, -55.12248778925269], [175.6958457602613, -54.00928778929483], [176.6779136141905, -56.235687789210544], [178.6420493217, -56.235687789210544], [178.6420493217, -56.235687789210544], [180.606185029384, -56.235687789210544], [180.606185029384, -56.235687789210544], [184.53445644440302, -55.12248778925269], [184.53445644440302, -55.12248778925269], [185.51652429833223, -55.12248778925269], [184.53445644440302, -50.66968778902577], [183.55238859064826, -48.44328778911006], [182.5703207368935, -48.44328778911006], [182.5703207368935, -48.44328778911006], [166.85723507629405, -52.896087789336974], [168.82137078380356, -58.46208778912626]]]}, "properties": {"id": 382, "height_m": 11.2, "levels": null, "category": "residencial", "extrude": true, "manzana_id": 1}}, {"type": "Feature", "geometry": {"type": "Polygon", "coordinates": [[[159.98276009966182, -64.02808778931103], [157.0365565382231, -65.14128778926889], [156.05448868446834, -65.14128778926889], [153.10828512320407, -65.14128778926889], [153.10828512320407, -68.48088778914246], [158.0186243921523, -68.48088778914246], [160.96482795341657, -68.48088778914246], [161.94689580717136, -68.48088778914246], [168.82137078380356, -66.25448778922674], [164.89309936861005, -54.00928778929483], [159.98276009966182, -55.12248778925269], [155.07242083071358, -57.3488877891684], [157.0365565382231, -60.68848778904197], [159.00069224590706, -59.575287789084115], [159.98276009966182, -64.02808778931103]]]}, "properties": {"id": 383, "height_m": 6.3, "levels": null, "category": "residencial", "extrude": true, "manzana_id": 1}}, {"type": "Feature", "geometry": {"type": "Polygon", "coordinates": [[[130.52072448597238, -64.02808778931103], [132.4848601934819, -68.48088778914246], [135.43106375492061, -67.3676877891846], [136.41313160867537, -68.48088778914246], [137.39519946243013, -67.3676877891846], [140.34140302386888, -66.25448778922674], [140.34140302386888, -65.14128778926889], [139.3593351701141, -61.80168778899983], [137.39519946243013, -57.3488877891684], [130.52072448597238, -59.575287789084115], [128.55658877828841, -59.575287789084115], [130.52072448597238, -64.02808778931103]]]}, "properties": {"id": 384, "height_m": 8.2, "levels": null, "category": "residencial", "extrude": true, "manzana_id": 1}}, {"type": "Feature", "geometry": {"type": "Polygon", "coordinates": [[[127.57452092453366, -69.59408778910031], [128.55658877828841, -70.70728778905817], [129.53865663204317, -74.04688778932723], [130.52072448597238, -76.27328778924294], [134.44899590116586, -74.04688778932723], [132.4848601934819, -69.59408778910031], [132.4848601934819, -68.48088778914246], [130.52072448597238, -64.02808778931103], [128.55658877828841, -59.575287789084115], [124.62831736309494, -61.80168778899983], [126.5924530707789, -66.25448778922674], [127.57452092453366, -69.59408778910031], [127.57452092453366, -69.59408778910031]]]}, "properties": {"id": 385, "height_m": 9.7, "levels": null, "category": "residencial", "extrude": true, "manzana_id": 1}}, {"type": "Feature", "geometry": {"type": "Polygon", "coordinates": [[[128.55658877828841, -50.66968778902577], [124.62831736309494, -51.78288778898363], [124.62831736309494, -54.00928778929483], [124.62831736309494, -54.00928778929483], [126.5924530707789, -58.46208778912626], [130.52072448597238, -57.3488877891684], [129.53865663204317, -51.78288778898363], [128.55658877828841, -50.66968778902577]]]}, "properties": {"id": 386, "height_m": 13.7, "levels": null, "category": "residencial", "extrude": true, "manzana_id": 1}}, {"type": "Feature", "geometry": {"type": "Polygon", "coordinates": [[[132.4848601934819, -56.235687789210544], [136.41313160867537, -56.235687789210544], [143.28760658513312, -55.12248778925269], [141.3234708776236, -46.216887789194345], [130.52072448597238, -50.66968778902577], [129.53865663204317, -49.556487789067916], [128.55658877828841, -49.556487789067916], [128.55658877828841, -50.66968778902577], [129.53865663204317, -51.78288778898363], [130.52072448597238, -57.3488877891684], [132.4848601934819, -56.235687789210544]]]}, "properties": {"id": 387, "height_m": 9.5, "levels": null, "category": "residencial", "extrude": true, "manzana_id": 1}}, {"type": "Feature", "geometry": {"type": "Polygon", "coordinates": [[[152.12621726927483, -52.896087789336974], [159.00069224590706, -51.78288778898363], [159.00069224590706, -49.556487789067916], [155.07242083071358, -48.44328778911006], [150.16208156176532, -47.3300877891522], [150.16208156176532, -50.66968778902577], [151.1441494155201, -52.896087789336974], [152.12621726927483, -52.896087789336974]]]}, "properties": {"id": 388, "height_m": 13.1, "levels": null, "category": "residencial", "extrude": true, "manzana_id": 1}}, {"type": "Feature", "geometry": {"type": "Polygon", "coordinates": [[[146.23381014657187, -54.00928778929483], [151.1441494155201, -52.896087789336974], [150.16208156176532, -50.66968778902577], [150.16208156176532, -47.3300877891522], [146.23381014657187, -46.216887789194345], [144.26967443906233, -46.216887789194345], [141.3234708776236, -46.216887789194345], [143.28760658513312, -55.12248778925269], [146.23381014657187, -54.00928778929483]]]}, "properties": {"id": 389, "height_m": 11.1, "levels": null, "category": "residencial", "extrude": true, "manzana_id": 1}}, {"type": "Feature", "geometry": {"type": "Polygon", "coordinates": [[[146.23381014657187, -46.216887789194345], [138.37726731618488, -36.198087789178146], [134.44899590116586, -38.42448778909386], [125.61038521702415, -42.877287789320775], [128.55658877828841, -49.556487789067916], [129.53865663204317, -49.556487789067916], [130.52072448597238, -50.66968778902577], [141.3234708776236, -46.216887789194345], [144.26967443906233, -46.216887789194345], [146.23381014657187, -46.216887789194345]]]}, "properties": {"id": 390, "height_m": 7.8, "levels": null, "category": "residencial", "extrude": true, "manzana_id": 1}}, {"type": "Feature", "geometry": {"type": "Polygon", "coordinates": [[[115.78970667895322, -37.311287789136], [110.87936741000497, -39.537687789051716], [114.80763882519844, -48.44328778911006], [119.71797809414669, -45.10368778923649], [115.78970667895322, -37.311287789136]]]}, "properties": {"id": 391, "height_m": 12.7, "levels": null, "category": "residencial", "extrude": true, "manzana_id": 1}}, {"type": "Feature", "geometry": {"type": "Polygon", "coordinates": [[[125.61038521702415, -36.198087789178146], [126.5924530707789, -39.537687789051716], [131.50279233972714, -37.311287789136], [127.57452092453366, -30.632087788993374], [123.64624950934017, -32.858487789304576], [122.66418165558542, -32.858487789304576], [119.71797809414669, -35.08488778922029], [121.68211380183064, -38.42448778909386], [125.61038521702415, -36.198087789178146]]]}, "properties": {"id": 392, "height_m": 14.2, "levels": null, "category": "residencial", "extrude": true, "manzana_id": 1}}, {"type": "Feature", "geometry": {"type": "Polygon", "coordinates": [[[123.64624950934017, -32.858487789304576], [127.57452092453366, -30.632087788993374], [123.64624950934017, -22.839687789288377], [121.68211380183064, -23.952887789246233], [117.75384238663717, -26.179287789161947], [115.78970667895322, -27.292487789119804], [117.75384238663717, -31.74528778934672], [116.77177453288242, -32.858487789304576], [114.80763882519844, -28.40568778907766], [111.86143526393418, -29.518887789035517], [115.78970667895322, -37.311287789136], [119.71797809414669, -35.08488778922029], [119.71797809414669, -35.08488778922029], [122.66418165558542, -32.858487789304576], [123.64624950934017, -32.858487789304576]]]}, "properties": {"id": 393, "height_m": 9.4, "levels": null, "category": "residencial", "extrude": true, "manzana_id": 1}}, {"type": "Feature", "geometry": {"type": "Polygon", "coordinates": [[[111.86143526393418, -27.292487789119804], [105.96902814105673, -29.518887789035517], [110.87936741000497, -39.537687789051716], [115.78970667895322, -37.311287789136], [111.86143526393418, -29.518887789035517], [114.80763882519844, -28.40568778907766], [115.78970667895322, -27.292487789119804], [117.75384238663717, -26.179287789161947], [116.77177453288242, -25.06608778920409], [116.77177453288242, -25.06608778920409], [111.86143526393418, -27.292487789119804]]]}, "properties": {"id": 394, "height_m": 10.6, "levels": null, "category": "residencial", "extrude": true, "manzana_id": 1}}, {"type": "Feature", "geometry": {"type": "Polygon", "coordinates": [[[116.77177453288242, -25.06608778920409], [116.77177453288242, -25.06608778920409], [122.66418165558542, -21.72648778933052], [118.73591024039193, -16.160487789145748], [113.82557097144371, -18.38688778906146], [109.8972995562502, -20.613287788977175], [108.91523170249545, -20.613287788977175], [109.8972995562502, -22.839687789288377], [111.86143526393418, -27.292487789119804], [116.77177453288242, -25.06608778920409]]]}, "properties": {"id": 395, "height_m": 6.3, "levels": null, "category": "residencial", "extrude": true, "manzana_id": 1}}, {"type": "Feature", "geometry": {"type": "Polygon", "coordinates": [[[109.8972995562502, -22.839687789288377], [108.91523170249545, -20.613287788977175], [104.00489243354721, -22.839687789288377], [104.00489243354721, -21.72648778933052], [100.07662101835373, -22.839687789288377], [101.05868887210849, -27.292487789119804], [102.04075672586325, -30.632087788993374], [105.96902814105673, -29.518887789035517], [111.86143526393418, -27.292487789119804], [109.8972995562502, -22.839687789288377]]]}, "properties": {"id": 396, "height_m": 8.9, "levels": null, "category": "residencial", "extrude": true, "manzana_id": 1}}, {"type": "Feature", "geometry": {"type": "Polygon", "coordinates": [[[96.14834960316024, -30.632087788993374], [96.14834960316024, -32.858487789304576], [102.04075672586325, -30.632087788993374], [101.05868887210849, -27.292487789119804], [101.05868887210849, -27.292487789119804], [100.07662101835373, -22.839687789288377], [94.18421389565073, -25.06608778920409], [96.14834960316024, -30.632087788993374]]]}, "properties": {"id": 397, "height_m": 15.1, "levels": null, "category": "residencial", "extrude": true, "manzana_id": 1}}, {"type": "Feature", "geometry": {"type": "Polygon", "coordinates": [[[102.04075672586325, -30.632087788993374], [96.14834960316024, -32.858487789304576], [100.07662101835373, -42.877287789320775], [95.16628174940548, -45.10368778923649], [92.22007818796676, -54.00928778929483], [99.09455316459898, -51.78288778898363], [108.91523170249545, -49.556487789067916], [106.95109599498593, -43.99048778927863], [107.93316384874069, -43.99048778927863], [109.8972995562502, -49.556487789067916], [110.87936741000497, -49.556487789067916], [110.87936741000497, -49.556487789067916], [114.80763882519844, -48.44328778911006], [110.87936741000497, -39.537687789051716], [105.96902814105673, -29.518887789035517], [102.04075672586325, -30.632087788993374]]]}, "properties": {"id": 398, "height_m": 8.8, "levels": null, "category": "residencial", "extrude": true, "manzana_id": 1}}, {"type": "Feature", "geometry": {"type": "Polygon", "coordinates": [[[154.09035297695883, -90.74488778909057], [155.07242083071358, -94.08448778935963], [155.07242083071358, -98.53728778919105], [168.82137078380356, -94.08448778935963], [167.83930293004877, -91.85808778904843], [163.9110315148553, -90.74488778909057], [159.00069224590706, -89.63168778913271], [154.09035297695883, -88.51848778917486], [154.09035297695883, -90.74488778909057]]]}, "properties": {"id": 399, "height_m": 11.8, "levels": null, "category": "residencial", "extrude": true, "manzana_id": 1}}, {"type": "Feature", "geometry": {"type": "Polygon", "coordinates": [[[124.62831736309494, -18.38688778906146], [133.46692804723668, -27.292487789119804], [141.3234708776236, -23.952887789246233], [138.37726731618488, -18.38688778906146], [136.41313160867537, -20.613287788977175], [135.43106375492061, -18.38688778906146], [134.44899590116586, -16.160487789145748], [134.44899590116586, -15.047287789187891], [133.46692804723668, -15.047287789187891], [132.4848601934819, -15.047287789187891], [129.53865663204317, -15.047287789187891], [127.57452092453366, -16.160487789145748], [122.66418165558542, -16.160487789145748], [124.62831736309494, -18.38688778906146]]]}, "properties": {"id": 400, "height_m": 11.6, "levels": null, "category": "residencial", "extrude": true, "manzana_id": 1}}, {"type": "Feature", "geometry": {"type": "Polygon", "coordinates": [[[142.3055387313784, -33.97168778926243], [139.3593351701141, -35.08488778922029], [148.19794585408138, -45.10368778923649], [149.1800137080106, -45.10368778923649], [147.21587800032663, -39.537687789051716], [146.23381014657187, -37.311287789136], [146.23381014657187, -35.08488778922029], [146.23381014657187, -33.97168778926243], [145.25174229281708, -31.74528778934672], [142.3055387313784, -33.97168778926243]]]}, "properties": {"id": 401, "height_m": 11.3, "levels": null, "category": "residencial", "extrude": true, "manzana_id": 1}}, {"type": "Feature", "geometry": {"type": "Polygon", "coordinates": [[[146.23381014657187, -33.97168778926243], [146.23381014657187, -35.08488778922029], [146.23381014657187, -37.311287789136], [147.21587800032663, -39.537687789051716], [149.1800137080106, -45.10368778923649], [154.09035297695883, -46.216887789194345], [157.0365565382231, -46.216887789194345], [158.0186243921523, -41.76408778936292], [155.07242083071358, -41.76408778936292], [150.16208156176532, -40.65088778900957], [150.16208156176532, -38.42448778909386], [153.10828512320407, -38.42448778909386], [152.12621726927483, -35.08488778922029], [153.10828512320407, -35.08488778922029], [150.16208156176532, -29.518887789035517], [146.23381014657187, -31.74528778934672], [145.25174229281708, -31.74528778934672], [146.23381014657187, -33.97168778926243]]]}, "properties": {"id": 402, "height_m": 10.5, "levels": null, "category": "residencial", "extrude": true, "manzana_id": 1}}, {"type": "Feature", "geometry": {"type": "Polygon", "coordinates": [[[158.0186243921523, -41.76408778936292], [157.0365565382231, -46.216887789194345], [164.89309936861005, -47.3300877891522], [162.92896366110054, -43.99048778927863], [162.92896366110054, -41.76408778936292], [160.96482795341657, -37.311287789136], [159.98276009966182, -33.97168778926243], [159.00069224590706, -30.632087788993374], [153.10828512320407, -33.97168778926243], [158.0186243921523, -41.76408778936292]]]}, "properties": {"id": 403, "height_m": 7.6, "levels": null, "category": "residencial", "extrude": true, "manzana_id": 1}}, {"type": "Feature", "geometry": {"type": "Polygon", "coordinates": [[[162.92896366110054, -43.99048778927863], [164.89309936861005, -47.3300877891522], [165.8751672223648, -50.66968778902577], [170.78550649131307, -49.556487789067916], [168.82137078380356, -42.877287789320775], [168.82137078380356, -41.76408778936292], [167.83930293004877, -39.537687789051716], [164.89309936861005, -40.65088778900957], [162.92896366110054, -41.76408778936292], [162.92896366110054, -43.99048778927863]]]}, "properties": {"id": 404, "height_m": 14.4, "levels": null, "category": "residencial", "extrude": true, "manzana_id": 1}}, {"type": "Feature", "geometry": {"type": "Polygon", "coordinates": [[[174.71377790650655, -48.44328778911006], [181.58825288313875, -46.216887789194345], [181.58825288313875, -45.10368778923649], [182.5703207368935, -45.10368778923649], [180.606185029384, -37.311287789136], [179.62411717545478, -37.311287789136], [179.62411717545478, -36.198087789178146], [174.71377790650655, -37.311287789136], [174.71377790650655, -37.311287789136], [170.78550649131307, -38.42448778909386], [171.76757434524225, -41.76408778936292], [168.82137078380356, -42.877287789320775], [170.78550649131307, -49.556487789067916], [174.71377790650655, -48.44328778911006]]]}, "properties": {"id": 405, "height_m": 9.2, "levels": null, "category": "residencial", "extrude": true, "manzana_id": 1}}, {"type": "Feature", "geometry": {"type": "Polygon", "coordinates": [[[164.89309936861005, -40.65088778900957], [167.83930293004877, -39.537687789051716], [170.78550649131307, -38.42448778909386], [174.71377790650655, -37.311287789136], [174.71377790650655, -37.311287789136], [179.62411717545478, -36.198087789178146], [177.65998146794527, -29.518887789035517], [173.7317100527518, -30.632087788993374], [173.7317100527518, -33.97168778926243], [165.8751672223648, -36.198087789178146], [164.89309936861005, -32.858487789304576], [163.9110315148553, -32.858487789304576], [162.92896366110054, -33.97168778926243], [159.98276009966182, -33.97168778926243], [160.96482795341657, -37.311287789136], [162.92896366110054, -41.76408778936292], [164.89309936861005, -40.65088778900957]]]}, "properties": {"id": 406, "height_m": 11.2, "levels": null, "category": "residencial", "extrude": true, "manzana_id": 1}}, {"type": "Feature", "geometry": {"type": "Polygon", "coordinates": [[[163.9110315148553, -32.858487789304576], [164.89309936861005, -32.858487789304576], [172.749642198997, -30.632087788993374], [173.7317100527518, -30.632087788993374], [177.65998146794527, -29.518887789035517], [176.6779136141905, -23.952887789246233], [175.6958457602613, -23.952887789246233], [170.78550649131307, -25.06608778920409], [170.78550649131307, -25.06608778920409], [167.83930293004877, -25.06608778920409], [163.9110315148553, -26.179287789161947], [162.92896366110054, -26.179287789161947], [159.00069224590706, -27.292487789119804], [159.00069224590706, -26.179287789161947], [158.0186243921523, -27.292487789119804], [159.00069224590706, -30.632087788993374], [159.98276009966182, -33.97168778926243], [162.92896366110054, -33.97168778926243], [163.9110315148553, -32.858487789304576]]]}, "properties": {"id": 407, "height_m": 6.8, "levels": null, "category": "residencial", "extrude": true, "manzana_id": 1}}, {"type": "Feature", "geometry": {"type": "Polygon", "coordinates": [[[166.85723507629405, -22.839687789288377], [169.8034386375583, -22.839687789288377], [169.8034386375583, -25.06608778920409], [170.78550649131307, -25.06608778920409], [170.78550649131307, -25.06608778920409], [174.71377790650655, -23.952887789246233], [175.6958457602613, -23.952887789246233], [176.6779136141905, -23.952887789246233], [176.6779136141905, -22.839687789288377], [176.6779136141905, -22.839687789288377], [176.6779136141905, -21.72648778933052], [175.6958457602613, -18.38688778906146], [174.71377790650655, -18.38688778906146], [174.71377790650655, -17.273687789103604], [174.71377790650655, -17.273687789103604], [173.7317100527518, -17.273687789103604], [172.749642198997, -17.273687789103604], [168.82137078380356, -18.38688778906146], [168.82137078380356, -20.613287788977175], [166.85723507629405, -21.72648778933052], [166.85723507629405, -19.500087789019318], [161.94689580717136, -19.500087789019318], [163.9110315148553, -26.179287789161947], [167.83930293004877, -25.06608778920409], [166.85723507629405, -22.839687789288377]]]}, "properties": {"id": 408, "height_m": 9.5, "levels": null, "category": "residencial", "extrude": true, "manzana_id": 1}}, {"type": "Feature", "geometry": {"type": "Polygon", "coordinates": [[[163.9110315148553, -12.820887789272177], [163.9110315148553, -15.047287789187891], [160.96482795341657, -15.047287789187891], [160.96482795341657, -15.047287789187891], [161.94689580717136, -19.500087789019318], [161.94689580717136, -19.500087789019318], [166.85723507629405, -18.38688778906146], [168.82137078380356, -18.38688778906146], [173.7317100527518, -17.273687789103604], [174.71377790650655, -17.273687789103604], [173.7317100527518, -10.594487789356464], [166.85723507629405, -11.70768778931432], [163.9110315148553, -12.820887789272177]]]}, "properties": {"id": 409, "height_m": 6.2, "levels": null, "category": "residencial", "extrude": true, "manzana_id": 1}}, {"type": "Feature", "geometry": {"type": "Polygon", "coordinates": [[[163.9110315148553, -12.820887789272177], [166.85723507629405, -11.70768778931432], [173.7317100527518, -10.594487789356464], [173.7317100527518, -9.481287789003119], [174.71377790650655, -9.481287789003119], [171.76757434524225, 2.763912210928794], [170.78550649131307, 2.763912210928794], [158.0186243921523, 0.5375122110130803], [159.00069224590706, -1.6888877892981213], [159.98276009966182, -7.254887789087405], [160.96482795341657, -10.594487789356464], [160.96482795341657, -15.047287789187891], [163.9110315148553, -15.047287789187891], [163.9110315148553, -12.820887789272177]]]}, "properties": {"id": 410, "height_m": 10.3, "levels": null, "category": "residencial", "extrude": true, "manzana_id": 1}}, {"type": "Feature", "geometry": {"type": "Polygon", "coordinates": [[[157.0365565382231, -20.613287788977175], [157.0365565382231, -21.72648778933052], [159.00069224590706, -26.179287789161947], [159.00069224590706, -27.292487789119804], [162.92896366110054, -26.179287789161947], [163.9110315148553, -26.179287789161947], [161.94689580717136, -19.500087789019318], [161.94689580717136, -19.500087789019318], [160.96482795341657, -15.047287789187891], [156.05448868446834, -17.273687789103604], [157.0365565382231, -20.613287788977175]]]}, "properties": {"id": 411, "height_m": 11.5, "levels": null, "category": "residencial", "extrude": true, "manzana_id": 1}}, {"type": "Feature", "geometry": {"type": "Polygon", "coordinates": [[[150.16208156176532, -25.06608778920409], [150.16208156176532, -26.179287789161947], [151.1441494155201, -29.518887789035517], [153.10828512320407, -33.97168778926243], [159.00069224590706, -30.632087788993374], [158.0186243921523, -27.292487789119804], [159.00069224590706, -26.179287789161947], [157.0365565382231, -21.72648778933052], [157.0365565382231, -20.613287788977175], [156.05448868446834, -17.273687789103604], [152.12621726927483, -18.38688778906146], [153.10828512320407, -20.613287788977175], [153.10828512320407, -20.613287788977175], [152.12621726927483, -20.613287788977175], [149.1800137080106, -22.839687789288377], [149.1800137080106, -23.952887789246233], [150.16208156176532, -25.06608778920409]]]}, "properties": {"id": 412, "height_m": 8.8, "levels": null, "category": "residencial", "extrude": true, "manzana_id": 1}}, {"type": "Feature", "geometry": {"type": "Polygon", "coordinates": [[[147.21587800032663, -25.06608778920409], [149.1800137080106, -23.952887789246233], [149.1800137080106, -22.839687789288377], [142.3055387313784, -26.179287789161947], [143.28760658513312, -29.518887789035517], [140.34140302386888, -30.632087788993374], [142.3055387313784, -33.97168778926243], [145.25174229281708, -31.74528778934672], [146.23381014657187, -31.74528778934672], [150.16208156176532, -29.518887789035517], [151.1441494155201, -29.518887789035517], [150.16208156176532, -26.179287789161947], [147.21587800032663, -27.292487789119804], [147.21587800032663, -25.06608778920409]]]}, "properties": {"id": 413, "height_m": 13.9, "levels": null, "category": "residencial", "extrude": true, "manzana_id": 1}}, {"type": "Feature", "geometry": {"type": "Polygon", "coordinates": [[[134.44899590116586, -29.518887789035517], [137.39519946243013, -32.858487789304576], [139.3593351701141, -35.08488778922029], [142.3055387313784, -33.97168778926243], [140.34140302386888, -30.632087788993374], [143.28760658513312, -29.518887789035517], [142.3055387313784, -26.179287789161947], [141.3234708776236, -23.952887789246233], [133.46692804723668, -27.292487789119804], [134.44899590116586, -29.518887789035517]]]}, "properties": {"id": 414, "height_m": 10.7, "levels": null, "category": "residencial", "extrude": true, "manzana_id": 1}}, {"type": "Feature", "geometry": {"type": "Polygon", "coordinates": [[[142.3055387313784, -22.839687789288377], [147.21587800032663, -20.613287788977175], [151.1441494155201, -19.500087789019318], [149.1800137080106, -15.047287789187891], [149.1800137080106, -15.047287789187891], [146.23381014657187, -16.160487789145748], [143.28760658513312, -17.273687789103604], [142.3055387313784, -17.273687789103604], [140.34140302386888, -18.38688778906146], [138.37726731618488, -18.38688778906146], [141.3234708776236, -23.952887789246233], [142.3055387313784, -22.839687789288377]]]}, "properties": {"id": 415, "height_m": 15.5, "levels": null, "category": "residencial", "extrude": true, "manzana_id": 1}}, {"type": "Feature", "geometry": {"type": "Polygon", "coordinates": [[[152.12621726927483, -15.047287789187891], [159.00069224590706, -13.934087789230034], [158.0186243921523, -8.368087789045262], [152.12621726927483, -9.481287789003119], [152.12621726927483, -11.70768778931432], [152.12621726927483, -15.047287789187891]]]}, "properties": {"id": 417, "height_m": 14.3, "levels": null, "category": "residencial", "extrude": true, "manzana_id": 1}}, {"type": "Feature", "geometry": {"type": "Polygon", "coordinates": [[[139.3593351701141, -8.368087789045262], [140.34140302386888, -13.934087789230034], [141.3234708776236, -13.934087789230034], [145.25174229281708, -12.820887789272177], [146.23381014657187, -12.820887789272177], [146.23381014657187, -9.481287789003119], [146.23381014657187, -7.254887789087405], [144.26967443906233, -7.254887789087405], [143.28760658513312, -7.254887789087405], [142.3055387313784, -5.028487789171692], [136.41313160867537, -6.1416877891295485], [137.39519946243013, -9.481287789003119], [139.3593351701141, -8.368087789045262]]]}, "properties": {"id": 418, "height_m": 10.9, "levels": null, "category": "residencial", "extrude": true, "manzana_id": 1}}, {"type": "Feature", "geometry": {"type": "Polygon", "coordinates": [[[145.25174229281708, -0.5756877893402645], [141.3234708776236, -0.5756877893402645], [141.3234708776236, -2.802087789255978], [142.3055387313784, -5.028487789171692], [143.28760658513312, -7.254887789087405], [144.26967443906233, -7.254887789087405], [146.23381014657187, -7.254887789087405], [147.21587800032663, -7.254887789087405], [147.21587800032663, -8.368087789045262], [151.1441494155201, -8.368087789045262], [153.10828512320407, -7.254887789087405], [158.0186243921523, -7.254887789087405], [156.05448868446834, 1.6507122109709371], [151.1441494155201, 0.5375122110130803], [152.12621726927483, -3.915287789213835], [147.21587800032663, -5.028487789171692], [147.21587800032663, -3.915287789213835], [146.23381014657187, -3.915287789213835], [146.23381014657187, -2.802087789255978], [145.25174229281708, -2.802087789255978], [145.25174229281708, -0.5756877893402645]]]}, "properties": {"id": 419, "height_m": 7.7, "levels": null, "category": "residencial", "extrude": true, "manzana_id": 1}}, {"type": "Feature", "geometry": {"type": "Polygon", "coordinates": [[[136.41313160867537, -6.1416877891295485], [142.3055387313784, -5.028487789171692], [141.3234708776236, -2.802087789255978], [141.3234708776236, -0.5756877893402645], [140.34140302386888, -1.6888877892981213], [135.43106375492061, -1.6888877892981213], [131.50279233972714, -1.6888877892981213], [132.4848601934819, -7.254887789087405], [136.41313160867537, -6.1416877891295485]]]}, "properties": {"id": 420, "height_m": 15.3, "levels": null, "category": "residencial", "extrude": true, "manzana_id": 1}}, {"type": "Feature", "geometry": {"type": "Polygon", "coordinates": [[[127.57452092453366, -7.254887789087405], [127.57452092453366, -7.254887789087405], [128.55658877828841, -10.594487789356464], [129.53865663204317, -13.934087789230034], [129.53865663204317, -15.047287789187891], [132.4848601934819, -15.047287789187891], [131.50279233972714, -7.254887789087405], [132.4848601934819, -7.254887789087405], [131.50279233972714, -1.6888877892981213], [128.55658877828841, -2.802087789255978], [126.5924530707789, -2.802087789255978], [127.57452092453366, -7.254887789087405]]]}, "properties": {"id": 421, "height_m": 9.7, "levels": null, "category": "residencial", "extrude": true, "manzana_id": 1}}, {"type": "Feature", "geometry": {"type": "Polygon", "coordinates": [[[126.5924530707789, -10.594487789356464], [128.55658877828841, -10.594487789356464], [127.57452092453366, -7.254887789087405], [127.57452092453366, -7.254887789087405], [126.5924530707789, -2.802087789255978], [116.77177453288242, -6.1416877891295485], [122.66418165558542, -16.160487789145748], [127.57452092453366, -16.160487789145748], [129.53865663204317, -15.047287789187891], [129.53865663204317, -13.934087789230034], [127.57452092453366, -13.934087789230034], [126.5924530707789, -10.594487789356464]]]}, "properties": {"id": 422, "height_m": 6.0, "levels": null, "category": "residencial", "extrude": true, "manzana_id": 1}}, {"type": "Feature", "geometry": {"type": "Polygon", "coordinates": [[[107.93316384874069, -97.4240877892332], [107.93316384874069, -99.65048778914891], [109.8972995562502, -98.53728778919105], [110.87936741000497, -97.4240877892332], [111.86143526393418, -97.4240877892332], [109.8972995562502, -91.85808778904843], [108.91523170249545, -90.74488778909057], [104.98696028730197, -91.85808778904843], [107.93316384874069, -97.4240877892332]]]}, "properties": {"id": 423, "height_m": 13.6, "levels": null, "category": "residencial", "extrude": true, "manzana_id": 1}}, {"type": "Feature", "geometry": {"type": "Polygon", "coordinates": [[[124.62831736309494, -134.15968778902894], [128.55658877828841, -133.04648778907108], [126.5924530707789, -127.4804877892818], [123.64624950934017, -128.59368778923965], [118.73591024039193, -130.82008778915537], [120.70004594807591, -136.38608778934014], [124.62831736309494, -134.15968778902894]]]}, "properties": {"id": 424, "height_m": 12.0, "levels": null, "category": "residencial", "extrude": true, "manzana_id": 1}}, {"type": "Feature", "geometry": {"type": "Polygon", "coordinates": [[[119.71797809414669, -108.55608778920725], [118.73591024039193, -108.55608778920725], [123.64624950934017, -116.34848778930774], [127.57452092453366, -114.12208778899654], [123.64624950934017, -106.32968778929154], [119.71797809414669, -108.55608778920725]]]}, "properties": {"id": 426, "height_m": 7.5, "levels": null, "category": "residencial", "extrude": true, "manzana_id": 1}}, {"type": "Feature", "geometry": {"type": "Polygon", "coordinates": [[[114.80763882519844, -109.66928778916511], [118.73591024039193, -108.55608778920725], [119.71797809414669, -108.55608778920725], [123.64624950934017, -106.32968778929154], [120.70004594807591, -100.76368778910677], [119.71797809414669, -100.76368778910677], [117.75384238663717, -101.87688778906463], [116.77177453288242, -101.87688778906463], [115.78970667895322, -101.87688778906463], [115.78970667895322, -102.99008778902248], [111.86143526393418, -104.10328778898034], [109.8972995562502, -105.21648778933368], [112.84350311768894, -111.89568778908082], [114.80763882519844, -109.66928778916511]]]}, "properties": {"id": 427, "height_m": 9.2, "levels": null, "category": "residencial", "extrude": true, "manzana_id": 1}}, {"type": "Feature", "geometry": {"type": "Polygon", "coordinates": [[[116.77177453288242, -101.87688778906463], [117.75384238663717, -101.87688778906463], [117.75384238663717, -100.76368778910677], [119.71797809414669, -99.65048778914891], [119.71797809414669, -100.76368778910677], [120.70004594807591, -100.76368778910677], [118.73591024039193, -95.19768778931748], [117.75384238663717, -94.08448778935963], [113.82557097144371, -96.31088778927534], [111.86143526393418, -97.4240877892332], [110.87936741000497, -97.4240877892332], [109.8972995562502, -98.53728778919105], [107.93316384874069, -99.65048778914891], [109.8972995562502, -105.21648778933368], [111.86143526393418, -104.10328778898034], [115.78970667895322, -102.99008778902248], [115.78970667895322, -101.87688778906463], [116.77177453288242, -101.87688778906463]]]}, "properties": {"id": 428, "height_m": 7.6, "levels": null, "category": "residencial", "extrude": true, "manzana_id": 1}}, {"type": "Feature", "geometry": {"type": "Polygon", "coordinates": [[[109.8972995562502, -91.85808778904843], [111.86143526393418, -97.4240877892332], [113.82557097144371, -96.31088778927534], [117.75384238663717, -94.08448778935963], [116.77177453288242, -91.85808778904843], [114.80763882519844, -88.51848778917486], [111.86143526393418, -89.63168778913271], [108.91523170249545, -90.74488778909057], [108.91523170249545, -90.74488778909057], [109.8972995562502, -91.85808778904843]]]}, "properties": {"id": 429, "height_m": 15.4, "levels": null, "category": "residencial", "extrude": true, "manzana_id": 1}}, {"type": "Feature", "geometry": {"type": "Polygon", "coordinates": [[[108.91523170249545, -90.74488778909057], [111.86143526393418, -89.63168778913271], [114.80763882519844, -88.51848778917486], [113.82557097144371, -85.17888778930129], [112.84350311768894, -82.95248778899008], [108.91523170249545, -82.95248778899008], [106.95109599498593, -82.95248778899008], [103.02282457979246, -82.95248778899008], [104.98696028730197, -91.85808778904843], [108.91523170249545, -90.74488778909057], [108.91523170249545, -90.74488778909057]]]}, "properties": {"id": 430, "height_m": 9.3, "levels": null, "category": "residencial", "extrude": true, "manzana_id": 1}}, {"type": "Feature", "geometry": {"type": "Polygon", "coordinates": [[[158.0186243921523, -199.8384877893109], [159.00069224590706, -203.17808778918447], [161.94689580717136, -203.17808778918447], [166.85723507629405, -204.29128778914233], [165.8751672223648, -202.06488778922662], [165.8751672223648, -197.6120877889997], [160.96482795341657, -197.6120877889997], [160.96482795341657, -197.6120877889997], [158.0186243921523, -197.6120877889997], [158.0186243921523, -199.8384877893109]]]}, "properties": {"id": 431, "height_m": 14.8, "levels": null, "category": "residencial", "extrude": true, "manzana_id": 1}}, {"type": "Feature", "geometry": {"type": "Polygon", "coordinates": [[[165.8751672223648, -192.04608778921042], [160.96482795341657, -192.04608778921042], [160.96482795341657, -192.04608778921042], [158.0186243921523, -192.04608778921042], [158.0186243921523, -197.6120877889997], [160.96482795341657, -197.6120877889997], [160.96482795341657, -197.6120877889997], [165.8751672223648, -197.6120877889997], [165.8751672223648, -192.04608778921042]]]}, "properties": {"id": 432, "height_m": 15.1, "levels": null, "category": "residencial", "extrude": true, "manzana_id": 1}}, {"type": "Feature", "geometry": {"type": "Polygon", "coordinates": [[[157.0365565382231, -186.48008778902565], [158.0186243921523, -192.04608778921042], [160.96482795341657, -192.04608778921042], [160.96482795341657, -192.04608778921042], [165.8751672223648, -192.04608778921042], [164.89309936861005, -186.48008778902565], [161.94689580717136, -186.48008778902565], [159.00069224590706, -186.48008778902565], [157.0365565382231, -186.48008778902565]]]}, "properties": {"id": 433, "height_m": 15.0, "levels": null, "category": "residencial", "extrude": true, "manzana_id": 1}}, {"type": "Feature", "geometry": {"type": "Polygon", "coordinates": [[[166.85723507629405, -188.70648778933685], [166.85723507629405, -190.93288778925256], [170.78550649131307, -190.93288778925256], [173.7317100527518, -190.93288778925256], [173.7317100527518, -189.8196877892947], [174.71377790650655, -187.5932877889835], [174.71377790650655, -186.48008778902565], [167.83930293004877, -186.48008778902565], [166.85723507629405, -186.48008778902565], [166.85723507629405, -186.48008778902565], [166.85723507629405, -188.70648778933685]]]}, "properties": {"id": 434, "height_m": 13.5, "levels": null, "category": "residencial", "extrude": true, "manzana_id": 1}}, {"type": "Feature", "geometry": {"type": "Polygon", "coordinates": [[[166.85723507629405, -195.385687789084], [167.83930293004877, -204.29128778914233], [169.8034386375583, -205.4044877891002], [169.8034386375583, -202.06488778922662], [169.8034386375583, -198.72528778935305], [170.78550649131307, -198.72528778935305], [171.76757434524225, -198.72528778935305], [171.76757434524225, -198.72528778935305], [172.749642198997, -195.385687789084], [173.7317100527518, -192.04608778921042], [173.7317100527518, -190.93288778925256], [166.85723507629405, -190.93288778925256], [166.85723507629405, -195.385687789084]]]}, "properties": {"id": 435, "height_m": 6.5, "levels": null, "category": "residencial", "extrude": true, "manzana_id": 1}}, {"type": "Feature", "geometry": {"type": "Polygon", "coordinates": [[[180.606185029384, -202.06488778922662], [180.606185029384, -200.95168778926876], [170.78550649131307, -198.72528778935305], [169.8034386375583, -198.72528778935305], [169.8034386375583, -202.06488778922662], [169.8034386375583, -202.06488778922662], [169.8034386375583, -205.4044877891002], [171.76757434524225, -205.4044877891002], [176.6779136141905, -206.51768778905804], [176.6779136141905, -208.74408778897376], [181.58825288313875, -207.6308877890159], [180.606185029384, -203.17808778918447], [180.606185029384, -202.06488778922662]]]}, "properties": {"id": 436, "height_m": 7.9, "levels": null, "category": "residencial", "extrude": true, "manzana_id": 1}}, {"type": "Feature", "geometry": {"type": "Polygon", "coordinates": [[[176.6779136141905, -199.8384877893109], [180.606185029384, -200.95168778926876], [181.58825288313875, -197.6120877889997], [181.58825288313875, -196.49888778904185], [182.5703207368935, -195.385687789084], [182.5703207368935, -194.27248778912613], [175.6958457602613, -193.15928778916827], [173.7317100527518, -192.04608778921042], [172.749642198997, -194.27248778912613], [172.749642198997, -195.385687789084], [172.749642198997, -195.385687789084], [172.749642198997, -195.385687789084], [175.6958457602613, -196.49888778904185], [174.71377790650655, -198.72528778935305], [174.71377790650655, -199.8384877893109], [176.6779136141905, -199.8384877893109]]]}, "properties": {"id": 437, "height_m": 11.8, "levels": null, "category": "residencial", "extrude": true, "manzana_id": 1}}, {"type": "Feature", "geometry": {"type": "Polygon", "coordinates": [[[175.6958457602613, -193.15928778916827], [182.5703207368935, -194.27248778912613], [183.55238859064826, -190.93288778925256], [183.55238859064826, -187.5932877889835], [179.62411717545478, -187.5932877889835], [178.6420493217, -187.5932877889835], [177.65998146794527, -190.93288778925256], [176.6779136141905, -190.93288778925256], [173.7317100527518, -189.8196877892947], [173.7317100527518, -190.93288778925256], [173.7317100527518, -192.04608778921042], [175.6958457602613, -193.15928778916827]]]}, "properties": {"id": 438, "height_m": 10.0, "levels": null, "category": "residencial", "extrude": true, "manzana_id": 1}}, {"type": "Feature", "geometry": {"type": "Polygon", "coordinates": [[[187.48066000584174, -195.385687789084], [188.46272785959653, -195.385687789084], [191.40893142103522, -195.385687789084], [190.42686356728046, -192.04608778921042], [190.42686356728046, -187.5932877889835], [184.53445644440302, -187.5932877889835], [183.55238859064826, -187.5932877889835], [183.55238859064826, -190.93288778925256], [184.53445644440302, -190.93288778925256], [183.55238859064826, -195.385687789084], [185.51652429833223, -195.385687789084], [187.48066000584174, -195.385687789084]]]}, "properties": {"id": 439, "height_m": 13.0, "levels": null, "category": "residencial", "extrude": true, "manzana_id": 1}}, {"type": "Feature", "geometry": {"type": "Polygon", "coordinates": [[[184.53445644440302, -207.6308877890159], [184.53445644440302, -207.6308877890159], [187.48066000584174, -207.6308877890159], [187.48066000584174, -206.51768778905804], [191.40893142103522, -206.51768778905804], [192.39099927478998, -206.51768778905804], [192.39099927478998, -203.17808778918447], [191.40893142103522, -203.17808778918447], [191.40893142103522, -202.06488778922662], [191.40893142103522, -199.8384877893109], [191.40893142103522, -198.72528778935305], [191.40893142103522, -198.72528778935305], [191.40893142103522, -196.49888778904185], [191.40893142103522, -196.49888778904185], [191.40893142103522, -195.385687789084], [191.40893142103522, -195.385687789084], [189.44479571335125, -195.385687789084], [188.46272785959653, -195.385687789084], [187.48066000584174, -195.385687789084], [186.49859215208699, -195.385687789084], [186.49859215208699, -195.385687789084], [185.51652429833223, -195.385687789084], [185.51652429833223, -195.385687789084], [183.55238859064826, -195.385687789084], [183.55238859064826, -196.49888778904185], [183.55238859064826, -200.95168778926876], [183.55238859064826, -202.06488778922662], [183.55238859064826, -207.6308877890159], [184.53445644440302, -207.6308877890159]]]}, "properties": {"id": 440, "height_m": 6.0, "levels": null, "category": "residencial", "extrude": true, "manzana_id": 1}}, {"type": "Feature", "geometry": {"type": "Polygon", "coordinates": [[[186.49859215208699, -182.02728778919422], [185.51652429833223, -182.02728778919422], [185.51652429833223, -182.02728778919422], [181.58825288313875, -182.02728778919422], [178.6420493217, -182.02728778919422], [174.71377790650655, -182.02728778919422], [174.71377790650655, -186.48008778902565], [174.71377790650655, -186.48008778902565], [174.71377790650655, -187.5932877889835], [174.71377790650655, -187.5932877889835], [176.6779136141905, -187.5932877889835], [177.65998146794527, -187.5932877889835], [178.6420493217, -187.5932877889835], [178.6420493217, -187.5932877889835], [179.62411717545478, -187.5932877889835], [183.55238859064826, -187.5932877889835], [184.53445644440302, -187.5932877889835], [189.44479571335125, -187.5932877889835], [190.42686356728046, -187.5932877889835], [189.44479571335125, -182.02728778919422], [187.48066000584174, -182.02728778919422], [186.49859215208699, -182.02728778919422]]]}, "properties": {"id": 441, "height_m": 11.1, "levels": null, "category": "residencial", "extrude": true, "manzana_id": 1}}, {"type": "Feature", "geometry": {"type": "Polygon", "coordinates": [[[178.6420493217, -182.02728778919422], [185.51652429833223, -182.02728778919422], [185.51652429833223, -182.02728778919422], [186.49859215208699, -182.02728778919422], [187.48066000584174, -182.02728778919422], [189.44479571335125, -182.02728778919422], [188.46272785959653, -178.68768778932065], [188.46272785959653, -175.3480877890516], [185.51652429833223, -176.46128778900945], [185.51652429833223, -176.46128778900945], [183.55238859064826, -176.46128778900945], [183.55238859064826, -174.23488778909373], [182.5703207368935, -174.23488778909373], [180.606185029384, -174.23488778909373], [180.606185029384, -172.00848778917802], [182.5703207368935, -172.00848778917802], [182.5703207368935, -169.7820877892623], [182.5703207368935, -169.7820877892623], [181.58825288313875, -169.7820877892623], [178.6420493217, -169.7820877892623], [174.71377790650655, -170.89528778922016], [174.71377790650655, -172.00848778917802], [174.71377790650655, -175.3480877890516], [174.71377790650655, -182.02728778919422], [174.71377790650655, -182.02728778919422], [178.6420493217, -182.02728778919422]]]}, "properties": {"id": 442, "height_m": 9.8, "levels": null, "category": "residencial", "extrude": true, "manzana_id": 1}}, {"type": "Feature", "geometry": {"type": "Polygon", "coordinates": [[[192.39099927478998, -184.25368778910993], [192.39099927478998, -187.5932877889835], [192.39099927478998, -187.5932877889835], [197.30133854373824, -186.48008778902565], [196.31927068998345, -183.14048778915208], [196.31927068998345, -183.14048778915208], [195.33720283622873, -174.23488778909373], [193.37306712854473, -175.3480877890516], [191.40893142103522, -175.3480877890516], [192.39099927478998, -184.25368778910993]]]}, "properties": {"id": 443, "height_m": 14.3, "levels": null, "category": "residencial", "extrude": true, "manzana_id": 1}}, {"type": "Feature", "geometry": {"type": "Polygon", "coordinates": [[[200.24754210517693, -205.4044877891002], [210.06822064307343, -203.17808778918447], [210.06822064307343, -202.06488778922662], [209.08615278931867, -199.8384877893109], [209.08615278931867, -198.72528778935305], [208.10408493538947, -198.72528778935305], [206.13994922787995, -198.72528778935305], [206.13994922787995, -198.72528778935305], [206.13994922787995, -199.8384877893109], [206.13994922787995, -199.8384877893109], [205.15788137412517, -199.8384877893109], [204.17581352037044, -199.8384877893109], [204.17581352037044, -199.8384877893109], [199.26547425142218, -199.8384877893109], [199.26547425142218, -199.8384877893109], [198.28340639749297, -192.04608778921042], [197.30133854373824, -187.5932877889835], [197.30133854373824, -186.48008778902565], [192.39099927478998, -187.5932877889835], [195.33720283622873, -205.4044877891002], [200.24754210517693, -205.4044877891002]]]}, "properties": {"id": 444, "height_m": 3.8, "levels": null, "category": "residencial", "extrude": true, "manzana_id": 1}}, {"type": "Feature", "geometry": {"type": "Polygon", "coordinates": [[[209.08615278931867, -198.72528778935305], [209.08615278931867, -199.8384877893109], [210.06822064307343, -202.06488778922662], [210.06822064307343, -203.17808778918447], [210.06822064307343, -203.17808778918447], [210.06822064307343, -203.17808778918447], [212.03235635058294, -203.17808778918447], [213.01442420451215, -203.17808778918447], [215.96062776577642, -203.17808778918447], [217.9247634734604, -202.06488778922662], [217.9247634734604, -202.06488778922662], [217.9247634734604, -198.72528778935305], [216.9426956195312, -195.385687789084], [215.96062776577642, -192.04608778921042], [215.96062776577642, -192.04608778921042], [212.03235635058294, -193.15928778916827], [212.03235635058294, -193.15928778916827], [211.0502884968282, -193.15928778916827], [210.06822064307343, -193.15928778916827], [209.08615278931867, -193.15928778916827], [209.08615278931867, -193.15928778916827], [207.12201708163468, -193.15928778916827], [206.13994922787995, -193.15928778916827], [206.13994922787995, -193.15928778916827], [206.13994922787995, -195.385687789084], [206.13994922787995, -196.49888778904185], [206.13994922787995, -196.49888778904185], [206.13994922787995, -196.49888778904185], [204.17581352037044, -196.49888778904185], [203.19374566644123, -196.49888778904185], [204.17581352037044, -198.72528778935305], [204.17581352037044, -199.8384877893109], [204.17581352037044, -199.8384877893109], [205.15788137412517, -199.8384877893109], [206.13994922787995, -199.8384877893109], [206.13994922787995, -199.8384877893109], [206.13994922787995, -198.72528778935305], [206.13994922787995, -198.72528778935305], [208.10408493538947, -198.72528778935305], [209.08615278931867, -198.72528778935305]]]}, "properties": {"id": 445, "height_m": 6.1, "levels": null, "category": "residencial", "extrude": true, "manzana_id": 1}}, {"type": "Feature", "geometry": {"type": "Polygon", "coordinates": [[[210.06822064307343, -186.48008778902565], [199.26547425142218, -187.5932877889835], [197.30133854373824, -187.5932877889835], [198.28340639749297, -192.04608778921042], [210.06822064307343, -190.93288778925256], [215.96062776577642, -190.93288778925256], [214.97855991202167, -185.3668877890678], [210.06822064307343, -186.48008778902565]]]}, "properties": {"id": 446, "height_m": 7.8, "levels": null, "category": "residencial", "extrude": true, "manzana_id": 1}}, {"type": "Feature", "geometry": {"type": "Polygon", "coordinates": [[[209.08615278931867, -182.02728778919422], [196.31927068998345, -183.14048778915208], [197.30133854373824, -186.48008778902565], [197.30133854373824, -187.5932877889835], [199.26547425142218, -187.5932877889835], [214.97855991202167, -185.3668877890678], [214.97855991202167, -184.25368778910993], [213.9964920582669, -180.91408778923636], [209.08615278931867, -182.02728778919422]]]}, "properties": {"id": 447, "height_m": 6.5, "levels": null, "category": "residencial", "extrude": true, "manzana_id": 1}}, {"type": "Feature", "geometry": {"type": "Polygon", "coordinates": [[[209.08615278931867, -182.02728778919422], [213.9964920582669, -180.91408778923636], [212.03235635058294, -170.89528778922016], [207.12201708163468, -172.00848778917802], [207.12201708163468, -172.00848778917802], [201.22960995893172, -173.12168778913588], [198.28340639749297, -174.23488778909373], [195.33720283622873, -174.23488778909373], [196.31927068998345, -183.14048778915208], [196.31927068998345, -183.14048778915208], [209.08615278931867, -182.02728778919422]]]}, "properties": {"id": 448, "height_m": 9.2, "levels": null, "category": "residencial", "extrude": true, "manzana_id": 1}}, {"type": "Feature", "geometry": {"type": "Polygon", "coordinates": [[[197.30133854373824, -170.89528778922016], [198.28340639749297, -174.23488778909373], [201.22960995893172, -173.12168778913588], [207.12201708163468, -172.00848778917802], [207.12201708163468, -172.00848778917802], [212.03235635058294, -170.89528778922016], [212.03235635058294, -169.7820877892623], [210.06822064307343, -161.98968778916182], [205.15788137412517, -163.10288778911968], [205.15788137412517, -163.10288778911968], [204.17581352037044, -164.21608778907753], [201.22960995893172, -164.21608778907753], [202.21167781268647, -167.5556877893466], [196.31927068998345, -168.66888778930445], [197.30133854373824, -169.7820877892623], [197.30133854373824, -170.89528778922016]]]}, "properties": {"id": 449, "height_m": 7.2, "levels": null, "category": "residencial", "extrude": true, "manzana_id": 1}}, {"type": "Feature", "geometry": {"type": "Polygon", "coordinates": [[[205.15788137412517, -163.10288778911968], [210.06822064307343, -161.98968778916182], [209.08615278931867, -156.42368778897705], [204.17581352037044, -157.5368877893304], [204.17581352037044, -157.5368877893304], [199.26547425142218, -158.65008778928825], [195.33720283622873, -158.65008778928825], [196.31927068998345, -165.3292877890354], [201.22960995893172, -164.21608778907753], [204.17581352037044, -164.21608778907753], [205.15788137412517, -163.10288778911968], [205.15788137412517, -163.10288778911968]]]}, "properties": {"id": 450, "height_m": 7.9, "levels": null, "category": "residencial", "extrude": true, "manzana_id": 1}}, {"type": "Feature", "geometry": {"type": "Polygon", "coordinates": [[[199.26547425142218, -155.3104877890192], [203.19374566644123, -154.19728778906133], [203.19374566644123, -155.3104877890192], [204.17581352037044, -157.5368877893304], [204.17581352037044, -157.5368877893304], [204.17581352037044, -157.5368877893304], [209.08615278931867, -156.42368778897705], [207.12201708163468, -147.5180877893142], [204.17581352037044, -145.291687789003], [197.30133854373824, -146.40488778935634], [197.30133854373824, -146.40488778935634], [193.37306712854473, -147.5180877893142], [195.33720283622873, -158.65008778928825], [199.26547425142218, -158.65008778928825], [199.26547425142218, -155.3104877890192]]]}, "properties": {"id": 451, "height_m": 8.5, "levels": null, "category": "residencial", "extrude": true, "manzana_id": 1}}, {"type": "Feature", "geometry": {"type": "Polygon", "coordinates": [[[185.51652429833223, -168.66888778930445], [185.51652429833223, -168.66888778930445], [182.5703207368935, -169.7820877892623], [182.5703207368935, -169.7820877892623], [182.5703207368935, -172.00848778917802], [182.5703207368935, -174.23488778909373], [183.55238859064826, -174.23488778909373], [183.55238859064826, -174.23488778909373], [185.51652429833223, -174.23488778909373], [185.51652429833223, -176.46128778900945], [188.46272785959653, -175.3480877890516], [190.42686356728046, -175.3480877890516], [190.42686356728046, -175.3480877890516], [191.40893142103522, -175.3480877890516], [191.40893142103522, -175.3480877890516], [190.42686356728046, -172.00848778917802], [193.37306712854473, -172.00848778917802], [194.35513498247394, -175.3480877890516], [195.33720283622873, -174.23488778909373], [198.28340639749297, -174.23488778909373], [197.30133854373824, -170.89528778922016], [197.30133854373824, -169.7820877892623], [196.31927068998345, -168.66888778930445], [196.31927068998345, -167.5556877893466], [194.35513498247394, -168.66888778930445], [193.37306712854473, -167.5556877893466], [188.46272785959653, -168.66888778930445], [188.46272785959653, -169.7820877892623], [185.51652429833223, -169.7820877892623], [185.51652429833223, -168.66888778930445]]]}, "properties": {"id": 452, "height_m": 7.7, "levels": null, "category": "residencial", "extrude": true, "manzana_id": 1}}, {"type": "Feature", "geometry": {"type": "Polygon", "coordinates": [[[185.51652429833223, -160.87648778920396], [182.5703207368935, -160.87648778920396], [182.5703207368935, -163.10288778911968], [182.5703207368935, -165.3292877890354], [179.62411717545478, -166.44248778899325], [175.6958457602613, -167.5556877893466], [174.71377790650655, -167.5556877893466], [174.71377790650655, -169.7820877892623], [174.71377790650655, -170.89528778922016], [178.6420493217, -169.7820877892623], [181.58825288313875, -169.7820877892623], [182.5703207368935, -169.7820877892623], [185.51652429833223, -168.66888778930445], [185.51652429833223, -168.66888778930445], [185.51652429833223, -167.5556877893466], [188.46272785959653, -167.5556877893466], [188.46272785959653, -168.66888778930445], [188.46272785959653, -168.66888778930445], [193.37306712854473, -167.5556877893466], [193.37306712854473, -164.21608778907753], [194.35513498247394, -163.10288778911968], [193.37306712854473, -158.65008778928825], [190.42686356728046, -159.7632877892461], [186.49859215208699, -160.87648778920396], [185.51652429833223, -160.87648778920396]]]}, "properties": {"id": 453, "height_m": 7.2, "levels": null, "category": "residencial", "extrude": true, "manzana_id": 1}}, {"type": "Feature", "geometry": {"type": "Polygon", "coordinates": [[[184.53445644440302, -150.85768778918776], [185.51652429833223, -151.97088778914562], [185.51652429833223, -156.42368778897705], [188.46272785959653, -156.42368778897705], [188.46272785959653, -157.5368877893304], [189.44479571335125, -157.5368877893304], [190.42686356728046, -159.7632877892461], [193.37306712854473, -158.65008778928825], [192.39099927478998, -151.97088778914562], [191.40893142103522, -147.5180877893142], [184.53445644440302, -148.63128778927205], [184.53445644440302, -150.85768778918776]]]}, "properties": {"id": 454, "height_m": 11.0, "levels": null, "category": "residencial", "extrude": true, "manzana_id": 1}}, {"type": "Feature", "geometry": {"type": "Polygon", "coordinates": [[[176.6779136141905, -161.98968778916182], [178.6420493217, -160.87648778920396], [177.65998146794527, -157.5368877893304], [177.65998146794527, -156.42368778897705], [177.65998146794527, -153.08408778910348], [177.65998146794527, -151.97088778914562], [177.65998146794527, -149.7444877892299], [177.65998146794527, -148.63128778927205], [166.85723507629405, -150.85768778918776], [166.85723507629405, -150.85768778918776], [165.8751672223648, -151.97088778914562], [164.89309936861005, -153.08408778910348], [164.89309936861005, -161.98968778916182], [175.6958457602613, -161.98968778916182], [175.6958457602613, -161.98968778916182], [176.6779136141905, -161.98968778916182]]]}, "properties": {"id": 456, "height_m": 8.7, "levels": null, "category": "residencial", "extrude": true, "manzana_id": 1}}, {"type": "Feature", "geometry": {"type": "Polygon", "coordinates": [[[175.6958457602613, -161.98968778916182], [164.89309936861005, -161.98968778916182], [164.89309936861005, -167.5556877893466], [169.8034386375583, -167.5556877893466], [174.71377790650655, -167.5556877893466], [175.6958457602613, -167.5556877893466], [175.6958457602613, -161.98968778916182]]]}, "properties": {"id": 457, "height_m": 8.9, "levels": null, "category": "residencial", "extrude": true, "manzana_id": 1}}, {"type": "Feature", "geometry": {"type": "Polygon", "coordinates": [[[165.8751672223648, -173.12168778913588], [165.8751672223648, -176.46128778900945], [168.82137078380356, -176.46128778900945], [168.82137078380356, -175.3480877890516], [174.71377790650655, -175.3480877890516], [174.71377790650655, -172.00848778917802], [174.71377790650655, -170.89528778922016], [174.71377790650655, -169.7820877892623], [174.71377790650655, -167.5556877893466], [172.749642198997, -167.5556877893466], [172.749642198997, -170.89528778922016], [170.78550649131307, -170.89528778922016], [170.78550649131307, -167.5556877893466], [169.8034386375583, -167.5556877893466], [164.89309936861005, -167.5556877893466], [165.8751672223648, -169.7820877892623], [165.8751672223648, -170.89528778922016], [165.8751672223648, -172.00848778917802], [165.8751672223648, -173.12168778913588]]]}, "properties": {"id": 458, "height_m": 7.1, "levels": null, "category": "residencial", "extrude": true, "manzana_id": 1}}, {"type": "Feature", "geometry": {"type": "Polygon", "coordinates": [[[165.8751672223648, -178.68768778932065], [166.85723507629405, -186.48008778902565], [166.85723507629405, -186.48008778902565], [167.83930293004877, -186.48008778902565], [174.71377790650655, -186.48008778902565], [174.71377790650655, -186.48008778902565], [174.71377790650655, -182.02728778919422], [174.71377790650655, -182.02728778919422], [174.71377790650655, -175.3480877890516], [168.82137078380356, -176.46128778900945], [165.8751672223648, -176.46128778900945], [165.8751672223648, -178.68768778932065]]]}, "properties": {"id": 459, "height_m": 7.0, "levels": null, "category": "residencial", "extrude": true, "manzana_id": 1}}, {"type": "Feature", "geometry": {"type": "Polygon", "coordinates": [[[159.00069224590706, -186.48008778902565], [161.94689580717136, -186.48008778902565], [161.94689580717136, -182.02728778919422], [161.94689580717136, -175.3480877890516], [156.05448868446834, -176.46128778900945], [153.10828512320407, -176.46128778900945], [154.09035297695883, -178.68768778932065], [158.0186243921523, -178.68768778932065], [157.0365565382231, -179.8008877892785], [155.07242083071358, -179.8008877892785], [156.05448868446834, -182.02728778919422], [157.0365565382231, -186.48008778902565], [159.00069224590706, -186.48008778902565]]]}, "properties": {"id": 460, "height_m": 8.8, "levels": null, "category": "residencial", "extrude": true, "manzana_id": 1}}, {"type": "Feature", "geometry": {"type": "Polygon", "coordinates": [[[156.05448868446834, -176.46128778900945], [161.94689580717136, -175.3480877890516], [161.94689580717136, -170.89528778922016], [161.94689580717136, -169.7820877892623], [161.94689580717136, -167.5556877893466], [159.00069224590706, -168.66888778930445], [156.05448868446834, -168.66888778930445], [156.05448868446834, -167.5556877893466], [153.10828512320407, -168.66888778930445], [153.10828512320407, -169.7820877892623], [153.10828512320407, -176.46128778900945], [156.05448868446834, -176.46128778900945]]]}, "properties": {"id": 461, "height_m": 9.5, "levels": null, "category": "residencial", "extrude": true, "manzana_id": 1}}, {"type": "Feature", "geometry": {"type": "Polygon", "coordinates": [[[156.05448868446834, -158.65008778928825], [152.12621726927483, -158.65008778928825], [153.10828512320407, -168.66888778930445], [156.05448868446834, -167.5556877893466], [156.05448868446834, -168.66888778930445], [159.00069224590706, -168.66888778930445], [161.94689580717136, -167.5556877893466], [160.96482795341657, -157.5368877893304], [156.05448868446834, -158.65008778928825]]]}, "properties": {"id": 462, "height_m": 7.9, "levels": null, "category": "residencial", "extrude": true, "manzana_id": 1}}, {"type": "Feature", "geometry": {"type": "Polygon", "coordinates": [[[160.96482795341657, -155.3104877890192], [160.96482795341657, -151.97088778914562], [158.0186243921523, -151.97088778914562], [155.07242083071358, -151.97088778914562], [152.12621726927483, -151.97088778914562], [152.12621726927483, -158.65008778928825], [156.05448868446834, -158.65008778928825], [160.96482795341657, -157.5368877893304], [160.96482795341657, -155.3104877890192]]]}, "properties": {"id": 463, "height_m": 8.6, "levels": null, "category": "residencial", "extrude": true, "manzana_id": 1}}, {"type": "Feature", "geometry": {"type": "Polygon", "coordinates": [[[175.6958457602613, -129.7068877891975], [179.62411717545478, -128.59368778923965], [177.65998146794527, -124.14088778901274], [172.749642198997, -125.2540877889706], [168.82137078380356, -126.36728778932394], [166.85723507629405, -127.4804877892818], [167.83930293004877, -131.93328778911322], [175.6958457602613, -129.7068877891975]]]}, "properties": {"id": 466, "height_m": 6.7, "levels": null, "category": "residencial", "extrude": true, "manzana_id": 1}}, {"type": "Feature", "geometry": {"type": "Polygon", "coordinates": [[[172.749642198997, -125.2540877889706], [177.65998146794527, -124.14088778901274], [176.6779136141905, -119.68808778918131], [171.76757434524225, -120.80128778913917], [169.8034386375583, -120.80128778913917], [168.82137078380356, -121.91448778909702], [164.89309936861005, -123.02768778905488], [166.85723507629405, -127.4804877892818], [168.82137078380356, -126.36728778932394], [172.749642198997, -125.2540877889706]]]}, "properties": {"id": 467, "height_m": 14.7, "levels": null, "category": "residencial", "extrude": true, "manzana_id": 1}}, {"type": "Feature", "geometry": {"type": "Polygon", "coordinates": [[[175.6958457602613, -117.4616877892656], [174.71377790650655, -113.00888778903868], [172.749642198997, -114.12208778899654], [170.78550649131307, -114.12208778899654], [169.8034386375583, -114.12208778899654], [162.92896366110054, -116.34848778930774], [164.89309936861005, -123.02768778905488], [168.82137078380356, -121.91448778909702], [167.83930293004877, -119.68808778918131], [168.82137078380356, -118.57488778922345], [169.8034386375583, -120.80128778913917], [171.76757434524225, -120.80128778913917], [176.6779136141905, -119.68808778918131], [175.6958457602613, -117.4616877892656]]]}, "properties": {"id": 468, "height_m": 9.3, "levels": null, "category": "residencial", "extrude": true, "manzana_id": 1}}, {"type": "Feature", "geometry": {"type": "Polygon", "coordinates": [[[161.94689580717136, -114.12208778899654], [162.92896366110054, -116.34848778930774], [169.8034386375583, -114.12208778899654], [168.82137078380356, -111.89568778908082], [170.78550649131307, -111.89568778908082], [170.78550649131307, -114.12208778899654], [172.749642198997, -114.12208778899654], [174.71377790650655, -113.00888778903868], [172.749642198997, -106.32968778929154], [170.78550649131307, -107.4428877892494], [167.83930293004877, -108.55608778920725], [167.83930293004877, -108.55608778920725], [163.9110315148553, -109.66928778916511], [160.96482795341657, -110.78248778912297], [161.94689580717136, -114.12208778899654]]]}, "properties": {"id": 469, "height_m": 6.2, "levels": null, "category": "residencial", "extrude": true, "manzana_id": 1}}, {"type": "Feature", "geometry": {"type": "Polygon", "coordinates": [[[170.78550649131307, -107.4428877892494], [172.749642198997, -106.32968778929154], [171.76757434524225, -102.99008778902248], [169.8034386375583, -98.53728778919105], [165.8751672223648, -99.65048778914891], [164.89309936861005, -99.65048778914891], [159.98276009966182, -101.87688778906463], [159.00069224590706, -102.99008778902248], [159.98276009966182, -105.21648778933368], [160.96482795341657, -110.78248778912297], [163.9110315148553, -109.66928778916511], [167.83930293004877, -108.55608778920725], [167.83930293004877, -108.55608778920725], [170.78550649131307, -107.4428877892494], [170.78550649131307, -107.4428877892494]]]}, "properties": {"id": 470, "height_m": 8.9, "levels": null, "category": "residencial", "extrude": true, "manzana_id": 1}}, {"type": "Feature", "geometry": {"type": "Polygon", "coordinates": [[[183.55238859064826, -121.91448778909702], [185.51652429833223, -121.91448778909702], [184.53445644440302, -118.57488778922345], [184.53445644440302, -116.34848778930774], [178.6420493217, -118.57488778922345], [179.62411717545478, -123.02768778905488], [181.58825288313875, -123.02768778905488], [183.55238859064826, -121.91448778909702]]]}, "properties": {"id": 471, "height_m": 15.3, "levels": null, "category": "residencial", "extrude": true, "manzana_id": 1}}, {"type": "Feature", "geometry": {"type": "Polygon", "coordinates": [[[182.5703207368935, -127.4804877892818], [188.46272785959653, -126.36728778932394], [188.46272785959653, -124.14088778901274], [187.48066000584174, -120.80128778913917], [185.51652429833223, -121.91448778909702], [183.55238859064826, -121.91448778909702], [181.58825288313875, -123.02768778905488], [179.62411717545478, -123.02768778905488], [181.58825288313875, -127.4804877892818], [182.5703207368935, -127.4804877892818]]]}, "properties": {"id": 472, "height_m": 10.1, "levels": null, "category": "residencial", "extrude": true, "manzana_id": 1}}, {"type": "Feature", "geometry": {"type": "Polygon", "coordinates": [[[182.5703207368935, -127.4804877892818], [181.58825288313875, -127.4804877892818], [183.55238859064826, -135.2728877889868], [185.51652429833223, -134.15968778902894], [186.49859215208699, -135.2728877889868], [187.48066000584174, -135.2728877889868], [187.48066000584174, -134.15968778902894], [190.42686356728046, -133.04648778907108], [189.44479571335125, -127.4804877892818], [188.46272785959653, -126.36728778932394], [182.5703207368935, -127.4804877892818]]]}, "properties": {"id": 473, "height_m": 7.6, "levels": null, "category": "residencial", "extrude": true, "manzana_id": 1}}, {"type": "Feature", "geometry": {"type": "Polygon", "coordinates": [[[192.39099927478998, -137.499287789298], [193.37306712854473, -140.83888778917157], [202.21167781268647, -139.7256877892137], [204.17581352037044, -139.7256877892137], [207.12201708163468, -138.61248778925585], [205.15788137412517, -133.04648778907108], [204.17581352037044, -129.7068877891975], [197.30133854373824, -131.93328778911322], [194.35513498247394, -133.04648778907108], [191.40893142103522, -134.15968778902894], [192.39099927478998, -136.38608778934014], [192.39099927478998, -137.499287789298]]]}, "properties": {"id": 474, "height_m": 8.5, "levels": null, "category": "residencial", "extrude": true, "manzana_id": 1}}, {"type": "Feature", "geometry": {"type": "Polygon", "coordinates": [[[194.35513498247394, -133.04648778907108], [197.30133854373824, -131.93328778911322], [204.17581352037044, -129.7068877891975], [205.15788137412517, -128.59368778923965], [204.17581352037044, -124.14088778901274], [203.19374566644123, -124.14088778901274], [199.26547425142218, -125.2540877889706], [200.24754210517693, -127.4804877892818], [196.31927068998345, -128.59368778923965], [195.33720283622873, -125.2540877889706], [192.39099927478998, -126.36728778932394], [189.44479571335125, -127.4804877892818], [190.42686356728046, -133.04648778907108], [191.40893142103522, -134.15968778902894], [194.35513498247394, -133.04648778907108]]]}, "properties": {"id": 475, "height_m": 7.1, "levels": null, "category": "residencial", "extrude": true, "manzana_id": 1}}, {"type": "Feature", "geometry": {"type": "Polygon", "coordinates": [[[191.40893142103522, -127.4804877892818], [192.39099927478998, -126.36728778932394], [195.33720283622873, -125.2540877889706], [199.26547425142218, -125.2540877889706], [200.24754210517693, -124.14088778901274], [203.19374566644123, -124.14088778901274], [202.21167781268647, -119.68808778918131], [199.26547425142218, -120.80128778913917], [190.42686356728046, -123.02768778905488], [188.46272785959653, -124.14088778901274], [188.46272785959653, -126.36728778932394], [189.44479571335125, -127.4804877892818], [191.40893142103522, -127.4804877892818]]]}, "properties": {"id": 476, "height_m": 8.1, "levels": null, "category": "residencial", "extrude": true, "manzana_id": 1}}, {"type": "Feature", "geometry": {"type": "Polygon", "coordinates": [[[190.42686356728046, -117.4616877892656], [186.49859215208699, -118.57488778922345], [187.48066000584174, -120.80128778913917], [188.46272785959653, -124.14088778901274], [202.21167781268647, -119.68808778918131], [200.24754210517693, -115.23528778934988], [195.33720283622873, -116.34848778930774], [190.42686356728046, -117.4616877892656]]]}, "properties": {"id": 477, "height_m": 8.3, "levels": null, "category": "residencial", "extrude": true, "manzana_id": 1}}, {"type": "Feature", "geometry": {"type": "Polygon", "coordinates": [[[190.42686356728046, -117.4616877892656], [195.33720283622873, -116.34848778930774], [200.24754210517693, -115.23528778934988], [199.26547425142218, -109.66928778916511], [198.28340639749297, -109.66928778916511], [194.35513498247394, -111.89568778908082], [192.39099927478998, -111.89568778908082], [189.44479571335125, -113.00888778903868], [185.51652429833223, -114.12208778899654], [185.51652429833223, -116.34848778930774], [186.49859215208699, -118.57488778922345], [190.42686356728046, -117.4616877892656]]]}, "properties": {"id": 478, "height_m": 5.2, "levels": null, "category": "residencial", "extrude": true, "manzana_id": 1}}, {"type": "Feature", "geometry": {"type": "Polygon", "coordinates": [[[184.53445644440302, -110.78248778912297], [185.51652429833223, -114.12208778899654], [189.44479571335125, -113.00888778903868], [192.39099927478998, -111.89568778908082], [194.35513498247394, -111.89568778908082], [198.28340639749297, -109.66928778916511], [199.26547425142218, -109.66928778916511], [198.28340639749297, -108.55608778920725], [197.30133854373824, -102.99008778902248], [196.31927068998345, -101.87688778906463], [192.39099927478998, -102.99008778902248], [190.42686356728046, -104.10328778898034], [182.5703207368935, -106.32968778929154], [183.55238859064826, -109.66928778916511], [184.53445644440302, -110.78248778912297]]]}, "properties": {"id": 479, "height_m": 8.6, "levels": null, "category": "residencial", "extrude": true, "manzana_id": 1}}, {"type": "Feature", "geometry": {"type": "Polygon", "coordinates": [[[181.58825288313875, -101.87688778906463], [182.5703207368935, -106.32968778929154], [190.42686356728046, -104.10328778898034], [192.39099927478998, -102.99008778902248], [196.31927068998345, -101.87688778906463], [196.31927068998345, -99.65048778914891], [193.37306712854473, -90.74488778909057], [192.39099927478998, -90.74488778909057], [179.62411717545478, -95.19768778931748], [181.58825288313875, -101.87688778906463]]]}, "properties": {"id": 480, "height_m": 5.8, "levels": null, "category": "residencial", "extrude": true, "manzana_id": 1}}, {"type": "Feature", "geometry": {"type": "Polygon", "coordinates": [[[180.606185029384, -107.4428877892494], [175.6958457602613, -108.55608778920725], [176.6779136141905, -111.89568778908082], [178.6420493217, -118.57488778922345], [184.53445644440302, -116.34848778930774], [185.51652429833223, -116.34848778930774], [185.51652429833223, -114.12208778899654], [182.5703207368935, -115.23528778934988], [181.58825288313875, -109.66928778916511], [183.55238859064826, -109.66928778916511], [182.5703207368935, -106.32968778929154], [180.606185029384, -107.4428877892494]]]}, "properties": {"id": 481, "height_m": 10.6, "levels": null, "category": "residencial", "extrude": true, "manzana_id": 1}}, {"type": "Feature", "geometry": {"type": "Polygon", "coordinates": [[[173.7317100527518, -99.65048778914891], [175.6958457602613, -107.4428877892494], [177.65998146794527, -106.32968778929154], [179.62411717545478, -105.21648778933368], [179.62411717545478, -105.21648778933368], [178.6420493217, -100.76368778910677], [176.6779136141905, -96.31088778927534], [174.71377790650655, -96.31088778927534], [172.749642198997, -97.4240877892332], [173.7317100527518, -99.65048778914891]]]}, "properties": {"id": 482, "height_m": 11.9, "levels": null, "category": "residencial", "extrude": true, "manzana_id": 1}}, {"type": "Feature", "geometry": {"type": "Polygon", "coordinates": [[[117.75384238663717, -86.29208778925914], [118.73591024039193, -90.74488778909057], [122.66418165558542, -97.4240877892332], [123.64624950934017, -98.53728778919105], [124.62831736309494, -98.53728778919105], [126.5924530707789, -97.4240877892332], [125.61038521702415, -96.31088778927534], [124.62831736309494, -94.08448778935963], [123.64624950934017, -92.97128778900628], [122.66418165558542, -89.63168778913271], [124.62831736309494, -89.63168778913271], [122.66418165558542, -85.17888778930129], [122.66418165558542, -84.06568778934343], [120.70004594807591, -84.06568778934343], [117.75384238663717, -84.06568778934343], [117.75384238663717, -84.06568778934343], [117.75384238663717, -84.06568778934343], [117.75384238663717, -84.06568778934343], [116.77177453288242, -84.06568778934343], [116.77177453288242, -84.06568778934343], [116.77177453288242, -84.06568778934343], [116.77177453288242, -85.17888778930129], [116.77177453288242, -85.17888778930129], [116.77177453288242, -85.17888778930129], [116.77177453288242, -85.17888778930129], [116.77177453288242, -85.17888778930129], [117.75384238663717, -86.29208778925914]]]}, "properties": {"id": 483, "height_m": 6.1, "levels": null, "category": "residencial", "extrude": true, "manzana_id": 1}}, {"type": "Feature", "geometry": {"type": "Polygon", "coordinates": [[[126.5924530707789, -105.21648778933368], [127.57452092453366, -107.4428877892494], [129.53865663204317, -106.32968778929154], [131.50279233972714, -105.21648778933368], [131.50279233972714, -104.10328778898034], [129.53865663204317, -100.76368778910677], [128.55658877828841, -100.76368778910677], [126.5924530707789, -97.4240877892332], [124.62831736309494, -98.53728778919105], [123.64624950934017, -98.53728778919105], [126.5924530707789, -105.21648778933368]]]}, "properties": {"id": 484, "height_m": 13.8, "levels": null, "category": "residencial", "extrude": true, "manzana_id": 1}}, {"type": "Feature", "geometry": {"type": "Polygon", "coordinates": [[[131.50279233972714, -104.10328778898034], [131.50279233972714, -105.21648778933368], [137.39519946243013, -102.99008778902248], [137.39519946243013, -101.87688778906463], [137.39519946243013, -99.65048778914891], [137.39519946243013, -96.31088778927534], [136.41313160867537, -96.31088778927534], [129.53865663204317, -100.76368778910677], [131.50279233972714, -104.10328778898034]]]}, "properties": {"id": 485, "height_m": 13.7, "levels": null, "category": "residencial", "extrude": true, "manzana_id": 1}}, {"type": "Feature", "geometry": {"type": "Polygon", "coordinates": [[[136.41313160867537, -96.31088778927534], [137.39519946243013, -96.31088778927534], [138.37726731618488, -96.31088778927534], [138.37726731618488, -95.19768778931748], [138.37726731618488, -94.08448778935963], [138.37726731618488, -91.85808778904843], [138.37726731618488, -91.85808778904843], [138.37726731618488, -89.63168778913271], [135.43106375492061, -89.63168778913271], [131.50279233972714, -90.74488778909057], [128.55658877828841, -91.85808778904843], [124.62831736309494, -94.08448778935963], [125.61038521702415, -96.31088778927534], [126.5924530707789, -97.4240877892332], [128.55658877828841, -100.76368778910677], [129.53865663204317, -100.76368778910677], [136.41313160867537, -96.31088778927534]]]}, "properties": {"id": 486, "height_m": 8.9, "levels": null, "category": "residencial", "extrude": true, "manzana_id": 1}}, {"type": "Feature", "geometry": {"type": "Polygon", "coordinates": [[[138.37726731618488, -95.19768778931748], [138.37726731618488, -96.31088778927534], [139.3593351701141, -101.87688778906463], [143.28760658513312, -101.87688778906463], [143.28760658513312, -97.4240877892332], [143.28760658513312, -97.4240877892332], [143.28760658513312, -95.19768778931748], [143.28760658513312, -94.08448778935963], [142.3055387313784, -94.08448778935963], [138.37726731618488, -94.08448778935963], [138.37726731618488, -95.19768778931748]]]}, "properties": {"id": 487, "height_m": 12.6, "levels": null, "category": "residencial", "extrude": true, "manzana_id": 1}}, {"type": "Feature", "geometry": {"type": "Polygon", "coordinates": [[[148.19794585408138, -101.87688778906463], [150.16208156176532, -100.76368778910677], [153.10828512320407, -100.76368778910677], [152.12621726927483, -90.74488778909057], [150.16208156176532, -90.74488778909057], [147.21587800032663, -90.74488778909057], [147.21587800032663, -91.85808778904843], [147.21587800032663, -94.08448778935963], [144.26967443906233, -94.08448778935963], [143.28760658513312, -94.08448778935963], [143.28760658513312, -95.19768778931748], [143.28760658513312, -97.4240877892332], [143.28760658513312, -97.4240877892332], [143.28760658513312, -101.87688778906463], [148.19794585408138, -101.87688778906463]]]}, "properties": {"id": 488, "height_m": 8.3, "levels": null, "category": "residencial", "extrude": true, "manzana_id": 1}}, {"type": "Feature", "geometry": {"type": "Polygon", "coordinates": [[[138.37726731618488, -88.51848778917486], [138.37726731618488, -89.63168778913271], [138.37726731618488, -91.85808778904843], [138.37726731618488, -91.85808778904843], [138.37726731618488, -94.08448778935963], [142.3055387313784, -94.08448778935963], [142.3055387313784, -91.85808778904843], [147.21587800032663, -91.85808778904843], [147.21587800032663, -90.74488778909057], [146.23381014657187, -87.405287789217], [140.34140302386888, -86.29208778925914], [138.37726731618488, -85.17888778930129], [138.37726731618488, -88.51848778917486]]]}, "properties": {"id": 489, "height_m": 12.8, "levels": null, "category": "residencial", "extrude": true, "manzana_id": 1}}, {"type": "Feature", "geometry": {"type": "Polygon", "coordinates": [[[124.62831736309494, -89.63168778913271], [122.66418165558542, -89.63168778913271], [123.64624950934017, -92.97128778900628], [124.62831736309494, -94.08448778935963], [128.55658877828841, -91.85808778904843], [131.50279233972714, -90.74488778909057], [135.43106375492061, -89.63168778913271], [138.37726731618488, -89.63168778913271], [138.37726731618488, -88.51848778917486], [138.37726731618488, -85.17888778930129], [130.52072448597238, -85.17888778930129], [131.50279233972714, -88.51848778917486], [129.53865663204317, -89.63168778913271], [129.53865663204317, -88.51848778917486], [128.55658877828841, -89.63168778913271], [127.57452092453366, -87.405287789217], [124.62831736309494, -89.63168778913271]]]}, "properties": {"id": 490, "height_m": 7.6, "levels": null, "category": "residencial", "extrude": true, "manzana_id": 1}}, {"type": "Feature", "geometry": {"type": "Polygon", "coordinates": [[[127.57452092453366, -87.405287789217], [128.55658877828841, -89.63168778913271], [129.53865663204317, -88.51848778917486], [129.53865663204317, -89.63168778913271], [131.50279233972714, -88.51848778917486], [130.52072448597238, -85.17888778930129], [126.5924530707789, -84.06568778934343], [122.66418165558542, -84.06568778934343], [122.66418165558542, -85.17888778930129], [124.62831736309494, -89.63168778913271], [127.57452092453366, -87.405287789217]]]}, "properties": {"id": 491, "height_m": 10.9, "levels": null, "category": "residencial", "extrude": true, "manzana_id": 1}}, {"type": "Feature", "geometry": {"type": "Polygon", "coordinates": [[[125.61038521702415, -145.291687789003], [126.5924530707789, -149.7444877892299], [129.53865663204317, -148.63128778927205], [131.50279233972714, -148.63128778927205], [130.52072448597238, -144.17848778904514], [128.55658877828841, -139.7256877892137], [133.46692804723668, -137.499287789298], [131.50279233972714, -134.15968778902894], [127.57452092453366, -136.38608778934014], [125.61038521702415, -136.38608778934014], [122.66418165558542, -137.499287789298], [125.61038521702415, -145.291687789003]]]}, "properties": {"id": 492, "height_m": 8.3, "levels": null, "category": "residencial", "extrude": true, "manzana_id": 1}}, {"type": "Feature", "geometry": {"type": "Polygon", "coordinates": [[[134.44899590116586, -147.5180877893142], [136.41313160867537, -147.5180877893142], [135.43106375492061, -144.17848778904514], [134.44899590116586, -143.06528778908728], [134.44899590116586, -140.83888778917157], [133.46692804723668, -137.499287789298], [128.55658877828841, -139.7256877892137], [130.52072448597238, -144.17848778904514], [131.50279233972714, -148.63128778927205], [134.44899590116586, -147.5180877893142]]]}, "properties": {"id": 493, "height_m": 10.7, "levels": null, "category": "residencial", "extrude": true, "manzana_id": 1}}, {"type": "Feature", "geometry": {"type": "Polygon", "coordinates": [[[135.43106375492061, -144.17848778904514], [136.41313160867537, -147.5180877893142], [146.23381014657187, -145.291687789003], [145.25174229281708, -141.95208778912942], [144.26967443906233, -138.61248778925585], [138.37726731618488, -139.7256877892137], [138.37726731618488, -139.7256877892137], [136.41313160867537, -140.83888778917157], [134.44899590116586, -140.83888778917157], [134.44899590116586, -143.06528778908728], [135.43106375492061, -144.17848778904514]]]}, "properties": {"id": 494, "height_m": 7.1, "levels": null, "category": "residencial", "extrude": true, "manzana_id": 1}}, {"type": "Feature", "geometry": {"type": "Polygon", "coordinates": [[[148.19794585408138, -144.17848778904514], [148.19794585408138, -145.291687789003], [159.00069224590706, -144.17848778904514], [157.0365565382231, -140.83888778917157], [156.05448868446834, -139.7256877892137], [155.07242083071358, -136.38608778934014], [154.09035297695883, -136.38608778934014], [151.1441494155201, -138.61248778925585], [152.12621726927483, -140.83888778917157], [149.1800137080106, -140.83888778917157], [149.1800137080106, -139.7256877892137], [147.21587800032663, -140.83888778917157], [148.19794585408138, -144.17848778904514]]]}, "properties": {"id": 495, "height_m": 9.8, "levels": null, "category": "residencial", "extrude": true, "manzana_id": 1}}, {"type": "Feature", "geometry": {"type": "Polygon", "coordinates": [[[156.05448868446834, -138.61248778925585], [156.05448868446834, -139.7256877892137], [157.0365565382231, -140.83888778917157], [157.0365565382231, -140.83888778917157], [159.00069224590706, -144.17848778904514], [161.94689580717136, -143.06528778908728], [163.9110315148553, -143.06528778908728], [163.9110315148553, -143.06528778908728], [167.83930293004877, -141.95208778912942], [164.89309936861005, -133.04648778907108], [163.9110315148553, -133.04648778907108], [162.92896366110054, -133.04648778907108], [161.94689580717136, -134.15968778902894], [157.0365565382231, -136.38608778934014], [157.0365565382231, -136.38608778934014], [155.07242083071358, -137.499287789298], [156.05448868446834, -138.61248778925585]]]}, "properties": {"id": 496, "height_m": 6.3, "levels": null, "category": "residencial", "extrude": true, "manzana_id": 1}}, {"type": "Feature", "geometry": {"type": "Polygon", "coordinates": [[[161.94689580717136, -134.15968778902894], [162.92896366110054, -133.04648778907108], [164.89309936861005, -133.04648778907108], [162.92896366110054, -128.59368778923965], [162.92896366110054, -126.36728778932394], [153.10828512320407, -130.82008778915537], [155.07242083071358, -133.04648778907108], [156.05448868446834, -135.2728877889868], [157.0365565382231, -136.38608778934014], [161.94689580717136, -134.15968778902894]]]}, "properties": {"id": 497, "height_m": 8.5, "levels": null, "category": "residencial", "extrude": true, "manzana_id": 1}}, {"type": "Feature", "geometry": {"type": "Polygon", "coordinates": [[[145.25174229281708, -141.95208778912942], [146.23381014657187, -145.291687789003], [148.19794585408138, -145.291687789003], [148.19794585408138, -144.17848778904514], [147.21587800032663, -140.83888778917157], [149.1800137080106, -139.7256877892137], [151.1441494155201, -138.61248778925585], [151.1441494155201, -138.61248778925585], [154.09035297695883, -136.38608778934014], [155.07242083071358, -136.38608778934014], [156.05448868446834, -135.2728877889868], [155.07242083071358, -133.04648778907108], [153.10828512320407, -130.82008778915537], [152.12621726927483, -128.59368778923965], [150.16208156176532, -129.7068877891975], [147.21587800032663, -131.93328778911322], [143.28760658513312, -134.15968778902894], [142.3055387313784, -135.2728877889868], [144.26967443906233, -138.61248778925585], [145.25174229281708, -141.95208778912942]]]}, "properties": {"id": 498, "height_m": 7.8, "levels": null, "category": "residencial", "extrude": true, "manzana_id": 1}}, {"type": "Feature", "geometry": {"type": "Polygon", "coordinates": [[[150.16208156176532, -129.7068877891975], [152.12621726927483, -128.59368778923965], [158.0186243921523, -126.36728778932394], [157.0365565382231, -123.02768778905488], [159.00069224590706, -123.02768778905488], [159.98276009966182, -125.2540877889706], [161.94689580717136, -124.14088778901274], [159.98276009966182, -118.57488778922345], [155.07242083071358, -121.91448778909702], [149.1800137080106, -125.2540877889706], [145.25174229281708, -127.4804877892818], [143.28760658513312, -128.59368778923965], [140.34140302386888, -130.82008778915537], [141.3234708776236, -133.04648778907108], [142.3055387313784, -135.2728877889868], [143.28760658513312, -134.15968778902894], [147.21587800032663, -131.93328778911322], [150.16208156176532, -129.7068877891975]]]}, "properties": {"id": 499, "height_m": 9.2, "levels": null, "category": "residencial", "extrude": true, "manzana_id": 1}}, {"type": "Feature", "geometry": {"type": "Polygon", "coordinates": [[[156.05448868446834, -119.68808778918131], [159.98276009966182, -117.4616877892656], [159.98276009966182, -117.4616877892656], [159.98276009966182, -117.4616877892656], [159.00069224590706, -113.00888778903868], [158.0186243921523, -113.00888778903868], [158.0186243921523, -113.00888778903868], [154.09035297695883, -115.23528778934988], [154.09035297695883, -115.23528778934988], [151.1441494155201, -116.34848778930774], [153.10828512320407, -119.68808778918131], [154.09035297695883, -120.80128778913917], [156.05448868446834, -119.68808778918131]]]}, "properties": {"id": 500, "height_m": 12.4, "levels": null, "category": "residencial", "extrude": true, "manzana_id": 1}}, {"type": "Feature", "geometry": {"type": "Polygon", "coordinates": [[[150.16208156176532, -114.12208778899654], [151.1441494155201, -116.34848778930774], [154.09035297695883, -115.23528778934988], [154.09035297695883, -115.23528778934988], [158.0186243921523, -113.00888778903868], [155.07242083071358, -102.99008778902248], [150.16208156176532, -104.10328778898034], [145.25174229281708, -104.10328778898034], [148.19794585408138, -110.78248778912297], [150.16208156176532, -114.12208778899654], [150.16208156176532, -114.12208778899654]]]}, "properties": {"id": 501, "height_m": 10.7, "levels": null, "category": "residencial", "extrude": true, "manzana_id": 1}}, {"type": "Feature", "geometry": {"type": "Polygon", "coordinates": [[[139.3593351701141, -117.4616877892656], [142.3055387313784, -115.23528778934988], [138.37726731618488, -109.66928778916511], [138.37726731618488, -109.66928778916511], [136.41313160867537, -107.4428877892494], [132.4848601934819, -108.55608778920725], [134.44899590116586, -113.00888778903868], [131.50279233972714, -115.23528778934988], [132.4848601934819, -120.80128778913917], [133.46692804723668, -120.80128778913917], [135.43106375492061, -120.80128778913917], [136.41313160867537, -119.68808778918131], [138.37726731618488, -118.57488778922345], [139.3593351701141, -117.4616877892656]]]}, "properties": {"id": 502, "height_m": 9.2, "levels": null, "category": "residencial", "extrude": true, "manzana_id": 1}}, {"type": "Feature", "geometry": {"type": "Polygon", "coordinates": [[[132.4848601934819, -123.02768778905488], [132.4848601934819, -127.4804877892818], [135.43106375492061, -125.2540877889706], [137.39519946243013, -125.2540877889706], [141.3234708776236, -123.02768778905488], [142.3055387313784, -121.91448778909702], [146.23381014657187, -119.68808778918131], [142.3055387313784, -115.23528778934988], [139.3593351701141, -117.4616877892656], [138.37726731618488, -118.57488778922345], [136.41313160867537, -119.68808778918131], [135.43106375492061, -120.80128778913917], [133.46692804723668, -120.80128778913917], [132.4848601934819, -120.80128778913917], [132.4848601934819, -123.02768778905488]]]}, "properties": {"id": 503, "height_m": 7.3, "levels": null, "category": "residencial", "extrude": true, "manzana_id": 1}}, {"type": "Feature", "geometry": {"type": "Polygon", "coordinates": [[[153.10828512320407, -119.68808778918131], [151.1441494155201, -116.34848778930774], [147.21587800032663, -119.68808778918131], [146.23381014657187, -119.68808778918131], [142.3055387313784, -121.91448778909702], [143.28760658513312, -124.14088778901274], [144.26967443906233, -125.2540877889706], [145.25174229281708, -127.4804877892818], [149.1800137080106, -125.2540877889706], [155.07242083071358, -121.91448778909702], [159.98276009966182, -118.57488778922345], [159.98276009966182, -117.4616877892656], [156.05448868446834, -119.68808778918131], [154.09035297695883, -120.80128778913917], [153.10828512320407, -119.68808778918131]]]}, "properties": {"id": 504, "height_m": 11.6, "levels": null, "category": "residencial", "extrude": true, "manzana_id": 1}}, {"type": "Feature", "geometry": {"type": "Polygon", "coordinates": [[[137.39519946243013, -135.2728877889868], [137.39519946243013, -136.38608778934014], [138.37726731618488, -139.7256877892137], [144.26967443906233, -138.61248778925585], [142.3055387313784, -135.2728877889868], [141.3234708776236, -133.04648778907108], [140.34140302386888, -130.82008778915537], [137.39519946243013, -131.93328778911322], [137.39519946243013, -131.93328778911322], [136.41313160867537, -133.04648778907108], [137.39519946243013, -135.2728877889868]]]}, "properties": {"id": 505, "height_m": 10.1, "levels": null, "category": "residencial", "extrude": true, "manzana_id": 1}}, {"type": "Feature", "geometry": {"type": "Polygon", "coordinates": [[[136.41313160867537, -140.83888778917157], [138.37726731618488, -139.7256877892137], [138.37726731618488, -139.7256877892137], [137.39519946243013, -136.38608778934014], [137.39519946243013, -135.2728877889868], [136.41313160867537, -133.04648778907108], [134.44899590116586, -133.04648778907108], [131.50279233972714, -134.15968778902894], [133.46692804723668, -137.499287789298], [134.44899590116586, -140.83888778917157], [136.41313160867537, -140.83888778917157]]]}, "properties": {"id": 506, "height_m": 14.6, "levels": null, "category": "residencial", "extrude": true, "manzana_id": 1}}, {"type": "Feature", "geometry": {"type": "Polygon", "coordinates": [[[132.4848601934819, -128.59368778923965], [132.4848601934819, -131.93328778911322], [136.41313160867537, -130.82008778915537], [137.39519946243013, -131.93328778911322], [140.34140302386888, -130.82008778915537], [143.28760658513312, -128.59368778923965], [145.25174229281708, -127.4804877892818], [144.26967443906233, -125.2540877889706], [143.28760658513312, -124.14088778901274], [142.3055387313784, -121.91448778909702], [141.3234708776236, -123.02768778905488], [137.39519946243013, -125.2540877889706], [135.43106375492061, -125.2540877889706], [132.4848601934819, -127.4804877892818], [132.4848601934819, -128.59368778923965]]]}, "properties": {"id": 507, "height_m": 11.1, "levels": null, "category": "residencial", "extrude": true, "manzana_id": 1}}, {"type": "Feature", "geometry": {"type": "Polygon", "coordinates": [[[171.76757434524225, -253.27208778926547], [172.749642198997, -257.7248877890969], [173.7317100527518, -262.17768778932384], [181.58825288313875, -259.9512877890126], [178.6420493217, -253.27208778926547], [177.65998146794527, -251.04568778934976], [177.65998146794527, -249.9324877889964], [177.65998146794527, -248.81928778903855], [176.6779136141905, -248.81928778903855], [175.6958457602613, -248.81928778903855], [171.76757434524225, -249.9324877889964], [171.76757434524225, -252.1588877893076], [171.76757434524225, -253.27208778926547]]]}, "properties": {"id": 508, "height_m": 10.1, "levels": null, "category": "residencial", "extrude": true, "manzana_id": 1}}, {"type": "Feature", "geometry": {"type": "Polygon", "coordinates": [[[179.62411717545478, -249.9324877889964], [180.606185029384, -252.1588877893076], [178.6420493217, -253.27208778926547], [181.58825288313875, -259.9512877890126], [184.53445644440302, -259.9512877890126], [189.44479571335125, -258.8380877890547], [188.46272785959653, -255.49848778918118], [186.49859215208699, -251.04568778934976], [185.51652429833223, -249.9324877889964], [184.53445644440302, -246.59288778912284], [180.606185029384, -247.7060877890807], [179.62411717545478, -247.7060877890807], [178.6420493217, -248.81928778903855], [177.65998146794527, -248.81928778903855], [177.65998146794527, -249.9324877889964], [177.65998146794527, -251.04568778934976], [179.62411717545478, -249.9324877889964]]]}, "properties": {"id": 509, "height_m": 11.6, "levels": null, "category": "residencial", "extrude": true, "manzana_id": 1}}, {"type": "Feature", "geometry": {"type": "Polygon", "coordinates": [[[170.78550649131307, -247.7060877890807], [171.76757434524225, -249.9324877889964], [175.6958457602613, -248.81928778903855], [176.6779136141905, -248.81928778903855], [177.65998146794527, -248.81928778903855], [178.6420493217, -248.81928778903855], [179.62411717545478, -247.7060877890807], [180.606185029384, -247.7060877890807], [184.53445644440302, -246.59288778912284], [183.55238859064826, -245.47968778916498], [181.58825288313875, -241.02688778933356], [177.65998146794527, -242.1400877892914], [178.6420493217, -245.47968778916498], [174.71377790650655, -246.59288778912284], [173.7317100527518, -243.25328778924927], [172.749642198997, -243.25328778924927], [171.76757434524225, -243.25328778924927], [168.82137078380356, -244.36648778920713], [170.78550649131307, -247.7060877890807]]]}, "properties": {"id": 510, "height_m": 9.6, "levels": null, "category": "residencial", "extrude": true, "manzana_id": 1}}, {"type": "Feature", "geometry": {"type": "Polygon", "coordinates": [[[167.83930293004877, -241.02688778933356], [168.82137078380356, -244.36648778920713], [171.76757434524225, -243.25328778924927], [172.749642198997, -243.25328778924927], [173.7317100527518, -243.25328778924927], [174.71377790650655, -243.25328778924927], [176.6779136141905, -242.1400877892914], [176.6779136141905, -242.1400877892914], [177.65998146794527, -242.1400877892914], [181.58825288313875, -241.02688778933356], [178.6420493217, -234.34768778919093], [174.71377790650655, -236.57408778910664], [173.7317100527518, -236.57408778910664], [168.82137078380356, -238.80048778902236], [166.85723507629405, -238.80048778902236], [167.83930293004877, -241.02688778933356]]]}, "properties": {"id": 511, "height_m": 10.0, "levels": null, "category": "residencial", "extrude": true, "manzana_id": 1}}, {"type": "Feature", "geometry": {"type": "Polygon", "coordinates": [[[172.749642198997, -229.8948877893595], [166.85723507629405, -232.12128778927521], [168.82137078380356, -235.46088778914879], [165.8751672223648, -236.57408778910664], [166.85723507629405, -238.80048778902236], [168.82137078380356, -238.80048778902236], [173.7317100527518, -236.57408778910664], [174.71377790650655, -236.57408778910664], [178.6420493217, -234.34768778919093], [178.6420493217, -232.12128778927521], [176.6779136141905, -228.78168778900616], [172.749642198997, -229.8948877893595]]]}, "properties": {"id": 512, "height_m": 7.1, "levels": null, "category": "residencial", "extrude": true, "manzana_id": 1}}, {"type": "Feature", "geometry": {"type": "Polygon", "coordinates": [[[186.49859215208699, -212.08368778924282], [186.49859215208699, -209.8572877893271], [181.58825288313875, -210.97048778928496], [177.65998146794527, -210.97048778928496], [178.6420493217, -215.4232877891164], [187.48066000584174, -214.31008778915853], [187.48066000584174, -213.19688778920067], [186.49859215208699, -212.08368778924282]]]}, "properties": {"id": 513, "height_m": 11.6, "levels": null, "category": "residencial", "extrude": true, "manzana_id": 1}}, {"type": "Feature", "geometry": {"type": "Polygon", "coordinates": [[[182.5703207368935, -218.76288778898996], [184.53445644440302, -218.76288778898996], [188.46272785959653, -217.6496877890321], [187.48066000584174, -215.4232877891164], [187.48066000584174, -214.31008778915853], [178.6420493217, -215.4232877891164], [179.62411717545478, -219.8760877893433], [182.5703207368935, -218.76288778898996]]]}, "properties": {"id": 514, "height_m": 14.7, "levels": null, "category": "residencial", "extrude": true, "manzana_id": 1}}, {"type": "Feature", "geometry": {"type": "Polygon", "coordinates": [[[182.5703207368935, -229.8948877893595], [182.5703207368935, -232.12128778927521], [183.55238859064826, -232.12128778927521], [183.55238859064826, -232.12128778927521], [184.53445644440302, -231.00808778931736], [186.49859215208699, -231.00808778931736], [188.46272785959653, -229.8948877893595], [188.46272785959653, -231.00808778931736], [188.46272785959653, -231.00808778931736], [188.46272785959653, -231.00808778931736], [191.40893142103522, -229.8948877893595], [193.37306712854473, -229.8948877893595], [194.35513498247394, -229.8948877893595], [194.35513498247394, -229.8948877893595], [197.30133854373824, -228.78168778900616], [197.30133854373824, -228.78168778900616], [197.30133854373824, -225.4420877891326], [196.31927068998345, -222.10248778925902], [193.37306712854473, -223.21568778921687], [192.39099927478998, -223.21568778921687], [191.40893142103522, -224.32888778917473], [181.58825288313875, -227.6684877890483], [182.5703207368935, -229.8948877893595]]]}, "properties": {"id": 515, "height_m": 8.8, "levels": null, "category": "residencial", "extrude": true, "manzana_id": 1}}, {"type": "Feature", "geometry": {"type": "Polygon", "coordinates": [[[189.44479571335125, -248.81928778903855], [190.42686356728046, -252.1588877893076], [192.39099927478998, -258.8380877890547], [197.30133854373824, -257.7248877890969], [200.24754210517693, -256.61168778913907], [204.17581352037044, -256.61168778913907], [200.24754210517693, -238.80048778902236], [197.30133854373824, -239.9136877889802], [199.26547425142218, -244.36648778920713], [197.30133854373824, -244.36648778920713], [196.31927068998345, -239.9136877889802], [192.39099927478998, -241.02688778933356], [192.39099927478998, -241.02688778933356], [187.48066000584174, -243.25328778924927], [189.44479571335125, -248.81928778903855]]]}, "properties": {"id": 516, "height_m": 8.1, "levels": null, "category": "residencial", "extrude": true, "manzana_id": 1}}, {"type": "Feature", "geometry": {"type": "Polygon", "coordinates": [[[184.53445644440302, -235.46088778914879], [187.48066000584174, -243.25328778924927], [192.39099927478998, -241.02688778933356], [192.39099927478998, -241.02688778933356], [190.42686356728046, -234.34768778919093], [194.35513498247394, -233.23448778923307], [195.33720283622873, -234.34768778919093], [199.26547425142218, -233.23448778923307], [197.30133854373824, -228.78168778900616], [194.35513498247394, -229.8948877893595], [193.37306712854473, -229.8948877893595], [188.46272785959653, -231.00808778931736], [188.46272785959653, -231.00808778931736], [188.46272785959653, -231.00808778931736], [188.46272785959653, -229.8948877893595], [183.55238859064826, -232.12128778927521], [184.53445644440302, -235.46088778914879], [184.53445644440302, -235.46088778914879]]]}, "properties": {"id": 517, "height_m": 5.6, "levels": null, "category": "residencial", "extrude": true, "manzana_id": 1}}, {"type": "Feature", "geometry": {"type": "Polygon", "coordinates": [[[180.606185029384, -223.21568778921687], [181.58825288313875, -227.6684877890483], [191.40893142103522, -224.32888778917473], [193.37306712854473, -223.21568778921687], [196.31927068998345, -222.10248778925902], [196.31927068998345, -220.98928778930116], [196.31927068998345, -220.98928778930116], [196.31927068998345, -218.76288778898996], [195.33720283622873, -218.76288778898996], [194.35513498247394, -215.4232877891164], [191.40893142103522, -216.53648778907424], [190.42686356728046, -217.6496877890321], [188.46272785959653, -217.6496877890321], [189.44479571335125, -220.98928778930116], [185.51652429833223, -222.10248778925902], [184.53445644440302, -218.76288778898996], [182.5703207368935, -218.76288778898996], [179.62411717545478, -219.8760877893433], [180.606185029384, -223.21568778921687]]]}, "properties": {"id": 518, "height_m": 6.7, "levels": null, "category": "residencial", "extrude": true, "manzana_id": 1}}, {"type": "Feature", "geometry": {"type": "Polygon", "coordinates": [[[186.49859215208699, -209.8572877893271], [186.49859215208699, -212.08368778924282], [187.48066000584174, -213.19688778920067], [187.48066000584174, -214.31008778915853], [187.48066000584174, -215.4232877891164], [188.46272785959653, -217.6496877890321], [188.46272785959653, -217.6496877890321], [190.42686356728046, -217.6496877890321], [191.40893142103522, -216.53648778907424], [194.35513498247394, -215.4232877891164], [193.37306712854473, -210.97048778928496], [193.37306712854473, -208.74408778897376], [186.49859215208699, -209.8572877893271]]]}, "properties": {"id": 519, "height_m": 9.7, "levels": null, "category": "residencial", "extrude": true, "manzana_id": 1}}, {"type": "Feature", "geometry": {"type": "Polygon", "coordinates": [[[165.8751672223648, -229.8948877893595], [169.8034386375583, -228.78168778900616], [168.82137078380356, -225.4420877891326], [167.83930293004877, -225.4420877891326], [164.89309936861005, -225.4420877891326], [161.94689580717136, -226.55528778909044], [162.92896366110054, -231.00808778931736], [165.8751672223648, -229.8948877893595]]]}, "properties": {"id": 520, "height_m": 12.5, "levels": null, "category": "residencial", "extrude": true, "manzana_id": 1}}, {"type": "Feature", "geometry": {"type": "Polygon", "coordinates": [[[168.82137078380356, -225.4420877891326], [169.8034386375583, -228.78168778900616], [175.6958457602613, -226.55528778909044], [173.7317100527518, -220.98928778930116], [170.78550649131307, -220.98928778930116], [167.83930293004877, -222.10248778925902], [167.83930293004877, -222.10248778925902], [166.85723507629405, -222.10248778925902], [167.83930293004877, -225.4420877891326], [168.82137078380356, -225.4420877891326]]]}, "properties": {"id": 521, "height_m": 15.5, "levels": null, "category": "residencial", "extrude": true, "manzana_id": 1}}, {"type": "Feature", "geometry": {"type": "Polygon", "coordinates": [[[163.9110315148553, -210.97048778928496], [160.96482795341657, -210.97048778928496], [160.96482795341657, -215.4232877891164], [160.96482795341657, -216.53648778907424], [171.76757434524225, -214.31008778915853], [171.76757434524225, -214.31008778915853], [170.78550649131307, -212.08368778924282], [169.8034386375583, -212.08368778924282], [168.82137078380356, -210.97048778928496], [164.89309936861005, -210.97048778928496], [163.9110315148553, -210.97048778928496]]]}, "properties": {"id": 522, "height_m": 12.9, "levels": null, "category": "residencial", "extrude": true, "manzana_id": 1}}, {"type": "Feature", "geometry": {"type": "Polygon", "coordinates": [[[171.76757434524225, -212.08368778924282], [174.71377790650655, -210.97048778928496], [174.71377790650655, -208.74408778897376], [174.71377790650655, -208.74408778897376], [173.7317100527518, -207.6308877890159], [169.8034386375583, -205.4044877891002], [166.85723507629405, -205.4044877891002], [163.9110315148553, -205.4044877891002], [159.00069224590706, -205.4044877891002], [159.98276009966182, -210.97048778928496], [160.96482795341657, -210.97048778928496], [163.9110315148553, -210.97048778928496], [164.89309936861005, -210.97048778928496], [168.82137078380356, -210.97048778928496], [169.8034386375583, -212.08368778924282], [170.78550649131307, -212.08368778924282], [171.76757434524225, -212.08368778924282]]]}, "properties": {"id": 523, "height_m": 7.4, "levels": null, "category": "residencial", "extrude": true, "manzana_id": 1}}, {"type": "Feature", "geometry": {"type": "Polygon", "coordinates": [[[208.10408493538947, -255.49848778918118], [210.06822064307343, -254.38528778922333], [210.06822064307343, -252.1588877893076], [210.06822064307343, -251.04568778934976], [209.08615278931867, -247.7060877890807], [208.10408493538947, -245.47968778916498], [204.17581352037044, -246.59288778912284], [207.12201708163468, -255.49848778918118], [208.10408493538947, -255.49848778918118]]]}, "properties": {"id": 524, "height_m": 13.7, "levels": null, "category": "residencial", "extrude": true, "manzana_id": 1}}, {"type": "Feature", "geometry": {"type": "Polygon", "coordinates": [[[209.08615278931867, -245.47968778916498], [210.06822064307343, -247.7060877890807], [209.08615278931867, -247.7060877890807], [210.06822064307343, -251.04568778934976], [210.06822064307343, -252.1588877893076], [210.06822064307343, -254.38528778922333], [213.9964920582669, -254.38528778922333], [213.01442420451215, -251.04568778934976], [213.01442420451215, -248.81928778903855], [212.03235635058294, -247.7060877890807], [213.9964920582669, -246.59288778912284], [213.9964920582669, -244.36648778920713], [212.03235635058294, -244.36648778920713], [209.08615278931867, -245.47968778916498]]]}, "properties": {"id": 525, "height_m": 14.0, "levels": null, "category": "residencial", "extrude": true, "manzana_id": 1}}, {"type": "Feature", "geometry": {"type": "Polygon", "coordinates": [[[213.01442420451215, -249.9324877889964], [213.01442420451215, -251.04568778934976], [213.9964920582669, -254.38528778922333], [214.97855991202167, -254.38528778922333], [221.8530348884794, -253.27208778926547], [221.8530348884794, -252.1588877893076], [220.87096703472466, -248.81928778903855], [219.8888991809699, -246.59288778912284], [219.8888991809699, -245.47968778916498], [219.8888991809699, -243.25328778924927], [218.90683132721514, -243.25328778924927], [217.9247634734604, -243.25328778924927], [213.9964920582669, -244.36648778920713], [213.9964920582669, -246.59288778912284], [216.9426956195312, -246.59288778912284], [217.9247634734604, -247.7060877890807], [213.9964920582669, -247.7060877890807], [214.97855991202167, -248.81928778903855], [213.01442420451215, -248.81928778903855], [213.01442420451215, -249.9324877889964]]]}, "properties": {"id": 526, "height_m": 11.2, "levels": null, "category": "residencial", "extrude": true, "manzana_id": 1}}, {"type": "Feature", "geometry": {"type": "Polygon", "coordinates": [[[221.8530348884794, -252.1588877893076], [226.7633741576021, -252.1588877893076], [227.7454420113569, -248.81928778903855], [226.7633741576021, -242.1400877892914], [222.83510274240862, -242.1400877892914], [219.8888991809699, -243.25328778924927], [221.8530348884794, -252.1588877893076]]]}, "properties": {"id": 527, "height_m": 3.2, "levels": null, "category": "residencial", "extrude": true, "manzana_id": 1}}, {"type": "Feature", "geometry": {"type": "Polygon", "coordinates": [[[217.9247634734604, -243.25328778924927], [218.90683132721514, -243.25328778924927], [222.83510274240862, -242.1400877892914], [226.7633741576021, -242.1400877892914], [226.7633741576021, -241.02688778933356], [226.7633741576021, -241.02688778933356], [225.78130630367292, -236.57408778910664], [225.78130630367292, -236.57408778910664], [224.79923844991814, -236.57408778910664], [221.8530348884794, -237.6872877890645], [218.90683132721514, -237.6872877890645], [216.9426956195312, -237.6872877890645], [215.96062776577642, -238.80048778902236], [213.01442420451215, -238.80048778902236], [210.06822064307343, -238.80048778902236], [211.0502884968282, -242.1400877892914], [212.03235635058294, -244.36648778920713], [217.9247634734604, -243.25328778924927]]]}, "properties": {"id": 528, "height_m": 6.8, "levels": null, "category": "residencial", "extrude": true, "manzana_id": 1}}, {"type": "Feature", "geometry": {"type": "Polygon", "coordinates": [[[209.08615278931867, -232.12128778927521], [211.0502884968282, -232.12128778927521], [213.01442420451215, -231.00808778931736], [212.03235635058294, -227.6684877890483], [211.0502884968282, -225.4420877891326], [211.0502884968282, -225.4420877891326], [210.06822064307343, -223.21568778921687], [210.06822064307343, -220.98928778930116], [206.13994922787995, -222.10248778925902], [203.19374566644123, -222.10248778925902], [200.24754210517693, -223.21568778921687], [203.19374566644123, -235.46088778914879], [206.13994922787995, -234.34768778919093], [209.08615278931867, -234.34768778919093], [209.08615278931867, -232.12128778927521]]]}, "properties": {"id": 529, "height_m": 9.7, "levels": null, "category": "residencial", "extrude": true, "manzana_id": 1}}, {"type": "Feature", "geometry": {"type": "Polygon", "coordinates": [[[212.03235635058294, -227.6684877890483], [213.01442420451215, -231.00808778931736], [221.8530348884794, -229.8948877893595], [223.8171705961634, -228.78168778900616], [222.83510274240862, -223.21568778921687], [222.83510274240862, -223.21568778921687], [220.87096703472466, -223.21568778921687], [219.8888991809699, -223.21568778921687], [213.9964920582669, -225.4420877891326], [211.0502884968282, -225.4420877891326], [212.03235635058294, -227.6684877890483]]]}, "properties": {"id": 530, "height_m": 10.7, "levels": null, "category": "residencial", "extrude": true, "manzana_id": 1}}, {"type": "Feature", "geometry": {"type": "Polygon", "coordinates": [[[210.06822064307343, -223.21568778921687], [211.0502884968282, -225.4420877891326], [211.0502884968282, -225.4420877891326], [213.9964920582669, -225.4420877891326], [219.8888991809699, -223.21568778921687], [220.87096703472466, -223.21568778921687], [222.83510274240862, -223.21568778921687], [222.83510274240862, -222.10248778925902], [223.8171705961634, -222.10248778925902], [222.83510274240862, -217.6496877890321], [221.8530348884794, -218.76288778898996], [221.8530348884794, -217.6496877890321], [219.8888991809699, -218.76288778898996], [210.06822064307343, -220.98928778930116], [210.06822064307343, -223.21568778921687]]]}, "properties": {"id": 531, "height_m": 9.5, "levels": null, "category": "residencial", "extrude": true, "manzana_id": 1}}, {"type": "Feature", "geometry": {"type": "Polygon", "coordinates": [[[202.21167781268647, -216.53648778907424], [203.19374566644123, -218.76288778898996], [198.28340639749297, -219.8760877893433], [199.26547425142218, -223.21568778921687], [200.24754210517693, -223.21568778921687], [203.19374566644123, -222.10248778925902], [206.13994922787995, -222.10248778925902], [210.06822064307343, -220.98928778930116], [219.8888991809699, -218.76288778898996], [217.9247634734604, -209.8572877893271], [213.01442420451215, -209.8572877893271], [213.01442420451215, -212.08368778924282], [211.0502884968282, -216.53648778907424], [206.13994922787995, -217.6496877890321], [205.15788137412517, -212.08368778924282], [201.22960995893172, -212.08368778924282], [202.21167781268647, -214.31008778915853], [198.28340639749297, -215.4232877891164], [199.26547425142218, -216.53648778907424], [197.30133854373824, -216.53648778907424], [198.28340639749297, -217.6496877890321], [202.21167781268647, -216.53648778907424]]]}, "properties": {"id": 532, "height_m": 10.7, "levels": null, "category": "residencial", "extrude": true, "manzana_id": 1}}, {"type": "Feature", "geometry": {"type": "Polygon", "coordinates": [[[218.90683132721514, -205.4044877891002], [210.06822064307343, -206.51768778905804], [211.0502884968282, -210.97048778928496], [213.01442420451215, -209.8572877893271], [217.9247634734604, -209.8572877893271], [219.8888991809699, -208.74408778897376], [218.90683132721514, -205.4044877891002]]]}, "properties": {"id": 533, "height_m": 6.4, "levels": null, "category": "residencial", "extrude": true, "manzana_id": 1}}, {"type": "Feature", "geometry": {"type": "Polygon", "coordinates": [[[210.06822064307343, -206.51768778905804], [195.33720283622873, -207.6308877890159], [196.31927068998345, -213.19688778920067], [197.30133854373824, -213.19688778920067], [201.22960995893172, -212.08368778924282], [205.15788137412517, -212.08368778924282], [211.0502884968282, -210.97048778928496], [210.06822064307343, -206.51768778905804]]]}, "properties": {"id": 534, "height_m": 6.5, "levels": null, "category": "residencial", "extrude": true, "manzana_id": 1}}, {"type": "Feature", "geometry": {"type": "Polygon", "coordinates": [[[203.19374566644123, -241.02688778933356], [204.17581352037044, -246.59288778912284], [208.10408493538947, -245.47968778916498], [209.08615278931867, -245.47968778916498], [209.08615278931867, -245.47968778916498], [209.08615278931867, -245.47968778916498], [212.03235635058294, -244.36648778920713], [211.0502884968282, -242.1400877892914], [211.0502884968282, -242.1400877892914], [210.06822064307343, -238.80048778902236], [213.01442420451215, -238.80048778902236], [215.96062776577642, -238.80048778902236], [215.96062776577642, -237.6872877890645], [216.9426956195312, -237.6872877890645], [218.90683132721514, -237.6872877890645], [218.90683132721514, -237.6872877890645], [221.8530348884794, -237.6872877890645], [224.79923844991814, -236.57408778910664], [223.8171705961634, -231.00808778931736], [217.9247634734604, -232.12128778927521], [217.9247634734604, -232.12128778927521], [214.97855991202167, -233.23448778923307], [212.03235635058294, -233.23448778923307], [209.08615278931867, -234.34768778919093], [206.13994922787995, -234.34768778919093], [206.13994922787995, -234.34768778919093], [203.19374566644123, -235.46088778914879], [202.21167781268647, -235.46088778914879], [203.19374566644123, -241.02688778933356]]]}, "properties": {"id": 535, "height_m": 8.6, "levels": null, "category": "residencial", "extrude": true, "manzana_id": 1}}]}