{"type": "FeatureCollection", "crs": {"type": "name", "properties": {"name": "EPSG:32628_local_enu_m_section_centroid", "lng0": -16.687259816995894, "lat0": 28.013617008955105}}, "features": [{"type": "Feature", "geometry": {"type": "Polygon", "coordinates": [[[594.4614188206962, -2802.257363117564], [602.7167122467475, -2795.578163117817], [619.0307444932682, -2788.1197231176643], [642.0276333225834, -2777.878283117815], [645.2707843115388, -2774.983963117608], [646.3518346411906, -2771.755683117849], [644.9759524035155, -2764.8538431178727], [642.9121290470027, -2761.959523117666], [638.4896504259536, -2760.1784031178126], [636.5241043718825, -2756.8388031175436], [631.3154073295543, -2748.82376311761], [626.5980968004818, -2739.918163117551], [622.7652819954797, -2731.7918031178983], [620.8980132441994, -2726.893723117609], [620.0135175201292, -2722.997523117559], [620.5049040337343, -2715.8730431177496], [621.3893997578044, -2708.303283117878], [622.3721727846654, -2699.842963117882], [621.7825089686187, -2692.1618831178957], [619.2272990985008, -2676.4657631175805], [618.5393579796631, -2670.120523117781], [617.654862255593, -2663.107363117691], [614.6082658722192, -2653.8678031176846], [613.1341063317532, -2648.190483117781], [612.5444425157065, -2644.071643117897], [612.1513333048922, -2639.062243117889], [610.5788964619844, -2635.8339631177346], [607.6305773814015, -2631.715123117851], [604.6822583004695, -2626.705723117843], [601.5373846143048, -2622.475563117845], [594.068309609882, -2613.3473231175576], [587.7785622379018, -2606.3341631178628], [584.0440247356904, -2602.2153231175835], [581.0957056551075, -2598.3191231175333], [576.7715043365001, -2592.8644431178586], [569.4989839376592, -2585.072043117758], [563.8971776841674, -2579.840003117521], [556.8212118905589, -2574.0513631178983], [550.2366326105554, -2569.153283117609], [543.3572214221794, -2564.3665231178297], [535.2984826017098, -2560.136363117832], [526.2569707540301, -2555.4609231177715], [523.9965927922848, -2555.0156431177093], [519.3775595656541, -2554.6816831177616], [514.8568036421634, -2554.6816831177616], [508.7636108754158, -2556.240163117782], [504.6359641623902, -2558.1326031177496], [491.17197369366147, -2566.036323117569], [487.4374361914501, -2567.48348311787], [484.1942852028438, -2567.817443117818], [480.45974770063236, -2567.1495231175268], [475.9389917767926, -2566.5929231177456], [473.0889499990005, -2566.258963117798], [469.25613519399826, -2566.815563117579], [467.19231183748536, -2567.7061231177036], [463.7526062432974, -2569.375923117838], [459.42840492503916, -2571.268363117806], [454.4162624879435, -2574.274003117732], [450.190338472127, -2575.7211631176374], [445.47302794305466, -2577.7249231177198], [450.68172498573205, -2586.5192031176634], [455.59559012003706, -2588.522963117746], [465.2267657837634, -2599.3210031177723], [473.1872273014422, -2607.5586831175397], [479.4769746737714, -2614.1265631175675], [482.7201256623777, -2619.5812431176378], [487.8305454022643, -2627.0396831177904], [494.1202927745936, -2634.832083117891], [500.60659475215544, -2644.6282431176783], [506.99461942692636, -2652.086683117831], [512.3998710748364, -2658.9885231178073], [514.1688625233259, -2665.111123117773], [518.0999546307697, -2673.905403117717], [522.915542462633, -2680.250643117516], [524.4879793055406, -2687.1524831178876], [529.4018444401947, -2694.165643117583], [537.657137866246, -2702.9599231175266], [546.502095108344, -2715.205123117854], [556.9194891933497, -2731.680483117784], [559.9660855767236, -2738.3596831175314], [568.3196563052164, -2750.2709231175154], [576.7715043365001, -2762.6274431175616], [583.3560836168529, -2774.7613231177747], [587.1888984218551, -2783.778243117552], [591.4148224373224, -2794.464963117859], [594.4614188206962, -2802.257363117564]]]}, "properties": {"id": 0, "height_m": 3.0, "levels": 1, "category": "publico", "extrude": true, "manzana_id": 62}}, {"type": "Feature", "geometry": {"type": "Polygon", "coordinates": [[[680.3557813715582, -2790.2348031178612], [679.3730083446974, -2791.5706431176523], [677.8005715017896, -2792.238563117548], [676.1298573560911, -2792.5725231178913], [674.655697815625, -2792.68384311761], [676.7195211721378, -2795.132883117755], [680.55233597714, -2800.0309631176483], [692.6404442078443, -2802.3686831176788], [689.5938478244705, -2817.7308431176507], [677.604016896557, -2815.3931231176207], [675.2453616316717, -2825.523243117751], [698.8319142773828, -2821.7383631178154], [703.7457794120369, -2828.083603117615], [708.3648126383183, -2806.0422431178954], [724.6788448848391, -2737.3578031176876], [736.4721212075201, -2687.375123117721], [731.0668695596102, -2693.052443117625], [725.9564498197235, -2698.284483117862], [722.1236350147213, -2703.5165231177034], [718.6839294208825, -2711.086283117575], [714.9493919186709, -2721.9956431177156], [711.8045182325063, -2733.2389631178044], [710.6251906000637, -2738.8049631175936], [703.7457794120369, -2737.8030831177502], [698.5370823693594, -2771.0877631175576], [696.276704407614, -2786.115963117582], [687.8248563759811, -2784.6688031176764], [686.4489741383059, -2791.348003117819], [680.3557813715582, -2790.2348031178612]]]}, "properties": {"id": 1, "height_m": 3.0, "levels": 1, "category": "publico", "extrude": true, "manzana_id": 62}}, {"type": "Feature", "geometry": {"type": "Polygon", "coordinates": [[[680.55233597714, -2800.0309631176483], [677.604016896557, -2815.3931231176207], [689.5938478244705, -2817.7308431176507], [692.6404442078443, -2802.3686831176788], [680.55233597714, -2800.0309631176483]]]}, "properties": {"id": 2, "height_m": 3.0, "levels": 1, "category": "residencial", "extrude": true, "manzana_id": 62}}, {"type": "Feature", "geometry": {"type": "Polygon", "coordinates": [[[432.6969785935127, -2533.9761631178335], [416.3829463469919, -2547.668523117671], [418.5450470059464, -2549.1156831175767], [424.14685325943805, -2553.234523117856], [427.2917269452536, -2555.4609231177715], [432.500423987931, -2560.247683117551], [436.4315160957241, -2564.4778431175487], [441.345381230029, -2571.045723117577], [445.47302794305466, -2577.7249231177198], [450.190338472127, -2575.7211631176374], [454.4162624879435, -2574.274003117732], [459.42840492503916, -2571.268363117806], [463.7526062432974, -2569.375923117838], [467.19231183748536, -2567.7061231177036], [469.25613519399826, -2566.815563117579], [473.0889499990005, -2566.258963117798], [475.9389917767926, -2566.5929231177456], [480.45974770063236, -2567.1495231175268], [484.1942852028438, -2567.817443117818], [487.4374361914501, -2567.48348311787], [491.17197369366147, -2566.036323117569], [504.6359641623902, -2558.1326031177496], [508.7636108754158, -2556.240163117782], [514.8568036421634, -2554.6816831177616], [519.3775595656541, -2554.6816831177616], [523.9965927922848, -2555.0156431177093], [526.2569707540301, -2555.4609231177715], [535.2984826017098, -2560.136363117832], [543.3572214221794, -2564.3665231178297], [550.2366326105554, -2569.153283117609], [556.8212118905589, -2574.0513631178983], [563.8971776841674, -2579.840003117521], [569.4989839376592, -2585.072043117758], [576.7715043365001, -2592.8644431178586], [581.0957056551075, -2598.3191231175333], [584.0440247356904, -2602.2153231175835], [587.7785622379018, -2606.3341631178628], [594.068309609882, -2613.3473231175576], [601.5373846143048, -2622.475563117845], [604.6822583004695, -2626.705723117843], [607.6305773814015, -2631.715123117851], [610.5788964619844, -2635.8339631177346], [612.1513333048922, -2639.062243117889], [612.5444425157065, -2644.071643117897], [613.1341063317532, -2648.190483117781], [614.6082658722192, -2653.8678031176846], [617.654862255593, -2663.107363117691], [618.5393579796631, -2670.120523117781], [619.2272990985008, -2676.4657631175805], [621.7825089686187, -2692.1618831178957], [622.3721727846654, -2699.842963117882], [621.3893997578044, -2708.303283117878], [620.5049040337343, -2715.8730431177496], [620.0135175201292, -2722.997523117559], [620.8980132441994, -2726.893723117609], [622.7652819954797, -2731.7918031178983], [626.5980968004818, -2739.918163117551], [631.3154073295543, -2748.82376311761], [636.5241043718825, -2756.8388031175436], [638.4896504259536, -2760.1784031178126], [642.9121290470027, -2761.959523117666], [644.9759524035155, -2764.8538431178727], [646.3518346411906, -2771.755683117849], [645.2707843115388, -2774.983963117608], [642.0276333225834, -2777.878283117815], [619.0307444932682, -2788.1197231176643], [602.7167122467475, -2795.578163117817], [594.4614188206962, -2802.257363117564], [591.4148224373224, -2794.464963117859], [587.1888984218551, -2783.778243117552], [583.3560836168529, -2774.7613231177747], [576.7715043365001, -2762.6274431175616], [568.3196563052164, -2750.2709231175154], [559.9660855767236, -2738.3596831175314], [556.9194891933497, -2731.680483117784], [546.502095108344, -2715.205123117854], [537.657137866246, -2702.9599231175266], [529.4018444401947, -2694.165643117583], [524.4879793055406, -2687.1524831178876], [522.915542462633, -2680.250643117516], [518.0999546307697, -2673.905403117717], [514.1688625233259, -2665.111123117773], [512.3998710748364, -2658.9885231178073], [506.99461942692636, -2652.086683117831], [500.60659475215544, -2644.6282431176783], [494.1202927745936, -2634.832083117891], [487.8305454022643, -2627.0396831177904], [482.7201256623777, -2619.5812431176378], [479.4769746737714, -2614.1265631175675], [473.1872273014422, -2607.5586831175397], [465.2267657837634, -2599.3210031177723], [455.59559012003706, -2588.522963117746], [450.68172498573205, -2586.5192031176634], [547.2883135296233, -2746.1520831176317], [559.8678082739327, -2766.5236431176118], [576.6732270340585, -2804.038483117813], [592.8889819777885, -2842.777843117691], [593.085536583021, -2843.334443117868], [625.51704647083, -2834.985443117591], [669.9383872865526, -2826.3024831177613], [675.2453616316717, -2825.523243117751], [677.604016896557, -2815.3931231176207], [680.55233597714, -2800.0309631176483], [676.7195211721378, -2795.132883117755], [674.655697815625, -2792.68384311761], [676.1298573560911, -2792.5725231178913], [677.8005715017896, -2792.238563117548], [679.3730083446974, -2791.5706431176523], [680.3557813715582, -2790.2348031178612], [686.4489741383059, -2791.348003117819], [687.8248563759811, -2784.6688031176764], [696.276704407614, -2786.115963117582], [698.5370823693594, -2771.0877631175576], [703.7457794120369, -2737.8030831177502], [710.6251906000637, -2738.8049631175936], [711.8045182325063, -2733.2389631178044], [714.9493919186709, -2721.9956431177156], [718.6839294208825, -2711.086283117575], [722.1236350147213, -2703.5165231177034], [725.9564498197235, -2698.284483117862], [731.0668695596102, -2693.052443117625], [736.4721212075201, -2687.375123117721], [740.6980452233365, -2669.5639231176046], [746.1032968712465, -2635.277363117558], [747.872288319736, -2613.79260311762], [749.1498932546203, -2586.8531631176115], [749.0516159518295, -2569.821203117505], [746.7912379900841, -2542.213843117601], [743.9411962119428, -2521.174363117725], [741.4842636446159, -2507.370683117773], [732.6393064025178, -2470.635083117582], [726.3495590305378, -2451.2654031178404], [656.3761195153821, -2440.3560431176998], [628.465365551413, -2435.235323117577], [617.163475741988, -2438.686243117565], [590.0389401996472, -2446.8126031176134], [556.1332707717213, -2456.8314031176296], [518.9844503551891, -2467.4068031178226], [511.2205434423937, -2473.6407231175076], [476.725210198421, -2499.5782831176725], [432.6969785935127, -2533.9761631178335]]]}, "properties": {"id": 3, "height_m": 3.0, "levels": 1, "category": "publico", "extrude": true, "manzana_id": 62}}, {"type": "Feature", "geometry": {"type": "Polygon", "coordinates": [[[385.5238733020906, -2302.7645231178462], [390.7325703447681, -2302.7645231178462], [390.7325703447681, -2299.4249231175772], [385.6221506048815, -2299.3136031178583], [385.5238733020906, -2302.7645231178462]]]}, "properties": {"id": 4, "height_m": 3.0, "levels": 1, "category": "residencial", "extrude": true, "manzana_id": 10}}, {"type": "Feature", "geometry": {"type": "Polygon", "coordinates": [[[339.03870912985525, -2335.8265631178206], [332.84723906066597, -2336.1605231177687], [333.2403482711311, -2346.290643117504], [341.1025324863681, -2345.9566831175557], [341.1025324863681, -2348.4057231177003], [348.5716074907909, -2348.0717631177527], [348.7681620963726, -2353.526443117823], [346.70433873985974, -2353.637763117542], [346.70433873985974, -2356.6434031178633], [347.68711176672076, -2356.6434031178633], [347.88366637195327, -2360.539603117518], [353.68202723067753, -2360.428283117799], [356.23723710079537, -2360.428283117799], [355.2544640739344, -2338.943523117861], [355.15618677114355, -2335.1586431175297], [345.72156571299877, -2335.603923117592], [345.91812031823133, -2338.943523117861], [339.13698643264615, -2339.1661631176944], [339.03870912985525, -2335.8265631178206]]]}, "properties": {"id": 5, "height_m": 3.0, "levels": 1, "category": "residencial", "extrude": true, "manzana_id": 7}}, {"type": "Feature", "geometry": {"type": "Polygon", "coordinates": [[[345.72156571299877, -2335.603923117592], [339.03870912985525, -2335.8265631178206], [339.13698643264615, -2339.1661631176944], [345.91812031823133, -2338.943523117861], [345.72156571299877, -2335.603923117592]]]}, "properties": {"id": 6, "height_m": 3.0, "levels": 1, "category": "residencial", "extrude": true, "manzana_id": 7}}, {"type": "Feature", "geometry": {"type": "Polygon", "coordinates": [[[333.33862557392195, -2347.403843117857], [328.9161469528729, -2347.515163117576], [328.8178696500821, -2344.50952311765], [323.2160633969396, -2344.7321631178793], [323.5108953049629, -2353.7490831176565], [323.01950879135785, -2353.7490831176565], [320.4642989215892, -2353.8604031177706], [320.8574081324034, -2359.9830031177366], [323.2160633969396, -2359.8716831176225], [331.9627433362467, -2359.42640311756], [331.9627433362467, -2358.3132031176024], [334.3213986007829, -2358.3132031176024], [334.22312129799207, -2357.2000031176444], [334.22312129799207, -2354.1943631177187], [332.06102063903757, -2354.305683117833], [332.06102063903757, -2352.524563117584], [329.6040880717105, -2352.6358831176985], [329.6040880717105, -2349.2962831178247], [333.33862557392195, -2349.1849631177106], [333.33862557392195, -2347.403843117857]]]}, "properties": {"id": 7, "height_m": 3.0, "levels": 1, "category": "residencial", "extrude": true, "manzana_id": 7}}, {"type": "Feature", "geometry": {"type": "Polygon", "coordinates": [[[333.33862557392195, -2349.1849631177106], [329.6040880717105, -2349.2962831178247], [329.6040880717105, -2352.6358831176985], [332.06102063903757, -2352.524563117584], [332.06102063903757, -2354.305683117833], [334.22312129799207, -2354.1943631177187], [334.22312129799207, -2357.2000031176444], [339.13698643264615, -2356.977363117811], [339.03870912985525, -2353.971723117885], [341.692196302764, -2353.8604031177706], [341.7904736052057, -2356.866043117697], [346.70433873985974, -2356.6434031178633], [346.70433873985974, -2353.637763117542], [348.7681620963726, -2353.526443117823], [348.5716074907909, -2348.0717631177527], [341.1025324863681, -2348.4057231177003], [341.1025324863681, -2345.9566831175557], [333.2403482711311, -2346.290643117504], [333.33862557392195, -2347.403843117857], [333.33862557392195, -2349.1849631177106]]]}, "properties": {"id": 8, "height_m": 6.0, "levels": 2, "category": "residencial", "extrude": true, "manzana_id": 7}}, {"type": "Feature", "geometry": {"type": "Polygon", "coordinates": [[[341.692196302764, -2353.8604031177706], [339.03870912985525, -2353.971723117885], [339.13698643264615, -2356.977363117811], [341.7904736052057, -2356.866043117697], [341.692196302764, -2353.8604031177706]]]}, "properties": {"id": 9, "height_m": 3.0, "levels": 1, "category": "residencial", "extrude": true, "manzana_id": 7}}, {"type": "Feature", "geometry": {"type": "Polygon", "coordinates": [[[383.26349534034523, -1973.8139231178418], [374.9099246118523, -1970.5856431176871], [371.27366441208267, -1979.9365231178078], [379.62723514092477, -1983.1648031175669], [383.26349534034523, -1973.8139231178418]]]}, "properties": {"id": 10, "height_m": 3.0, "levels": 1, "category": "residencial", "extrude": true, "manzana_id": 15}}, {"type": "Feature", "geometry": {"type": "Polygon", "coordinates": [[[381.7893357998792, -2037.1550031176982], [382.4772769187168, -2039.1587631177804], [386.11353711848653, -2037.8229231175937], [383.5583272483687, -2030.4758031175556], [380.02034435173897, -2031.7003231176277], [379.13584862731966, -2031.9229631178566], [381.1013946810416, -2037.3776431175315], [381.7893357998792, -2037.1550031176982]]]}, "properties": {"id": 11, "height_m": 6.0, "levels": 2, "category": "residencial", "extrude": true, "manzana_id": 13}}, {"type": "Feature", "geometry": {"type": "Polygon", "coordinates": [[[375.00820191429403, -2039.4927231177282], [375.69614303313165, -2041.4964831178106], [382.4772769187168, -2039.1587631177804], [381.7893357998792, -2037.1550031176982], [381.1013946810416, -2037.3776431175315], [379.13584862731966, -2031.9229631178566], [373.0426558605721, -2034.038043117658], [375.00820191429403, -2039.4927231177282]]]}, "properties": {"id": 12, "height_m": 6.0, "levels": 2, "category": "residencial", "extrude": true, "manzana_id": 13}}, {"type": "Feature", "geometry": {"type": "Polygon", "coordinates": [[[391.1256795555823, -2045.6153231176943], [395.94126738744546, -2044.1681631177885], [395.54815817663126, -2042.8323231176018], [396.03954469023637, -2042.6096831177686], [395.15504896581706, -2039.047443117666], [389.65152001511626, -2040.7172431178005], [391.1256795555823, -2045.6153231176943]]]}, "properties": {"id": 13, "height_m": 3.0, "levels": 1, "category": "residencial", "extrude": true, "manzana_id": 14}}, {"type": "Feature", "geometry": {"type": "Polygon", "coordinates": [[[376.77719336278346, -2049.5115231177447], [383.36177264313613, -2046.951163117881], [381.69105849743755, -2042.721003117883], [375.1064792170849, -2045.2813631177464], [376.77719336278346, -2049.5115231177447]]]}, "properties": {"id": 14, "height_m": 3.0, "levels": 1, "category": "residencial", "extrude": true, "manzana_id": 13}}, {"type": "Feature", "geometry": {"type": "Polygon", "coordinates": [[[321.9384584620552, -2272.930763117631], [322.0367357644969, -2274.4892431176513], [322.9212314889162, -2292.857043117549], [331.0782476121766, -2292.5230831176013], [333.33862557392195, -2292.4117631178824], [332.3558525470609, -2272.37416311785], [321.9384584620552, -2272.930763117631]]]}, "properties": {"id": 15, "height_m": 3.0, "levels": 1, "category": "residencial", "extrude": true, "manzana_id": 11}}, {"type": "Feature", "geometry": {"type": "Polygon", "coordinates": [[[368.5218999370814, -2277.383563117858], [364.3942532240557, -2274.9345231177135], [363.4114801971948, -2276.4930031177337], [358.4976150625407, -2273.710003117641], [354.46824565230594, -2281.0571231176796], [355.3527413763761, -2281.6137231178564], [360.75799302428607, -2284.730683117896], [361.347656840682, -2283.728803117657], [364.1976986184741, -2285.2872831176774], [368.5218999370814, -2277.383563117858]]]}, "properties": {"id": 16, "height_m": 3.0, "levels": 1, "category": "residencial", "extrude": true, "manzana_id": 12}}, {"type": "Feature", "geometry": {"type": "Polygon", "coordinates": [[[367.4408496074296, -2258.904443117846], [363.2149255916131, -2256.789363117649], [362.42870716998465, -2258.4591631177836], [357.0234555220747, -2255.564843117577], [353.38719532265407, -2262.6893231177814], [359.57866539219253, -2265.9176031175407], [358.6941696677733, -2267.8100431175085], [362.13387526196124, -2269.813803117591], [367.4408496074296, -2258.904443117846]]]}, "properties": {"id": 17, "height_m": 3.0, "levels": 1, "category": "residencial", "extrude": true, "manzana_id": 12}}, {"type": "Feature", "geometry": {"type": "Polygon", "coordinates": [[[349.2595486096285, -2277.6062031176916], [345.13190189660287, -2275.157163117547], [344.1491288697419, -2276.715643117567], [339.13698643264615, -2273.93264311787], [334.9110624168297, -2281.1684431177937], [341.49564169718235, -2284.842003117615], [341.88875090799655, -2283.9514431178864], [344.7387926861378, -2285.509923117511], [349.2595486096285, -2277.6062031176916]]]}, "properties": {"id": 18, "height_m": 3.0, "levels": 1, "category": "residencial", "extrude": true, "manzana_id": 12}}, {"type": "Feature", "geometry": {"type": "Polygon", "coordinates": [[[337.17144037892416, -2257.123323117597], [334.22312129799207, -2263.5798831175107], [338.5473226165994, -2265.583643117593], [337.66282689218014, -2267.6987231177895], [340.9059778811356, -2269.034563117581], [341.9870282107874, -2266.585523117832], [343.95257426450934, -2267.476083117561], [347.49055716113907, -2259.906323117689], [347.9819436747441, -2258.904443117846], [343.7560196589277, -2256.9006831177635], [343.16635584288093, -2258.1252031178356], [337.9576588005526, -2255.564843117577], [337.17144037892416, -2257.123323117597]]]}, "properties": {"id": 19, "height_m": 3.0, "levels": 1, "category": "residencial", "extrude": true, "manzana_id": 12}}, {"type": "Feature", "geometry": {"type": "Polygon", "coordinates": [[[397.21887232232984, -1925.3897231178953], [396.7274858087248, -1928.8406431178832], [397.51370423035326, -1928.9519631176022], [398.1033680464, -1929.0632831177168], [396.8257631115157, -1936.8556831178173], [398.8895864680285, -1937.3009631178795], [398.39819995477256, -1940.4179231175242], [405.965552261637, -1941.6424431175965], [406.8500479860563, -1941.8650831178254], [409.20870325059246, -1927.3934831175823], [400.56030061372707, -1925.9463231176765], [397.21887232232984, -1925.3897231178953]]]}, "properties": {"id": 20, "height_m": 3.0, "levels": 1, "category": "residencial", "extrude": true, "manzana_id": 16}}, {"type": "Feature", "geometry": {"type": "Polygon", "coordinates": [[[370.6840005960359, -1859.8222431177278], [370.2908913852217, -1868.1712431176095], [386.50664632930074, -1869.7297231176296], [388.1773604749993, -1869.841043117744], [388.3739150802319, -1868.5052031175574], [389.55324271267455, -1860.7128031178522], [370.6840005960359, -1859.8222431177278]]]}, "properties": {"id": 21, "height_m": 3.0, "levels": 1, "category": "residencial", "extrude": true, "manzana_id": 18}}, {"type": "Feature", "geometry": {"type": "Polygon", "coordinates": [[[405.0810565375669, -1865.9448431176938], [402.82067857582155, -1879.9711631178748], [414.1225683848974, -1880.8617231176036], [415.49845062257265, -1873.0693231178986], [417.56227397908543, -1860.7128031178522], [405.965552261637, -1860.26752311779], [405.0810565375669, -1865.9448431176938]]]}, "properties": {"id": 22, "height_m": 3.0, "levels": 1, "category": "residencial", "extrude": true, "manzana_id": 17}}, {"type": "Feature", "geometry": {"type": "Polygon", "coordinates": [[[385.5238733020906, -1978.7120031177355], [383.26349534034523, -1984.611963117868], [386.6049236317424, -1985.9478031176593], [390.8308476475589, -1987.6176031177938], [392.2067298852341, -1983.944043117577], [388.57046968546445, -1982.6082031177857], [389.4549654098837, -1980.2704831177557], [385.5238733020906, -1978.7120031177355]]]}, "properties": {"id": 23, "height_m": 6.0, "levels": 2, "category": "residencial", "extrude": true, "manzana_id": 15}}, {"type": "Feature", "geometry": {"type": "Polygon", "coordinates": [[[389.4549654098837, -1980.2704831177557], [388.57046968546445, -1982.6082031177857], [392.2067298852341, -1983.944043117577], [393.0912256093043, -1981.7176431176613], [389.4549654098837, -1980.2704831177557]]]}, "properties": {"id": 24, "height_m": 6.0, "levels": 2, "category": "residencial", "extrude": true, "manzana_id": 15}}, {"type": "Feature", "geometry": {"type": "Polygon", "coordinates": [[[386.89975553976586, -1975.2610831177476], [385.5238733020906, -1978.7120031177355], [389.4549654098837, -1980.2704831177557], [393.0912256093043, -1981.7176431176613], [394.46710784697945, -1978.2667231176733], [386.89975553976586, -1975.2610831177476]]]}, "properties": {"id": 25, "height_m": 3.0, "levels": 1, "category": "residencial", "extrude": true, "manzana_id": 15}}, {"type": "Feature", "geometry": {"type": "Polygon", "coordinates": [[[399.8723594948894, -1748.8362031175395], [396.3343765982597, -1750.2833631178407], [408.7173167369874, -1782.3435231175763], [415.89155983338685, -1779.5605231178793], [409.70008976384844, -1763.530443117616], [406.06382956442786, -1764.8662831178028], [399.8723594948894, -1748.8362031175395]]]}, "properties": {"id": 26, "height_m": 3.0, "levels": 1, "category": "residencial", "extrude": true, "manzana_id": 20}}, {"type": "Feature", "geometry": {"type": "Polygon", "coordinates": [[[449.60067465608023, -1760.1908431177426], [450.4851703801504, -1753.1776831176521], [429.9452141181623, -1750.506003117674], [429.060718393743, -1757.4078431176501], [449.60067465608023, -1760.1908431177426]]]}, "properties": {"id": 27, "height_m": 3.0, "levels": 1, "category": "residencial", "extrude": true, "manzana_id": 63}}, {"type": "Feature", "geometry": {"type": "Polygon", "coordinates": [[[-735.1322092697005, 1412.7631168823254], [-747.0237628951722, 1402.521676882476], [-736.6063688101665, 1390.8330768823253], [-736.3115369021432, 1390.6104368824917], [-735.2304865724914, 1391.5009968822208], [-723.4372102498104, 1401.8537568821848], [-723.633764855043, 1402.0763968824137], [-733.8546043348161, 1414.2102768822313], [-735.1322092697005, 1412.7631168823254]]]}, "properties": {"id": 28, "height_m": 3.0, "levels": 1, "category": "residencial", "extrude": true, "manzana_id": 52}}, {"type": "Feature", "geometry": {"type": "Polygon", "coordinates": [[[-708.6956148461974, 1397.5122768824679], [-705.2559092520094, 1400.5179168823936], [-711.7422112295711, 1408.0876768822652], [-715.1819168237591, 1405.0820368823395], [-708.6956148461974, 1397.5122768824679]]]}, "properties": {"id": 29, "height_m": 3.0, "levels": 1, "category": "residencial", "extrude": true, "manzana_id": 50}}, {"type": "Feature", "geometry": {"type": "Polygon", "coordinates": [[[-703.3886405010782, 1392.2802368822308], [-703.2903631982874, 1391.9462768822832], [-702.995531290264, 1391.2783568823875], [-702.5041447766589, 1390.7217568822107], [-701.9144809606122, 1390.2764768821485], [-701.2265398417745, 1390.0538368823152], [-700.4403214201461, 1389.9425168822008], [-699.7523803013086, 1390.1651568824295], [-699.0644391824709, 1390.4991168823774], [-698.4747753664242, 1390.9443968824396], [-698.0816661556099, 1391.6123168823353], [-697.8851115503774, 1392.2802368822308], [-697.7868342475866, 1393.059476882241], [-697.8851115503774, 1393.2821168824698], [-697.9833888531682, 1393.7273968821366], [-698.3764980636332, 1394.3953168824278], [-698.8678845772384, 1394.951916882209], [-699.457548393285, 1395.3971968822711], [-700.2437668149136, 1395.6198368821044], [-700.9317079337512, 1395.6198368821044], [-701.7179263553796, 1395.3971968822711], [-702.3075901714263, 1394.951916882209], [-702.8972539874732, 1394.5066368821467], [-703.1920858954966, 1393.838716882251], [-703.3886405010782, 1393.059476882241], [-703.3886405010782, 1392.2802368822308]]]}, "properties": {"id": 30, "height_m": 3.0, "levels": 1, "category": "residencial", "extrude": true, "manzana_id": 51}}, {"type": "Feature", "geometry": {"type": "Polygon", "coordinates": [[[1383.5298821173017, -427.5791231178465], [1383.2350502092781, -430.2508031178245], [1381.859167971603, -440.60356311778844], [1385.1023189605585, -441.0488431178507], [1386.4782011978846, -441.16016311756965], [1387.5592515275364, -432.47720311774015], [1392.1782847541672, -433.03380311752136], [1392.7679485702138, -428.8036431175233], [1383.5298821173017, -427.5791231178465]]]}, "properties": {"id": 31, "height_m": 6.0, "levels": 2, "category": "residencial", "extrude": true, "manzana_id": 140}}, {"type": "Feature", "geometry": {"type": "Polygon", "coordinates": [[[1398.9594186397524, -412.43960311770775], [1398.4680321261471, -416.335803117758], [1403.5784518660337, -417.00372311765364], [1404.069838379639, -413.10752311760336], [1398.9594186397524, -412.43960311770775]]]}, "properties": {"id": 32, "height_m": 3.0, "levels": 1, "category": "residencial", "extrude": true, "manzana_id": 142}}, {"type": "Feature", "geometry": {"type": "Polygon", "coordinates": [[[1392.1782847541672, -433.03380311752136], [1387.5592515275364, -432.47720311774015], [1386.4782011978846, -441.16016311756965], [1388.9351337652117, -441.49412311751746], [1391.195511727306, -441.7167631177463], [1392.1782847541672, -433.03380311752136]]]}, "properties": {"id": 33, "height_m": 9.0, "levels": 3, "category": "residencial", "extrude": true, "manzana_id": 140}}, {"type": "Feature", "geometry": {"type": "Polygon", "coordinates": [[[1390.8024025164918, -411.3264031177499], [1385.6919827766053, -410.6584831178543], [1384.5126551441626, -419.6754031176316], [1387.264419619513, -419.8980431178604], [1387.4609742250948, -417.33768311760144], [1390.1144613976542, -417.5603231178303], [1390.8024025164918, -411.3264031177499]]]}, "properties": {"id": 34, "height_m": 3.0, "levels": 1, "category": "residencial", "extrude": true, "manzana_id": 140}}, {"type": "Feature", "geometry": {"type": "Polygon", "coordinates": [[[1383.824714025325, -425.35272311753533], [1383.6281594200923, -427.02252311766983], [1383.5298821173017, -427.5791231178465], [1392.7679485702138, -428.8036431175233], [1392.9645031754465, -426.4659231178887], [1383.824714025325, -425.35272311753533]]]}, "properties": {"id": 35, "height_m": 3.0, "levels": 1, "category": "residencial", "extrude": true, "manzana_id": 140}}, {"type": "Feature", "geometry": {"type": "Polygon", "coordinates": [[[648.4156579973543, -3193.5471631175815], [642.9121290470027, -3196.2188431175596], [645.4673389167714, -3200.7829631175055], [646.8432211544466, -3201.2282431175677], [651.2656997754956, -3198.7792031178187], [651.069145170263, -3198.4452431178706], [648.4156579973543, -3193.5471631175815]]]}, "properties": {"id": 36, "height_m": 6.0, "levels": 2, "category": "residencial", "extrude": true, "manzana_id": 56}}, {"type": "Feature", "geometry": {"type": "Polygon", "coordinates": [[[680.2575040691166, -3235.737443117843], [676.4246892641144, -3231.395963117731], [672.7884290646939, -3234.6242431178853], [676.7195211721378, -3238.9657231176025], [680.2575040691166, -3235.737443117843]]]}, "properties": {"id": 37, "height_m": 3.0, "levels": 1, "category": "residencial", "extrude": true, "manzana_id": 54}}, {"type": "Feature", "geometry": {"type": "Polygon", "coordinates": [[[672.3953198538796, -3194.771683117654], [673.2798155779498, -3198.8905231175377], [674.4591432103924, -3198.222603117642], [672.3953198538796, -3194.771683117654]]]}, "properties": {"id": 38, "height_m": 3.0, "levels": 1, "category": "residencial", "extrude": true, "manzana_id": 56}}, {"type": "Feature", "geometry": {"type": "Polygon", "coordinates": [[[676.3264119613235, -3217.4809631176645], [671.215992221437, -3220.709243117819], [674.0660339995782, -3225.273363117765], [679.1764537394648, -3222.0450831176104], [676.3264119613235, -3217.4809631176645]]]}, "properties": {"id": 39, "height_m": 3.0, "levels": 1, "category": "residencial", "extrude": true, "manzana_id": 55}}, {"type": "Feature", "geometry": {"type": "Polygon", "coordinates": [[[661.0934300444545, -3206.0150031177423], [658.2433882666625, -3207.684803117877], [661.0934300444545, -3212.4715631176564], [663.5503626117817, -3216.701723117654], [669.74183268132, -3213.0281631178327], [669.5452780757383, -3212.694203117885], [668.7590596544591, -3213.1394831175517], [663.7469172170141, -3204.4565231177226], [661.0934300444545, -3206.0150031177423]]]}, "properties": {"id": 41, "height_m": 3.0, "levels": 1, "category": "residencial", "extrude": true, "manzana_id": 56}}, {"type": "Feature", "geometry": {"type": "Polygon", "coordinates": [[[661.0934300444545, -3206.0150031177423], [659.2261612935234, -3202.8980431177024], [656.2778422125914, -3204.5678431178367], [658.1451109638716, -3207.796123117596], [658.2433882666625, -3207.684803117877], [661.0934300444545, -3206.0150031177423]]]}, "properties": {"id": 42, "height_m": 6.0, "levels": 2, "category": "residencial", "extrude": true, "manzana_id": 56}}, {"type": "Feature", "geometry": {"type": "Polygon", "coordinates": [[[660.896875439222, -3197.7773231175797], [650.4794813538671, -3203.788603117827], [654.1157415536368, -3210.022523117512], [658.1451109638716, -3207.796123117596], [656.2778422125914, -3204.5678431178367], [659.2261612935234, -3202.8980431177024], [661.0934300444545, -3206.0150031177423], [663.7469172170141, -3204.4565231177226], [668.7590596544591, -3213.1394831175517], [669.5452780757383, -3212.694203117885], [664.5331356386426, -3204.0112431176603], [673.2798155779498, -3198.8905231175377], [672.3953198538796, -3194.771683117654], [670.3314964973667, -3191.0981231178325], [661.0934300444545, -3196.4414831177883], [661.5848165580596, -3197.3320431175175], [660.896875439222, -3197.7773231175797]]]}, "properties": {"id": 43, "height_m": 3.0, "levels": 1, "category": "residencial", "extrude": true, "manzana_id": 56}}, {"type": "Feature", "geometry": {"type": "Polygon", "coordinates": [[[1355.6191281533324, -381.71528311776353], [1354.9311870344948, -386.3907231178239], [1359.1571110503112, -386.94732311760504], [1362.7933712497318, -387.39260311766725], [1367.0192952655482, -387.9492031178439], [1367.4124044763623, -384.6096031175749], [1368.4934548056651, -384.7209231176893], [1368.5917321084562, -383.7190431178459], [1366.4296314495016, -383.3850831178981], [1367.11757256799, -378.1530431176611], [1357.781228812636, -376.92852311758884], [1357.0932876937984, -381.93792311759694], [1355.6191281533324, -381.71528311776353]]]}, "properties": {"id": 44, "height_m": 3.0, "levels": 1, "category": "residencial", "extrude": true, "manzana_id": 104}}, {"type": "Feature", "geometry": {"type": "Polygon", "coordinates": [[[1374.3900929671802, -400.1944031177759], [1375.8642525076461, -389.8416431178118], [1375.3728659940411, -389.7303231176974], [1368.6900094112468, -388.83976311757294], [1367.0192952655482, -388.61712311773954], [1365.643413027873, -399.081203117818], [1374.3900929671802, -400.1944031177759]]]}, "properties": {"id": 45, "height_m": 3.0, "levels": 1, "category": "residencial", "extrude": true, "manzana_id": 104}}, {"type": "Feature", "geometry": {"type": "Polygon", "coordinates": [[[1348.4448850569331, -390.1756031177597], [1347.462112030072, -396.74348311778783], [1353.8501367051922, -397.5227231177979], [1354.7346324292623, -391.0661631178841], [1348.4448850569331, -390.1756031177597]]]}, "properties": {"id": 46, "height_m": 3.0, "levels": 1, "category": "residencial", "extrude": true, "manzana_id": 104}}, {"type": "Feature", "geometry": {"type": "Polygon", "coordinates": [[[1367.11757256799, -378.1530431176611], [1366.4296314495016, -383.3850831178981], [1368.5917321084562, -383.7190431178459], [1368.4934548056651, -384.7209231176893], [1367.4124044763623, -384.6096031175749], [1367.0192952655482, -387.9492031178439], [1368.7882867140377, -388.1718431176773], [1368.8865640164793, -386.94732311760504], [1372.522824216249, -387.39260311766725], [1373.603874545552, -378.9322831176712], [1367.11757256799, -378.1530431176611]]]}, "properties": {"id": 47, "height_m": 3.0, "levels": 1, "category": "residencial", "extrude": true, "manzana_id": 104}}, {"type": "Feature", "geometry": {"type": "Polygon", "coordinates": [[[1359.1571110503112, -386.94732311760504], [1359.0588337475206, -387.8378831177295], [1362.5968166444993, -388.2831631177918], [1362.7933712497318, -387.39260311766725], [1359.1571110503112, -386.94732311760504]]]}, "properties": {"id": 48, "height_m": 3.0, "levels": 1, "category": "residencial", "extrude": true, "manzana_id": 104}}, {"type": "Feature", "geometry": {"type": "Polygon", "coordinates": [[[1291.542326799692, -432.1432431177924], [1291.444049496901, -430.80740311760565], [1291.444049496901, -430.58476311777224], [1291.3457721944594, -429.1376031178666], [1281.3214873199188, -430.13948311771003], [1280.4369915958487, -430.13948311771003], [1280.4369915958487, -431.6979631177301], [1280.5352688982903, -433.14512311763576], [1291.2474948916686, -432.1432431177924], [1291.542326799692, -432.1432431177924]]]}, "properties": {"id": 49, "height_m": 6.0, "levels": 2, "category": "residencial", "extrude": true, "manzana_id": 100}}, {"type": "Feature", "geometry": {"type": "Polygon", "coordinates": [[[1291.2474948916686, -432.1432431177924], [1280.5352688982903, -433.14512311763576], [1280.731823503872, -436.0394431178426], [1291.3457721944594, -435.03756311760367], [1291.8371587077152, -434.9262431178847], [1291.7388814049245, -433.8130431175314], [1291.542326799692, -432.1432431177924], [1291.2474948916686, -432.1432431177924]]]}, "properties": {"id": 51, "height_m": 3.0, "levels": 1, "category": "residencial", "extrude": true, "manzana_id": 100}}, {"type": "Feature", "geometry": {"type": "Polygon", "coordinates": [[[1390.1144613976542, -481.23536311763445], [1382.2522771824174, -486.57872311759036], [1397.9766456128912, -510.17856311772516], [1398.566309428938, -509.73328311766295], [1407.8043758818503, -503.49936311758256], [1413.0130729241785, -500.04844311759456], [1415.0768962806915, -498.6012831176889], [1406.8216028549891, -486.0221231178092], [1404.069838379639, -482.01460311764447], [1398.2714775209147, -485.91080311769474], [1399.8439143638223, -488.24852311772486], [1396.4042087696344, -490.69756311786944], [1390.1144613976542, -481.23536311763445]]]}, "properties": {"id": 52, "height_m": 3.0, "levels": 1, "category": "restauracion", "extrude": true, "manzana_id": 139}}, {"type": "Feature", "geometry": {"type": "Polygon", "coordinates": [[[1439.3513900452401, -386.16808311759496], [1451.3412209735027, -387.9492031178439], [1452.8153805136196, -377.9304031178277], [1440.923826888148, -376.14928311757876], [1439.3513900452401, -386.16808311759496]]]}, "properties": {"id": 53, "height_m": 3.0, "levels": 1, "category": "residencial", "extrude": true, "manzana_id": 144}}, {"type": "Feature", "geometry": {"type": "Polygon", "coordinates": [[[1340.5827008420451, -387.1699631178339], [1341.7620284741388, -378.9322831176712], [1331.5411889943655, -377.59644311787997], [1330.4601386647137, -385.8341231176472], [1322.6962317522675, -384.8322431178037], [1322.8927863578492, -386.94732311760504], [1323.4824501738958, -389.3963631177496], [1324.0721139899426, -390.8435231176553], [1325.2514416223853, -392.29068311756095], [1327.806651492154, -393.9604831176955], [1328.8877018218059, -394.4057631177577], [1330.951525178319, -394.7397231177055], [1346.8724482140253, -396.63216311767343], [1347.462112030072, -396.74348311778783], [1348.3466077544913, -390.2869231178741], [1341.8603057769294, -389.17372311752075], [1341.3689192633244, -391.95672311761314], [1339.8947597232075, -391.8454031178942], [1340.09131432844, -391.0661631178841], [1331.344634389133, -389.95296311753077], [1331.6394662971563, -386.16808311759496], [1331.6394662971563, -385.9454431177616], [1340.5827008420451, -387.1699631178339]]]}, "properties": {"id": 54, "height_m": 3.0, "levels": 1, "category": "residencial", "extrude": true, "manzana_id": 104}}, {"type": "Feature", "geometry": {"type": "Polygon", "coordinates": [[[1345.8896751871644, -430.47344311765784], [1345.2017340683267, -436.0394431178426], [1349.919044597399, -436.5960431176238], [1350.5087084134457, -432.1432431177924], [1359.1571110503112, -433.3677631178647], [1360.4347159851955, -423.4602831175674], [1351.4914814403069, -422.2357631178906], [1351.0983722298417, -425.46404311764974], [1346.5776163060018, -424.9074431178685], [1346.4793390032112, -425.46404311764974], [1346.3810617007694, -426.0206431178264], [1351.000094927051, -426.688563117722], [1350.410431111004, -431.0300431178345], [1345.8896751871644, -430.47344311765784]]]}, "properties": {"id": 55, "height_m": 3.0, "levels": 1, "category": "residencial", "extrude": true, "manzana_id": 141}}, {"type": "Feature", "geometry": {"type": "Polygon", "coordinates": [[[1363.9726988821744, -434.1470031178747], [1359.5502202611256, -433.8130431175314], [1359.255388353102, -435.48284311766594], [1356.7001784829843, -435.03756311760367], [1356.3070692721699, -437.48660311774825], [1363.4813123685694, -438.3771631178728], [1363.9726988821744, -434.1470031178747]]]}, "properties": {"id": 56, "height_m": 3.0, "levels": 1, "category": "residencial", "extrude": true, "manzana_id": 141}}, {"type": "Feature", "geometry": {"type": "Polygon", "coordinates": [[[1353.6535820996105, -417.67164311754925], [1353.6535820996105, -418.2282431177259], [1358.4691699314737, -418.67352311778814], [1359.7467748663582, -407.43020311769965], [1355.3242962453091, -406.873603117523], [1354.6363551264715, -412.5509231178222], [1353.6535820996105, -417.67164311754925]]]}, "properties": {"id": 57, "height_m": 3.0, "levels": 1, "category": "residencial", "extrude": true, "manzana_id": 141}}, {"type": "Feature", "geometry": {"type": "Polygon", "coordinates": [[[1357.0932876937984, -431.4753231178968], [1357.781228812636, -426.13196311754535], [1352.7690863755404, -425.35272311753533], [1352.1794225591443, -430.47344311765784], [1357.0932876937984, -431.4753231178968]]]}, "properties": {"id": 58, "height_m": 6.0, "levels": 2, "category": "residencial", "extrude": true, "manzana_id": 141}}, {"type": "Feature", "geometry": {"type": "Polygon", "coordinates": [[[1347.5603893328628, -416.22448311764356], [1348.4448850569331, -416.22448311764356], [1348.1500531489096, -418.67352311778814], [1352.1794225591443, -419.007483117736], [1352.2776998619352, -417.44900311771585], [1353.6535820996105, -417.67164311754925], [1354.6363551264715, -412.5509231178222], [1353.0639182835637, -412.43960311770775], [1353.9484140076338, -406.76228311780403], [1348.8379942677473, -406.20568311762736], [1347.5603893328628, -416.22448311764356]]]}, "properties": {"id": 59, "height_m": 3.0, "levels": 1, "category": "residencial", "extrude": true, "manzana_id": 141}}, {"type": "Feature", "geometry": {"type": "Polygon", "coordinates": [[[1346.3810617007694, -426.0206431178264], [1345.8896751871644, -430.47344311765784], [1350.410431111004, -431.0300431178345], [1351.000094927051, -426.688563117722], [1346.3810617007694, -426.0206431178264]]]}, "properties": {"id": 60, "height_m": 3.0, "levels": 1, "category": "residencial", "extrude": true, "manzana_id": 141}}, {"type": "Feature", "geometry": {"type": "Polygon", "coordinates": [[[1342.7448015009995, -472.77504311763835], [1342.2534149877438, -471.32788311773265], [1340.189591631231, -471.88448311751387], [1340.680978144487, -473.5542831176484], [1342.7448015009995, -472.77504311763835]]]}, "properties": {"id": 61, "height_m": 3.0, "levels": 1, "category": "residencial", "extrude": true, "manzana_id": 99}}, {"type": "Feature", "geometry": {"type": "Polygon", "coordinates": [[[1332.9170712320406, -471.88448311751387], [1331.6394662971563, -466.7637631177868], [1329.8704748486668, -467.09772311773463], [1330.2635840594812, -470.10336311766036], [1330.951525178319, -472.44108311769054], [1332.9170712320406, -471.88448311751387]]]}, "properties": {"id": 62, "height_m": 3.0, "levels": 1, "category": "residencial", "extrude": true, "manzana_id": 98}}, {"type": "Feature", "geometry": {"type": "Polygon", "coordinates": [[[1347.7569439380954, -453.07140311755376], [1341.9585830797205, -453.96196311767824], [1342.8430788037906, -459.97324311752976], [1348.6414396625148, -458.97136311768634], [1347.7569439380954, -453.07140311755376]]]}, "properties": {"id": 63, "height_m": 3.0, "levels": 1, "category": "residencial", "extrude": true, "manzana_id": 98}}, {"type": "Feature", "geometry": {"type": "Polygon", "coordinates": [[[1354.4398005212388, -458.74872311785293], [1356.1105146669374, -467.54300311779684], [1364.9554719090356, -464.0920831178089], [1362.7933712497318, -456.856283117885], [1360.9261024988007, -450.9563231177525], [1353.2604728887964, -452.1808431178248], [1354.4398005212388, -458.74872311785293]]]}, "properties": {"id": 64, "height_m": 3.0, "levels": 1, "category": "residencial", "extrude": true, "manzana_id": 98}}, {"type": "Feature", "geometry": {"type": "Polygon", "coordinates": [[[1329.772197545876, -465.3166031178812], [1329.8704748486668, -466.31848311772455], [1338.3223228799507, -465.3166031178812], [1338.1257682747182, -464.20340311752784], [1337.7326590639038, -460.7524831175398], [1336.7498860370429, -460.86380311765424], [1336.5533314314612, -459.41664311774855], [1329.4773656378525, -460.52984311770643], [1329.772197545876, -465.3166031178812]]]}, "properties": {"id": 65, "height_m": 3.0, "levels": 1, "category": "residencial", "extrude": true, "manzana_id": null}}, {"type": "Feature", "geometry": {"type": "Polygon", "coordinates": [[[1329.3790883354109, -459.8619231178108], [1329.4773656378525, -460.52984311770643], [1336.5533314314612, -459.41664311774855], [1336.7498860370429, -460.86380311765424], [1342.8430788037906, -459.97324311752976], [1341.9585830797205, -453.96196311767824], [1341.1723646580917, -454.0732831177927], [1329.0842564270383, -455.9657231177606], [1329.3790883354109, -459.8619231178108]]]}, "properties": {"id": 66, "height_m": 3.0, "levels": 1, "category": "residencial", "extrude": true, "manzana_id": 98}}, {"type": "Feature", "geometry": {"type": "Polygon", "coordinates": [[[1411.3423587784798, -362.9022031178034], [1412.9147956217369, -351.7702031178294], [1402.595678839173, -350.32304311752824], [1401.1215192987067, -361.56636311761673], [1411.3423587784798, -362.9022031178034]]]}, "properties": {"id": 67, "height_m": 6.0, "levels": 2, "category": "residencial", "extrude": true, "manzana_id": 144}}, {"type": "Feature", "geometry": {"type": "Polygon", "coordinates": [[[1418.0252153616234, -338.9684031177208], [1416.9441650319716, -338.8570831176064], [1416.9441650319716, -339.5250031178975], [1416.2562239131341, -344.8683631178534], [1417.238996939995, -344.97968311757234], [1418.713156480461, -345.2023231178012], [1419.4993749017406, -339.19104311755416], [1418.0252153616234, -338.9684031177208]]]}, "properties": {"id": 68, "height_m": 3.0, "levels": 1, "category": "residencial", "extrude": true, "manzana_id": 146}}, {"type": "Feature", "geometry": {"type": "Polygon", "coordinates": [[[1413.0130729241785, -332.5118431178071], [1412.2268545028992, -338.07784311759633], [1418.0252153616234, -338.9684031177208], [1419.4993749017406, -339.19104311755416], [1420.3838706261597, -333.40240311753604], [1418.811433782903, -333.2910831178171], [1418.5166018748794, -333.2910831178171], [1413.0130729241785, -332.5118431178071]]]}, "properties": {"id": 69, "height_m": 3.0, "levels": 1, "category": "residencial", "extrude": true, "manzana_id": 146}}, {"type": "Feature", "geometry": {"type": "Polygon", "coordinates": [[[1267.0712784299108, -366.3531231177915], [1267.5626649435158, -373.7002431178297], [1269.6264883000285, -371.69648311774733], [1270.510984024099, -371.69648311774733], [1270.1178748132845, -366.13048311756256], [1267.0712784299108, -366.3531231177915]]]}, "properties": {"id": 70, "height_m": 6.0, "levels": 2, "category": "residencial", "extrude": true, "manzana_id": 103}}, {"type": "Feature", "geometry": {"type": "Polygon", "coordinates": [[[1266.0885054030498, -378.7096431178378], [1266.7764465218875, -378.7096431178378], [1266.383337311073, -374.9247631175065], [1267.5626649435158, -373.7002431178297], [1267.0712784299108, -366.3531231177915], [1266.6781692190964, -362.23428311751235], [1266.6781692190964, -361.67768311773114], [1263.6315728357229, -361.90032311756454], [1263.4350182304902, -359.5626031175344], [1259.012539609441, -360.1192031177111], [1260.6832537551397, -378.48700311760894], [1260.6832537551397, -379.26624311761896], [1266.0885054030498, -378.7096431178378]]]}, "properties": {"id": 71, "height_m": 6.0, "levels": 2, "category": "residencial", "extrude": true, "manzana_id": 103}}, {"type": "Feature", "geometry": {"type": "Polygon", "coordinates": [[[1258.2263211878128, -351.7702031178294], [1259.012539609441, -359.6739231176488], [1259.012539609441, -360.1192031177111], [1263.4350182304902, -359.5626031175344], [1263.6315728357229, -361.90032311756454], [1266.6781692190964, -361.67768311773114], [1266.8747238246783, -361.56636311761673], [1266.2850600082822, -354.1079231178595], [1266.0885054030498, -350.9909631178193], [1265.990228100259, -350.43436311764265], [1258.2263211878128, -351.10228311753826], [1258.2263211878128, -351.7702031178294]]]}, "properties": {"id": 72, "height_m": 3.0, "levels": 1, "category": "residencial", "extrude": true, "manzana_id": 103}}, {"type": "Feature", "geometry": {"type": "Polygon", "coordinates": [[[1469.5225219709546, -400.52836311772364], [1459.7930690047865, -406.98492311763744], [1460.6775647288564, -409.8792431178442], [1471.6846226302582, -411.77168311781213], [1470.9966815114205, -407.9868031178763], [1469.5225219709546, -400.52836311772364]]]}, "properties": {"id": 73, "height_m": 6.0, "levels": 2, "category": "residencial", "extrude": true, "manzana_id": 162}}, {"type": "Feature", "geometry": {"type": "Polygon", "coordinates": [[[1486.917604547127, -402.532123117806], [1485.2468904014286, -403.7566431178783], [1492.4211334978281, -414.1094031178423], [1496.5487802105044, -411.10376311752105], [1489.4728144168957, -400.6396831178381], [1486.917604547127, -402.532123117806]]]}, "properties": {"id": 74, "height_m": 3.0, "levels": 1, "category": "residencial", "extrude": true, "manzana_id": 164}}, {"type": "Feature", "geometry": {"type": "Polygon", "coordinates": [[[1503.4281913988805, -406.20568311762736], [1494.288402248759, -392.8472831177376], [1484.952058493405, -399.30384311765135], [1486.917604547127, -402.532123117806], [1489.4728144168957, -400.6396831178381], [1496.5487802105044, -411.10376311752105], [1503.4281913988805, -406.20568311762736]]]}, "properties": {"id": 75, "height_m": 3.0, "levels": 1, "category": "residencial", "extrude": true, "manzana_id": 164}}, {"type": "Feature", "geometry": {"type": "Polygon", "coordinates": [[[1472.7656729595608, -397.0774431177357], [1469.3259673657221, -399.4151631177658], [1469.5225219709546, -400.52836311772364], [1470.9966815114205, -407.9868031178763], [1476.107101251307, -406.873603117523], [1474.4363871056087, -400.8623231176715], [1473.748445986771, -400.9736431177859], [1472.7656729595608, -397.0774431177357]]]}, "properties": {"id": 76, "height_m": 3.0, "levels": 1, "category": "residencial", "extrude": true, "manzana_id": 162}}, {"type": "Feature", "geometry": {"type": "Polygon", "coordinates": [[[1345.49656597635, -327.27980311757005], [1353.457027494378, -328.50432311764234], [1354.1449686132155, -323.49492311763424], [1346.2827843979785, -322.3817231176764], [1345.49656597635, -327.27980311757005]]]}, "properties": {"id": 77, "height_m": 3.0, "levels": 1, "category": "residencial", "extrude": true, "manzana_id": 104}}, {"type": "Feature", "geometry": {"type": "Polygon", "coordinates": [[[1346.6758936087926, -327.502443117799], [1345.987952489955, -331.9552431176304], [1352.867363677982, -333.06844311758823], [1353.457027494378, -328.50432311764234], [1346.6758936087926, -327.502443117799]]]}, "properties": {"id": 78, "height_m": 3.0, "levels": 1, "category": "residencial", "extrude": true, "manzana_id": 104}}, {"type": "Feature", "geometry": {"type": "Polygon", "coordinates": [[[1327.5118195841308, -319.3760831177507], [1327.315264978898, -319.2647631176362], [1321.9100133309882, -319.59872311758403], [1321.2220722121506, -320.2666431178751], [1322.2048452390115, -323.49492311763424], [1327.0204330708748, -322.8270031177386], [1327.5118195841308, -319.3760831177507]]]}, "properties": {"id": 79, "height_m": 3.0, "levels": 1, "category": "residencial", "extrude": true, "manzana_id": 105}}, {"type": "Feature", "geometry": {"type": "Polygon", "coordinates": [[[341.7904736052057, -2883.409643117537], [333.9282893899687, -2884.745483117724], [334.51795320636455, -2887.7511231176495], [342.3801374212524, -2886.303963117744], [341.7904736052057, -2883.409643117537]]]}, "properties": {"id": 80, "height_m": 3.0, "levels": 1, "category": "residencial", "extrude": true, "manzana_id": 0}}, {"type": "Feature", "geometry": {"type": "Polygon", "coordinates": [[[334.812785114388, -2881.739843117798], [325.86955056949915, -2883.298323117818], [326.95060089915097, -2889.0869631178366], [329.9971972825248, -2888.53036311766], [329.407533466478, -2885.524723117734], [333.9282893899687, -2884.745483117724], [341.7904736052057, -2883.409643117537], [342.3801374212524, -2886.303963117744], [344.93534729137036, -2885.8586831176817], [343.95257426450934, -2880.181363117778], [339.4318183406695, -2880.960603117788], [334.812785114388, -2881.739843117798]]]}, "properties": {"id": 81, "height_m": 6.0, "levels": 2, "category": "residencial", "extrude": true, "manzana_id": 0}}, {"type": "Feature", "geometry": {"type": "Polygon", "coordinates": [[[334.51795320636455, -2887.7511231176495], [333.43690287671274, -2887.9737631178787], [333.7317347847362, -2889.8662031178465], [336.09039004927234, -2902.8906431177884], [336.5817765628774, -2902.8906431177884], [338.252490708576, -2902.5566831178407], [345.03362459416115, -2901.3321631177682], [342.3801374212524, -2886.303963117744], [334.51795320636455, -2887.7511231176495]]]}, "properties": {"id": 82, "height_m": 3.0, "levels": 1, "category": "residencial", "extrude": true, "manzana_id": 0}}, {"type": "Feature", "geometry": {"type": "Polygon", "coordinates": [[[444.0971457053794, -2907.788723117682], [424.7365170754848, -2911.2396431176703], [426.0141220103692, -2918.698083117823], [432.20559207990766, -2917.584883117865], [435.0556338580489, -2933.7262831178473], [444.39197761340284, -2932.0564831177126], [448.22479241840506, -2931.388563117817], [444.0971457053794, -2907.788723117682]]]}, "properties": {"id": 83, "height_m": 3.0, "levels": 1, "category": "residencial", "extrude": true, "manzana_id": 60}}, {"type": "Feature", "geometry": {"type": "Polygon", "coordinates": [[[446.750632877939, -2898.3265231178425], [469.84579901004497, -2893.98504311773], [466.897479929462, -2878.0662831175814], [443.8023137973561, -2882.407763117694], [446.750632877939, -2898.3265231178425]]]}, "properties": {"id": 84, "height_m": 3.0, "levels": 1, "category": "residencial", "extrude": true, "manzana_id": 61}}, {"type": "Feature", "geometry": {"type": "Polygon", "coordinates": [[[313.68316503600397, -2342.17180311762], [311.3245097714678, -2342.2831231177347], [311.3245097714678, -2346.5132831177325], [313.5848877332131, -2346.5132831177325], [313.68316503600397, -2342.17180311762]]]}, "properties": {"id": 85, "height_m": 3.0, "levels": 1, "category": "residencial", "extrude": true, "manzana_id": 8}}, {"type": "Feature", "geometry": {"type": "Polygon", "coordinates": [[[324.78850023984734, -2375.6791231176567], [329.6040880717105, -2375.6791231176567], [329.6040880717105, -2372.673483117731], [324.78850023984734, -2372.673483117731], [324.78850023984734, -2375.6791231176567]]]}, "properties": {"id": 86, "height_m": 3.0, "levels": 1, "category": "residencial", "extrude": true, "manzana_id": 4}}, {"type": "Feature", "geometry": {"type": "Polygon", "coordinates": [[[341.88875090799655, -2375.345163117709], [348.080220977535, -2375.1225231178755], [347.9819436747441, -2373.0074431176786], [341.9870282107874, -2373.3414031176267], [341.88875090799655, -2375.345163117709]]]}, "properties": {"id": 87, "height_m": 3.0, "levels": 1, "category": "residencial", "extrude": true, "manzana_id": 5}}, {"type": "Feature", "geometry": {"type": "Polygon", "coordinates": [[[376.5806387575509, -2810.6063631178413], [381.0031173785999, -2832.0911231177793], [399.5775275868661, -2828.194923117729], [395.15504896581706, -2806.710163117791], [376.5806387575509, -2810.6063631178413]]]}, "properties": {"id": 88, "height_m": 3.0, "levels": 1, "category": "residencial", "extrude": true, "manzana_id": 2}}, {"type": "Feature", "geometry": {"type": "Polygon", "coordinates": [[[383.36177264313613, -2835.096763117705], [386.0152598156957, -2848.2325231177615], [402.42756936500734, -2844.892923117888], [399.6758048896569, -2831.645843117717], [383.36177264313613, -2835.096763117705]]]}, "properties": {"id": 89, "height_m": 3.0, "levels": 1, "category": "residencial", "extrude": true, "manzana_id": 2}}, {"type": "Feature", "geometry": {"type": "Polygon", "coordinates": [[[425.91584470792753, -2822.740243117659], [413.53290456885065, -2825.1892831178034], [417.0708874658295, -2843.0004831175247], [419.1347108223423, -2852.907963117822], [421.9847526001344, -2867.156923117836], [422.47613911373946, -2869.383323117752], [435.8418522793282, -2866.6003231176596], [432.500423987931, -2850.236283117844], [431.51765096107005, -2850.4589231176774], [425.91584470792753, -2822.740243117659]]]}, "properties": {"id": 90, "height_m": 3.0, "levels": 1, "category": "residencial", "extrude": true, "manzana_id": 1}}, {"type": "Feature", "geometry": {"type": "Polygon", "coordinates": [[[421.9847526001344, -2867.156923117836], [416.57950095222446, -2868.270123117794], [418.7416016115281, -2878.8455231175913], [424.14685325943805, -2877.7323231176333], [422.47613911373946, -2869.383323117752], [421.9847526001344, -2867.156923117836]]]}, "properties": {"id": 91, "height_m": 3.0, "levels": 1, "category": "residencial", "extrude": true, "manzana_id": 1}}, {"type": "Feature", "geometry": {"type": "Polygon", "coordinates": [[[435.8418522793282, -2866.6003231176596], [422.47613911373946, -2869.383323117752], [424.14685325943805, -2877.7323231176333], [437.51256642502676, -2874.949323117541], [435.8418522793282, -2866.6003231176596]]]}, "properties": {"id": 92, "height_m": 3.0, "levels": 1, "category": "residencial", "extrude": true, "manzana_id": 1}}, {"type": "Feature", "geometry": {"type": "Polygon", "coordinates": [[[402.3292920622165, -2796.9140031176084], [406.1621068672187, -2796.134763117598], [412.55013154198963, -2794.6876031176926], [408.81559403977826, -2777.989603117534], [408.2259302237315, -2775.42924311767], [398.2999226519817, -2777.655643117586], [402.3292920622165, -2796.9140031176084]]]}, "properties": {"id": 93, "height_m": 3.0, "levels": 1, "category": "residencial", "extrude": true, "manzana_id": 3}}, {"type": "Feature", "geometry": {"type": "Polygon", "coordinates": [[[444.0971457053794, -3076.6611631176565], [438.49533945223686, -3079.332843117634], [442.62298616491336, -3087.904483117745], [448.22479241840506, -3085.2328031177667], [447.34029669398575, -3083.340363117799], [444.0971457053794, -3076.6611631176565]]]}, "properties": {"id": 94, "height_m": 6.0, "levels": 2, "category": "residencial", "extrude": true, "manzana_id": 58}}, {"type": "Feature", "geometry": {"type": "Polygon", "coordinates": [[[447.34029669398575, -3083.340363117799], [448.3230697211959, -3082.8950831177367], [447.6351286023583, -3081.447923117831], [449.1092881424752, -3080.668683117821], [446.6523555751482, -3075.436643117584], [444.0971457053794, -3076.6611631176565], [447.34029669398575, -3083.340363117799]]]}, "properties": {"id": 95, "height_m": 3.0, "levels": 1, "category": "residencial", "extrude": true, "manzana_id": 58}}, {"type": "Feature", "geometry": {"type": "Polygon", "coordinates": [[[642.3224652306068, -3184.8642031177524], [644.7793977979338, -3184.41892311769], [644.681120495143, -3183.973643117628], [645.8604481275856, -3183.7510031177944], [646.9414984572375, -3190.4302031175416], [643.1086836522352, -3190.986803117718], [643.9931793763053, -3195.773563117893], [656.965783331429, -3189.4283231176983], [656.2778422125914, -3186.2000431175434], [654.6071280668928, -3186.5340031178866], [654.017464250846, -3182.86044311767], [657.5554471478248, -3182.303843117889], [657.0640606342198, -3179.520843117796], [656.3761195153821, -3175.7359631178606], [642.4207425333976, -3178.1850031176095], [642.3224652306068, -3184.8642031177524]]]}, "properties": {"id": 96, "height_m": 6.0, "levels": 2, "category": "residencial", "extrude": true, "manzana_id": 56}}, {"type": "Feature", "geometry": {"type": "Polygon", "coordinates": [[[643.9931793763053, -3195.773563117893], [643.1086836522352, -3190.986803117718], [646.9414984572375, -3190.4302031175416], [645.8604481275856, -3183.7510031177944], [644.681120495143, -3183.973643117628], [644.7793977979338, -3184.41892311769], [642.3224652306068, -3184.8642031177524], [642.2241879281651, -3191.2094431175515], [642.1259106253742, -3196.664123117622], [643.9931793763053, -3195.773563117893]]]}, "properties": {"id": 97, "height_m": 3.0, "levels": 1, "category": "residencial", "extrude": true, "manzana_id": 56}}, {"type": "Feature", "geometry": {"type": "Polygon", "coordinates": [[[642.6172971389792, -3161.3756831177316], [650.7743132622396, -3159.817203117712], [653.5260777372409, -3168.0548831178744], [656.7692287261965, -3166.9416831175213], [657.5554471478248, -3169.0567631177178], [661.5848165580596, -3168.277523117708], [656.1795649101497, -3158.8153231178685], [654.3122961588693, -3153.2493231176836], [651.069145170263, -3153.138003117569], [651.1674224727047, -3150.0210431175287], [644.4845658899104, -3149.7984031176957], [644.2880112846779, -3156.2549631176093], [642.7155744414209, -3156.2549631176093], [642.7155744414209, -3157.145523117734], [642.6172971389792, -3160.7077631178363], [642.6172971389792, -3161.3756831177316]]]}, "properties": {"id": 98, "height_m": 3.0, "levels": 1, "category": "residencial", "extrude": true, "manzana_id": 57}}, {"type": "Feature", "geometry": {"type": "Polygon", "coordinates": [[[657.0640606342198, -3179.520843117796], [657.5554471478248, -3182.303843117889], [654.017464250846, -3182.86044311767], [654.6071280668928, -3186.5340031178866], [656.2778422125914, -3186.2000431175434], [656.965783331429, -3189.4283231176983], [669.3487234705058, -3183.305723117732], [669.9383872865526, -3182.971763117784], [669.4470007732967, -3180.3000831178065], [669.3487234705058, -3179.9661231178584], [665.6141859682945, -3181.8585631178266], [665.0245221522476, -3178.518963117557], [661.8796484660829, -3179.075563117734], [661.7813711632922, -3178.6302831176718], [660.6020435311987, -3178.8529231175053], [657.0640606342198, -3179.520843117796]]]}, "properties": {"id": 99, "height_m": 3.0, "levels": 1, "category": "residencial", "extrude": true, "manzana_id": 56}}, {"type": "Feature", "geometry": {"type": "Polygon", "coordinates": [[[673.7712020915548, -3256.1090031178232], [654.3122961588693, -3260.005203117874], [656.0812876073588, -3268.688163117703], [659.6192705039886, -3268.0202431178077], [663.4520853089908, -3287.723883117892], [656.0812876073588, -3289.171043117798], [656.6709514234055, -3291.8427231177757], [654.7054053696837, -3292.288003117838], [655.7864556993355, -3297.9653231177417], [660.9951527416637, -3296.852123117784], [660.6020435311987, -3294.959683117816], [680.6506132799308, -3290.9521631176513], [673.7712020915548, -3256.1090031178232]]]}, "properties": {"id": 100, "height_m": 3.0, "levels": 1, "category": "residencial", "extrude": true, "manzana_id": 53}}, {"type": "Feature", "geometry": {"type": "Polygon", "coordinates": [[[643.9931793763053, -3005.1937231177517], [647.629439576075, -3021.6690831176816], [646.8432211544466, -3021.6690831176816], [641.4379695065367, -3022.670963117525], [641.5362468093274, -3039.7029231176316], [641.6345241117691, -3052.9500031178027], [660.3072116228262, -3052.7273631175735], [664.7296902438752, -3052.7273631175735], [664.827967546666, -3041.150083117537], [650.2829267486346, -3041.2614031176518], [650.3812040514255, -3035.918043117696], [651.8553635915424, -3035.918043117696], [651.9536408943331, -3031.35392311775], [655.6881783965446, -3031.35392311775], [656.1795649101497, -3028.682243117772], [656.6709514234055, -3020.778523117557], [653.3295231320084, -3003.6352431177315], [652.3467501051474, -3003.746563117846], [651.8553635915424, -3003.857883117565], [643.9931793763053, -3005.1937231177517]]]}, "properties": {"id": 101, "height_m": 3.0, "levels": 1, "category": "residencial", "extrude": true, "manzana_id": 59}}, {"type": "Feature", "geometry": {"type": "Polygon", "coordinates": [[[660.3072116228262, -3052.7273631175735], [641.6345241117691, -3052.9500031178027], [641.73280141456, -3066.865003117869], [653.4278004347992, -3065.86312311763], [653.8209096456135, -3064.638603117558], [660.3072116228262, -3052.7273631175735]]]}, "properties": {"id": 102, "height_m": 6.0, "levels": 2, "category": "residencial", "extrude": true, "manzana_id": 59}}, {"type": "Feature", "geometry": {"type": "Polygon", "coordinates": [[[653.4278004347992, -3065.86312311763], [641.73280141456, -3066.865003117869], [641.8310787173509, -3088.2384431176924], [644.8776751007246, -3088.0158031178594], [646.5483892464232, -3083.89696311758], [653.4278004347992, -3065.86312311763]]]}, "properties": {"id": 103, "height_m": 3.0, "levels": 1, "category": "residencial", "extrude": true, "manzana_id": 59}}, {"type": "Feature", "geometry": {"type": "Polygon", "coordinates": [[[364.3942532240557, -1751.3965631177987], [353.19064071742156, -1758.6323631177224], [377.36685717883023, -1795.4792831176326], [388.57046968546445, -1788.0208431178753], [364.3942532240557, -1751.3965631177987]]]}, "properties": {"id": 104, "height_m": 3.0, "levels": 1, "category": "residencial", "extrude": true, "manzana_id": 19}}, {"type": "Feature", "geometry": {"type": "Polygon", "coordinates": [[[401.1499644297738, -1885.4258431175494], [399.77408219244774, -1900.5653631176883], [407.73454371012645, -1901.3446031176982], [409.0121486450108, -1886.0937631178406], [401.1499644297738, -1885.4258431175494]]]}, "properties": {"id": 105, "height_m": 3.0, "levels": 1, "category": "residencial", "extrude": true, "manzana_id": 17}}, {"type": "Feature", "geometry": {"type": "Polygon", "coordinates": [[[402.3292920622165, -1914.925643117817], [400.56030061372707, -1925.9463231176765], [409.20870325059246, -1927.3934831175823], [410.388030882686, -1919.8237231177106], [410.97769469908195, -1916.3728031177225], [402.3292920622165, -1914.925643117817]]]}, "properties": {"id": 106, "height_m": 3.0, "levels": 1, "category": "residencial", "extrude": true, "manzana_id": 16}}, {"type": "Feature", "geometry": {"type": "Polygon", "coordinates": [[[381.9858904054609, -1984.1666831178059], [371.27366441208267, -1979.9365231178078], [367.24429500184783, -1990.1779631176573], [371.3719417148735, -1991.7364431176775], [372.7478239525487, -1988.2855231176895], [373.92715158499135, -1988.7308031177517], [374.5168154010381, -1986.9496831178983], [377.4651344816211, -1988.062883117856], [375.40131112510824, -1993.406243117812], [382.5755542215077, -1996.1892431175088], [386.6049236317424, -1985.9478031176593], [381.9858904054609, -1984.1666831178059]]]}, "properties": {"id": 107, "height_m": 9.0, "levels": 3, "category": "residencial", "extrude": true, "manzana_id": 15}}, {"type": "Feature", "geometry": {"type": "Polygon", "coordinates": [[[375.40131112510824, -1993.406243117812], [377.4651344816211, -1988.062883117856], [374.5168154010381, -1986.9496831178983], [373.92715158499135, -1988.7308031177517], [372.7478239525487, -1988.2855231176895], [371.3719417148735, -1991.7364431176775], [375.40131112510824, -1993.406243117812]]]}, "properties": {"id": 108, "height_m": 12.0, "levels": 4, "category": "residencial", "extrude": true, "manzana_id": 15}}, {"type": "Feature", "geometry": {"type": "Polygon", "coordinates": [[[386.6049236317424, -1985.9478031176593], [382.5755542215077, -1996.1892431175088], [386.80147823732415, -1997.8590431176435], [390.8308476475589, -1987.6176031177938], [386.6049236317424, -1985.9478031176593]]]}, "properties": {"id": 109, "height_m": 6.0, "levels": 2, "category": "residencial", "extrude": true, "manzana_id": 15}}, {"type": "Feature", "geometry": {"type": "Polygon", "coordinates": [[[204.10397253698915, -1584.9731631175734], [200.2711577319869, -1587.1995631178847], [200.36943503477775, -1587.5335231178324], [202.82636760175563, -1591.7636831178306], [207.93678734164223, -1588.6467231177903], [210.4919972117601, -1592.765563117674], [210.68855181699263, -1593.0995231176216], [220.7128366915333, -1587.1995631178847], [220.22145017792823, -1586.30900311776], [217.37140840013615, -1581.4109231178666], [213.5385935951339, -1574.8430431178383], [208.9195603685032, -1577.5147231178162], [207.24884622280462, -1574.6204031176094], [202.13842648291802, -1577.6260431175351], [204.59535905024507, -1581.9675231176477], [205.77468668268773, -1583.97128311773], [204.10397253698915, -1584.9731631175734]]]}, "properties": {"id": 110, "height_m": 3.0, "levels": 1, "category": "residencial", "extrude": true, "manzana_id": 23}}, {"type": "Feature", "geometry": {"type": "Polygon", "coordinates": [[[240.76140644026552, -1547.7922831177154], [231.03195347374822, -1530.8716431177234], [210.0988880009459, -1543.0055231175406], [212.06443405466786, -1546.5677631176432], [212.26098866024952, -1546.790403117872], [215.7006942540884, -1544.7866431177897], [218.35418142699712, -1549.46208311785], [219.73006366467231, -1548.6828431178399], [228.67329820921205, -1564.156323117531], [231.81817189537665, -1562.2638831175632], [233.88199525188944, -1561.0393631178863], [239.8769107158462, -1571.3921231178504], [223.0714919560695, -1581.0769631175233], [224.34909689095386, -1583.7486431178966], [224.64392879897724, -1584.4165631177923], [251.3753551305038, -1568.8317631175912], [251.17880052527124, -1568.609123117758], [250.58913670922448, -1567.3846031176856], [240.8596837427072, -1548.7941631175588], [240.76140644026552, -1547.7922831177154]]]}, "properties": {"id": 111, "height_m": 3.0, "levels": 1, "category": "residencial", "extrude": true, "manzana_id": 23}}, {"type": "Feature", "geometry": {"type": "Polygon", "coordinates": [[[256.3874975679487, -1590.093883117696], [239.48380150503195, -1599.8900431178788], [253.93056500062164, -1625.2710031178672], [270.93253836598, -1615.4748431176843], [256.3874975679487, -1590.093883117696]]]}, "properties": {"id": 112, "height_m": 3.0, "levels": 1, "category": "residencial", "extrude": true, "manzana_id": 22}}, {"type": "Feature", "geometry": {"type": "Polygon", "coordinates": [[[352.7975315066073, -1707.0912031177359], [350.34059893928037, -1708.6496831177558], [361.8390433539379, -1726.6835231177058], [365.27874894812595, -1724.4571231177902], [359.0872788785875, -1714.6609631176075], [365.6718581589401, -1710.5421231177238], [360.26660651103015, -1702.193123117842], [352.7975315066073, -1707.0912031177359]]]}, "properties": {"id": 113, "height_m": 3.0, "levels": 1, "category": "residencial", "extrude": true, "manzana_id": 21}}, {"type": "Feature", "geometry": {"type": "Polygon", "coordinates": [[[-353.32488831971887, -785.1389631175985], [-348.60757779064653, -781.1314431178293], [-352.833501806463, -776.1220431178212], [-357.55081233553534, -780.0182431178714], [-353.32488831971887, -785.1389631175985]]]}, "properties": {"id": 114, "height_m": 3.0, "levels": 1, "category": "residencial", "extrude": true, "manzana_id": 25}}, {"type": "Feature", "geometry": {"type": "Polygon", "coordinates": [[[-135.5423855590153, -835.3442831177939], [-129.74402470064024, -833.451843117826], [-132.29923457040897, -825.6594431177256], [-138.09759542913318, -827.5518831176935], [-135.5423855590153, -835.3442831177939]]]}, "properties": {"id": 115, "height_m": 3.0, "levels": 1, "category": "residencial", "extrude": true, "manzana_id": 24}}, {"type": "Feature", "geometry": {"type": "Polygon", "coordinates": [[[-126.10776450087054, -487.2466431178815], [-112.74205133528186, -484.7976031177369], [-113.62654705935199, -480.34480311750997], [-126.89398292249899, -482.79384311765455], [-126.10776450087054, -487.2466431178815]]]}, "properties": {"id": 116, "height_m": 3.0, "levels": 1, "category": "residencial", "extrude": true, "manzana_id": 27}}, {"type": "Feature", "geometry": {"type": "Polygon", "coordinates": [[[-61.4412993311833, 78.59291688240944], [-67.63276940037258, 76.81179688216048], [-54.168778931993046, 30.280036882181918], [-47.97730886245462, 32.06115688243088], [-61.4412993311833, 78.59291688240944]]]}, "properties": {"id": 117, "height_m": 3.0, "levels": 1, "category": "residencial", "extrude": true, "manzana_id": 33}}, {"type": "Feature", "geometry": {"type": "Polygon", "coordinates": [[[-46.89625853280279, 82.93439688212644], [-53.087728602341215, 81.15327688227296], [-39.62373813396169, 34.398876882461025], [-33.43226806442326, 36.1799968823145], [-46.89625853280279, 82.93439688212644]]]}, "properties": {"id": 118, "height_m": 3.0, "levels": 1, "category": "residencial", "extrude": true, "manzana_id": 34}}, {"type": "Feature", "geometry": {"type": "Polygon", "coordinates": [[[-54.46361084001642, -83.26636311786984], [-55.34810656443572, -87.94180311753465], [-54.070501629202205, -88.16444311776351], [-54.758442748039805, -91.94932311769932], [-48.370418073268844, -93.17384311777161], [-51.41701445664263, -109.760523117816], [-45.32382168989505, -110.87372311777386], [-40.60651116082267, -85.82672311773337], [-54.46361084001642, -83.26636311786984]]]}, "properties": {"id": 119, "height_m": 3.0, "levels": 1, "category": "residencial", "extrude": true, "manzana_id": 29}}, {"type": "Feature", "geometry": {"type": "Polygon", "coordinates": [[[-45.81520820350011, 24.6027168822782], [-52.00667827268939, 22.82159688242473], [-38.542687804309864, -23.932803117782697], [-32.35121773477143, -22.040363117814792], [-45.81520820350011, 24.6027168822782]]]}, "properties": {"id": 120, "height_m": 3.0, "levels": 1, "category": "residencial", "extrude": true, "manzana_id": 31}}, {"type": "Feature", "geometry": {"type": "Polygon", "coordinates": [[[-24.095924309069346, -19.702643117784646], [-17.904454239530917, -17.921523117535685], [-31.270167405119608, 28.832876882276253], [-37.46163747465803, 26.940436882308347], [-24.095924309069346, -19.702643117784646]]]}, "properties": {"id": 121, "height_m": 3.0, "levels": 1, "category": "residencial", "extrude": true, "manzana_id": 32}}, {"type": "Feature", "geometry": {"type": "Polygon", "coordinates": [[[37.22911256956987, -476.782563117803], [45.680960600853645, -479.45424311778095], [49.12066619504166, -468.76752311786913], [40.66881816375789, -465.9845231177768], [37.22911256956987, -476.782563117803]]]}, "properties": {"id": 122, "height_m": 3.0, "levels": 1, "category": "residencial", "extrude": true, "manzana_id": 28}}, {"type": "Feature", "geometry": {"type": "Polygon", "coordinates": [[[61.405329031327675, -505.61444311777933], [56.98285041027867, -511.29176311768305], [60.81566521493176, -514.2974031176088], [65.23814383598076, -508.6200831177051], [61.405329031327675, -505.61444311777933]]]}, "properties": {"id": 123, "height_m": 3.0, "levels": 1, "category": "residencial", "extrude": true, "manzana_id": 26}}, {"type": "Feature", "geometry": {"type": "Polygon", "coordinates": [[[346.5077841342781, -98.40588311761309], [381.0031173785999, -100.74360311764323], [381.8876131026701, -87.94180311753465], [379.52895783813386, -87.71916311770127], [379.8237897461573, -83.04372311764098], [364.1976986184741, -81.93052311768312], [364.0011440132415, -85.6040831175045], [356.925178219633, -85.04748311772332], [356.72862361405123, -88.60972311782575], [352.2078676905606, -88.27576311787794], [351.91303578218805, -92.505923117876], [346.9008933450923, -92.1719631175327], [346.5077841342781, -98.40588311761309]]]}, "properties": {"id": 124, "height_m": 3.0, "levels": 1, "category": "residencial", "extrude": true, "manzana_id": 30}}, {"type": "Feature", "geometry": {"type": "Polygon", "coordinates": [[[384.7376548808113, -70.01928311769902], [384.04971376197375, -83.48900311770322], [390.43773843674467, -83.82296311765103], [391.02740225279143, -70.35324311764683], [384.7376548808113, -70.01928311769902]]]}, "properties": {"id": 125, "height_m": 3.0, "levels": 1, "category": "residencial", "extrude": true, "manzana_id": 30}}, {"type": "Feature", "geometry": {"type": "Polygon", "coordinates": [[[122.14070209357098, 112.87947688245609], [125.6786849902007, 103.63991688244994], [155.75153961347354, 115.43983688231961], [152.115279414053, 124.67939688232576], [151.72217020323876, 125.68127688216919], [147.79107809544567, 124.12279688214909], [148.1841873062599, 123.12091688230566], [122.14070209357098, 112.87947688245609]]]}, "properties": {"id": 126, "height_m": 3.0, "levels": 1, "category": "residencial", "extrude": true, "manzana_id": 36}}, {"type": "Feature", "geometry": {"type": "Polygon", "coordinates": [[[157.12742185114874, 83.37967688218868], [156.3412034295203, 85.38343688227101], [165.57926988243253, 89.16831688220682], [164.10511034196648, 92.73055688230926], [161.05851395859267, 91.50603688223697], [157.61880836440466, 100.18899688246194], [160.66540474777847, 101.41351688213874], [159.0929679048707, 105.42103688230341], [150.4445652683544, 101.85879688220098], [151.6238929004479, 98.96447688238965], [131.28049124369235, 90.72679688222692], [137.37368401043994, 75.47595688236925], [157.12742185114874, 83.37967688218868]]]}, "properties": {"id": 127, "height_m": 3.0, "levels": 1, "category": "residencial", "extrude": true, "manzana_id": 35}}, {"type": "Feature", "geometry": {"type": "Polygon", "coordinates": [[[379.3324032329013, -2016.8947631178323], [380.7082854705766, -2020.7909631178827], [381.19967198383245, -2020.5683231176538], [386.50664632930074, -2018.6758831176858], [385.72042790767233, -2015.0023231178645], [384.9342094860438, -2012.7759231175532], [378.64446211406374, -2015.0023231178645], [378.9392940220871, -2015.67024311776], [379.3324032329013, -2016.8947631178323]]]}, "properties": {"id": 128, "height_m": 3.0, "levels": 1, "category": "residencial", "extrude": true, "manzana_id": 13}}, {"type": "Feature", "geometry": {"type": "Polygon", "coordinates": [[[368.9150091475464, -2022.2381231177883], [375.89269763871334, -2019.7890831176437], [375.40131112510824, -2018.2306031176236], [365.57358085614925, -2021.5702031178926], [364.9839170401025, -2021.792843117726], [365.6718581589401, -2023.9079231175274], [369.11156375312817, -2022.7947231175694], [368.9150091475464, -2022.2381231177883]]]}, "properties": {"id": 129, "height_m": 9.0, "levels": 3, "category": "residencial", "extrude": true, "manzana_id": 13}}, {"type": "Feature", "geometry": {"type": "Polygon", "coordinates": [[[372.84610125533953, -2032.8135231175856], [383.16521803755444, -2029.1399631177642], [382.67383152429846, -2027.8041231175775], [383.6566045511595, -2027.4701631176297], [381.19967198383245, -2020.5683231176538], [380.7082854705766, -2020.7909631178827], [379.3324032329013, -2016.8947631178323], [375.40131112510824, -2018.2306031176236], [375.89269763871334, -2019.7890831176437], [368.9150091475464, -2022.2381231177883], [369.11156375312817, -2022.7947231175694], [369.3081183583607, -2022.5720831177362], [372.84610125533953, -2032.8135231175856]]]}, "properties": {"id": 130, "height_m": 6.0, "levels": 2, "category": "residencial", "extrude": true, "manzana_id": 13}}, {"type": "Feature", "geometry": {"type": "Polygon", "coordinates": [[[869.2447571414317, -719.5714831178265], [863.1515643746842, -721.3526031176799], [864.8222785203827, -727.1412431176981], [869.2447571414317, -725.9167231176258], [871.603412405968, -734.2657231175075], [882.9053022153929, -731.0374431177484], [880.448369648066, -722.5771231177522], [870.9154712871303, -725.3601231178446], [869.2447571414317, -719.5714831178265]]]}, "properties": {"id": 131, "height_m": 3.0, "levels": 1, "category": "residencial", "extrude": true, "manzana_id": 67}}, {"type": "Feature", "geometry": {"type": "Polygon", "coordinates": [[[864.8222785203827, -727.1412431176981], [863.8395054935218, -727.4752031176458], [866.198160758058, -735.8242031175275], [871.603412405968, -734.2657231175075], [869.2447571414317, -725.9167231176258], [864.8222785203827, -727.1412431176981]]]}, "properties": {"id": 132, "height_m": 6.0, "levels": 2, "category": "residencial", "extrude": true, "manzana_id": 67}}, {"type": "Feature", "geometry": {"type": "Polygon", "coordinates": [[[848.5082462738619, -608.5854431176382], [848.016859760606, -606.8043231177847], [846.6409775229308, -601.9062431178911], [845.1668179824647, -596.896843117883], [842.2184989018817, -589.5497231178447], [815.6836271755877, -597.6760831178931], [821.481988034312, -617.1570831177487], [847.6237505497918, -608.8080831178671], [848.5082462738619, -608.5854431176382]]]}, "properties": {"id": 133, "height_m": 3.0, "levels": 1, "category": "residencial", "extrude": true, "manzana_id": 69}}, {"type": "Feature", "geometry": {"type": "Polygon", "coordinates": [[[761.532833393348, -323.9402031176965], [756.2258590482289, -325.61000311783107], [752.2947669407849, -326.7232031177889], [752.68787615125, -328.1703631176946], [752.8844307568318, -328.05904311758013], [754.0637583889252, -332.1778831178592], [755.1448087185771, -331.9552431176304], [755.1448087185771, -332.0665631177448], [757.9948504967183, -331.2873231177348], [763.2035475393957, -329.72884311771463], [761.532833393348, -323.9402031176965]]]}, "properties": {"id": 134, "height_m": 3.0, "levels": 1, "category": "residencial", "extrude": true, "manzana_id": 70}}, {"type": "Feature", "geometry": {"type": "Polygon", "coordinates": [[[763.2035475393957, -329.72884311771463], [767.9208580684682, -328.50432311764234], [768.1174126737006, -328.39300311752794], [766.3484212252113, -322.4930431177909], [766.1518666199787, -322.6043631175098], [761.532833393348, -323.9402031176965], [763.2035475393957, -329.72884311771463]]]}, "properties": {"id": 135, "height_m": 6.0, "levels": 2, "category": "residencial", "extrude": true, "manzana_id": 70}}, {"type": "Feature", "geometry": {"type": "Polygon", "coordinates": [[[641.0448602957224, -242.7879231177235], [645.3690616139805, -241.45208311753677], [643.698347468282, -236.33136311780973], [645.3690616139805, -235.77476311763306], [644.681120495143, -233.77100311755072], [643.0104063494443, -234.3276031177274], [640.750028387699, -227.64840311758476], [638.8827596367679, -228.31632311787587], [638.6862050311862, -227.53708311786582], [638.5879277283954, -227.53708311786582], [638.1948185179302, -226.42388311751247], [635.8361632533941, -227.20312311752252], [636.5241043718825, -229.09556311788592], [641.0448602957224, -242.7879231177235]]]}, "properties": {"id": 136, "height_m": 3.0, "levels": 1, "category": "residencial", "extrude": true, "manzana_id": 72}}, {"type": "Feature", "geometry": {"type": "Polygon", "coordinates": [[[857.4514808187508, -624.9494831178492], [869.2447571414317, -621.3872431177468], [867.0826564824773, -614.0401231177086], [866.689547271663, -613.0382431178651], [862.0705140450324, -614.4854031177708], [862.3653459534048, -615.3759631178953], [855.2893801594471, -617.4910431176966], [857.4514808187508, -624.9494831178492]]]}, "properties": {"id": 137, "height_m": 3.0, "levels": 1, "category": "residencial", "extrude": true, "manzana_id": 68}}, {"type": "Feature", "geometry": {"type": "Polygon", "coordinates": [[[911.7005519034321, -805.2878831177453], [910.4229469685479, -805.6218431176932], [911.1108880873855, -808.7388031177334], [912.3884930222698, -808.4048431177855], [912.2902157198281, -807.9595631177233], [911.7005519034321, -805.2878831177453]]]}, "properties": {"id": 138, "height_m": 6.0, "levels": 2, "category": "residencial", "extrude": true, "manzana_id": 65}}, {"type": "Feature", "geometry": {"type": "Polygon", "coordinates": [[[912.3884930222698, -808.4048431177855], [911.1108880873855, -808.7388031177334], [912.1919384170374, -813.0802831178459], [913.4695433519216, -812.746323117898], [913.3712660491309, -812.3010431178358], [912.3884930222698, -808.4048431177855]]]}, "properties": {"id": 139, "height_m": 3.0, "levels": 1, "category": "residencial", "extrude": true, "manzana_id": 65}}, {"type": "Feature", "geometry": {"type": "Polygon", "coordinates": [[[920.4472318430885, -803.0614831178297], [911.7005519034321, -805.2878831177453], [912.2902157198281, -807.9595631177233], [912.3884930222698, -808.4048431177855], [913.5678206547126, -808.1822031175567], [923.1007190156482, -805.8444831175266], [923.1007190156482, -805.5105231175787], [922.6093325020431, -803.3954431177774], [920.6437864483212, -803.9520431175586], [920.4472318430885, -803.0614831178297]]]}, "properties": {"id": 140, "height_m": 9.0, "levels": 3, "category": "residencial", "extrude": true, "manzana_id": 65}}, {"type": "Feature", "geometry": {"type": "Polygon", "coordinates": [[[913.5678206547126, -808.1822031175567], [912.3884930222698, -808.4048431177855], [913.3712660491309, -812.3010431178358], [913.4695433519216, -812.746323117898], [920.152399934716, -811.187843117878], [924.0834920425091, -810.185963117639], [923.9852147397183, -809.7406831175767], [923.1007190156482, -805.8444831175266], [913.5678206547126, -808.1822031175567]]]}, "properties": {"id": 141, "height_m": 6.0, "levels": 2, "category": "residencial", "extrude": true, "manzana_id": 65}}, {"type": "Feature", "geometry": {"type": "Polygon", "coordinates": [[[921.6265594751823, -825.1028431175489], [915.8281986164579, -826.7726431176834], [918.8747949998317, -837.3480431178763], [919.0713496054134, -837.5706831177097], [919.5627361186694, -839.3518031175631], [919.7592907242511, -839.4631231176776], [919.6610134214601, -839.1291631177297], [919.8575680266928, -839.0178431176153], [919.8575680266928, -839.0178431176153], [922.6093325020431, -838.2386031176053], [923.7886601344859, -838.6838831176675], [923.7886601344859, -838.6838831176675], [923.8869374369276, -838.795203117782], [925.1645423721609, -837.793323117543], [924.4766012533233, -835.2329631176794], [923.1989963180899, -833.563163117545], [926.5404246098361, -830.7801631178481], [927.9163068475115, -832.4499631175871], [928.5059706635581, -835.1216431175651], [934.5991634303058, -830.112243117557], [932.6336173765839, -821.8745631177898], [932.2405081657695, -821.9858831175087], [924.0834920425091, -824.3236031175388], [924.7714331613467, -826.55000311785], [922.3145005940196, -827.2179231177456], [921.6265594751823, -825.1028431175489]]]}, "properties": {"id": 142, "height_m": 6.0, "levels": 2, "category": "residencial", "extrude": true, "manzana_id": 64}}, {"type": "Feature", "geometry": {"type": "Polygon", "coordinates": [[[923.8869374369276, -838.795203117782], [923.7886601344859, -838.6838831176675], [923.7886601344859, -838.6838831176675], [922.6093325020431, -838.2386031176053], [919.8575680266928, -839.0178431176153], [919.8575680266928, -839.0178431176153], [919.6610134214601, -839.1291631177297], [919.7592907242511, -839.4631231176776], [919.9558453294835, -839.574443117792], [921.5282821723912, -840.7989631178643], [923.8869374369276, -838.795203117782]]]}, "properties": {"id": 143, "height_m": 6.0, "levels": 2, "category": "residencial", "extrude": true, "manzana_id": 64}}, {"type": "Feature", "geometry": {"type": "Polygon", "coordinates": [[[922.6093325020431, -803.3954431177774], [922.4127778968106, -802.6162031177673], [920.4472318430885, -803.0614831178297], [920.6437864483212, -803.9520431175586], [922.6093325020431, -803.3954431177774]]]}, "properties": {"id": 144, "height_m": 6.0, "levels": 2, "category": "residencial", "extrude": true, "manzana_id": 65}}, {"type": "Feature", "geometry": {"type": "Polygon", "coordinates": [[[923.4938282264625, -798.4973631178838], [920.7420637511119, -799.1652831177794], [921.3317275671587, -801.8369631177574], [924.0834920425091, -801.1690431178617], [923.4938282264625, -798.4973631178838]]]}, "properties": {"id": 145, "height_m": 3.0, "levels": 1, "category": "residencial", "extrude": true, "manzana_id": 65}}, {"type": "Feature", "geometry": {"type": "Polygon", "coordinates": [[[924.0834920425091, -824.3236031175388], [921.6265594751823, -825.1028431175489], [922.3145005940196, -827.2179231177456], [924.7714331613467, -826.55000311785], [924.0834920425091, -824.3236031175388]]]}, "properties": {"id": 146, "height_m": 3.0, "levels": 1, "category": "residencial", "extrude": true, "manzana_id": 64}}, {"type": "Feature", "geometry": {"type": "Polygon", "coordinates": [[[926.0490380962312, -809.7406831175767], [924.8697104641375, -805.0652431175165], [923.1007190156482, -805.5105231175787], [923.1007190156482, -805.8444831175266], [923.9852147397183, -809.7406831175767], [924.0834920425091, -810.185963117639], [926.0490380962312, -809.7406831175767]]]}, "properties": {"id": 147, "height_m": 3.0, "levels": 1, "category": "residencial", "extrude": true, "manzana_id": 65}}, {"type": "Feature", "geometry": {"type": "Polygon", "coordinates": [[[928.5059706635581, -835.1216431175651], [927.9163068475115, -832.4499631175871], [926.5404246098361, -830.7801631178481], [923.1989963180899, -833.563163117545], [924.4766012533233, -835.2329631176794], [925.1645423721609, -837.793323117543], [927.6214749391389, -835.7895631178562], [928.5059706635581, -835.1216431175651]]]}, "properties": {"id": 148, "height_m": 9.0, "levels": 3, "category": "residencial", "extrude": true, "manzana_id": 64}}, {"type": "Feature", "geometry": {"type": "Polygon", "coordinates": [[[934.9922726411199, -808.0708831178378], [943.4441206724038, -805.1765631176308], [942.1665157375193, -801.391683117695], [943.2475660668221, -801.0577231177473], [942.264793039961, -797.9407631177071], [946.3924397529868, -796.4936031178014], [949.2424815311279, -805.0652431175165], [952.9770190333394, -803.8407231178396], [953.3701282441536, -805.0652431175165], [956.8098338383415, -803.8407231178396], [953.4684055465952, -793.9332431175424], [946.4907170557775, -796.2709631175726], [945.6062213313581, -793.7106031177091], [941.0854654078674, -795.1577631176146], [941.9699611319378, -797.7181231178737], [932.5353400737929, -800.9464031176328], [934.9922726411199, -808.0708831178378]]]}, "properties": {"id": 149, "height_m": 3.0, "levels": 1, "category": "residencial", "extrude": true, "manzana_id": 66}}, {"type": "Feature", "geometry": {"type": "Polygon", "coordinates": [[[1111.0069217586606, -594.4478031177384], [1099.6067546464446, -596.2289231175919], [1105.5033928079597, -633.0758431178975], [1116.8052826170358, -631.2947231176486], [1111.0069217586606, -594.4478031177384]]]}, "properties": {"id": 150, "height_m": 3.0, "levels": 1, "category": "residencial", "extrude": true, "manzana_id": 94}}, {"type": "Feature", "geometry": {"type": "Polygon", "coordinates": [[[1085.3565457564368, -637.4173231176145], [1096.560158263071, -634.4116831176888], [1088.5014194426014, -603.910003117578], [1077.2978069359672, -606.9156431175037], [1085.3565457564368, -637.4173231176145]]]}, "properties": {"id": 151, "height_m": 6.0, "levels": 2, "category": "residencial", "extrude": true, "manzana_id": 93}}, {"type": "Feature", "geometry": {"type": "Polygon", "coordinates": [[[1312.3771149700526, -364.5720031175425], [1311.3943419431916, -353.6626431177973], [1284.8594702168978, -354.21924311757846], [1285.7439659409677, -364.3493631177091], [1286.8250162706195, -376.70588311775543], [1287.0215708758521, -378.82096311755674], [1304.6132080576062, -378.48700311760894], [1306.9718633221426, -378.48700311760894], [1306.283922203305, -372.5870431178719], [1304.0235442412104, -372.8096831177052], [1303.1390485171403, -360.1192031177111], [1305.4977037816764, -360.00788311759663], [1305.8908129924907, -364.6833231176569], [1312.3771149700526, -364.5720031175425]]]}, "properties": {"id": 152, "height_m": 3.0, "levels": 1, "category": "residencial", "extrude": true, "manzana_id": 103}}, {"type": "Feature", "geometry": {"type": "Polygon", "coordinates": [[[1529.0785674011045, -358.3380831178576], [1528.5871808874992, -358.6720431178054], [1517.9732321969118, -366.13048311756256], [1534.0907098382, -390.1756031177597], [1534.2872644434326, -390.50956311770744], [1562.7876822234487, -371.13988311757066], [1583.6224703938092, -357.0022431176709], [1546.3753726744862, -353.77396311751625], [1542.5425578694837, -353.44000311756844], [1553.8444476789089, -370.47196311767505], [1542.3460032642513, -378.2643631177756], [1529.0785674011045, -358.3380831178576]]]}, "properties": {"id": 153, "height_m": 3.0, "levels": 1, "category": "residencial", "extrude": true, "manzana_id": null}}, {"type": "Feature", "geometry": {"type": "Polygon", "coordinates": [[[1470.6035723006064, -445.7242831175155], [1469.9156311817687, -446.16956311757775], [1474.7312190136322, -453.2940431177826], [1487.0158818495688, -444.94504311750546], [1477.4829834889824, -430.58476311777224], [1470.5052949978156, -435.2602031178326], [1467.9500851280468, -431.4753231178968], [1462.5448334801367, -435.03756311760367], [1468.4414716413028, -443.94316311766204], [1469.1294127601402, -443.4978831175998], [1463.6258838094395, -435.2602031178326], [1466.9673121011858, -433.03380311752136], [1469.5225219709546, -436.81868311785263], [1477.2864288834007, -431.6979631177301], [1486.0331088227078, -444.7224031176721], [1474.9277736188646, -452.1808431178248], [1470.6035723006064, -445.7242831175155]]]}, "properties": {"id": 154, "height_m": 6.0, "levels": 2, "category": "residencial", "extrude": true, "manzana_id": 160}}, {"type": "Feature", "geometry": {"type": "Polygon", "coordinates": [[[1470.6035723006064, -445.7242831175155], [1474.9277736188646, -452.1808431178248], [1486.0331088227078, -444.7224031176721], [1477.2864288834007, -431.6979631177301], [1469.5225219709546, -436.81868311785263], [1466.9673121011858, -433.03380311752136], [1463.6258838094395, -435.2602031178326], [1469.1294127601402, -443.4978831175998], [1470.6035723006064, -445.7242831175155]]]}, "properties": {"id": 155, "height_m": 9.0, "levels": 3, "category": "residencial", "extrude": true, "manzana_id": 160}}, {"type": "Feature", "geometry": {"type": "Polygon", "coordinates": [[[1456.9430272266452, -425.13008311770193], [1462.8396653881603, -425.909323117712], [1463.6258838094395, -419.786723117746], [1457.7292456482735, -419.007483117736], [1456.9430272266452, -425.13008311770193]]]}, "properties": {"id": 156, "height_m": 3.0, "levels": 1, "category": "residencial", "extrude": true, "manzana_id": 161}}, {"type": "Feature", "geometry": {"type": "Polygon", "coordinates": [[[1384.021268630907, -39.62892311770261], [1385.3971508685818, -32.28180311766437], [1379.6970673122994, -31.16860311770651], [1378.6160169829968, -37.06856311783909], [1378.419462377415, -38.62704311785919], [1384.021268630907, -39.62892311770261]]]}, "properties": {"id": 157, "height_m": 3.0, "levels": 1, "category": "residencial", "extrude": true, "manzana_id": 147}}, {"type": "Feature", "geometry": {"type": "Polygon", "coordinates": [[[962.8047493022982, 38.183756882396835], [965.9496229884629, 37.62715688222016], [966.834118712533, 42.302596882280454], [963.6892450263686, 42.85919688245713], [962.8047493022982, 38.183756882396835]]]}, "properties": {"id": 158, "height_m": 3.0, "levels": 1, "category": "residencial", "extrude": true, "manzana_id": 83}}, {"type": "Feature", "geometry": {"type": "Polygon", "coordinates": [[[979.3153361540517, 50.42895688232875], [969.6841604906743, 52.09875688246328], [967.2272279233473, 38.629036882459076], [976.7601262842828, 36.95923688232455], [979.3153361540517, 50.42895688232875]]]}, "properties": {"id": 159, "height_m": 3.0, "levels": 1, "category": "residencial", "extrude": true, "manzana_id": 83}}, {"type": "Feature", "geometry": {"type": "Polygon", "coordinates": [[[1000.9363427460407, 35.06679688235664], [1002.6070568917393, 44.97427688225841], [996.7104187302242, 45.97615688210183], [997.2018052438294, 48.98179688242308], [994.2534861628972, 49.42707688248532], [993.2707131360363, 43.52711688235274], [996.2190322166192, 43.0818368822905], [995.0397045845257, 36.068676882200066], [1000.9363427460407, 35.06679688235664]]]}, "properties": {"id": 160, "height_m": 3.0, "levels": 1, "category": "residencial", "extrude": true, "manzana_id": 84}}, {"type": "Feature", "geometry": {"type": "Polygon", "coordinates": [[[1004.8674348534846, 99.18711688222302], [1011.7468460418606, 98.07391688226517], [1013.8106693983735, 109.87383688213484], [1006.9312582099975, 111.09835688220713], [1004.8674348534846, 99.18711688222302]]]}, "properties": {"id": 161, "height_m": 3.0, "levels": 1, "category": "residencial", "extrude": true, "manzana_id": 87}}, {"type": "Feature", "geometry": {"type": "Polygon", "coordinates": [[[1006.4398716963923, 115.1058768823718], [1008.5036950529052, 114.771916882424], [1009.584745382557, 121.0058368821089], [1007.5209220260441, 121.33979688245219], [1006.4398716963923, 115.1058768823718]]]}, "properties": {"id": 162, "height_m": 3.0, "levels": 1, "category": "residencial", "extrude": true, "manzana_id": 87}}, {"type": "Feature", "geometry": {"type": "Polygon", "coordinates": [[[1006.1450397883691, 66.01375688213423], [1018.7245345326785, 63.676036882104086], [1020.9849124947729, 75.69859688220262], [1008.4054177504635, 78.1476368823472], [1006.1450397883691, 66.01375688213423]]]}, "properties": {"id": 163, "height_m": 3.0, "levels": 1, "category": "residencial", "extrude": true, "manzana_id": 86}}, {"type": "Feature", "geometry": {"type": "Polygon", "coordinates": [[[1010.8623503174413, 124.01147688243014], [1009.2899134745336, 115.32851688220518], [1020.1986940731445, 113.43607688223727], [1021.6728536136105, 122.11903688246224], [1010.8623503174413, 124.01147688243014]]]}, "properties": {"id": 164, "height_m": 3.0, "levels": 1, "category": "residencial", "extrude": true, "manzana_id": 87}}, {"type": "Feature", "geometry": {"type": "Polygon", "coordinates": [[[1011.7468460418606, 17.03295688240658], [1010.2726865013947, 8.572636882410478], [1021.4762990080287, 6.680196882442573], [1022.9504585484948, 15.029196882324243], [1011.7468460418606, 17.03295688240658]]]}, "properties": {"id": 165, "height_m": 3.0, "levels": 1, "category": "residencial", "extrude": true, "manzana_id": 82}}, {"type": "Feature", "geometry": {"type": "Polygon", "coordinates": [[[1012.53306446314, 96.96071688230731], [1017.1520976897707, 96.18147688229726], [1017.545206900585, 98.5191968823274], [1012.9261736739542, 99.29843688233746], [1012.53306446314, 96.96071688230731]]]}, "properties": {"id": 166, "height_m": 3.0, "levels": 1, "category": "residencial", "extrude": true, "manzana_id": 87}}, {"type": "Feature", "geometry": {"type": "Polygon", "coordinates": [[[1020.2969713759352, 204.49583688211206], [1024.4246180886116, 203.716596882102], [1024.6211726941935, 204.6071568822265], [1029.338483223266, 203.716596882102], [1030.1247016448942, 208.16939688232893], [1021.2797444027963, 209.83919688246345], [1020.2969713759352, 204.49583688211206]]]}, "properties": {"id": 167, "height_m": 3.0, "levels": 1, "category": "residencial", "extrude": true, "manzana_id": 91}}, {"type": "Feature", "geometry": {"type": "Polygon", "coordinates": [[[1019.412475651516, 104.41915688245999], [1019.0193664407019, 102.19275688214879], [1020.4935259811679, 101.97011688231541], [1019.7073075595393, 97.18335688214069], [1031.5005838825696, 95.17959688245384], [1032.679911514663, 102.08143688242984], [1019.412475651516, 104.41915688245999]]]}, "properties": {"id": 168, "height_m": 3.0, "levels": 1, "category": "residencial", "extrude": true, "manzana_id": 87}}, {"type": "Feature", "geometry": {"type": "Polygon", "coordinates": [[[1033.3678526335004, 192.25063688218015], [1034.645457568385, 199.37511688238502], [1024.4246180886116, 201.26755688235292], [1023.0487358509365, 194.14307688214805], [1033.3678526335004, 192.25063688218015]]]}, "properties": {"id": 169, "height_m": 3.0, "levels": 1, "category": "residencial", "extrude": true, "manzana_id": 91}}, {"type": "Feature", "geometry": {"type": "Polygon", "coordinates": [[[1023.5401223645416, 61.78359688213618], [1029.633315131289, 60.55907688245938], [1030.812642763732, 66.90431688225871], [1024.7194499969842, 68.01751688221657], [1023.5401223645416, 61.78359688213618]]]}, "properties": {"id": 170, "height_m": 3.0, "levels": 1, "category": "residencial", "extrude": true, "manzana_id": 86}}, {"type": "Feature", "geometry": {"type": "Polygon", "coordinates": [[[1032.1885250014072, 110.54175688242594], [1035.3333986872226, 109.98515688224927], [1035.628230595246, 111.6549568823838], [1032.4833569094303, 112.21155688216498], [1032.1885250014072, 110.54175688242594]]]}, "properties": {"id": 171, "height_m": 3.0, "levels": 1, "category": "residencial", "extrude": true, "manzana_id": 89}}, {"type": "Feature", "geometry": {"type": "Polygon", "coordinates": [[[1034.9402894764085, 189.91291688215], [1036.709280924898, 189.5789568822022], [1037.004112832921, 191.58271688228453], [1044.080078626879, 190.2468768824933], [1045.3576835617632, 197.26003688218825], [1038.3799950705964, 198.59587688237497], [1037.6920539517587, 194.9223168821581], [1035.9230625036184, 195.2562768821059], [1034.9402894764085, 189.91291688215]]]}, "properties": {"id": 172, "height_m": 3.0, "levels": 1, "category": "residencial", "extrude": true, "manzana_id": 91}}, {"type": "Feature", "geometry": {"type": "Polygon", "coordinates": [[[1055.6768003439781, 203.3826368821542], [1049.1904983667655, 204.49583688211206], [1048.2077253395555, 198.7071968824894], [1054.5957500146753, 197.59399688213605], [1055.6768003439781, 203.3826368821542]]]}, "properties": {"id": 173, "height_m": 3.0, "levels": 1, "category": "residencial", "extrude": true, "manzana_id": 92}}, {"type": "Feature", "geometry": {"type": "Polygon", "coordinates": [[[1071.3028914716613, 389.95495688213066], [1069.533900023521, 380.49275688229113], [1081.5237309514346, 378.2663568823755], [1083.292722399924, 387.728556882215], [1071.3028914716613, 389.95495688213066]]]}, "properties": {"id": 174, "height_m": 3.0, "levels": 1, "category": "residencial", "extrude": true, "manzana_id": 138}}, {"type": "Feature", "geometry": {"type": "Polygon", "coordinates": [[[744.432582725548, -207.61080311755236], [738.5359445640329, -206.72024311782337], [738.3393899588003, -207.7221231176668], [735.6859027862408, -207.27684311760456], [734.9979616674032, -211.84096311755042], [743.5480870011287, -213.0654831176227], [744.432582725548, -207.61080311755236]]]}, "properties": {"id": 175, "height_m": 3.0, "levels": 1, "category": "residencial", "extrude": true, "manzana_id": 75}}, {"type": "Feature", "geometry": {"type": "Polygon", "coordinates": [[[750.9188847031098, -208.61268311779128], [750.0343889786905, -214.06736311786162], [762.1224972097439, -215.95980311782952], [761.9259426041623, -217.4069631177352], [762.9087156310233, -217.51828311784962], [762.2207745121856, -221.85976311756662], [764.1863205662568, -222.08240311779548], [764.1863205662568, -221.74844311784767], [768.1174126737006, -222.30504311762886], [769.4932949113759, -213.51076311768495], [758.9776235235793, -211.84096311755042], [759.1741781288118, -210.95040311782142], [756.6189682590431, -210.50512311775918], [756.7172455618339, -209.50324311752027], [750.9188847031098, -208.61268311779128]]]}, "properties": {"id": 176, "height_m": 3.0, "levels": 1, "category": "residencial", "extrude": true, "manzana_id": 75}}, {"type": "Feature", "geometry": {"type": "Polygon", "coordinates": [[[898.9245025538903, -99.0738031175087], [904.8211407154054, -100.07568311774762], [906.393577558313, -91.17008311768927], [908.3591236120352, -91.50404311763708], [908.9487874280819, -88.60972311782575], [901.086603213194, -87.1625631175246], [900.6934940023798, -89.05500311788799], [897.7451749214476, -88.49840311771132], [896.5658472893541, -94.73232311779171], [899.612443672728, -95.28892311757289], [898.9245025538903, -99.0738031175087]]]}, "properties": {"id": 177, "height_m": 3.0, "levels": 1, "category": "residencial", "extrude": true, "manzana_id": 79}}, {"type": "Feature", "geometry": {"type": "Polygon", "coordinates": [[[907.5729051904066, -34.06292311751784], [906.7866867691273, -38.18176311779695], [912.9781568386658, -39.406283117869236], [912.5850476278515, -41.63268311778495], [925.3610969773936, -44.08172311753404], [925.5576515829752, -42.96852311757618], [924.6731558585559, -42.85720311785724], [925.6559288854168, -37.4025231177869], [907.5729051904066, -34.06292311751784]]]}, "properties": {"id": 178, "height_m": 3.0, "levels": 1, "category": "residencial", "extrude": true, "manzana_id": 81}}, {"type": "Feature", "geometry": {"type": "Polygon", "coordinates": [[[213.3420389895522, 170.5432368824087], [207.24884622280462, 166.4243968821296], [212.26098866024952, 158.74331688214355], [221.30250050758008, 164.75459688239056], [219.92661826990485, 166.86967688219184], [216.97829918932192, 164.8659168821095], [213.3420389895522, 170.5432368824087]]]}, "properties": {"id": 179, "height_m": 3.0, "levels": 1, "category": "residencial", "extrude": true, "manzana_id": 38}}, {"type": "Feature", "geometry": {"type": "Polygon", "coordinates": [[[219.92661826990485, 166.86967688219184], [216.19208076769345, 172.4356768823766], [213.3420389895522, 170.5432368824087], [216.97829918932192, 164.8659168821095], [219.92661826990485, 166.86967688219184]]]}, "properties": {"id": 180, "height_m": 6.0, "levels": 2, "category": "residencial", "extrude": true, "manzana_id": 38}}, {"type": "Feature", "geometry": {"type": "Polygon", "coordinates": [[[249.90119559038683, 126.6831568824081], [256.68232947597204, 122.34167688229562], [258.84443013492654, 125.79259688228362], [261.1048080970211, 124.34543688237795], [265.52728671807006, 131.13595688223953], [258.5495982269032, 135.58875688246644], [255.30644723829684, 130.57935688245834], [253.24262388178403, 131.91519688224957], [249.90119559038683, 126.6831568824081]]]}, "properties": {"id": 181, "height_m": 3.0, "levels": 1, "category": "residencial", "extrude": true, "manzana_id": 37}}, {"type": "Feature", "geometry": {"type": "Polygon", "coordinates": [[[189.75548634419033, 187.35255688228648], [185.43128502593217, 203.82791688221644], [156.04637152149692, 195.70155688216815], [160.7636820505693, 180.11675688236267], [189.75548634419033, 187.35255688228648]]]}, "properties": {"id": 182, "height_m": 3.0, "levels": 1, "category": "residencial", "extrude": true, "manzana_id": 39}}, {"type": "Feature", "geometry": {"type": "Polygon", "coordinates": [[[274.47052126260974, 680.2775168823716], [274.47052126260974, 676.7152768822691], [277.41884034354183, 676.7152768822691], [277.51711764598355, 679.0529968822993], [276.7308992247043, 679.2756368821326], [275.94468080307576, 679.609596882476], [274.47052126260974, 680.2775168823716]]]}, "properties": {"id": 183, "height_m": 3.0, "levels": 1, "category": "residencial", "extrude": true, "manzana_id": 40}}, {"type": "Feature", "geometry": {"type": "Polygon", "coordinates": [[[318.0073663542621, 844.4745168822856], [318.0073663542621, 849.0386368822315], [311.4227870742586, 849.0386368822315], [311.4227870742586, 844.4745168822856], [318.0073663542621, 844.4745168822856]]]}, "properties": {"id": 184, "height_m": 3.0, "levels": 1, "category": "residencial", "extrude": true, "manzana_id": 42}}, {"type": "Feature", "geometry": {"type": "Polygon", "coordinates": [[[325.0833321478707, 845.36507688241], [325.0833321478707, 849.0386368822315], [318.99013938112313, 849.0386368822315], [318.99013938112313, 845.36507688241], [325.0833321478707, 845.36507688241]]]}, "properties": {"id": 185, "height_m": 3.0, "levels": 1, "category": "residencial", "extrude": true, "manzana_id": 42}}, {"type": "Feature", "geometry": {"type": "Polygon", "coordinates": [[[325.6729959642666, 837.9066368822573], [325.96782787229, 840.0217168824541], [322.82295418612534, 840.4669968821208], [322.62639958089284, 838.3519168823195], [325.6729959642666, 837.9066368822573]]]}, "properties": {"id": 186, "height_m": 3.0, "levels": 1, "category": "residencial", "extrude": true, "manzana_id": 42}}, {"type": "Feature", "geometry": {"type": "Polygon", "coordinates": [[[328.62131504484955, 876.4233568823021], [341.7904736052057, 876.3120368821876], [341.88875090799655, 888.0006368823383], [328.7195923476404, 888.1119568824528], [328.62131504484955, 876.4233568823021]]]}, "properties": {"id": 187, "height_m": 3.0, "levels": 1, "category": "residencial", "extrude": true, "manzana_id": 44}}, {"type": "Feature", "geometry": {"type": "Polygon", "coordinates": [[[388.1773604749993, 1232.4247168824295], [401.0516871273321, 1232.2020768822006], [401.4447963381463, 1257.9169968821366], [413.2380726608273, 1257.6943568823033], [413.43462726605986, 1268.0471168822673], [407.5379891048939, 1268.1584368823817], [407.5379891048939, 1269.1603168822253], [401.6413509433789, 1269.1603168822253], [401.4447963381463, 1260.3660368822812], [388.47219238302273, 1260.699996882229], [388.1773604749993, 1232.4247168824295]]]}, "properties": {"id": 188, "height_m": 3.0, "levels": 1, "category": "residencial", "extrude": true, "manzana_id": 48}}, {"type": "Feature", "geometry": {"type": "Polygon", "coordinates": [[[410.388030882686, 818.3143168822871], [410.48630818547684, 820.7633568824317], [406.948325288498, 820.9859968822651], [406.8500479860563, 818.5369568821205], [410.388030882686, 818.3143168822871]]]}, "properties": {"id": 189, "height_m": 3.0, "levels": 1, "category": "residencial", "extrude": true, "manzana_id": 41}}, {"type": "Feature", "geometry": {"type": "Polygon", "coordinates": [[[414.810509503735, 1284.4111568824783], [414.0242910824557, 1281.5168368822715], [415.10534141175845, 1281.1828768823236], [414.1225683848974, 1277.2866768822735], [427.5865588536261, 1273.9470768823999], [429.2572729993247, 1280.848916882376], [414.810509503735, 1284.4111568824783]]]}, "properties": {"id": 190, "height_m": 3.0, "levels": 1, "category": "residencial", "extrude": true, "manzana_id": 49}}, {"type": "Feature", "geometry": {"type": "Polygon", "coordinates": [[[350.7337081500945, 1231.8681168822527], [347.9819436747441, 1233.092636882325], [340.9059778811356, 1217.2851968822906], [335.5007262332256, 1205.262636882192], [338.1542134057852, 1203.926796882401], [350.7337081500945, 1231.8681168822527]]]}, "properties": {"id": 191, "height_m": 3.0, "levels": 1, "category": "residencial", "extrude": true, "manzana_id": 47}}, {"type": "Feature", "geometry": {"type": "Polygon", "coordinates": [[[350.7337081500945, 1231.8681168822527], [338.1542134057852, 1203.926796882401], [402.3292920622165, 1174.8722768821958], [414.810509503735, 1202.7022768823285], [350.7337081500945, 1231.8681168822527]]]}, "properties": {"id": 192, "height_m": 3.0, "levels": 1, "category": "publico", "extrude": true, "manzana_id": 47}}, {"type": "Feature", "geometry": {"type": "Polygon", "coordinates": [[[421.39508878408765, 822.5444768822853], [421.88647529734357, 829.1123568823134], [365.18047164533505, 833.8991168824882], [364.6890851320792, 827.2199168823455], [421.39508878408765, 822.5444768822853]]]}, "properties": {"id": 193, "height_m": 3.0, "levels": 1, "category": "residencial", "extrude": true, "manzana_id": 41}}, {"type": "Feature", "geometry": {"type": "Polygon", "coordinates": [[[374.9099246118523, 1229.4190768821081], [372.45299204452533, 1224.1870368822667], [377.75996638964443, 1221.7379968821222], [380.11862165418063, 1227.0813568824735], [374.9099246118523, 1229.4190768821081]]]}, "properties": {"id": 194, "height_m": 3.0, "levels": 1, "category": "residencial", "extrude": true, "manzana_id": 47}}, {"type": "Feature", "geometry": {"type": "Polygon", "coordinates": [[[411.2725266071053, 817.2011168823293], [416.28466904420105, 816.9784768824959], [416.3829463469919, 820.429396882484], [411.4690812123378, 820.6520368823174], [411.2725266071053, 817.2011168823293]]]}, "properties": {"id": 195, "height_m": 3.0, "levels": 1, "category": "residencial", "extrude": true, "manzana_id": 41}}, {"type": "Feature", "geometry": {"type": "Polygon", "coordinates": [[[187.39683107965413, 940.3210368823351], [187.10199917163075, 945.4417568824576], [182.08985673418584, 945.1077968821143], [182.38468864255836, 939.9870768823872], [187.39683107965413, 940.3210368823351]]]}, "properties": {"id": 196, "height_m": 3.0, "levels": 1, "category": "residencial", "extrude": true, "manzana_id": 46}}, {"type": "Feature", "geometry": {"type": "Polygon", "coordinates": [[[218.94384524304388, 911.3778368822443], [216.2903580704843, 896.2383168821056], [244.8890531532911, 891.3402368822119], [247.44426302305985, 906.4797568823507], [218.94384524304388, 911.3778368822443]]]}, "properties": {"id": 197, "height_m": 3.0, "levels": 1, "category": "residencial", "extrude": true, "manzana_id": 45}}, {"type": "Feature", "geometry": {"type": "Polygon", "coordinates": [[[254.9133380274826, 873.6403568822096], [257.8616571080656, 874.3082768821052], [257.2719932920188, 877.0912768821977], [254.32367421143584, 876.5346768824165], [254.9133380274826, 873.6403568822096]]]}, "properties": {"id": 198, "height_m": 3.0, "levels": 1, "category": "residencial", "extrude": true, "manzana_id": 43}}, {"type": "Feature", "geometry": {"type": "Polygon", "coordinates": [[[264.34795908562734, 872.5271568822518], [297.56568739471567, 879.09503688228], [295.8949732490171, 887.7779968821095], [262.57896763713796, 881.2101168824768], [264.34795908562734, 872.5271568822518]]]}, "properties": {"id": 199, "height_m": 3.0, "levels": 1, "category": "residencial", "extrude": true, "manzana_id": 43}}, {"type": "Feature", "geometry": {"type": "Polygon", "coordinates": [[[1302.0579981874885, -526.4312831178217], [1300.9769478578366, -526.7652431177696], [1300.4855613445807, -526.9878831176029], [1297.1441330531836, -528.1010831175608], [1300.1907294365574, -542.572683117804], [1306.4804768085376, -540.680243117836], [1305.9890902949326, -539.0104431177015], [1316.1116524722638, -535.8934831176613], [1314.2443837209837, -529.548243117862], [1303.9252669387688, -532.6652031175067], [1302.0579981874885, -526.4312831178217]]]}, "properties": {"id": 200, "height_m": 3.0, "levels": 1, "category": "residencial", "extrude": true, "manzana_id": 96}}, {"type": "Feature", "geometry": {"type": "Polygon", "coordinates": [[[1342.056860382162, -539.0104431177015], [1346.4793390032112, -536.0048031177757], [1341.9585830797205, -529.1029631177997], [1314.6374929317979, -547.693403117531], [1319.3548034608702, -554.5952431175069], [1319.6496353688938, -554.3726031176736], [1342.056860382162, -539.0104431177015]]]}, "properties": {"id": 201, "height_m": 3.0, "levels": 1, "category": "residencial", "extrude": true, "manzana_id": 95}}, {"type": "Feature", "geometry": {"type": "Polygon", "coordinates": [[[1342.056860382162, -539.0104431177015], [1319.6496353688938, -554.3726031176736], [1331.6394662971563, -561.7197231177119], [1342.9413561065812, -554.1499631178402], [1342.056860382162, -539.0104431177015]]]}, "properties": {"id": 202, "height_m": 3.0, "levels": 1, "category": "residencial", "extrude": true, "manzana_id": 95}}, {"type": "Feature", "geometry": {"type": "Polygon", "coordinates": [[[1348.7397169653057, -517.3030431175346], [1345.3000113711173, -511.40308311779745], [1345.0051794630942, -511.5144031175164], [1344.7103475547217, -511.7370431177453], [1333.4084577456456, -515.7445631175144], [1335.668835707391, -522.5350831177716], [1348.7397169653057, -517.3030431175346]]]}, "properties": {"id": 203, "height_m": 3.0, "levels": 1, "category": "residencial", "extrude": true, "manzana_id": 97}}, {"type": "Feature", "geometry": {"type": "Polygon", "coordinates": [[[1311.2960646404006, -175.55064311781692], [1310.3132916135398, -181.00532311788726], [1320.2392991852896, -183.23172311780297], [1321.9100133309882, -173.99216311779682], [1317.4875347099392, -173.21292311778677], [1316.9961481963342, -176.32988311782697], [1311.2960646404006, -175.55064311781692]]]}, "properties": {"id": 204, "height_m": 3.0, "levels": 1, "category": "residencial", "extrude": true, "manzana_id": 106}}, {"type": "Feature", "geometry": {"type": "Polygon", "coordinates": [[[1235.7208188717534, -139.03768311785456], [1238.1777514390806, -125.34532311762149], [1230.8069537374486, -124.00948311783026], [1229.7259034077967, -129.57548311761954], [1231.6914494615187, -129.90944311756735], [1230.2172899214017, -138.03580311761564], [1235.7208188717534, -139.03768311785456]]]}, "properties": {"id": 205, "height_m": 3.0, "levels": 1, "category": "residencial", "extrude": true, "manzana_id": 108}}, {"type": "Feature", "geometry": {"type": "Polygon", "coordinates": [[[1232.2811132775655, -163.8620431176662], [1231.003508342681, -170.7638831176422], [1238.8656925579182, -172.21104311754786], [1240.1432974928025, -165.30920311757185], [1232.2811132775655, -163.8620431176662]]]}, "properties": {"id": 206, "height_m": 3.0, "levels": 1, "category": "residencial", "extrude": true, "manzana_id": 107}}, {"type": "Feature", "geometry": {"type": "Polygon", "coordinates": [[[1242.5019527573388, -153.95456311776442], [1234.050104726055, -152.50740311785876], [1232.182835975124, -162.86016311782276], [1240.6346840064077, -164.41864311784286], [1242.5019527573388, -153.95456311776442]]]}, "properties": {"id": 207, "height_m": 3.0, "levels": 1, "category": "residencial", "extrude": true, "manzana_id": 107}}, {"type": "Feature", "geometry": {"type": "Polygon", "coordinates": [[[1234.050104726055, -91.50404311763708], [1242.895061968153, -93.06252311765718], [1244.4674988114098, -84.3795631178277], [1235.6225415693118, -82.8210831178076], [1234.050104726055, -91.50404311763708]]]}, "properties": {"id": 208, "height_m": 3.0, "levels": 1, "category": "residencial", "extrude": true, "manzana_id": 112}}, {"type": "Feature", "geometry": {"type": "Polygon", "coordinates": [[[1239.553633676756, -175.32800311758805], [1242.0105662440828, -175.7732831176503], [1242.9933392709438, -170.207283117861], [1250.1675823673431, -171.4318031175378], [1252.1331284210653, -160.85640311774043], [1242.3053981521061, -159.07528311788695], [1241.1260705196635, -165.53184311780072], [1241.2243478224543, -165.53184311780072], [1239.553633676756, -175.32800311758805]]]}, "properties": {"id": 209, "height_m": 3.0, "levels": 1, "category": "residencial", "extrude": true, "manzana_id": 107}}, {"type": "Feature", "geometry": {"type": "Polygon", "coordinates": [[[1243.877834995014, -181.00532311788726], [1248.3003136160628, -181.89588311761625], [1248.3003136160628, -182.11852311784511], [1258.128043885022, -183.8996431176986], [1259.012539609441, -178.8902431176905], [1249.1848093404822, -177.10912311783702], [1249.283086642924, -176.55252311766034], [1246.7278767731552, -175.99592311787916], [1246.1382129571084, -179.5581631175861], [1244.1726669030372, -179.2242031176383], [1243.877834995014, -181.00532311788726]]]}, "properties": {"id": 210, "height_m": 3.0, "levels": 1, "category": "residencial", "extrude": true, "manzana_id": 107}}, {"type": "Feature", "geometry": {"type": "Polygon", "coordinates": [[[1248.0054817080395, -126.90380311764159], [1246.7278767731552, -134.02828311784646], [1256.5556070421142, -135.80940311769993], [1257.8332119769984, -128.68492311789055], [1248.0054817080395, -126.90380311764159]]]}, "properties": {"id": 211, "height_m": 3.0, "levels": 1, "category": "residencial", "extrude": true, "manzana_id": 109}}, {"type": "Feature", "geometry": {"type": "Polygon", "coordinates": [[[1270.1178748132845, -116.99632311773982], [1268.0540514567717, -128.46228311766168], [1277.292117909684, -130.1320831177962], [1277.0955633044514, -131.13396311763964], [1287.5129573894571, -133.02640311760754], [1288.6922850215508, -126.45852311757935], [1279.4542185689877, -124.7887231178403], [1278.6680001473592, -129.35284311778616], [1277.4886725149165, -129.1302031175573], [1279.5524958714293, -117.33028311768763], [1274.9334626451478, -116.43972311756315], [1274.736908039566, -117.77556311774987], [1270.1178748132845, -116.99632311773982]]]}, "properties": {"id": 212, "height_m": 3.0, "levels": 1, "category": "residencial", "extrude": true, "manzana_id": 110}}, {"type": "Feature", "geometry": {"type": "Polygon", "coordinates": [[[1286.2353524545726, 112.10023688244604], [1286.6284616650378, 114.54927688219513], [1273.754135012705, 116.88699688222528], [1273.2627484994491, 114.43795688247619], [1286.2353524545726, 112.10023688244604]]]}, "properties": {"id": 213, "height_m": 3.0, "levels": 1, "category": "residencial", "extrude": true, "manzana_id": 122}}, {"type": "Feature", "geometry": {"type": "Polygon", "coordinates": [[[1274.5403534343334, 69.13071688217443], [1273.2627484994491, 62.22887688219842], [1283.0904787684083, 60.44775688234495], [1284.3680837032925, 67.34959688232095], [1274.5403534343334, 69.13071688217443]]]}, "properties": {"id": 214, "height_m": 3.0, "levels": 1, "category": "residencial", "extrude": true, "manzana_id": 115}}, {"type": "Feature", "geometry": {"type": "Polygon", "coordinates": [[[1274.6386307371245, 122.11903688246224], [1276.8990086988697, 121.6737568824], [1276.6041767908464, 120.00395688226547], [1282.205983043989, 119.00207688242205], [1283.4835879792224, 126.46051688217923], [1277.881781725731, 127.46239688241815], [1277.4886725149165, 125.23599688210695], [1275.228294553171, 125.56995688245024], [1274.6386307371245, 122.11903688246224]]]}, "properties": {"id": 215, "height_m": 3.0, "levels": 1, "category": "residencial", "extrude": true, "manzana_id": 122}}, {"type": "Feature", "geometry": {"type": "Polygon", "coordinates": [[[1280.9283781091046, 162.30555688224598], [1280.1421596878251, 157.85275688241455], [1282.8939241628266, 157.4074768823523], [1283.6801425844549, 161.7489568824648], [1280.9283781091046, 162.30555688224598]]]}, "properties": {"id": 216, "height_m": 3.0, "levels": 1, "category": "residencial", "extrude": true, "manzana_id": 125}}, {"type": "Feature", "geometry": {"type": "Polygon", "coordinates": [[[1285.6456886381768, 131.3585968824684], [1282.697369557594, 131.91519688224957], [1282.107705741547, 128.9095568823238], [1285.0560248221302, 128.46427688226157], [1285.6456886381768, 131.3585968824684]]]}, "properties": {"id": 217, "height_m": 3.0, "levels": 1, "category": "residencial", "extrude": true, "manzana_id": 122}}, {"type": "Feature", "geometry": {"type": "Polygon", "coordinates": [[[1280.9283781091046, -116.55104311767758], [1280.0438823850345, -121.56044311768568], [1288.102621205504, -123.00760311759134], [1288.9871169299233, -117.99820311758324], [1280.9283781091046, -116.55104311767758]]]}, "properties": {"id": 218, "height_m": 3.0, "levels": 1, "category": "residencial", "extrude": true, "manzana_id": 110}}, {"type": "Feature", "geometry": {"type": "Polygon", "coordinates": [[[1285.7439659409677, 75.25331688214038], [1295.5716962099268, 73.47219688228691], [1298.2251833824864, 88.27775688247783], [1295.0803096966706, 88.83435688225902], [1293.507872853414, 79.92875688220067], [1286.8250162706195, 81.04195688215853], [1285.7439659409677, 75.25331688214038]]]}, "properties": {"id": 219, "height_m": 3.0, "levels": 1, "category": "residencial", "extrude": true, "manzana_id": 119}}, {"type": "Feature", "geometry": {"type": "Polygon", "coordinates": [[[1292.8199317345764, 114.771916882424], [1287.611234692248, 115.77379688226742], [1286.7267389678289, 110.65307688214489], [1291.9354360105062, 109.7625168824159], [1292.8199317345764, 114.771916882424]]]}, "properties": {"id": 220, "height_m": 3.0, "levels": 1, "category": "residencial", "extrude": true, "manzana_id": 122}}, {"type": "Feature", "geometry": {"type": "Polygon", "coordinates": [[[1305.3994264788857, 168.6507968824408], [1288.594007719109, 171.65643688236656], [1287.611234692248, 165.97911688246285], [1304.4166534520248, 162.86215688242265], [1305.3994264788857, 168.6507968824408]]]}, "properties": {"id": 221, "height_m": 3.0, "levels": 1, "category": "residencial", "extrude": true, "manzana_id": 126}}, {"type": "Feature", "geometry": {"type": "Polygon", "coordinates": [[[1305.9890902949326, 188.6883968824732], [1299.7976202257432, 189.80159688243106], [1299.5027883177197, 187.6865168822343], [1297.5372422636487, 188.13179688229653], [1296.456191934346, 182.56579688211175], [1299.7976202257432, 181.89787688221614], [1300.0924521337665, 183.23371688240286], [1304.809762662839, 182.4544768823928], [1305.9890902949326, 188.6883968824732]]]}, "properties": {"id": 222, "height_m": 3.0, "levels": 1, "category": "residencial", "extrude": true, "manzana_id": 128}}, {"type": "Feature", "geometry": {"type": "Polygon", "coordinates": [[[1296.6527465395784, -82.1531631175165], [1294.5889231830658, -93.50780311771942], [1304.4166534520248, -95.28892311757289], [1306.4804768085376, -83.93428311776546], [1296.6527465395784, -82.1531631175165]]]}, "properties": {"id": 223, "height_m": 3.0, "levels": 1, "category": "residencial", "extrude": true, "manzana_id": 111}}, {"type": "Feature", "geometry": {"type": "Polygon", "coordinates": [[[1309.8219050999346, -178.55628311774268], [1308.8391320730739, -178.33364311751382], [1308.7408547702828, -179.00156311780492], [1299.8958975281848, -177.44308311778482], [1299.5027883177197, -179.8921231175339], [1300.4855613445807, -180.11476311776278], [1299.0114018041147, -188.24112311781107], [1306.8735860193517, -189.5769631176023], [1308.4460228622595, -180.7826831176584], [1309.4287958891205, -181.00532311788726], [1309.8219050999346, -178.55628311774268]]]}, "properties": {"id": 224, "height_m": 3.0, "levels": 1, "category": "residencial", "extrude": true, "manzana_id": 106}}, {"type": "Feature", "geometry": {"type": "Polygon", "coordinates": [[[1312.573669575285, 62.78547688237509], [1312.8685014833084, 64.34395688239519], [1315.2271567478447, 63.89867688233295], [1316.3082070774965, 69.6873168823511], [1305.3994264788857, 71.69107688243344], [1303.728712333187, 62.896796882489525], [1306.6770314137702, 62.34019688231285], [1306.9718633221426, 63.89867688233295], [1312.573669575285, 62.78547688237509]]]}, "properties": {"id": 225, "height_m": 3.0, "levels": 1, "category": "residencial", "extrude": true, "manzana_id": 116}}, {"type": "Feature", "geometry": {"type": "Polygon", "coordinates": [[[1305.9890902949326, 189.022356882421], [1308.4460228622595, 188.57707688235877], [1308.7408547702828, 190.35819688221224], [1316.2099297747056, 189.022356882421], [1316.7013162883106, 192.1393168824612], [1306.8735860193517, 193.92043688231468], [1305.9890902949326, 189.022356882421]]]}, "properties": {"id": 226, "height_m": 3.0, "levels": 1, "category": "residencial", "extrude": true, "manzana_id": 128}}, {"type": "Feature", "geometry": {"type": "Polygon", "coordinates": [[[1321.2220722121506, 160.30179688216364], [1319.551358066452, 150.83959688232412], [1325.939382741223, 149.61507688225183], [1326.7256011625022, 154.1791968821977], [1324.2686685955246, 154.62447688225993], [1325.1531643195945, 159.63387688226803], [1321.2220722121506, 160.30179688216364]]]}, "properties": {"id": 227, "height_m": 3.0, "levels": 1, "category": "residencial", "extrude": true, "manzana_id": 124}}, {"type": "Feature", "geometry": {"type": "Polygon", "coordinates": [[[1322.3031225414531, 109.53987688218703], [1321.7134587254063, 106.31159688242789], [1329.0842564270383, 104.97575688224117], [1328.0032060977358, 99.29843688233746], [1330.5584159675043, 98.85315688227521], [1332.130852810412, 107.75875688233356], [1322.3031225414531, 109.53987688218703]]]}, "properties": {"id": 228, "height_m": 3.0, "levels": 1, "category": "residencial", "extrude": true, "manzana_id": 120}}, {"type": "Feature", "geometry": {"type": "Polygon", "coordinates": [[[1323.87555938471, 118.11151688229756], [1329.772197545876, 116.99831688233971], [1330.7549705730862, 122.89827688247229], [1324.8583324115712, 124.01147688243014], [1323.87555938471, 118.11151688229756]]]}, "properties": {"id": 229, "height_m": 3.0, "levels": 1, "category": "residencial", "extrude": true, "manzana_id": 123}}, {"type": "Feature", "geometry": {"type": "Polygon", "coordinates": [[[1328.3963153082007, 149.28111688230402], [1339.20681860437, 147.27735688222168], [1341.8603057769294, 162.0829168824126], [1334.68606268053, 163.41875688220384], [1333.0153485348314, 154.5131568821455], [1337.0447179450662, 153.84523688224988], [1336.5533314314612, 151.50751688221973], [1328.9859791245967, 152.84335688240645], [1328.3963153082007, 149.28111688230402]]]}, "properties": {"id": 230, "height_m": 3.0, "levels": 1, "category": "residencial", "extrude": true, "manzana_id": 124}}, {"type": "Feature", "geometry": {"type": "Polygon", "coordinates": [[[1427.4598364197682, -366.90972311757264], [1426.8701726037216, -371.3625231177996], [1426.7718953009305, -371.91912311758074], [1433.3564745809342, -372.9210031178196], [1434.1426930025625, -368.02292311753047], [1427.4598364197682, -366.90972311757264]]]}, "properties": {"id": 231, "height_m": 3.0, "levels": 1, "category": "residencial", "extrude": true, "manzana_id": 144}}, {"type": "Feature", "geometry": {"type": "Polygon", "coordinates": [[[1434.7323568186093, -335.5174831177328], [1431.6857604352354, -335.0722031176706], [1431.5874831327937, -335.7401231175662], [1430.8012647111652, -341.52876311758433], [1434.8306341214002, -341.86272311753214], [1434.928911424191, -341.08348311752206], [1435.2237433322143, -341.1948031176365], [1435.3220206350054, -340.1929231177931], [1434.8306341214002, -340.1929231177931], [1435.0271887269819, -338.41180311754414], [1434.5358022133767, -338.3004831178252], [1434.7323568186093, -335.5174831177328]]]}, "properties": {"id": 232, "height_m": 3.0, "levels": 1, "category": "residencial", "extrude": true, "manzana_id": 158}}, {"type": "Feature", "geometry": {"type": "Polygon", "coordinates": [[[1332.130852810412, -358.6720431178054], [1324.2686685955246, -357.4475231177331], [1321.2220722121506, -357.0022431176709], [1320.8289630013362, -357.0022431176709], [1320.927240303778, -358.11544311762873], [1321.5169041201739, -364.6833231176569], [1331.0498024811095, -366.13048311756256], [1331.246357086342, -366.13048311756256], [1332.130852810412, -358.6720431178054]]]}, "properties": {"id": 233, "height_m": 3.0, "levels": 1, "category": "residencial", "extrude": true, "manzana_id": 104}}, {"type": "Feature", "geometry": {"type": "Polygon", "coordinates": [[[1344.8086248575125, -374.81344311778753], [1346.0862297923968, -375.03608311762093], [1346.8724482140253, -369.80404311777943], [1345.3982886735591, -369.692723117665], [1332.3274074159938, -368.1342431176449], [1331.7377435999472, -375.2587231178498], [1339.20681860437, -376.2606031176932], [1340.2878689336726, -376.3719231178077], [1340.5827008420451, -374.5908031175587], [1344.8086248575125, -374.81344311778753]]]}, "properties": {"id": 234, "height_m": 3.0, "levels": 1, "category": "residencial", "extrude": true, "manzana_id": 104}}, {"type": "Feature", "geometry": {"type": "Polygon", "coordinates": [[[1349.525935386585, -377.7077631175989], [1350.1155992029808, -377.8190831177133], [1351.7863133486792, -366.13048311756256], [1351.1966495322833, -366.0191631178436], [1350.3121538082132, -365.9078431177292], [1349.3293807813523, -365.7965231176148], [1348.936271570538, -368.57952311770714], [1347.0690028196068, -368.3568831178738], [1346.0862297923968, -375.03608311762093], [1345.7913978843735, -377.1511631178177], [1348.1500531489096, -377.4851231177655], [1348.8379942677473, -377.59644311787997], [1349.525935386585, -377.7077631175989]]]}, "properties": {"id": 235, "height_m": 3.0, "levels": 1, "category": "residencial", "extrude": true, "manzana_id": 104}}, {"type": "Feature", "geometry": {"type": "Polygon", "coordinates": [[[1338.0274909719274, -359.4512831178155], [1332.4256847187849, -358.6720431178054], [1332.130852810412, -358.6720431178054], [1331.246357086342, -366.13048311756256], [1336.9464406422755, -367.0210431176871], [1338.0274909719274, -359.4512831178155]]]}, "properties": {"id": 236, "height_m": 3.0, "levels": 1, "category": "residencial", "extrude": true, "manzana_id": 104}}, {"type": "Feature", "geometry": {"type": "Polygon", "coordinates": [[[995.1379818873165, -241.67472311776564], [992.0913855039428, -241.34076311781783], [991.894830898361, -243.23320311778573], [994.8431499792931, -243.67848311784797], [995.1379818873165, -241.67472311776564]]]}, "properties": {"id": 237, "height_m": 3.0, "levels": 1, "category": "residencial", "extrude": true, "manzana_id": 71}}, {"type": "Feature", "geometry": {"type": "Polygon", "coordinates": [[[1002.4105022861575, -232.54648311787392], [997.5949144542943, -231.87856311758281], [995.9242003085958, -243.90112311768135], [1000.6415108376682, -244.56904311757697], [1002.4105022861575, -232.54648311787392]]]}, "properties": {"id": 238, "height_m": 3.0, "levels": 1, "category": "residencial", "extrude": true, "manzana_id": 71}}, {"type": "Feature", "geometry": {"type": "Polygon", "coordinates": [[[1010.1744091986038, -217.62960311756856], [1003.7863845238328, -216.73904311783957], [1001.5260065620874, -229.9861231176149], [1007.8157539340675, -230.98800311785382], [1010.1744091986038, -217.62960311756856]]]}, "properties": {"id": 239, "height_m": 3.0, "levels": 1, "category": "residencial", "extrude": true, "manzana_id": 71}}, {"type": "Feature", "geometry": {"type": "Polygon", "coordinates": [[[1007.2260901180209, -235.8860831177475], [1006.8329809072065, -238.1124831176632], [1007.9140312368585, -238.33512311789207], [1008.3071404476727, -236.10872311758087], [1007.2260901180209, -235.8860831177475]]]}, "properties": {"id": 240, "height_m": 3.0, "levels": 1, "category": "residencial", "extrude": true, "manzana_id": 71}}, {"type": "Feature", "geometry": {"type": "Polygon", "coordinates": [[[1019.903862165121, -233.21440311776954], [1016.4641565709331, -232.7691231177073], [1018.9210891382602, -218.85412311764085], [1010.3709638041854, -217.62960311756856], [1007.4226447232534, -234.3276031177274], [1008.6019723556959, -234.55024311756077], [1008.7002496584869, -233.88232311766515], [1009.6830226853477, -233.99364311777958], [1008.8968042637193, -238.55776311772544], [1018.7245345326785, -239.89360311751668], [1019.1176437434926, -237.88984311782983], [1019.903862165121, -233.21440311776954]]]}, "properties": {"id": 241, "height_m": 3.0, "levels": 1, "category": "residencial", "extrude": true, "manzana_id": 71}}, {"type": "Feature", "geometry": {"type": "Polygon", "coordinates": [[[1007.7174766316259, -245.68224311753482], [1017.446929597794, -247.01808311772155], [1018.5279799274458, -241.00680311787002], [1008.7002496584869, -239.55964311756887], [1007.7174766316259, -245.68224311753482]]]}, "properties": {"id": 242, "height_m": 3.0, "levels": 1, "category": "residencial", "extrude": true, "manzana_id": 71}}, {"type": "Feature", "geometry": {"type": "Polygon", "coordinates": [[[1019.903862165121, -233.21440311776954], [1019.1176437434926, -237.88984311782983], [1024.4246180886116, -238.66908311783988], [1025.2108365102401, -233.99364311777958], [1019.903862165121, -233.21440311776954]]]}, "properties": {"id": 243, "height_m": 3.0, "levels": 1, "category": "residencial", "extrude": true, "manzana_id": 71}}, {"type": "Feature", "geometry": {"type": "Polygon", "coordinates": [[[1069.7304546287535, -226.2012431176791], [1056.75785067363, -224.3088031177112], [1054.5957500146753, -237.66720311760096], [1064.521757586076, -239.11436311750663], [1066.1924717317747, -228.4276431175948], [1069.2390681151485, -228.76160311754262], [1069.3373454179393, -228.31632311787587], [1069.7304546287535, -226.2012431176791]]]}, "properties": {"id": 244, "height_m": 3.0, "levels": 1, "category": "residencial", "extrude": true, "manzana_id": 73}}, {"type": "Feature", "geometry": {"type": "Polygon", "coordinates": [[[1140.9814990787934, -624.615523117506], [1149.629901715659, -623.1683631176003], [1142.3573813164687, -585.3195631178467], [1123.3898618973883, -588.3252031177724], [1111.4000309691257, -590.3289631178548], [1117.591501038664, -628.845683117504], [1125.9450717675063, -626.7306031177027], [1126.534735583553, -626.7306031177027], [1121.129483935643, -599.3458831176321], [1135.4779701280925, -596.5628831175397], [1140.9814990787934, -624.615523117506]]]}, "properties": {"id": 245, "height_m": 3.0, "levels": 1, "category": "residencial", "extrude": true, "manzana_id": null}}, {"type": "Feature", "geometry": {"type": "Polygon", "coordinates": [[[1299.4045110149289, -445.2790031178488], [1299.2079564093472, -441.9394031175797], [1296.6527465395784, -443.2752431177664], [1296.7510238423695, -445.39032311756773], [1299.4045110149289, -445.2790031178488]]]}, "properties": {"id": 246, "height_m": 3.0, "levels": 1, "category": "residencial", "extrude": true, "manzana_id": 102}}, {"type": "Feature", "geometry": {"type": "Polygon", "coordinates": [[[1299.4045110149289, -445.2790031178488], [1296.7510238423695, -445.39032311756773], [1297.1441330531836, -451.51292311753366], [1299.6993429229524, -451.29028311770026], [1299.4045110149289, -445.2790031178488]]]}, "properties": {"id": 247, "height_m": 3.0, "levels": 1, "category": "residencial", "extrude": true, "manzana_id": 102}}, {"type": "Feature", "geometry": {"type": "Polygon", "coordinates": [[[1304.9080399656298, -445.05636311761987], [1299.4045110149289, -445.2790031178488], [1299.6993429229524, -451.29028311770026], [1309.0356866783063, -450.84500311763804], [1313.3598879969136, -446.0582431178588], [1313.06505608889, -440.04696311761177], [1307.0701406245844, -440.38092311755963], [1307.168417927375, -442.49600311775635], [1307.2666952301659, -443.16392311765196], [1307.2666952301659, -443.8318431175476], [1306.283922203305, -444.94504311750546], [1305.4977037816764, -444.94504311750546], [1304.9080399656298, -445.05636311761987]]]}, "properties": {"id": 248, "height_m": 6.0, "levels": 2, "category": "residencial", "extrude": true, "manzana_id": 102}}, {"type": "Feature", "geometry": {"type": "Polygon", "coordinates": [[[1306.5787541113284, -442.49600311775635], [1306.3821995057467, -442.49600311775635], [1304.809762662839, -444.1658031178909], [1304.9080399656298, -445.05636311761987], [1305.4977037816764, -444.94504311750546], [1306.5787541113284, -443.8318431175476], [1306.5787541113284, -442.49600311775635]]]}, "properties": {"id": 249, "height_m": 3.0, "levels": 1, "category": "residencial", "extrude": true, "manzana_id": 102}}, {"type": "Feature", "geometry": {"type": "Polygon", "coordinates": [[[1305.4977037816764, -444.94504311750546], [1306.283922203305, -444.94504311750546], [1307.2666952301659, -443.8318431175476], [1307.2666952301659, -443.16392311765196], [1306.5787541113284, -443.8318431175476], [1305.4977037816764, -444.94504311750546]]]}, "properties": {"id": 250, "height_m": 6.0, "levels": 2, "category": "residencial", "extrude": true, "manzana_id": 102}}, {"type": "Feature", "geometry": {"type": "Polygon", "coordinates": [[[1313.06505608889, -440.04696311761177], [1312.9667787860994, -437.5979231178627], [1306.9718633221426, -437.9318831178105], [1307.0701406245844, -440.38092311755963], [1313.06505608889, -440.04696311761177]]]}, "properties": {"id": 252, "height_m": 3.0, "levels": 1, "category": "residencial", "extrude": true, "manzana_id": 102}}, {"type": "Feature", "geometry": {"type": "Polygon", "coordinates": [[[1313.2616106941227, -428.3583631178566], [1313.4581652993552, -431.0300431178345], [1317.5858120123808, -430.6960831178867], [1317.7823666179627, -430.6960831178867], [1317.5858120123808, -427.9130831177943], [1317.3892574071483, -427.9130831177943], [1313.7529972077277, -428.2470431177421], [1313.2616106941227, -428.2470431177421], [1313.2616106941227, -428.3583631178566]]]}, "properties": {"id": 253, "height_m": 3.0, "levels": 1, "category": "residencial", "extrude": true, "manzana_id": 101}}, {"type": "Feature", "geometry": {"type": "Polygon", "coordinates": [[[1296.1613600259734, -426.24328311765976], [1295.4734189071357, -419.34144311768375], [1290.559553772831, -419.786723117746], [1291.1492175888777, -426.79988311783643], [1296.1613600259734, -426.24328311765976]]]}, "properties": {"id": 254, "height_m": 3.0, "levels": 1, "category": "residencial", "extrude": true, "manzana_id": 100}}, {"type": "Feature", "geometry": {"type": "Polygon", "coordinates": [[[1316.7013162883106, -418.56220311767373], [1303.6304350303963, -419.56408311751716], [1303.826989635978, -423.12632311761956], [1316.9961481963342, -422.01312311766173], [1316.7013162883106, -418.56220311767373]]]}, "properties": {"id": 255, "height_m": 3.0, "levels": 1, "category": "residencial", "extrude": true, "manzana_id": 101}}, {"type": "Feature", "geometry": {"type": "Polygon", "coordinates": [[[1294.7854777882983, -411.21508311763546], [1289.8716126539932, -411.6603631176977], [1290.559553772831, -419.786723117746], [1295.4734189071357, -419.34144311768375], [1298.6182925933006, -419.1188031178504], [1298.9131245013239, -419.007483117736], [1298.2251833824864, -410.9924431178021], [1294.7854777882983, -411.21508311763546]]]}, "properties": {"id": 256, "height_m": 3.0, "levels": 1, "category": "residencial", "extrude": true, "manzana_id": 100}}, {"type": "Feature", "geometry": {"type": "Polygon", "coordinates": [[[1296.456191934346, -429.6942031176478], [1296.1613600259734, -426.24328311765976], [1291.1492175888777, -426.79988311783643], [1291.1492175888777, -427.02252311766983], [1291.3457721944594, -429.1376031178666], [1291.444049496901, -430.02816311759557], [1296.456191934346, -429.6942031176478]]]}, "properties": {"id": 257, "height_m": 3.0, "levels": 1, "category": "residencial", "extrude": true, "manzana_id": 100}}, {"type": "Feature", "geometry": {"type": "Polygon", "coordinates": [[[1296.1613600259734, -409.32264311766755], [1296.1613600259734, -409.5452831178965], [1300.9769478578366, -409.1000031178342], [1300.7803932526042, -406.3170031177418], [1300.5838386470225, -406.3170031177418], [1297.832074171672, -406.5396431175752], [1295.964805420741, -406.76228311780403], [1296.1613600259734, -409.32264311766755]]]}, "properties": {"id": 258, "height_m": 3.0, "levels": 1, "category": "residencial", "extrude": true, "manzana_id": 100}}, {"type": "Feature", "geometry": {"type": "Polygon", "coordinates": [[[1425.5925676684878, -419.786723117746], [1423.9218535227894, -433.3677631178647], [1428.4426094466291, -434.0356831177603], [1428.7374413546527, -431.4753231178968], [1435.8134071482611, -432.36588311762574], [1436.7961801751221, -424.6848031176397], [1431.5874831327937, -424.0168831177441], [1431.9805923436081, -420.6772831178705], [1425.5925676684878, -419.786723117746]]]}, "properties": {"id": 259, "height_m": 3.0, "levels": 1, "category": "residencial", "extrude": true, "manzana_id": 157}}, {"type": "Feature", "geometry": {"type": "Polygon", "coordinates": [[[1419.106265690926, -443.8318431175476], [1422.0545847718583, -444.1658031178909], [1422.9390804959285, -437.1526431178005], [1419.9907614153453, -436.81868311785263], [1419.106265690926, -443.8318431175476]]]}, "properties": {"id": 260, "height_m": 3.0, "levels": 1, "category": "residencial", "extrude": true, "manzana_id": 157}}, {"type": "Feature", "geometry": {"type": "Polygon", "coordinates": [[[1044.8662970481582, 57.887396882481426], [1058.4285648193284, 55.660996882170224], [1060.3941108733995, 55.327036882222416], [1061.671715808284, 62.67415688226066], [1057.4457917924676, 63.34207688215628], [1057.249237187235, 62.56283688214623], [1048.6008345503697, 64.00999688244738], [1048.8956664583927, 65.90243688241529], [1046.438733891415, 66.34771688247753], [1046.3404565886242, 65.34583688223861], [1044.8662970481582, 57.887396882481426]]]}, "properties": {"id": 261, "height_m": 3.0, "levels": 1, "category": "residencial", "extrude": true, "manzana_id": 85}}, {"type": "Feature", "geometry": {"type": "Polygon", "coordinates": [[[1048.8956664583927, 56.217596882346896], [1047.1266750102527, 46.42143688216407], [1047.912893431532, 46.1987968823307], [1055.9716322523507, 44.862956882143976], [1057.8389010032818, 54.77043688244123], [1049.780162182812, 56.106276882232464], [1048.8956664583927, 56.217596882346896]]]}, "properties": {"id": 262, "height_m": 3.0, "levels": 1, "category": "residencial", "extrude": true, "manzana_id": 85}}, {"type": "Feature", "geometry": {"type": "Polygon", "coordinates": [[[1053.6129769878146, 115.66247688215299], [1052.6302039606044, 109.98515688224927], [1051.9422628417667, 106.42291688214684], [1061.7699931107256, 104.7531168824078], [1063.4407072567733, 113.77003688218508], [1053.6129769878146, 115.66247688215299]]]}, "properties": {"id": 263, "height_m": 3.0, "levels": 1, "category": "residencial", "extrude": true, "manzana_id": 88}}, {"type": "Feature", "geometry": {"type": "Polygon", "coordinates": [[[1060.1975562678178, 129.02087688243824], [1057.249237187235, 129.466156882105], [1056.1681868575831, 123.5661968823679], [1059.116505938166, 123.00959688219123], [1060.1975562678178, 129.02087688243824]]]}, "properties": {"id": 264, "height_m": 3.0, "levels": 1, "category": "residencial", "extrude": true, "manzana_id": 90}}, {"type": "Feature", "geometry": {"type": "Polygon", "coordinates": [[[1070.025286536777, 47.868596882465226], [1070.9097822611961, 52.432716882411086], [1063.7355391647968, 53.76855688220232], [1062.4579342295633, 53.99119688243118], [1060.0992789650272, 54.32515688237899], [1059.3130605437477, 49.872356882152076], [1061.5734385054932, 49.42707688248532], [1059.8044470570037, 39.74223688241693], [1057.4457917924676, 40.18751688247917], [1057.0526825816535, 37.96111688216797], [1059.4113378461896, 37.51583688210573], [1067.8631858778224, 36.068676882200066], [1068.059740483055, 37.07055688243898], [1069.9270092339862, 47.423316882402986], [1070.025286536777, 47.868596882465226]]]}, "properties": {"id": 265, "height_m": 3.0, "levels": 1, "category": "residencial", "extrude": true, "manzana_id": 85}}, {"type": "Feature", "geometry": {"type": "Polygon", "coordinates": [[[1067.5683539694498, 127.68503688225152], [1064.620034888867, 128.2416368824282], [1063.5389845592151, 122.23035688218118], [1066.487303640147, 121.78507688211894], [1067.5683539694498, 127.68503688225152]]]}, "properties": {"id": 266, "height_m": 3.0, "levels": 1, "category": "residencial", "extrude": true, "manzana_id": 90}}, {"type": "Feature", "geometry": {"type": "Polygon", "coordinates": [[[1068.3545723910784, 132.13783688247844], [1069.1407908127069, 136.0340368821332], [1066.1924717317747, 136.59063688230987], [1065.4062533104955, 132.69443688225962], [1068.3545723910784, 132.13783688247844]]]}, "properties": {"id": 267, "height_m": 3.0, "levels": 1, "category": "residencial", "extrude": true, "manzana_id": 90}}, {"type": "Feature", "geometry": {"type": "Polygon", "coordinates": [[[1080.737512530155, 168.53947688232637], [1081.0323444381786, 170.09795688234647], [1082.2116720702722, 176.109236882198], [1083.6858316107382, 184.0129568824129], [1080.737512530155, 184.45823688247515], [1071.892555288057, 186.1280368822142], [1071.3028914716613, 186.1280368822142], [1069.9270092339862, 179.11487688212375], [1070.516673050382, 179.0035568824048], [1071.499446077243, 178.78091688217594], [1075.4305381846868, 178.11299688228033], [1075.3322608822452, 177.22243688215585], [1073.858101341779, 169.76399688239866], [1078.0840253572467, 168.9847568823886], [1080.737512530155, 168.53947688232637]]]}, "properties": {"id": 268, "height_m": 3.0, "levels": 1, "category": "residencial", "extrude": true, "manzana_id": 127}}, {"type": "Feature", "geometry": {"type": "Polygon", "coordinates": [[[1072.0891098932898, 203.82791688221644], [1088.206587534578, 201.04491688212406], [1088.206587534578, 201.04491688212406], [1088.5014194426014, 201.04491688212406], [1092.5307888528362, 200.265676882114], [1094.2997803013257, 199.9317168821662], [1094.594612209349, 199.9317168821662], [1102.8499056354, 198.48455688226053], [1103.4395694514471, 201.60151688230073], [1105.6016701104013, 212.84483688238922], [1074.7425970658494, 218.18819688234512], [1072.0891098932898, 203.82791688221644]]]}, "properties": {"id": 269, "height_m": 3.0, "levels": 1, "category": "residencial", "extrude": true, "manzana_id": 129}}, {"type": "Feature", "geometry": {"type": "Polygon", "coordinates": [[[1114.0535181420346, 11.800916882169616], [1099.508477343654, 14.361276882428626], [1099.8033092520263, 16.1423968822821], [1099.8033092520263, 16.58767688234434], [1084.3737727295759, 19.259356882322294], [1084.2754954267848, 18.925396882374486], [1083.9806635187615, 17.144276882125524], [1079.36163029248, 17.923516882135573], [1079.263352989689, 17.47823688246882], [1077.7891934492231, 9.685836882368335], [1101.9654099109807, 5.344356882255852], [1101.1791914893524, 0.7802368823099926], [1100.2946957652823, -3.895203117750299], [1103.4395694514471, -4.563123117645915], [1101.86713260819, -12.68948311769421], [1106.5844431376115, -13.58004311781869], [1108.9430984021478, -1.0008831175434807], [1106.289611229239, -0.5556031178767284], [1106.289611229239, -0.22164311753343213], [1107.1741069536583, 4.453796882131371], [1110.810367153079, 3.897196882350187], [1112.4810812987776, 3.4519168822879465], [1114.0535181420346, 11.355636882107376], [1114.0535181420346, 11.800916882169616]]]}, "properties": {"id": 270, "height_m": 3.0, "levels": 1, "category": "residencial", "extrude": true, "manzana_id": 113}}, {"type": "Feature", "geometry": {"type": "Polygon", "coordinates": [[[1095.6756625390008, 223.86551688224884], [1095.970494447024, 225.42399688226894], [1085.749654967251, 227.31643688223684], [1084.3737727295759, 219.85799688247965], [1094.594612209349, 217.96555688211626], [1094.3980576037673, 217.40895688233508], [1096.8549901710944, 216.96367688227284], [1097.0515447766759, 217.96555688211626], [1094.6928895121398, 218.4108368821785], [1095.085998722605, 220.85987688232308], [1095.6756625390008, 223.86551688224884]]]}, "properties": {"id": 271, "height_m": 3.0, "levels": 1, "category": "residencial", "extrude": true, "manzana_id": 129}}, {"type": "Feature", "geometry": {"type": "Polygon", "coordinates": [[[1090.1721335883, 174.66207688229233], [1090.5652427991142, 176.88847688220804], [1084.6686046375992, 177.89035688244695], [1084.2754954267848, 175.66395688213575], [1090.1721335883, 174.66207688229233]]]}, "properties": {"id": 272, "height_m": 3.0, "levels": 1, "category": "residencial", "extrude": true, "manzana_id": 127}}, {"type": "Feature", "geometry": {"type": "Polygon", "coordinates": [[[1086.8307052969028, 293.5518368823], [1086.3393187832978, 291.1027968821554], [1092.0394023392312, 290.100916882312], [1092.5307888528362, 292.54995688245657], [1086.8307052969028, 293.5518368823]]]}, "properties": {"id": 273, "height_m": 3.0, "levels": 1, "category": "residencial", "extrude": true, "manzana_id": 132}}, {"type": "Feature", "geometry": {"type": "Polygon", "coordinates": [[[1090.9583520099284, 179.11487688212375], [1091.3514612203935, 181.34127688243495], [1085.4548230592277, 182.34315688227838], [1085.0617138484133, 180.11675688236267], [1090.9583520099284, 179.11487688212375]]]}, "properties": {"id": 274, "height_m": 3.0, "levels": 1, "category": "residencial", "extrude": true, "manzana_id": 127}}, {"type": "Feature", "geometry": {"type": "Polygon", "coordinates": [[[1095.2825533281864, 73.91747688234915], [1094.7911668145814, 71.2457968823712], [1101.0809141869108, 70.13259688241334], [1101.5723007001666, 72.80427688239129], [1095.2825533281864, 73.91747688234915]]]}, "properties": {"id": 275, "height_m": 3.0, "levels": 1, "category": "residencial", "extrude": true, "manzana_id": 117}}, {"type": "Feature", "geometry": {"type": "Polygon", "coordinates": [[[1106.1913339267974, 307.0215568823042], [1110.810367153079, 306.2423168822942], [1111.7931401799399, 306.0196768824608], [1112.7759132068009, 311.6969968823645], [1111.7931401799399, 311.80831688247895], [1107.1741069536583, 312.58755688248897], [1107.0758296508675, 312.6988768822079], [1106.1913339267974, 307.0215568823042]]]}, "properties": {"id": 276, "height_m": 3.0, "levels": 1, "category": "residencial", "extrude": true, "manzana_id": 133}}, {"type": "Feature", "geometry": {"type": "Polygon", "coordinates": [[[1121.6208704488988, 52.432716882411086], [1117.3949464334314, 53.211956882421134], [1114.250072747267, 36.1799968823145], [1105.6999474131924, 37.738476882334595], [1102.8499056354, 22.04235688241468], [1115.6259549849422, 19.815956882103478], [1118.4759967630835, 35.40075688230445], [1118.5742740655253, 36.1799968823145], [1121.6208704488988, 52.432716882411086]]]}, "properties": {"id": 277, "height_m": 3.0, "levels": 1, "category": "residencial", "extrude": true, "manzana_id": 114}}, {"type": "Feature", "geometry": {"type": "Polygon", "coordinates": [[[1116.2156188009888, 294.5537168821434], [1121.6208704488988, 293.5518368823], [1122.8001980813415, 300.0083968822138], [1117.3949464334314, 301.0102768824527], [1116.9035599198264, 301.0102768824527], [1111.0069217586606, 302.1234768824105], [1108.844821099357, 290.4348768822598], [1114.7414592608718, 289.4329968824164], [1115.724232287733, 294.6650368822578], [1116.2156188009888, 294.5537168821434]]]}, "properties": {"id": 278, "height_m": 3.0, "levels": 1, "category": "residencial", "extrude": true, "manzana_id": 133}}, {"type": "Feature", "geometry": {"type": "Polygon", "coordinates": [[[1111.5965855747074, 263.272796882418], [1109.4344849154038, 250.91627688237168], [1113.5621316284294, 250.24835688247606], [1115.8225095901746, 262.493556882408], [1111.694862877149, 263.1614768823036], [1111.5965855747074, 263.272796882418]]]}, "properties": {"id": 279, "height_m": 3.0, "levels": 1, "category": "residencial", "extrude": true, "manzana_id": 130}}, {"type": "Feature", "geometry": {"type": "Polygon", "coordinates": [[[1119.4587697899444, 322.6063568821097], [1123.8812484109933, 321.7157968823807], [1124.7657441350634, 326.1685968822121], [1120.3432655140143, 327.0591568823366], [1121.6208704488988, 333.9609968823126], [1113.5621316284294, 335.40815688221824], [1113.4638543256385, 334.8515568824371], [1113.2672997204058, 333.8496768821982], [1112.8741905095917, 331.84591688211583], [1111.4000309691257, 323.9421968822964], [1115.3311230769189, 323.2742768824008], [1115.6259549849422, 323.2742768824008], [1119.4587697899444, 322.6063568821097]]]}, "properties": {"id": 280, "height_m": 3.0, "levels": 1, "category": "residencial", "extrude": true, "manzana_id": 137}}, {"type": "Feature", "geometry": {"type": "Polygon", "coordinates": [[[1111.8914174827307, 138.48307688227777], [1110.712089850288, 131.91519688224957], [1116.0190641957563, 131.0246368821251], [1117.19839182785, 137.48119688243435], [1111.8914174827307, 138.48307688227777]]]}, "properties": {"id": 281, "height_m": 3.0, "levels": 1, "category": "residencial", "extrude": true, "manzana_id": 121}}, {"type": "Feature", "geometry": {"type": "Polygon", "coordinates": [[[1135.28141552286, 125.79259688228362], [1115.724232287733, 129.1321968821572], [1114.3483500500577, 121.0058368821089], [1121.5225931464572, 119.7813168824321], [1127.9106178212282, 118.66811688247424], [1133.807255982394, 117.55491688212089], [1135.28141552286, 125.79259688228362]]]}, "properties": {"id": 282, "height_m": 3.0, "levels": 1, "category": "residencial", "extrude": true, "manzana_id": 121}}, {"type": "Feature", "geometry": {"type": "Polygon", "coordinates": [[[1127.0261220968089, 113.65871688246614], [1127.1243993995997, 114.66059688230956], [1120.736374724829, 115.77379688226742], [1120.539820119247, 114.771916882424], [1118.672551368316, 104.41915688245999], [1125.060576043087, 103.30595688210664], [1127.0261220968089, 113.65871688246614]]]}, "properties": {"id": 283, "height_m": 3.0, "levels": 1, "category": "residencial", "extrude": true, "manzana_id": 121}}, {"type": "Feature", "geometry": {"type": "Polygon", "coordinates": [[[1121.915702356922, 73.80615688223472], [1122.7019207785509, 77.92499688211834], [1120.2449882112237, 78.37027688218058], [1119.557047092386, 74.25143688229696], [1121.915702356922, 73.80615688223472]]]}, "properties": {"id": 284, "height_m": 3.0, "levels": 1, "category": "residencial", "extrude": true, "manzana_id": 118}}, {"type": "Feature", "geometry": {"type": "Polygon", "coordinates": [[[1126.7312901887856, 271.9557568822475], [1132.7262056530913, 270.8425568822896], [1133.414146771929, 274.4047968823921], [1140.784944473561, 273.0689568822054], [1141.276330986817, 276.29723688236], [1137.0504069713495, 276.9651568822556], [1128.0088951236698, 278.5236368822757], [1127.7140632156463, 277.07647688237], [1126.7312901887856, 271.9557568822475]]]}, "properties": {"id": 285, "height_m": 3.0, "levels": 1, "category": "residencial", "extrude": true, "manzana_id": 131}}, {"type": "Feature", "geometry": {"type": "Polygon", "coordinates": [[[1130.8589369018111, 293.8857968822478], [1129.2865000589034, 285.53679688236616], [1128.7951135452981, 282.9764368821071], [1133.1193148635564, 282.19719688249256], [1135.1831382200692, 293.1065568822378], [1130.8589369018111, 293.8857968822478]]]}, "properties": {"id": 286, "height_m": 3.0, "levels": 1, "category": "residencial", "extrude": true, "manzana_id": 131}}, {"type": "Feature", "geometry": {"type": "Polygon", "coordinates": [[[1134.7900290096043, 315.1479168823525], [1134.7900290096043, 314.9252768821236], [1132.431373744719, 302.45743688235837], [1143.9298181597255, 300.56499688239046], [1144.0280954621671, 300.453676882276], [1144.5194819757724, 303.0140368821395], [1141.5711628951894, 303.5706368823162], [1143.4384316461205, 313.47811688221793], [1134.7900290096043, 315.1479168823525]]]}, "properties": {"id": 287, "height_m": 3.0, "levels": 1, "category": "residencial", "extrude": true, "manzana_id": 134}}, {"type": "Feature", "geometry": {"type": "Polygon", "coordinates": [[[1153.1678846122886, 337.7458768822484], [1153.6592711258938, 340.7515168821742], [1145.7970869106566, 342.0873568823609], [1145.3057003974006, 339.0817168824351], [1144.617759278563, 335.0741968822705], [1145.5022550026333, 334.962876882156], [1151.693725072172, 333.8496768821982], [1152.479943493451, 333.73835688247925], [1153.1678846122886, 337.7458768822484]]]}, "properties": {"id": 288, "height_m": 3.0, "levels": 1, "category": "residencial", "extrude": true, "manzana_id": 135}}, {"type": "Feature", "geometry": {"type": "Polygon", "coordinates": [[[1153.9541030339171, 333.51571688225033], [1159.6541865898505, 332.51383688240696], [1160.1455731034555, 335.40815688221824], [1154.4454895475221, 336.4100368824572], [1153.9541030339171, 333.51571688225033]]]}, "properties": {"id": 289, "height_m": 3.0, "levels": 1, "category": "residencial", "extrude": true, "manzana_id": 135}}, {"type": "Feature", "geometry": {"type": "Polygon", "coordinates": [[[1171.0543537020662, 322.8289968823385], [1172.0371267289274, 328.2836768824089], [1167.319816199855, 329.0629168824189], [1161.6197326439215, 330.0647968822624], [1160.833514222293, 330.1761168823768], [1159.8507411954322, 324.7214368823064], [1171.0543537020662, 322.8289968823385]]]}, "properties": {"id": 290, "height_m": 3.0, "levels": 1, "category": "residencial", "extrude": true, "manzana_id": 136}}, {"type": "Feature", "geometry": {"type": "Polygon", "coordinates": [[[1029.829869736871, -88.05312311764908], [1030.3212562501267, -88.16444311776351], [1031.4023065797785, -81.59656311773531], [1031.4023065797785, -81.59656311773531], [1021.4762990080287, -80.14940311782965], [1020.1986940731445, -86.49464311762898], [1029.829869736871, -88.05312311764908]]]}, "properties": {"id": 291, "height_m": 3.0, "levels": 1, "category": "residencial", "extrude": true, "manzana_id": 80}}, {"type": "Feature", "geometry": {"type": "Polygon", "coordinates": [[[1038.7731042814105, -90.50216311779366], [1037.8886085573404, -95.17760311785395], [1044.2766332321114, -96.17948311769737], [1044.964574350949, -91.50404311763708], [1045.94734737781, -85.49276311778556], [1035.628230595246, -83.7116431175366], [1034.5471802659433, -89.72292311778361], [1038.7731042814105, -90.50216311779366]]]}, "properties": {"id": 292, "height_m": 3.0, "levels": 1, "category": "residencial", "extrude": true, "manzana_id": 80}}, {"type": "Feature", "geometry": {"type": "Polygon", "coordinates": [[[822.8578702719873, -227.87104311781363], [834.1597600814123, -229.9861231176149], [835.8304742271108, -221.08052311755657], [824.5285844176858, -218.96544311775529], [822.8578702719873, -227.87104311781363]]]}, "properties": {"id": 293, "height_m": 3.0, "levels": 1, "category": "residencial", "extrude": true, "manzana_id": 74}}, {"type": "Feature", "geometry": {"type": "Polygon", "coordinates": [[[836.6166926483902, -140.7074831175936], [853.3238341057252, -143.8244431176338], [853.913497921772, -140.7074831175936], [847.1323640361868, -139.4829631175213], [848.6065235766528, -131.46792311758745], [855.387657462238, -132.69244311765974], [855.0928255542145, -134.25092311767983], [857.9428673323558, -134.8075231178565], [857.3532035159599, -137.9244831178967], [871.2103031955029, -140.48484311776022], [871.7999670115496, -137.14524311788665], [866.689547271663, -136.25468311776217], [867.2792110877098, -133.13772311772198], [838.9753479129263, -127.9056831178805], [836.6166926483902, -140.7074831175936]]]}, "properties": {"id": 294, "height_m": 3.0, "levels": 1, "category": "residencial", "extrude": true, "manzana_id": 76}}, {"type": "Feature", "geometry": {"type": "Polygon", "coordinates": [[[836.5184153459485, -219.9673231175987], [836.4201380431576, -220.63524311788981], [837.1080791619952, -220.74656311760876], [836.8132472539718, -222.30504311762886], [842.6116081126961, -223.30692311786777], [843.0047173235102, -221.191843117671], [836.5184153459485, -219.9673231175987]]]}, "properties": {"id": 295, "height_m": 3.0, "levels": 1, "category": "residencial", "extrude": true, "manzana_id": 74}}, {"type": "Feature", "geometry": {"type": "Polygon", "coordinates": [[[839.663289031764, -110.87372311777386], [838.5822387024613, -116.66236311779201], [850.2772377223514, -118.66612311787435], [851.2600107492124, -112.98880311757515], [839.663289031764, -110.87372311777386]]]}, "properties": {"id": 296, "height_m": 3.0, "levels": 1, "category": "residencial", "extrude": true, "manzana_id": 78}}, {"type": "Feature", "geometry": {"type": "Polygon", "coordinates": [[[850.2772377223514, -105.41904311770352], [842.9064400207194, -104.0832031175168], [841.8253896910676, -110.20580311787825], [849.7858512090955, -111.54164311766948], [850.8669015383981, -105.53036311781796], [850.2772377223514, -105.41904311770352]]]}, "properties": {"id": 297, "height_m": 3.0, "levels": 1, "category": "residencial", "extrude": true, "manzana_id": 78}}, {"type": "Feature", "geometry": {"type": "Polygon", "coordinates": [[[854.6014390406095, -224.42012311782563], [843.7909357447896, -222.4163631177433], [842.0219442963001, -231.32196311780163], [852.9307248949109, -233.4370431176029], [854.6014390406095, -224.42012311782563]]]}, "properties": {"id": 298, "height_m": 3.0, "levels": 1, "category": "residencial", "extrude": true, "manzana_id": 74}}, {"type": "Feature", "geometry": {"type": "Polygon", "coordinates": [[[855.5842120678196, -106.42092311754695], [854.9945482514238, -109.4265631178682], [857.0583716079366, -109.760523117816], [857.5497581215417, -106.75488311789024], [855.5842120678196, -106.42092311754695]]]}, "properties": {"id": 299, "height_m": 3.0, "levels": 1, "category": "residencial", "extrude": true, "manzana_id": 78}}, {"type": "Feature", "geometry": {"type": "Polygon", "coordinates": [[[914.0592071679685, -139.8169231178646], [915.4350894056438, -129.7981231178484], [908.1625690068025, -128.7962431176095], [906.6884094663366, -138.70372311751126], [914.0592071679685, -139.8169231178646]]]}, "properties": {"id": 300, "height_m": 3.0, "levels": 1, "category": "residencial", "extrude": true, "manzana_id": 77}}, {"type": "Feature", "geometry": {"type": "Polygon", "coordinates": [[[1415.0768962806915, -498.6012831176889], [1432.0788696460497, -487.35796311760043], [1431.9805923436081, -487.2466431178815], [1423.528744311975, -474.7788031177207], [1406.8216028549891, -486.0221231178092], [1415.0768962806915, -498.6012831176889]]]}, "properties": {"id": 301, "height_m": 3.0, "levels": 1, "category": "restauracion", "extrude": true, "manzana_id": 139}}, {"type": "Feature", "geometry": {"type": "Polygon", "coordinates": [[[1445.9359693252434, -341.52876311758433], [1444.3635324823358, -351.54756311760053], [1452.8153805136196, -352.8834031177872], [1454.2895400540856, -342.864603117771], [1445.9359693252434, -341.52876311758433]]]}, "properties": {"id": 302, "height_m": 3.0, "levels": 1, "category": "residencial", "extrude": true, "manzana_id": 145}}, {"type": "Feature", "geometry": {"type": "Polygon", "coordinates": [[[1438.270339715588, -370.1380031177273], [1437.877230504774, -373.58892311771524], [1453.2084897244338, -375.70400311751655], [1458.5154640695528, -376.3719231178077], [1460.874119334089, -360.5644831177733], [1457.2378591346685, -360.00788311759663], [1455.960254199784, -369.0248031177694], [1451.636052881526, -368.46820311759274], [1451.2429436707118, -372.0304431176952], [1438.270339715588, -370.1380031177273]]]}, "properties": {"id": 303, "height_m": 3.0, "levels": 1, "category": "residencial", "extrude": true, "manzana_id": 144}}, {"type": "Feature", "geometry": {"type": "Polygon", "coordinates": [[[1460.7758420316475, -361.2324031176689], [1458.5154640695528, -376.3719231178077], [1482.3968486232873, -379.7115231176812], [1495.6642844864343, -370.47196311767505], [1510.504157192489, -360.1192031177111], [1510.9955437060942, -359.5626031175344], [1511.6834848249318, -358.44940311757654], [1512.2731486409784, -357.33620311761865], [1512.567980549002, -356.0003631178274], [1512.7645351545837, -354.77584311775513], [1512.6662578517926, -353.44000311756844], [1512.4697032465601, -352.438123117725], [1512.4697032465601, -352.2154831178916], [1511.9783167329551, -350.9909631178193], [1511.3886529169083, -349.76644311774703], [1510.60243449528, -348.76456311750815], [1509.6196614684188, -347.8740031177791], [1508.538611138767, -347.2060831178835], [1507.3592835066736, -346.64948311770684], [1506.179955874231, -346.2042031176446], [1482.102016715264, -342.9759231178855], [1479.3502522399135, -364.1267231178757], [1476.7950423701448, -363.9040831176469], [1476.598487764563, -366.3531231177915], [1479.0554203318902, -366.57576311762483], [1478.8588657266578, -368.1342431176449], [1466.7707574956041, -366.4644431175104], [1467.2621440092091, -363.01352311752237], [1474.0432778947945, -363.9040831176469], [1474.1415551972361, -362.9022031178034], [1477.9743700022384, -363.45880311758464], [1478.9571430290994, -356.2230031176608], [1478.072647305029, -356.11168311754636], [1478.7605884238667, -350.65700311787157], [1473.2570594731658, -349.8777631178615], [1472.9622275651427, -351.65888311771494], [1470.800126905839, -351.3249231177672], [1470.9966815114205, -349.5438031175182], [1470.7018496033972, -349.4324831177993], [1471.3897907218857, -344.4230831177912], [1466.6724801928133, -343.8664831176145], [1466.9673121011858, -340.41556311762645], [1463.9207157174628, -339.97028311756424], [1463.331051901416, -343.75516311789556], [1466.1810936795573, -343.9778031177289], [1464.805211441882, -354.21924311757846], [1463.8224384150212, -354.1079231178595], [1462.8396653881603, -361.4550431178978], [1460.7758420316475, -361.2324031176689]]]}, "properties": {"id": 304, "height_m": 3.0, "levels": 1, "category": "publico", "extrude": true, "manzana_id": 144}}, {"type": "Feature", "geometry": {"type": "Polygon", "coordinates": [[[1325.2514416223853, -427.46780311773205], [1325.349718924827, -428.02440311751326], [1325.939382741223, -433.59040311769803], [1343.2361880146047, -435.81680311761374], [1343.9241291334424, -430.36212311754343], [1343.9241291334424, -429.8055231177622], [1325.2514416223853, -427.46780311773205]]]}, "properties": {"id": 305, "height_m": 3.0, "levels": 1, "category": "residencial", "extrude": true, "manzana_id": 141}}, {"type": "Feature", "geometry": {"type": "Polygon", "coordinates": [[[1345.3000113711173, -418.3395631178404], [1342.3516922901854, -418.0056031178925], [1343.2361880146047, -411.8830031175311], [1331.7377435999472, -410.32452311751103], [1329.6739202434344, -425.6866831178786], [1338.5188774855324, -426.79988311783643], [1339.1085413015792, -422.68104311755735], [1344.7103475547217, -423.3489631178485], [1345.0051794630942, -420.78860311758945], [1345.3000113711173, -418.3395631178404]]]}, "properties": {"id": 306, "height_m": 3.0, "levels": 1, "category": "residencial", "extrude": true, "manzana_id": 141}}, {"type": "Feature", "geometry": {"type": "Polygon", "coordinates": [[[1364.3658080929886, -325.38736311760215], [1354.1449686132155, -323.8288831175821], [1353.457027494378, -328.50432311764234], [1348.936271570538, -360.8984431177211], [1348.936271570538, -361.0097631178355], [1350.90181762426, -361.3437231177834], [1356.896733088566, -362.23428311751235], [1358.0760607206594, -353.3286831178495], [1359.5502202611256, -353.55132311768284], [1360.1398840771724, -349.5438031175182], [1358.370892628683, -347.2060831178835], [1359.4519429583347, -339.19104311755416], [1362.4985393417085, -339.19104311755416], [1364.3658080929886, -325.38736311760215]]]}, "properties": {"id": 307, "height_m": 3.0, "levels": 1, "category": "residencial", "extrude": true, "manzana_id": 104}}, {"type": "Feature", "geometry": {"type": "Polygon", "coordinates": [[[1359.5502202611256, -353.55132311768284], [1358.0760607206594, -353.3286831178495], [1356.896733088566, -362.23428311751235], [1358.862279142288, -362.5682431178557], [1360.0416067743813, -353.55132311768284], [1359.5502202611256, -353.55132311768284]]]}, "properties": {"id": 308, "height_m": 3.0, "levels": 1, "category": "residencial", "extrude": true, "manzana_id": 104}}, {"type": "Feature", "geometry": {"type": "Polygon", "coordinates": [[[1364.3658080929886, -325.38736311760215], [1362.4985393417085, -339.19104311755416], [1368.3951775032235, -339.97028311756424], [1368.8865640164793, -336.4080431178573], [1374.4883702699713, -337.29860311758625], [1375.8642525076461, -327.0571631177367], [1364.3658080929886, -325.38736311760215]]]}, "properties": {"id": 309, "height_m": 3.0, "levels": 1, "category": "residencial", "extrude": true, "manzana_id": 104}}, {"type": "Feature", "geometry": {"type": "Polygon", "coordinates": [[[1404.6595021956855, -398.41328311752693], [1403.971561076848, -403.7566431178783], [1413.799291345807, -404.98116311755507], [1414.5855097674353, -399.7491231177136], [1404.6595021956855, -398.41328311752693]]]}, "properties": {"id": 310, "height_m": 3.0, "levels": 1, "category": "residencial", "extrude": true, "manzana_id": 143}}, {"type": "Feature", "geometry": {"type": "Polygon", "coordinates": [[[1415.764837399529, -365.9078431177292], [1415.1751735834823, -370.36064311756064], [1426.7718953009305, -371.91912311758074], [1426.8701726037216, -371.3625231177996], [1427.3615591169773, -367.4663231177493], [1415.764837399529, -365.9078431177292]]]}, "properties": {"id": 311, "height_m": 3.0, "levels": 1, "category": "residencial", "extrude": true, "manzana_id": 144}}, {"type": "Feature", "geometry": {"type": "Polygon", "coordinates": [[[1417.337274242786, -354.77584311775513], [1416.5510558211574, -360.5644831177733], [1419.695929507322, -361.0097631178355], [1420.3838706261597, -355.109803117703], [1417.337274242786, -354.77584311775513]]]}, "properties": {"id": 312, "height_m": 3.0, "levels": 1, "category": "residencial", "extrude": true, "manzana_id": 144}}, {"type": "Feature", "geometry": {"type": "Polygon", "coordinates": [[[1261.960858690024, -325.1647231177688], [1269.7247656024701, -325.9439631177788], [1269.921320208052, -323.1609631176865], [1262.157413295606, -322.4930431177909], [1261.960858690024, -325.1647231177688]]]}, "properties": {"id": 313, "height_m": 6.0, "levels": 2, "category": "residencial", "extrude": true, "manzana_id": 103}}, {"type": "Feature", "geometry": {"type": "Polygon", "coordinates": [[[1270.904093234913, -323.1609631176865], [1272.0834208670065, -323.2722831178009], [1271.9851435645649, -330.0628031176625], [1282.7956468603847, -328.9496031177046], [1281.4197646227096, -312.25160311754576], [1262.9436317168852, -309.57992311756783], [1262.157413295606, -309.3572831177345], [1260.9780856631633, -309.69124311768223], [1259.7987580307204, -310.1365231177445], [1258.8159850038596, -310.58180311780677], [1258.128043885022, -311.2497231177024], [1256.653884344905, -312.9195231178369], [1256.064220528509, -313.69876311784697], [1255.7693886204859, -314.3666831177426], [1255.671111318044, -314.58932311757593], [1255.3762794096715, -315.4798831177004], [1255.2780021072297, -316.7044031177727], [1255.7693886204859, -322.0477631177286], [1262.157413295606, -322.4930431177909], [1266.8747238246783, -322.9383231178531], [1267.2678330351434, -317.8176031177305], [1271.2972024457272, -318.1515631176784], [1270.904093234913, -323.1609631176865]]]}, "properties": {"id": 314, "height_m": 3.0, "levels": 1, "category": "residencial", "extrude": true, "manzana_id": 103}}, {"type": "Feature", "geometry": {"type": "Polygon", "coordinates": [[[1270.904093234913, -323.1609631176865], [1271.2972024457272, -318.1515631176784], [1267.2678330351434, -317.8176031177305], [1266.8747238246783, -322.9383231178531], [1269.921320208052, -323.1609631176865], [1270.904093234913, -323.1609631176865]]]}, "properties": {"id": 315, "height_m": 6.0, "levels": 2, "category": "residencial", "extrude": true, "manzana_id": 103}}, {"type": "Feature", "geometry": {"type": "Polygon", "coordinates": [[[1274.9334626451478, -349.5438031175182], [1274.4420761315428, -343.9778031177289], [1261.5677494792099, -345.31364311752014], [1261.666026782001, -345.9815631178112], [1260.9780856631633, -346.09288311753016], [1261.0763629659539, -346.4268431178735], [1257.8332119769984, -346.87212311754024], [1258.2263211878128, -351.10228311753826], [1274.9334626451478, -349.5438031175182]]]}, "properties": {"id": 316, "height_m": 3.0, "levels": 1, "category": "residencial", "extrude": true, "manzana_id": 103}}, {"type": "Feature", "geometry": {"type": "Polygon", "coordinates": [[[1283.6801425844549, -340.5268831177409], [1278.9628320553825, -340.9721631178031], [1279.1593866606152, -343.53252311766664], [1281.9111511359654, -343.3098831178333], [1282.4025376495706, -348.76456311750815], [1284.3680837032925, -348.6532431177892], [1283.6801425844549, -340.5268831177409]]]}, "properties": {"id": 317, "height_m": 3.0, "levels": 1, "category": "residencial", "extrude": true, "manzana_id": 103}}, {"type": "Feature", "geometry": {"type": "Polygon", "coordinates": [[[1273.1644711966585, -343.3098831178333], [1277.783504423289, -342.9759231178855], [1277.4886725149165, -339.8589631178453], [1282.599092254803, -339.4136831177831], [1282.3042603467798, -335.962763117795], [1280.3387142930576, -336.1854031176284], [1280.0438823850345, -333.1797631177027], [1272.3782527750298, -333.73636311787936], [1273.1644711966585, -343.3098831178333]]]}, "properties": {"id": 318, "height_m": 9.0, "levels": 3, "category": "residencial", "extrude": true, "manzana_id": 103}}, {"type": "Feature", "geometry": {"type": "Polygon", "coordinates": [[[1338.5188774855324, -501.38428311778125], [1310.2150143107488, -510.8464831176208], [1314.0478291157513, -522.4237631176571], [1314.1461064181929, -522.6464031178859], [1344.7103475547217, -511.7370431177453], [1345.0051794630942, -511.5144031175164], [1345.3000113711173, -511.40308311779745], [1342.4499695929762, -507.2842431175184], [1339.1085413015792, -502.38616311762473], [1338.617154787974, -501.4956031178957], [1338.5188774855324, -501.38428311778125]]]}, "properties": {"id": 319, "height_m": 3.0, "levels": 1, "category": "residencial", "extrude": true, "manzana_id": 97}}, {"type": "Feature", "geometry": {"type": "Polygon", "coordinates": [[[307.4916949664655, -2304.1003631176377], [308.8675772041408, -2321.466283117692], [306.0175354263487, -2321.5776031178066], [306.2140900315812, -2324.0266431175555], [302.6761071346023, -2324.249283117784], [302.9709390429748, -2331.039803117646], [307.1968630584422, -2330.8171631178125], [306.80375384762795, -2325.362483117742], [309.1624091121641, -2325.1398431175135], [309.55551832297834, -2330.594523117584], [318.6953074730997, -2330.0379231178026], [317.122870630192, -2303.3211231176274], [307.4916949664655, -2304.1003631176377]]]}, "properties": {"id": 320, "height_m": 3.0, "levels": 1, "category": "residencial", "extrude": true, "manzana_id": 6}}, {"type": "Feature", "geometry": {"type": "Polygon", "coordinates": [[[356.5320690088187, -2300.760763117764], [323.90400451577716, -2302.875843117565], [325.86955056949915, -2329.703963117855], [358.1045058517265, -2327.7002031177726], [356.5320690088187, -2300.760763117764]]]}, "properties": {"id": 321, "height_m": 3.0, "levels": 1, "category": "residencial", "extrude": true, "manzana_id": 7}}, {"type": "Feature", "geometry": {"type": "Polygon", "coordinates": [[[371.4702190176643, -2299.8702031176394], [363.90286671045067, -2300.3154831177017], [365.18047164533505, -2327.2549231177104], [372.64954664975784, -2326.809643117648], [372.45299204452533, -2318.9059231178285], [376.2858068495276, -2318.6832831176], [375.7944203359225, -2308.44184311775], [372.0598828337111, -2308.6644831175836], [371.4702190176643, -2299.8702031176394]]]}, "properties": {"id": 322, "height_m": 3.0, "levels": 1, "category": "residencial", "extrude": true, "manzana_id": 9}}, {"type": "Feature", "geometry": {"type": "Polygon", "coordinates": [[[1398.2714775209147, 31.61587688236864], [1396.0110995588202, 19.92727688221791], [1406.6250482494077, 17.923516882135573], [1406.7233255521985, 18.591436882426677], [1396.9938725860304, 20.37255688228015], [1399.057695942194, 31.504556882254207], [1398.2714775209147, 31.61587688236864]]]}, "properties": {"id": 323, "height_m": 6.0, "levels": 2, "category": "residencial", "extrude": true, "manzana_id": 148}}, {"type": "Feature", "geometry": {"type": "Polygon", "coordinates": [[[1399.057695942194, 31.504556882254207], [1396.9938725860304, 20.37255688228015], [1406.7233255521985, 18.591436882426677], [1406.8216028549891, 18.925396882374486], [1408.8854262115021, 29.6121168822863], [1406.0353844333608, 30.168716882462974], [1405.93710713057, 30.168716882462974], [1399.057695942194, 31.504556882254207], [1399.057695942194, 31.504556882254207]]]}, "properties": {"id": 324, "height_m": 9.0, "levels": 3, "category": "residencial", "extrude": true, "manzana_id": 148}}, {"type": "Feature", "geometry": {"type": "Polygon", "coordinates": [[[1398.8611413369615, 26.940436882308347], [1398.4680321261471, 24.380076882444826], [1404.954334103709, 23.26687688248697], [1405.3474433145232, 25.82723688235049], [1398.8611413369615, 26.940436882308347]]]}, "properties": {"id": 325, "height_m": 12.0, "levels": 4, "category": "residencial", "extrude": true, "manzana_id": 148}}, {"type": "Feature", "geometry": {"type": "Polygon", "coordinates": [[[1406.8216028549891, 18.925396882374486], [1406.7233255521985, 18.591436882426677], [1416.7476104263899, 16.810316882177716], [1416.7476104263899, 17.255596882239956], [1418.6148791776702, 27.942316882151772], [1408.8854262115021, 29.6121168822863], [1406.8216028549891, 18.925396882374486]]]}, "properties": {"id": 326, "height_m": 6.0, "levels": 2, "category": "residencial", "extrude": true, "manzana_id": 148}}, {"type": "Feature", "geometry": {"type": "Polygon", "coordinates": [[[1417.8286607560417, 23.600836882434777], [1413.6027367405745, 24.49139688216377], [1413.1113502269693, 22.04235688241468], [1417.337274242786, 21.040476882175767], [1417.8286607560417, 23.600836882434777]]]}, "properties": {"id": 327, "height_m": 9.0, "levels": 3, "category": "residencial", "extrude": true, "manzana_id": 148}}, {"type": "Feature", "geometry": {"type": "Polygon", "coordinates": [[[1419.695929507322, 34.06491688211773], [1420.3838706261597, 37.96111688216797], [1410.7526949624332, 39.74223688241693], [1410.6544176596424, 39.51959688218807], [1410.6544176596424, 39.51959688218807], [1409.3768127247579, 32.61775688221206], [1409.3768127247579, 32.50643688249312], [1409.3768127247579, 32.39511688237869], [1408.8854262115021, 29.6121168822863], [1418.6148791776702, 27.942316882151772], [1419.4010975992987, 31.949836882316447], [1415.3717281887148, 32.61775688221206], [1415.764837399529, 34.73283688240883], [1419.695929507322, 34.06491688211773]]]}, "properties": {"id": 328, "height_m": 3.0, "levels": 1, "category": "residencial", "extrude": true, "manzana_id": 148}}, {"type": "Feature", "geometry": {"type": "Polygon", "coordinates": [[[1419.695929507322, 34.06491688211773], [1415.764837399529, 34.73283688240883], [1415.3717281887148, 32.61775688221206], [1419.4010975992987, 31.949836882316447], [1419.695929507322, 34.06491688211773]]]}, "properties": {"id": 329, "height_m": 6.0, "levels": 2, "category": "residencial", "extrude": true, "manzana_id": 148}}, {"type": "Feature", "geometry": {"type": "Polygon", "coordinates": [[[1404.7577794984766, 41.523356882270406], [1399.9421916666133, 42.52523688211383], [1397.9766456128912, 31.72719688248307], [1398.2714775209147, 31.61587688236864], [1399.057695942194, 31.504556882254207], [1400.8266873906834, 41.30071688243703], [1400.924964693474, 41.30071688243703], [1404.5612248928949, 40.632796882145925], [1404.6595021956855, 40.632796882145925], [1404.7577794984766, 41.523356882270406]]]}, "properties": {"id": 330, "height_m": 3.0, "levels": 1, "category": "residencial", "extrude": true, "manzana_id": 148}}, {"type": "Feature", "geometry": {"type": "Polygon", "coordinates": [[[1406.5267709466166, 33.063036882274304], [1406.0353844333608, 30.168716882462974], [1408.8854262115021, 29.6121168822863], [1409.3768127247579, 32.39511688237869], [1409.3768127247579, 32.50643688249312], [1406.5267709466166, 33.063036882274304]]]}, "properties": {"id": 331, "height_m": 3.0, "levels": 1, "category": "residencial", "extrude": true, "manzana_id": 148}}, {"type": "Feature", "geometry": {"type": "Polygon", "coordinates": [[[1406.919880157431, 41.1893968823226], [1406.7233255521985, 40.18751688247917], [1406.8216028549891, 40.18751688247917], [1410.6544176596424, 39.51959688218807], [1410.6544176596424, 39.51959688218807], [1410.7526949624332, 39.74223688241693], [1410.850972265224, 40.41015688231255], [1406.919880157431, 41.1893968823226]]]}, "properties": {"id": 332, "height_m": 3.0, "levels": 1, "category": "residencial", "extrude": true, "manzana_id": 148}}, {"type": "Feature", "geometry": {"type": "Polygon", "coordinates": [[[1404.5612248928949, 40.632796882145925], [1400.924964693474, 41.30071688243703], [1400.8266873906834, 41.30071688243703], [1399.057695942194, 31.504556882254207], [1399.057695942194, 31.504556882254207], [1405.93710713057, 30.168716882462974], [1406.0353844333608, 30.168716882462974], [1406.5267709466166, 33.063036882274304], [1409.3768127247579, 32.50643688249312], [1409.3768127247579, 32.61775688221206], [1410.6544176596424, 39.51959688218807], [1406.8216028549891, 40.18751688247917], [1405.8388298277791, 34.95547688224221], [1403.5784518660337, 35.40075688230445], [1404.5612248928949, 40.632796882145925]]]}, "properties": {"id": 333, "height_m": 6.0, "levels": 2, "category": "residencial", "extrude": true, "manzana_id": 148}}, {"type": "Feature", "geometry": {"type": "Polygon", "coordinates": [[[1404.5612248928949, 40.632796882145925], [1403.5784518660337, 35.40075688230445], [1405.8388298277791, 34.95547688224221], [1406.8216028549891, 40.18751688247917], [1406.7233255521985, 40.18751688247917], [1404.6595021956855, 40.632796882145925], [1404.5612248928949, 40.632796882145925]]]}, "properties": {"id": 334, "height_m": 9.0, "levels": 3, "category": "residencial", "extrude": true, "manzana_id": 148}}, {"type": "Feature", "geometry": {"type": "Polygon", "coordinates": [[[1390.7041252137012, -7.457443117852733], [1389.4265202788167, -14.359283117828738], [1397.4852590992862, -15.806443117734403], [1397.7800910073097, -14.581923117662114], [1390.8024025164918, -13.13476311775645], [1391.7851755433528, -7.6800831176861095], [1390.7041252137012, -7.457443117852733]]]}, "properties": {"id": 335, "height_m": 6.0, "levels": 2, "category": "residencial", "extrude": true, "manzana_id": 148}}, {"type": "Feature", "geometry": {"type": "Polygon", "coordinates": [[[1391.2937890297478, -4.563123117645915], [1390.7041252137012, -7.457443117852733], [1391.7851755433528, -7.6800831176861095], [1392.3748393593996, -4.674443117760347], [1392.1782847541672, -4.674443117760347], [1391.2937890297478, -4.563123117645915]]]}, "properties": {"id": 336, "height_m": 9.0, "levels": 3, "category": "residencial", "extrude": true, "manzana_id": 148}}, {"type": "Feature", "geometry": {"type": "Polygon", "coordinates": [[[1391.7851755433528, -7.6800831176861095], [1390.8024025164918, -13.13476311775645], [1397.7800910073097, -14.581923117662114], [1398.7628640341704, -8.904603117758398], [1391.7851755433528, -7.6800831176861095]]]}, "properties": {"id": 337, "height_m": 9.0, "levels": 3, "category": "residencial", "extrude": true, "manzana_id": 148}}, {"type": "Feature", "geometry": {"type": "Polygon", "coordinates": [[[1397.7800910073097, -14.581923117662114], [1397.4852590992862, -15.806443117734403], [1400.4335781798693, -16.363043117515588], [1400.6301327854508, -15.249843117557731], [1400.7284100882416, -15.138523117838787], [1397.7800910073097, -14.581923117662114]]]}, "properties": {"id": 338, "height_m": 9.0, "levels": 3, "category": "residencial", "extrude": true, "manzana_id": 148}}, {"type": "Feature", "geometry": {"type": "Polygon", "coordinates": [[[1392.3748393593996, -4.674443117760347], [1391.7851755433528, -7.6800831176861095], [1398.7628640341704, -8.904603117758398], [1397.7800910073097, -14.581923117662114], [1400.7284100882416, -15.138523117838787], [1401.8094604175444, -9.238563117706207], [1402.3008469311494, -6.566883117728253], [1399.7456370610316, -6.121603117666012], [1399.3525278505665, -6.01028311755158], [1395.617990348355, -5.342363117655964], [1395.5197130455642, -5.342363117655964], [1394.9300492295174, -5.231043117541532], [1392.3748393593996, -4.674443117760347]]]}, "properties": {"id": 339, "height_m": 12.0, "levels": 4, "category": "residencial", "extrude": true, "manzana_id": 148}}, {"type": "Feature", "geometry": {"type": "Polygon", "coordinates": [[[1402.3008469311494, -6.566883117728253], [1401.8094604175444, -9.238563117706207], [1403.971561076848, -9.683843117768447], [1404.3646702876624, -7.902723117519486], [1404.3646702876624, -7.791403117800542], [1404.2663929848713, -7.791403117800542], [1404.5612248928949, -6.121603117666012], [1402.3991242339403, -5.676323117603772], [1402.3008469311494, -6.2329231177804445], [1402.3008469311494, -6.566883117728253]]]}, "properties": {"id": 340, "height_m": 3.0, "levels": 1, "category": "residencial", "extrude": true, "manzana_id": 148}}, {"type": "Feature", "geometry": {"type": "Polygon", "coordinates": [[[1400.6301327854508, -15.249843117557731], [1400.4335781798693, -16.363043117515588], [1411.6371906865033, -18.478123117712357], [1413.2096275297604, -9.572523117654015], [1412.0302998973175, -9.349883117820639], [1411.6371906865033, -11.576283117736352], [1410.5561403572008, -17.030963117806692], [1410.5561403572008, -17.030963117806692], [1400.6301327854508, -15.249843117557731]]]}, "properties": {"id": 341, "height_m": 3.0, "levels": 1, "category": "residencial", "extrude": true, "manzana_id": 148}}, {"type": "Feature", "geometry": {"type": "Polygon", "coordinates": [[[1412.0302998973175, -9.238563117706207], [1412.0302998973175, -9.349883117820639], [1413.2096275297604, -9.572523117654015], [1414.9786189782499, -0.33296311764786424], [1413.7010140430161, -0.11032311781448811], [1412.0302998973175, -9.238563117706207]]]}, "properties": {"id": 342, "height_m": 3.0, "levels": 1, "category": "residencial", "extrude": true, "manzana_id": 148}}, {"type": "Feature", "geometry": {"type": "Polygon", "coordinates": [[[1400.7284100882416, -15.138523117838787], [1400.6301327854508, -15.249843117557731], [1410.5561403572008, -17.030963117806692], [1410.5561403572008, -17.030963117806692], [1411.6371906865033, -11.576283117736352], [1406.919880157431, -10.685723117611872], [1407.312989368245, -8.459323117696158], [1404.3646702876624, -7.902723117519486], [1403.971561076848, -9.683843117768447], [1401.8094604175444, -9.238563117706207], [1400.7284100882416, -15.138523117838787]]]}, "properties": {"id": 343, "height_m": 6.0, "levels": 2, "category": "residencial", "extrude": true, "manzana_id": 148}}, {"type": "Feature", "geometry": {"type": "Polygon", "coordinates": [[[1402.6939561419636, -4.229163117698107], [1402.3991242339403, -5.676323117603772], [1404.5612248928949, -6.121603117666012], [1404.2663929848713, -7.791403117800542], [1404.3646702876624, -7.791403117800542], [1404.3646702876624, -7.902723117519486], [1407.312989368245, -8.459323117696158], [1407.312989368245, -8.348003117581726], [1412.0302998973175, -9.238563117706207], [1413.7010140430161, -0.11032311781448811], [1413.6027367405745, 0.0009968822999439908], [1407.5095439738268, 1.1141968822578008], [1403.7750064716154, 1.7821168821534172], [1403.7750064716154, 1.6707968824344732], [1402.6939561419636, -4.229163117698107]]]}, "properties": {"id": 344, "height_m": 6.0, "levels": 2, "category": "residencial", "extrude": true, "manzana_id": 148}}, {"type": "Feature", "geometry": {"type": "Polygon", "coordinates": [[[1407.312989368245, -8.459323117696158], [1406.919880157431, -10.685723117611872], [1411.6371906865033, -11.576283117736352], [1412.0302998973175, -9.349883117820639], [1412.0302998973175, -9.238563117706207], [1407.312989368245, -8.348003117581726], [1407.312989368245, -8.459323117696158]]]}, "properties": {"id": 345, "height_m": 6.0, "levels": 2, "category": "residencial", "extrude": true, "manzana_id": 148}}, {"type": "Feature", "geometry": {"type": "Polygon", "coordinates": [[[1404.1681156820805, 3.6745568821213226], [1403.7750064716154, 1.7821168821534172], [1407.5095439738268, 1.1141968822578008], [1408.0009304870828, 3.2292768824545703], [1406.8216028549891, 3.4519168822879465], [1404.1681156820805, 4.008516882464619], [1404.1681156820805, 3.6745568821213226]]]}, "properties": {"id": 346, "height_m": 3.0, "levels": 1, "category": "residencial", "extrude": true, "manzana_id": 148}}, {"type": "Feature", "geometry": {"type": "Polygon", "coordinates": [[[1415.273450886273, 8.683956882129422], [1413.6027367405745, 0.0009968822999439908], [1413.7010140430161, -0.11032311781448811], [1414.683787069877, -0.22164311753343213], [1416.2562239131341, 8.461316882296046], [1415.273450886273, 8.683956882129422]]]}, "properties": {"id": 347, "height_m": 3.0, "levels": 1, "category": "residencial", "extrude": true, "manzana_id": 148}}, {"type": "Feature", "geometry": {"type": "Polygon", "coordinates": [[[1412.4234091081316, 10.353756882263951], [1412.2268545028992, 9.240556882306095], [1415.273450886273, 8.683956882129422], [1415.4700054915056, 9.685836882368335], [1415.4700054915056, 9.797156882482767], [1412.4234091081316, 10.353756882263951]]]}, "properties": {"id": 348, "height_m": 6.0, "levels": 2, "category": "residencial", "extrude": true, "manzana_id": 148}}, {"type": "Feature", "geometry": {"type": "Polygon", "coordinates": [[[1408.1974850926645, 11.132996882274], [1406.8216028549891, 3.4519168822879465], [1408.0009304870828, 3.2292768824545703], [1407.5095439738268, 1.1141968822578008], [1413.6027367405745, 0.0009968822999439908], [1415.273450886273, 8.683956882129422], [1412.2268545028992, 9.240556882306095], [1412.4234091081316, 10.353756882263951], [1408.1974850926645, 11.132996882274]]]}, "properties": {"id": 349, "height_m": 6.0, "levels": 2, "category": "residencial", "extrude": true, "manzana_id": 148}}, {"type": "Feature", "geometry": {"type": "Polygon", "coordinates": [[[1405.6422752225467, 11.466956882221808], [1405.3474433145232, 10.019796882316143], [1404.954334103709, 7.79339688240043], [1404.3646702876624, 4.565116882245803], [1404.1681156820805, 4.008516882464619], [1406.8216028549891, 3.4519168822879465], [1408.1974850926645, 11.132996882274], [1405.6422752225467, 11.689596882450672], [1405.6422752225467, 11.689596882450672], [1405.6422752225467, 11.466956882221808]]]}, "properties": {"id": 350, "height_m": 9.0, "levels": 3, "category": "residencial", "extrude": true, "manzana_id": 148}}, {"type": "Feature", "geometry": {"type": "Polygon", "coordinates": [[[1394.045553505098, 9.240556882306095], [1392.9645031754465, 3.7858768822357547], [1393.750721597075, 3.6745568821213226], [1393.8489988998656, 3.6745568821213226], [1393.9472762026564, 3.6745568821213226], [1394.9300492295174, 8.683956882129422], [1395.0283265319592, 9.017916882472718], [1394.045553505098, 9.240556882306095]]]}, "properties": {"id": 351, "height_m": 6.0, "levels": 2, "category": "residencial", "extrude": true, "manzana_id": 148}}, {"type": "Feature", "geometry": {"type": "Polygon", "coordinates": [[[1396.0110995588202, 14.47259688214757], [1395.8145449535875, 13.470716882304146], [1399.450805153008, 12.80279688240853], [1399.6473597585898, 12.80279688240853], [1401.8094604175444, 12.357516882346289], [1402.1042923255677, 12.357516882346289], [1403.2836199580104, 12.134876882117425], [1403.7750064716154, 12.02355688239848], [1405.6422752225467, 11.689596882450672], [1405.8388298277791, 12.691476882294097], [1396.0110995588202, 14.47259688214757]]]}, "properties": {"id": 352, "height_m": 6.0, "levels": 2, "category": "residencial", "extrude": true, "manzana_id": 148}}, {"type": "Feature", "geometry": {"type": "Polygon", "coordinates": [[[1395.0283265319592, 9.017916882472718], [1394.9300492295174, 8.683956882129422], [1393.9472762026564, 3.6745568821213226], [1398.2714775209147, 2.78399688239233], [1400.7284100882416, 2.3387168823300897], [1403.7750064716154, 1.7821168821534172], [1404.1681156820805, 3.6745568821213226], [1404.1681156820805, 4.008516882464619], [1404.3646702876624, 4.565116882245803], [1404.954334103709, 7.79339688240043], [1405.3474433145232, 10.019796882316143], [1405.6422752225467, 11.466956882221808], [1405.6422752225467, 11.689596882450672], [1405.6422752225467, 11.689596882450672], [1403.7750064716154, 12.02355688239848], [1403.2836199580104, 12.134876882117425], [1402.1042923255677, 12.357516882346289], [1401.8094604175444, 12.357516882346289], [1400.924964693474, 7.459436882452621], [1398.7628640341704, 7.79339688240043], [1399.6473597585898, 12.80279688240853], [1399.450805153008, 12.80279688240853], [1395.8145449535875, 13.470716882304146], [1395.0283265319592, 9.017916882472718]]]}, "properties": {"id": 353, "height_m": 9.0, "levels": 3, "category": "residencial", "extrude": true, "manzana_id": 148}}, {"type": "Feature", "geometry": {"type": "Polygon", "coordinates": [[[1399.6473597585898, 12.80279688240853], [1398.7628640341704, 7.79339688240043], [1400.924964693474, 7.459436882452621], [1401.8094604175444, 12.357516882346289], [1399.6473597585898, 12.80279688240853]]]}, "properties": {"id": 354, "height_m": 12.0, "levels": 4, "category": "residencial", "extrude": true, "manzana_id": 148}}, {"type": "Feature", "geometry": {"type": "Polygon", "coordinates": [[[1398.2714775209147, 2.78399688239233], [1398.074922915333, 1.2255168823722329], [1400.4335781798693, 0.7802368823099926], [1400.7284100882416, 2.3387168823300897], [1398.2714775209147, 2.78399688239233]]]}, "properties": {"id": 355, "height_m": 3.0, "levels": 1, "category": "residencial", "extrude": true, "manzana_id": 148}}, {"type": "Feature", "geometry": {"type": "Polygon", "coordinates": [[[1392.7679485702138, 3.897196882350187], [1391.2937890297478, -4.563123117645915], [1392.1782847541672, -4.674443117760347], [1392.669671267423, -2.448043117844634], [1393.750721597075, 3.6745568821213226], [1392.9645031754465, 3.7858768822357547], [1392.7679485702138, 3.897196882350187]]]}, "properties": {"id": 356, "height_m": 3.0, "levels": 1, "category": "residencial", "extrude": true, "manzana_id": 148}}, {"type": "Feature", "geometry": {"type": "Polygon", "coordinates": [[[1393.750721597075, 3.6745568821213226], [1392.669671267423, -2.448043117844634], [1392.1782847541672, -4.674443117760347], [1392.3748393593996, -4.674443117760347], [1394.9300492295174, -5.231043117541532], [1395.5197130455642, -5.342363117655964], [1395.9128222563786, -3.004643117625818], [1402.6939561419636, -4.229163117698107], [1403.7750064716154, 1.6707968824344732], [1403.7750064716154, 1.7821168821534172], [1400.7284100882416, 2.3387168823300897], [1400.4335781798693, 0.7802368823099926], [1398.074922915333, 1.2255168823722329], [1398.2714775209147, 2.78399688239233], [1393.9472762026564, 3.6745568821213226], [1393.8489988998656, 3.6745568821213226], [1393.750721597075, 3.6745568821213226]]]}, "properties": {"id": 357, "height_m": 6.0, "levels": 2, "category": "residencial", "extrude": true, "manzana_id": 148}}, {"type": "Feature", "geometry": {"type": "Polygon", "coordinates": [[[1396.6430982116678, -3.13651450195648], [1402.6939561419636, -4.229163117698107], [1402.3991242339403, -5.676323117603772], [1402.3008469311494, -6.2329231177804445], [1402.3008469311494, -6.566883117728253], [1399.7456370610316, -6.121603117666012], [1399.3525278505665, -6.01028311755158], [1399.7456370610316, -3.7838831176358667], [1396.6430982116678, -3.13651450195648]]]}, "properties": {"id": 358, "height_m": 9.0, "levels": 3, "category": "residencial", "extrude": true, "manzana_id": 148}}, {"type": "Feature", "geometry": {"type": "Polygon", "coordinates": [[[1396.0110995588202, -3.004643117625818], [1395.617990348355, -5.342363117655964], [1399.3525278505665, -6.01028311755158], [1399.7456370610316, -3.7838831176358667], [1396.0110995588202, -3.004643117625818]]]}, "properties": {"id": 359, "height_m": 12.0, "levels": 4, "category": "residencial", "extrude": true, "manzana_id": 148}}, {"type": "Feature", "geometry": {"type": "Polygon", "coordinates": [[[1422.644248587905, -2.2254031176157696], [1422.1528620743, -2.2254031176157696], [1419.4010975992987, -20.036603117732454], [1427.066727208954, -21.261123117804743], [1427.2632818141865, -20.25924311756583], [1420.4821479286013, -19.257363117722406], [1421.7597528638348, -11.46496311762192], [1422.0545847718583, -9.238563117706207], [1423.1356351015102, -2.3367231177302017], [1422.644248587905, -2.2254031176157696]]]}, "properties": {"id": 360, "height_m": 3.0, "levels": 1, "category": "residencial", "extrude": true, "manzana_id": 153}}, {"type": "Feature", "geometry": {"type": "Polygon", "coordinates": [[[1428.3443321438385, -3.1159631177402503], [1428.1477775386059, -4.451803117531483], [1430.2116008951186, -4.7857631178747795], [1430.408155500351, -3.5612431178024906], [1428.3443321438385, -3.1159631177402503]]]}, "properties": {"id": 361, "height_m": 3.0, "levels": 1, "category": "residencial", "extrude": true, "manzana_id": 153}}, {"type": "Feature", "geometry": {"type": "Polygon", "coordinates": [[[1428.7374413546527, -10.351763117664063], [1428.3443321438385, -13.357403117589826], [1431.489205830003, -13.802683117652066], [1431.882315040817, -10.908363117840736], [1428.7374413546527, -10.351763117664063]]]}, "properties": {"id": 362, "height_m": 3.0, "levels": 1, "category": "residencial", "extrude": true, "manzana_id": 153}}, {"type": "Feature", "geometry": {"type": "Polygon", "coordinates": [[[1421.7597528638348, -11.46496311762192], [1420.4821479286013, -19.257363117722406], [1427.2632818141865, -20.25924311756583], [1428.3443321438385, -13.357403117589826], [1428.7374413546527, -10.351763117664063], [1428.6391640518616, -10.351763117664063], [1429.4253824734901, -5.787643117718204], [1430.1133235923278, -5.898963117832636], [1430.2116008951186, -4.7857631178747795], [1428.1477775386059, -4.451803117531483], [1428.3443321438385, -3.1159631177402503], [1423.1356351015102, -2.3367231177302017], [1422.0545847718583, -9.238563117706207], [1426.7718953009305, -10.017803117716255], [1426.4770633929072, -12.244203117631969], [1421.7597528638348, -11.46496311762192]]]}, "properties": {"id": 363, "height_m": 6.0, "levels": 2, "category": "residencial", "extrude": true, "manzana_id": 153}}, {"type": "Feature", "geometry": {"type": "Polygon", "coordinates": [[[1427.2632818141865, -20.25924311756583], [1427.066727208954, -21.261123117804743], [1430.2116008951186, -21.817723117585928], [1430.3098781975605, -21.03848311757588], [1430.408155500351, -20.815843117742503], [1427.2632818141865, -20.25924311756583]]]}, "properties": {"id": 364, "height_m": 6.0, "levels": 2, "category": "residencial", "extrude": true, "manzana_id": 153}}, {"type": "Feature", "geometry": {"type": "Polygon", "coordinates": [[[1422.0545847718583, -9.238563117706207], [1421.7597528638348, -11.46496311762192], [1426.4770633929072, -12.244203117631969], [1426.7718953009305, -10.017803117716255], [1422.0545847718583, -9.238563117706207]]]}, "properties": {"id": 365, "height_m": 9.0, "levels": 3, "category": "residencial", "extrude": true, "manzana_id": 153}}, {"type": "Feature", "geometry": {"type": "Polygon", "coordinates": [[[1428.3443321438385, -13.357403117589826], [1427.2632818141865, -20.25924311756583], [1430.408155500351, -20.815843117742503], [1431.0960966191888, -16.02908311756778], [1431.489205830003, -13.802683117652066], [1428.3443321438385, -13.357403117589826]]]}, "properties": {"id": 366, "height_m": 9.0, "levels": 3, "category": "residencial", "extrude": true, "manzana_id": 153}}, {"type": "Feature", "geometry": {"type": "Polygon", "coordinates": [[[1430.2116008951186, -4.7857631178747795], [1430.1133235923278, -5.898963117832636], [1429.4253824734901, -5.787643117718204], [1428.6391640518616, -10.351763117664063], [1428.7374413546527, -10.351763117664063], [1431.882315040817, -10.908363117840736], [1432.0788696460497, -9.795163117882879], [1432.963365370469, -4.340483117812539], [1433.0616426729107, -3.895203117750299], [1430.7029874083746, -3.5612431178024906], [1430.408155500351, -3.5612431178024906], [1430.2116008951186, -4.7857631178747795]]]}, "properties": {"id": 367, "height_m": 9.0, "levels": 3, "category": "residencial", "extrude": true, "manzana_id": 153}}, {"type": "Feature", "geometry": {"type": "Polygon", "coordinates": [[[1430.408155500351, -20.815843117742503], [1430.3098781975605, -21.03848311757588], [1439.9410538612867, -22.70828311771041], [1440.0393311640776, -22.3743231177626], [1440.8255495853568, -17.476243117868933], [1431.0960966191888, -16.02908311756778], [1430.408155500351, -20.815843117742503]]]}, "properties": {"id": 368, "height_m": 9.0, "levels": 3, "category": "residencial", "extrude": true, "manzana_id": 153}}, {"type": "Feature", "geometry": {"type": "Polygon", "coordinates": [[[1431.489205830003, -13.802683117652066], [1431.0960966191888, -16.02908311756778], [1440.8255495853568, -17.476243117868933], [1441.1203814937294, -15.58380311750554], [1441.6117680069854, -12.578163117579777], [1442.791095639428, -5.565003117884828], [1436.894457477913, -4.674443117760347], [1433.94613839733, -4.117843117583675], [1433.0616426729107, -3.895203117750299], [1432.963365370469, -4.340483117812539], [1432.0788696460497, -9.795163117882879], [1431.882315040817, -10.908363117840736], [1431.489205830003, -13.802683117652066]]]}, "properties": {"id": 369, "height_m": 12.0, "levels": 4, "category": "residencial", "extrude": true, "manzana_id": 153}}, {"type": "Feature", "geometry": {"type": "Polygon", "coordinates": [[[1441.316936098962, -14.804563117890979], [1441.1203814937294, -15.58380311750554], [1440.8255495853568, -17.476243117868933], [1440.0393311640776, -22.3743231177626], [1440.5307176773333, -22.485643117877032], [1444.4618097851264, -23.15356311777265], [1445.4445828119876, -23.26488311788708], [1447.4101288657096, -23.59884311783489], [1448.3929018925705, -23.821483117668265], [1450.8498344598977, -24.155443117616073], [1452.3239940003637, -24.48940311756388], [1452.8153805136196, -24.48940311756388], [1453.3067670272246, -21.48376311763812], [1453.994708146062, -17.69888311770231], [1453.994708146062, -17.3649231177545], [1454.092985448504, -17.030963117806692], [1451.0463890651301, -16.47436311763002], [1451.5377755787351, -13.357403117589826], [1454.5843719621091, -13.914003117766498], [1454.8792038701324, -12.466843117860833], [1454.8792038701324, -12.244203117631969], [1455.665422291761, -7.6800831176861095], [1455.5671449889699, -7.6800831176861095], [1453.8964308432714, -7.346123117738301], [1452.8153805136196, -7.234803117623869], [1452.8153805136196, -7.234803117623869], [1452.6188259083872, -7.123483117509437], [1452.4222713028053, -7.123483117509437], [1450.7515571571066, -6.900843117676061], [1450.2601706438509, -9.795163117882879], [1447.2135742604771, -9.349883117820639], [1447.7049607737329, -6.344243117894877], [1442.9876502446605, -5.565003117884828], [1442.791095639428, -5.565003117884828], [1441.808322612567, -11.798923117569728], [1444.8549189959408, -12.244203117631969], [1444.3635324823358, -15.361163117672163], [1441.316936098962, -14.804563117890979]]]}, "properties": {"id": 370, "height_m": 12.0, "levels": 4, "category": "residencial", "extrude": true, "manzana_id": 153}}, {"type": "Feature", "geometry": {"type": "Polygon", "coordinates": [[[1441.808322612567, -11.798923117569728], [1441.6117680069854, -12.578163117579777], [1441.316936098962, -14.804563117890979], [1444.3635324823358, -15.361163117672163], [1444.8549189959408, -12.244203117631969], [1441.808322612567, -11.798923117569728]]]}, "properties": {"id": 371, "height_m": 3.0, "levels": 1, "category": "residencial", "extrude": true, "manzana_id": 153}}, {"type": "Feature", "geometry": {"type": "Polygon", "coordinates": [[[1447.7049607737329, -6.344243117894877], [1447.2135742604771, -9.349883117820639], [1450.2601706438509, -9.795163117882879], [1450.7515571571066, -6.900843117676061], [1447.7049607737329, -6.344243117894877], [1447.7049607737329, -6.344243117894877]]]}, "properties": {"id": 372, "height_m": 3.0, "levels": 1, "category": "residencial", "extrude": true, "manzana_id": 153}}, {"type": "Feature", "geometry": {"type": "Polygon", "coordinates": [[[1454.5843719621091, -13.914003117766498], [1451.5377755787351, -13.357403117589826], [1451.0463890651301, -16.47436311763002], [1454.092985448504, -17.030963117806692], [1454.3878173568764, -15.361163117672163], [1454.3878173568764, -15.138523117838787], [1454.486094659318, -14.693243117776547], [1454.5843719621091, -13.914003117766498]]]}, "properties": {"id": 373, "height_m": 3.0, "levels": 1, "category": "residencial", "extrude": true, "manzana_id": 153}}, {"type": "Feature", "geometry": {"type": "Polygon", "coordinates": [[[1460.7758420316475, -14.693243117776547], [1459.6947917019957, -21.14980311769031], [1460.874119334089, -21.372443117523687], [1461.955169663741, -14.915883117609923], [1460.7758420316475, -14.693243117776547]]]}, "properties": {"id": 374, "height_m": 12.0, "levels": 4, "category": "residencial", "extrude": true, "manzana_id": 153}}, {"type": "Feature", "geometry": {"type": "Polygon", "coordinates": [[[1454.486094659318, -14.693243117776547], [1454.3878173568764, -15.138523117838787], [1457.3361364374593, -15.695123117619971], [1457.8275229507153, -12.68948311769421], [1454.8792038701324, -12.244203117631969], [1454.8792038701324, -12.466843117860833], [1454.486094659318, -14.693243117776547]]]}, "properties": {"id": 375, "height_m": 3.0, "levels": 1, "category": "residencial", "extrude": true, "manzana_id": 153}}, {"type": "Feature", "geometry": {"type": "Polygon", "coordinates": [[[1467.1638667064183, -14.247963117714306], [1464.2155476258354, -13.802683117652066], [1463.7241611122304, -16.697003117858884], [1466.6724801928133, -17.25360311764007], [1467.1638667064183, -14.247963117714306]]]}, "properties": {"id": 376, "height_m": 3.0, "levels": 1, "category": "residencial", "extrude": true, "manzana_id": 153}}, {"type": "Feature", "geometry": {"type": "Polygon", "coordinates": [[[1460.6775647288564, -22.70828311771041], [1460.0879009128098, -26.15920311769841], [1464.4121022310678, -26.827123117594027], [1465.0017660471146, -26.93844311770846], [1465.1000433499055, -26.93844311770846], [1465.6897071659523, -23.487523117720457], [1460.6775647288564, -22.70828311771041]]]}, "properties": {"id": 377, "height_m": 6.0, "levels": 2, "category": "residencial", "extrude": true, "manzana_id": 153}}, {"type": "Feature", "geometry": {"type": "Polygon", "coordinates": [[[1452.8153805136196, -24.48940311756388], [1452.8153805136196, -24.934683117626122], [1453.503321632457, -25.046003117740554], [1457.7292456482735, -25.71392311763617], [1458.3189094643203, -22.3743231177626], [1453.3067670272246, -21.48376311763812], [1452.8153805136196, -24.48940311756388]]]}, "properties": {"id": 378, "height_m": 9.0, "levels": 3, "category": "residencial", "extrude": true, "manzana_id": 153}}, {"type": "Feature", "geometry": {"type": "Polygon", "coordinates": [[[1453.994708146062, -17.69888311770231], [1453.3067670272246, -21.48376311763812], [1458.3189094643203, -22.3743231177626], [1459.5965143992046, -14.470603117547682], [1460.7758420316475, -14.693243117776547], [1461.7586150585082, -8.681963117529534], [1455.665422291761, -7.6800831176861095], [1454.8792038701324, -12.244203117631969], [1457.8275229507153, -12.68948311769421], [1457.3361364374593, -15.695123117619971], [1454.3878173568764, -15.138523117838787], [1454.3878173568764, -15.361163117672163], [1453.994708146062, -17.3649231177545], [1453.994708146062, -17.69888311770231]]]}, "properties": {"id": 379, "height_m": 12.0, "levels": 4, "category": "residencial", "extrude": true, "manzana_id": 153}}, {"type": "Feature", "geometry": {"type": "Polygon", "coordinates": [[[1460.874119334089, -21.372443117523687], [1460.6775647288564, -22.70828311771041], [1465.6897071659523, -23.487523117720457], [1466.6724801928133, -17.25360311764007], [1463.7241611122304, -16.697003117858884], [1464.2155476258354, -13.802683117652066], [1467.1638667064183, -14.247963117714306], [1467.6552532196743, -11.687603117850784], [1467.9500851280468, -9.795163117882879], [1467.9500851280468, -9.795163117882879], [1462.9379426906019, -8.904603117758398], [1461.7586150585082, -8.681963117529534], [1460.7758420316475, -14.693243117776547], [1461.955169663741, -14.915883117609923], [1460.874119334089, -21.372443117523687]]]}, "properties": {"id": 380, "height_m": 9.0, "levels": 3, "category": "residencial", "extrude": true, "manzana_id": 153}}, {"type": "Feature", "geometry": {"type": "Polygon", "coordinates": [[[1458.3189094643203, -22.3743231177626], [1457.7292456482735, -25.71392311763617], [1460.0879009128098, -26.15920311769841], [1460.6775647288564, -22.70828311771041], [1460.874119334089, -21.372443117523687], [1459.6947917019957, -21.14980311769031], [1460.7758420316475, -14.693243117776547], [1459.5965143992046, -14.470603117547682], [1458.3189094643203, -22.3743231177626]]]}, "properties": {"id": 381, "height_m": 15.0, "levels": 5, "category": "residencial", "extrude": true, "manzana_id": 153}}, {"type": "Feature", "geometry": {"type": "Polygon", "coordinates": [[[1465.6897071659523, -23.487523117720457], [1465.1000433499055, -26.93844311770846], [1465.1983206526966, -26.93844311770846], [1465.1983206526966, -26.93844311770846], [1468.9328581549078, -27.606363117604076], [1470.210463089792, -20.481883117794695], [1472.9622275651427, -20.927163117856935], [1471.6846226302582, -28.051643117666316], [1471.7828999326998, -28.051643117666316], [1475.5174374349112, -28.60824311784299], [1475.615714737702, -28.60824311784299], [1476.5002104617722, -23.042243117658217], [1476.7950423701448, -21.48376311763812], [1476.7950423701448, -21.261123117804743], [1477.1881515806099, -18.812083117660165], [1477.2864288834007, -18.25548311787898], [1477.3847061861916, -18.032843117650117], [1477.8760926994476, -14.915883117609923], [1477.8760926994476, -14.470603117547682], [1478.072647305029, -13.691363117537634], [1478.3674792130525, -11.576283117736352], [1478.5640338182852, -11.576283117736352], [1478.5640338182852, -11.576283117736352], [1472.5691183543283, -10.574403117892928], [1469.227690062931, -10.017803117716255], [1468.0483624304884, -9.795163117882879], [1467.9500851280468, -9.795163117882879], [1467.9500851280468, -9.795163117882879], [1467.6552532196743, -11.687603117850784], [1467.1638667064183, -14.247963117714306], [1466.6724801928133, -17.25360311764007], [1465.6897071659523, -23.487523117720457]]]}, "properties": {"id": 382, "height_m": 3.0, "levels": 1, "category": "residencial", "extrude": true, "manzana_id": 153}}, {"type": "Feature", "geometry": {"type": "Polygon", "coordinates": [[[1470.210463089792, -20.481883117794695], [1468.9328581549078, -27.606363117604076], [1469.227690062931, -27.717683117718508], [1471.6846226302582, -28.051643117666316], [1472.9622275651427, -20.927163117856935], [1470.210463089792, -20.481883117794695]]]}, "properties": {"id": 383, "height_m": 6.0, "levels": 2, "category": "residencial", "extrude": true, "manzana_id": 153}}, {"type": "Feature", "geometry": {"type": "Polygon", "coordinates": [[[1487.0158818495688, -20.815843117742503], [1487.0158818495688, -21.03848311757588], [1488.0969321792209, -21.261123117804743], [1488.2934867848023, -20.036603117732454], [1487.2124364551505, -19.925283117618022], [1487.1141591523597, -20.25924311756583], [1487.0158818495688, -20.815843117742503]]]}, "properties": {"id": 384, "height_m": 9.0, "levels": 3, "category": "residencial", "extrude": true, "manzana_id": 153}}, {"type": "Feature", "geometry": {"type": "Polygon", "coordinates": [[[1487.7038229684065, -16.808323117577828], [1487.6055456659647, -17.030963117806692], [1487.2124364551505, -19.925283117618022], [1488.2934867848023, -20.036603117732454], [1488.7848732980583, -17.030963117806692], [1487.7038229684065, -16.808323117577828]]]}, "properties": {"id": 385, "height_m": 9.0, "levels": 3, "category": "residencial", "extrude": true, "manzana_id": 153}}, {"type": "Feature", "geometry": {"type": "Polygon", "coordinates": [[[1478.072647305029, -13.691363117537634], [1477.8760926994476, -14.470603117547682], [1477.8760926994476, -14.915883117609923], [1480.9226890828213, -15.472483117786595], [1480.6278571747978, -17.030963117806692], [1481.7089075044496, -17.142283117525636], [1481.4140755964265, -18.812083117660165], [1480.4313025695653, -18.700763117545733], [1480.3330252667745, -19.702643117784646], [1487.0158818495688, -20.815843117742503], [1487.1141591523597, -20.25924311756583], [1487.2124364551505, -19.925283117618022], [1487.6055456659647, -17.030963117806692], [1487.7038229684065, -16.808323117577828], [1487.9003775739882, -15.249843117557731], [1478.072647305029, -13.691363117537634]]]}, "properties": {"id": 386, "height_m": 12.0, "levels": 4, "category": "residencial", "extrude": true, "manzana_id": 153}}, {"type": "Feature", "geometry": {"type": "Polygon", "coordinates": [[[1476.7950423701448, -21.261123117804743], [1476.7950423701448, -21.48376311763812], [1478.9571430290994, -21.817723117585928], [1486.622772639104, -23.042243117658217], [1486.7210499415455, -22.930923117543784], [1486.8193272443364, -21.92904311770036], [1487.0158818495688, -21.03848311757588], [1487.0158818495688, -20.815843117742503], [1480.3330252667745, -19.702643117784646], [1480.4313025695653, -18.700763117545733], [1481.4140755964265, -18.812083117660165], [1481.7089075044496, -17.142283117525636], [1480.6278571747978, -17.030963117806692], [1480.3330252667745, -18.700763117545733], [1477.2864288834007, -18.25548311787898], [1477.1881515806099, -18.812083117660165], [1476.7950423701448, -21.261123117804743]]]}, "properties": {"id": 387, "height_m": 15.0, "levels": 5, "category": "residencial", "extrude": true, "manzana_id": 153}}, {"type": "Feature", "geometry": {"type": "Polygon", "coordinates": [[[1478.3674792130525, -11.576283117736352], [1478.072647305029, -13.691363117537634], [1487.9003775739882, -15.249843117557731], [1487.9003775739882, -15.138523117838787], [1488.2934867848023, -13.13476311775645], [1478.5640338182852, -11.576283117736352], [1478.3674792130525, -11.576283117736352]]]}, "properties": {"id": 388, "height_m": 15.0, "levels": 5, "category": "residencial", "extrude": true, "manzana_id": 153}}, {"type": "Feature", "geometry": {"type": "Polygon", "coordinates": [[[1483.969285466195, -0.8895631178245367], [1483.7727308609626, -2.0027631177823935], [1489.964200930501, -3.1159631177402503], [1488.6865959956165, -10.351763117664063], [1489.8659236277101, -10.574403117892928], [1491.2418058653852, -2.1140831178968256], [1483.969285466195, -0.8895631178245367]]]}, "properties": {"id": 389, "height_m": 6.0, "levels": 2, "category": "residencial", "extrude": true, "manzana_id": 153}}, {"type": "Feature", "geometry": {"type": "Polygon", "coordinates": [[[1480.4313025695653, -0.33296311764786424], [1480.2347479639836, -1.446163117605721], [1483.7727308609626, -2.0027631177823935], [1483.969285466195, -0.8895631178245367], [1480.4313025695653, -0.33296311764786424]]]}, "properties": {"id": 390, "height_m": 9.0, "levels": 3, "category": "residencial", "extrude": true, "manzana_id": 153}}, {"type": "Feature", "geometry": {"type": "Polygon", "coordinates": [[[1483.7727308609626, -2.0027631177823935], [1482.593403228869, -9.349883117820639], [1488.6865959956165, -10.351763117664063], [1489.964200930501, -3.1159631177402503], [1483.7727308609626, -2.0027631177823935]]]}, "properties": {"id": 391, "height_m": 9.0, "levels": 3, "category": "residencial", "extrude": true, "manzana_id": 153}}, {"type": "Feature", "geometry": {"type": "Polygon", "coordinates": [[[1478.5640338182852, -11.576283117736352], [1478.5640338182852, -11.576283117736352], [1488.2934867848023, -13.13476311775645], [1488.2934867848023, -13.13476311775645], [1488.391764087244, -12.68948311769421], [1488.6865959956165, -10.351763117664063], [1482.593403228869, -9.349883117820639], [1483.7727308609626, -2.0027631177823935], [1480.2347479639836, -1.446163117605721], [1480.0381933587512, -2.559363117563578], [1479.2519749371227, -7.346123117738301], [1478.5640338182852, -11.576283117736352]]]}, "properties": {"id": 392, "height_m": 12.0, "levels": 4, "category": "residencial", "extrude": true, "manzana_id": 153}}, {"type": "Feature", "geometry": {"type": "Polygon", "coordinates": [[[1488.6865959956165, -10.351763117664063], [1488.391764087244, -12.68948311769421], [1488.2934867848023, -13.13476311775645], [1489.3745371144541, -13.357403117589826], [1489.8659236277101, -10.574403117892928], [1488.6865959956165, -10.351763117664063]]]}, "properties": {"id": 393, "height_m": 9.0, "levels": 3, "category": "residencial", "extrude": true, "manzana_id": 153}}, {"type": "Feature", "geometry": {"type": "Polygon", "coordinates": [[[1474.5346644080503, 0.6689168821955604], [1474.3381098028176, -0.5556031178767284], [1477.3847061861916, -1.0008831175434807], [1480.2347479639836, -1.446163117605721], [1480.4313025695653, -0.33296311764786424], [1474.5346644080503, 0.6689168821955604]]]}, "properties": {"id": 394, "height_m": 3.0, "levels": 1, "category": "residencial", "extrude": true, "manzana_id": 153}}, {"type": "Feature", "geometry": {"type": "Polygon", "coordinates": [[[1473.1587821703752, -7.123483117509437], [1472.5691183543283, -10.574403117892928], [1478.5640338182852, -11.576283117736352], [1479.2519749371227, -7.346123117738301], [1477.7778153970057, -7.012163117790493], [1478.5640338182852, -2.3367231177302017], [1480.0381933587512, -2.559363117563578], [1480.2347479639836, -1.446163117605721], [1477.3847061861916, -1.0008831175434807], [1474.3381098028176, -0.5556031178767284], [1473.1587821703752, -7.123483117509437]]]}, "properties": {"id": 395, "height_m": 6.0, "levels": 2, "category": "residencial", "extrude": true, "manzana_id": 153}}, {"type": "Feature", "geometry": {"type": "Polygon", "coordinates": [[[1478.5640338182852, -2.3367231177302017], [1477.7778153970057, -7.012163117790493], [1479.2519749371227, -7.346123117738301], [1480.0381933587512, -2.559363117563578], [1478.5640338182852, -2.3367231177302017]]]}, "properties": {"id": 396, "height_m": 9.0, "levels": 3, "category": "residencial", "extrude": true, "manzana_id": 153}}, {"type": "Feature", "geometry": {"type": "Polygon", "coordinates": [[[1464.510379533859, 1.1141968822578008], [1462.9379426906019, -8.904603117758398], [1467.9500851280468, -9.795163117882879], [1468.0483624304884, -9.795163117882879], [1469.227690062931, -10.017803117716255], [1470.8984042086297, 0.0009968822999439908], [1464.510379533859, 1.1141968822578008]]]}, "properties": {"id": 397, "height_m": 6.0, "levels": 2, "category": "residencial", "extrude": true, "manzana_id": 153}}, {"type": "Feature", "geometry": {"type": "Polygon", "coordinates": [[[1470.8984042086297, 0.0009968822999439908], [1469.227690062931, -10.017803117716255], [1472.5691183543283, -10.574403117892928], [1473.1587821703752, -7.123483117509437], [1474.3381098028176, -0.5556031178767284], [1470.8984042086297, 0.0009968822999439908]]]}, "properties": {"id": 398, "height_m": 9.0, "levels": 3, "category": "residencial", "extrude": true, "manzana_id": 153}}, {"type": "Feature", "geometry": {"type": "Polygon", "coordinates": [[[1444.658364390359, 4.342476882412427], [1442.9876502446605, -5.565003117884828], [1447.7049607737329, -6.344243117894877], [1447.7049607737329, -6.344243117894877], [1450.7515571571066, -6.900843117676061], [1452.4222713028053, -7.123483117509437], [1452.6188259083872, -7.123483117509437], [1452.8153805136196, -7.234803117623869], [1452.8153805136196, -7.234803117623869], [1454.486094659318, 2.672676882277898], [1454.486094659318, 2.672676882277898], [1454.486094659318, 2.672676882277898], [1454.2895400540856, 2.78399688239233], [1451.2429436707118, 3.2292768824545703], [1448.0980699845472, 3.7858768822357547], [1444.658364390359, 4.342476882412427]]]}, "properties": {"id": 399, "height_m": 6.0, "levels": 2, "category": "residencial", "extrude": true, "manzana_id": 153}}, {"type": "Feature", "geometry": {"type": "Polygon", "coordinates": [[[1438.6634489264025, 5.344356882255852], [1424.3149627336036, 7.6820768822859975], [1422.644248587905, -2.2254031176157696], [1423.1356351015102, -2.3367231177302017], [1428.3443321438385, -3.1159631177402503], [1430.408155500351, -3.5612431178024906], [1430.7029874083746, -3.5612431178024906], [1431.1943739219796, -0.33296311764786424], [1434.437524910586, -1.0008831175434807], [1433.94613839733, -4.117843117583675], [1436.894457477913, -4.674443117760347], [1442.791095639428, -5.565003117884828], [1442.9876502446605, -5.565003117884828], [1444.658364390359, 4.342476882412427], [1438.6634489264025, 5.344356882255852]]]}, "properties": {"id": 400, "height_m": 6.0, "levels": 2, "category": "residencial", "extrude": true, "manzana_id": 153}}, {"type": "Feature", "geometry": {"type": "Polygon", "coordinates": [[[1431.1943739219796, -0.33296311764786424], [1430.7029874083746, -3.5612431178024906], [1433.0616426729107, -3.895203117750299], [1433.94613839733, -4.117843117583675], [1434.437524910586, -1.0008831175434807], [1431.1943739219796, -0.33296311764786424]]]}, "properties": {"id": 401, "height_m": 9.0, "levels": 3, "category": "residencial", "extrude": true, "manzana_id": 153}}, {"type": "Feature", "geometry": {"type": "Polygon", "coordinates": [[[1476.4019331593306, -23.710163117553833], [1475.615714737702, -28.60824311784299], [1475.615714737702, -28.830883117676365], [1477.8760926994476, -29.164843117624173], [1478.6623111210758, -24.155443117616073], [1476.4019331593306, -23.710163117553833]]]}, "properties": {"id": 402, "height_m": 9.0, "levels": 3, "category": "residencial", "extrude": true, "manzana_id": 153}}, {"type": "Feature", "geometry": {"type": "Polygon", "coordinates": [[[1486.5244953363128, -24.155443117616073], [1486.5244953363128, -24.04412311789713], [1486.622772639104, -23.15356311777265], [1486.622772639104, -23.042243117658217], [1486.622772639104, -23.042243117658217], [1478.9571430290994, -21.817723117585928], [1476.7950423701448, -21.48376311763812], [1476.7950423701448, -21.48376311763812], [1476.5002104617722, -23.042243117658217], [1476.4019331593306, -23.710163117553833], [1478.6623111210758, -24.155443117616073], [1477.8760926994476, -29.164843117624173], [1477.9743700022384, -29.164843117624173], [1485.443445006661, -30.500683117810894], [1485.541722309452, -30.166723117863086], [1485.9348315202662, -27.3837231177707], [1486.5244953363128, -24.155443117616073]]]}, "properties": {"id": 403, "height_m": 6.0, "levels": 2, "category": "residencial", "extrude": true, "manzana_id": 153}}, {"type": "Feature", "geometry": {"type": "Polygon", "coordinates": [[[1432.8650880676782, 25.71591688223606], [1432.5702561596547, 23.71215688215372], [1434.6340795161677, 23.26687688248697], [1434.928911424191, 25.38195688228825], [1432.8650880676782, 25.71591688223606]]]}, "properties": {"id": 404, "height_m": 3.0, "levels": 1, "category": "residencial", "extrude": true, "manzana_id": 150}}, {"type": "Feature", "geometry": {"type": "Polygon", "coordinates": [[[1426.6736179981397, 16.1423968822821], [1426.4770633929072, 15.140516882438675], [1436.4030709646572, 13.693356882137522], [1436.5996255698897, 14.583916882262002], [1436.5996255698897, 14.583916882262002], [1426.6736179981397, 16.1423968822821]]]}, "properties": {"id": 405, "height_m": 6.0, "levels": 2, "category": "residencial", "extrude": true, "manzana_id": 150}}, {"type": "Feature", "geometry": {"type": "Polygon", "coordinates": [[[1426.083954182093, 18.368796882197813], [1425.6908449712787, 16.365036882115476], [1426.6736179981397, 16.1423968822821], [1426.9684499061632, 18.146156882364437], [1426.083954182093, 18.368796882197813]]]}, "properties": {"id": 406, "height_m": 12.0, "levels": 4, "category": "residencial", "extrude": true, "manzana_id": 150}}, {"type": "Feature", "geometry": {"type": "Polygon", "coordinates": [[[1428.54088674942, 26.495156882246107], [1427.558113722559, 26.60647688236054], [1426.6736179981397, 21.59707688235244], [1427.6563910250009, 21.485756882238007], [1428.54088674942, 26.27251688241273], [1428.54088674942, 26.495156882246107]]]}, "properties": {"id": 407, "height_m": 9.0, "levels": 3, "category": "residencial", "extrude": true, "manzana_id": 150}}, {"type": "Feature", "geometry": {"type": "Polygon", "coordinates": [[[1426.6736179981397, 21.59707688235244], [1426.083954182093, 18.368796882197813], [1426.9684499061632, 18.146156882364437], [1427.6563910250009, 21.485756882238007], [1426.6736179981397, 21.59707688235244]]]}, "properties": {"id": 408, "height_m": 12.0, "levels": 4, "category": "residencial", "extrude": true, "manzana_id": 150}}, {"type": "Feature", "geometry": {"type": "Polygon", "coordinates": [[[1428.54088674942, 26.27251688241273], [1427.6563910250009, 21.485756882238007], [1431.489205830003, 20.70651688222796], [1431.9805923436081, 23.71215688215372], [1432.5702561596547, 23.71215688215372], [1432.8650880676782, 25.71591688223606], [1429.4253824734901, 26.27251688241273], [1428.54088674942, 26.495156882246107], [1428.54088674942, 26.27251688241273]]]}, "properties": {"id": 409, "height_m": 12.0, "levels": 4, "category": "residencial", "extrude": true, "manzana_id": 150}}, {"type": "Feature", "geometry": {"type": "Polygon", "coordinates": [[[1426.9684499061632, 18.146156882364437], [1426.6736179981397, 16.1423968822821], [1436.5996255698897, 14.583916882262002], [1437.877230504774, 21.931036882300248], [1438.3686170183792, 24.49139688216377], [1438.3686170183792, 24.6027168822782], [1438.4668943208208, 24.825356882111578], [1438.1720624127972, 24.825356882111578], [1438.0737851103556, 24.825356882111578], [1435.8134071482611, 25.270636882173818], [1434.928911424191, 25.38195688228825], [1434.6340795161677, 23.26687688248697], [1432.5702561596547, 23.71215688215372], [1431.9805923436081, 23.71215688215372], [1431.489205830003, 20.70651688222796], [1427.6563910250009, 21.485756882238007], [1426.9684499061632, 18.146156882364437]]]}, "properties": {"id": 410, "height_m": 15.0, "levels": 5, "category": "residencial", "extrude": true, "manzana_id": 150}}, {"type": "Feature", "geometry": {"type": "Polygon", "coordinates": [[[1436.5996255698897, 14.583916882262002], [1436.5996255698897, 14.583916882262002], [1443.9704232715217, 13.470716882304146], [1444.8549189959408, 18.034836882250005], [1447.115296957686, 17.700876882302197], [1447.8032380765237, 21.26311688240463], [1445.5428601147783, 21.70839688246687], [1445.8376920228018, 23.600836882434777], [1445.5428601147783, 23.600836882434777], [1444.3635324823358, 23.823476882268153], [1444.0687005743123, 21.931036882300248], [1441.9065999150087, 22.264996882248056], [1441.7100453097762, 21.26311688240463], [1437.877230504774, 21.931036882300248], [1436.5996255698897, 14.583916882262002]]]}, "properties": {"id": 411, "height_m": 6.0, "levels": 2, "category": "residencial", "extrude": true, "manzana_id": 150}}, {"type": "Feature", "geometry": {"type": "Polygon", "coordinates": [[[1438.3686170183792, 24.49139688216377], [1437.877230504774, 21.931036882300248], [1441.7100453097762, 21.26311688240463], [1441.9065999150087, 22.264996882248056], [1442.2014318230322, 24.268756882330393], [1438.4668943208208, 24.93667688222601], [1438.4668943208208, 24.825356882111578], [1438.3686170183792, 24.6027168822782], [1438.3686170183792, 24.49139688216377]]]}, "properties": {"id": 412, "height_m": 9.0, "levels": 3, "category": "residencial", "extrude": true, "manzana_id": 150}}, {"type": "Feature", "geometry": {"type": "Polygon", "coordinates": [[[1447.115296957686, 17.700876882302197], [1444.8549189959408, 18.034836882250005], [1443.9704232715217, 13.470716882304146], [1446.230801233616, 13.136756882356337], [1446.3290785360578, 13.136756882356337], [1447.115296957686, 17.700876882302197]]]}, "properties": {"id": 413, "height_m": 9.0, "levels": 3, "category": "residencial", "extrude": true, "manzana_id": 150}}, {"type": "Feature", "geometry": {"type": "Polygon", "coordinates": [[[1445.8376920228018, 23.600836882434777], [1445.5428601147783, 21.70839688246687], [1447.8032380765237, 21.26311688240463], [1448.0980699845472, 23.044236882258105], [1448.196347287338, 23.155556882372537], [1445.8376920228018, 23.600836882434777]]]}, "properties": {"id": 414, "height_m": 9.0, "levels": 3, "category": "residencial", "extrude": true, "manzana_id": 150}}, {"type": "Feature", "geometry": {"type": "Polygon", "coordinates": [[[1436.5996255698897, 14.583916882262002], [1436.4030709646572, 13.582036882418578], [1440.2358857693102, 13.025436882241905], [1446.1325239308253, 12.134876882117425], [1446.3290785360578, 13.136756882356337], [1446.230801233616, 13.136756882356337], [1443.9704232715217, 13.470716882304146], [1436.5996255698897, 14.583916882262002]]]}, "properties": {"id": 415, "height_m": 3.0, "levels": 1, "category": "residencial", "extrude": true, "manzana_id": 150}}, {"type": "Feature", "geometry": {"type": "Polygon", "coordinates": [[[1442.2014318230322, 24.268756882330393], [1441.9065999150087, 22.264996882248056], [1444.0687005743123, 21.931036882300248], [1444.3635324823358, 23.823476882268153], [1443.4790367582657, 24.04611688210153], [1442.2014318230322, 24.268756882330393]]]}, "properties": {"id": 416, "height_m": 3.0, "levels": 1, "category": "residencial", "extrude": true, "manzana_id": 150}}, {"type": "Feature", "geometry": {"type": "Polygon", "coordinates": [[[1449.5722295250132, 17.255596882239956], [1448.687733800594, 12.80279688240853], [1453.601598935248, 12.02355688239848], [1454.2895400540856, 16.476356882229908], [1449.5722295250132, 17.255596882239956]]]}, "properties": {"id": 417, "height_m": 6.0, "levels": 2, "category": "residencial", "extrude": true, "manzana_id": 150}}, {"type": "Feature", "geometry": {"type": "Polygon", "coordinates": [[[1447.115296957686, 17.700876882302197], [1446.3290785360578, 13.136756882356337], [1446.4273558388486, 13.136756882356337], [1448.687733800594, 12.80279688240853], [1449.5722295250132, 17.255596882239956], [1454.2895400540856, 16.476356882229908], [1457.1395818318779, 16.031076882167667], [1457.9258002535062, 21.374436882123575], [1457.9258002535062, 21.485756882238007], [1454.6826492648997, 22.04235688241468], [1454.3878173568764, 22.153676882133624], [1452.029162091991, 22.48763688247692], [1451.5377755787351, 22.598956882195864], [1450.4567252490835, 22.710276882310296], [1448.196347287338, 23.155556882372537], [1448.0980699845472, 23.044236882258105], [1447.8032380765237, 21.26311688240463], [1447.115296957686, 17.700876882302197]]]}, "properties": {"id": 418, "height_m": 6.0, "levels": 2, "category": "residencial", "extrude": true, "manzana_id": 150}}, {"type": "Feature", "geometry": {"type": "Polygon", "coordinates": [[[1454.2895400540856, 16.476356882229908], [1453.601598935248, 12.02355688239848], [1456.2550861078075, 11.57827688233624], [1456.4516407130402, 11.57827688233624], [1456.9430272266452, 14.695236882376435], [1456.9430272266452, 15.140516882438675], [1457.1395818318779, 16.031076882167667], [1454.2895400540856, 16.476356882229908]]]}, "properties": {"id": 419, "height_m": 9.0, "levels": 3, "category": "residencial", "extrude": true, "manzana_id": 150}}, {"type": "Feature", "geometry": {"type": "Polygon", "coordinates": [[[1461.2672285449034, 20.929156882456823], [1460.97239663688, 19.036716882488918], [1463.5276065069977, 18.591436882426677], [1463.8224384150212, 20.595196882113527], [1461.2672285449034, 20.929156882456823]]]}, "properties": {"id": 420, "height_m": 3.0, "levels": 1, "category": "residencial", "extrude": true, "manzana_id": 150}}, {"type": "Feature", "geometry": {"type": "Polygon", "coordinates": [[[1456.4516407130402, 11.57827688233624], [1456.2550861078075, 10.576396882492816], [1463.9207157174628, 9.46319688213947], [1464.0189930202537, 10.465076882378384], [1463.429329204207, 10.576396882492816], [1456.4516407130402, 11.57827688233624]]]}, "properties": {"id": 421, "height_m": 6.0, "levels": 2, "category": "residencial", "extrude": true, "manzana_id": 150}}, {"type": "Feature", "geometry": {"type": "Polygon", "coordinates": [[[1456.9430272266452, 14.695236882376435], [1456.4516407130402, 11.57827688233624], [1463.429329204207, 10.576396882492816], [1464.0189930202537, 10.465076882378384], [1464.903488744673, 15.140516882438675], [1458.1223548590876, 16.25371688239653], [1457.9258002535062, 15.029196882324243], [1456.9430272266452, 15.140516882438675], [1456.9430272266452, 14.695236882376435]]]}, "properties": {"id": 422, "height_m": 9.0, "levels": 3, "category": "residencial", "extrude": true, "manzana_id": 150}}, {"type": "Feature", "geometry": {"type": "Polygon", "coordinates": [[[1457.1395818318779, 16.031076882167667], [1456.9430272266452, 15.140516882438675], [1457.9258002535062, 15.029196882324243], [1458.1223548590876, 16.25371688239653], [1464.903488744673, 15.140516882438675], [1464.0189930202537, 10.465076882378384], [1466.2793709823484, 10.131116882430575], [1467.0655894036274, 14.583916882262002], [1467.2621440092091, 15.474476882386483], [1467.4586986144418, 16.698996882458772], [1465.394875257929, 17.144276882125524], [1465.9845390739758, 20.26123688216572], [1463.8224384150212, 20.595196882113527], [1463.5276065069977, 18.591436882426677], [1460.97239663688, 19.036716882488918], [1461.2672285449034, 20.929156882456823], [1458.2206321615295, 21.485756882238007], [1458.024077556297, 21.485756882238007], [1457.9258002535062, 21.485756882238007], [1457.9258002535062, 21.374436882123575], [1457.1395818318779, 16.031076882167667]]]}, "properties": {"id": 423, "height_m": 12.0, "levels": 4, "category": "residencial", "extrude": true, "manzana_id": 150}}, {"type": "Feature", "geometry": {"type": "Polygon", "coordinates": [[[1465.9845390739758, 20.26123688216572], [1465.394875257929, 17.144276882125524], [1467.4586986144418, 16.698996882458772], [1468.0483624304884, 19.704636882384534], [1468.0483624304884, 19.92727688221791], [1467.9500851280468, 19.92727688221791], [1465.9845390739758, 20.26123688216572]]]}, "properties": {"id": 424, "height_m": 15.0, "levels": 5, "category": "residencial", "extrude": true, "manzana_id": 150}}, {"type": "Feature", "geometry": {"type": "Polygon", "coordinates": [[[1467.4586986144418, 16.698996882458772], [1467.2621440092091, 15.474476882386483], [1470.0139084845596, 15.251836882157619], [1469.1294127601402, 9.685836882368335], [1471.7828999326998, 9.240556882306095], [1473.2570594731658, 18.814076882260053], [1473.2570594731658, 19.14803688220786], [1471.2915134194438, 19.48199688215567], [1470.9966815114205, 19.593316882270102], [1467.9500851280468, 20.149916882446774], [1467.9500851280468, 19.92727688221791], [1468.0483624304884, 19.92727688221791], [1468.0483624304884, 19.704636882384534], [1467.4586986144418, 16.698996882458772]]]}, "properties": {"id": 425, "height_m": 6.0, "levels": 2, "category": "residencial", "extrude": true, "manzana_id": 150}}, {"type": "Feature", "geometry": {"type": "Polygon", "coordinates": [[[1467.0655894036274, 14.583916882262002], [1466.2793709823484, 10.131116882430575], [1469.1294127601402, 9.685836882368335], [1470.0139084845596, 15.251836882157619], [1467.2621440092091, 15.474476882386483], [1467.0655894036274, 14.583916882262002]]]}, "properties": {"id": 426, "height_m": 9.0, "levels": 3, "category": "residencial", "extrude": true, "manzana_id": 150}}, {"type": "Feature", "geometry": {"type": "Polygon", "coordinates": [[[1482.2985713204964, 11.912236882284049], [1481.7089075044496, 7.6820768822859975], [1481.7089075044496, 7.570756882171565], [1484.067562768986, 7.236796882223757], [1484.7555038878234, 11.57827688233624], [1482.2985713204964, 11.912236882284049]]]}, "properties": {"id": 427, "height_m": 12.0, "levels": 4, "category": "residencial", "extrude": true, "manzana_id": 150}}, {"type": "Feature", "geometry": {"type": "Polygon", "coordinates": [[[1482.6916805313108, 14.47259688214757], [1482.2985713204964, 11.912236882284049], [1484.7555038878234, 11.57827688233624], [1484.067562768986, 7.236796882223757], [1491.5366377734088, 6.012276882151468], [1491.831469681432, 8.016036882233806], [1492.5194108002697, 12.468836882460721], [1493.0107973138747, 16.031076882167667], [1490.7504193517802, 16.365036882115476], [1486.8193272443364, 16.921636882292148], [1484.8537811906144, 17.255596882239956], [1484.3623946770092, 14.249956882314194], [1482.6916805313108, 14.47259688214757]]]}, "properties": {"id": 428, "height_m": 9.0, "levels": 3, "category": "residencial", "extrude": true, "manzana_id": 150}}, {"type": "Feature", "geometry": {"type": "Polygon", "coordinates": [[[1484.8537811906144, 17.255596882239956], [1484.6572265850327, 17.255596882239956], [1483.1830670449158, 17.47823688246882], [1483.084789742125, 17.255596882239956], [1482.6916805313108, 14.47259688214757], [1484.3623946770092, 14.249956882314194], [1484.8537811906144, 17.255596882239956]]]}, "properties": {"id": 429, "height_m": 3.0, "levels": 1, "category": "residencial", "extrude": true, "manzana_id": 150}}, {"type": "Feature", "geometry": {"type": "Polygon", "coordinates": [[[1484.067562768986, 7.236796882223757], [1483.8710081637532, 6.2349168823803325], [1491.340083168176, 5.121716882422476], [1491.5366377734088, 6.012276882151468], [1484.067562768986, 7.236796882223757]]]}, "properties": {"id": 430, "height_m": 6.0, "levels": 2, "category": "residencial", "extrude": true, "manzana_id": 150}}, {"type": "Feature", "geometry": {"type": "Polygon", "coordinates": [[[1493.0107973138747, 16.031076882167667], [1492.5194108002697, 12.468836882460721], [1491.831469681432, 8.016036882233806], [1492.814242708293, 7.79339688240043], [1493.993570340736, 15.808436882334291], [1493.993570340736, 15.808436882334291], [1493.0107973138747, 16.031076882167667]]]}, "properties": {"id": 431, "height_m": 6.0, "levels": 2, "category": "residencial", "extrude": true, "manzana_id": 150}}, {"type": "Feature", "geometry": {"type": "Polygon", "coordinates": [[[1484.558949282591, 26.60647688236054], [1484.2641173745676, 24.6027168822782], [1483.1830670449158, 17.47823688246882], [1484.6572265850327, 17.255596882239956], [1484.952058493405, 19.14803688220786], [1487.1141591523597, 18.814076882260053], [1486.8193272443364, 16.921636882292148], [1490.7504193517802, 16.365036882115476], [1493.0107973138747, 16.031076882167667], [1493.6987384327124, 20.26123688216572], [1488.7848732980583, 21.040476882175767], [1489.4728144168957, 25.38195688228825], [1486.8193272443364, 25.82723688235049], [1486.8193272443364, 26.1611968822983], [1484.558949282591, 26.60647688236054]]]}, "properties": {"id": 432, "height_m": 12.0, "levels": 4, "category": "residencial", "extrude": true, "manzana_id": 150}}, {"type": "Feature", "geometry": {"type": "Polygon", "coordinates": [[[1484.6572265850327, 27.49703688248502], [1484.6572265850327, 27.385716882370588], [1484.558949282591, 26.60647688236054], [1486.8193272443364, 26.1611968822983], [1486.8193272443364, 25.82723688235049], [1489.4728144168957, 25.38195688228825], [1488.7848732980583, 21.040476882175767], [1493.6987384327124, 20.26123688216572], [1494.4849568543407, 25.71591688223606], [1494.5832341567825, 25.938556882464923], [1485.9348315202662, 27.274396882256156], [1484.7555038878234, 27.49703688248502], [1484.6572265850327, 27.49703688248502]]]}, "properties": {"id": 433, "height_m": 9.0, "levels": 3, "category": "residencial", "extrude": true, "manzana_id": 150}}, {"type": "Feature", "geometry": {"type": "Polygon", "coordinates": [[[1493.993570340736, 15.808436882334291], [1495.6642844864343, 26.71779688247497], [1484.8537811906144, 28.387596882214012], [1484.6572265850327, 27.49703688248502], [1484.7555038878234, 27.49703688248502], [1485.9348315202662, 27.274396882256156], [1494.5832341567825, 25.938556882464923], [1494.4849568543407, 25.71591688223606], [1493.6987384327124, 20.26123688216572], [1493.0107973138747, 16.031076882167667], [1493.993570340736, 15.808436882334291], [1493.993570340736, 15.808436882334291]]]}, "properties": {"id": 434, "height_m": 6.0, "levels": 2, "category": "residencial", "extrude": true, "manzana_id": 150}}, {"type": "Feature", "geometry": {"type": "Polygon", "coordinates": [[[1486.8193272443364, 16.921636882292148], [1487.1141591523597, 18.814076882260053], [1484.952058493405, 19.14803688220786], [1484.6572265850327, 17.255596882239956], [1486.8193272443364, 16.921636882292148]]]}, "properties": {"id": 435, "height_m": 3.0, "levels": 1, "category": "residencial", "extrude": true, "manzana_id": 150}}, {"type": "Feature", "geometry": {"type": "Polygon", "coordinates": [[[1479.3502522399135, 28.387596882214012], [1478.8588657266578, 25.159316882454874], [1477.6795380942149, 18.480116882312245], [1483.1830670449158, 17.47823688246882], [1484.2641173745676, 24.6027168822782], [1484.6572265850327, 27.385716882370588], [1484.6572265850327, 27.49703688248502], [1479.4485295427044, 28.387596882214012], [1479.3502522399135, 28.387596882214012]]]}, "properties": {"id": 436, "height_m": 12.0, "levels": 4, "category": "residencial", "extrude": true, "manzana_id": 150}}, {"type": "Feature", "geometry": {"type": "Polygon", "coordinates": [[[1478.2692019102617, 20.595196882113527], [1477.8760926994476, 18.70275688214562], [1478.8588657266578, 18.480116882312245], [1479.2519749371227, 20.483876882394583], [1478.2692019102617, 20.595196882113527]]]}, "properties": {"id": 437, "height_m": 3.0, "levels": 1, "category": "residencial", "extrude": true, "manzana_id": 150}}, {"type": "Feature", "geometry": {"type": "Polygon", "coordinates": [[[1479.546806845146, 29.389476882452925], [1479.3502522399135, 28.387596882214012], [1479.4485295427044, 28.387596882214012], [1484.6572265850327, 27.49703688248502], [1484.8537811906144, 28.387596882214012], [1484.8537811906144, 28.498916882328444], [1479.546806845146, 29.389476882452925]]]}, "properties": {"id": 438, "height_m": 9.0, "levels": 3, "category": "residencial", "extrude": true, "manzana_id": 150}}, {"type": "Feature", "geometry": {"type": "Polygon", "coordinates": [[[1479.3502522399135, 28.387596882214012], [1479.546806845146, 29.389476882452925], [1469.7190765761873, 31.059276882191966], [1469.5225219709546, 30.05739688234854], [1473.2570594731658, 29.389476882452925], [1475.615714737702, 29.05551688210963], [1479.153697634681, 28.387596882214012], [1479.153697634681, 28.387596882214012], [1479.3502522399135, 28.387596882214012]]]}, "properties": {"id": 439, "height_m": 9.0, "levels": 3, "category": "residencial", "extrude": true, "manzana_id": 150}}, {"type": "Feature", "geometry": {"type": "Polygon", "coordinates": [[[1469.5225219709546, 30.05739688234854], [1467.9500851280468, 20.149916882446774], [1470.9966815114205, 19.593316882270102], [1471.2915134194438, 19.48199688215567], [1471.6846226302582, 21.819716882185816], [1471.9794545382815, 21.819716882185816], [1473.2570594731658, 29.389476882452925], [1469.5225219709546, 30.05739688234854]]]}, "properties": {"id": 440, "height_m": 12.0, "levels": 4, "category": "residencial", "extrude": true, "manzana_id": 150}}, {"type": "Feature", "geometry": {"type": "Polygon", "coordinates": [[[1474.3381098028176, 21.374436882123575], [1474.6329417108411, 21.374436882123575], [1474.239832500027, 19.036716882488918], [1474.4363871056087, 19.036716882488918], [1477.581260791424, 18.480116882312245], [1477.6795380942149, 18.480116882312245], [1478.8588657266578, 25.159316882454874], [1479.3502522399135, 28.387596882214012], [1479.153697634681, 28.387596882214012], [1479.153697634681, 28.387596882214012], [1475.615714737702, 29.05551688210963], [1474.3381098028176, 21.374436882123575]]]}, "properties": {"id": 441, "height_m": 12.0, "levels": 4, "category": "residencial", "extrude": true, "manzana_id": 150}}, {"type": "Feature", "geometry": {"type": "Polygon", "coordinates": [[[1473.2570594731658, 29.389476882452925], [1471.9794545382815, 21.819716882185816], [1474.3381098028176, 21.374436882123575], [1475.615714737702, 29.05551688210963], [1473.2570594731658, 29.389476882452925]]]}, "properties": {"id": 442, "height_m": 15.0, "levels": 5, "category": "residencial", "extrude": true, "manzana_id": 150}}, {"type": "Feature", "geometry": {"type": "Polygon", "coordinates": [[[1448.687733800594, 26.495156882246107], [1448.196347287338, 23.155556882372537], [1450.4567252490835, 22.710276882310296], [1451.5377755787351, 22.598956882195864], [1452.029162091991, 25.604596882121626], [1452.9136578164103, 27.942316882151772], [1453.601598935248, 32.50643688249312], [1450.8498344598977, 32.95171688215987], [1449.8670614330365, 33.063036882274304], [1449.8670614330365, 33.063036882274304], [1449.8670614330365, 32.84039688244093], [1449.4739522222224, 30.83663688235859], [1449.0808430114082, 28.72155688216182], [1448.687733800594, 26.495156882246107]]]}, "properties": {"id": 443, "height_m": 9.0, "levels": 3, "category": "residencial", "extrude": true, "manzana_id": 150}}, {"type": "Feature", "geometry": {"type": "Polygon", "coordinates": [[[1455.1740357781557, 25.047996882340442], [1454.6826492648997, 22.04235688241468], [1457.9258002535062, 21.485756882238007], [1458.024077556297, 21.485756882238007], [1459.6947917019957, 31.393236882139774], [1459.6947917019957, 31.393236882139774], [1458.7120186751347, 31.61587688236864], [1455.8619768969934, 32.06115688243088], [1455.1740357781557, 27.608356882203964], [1455.1740357781557, 25.047996882340442]]]}, "properties": {"id": 444, "height_m": 9.0, "levels": 3, "category": "residencial", "extrude": true, "manzana_id": 150}}, {"type": "Feature", "geometry": {"type": "Polygon", "coordinates": [[[1453.601598935248, 32.50643688249312], [1452.9136578164103, 27.942316882151772], [1452.029162091991, 25.604596882121626], [1455.1740357781557, 25.047996882340442], [1455.1740357781557, 27.608356882203964], [1455.8619768969934, 32.06115688243088], [1453.601598935248, 32.50643688249312]]]}, "properties": {"id": 445, "height_m": 12.0, "levels": 4, "category": "residencial", "extrude": true, "manzana_id": 150}}, {"type": "Feature", "geometry": {"type": "Polygon", "coordinates": [[[1445.8376920228018, 25.604596882121626], [1443.8721459690798, 25.938556882464923], [1443.4790367582657, 24.04611688210153], [1444.3635324823358, 23.823476882268153], [1445.5428601147783, 23.600836882434777], [1445.8376920228018, 25.604596882121626]]]}, "properties": {"id": 446, "height_m": 3.0, "levels": 1, "category": "residencial", "extrude": true, "manzana_id": 150}}, {"type": "Feature", "geometry": {"type": "Polygon", "coordinates": [[[1439.1548354396584, 30.168716882462974], [1438.9582808344258, 29.16683688222406], [1440.4324403748917, 28.944196882390685], [1440.6289949801244, 29.94607688223411], [1439.1548354396584, 30.168716882462974]]]}, "properties": {"id": 447, "height_m": 6.0, "levels": 2, "category": "residencial", "extrude": true, "manzana_id": 150}}, {"type": "Feature", "geometry": {"type": "Polygon", "coordinates": [[[1449.8670614330365, 33.063036882274304], [1450.063616038269, 34.06491688211773], [1440.1376084668684, 35.84603688236669], [1439.9410538612867, 34.84415688212778], [1440.1376084668684, 34.84415688212778], [1447.3118515629187, 33.619636882450976], [1449.5722295250132, 33.174356882388736], [1449.8670614330365, 33.063036882274304]]]}, "properties": {"id": 448, "height_m": 6.0, "levels": 2, "category": "residencial", "extrude": true, "manzana_id": 150}}, {"type": "Feature", "geometry": {"type": "Polygon", "coordinates": [[[1438.9582808344258, 29.16683688222406], [1438.1720624127972, 24.825356882111578], [1438.4668943208208, 24.825356882111578], [1438.4668943208208, 24.93667688222601], [1442.2014318230322, 24.268756882330393], [1443.4790367582657, 24.04611688210153], [1443.8721459690798, 25.938556882464923], [1445.8376920228018, 25.604596882121626], [1446.4273558388486, 28.832876882276253], [1447.3118515629187, 33.619636882450976], [1440.1376084668684, 34.84415688212778], [1439.9410538612867, 34.84415688212778], [1439.9410538612867, 34.73283688240883], [1439.9410538612867, 34.6215168822944], [1439.1548354396584, 30.168716882462974], [1440.6289949801244, 29.94607688223411], [1440.4324403748917, 28.944196882390685], [1438.9582808344258, 29.16683688222406]]]}, "properties": {"id": 449, "height_m": 9.0, "levels": 3, "category": "residencial", "extrude": true, "manzana_id": 150}}, {"type": "Feature", "geometry": {"type": "Polygon", "coordinates": [[[1445.8376920228018, 25.604596882121626], [1445.5428601147783, 23.600836882434777], [1445.8376920228018, 23.600836882434777], [1448.196347287338, 23.155556882372537], [1448.687733800594, 26.495156882246107], [1449.0808430114082, 28.72155688216182], [1449.4739522222224, 30.83663688235859], [1449.8670614330365, 32.84039688244093], [1449.8670614330365, 33.063036882274304], [1449.8670614330365, 33.063036882274304], [1449.5722295250132, 33.174356882388736], [1447.3118515629187, 33.619636882450976], [1446.4273558388486, 28.832876882276253], [1445.8376920228018, 25.604596882121626]]]}, "properties": {"id": 450, "height_m": 12.0, "levels": 4, "category": "residencial", "extrude": true, "manzana_id": 150}}, {"type": "Feature", "geometry": {"type": "Polygon", "coordinates": [[[1429.7202143815134, 28.387596882214012], [1429.4253824734901, 26.27251688241273], [1432.8650880676782, 25.71591688223606], [1434.928911424191, 25.38195688228825], [1435.8134071482611, 25.270636882173818], [1436.1082390562844, 27.274396882256156], [1429.7202143815134, 28.387596882214012]]]}, "properties": {"id": 451, "height_m": 3.0, "levels": 1, "category": "residencial", "extrude": true, "manzana_id": 150}}, {"type": "Feature", "geometry": {"type": "Polygon", "coordinates": [[[1430.408155500351, 36.402636882147874], [1430.1133235923278, 36.402636882147874], [1428.3443321438385, 26.495156882246107], [1428.54088674942, 26.495156882246107], [1429.4253824734901, 26.27251688241273], [1429.7202143815134, 28.387596882214012], [1436.1082390562844, 27.274396882256156], [1437.5823985967506, 35.06679688235664], [1437.5823985967506, 35.17811688247107], [1430.408155500351, 36.402636882147874]]]}, "properties": {"id": 452, "height_m": 9.0, "levels": 3, "category": "residencial", "extrude": true, "manzana_id": 150}}, {"type": "Feature", "geometry": {"type": "Polygon", "coordinates": [[[1436.1082390562844, 27.274396882256156], [1435.8134071482611, 25.270636882173818], [1438.0737851103556, 24.825356882111578], [1438.1720624127972, 24.825356882111578], [1438.9582808344258, 29.16683688222406], [1439.1548354396584, 30.168716882462974], [1439.9410538612867, 34.6215168822944], [1439.9410538612867, 34.73283688240883], [1439.7444992560543, 34.73283688240883], [1437.5823985967506, 35.17811688247107], [1437.5823985967506, 35.06679688235664], [1436.1082390562844, 27.274396882256156]]]}, "properties": {"id": 453, "height_m": 12.0, "levels": 4, "category": "residencial", "extrude": true, "manzana_id": 150}}, {"type": "Feature", "geometry": {"type": "Polygon", "coordinates": [[[1428.2460548413967, 149.39243688241845], [1427.7546683277917, 146.27547688237826], [1430.997819316398, 145.71887688220158], [1431.489205830003, 148.9471568823562], [1430.408155500351, 149.05847688247064], [1428.2460548413967, 149.39243688241845]]]}, "properties": {"id": 454, "height_m": 3.0, "levels": 1, "category": "residencial", "extrude": true, "manzana_id": 156}}, {"type": "Feature", "geometry": {"type": "Polygon", "coordinates": [[[1431.7840377380264, 137.36987688231991], [1432.5702561596547, 140.04155688229787], [1425.101181155232, 141.7113568824324], [1424.5115173391853, 138.5943968823922], [1431.7840377380264, 137.36987688231991]]]}, "properties": {"id": 455, "height_m": 12.0, "levels": 4, "category": "residencial", "extrude": true, "manzana_id": 156}}, {"type": "Feature", "geometry": {"type": "Polygon", "coordinates": [[[1419.4993749017406, 151.0622368821575], [1417.140719637204, 139.8189168824645], [1417.238996939995, 139.8189168824645], [1421.7597528638348, 139.03967688245444], [1422.1528620743, 138.92835688234], [1424.5115173391853, 138.5943968823922], [1425.101181155232, 141.7113568824324], [1432.5702561596547, 140.04155688229787], [1431.7840377380264, 137.36987688231991], [1434.5358022133767, 136.92459688225767], [1439.253112742449, 136.14535688224763], [1440.3341630721009, 141.7113568824324], [1441.316936098962, 146.7207568824405], [1431.489205830003, 148.9471568823562], [1430.997819316398, 145.71887688220158], [1427.7546683277917, 146.27547688237826], [1428.2460548413967, 149.39243688241845], [1427.9512229330242, 149.5037568821374], [1420.678702534183, 150.83959688232412], [1419.4993749017406, 151.0622368821575]]]}, "properties": {"id": 456, "height_m": 15.0, "levels": 5, "category": "residencial", "extrude": true, "manzana_id": 156}}, {"type": "Feature", "geometry": {"type": "Polygon", "coordinates": [[[1419.4993749017406, 151.3961968821053], [1419.4993749017406, 151.0622368821575], [1420.678702534183, 150.83959688232412], [1427.9512229330242, 149.5037568821374], [1428.54088674942, 152.17543688211535], [1421.2683663502296, 153.73391688213545], [1419.9907614153453, 154.06787688247874], [1419.4993749017406, 151.3961968821053]]]}, "properties": {"id": 457, "height_m": 9.0, "levels": 3, "category": "residencial", "extrude": true, "manzana_id": 156}}, {"type": "Feature", "geometry": {"type": "Polygon", "coordinates": [[[1432.373701554073, 153.73391688213545], [1433.7495837917484, 160.74707688222588], [1421.3666436530207, 162.75083688230822], [1419.9907614153453, 154.06787688247874], [1421.2683663502296, 153.73391688213545], [1424.708071944418, 153.06599688223983], [1425.101181155232, 154.8471168824888], [1425.101181155232, 155.29239688215554], [1432.373701554073, 153.73391688213545]]]}, "properties": {"id": 458, "height_m": 6.0, "levels": 2, "category": "residencial", "extrude": true, "manzana_id": 156}}, {"type": "Feature", "geometry": {"type": "Polygon", "coordinates": [[[1432.373701554073, 153.73391688213545], [1425.101181155232, 155.29239688215554], [1425.101181155232, 154.8471168824888], [1424.708071944418, 153.06599688223983], [1428.54088674942, 152.17543688211535], [1427.9512229330242, 149.5037568821374], [1428.2460548413967, 149.39243688241845], [1430.408155500351, 149.05847688247064], [1431.489205830003, 148.9471568823562], [1432.373701554073, 153.73391688213545]]]}, "properties": {"id": 459, "height_m": 9.0, "levels": 3, "category": "residencial", "extrude": true, "manzana_id": 156}}, {"type": "Feature", "geometry": {"type": "Polygon", "coordinates": [[[1440.923826888148, 151.50751688221973], [1432.2754242516314, 153.2886368824687], [1431.489205830003, 148.9471568823562], [1440.2358857693102, 146.94339688227387], [1440.923826888148, 151.50751688221973]]]}, "properties": {"id": 460, "height_m": 3.0, "levels": 1, "category": "residencial", "extrude": true, "manzana_id": 156}}, {"type": "Feature", "geometry": {"type": "Polygon", "coordinates": [[[1449.3756749194315, 144.4943568821293], [1447.8032380765237, 134.58687688222753], [1455.665422291761, 133.2510368824363], [1457.2378591346685, 143.15851688233806], [1456.5499180158308, 143.38115688217144], [1449.3756749194315, 144.4943568821293]]]}, "properties": {"id": 461, "height_m": 9.0, "levels": 3, "category": "residencial", "extrude": true, "manzana_id": 163}}, {"type": "Feature", "geometry": {"type": "Polygon", "coordinates": [[[1457.532691042692, 132.9170768824885], [1458.1223548590876, 132.80575688237406], [1459.7930690047865, 142.82455688239025], [1459.3016824911815, 142.82455688239025], [1457.2378591346685, 143.15851688233806], [1455.665422291761, 133.2510368824363], [1457.532691042692, 132.9170768824885]]]}, "properties": {"id": 462, "height_m": 12.0, "levels": 4, "category": "residencial", "extrude": true, "manzana_id": 163}}, {"type": "Feature", "geometry": {"type": "Polygon", "coordinates": [[[1458.1223548590876, 132.80575688237406], [1457.9258002535062, 131.80387688213514], [1461.8568923612993, 131.24727688235396], [1462.0534469665317, 132.13783688247844], [1458.4171867671112, 132.80575688237406], [1458.1223548590876, 132.80575688237406]]]}, "properties": {"id": 463, "height_m": 3.0, "levels": 1, "category": "residencial", "extrude": true, "manzana_id": 163}}, {"type": "Feature", "geometry": {"type": "Polygon", "coordinates": [[[1469.227690062931, 136.0340368821332], [1470.0139084845596, 140.93211688242235], [1470.0139084845596, 141.0434368821413], [1469.9156311817687, 141.0434368821413], [1467.0655894036274, 141.60003688231797], [1459.989623610019, 142.71323688227582], [1459.7930690047865, 142.82455688239025], [1458.1223548590876, 132.80575688237406], [1458.4171867671112, 132.80575688237406], [1462.0534469665317, 132.13783688247844], [1465.7879844687432, 131.58123688230177], [1466.5742028903715, 136.47931688219543], [1469.227690062931, 136.0340368821332]]]}, "properties": {"id": 464, "height_m": 6.0, "levels": 2, "category": "residencial", "extrude": true, "manzana_id": 163}}, {"type": "Feature", "geometry": {"type": "Polygon", "coordinates": [[[1465.1983206526966, 141.7113568824324], [1463.9207157174628, 141.82267688215134], [1463.5276065069977, 139.8189168824645], [1464.903488744673, 139.59627688223563], [1465.1983206526966, 141.7113568824324]]]}, "properties": {"id": 465, "height_m": 3.0, "levels": 1, "category": "residencial", "extrude": true, "manzana_id": 163}}, {"type": "Feature", "geometry": {"type": "Polygon", "coordinates": [[[1469.227690062931, 136.0340368821332], [1466.5742028903715, 136.47931688219543], [1465.7879844687432, 131.58123688230177], [1465.9845390739758, 131.58123688230177], [1468.343194338512, 131.13595688223953], [1469.227690062931, 136.0340368821332]]]}, "properties": {"id": 466, "height_m": 9.0, "levels": 3, "category": "residencial", "extrude": true, "manzana_id": 163}}, {"type": "Feature", "geometry": {"type": "Polygon", "coordinates": [[[1477.9743700022384, 139.70759688235006], [1477.3847061861916, 136.25667688236206], [1479.546806845146, 135.92271688241425], [1481.7089075044496, 135.58875688246644], [1482.2985713204964, 138.92835688234], [1480.136470661542, 139.37363688240225], [1479.7433614507277, 139.37363688240225], [1477.9743700022384, 139.70759688235006]]]}, "properties": {"id": 467, "height_m": 3.0, "levels": 1, "category": "residencial", "extrude": true, "manzana_id": 163}}, {"type": "Feature", "geometry": {"type": "Polygon", "coordinates": [[[1476.7950423701448, 139.93023688218344], [1476.205378553749, 136.47931688219543], [1477.0898742781683, 136.3679968824765], [1477.3847061861916, 136.25667688236206], [1477.9743700022384, 139.70759688235006], [1476.7950423701448, 139.93023688218344]]]}, "properties": {"id": 468, "height_m": 6.0, "levels": 2, "category": "residencial", "extrude": true, "manzana_id": 163}}, {"type": "Feature", "geometry": {"type": "Polygon", "coordinates": [[[1482.2985713204964, 138.92835688234], [1481.7089075044496, 135.58875688246644], [1482.0037394124731, 135.58875688246644], [1482.8882351368925, 135.36611688223758], [1483.477898952939, 138.81703688222558], [1483.084789742125, 138.81703688222558], [1482.2985713204964, 138.92835688234]]]}, "properties": {"id": 469, "height_m": 6.0, "levels": 2, "category": "residencial", "extrude": true, "manzana_id": 163}}, {"type": "Feature", "geometry": {"type": "Polygon", "coordinates": [[[1477.0898742781683, 136.3679968824765], [1476.7950423701448, 134.03027688244634], [1479.153697634681, 133.5849968823841], [1481.610630201659, 133.13971688232186], [1482.0037394124731, 135.58875688246644], [1481.7089075044496, 135.58875688246644], [1479.546806845146, 135.92271688241425], [1477.3847061861916, 136.25667688236206], [1477.0898742781683, 136.3679968824765]]]}, "properties": {"id": 470, "height_m": 12.0, "levels": 4, "category": "residencial", "extrude": true, "manzana_id": 163}}, {"type": "Feature", "geometry": {"type": "Polygon", "coordinates": [[[1470.0139084845596, 141.0434368821413], [1470.0139084845596, 141.0434368821413], [1470.0139084845596, 140.93211688242235], [1468.343194338512, 131.13595688223953], [1468.4414716413028, 131.13595688223953], [1468.343194338512, 131.0246368821251], [1470.1121857870014, 130.80199688229172], [1488.5883186928259, 127.68503688225152], [1488.5883186928259, 127.79635688236596], [1488.5883186928259, 127.79635688236596], [1490.1607555357334, 137.70383688226772], [1490.0624782332918, 137.70383688226772], [1486.426218033522, 138.2604368824444], [1483.477898952939, 138.81703688222558], [1482.8882351368925, 135.36611688223758], [1482.0037394124731, 135.58875688246644], [1481.610630201659, 133.13971688232186], [1479.153697634681, 133.5849968823841], [1476.7950423701448, 134.03027688244634], [1477.0898742781683, 136.3679968824765], [1476.205378553749, 136.47931688219543], [1476.7950423701448, 139.93023688218344], [1470.7018496033972, 140.93211688242235], [1470.0139084845596, 141.0434368821413]]]}, "properties": {"id": 471, "height_m": 9.0, "levels": 3, "category": "residencial", "extrude": true, "manzana_id": 163}}, {"type": "Feature", "geometry": {"type": "Polygon", "coordinates": [[[1490.1607555357334, 137.70383688226772], [1488.5883186928259, 127.79635688236596], [1488.5883186928259, 127.79635688236596], [1495.762561789225, 126.57183688229367], [1497.6298305401563, 136.47931688219543], [1490.1607555357334, 137.70383688226772]]]}, "properties": {"id": 472, "height_m": 9.0, "levels": 3, "category": "residencial", "extrude": true, "manzana_id": 163}}, {"type": "Feature", "geometry": {"type": "Polygon", "coordinates": [[[1497.6298305401563, 136.47931688219543], [1495.762561789225, 126.57183688229367], [1498.5143262645756, 126.12655688223143], [1498.5143262645756, 126.34919688246029], [1499.8902085022507, 134.25291688227972], [1500.185040410274, 136.0340368821332], [1497.6298305401563, 136.47931688219543]]]}, "properties": {"id": 473, "height_m": 12.0, "levels": 4, "category": "residencial", "extrude": true, "manzana_id": 163}}, {"type": "Feature", "geometry": {"type": "Polygon", "coordinates": [[[1500.185040410274, 136.0340368821332], [1499.8902085022507, 134.25291688227972], [1503.5264687016713, 133.5849968823841], [1502.2488637667868, 125.45863688233581], [1511.093821008885, 124.01147688243014], [1514.042140089468, 143.71511688211925], [1501.757477253182, 145.83019688231602], [1500.185040410274, 136.0340368821332]]]}, "properties": {"id": 474, "height_m": 12.0, "levels": 4, "category": "residencial", "extrude": true, "manzana_id": 163}}, {"type": "Feature", "geometry": {"type": "Polygon", "coordinates": [[[1498.5143262645756, 126.34919688246029], [1498.5143262645756, 126.12655688223143], [1502.2488637667868, 125.45863688233581], [1503.5264687016713, 133.5849968823841], [1499.8902085022507, 134.25291688227972], [1498.5143262645756, 126.34919688246029]]]}, "properties": {"id": 475, "height_m": 15.0, "levels": 5, "category": "residencial", "extrude": true, "manzana_id": 163}}, {"type": "Feature", "geometry": {"type": "Polygon", "coordinates": [[[1471.4880680246765, 150.95091688243855], [1471.0949588138621, 148.2792368824606], [1474.6329417108411, 147.72263688228392], [1475.0260509216553, 150.39431688226188], [1471.9794545382815, 150.95091688243855], [1471.4880680246765, 150.95091688243855]]]}, "properties": {"id": 476, "height_m": 12.0, "levels": 4, "category": "residencial", "extrude": true, "manzana_id": 163}}, {"type": "Feature", "geometry": {"type": "Polygon", "coordinates": [[[1477.9743700022384, 147.16603688210725], [1477.3847061861916, 147.27735688222168], [1477.8760926994476, 149.94903688219964], [1475.0260509216553, 150.39431688226188], [1474.6329417108411, 147.72263688228392], [1471.0949588138621, 148.2792368824606], [1470.0139084845596, 142.0453168823802], [1469.9156311817687, 141.0434368821413], [1470.0139084845596, 141.0434368821413], [1476.7950423701448, 139.93023688218344], [1477.9743700022384, 139.70759688235006], [1479.7433614507277, 139.37363688240225], [1480.136470661542, 142.0453168823802], [1477.1881515806099, 142.71323688227582], [1477.9743700022384, 147.16603688210725]]]}, "properties": {"id": 477, "height_m": 15.0, "levels": 5, "category": "residencial", "extrude": true, "manzana_id": 163}}, {"type": "Feature", "geometry": {"type": "Polygon", "coordinates": [[[1480.9226890828213, 146.60943688232607], [1481.4140755964265, 149.28111688230402], [1478.2692019102617, 149.8377168824807], [1477.8760926994476, 149.94903688219964], [1477.3847061861916, 147.27735688222168], [1477.9743700022384, 147.16603688210725], [1477.1881515806099, 142.71323688227582], [1480.136470661542, 142.0453168823802], [1480.9226890828213, 146.60943688232607]]]}, "properties": {"id": 478, "height_m": 18.0, "levels": 6, "category": "residencial", "extrude": true, "manzana_id": 163}}, {"type": "Feature", "geometry": {"type": "Polygon", "coordinates": [[[1463.8224384150212, 152.28675688222978], [1461.6603377557176, 152.6207168821776], [1460.1861782152516, 143.71511688211925], [1470.0139084845596, 142.0453168823802], [1470.6035723006064, 145.71887688220158], [1462.9379426906019, 147.0547168823883], [1463.8224384150212, 152.28675688222978]]]}, "properties": {"id": 479, "height_m": 12.0, "levels": 4, "category": "residencial", "extrude": true, "manzana_id": 163}}, {"type": "Feature", "geometry": {"type": "Polygon", "coordinates": [[[1463.8224384150212, 152.28675688222978], [1462.9379426906019, 147.0547168823883], [1470.6035723006064, 145.71887688220158], [1471.0949588138621, 148.2792368824606], [1471.4880680246765, 150.95091688243855], [1464.1172703230447, 152.28675688222978], [1463.8224384150212, 152.28675688222978]]]}, "properties": {"id": 480, "height_m": 9.0, "levels": 3, "category": "residencial", "extrude": true, "manzana_id": 163}}, {"type": "Feature", "geometry": {"type": "Polygon", "coordinates": [[[1471.4880680246765, 150.95091688243855], [1471.6846226302582, 151.95279688228197], [1464.0189930202537, 153.2886368824687], [1463.8224384150212, 152.28675688222978], [1464.1172703230447, 152.28675688222978], [1471.4880680246765, 150.95091688243855]]]}, "properties": {"id": 481, "height_m": 6.0, "levels": 2, "category": "residencial", "extrude": true, "manzana_id": 163}}, {"type": "Feature", "geometry": {"type": "Polygon", "coordinates": [[[1458.6137413723438, 153.17731688235426], [1450.9481117626883, 154.40183688242655], [1449.3756749194315, 144.60567688224373], [1449.3756749194315, 144.4943568821293], [1456.5499180158308, 143.38115688217144], [1456.5499180158308, 143.38115688217144], [1456.5499180158308, 143.6037968824003], [1456.5499180158308, 143.6037968824003], [1456.9430272266452, 145.1622768824204], [1458.6137413723438, 153.17731688235426]]]}, "properties": {"id": 482, "height_m": 6.0, "levels": 2, "category": "residencial", "extrude": true, "manzana_id": 163}}, {"type": "Feature", "geometry": {"type": "Polygon", "coordinates": [[[1456.9430272266452, 145.1622768824204], [1456.5499180158308, 143.6037968824003], [1456.5499180158308, 143.6037968824003], [1456.5499180158308, 143.38115688217144], [1456.5499180158308, 143.38115688217144], [1457.2378591346685, 143.15851688233806], [1459.989623610019, 142.71323688227582], [1460.1861782152516, 143.71511688211925], [1461.6603377557176, 152.6207168821776], [1458.6137413723438, 153.17731688235426], [1456.9430272266452, 145.1622768824204]]]}, "properties": {"id": 483, "height_m": 9.0, "levels": 3, "category": "residencial", "extrude": true, "manzana_id": 163}}, {"type": "Feature", "geometry": {"type": "Polygon", "coordinates": [[[1481.020966385612, 147.3886768823361], [1480.9226890828213, 146.60943688232607], [1479.7433614507277, 139.37363688240225], [1480.136470661542, 139.37363688240225], [1482.2985713204964, 138.92835688234], [1483.084789742125, 138.81703688222558], [1483.3796216501482, 140.37551688224568], [1486.7210499415455, 139.8189168824645], [1486.426218033522, 138.2604368824444], [1490.0624782332918, 137.70383688226772], [1491.2418058653852, 145.60755688248264], [1487.7038229684065, 146.16415688226382], [1488.0969321792209, 148.16791688234616], [1484.952058493405, 148.72451688212735], [1484.558949282591, 146.7207568824405], [1481.020966385612, 147.3886768823361]]]}, "properties": {"id": 484, "height_m": 12.0, "levels": 4, "category": "residencial", "extrude": true, "manzana_id": 163}}, {"type": "Feature", "geometry": {"type": "Polygon", "coordinates": [[[1481.8071848072407, 149.28111688230402], [1481.4140755964265, 149.28111688230402], [1481.020966385612, 147.3886768823361], [1484.558949282591, 146.7207568824405], [1484.952058493405, 148.72451688212735], [1483.5761762557302, 148.9471568823562], [1482.3968486232873, 149.1697968821896], [1481.8071848072407, 149.1697968821896], [1481.8071848072407, 149.28111688230402]]]}, "properties": {"id": 485, "height_m": 9.0, "levels": 3, "category": "residencial", "extrude": true, "manzana_id": 163}}, {"type": "Feature", "geometry": {"type": "Polygon", "coordinates": [[[1488.0969321792209, 148.16791688234616], [1487.7038229684065, 146.16415688226382], [1491.2418058653852, 145.60755688248264], [1491.5366377734088, 147.49999688245055], [1490.5538647465476, 147.72263688228392], [1489.3745371144541, 147.9452768821173], [1488.0969321792209, 148.16791688234616]]]}, "properties": {"id": 486, "height_m": 9.0, "levels": 3, "category": "residencial", "extrude": true, "manzana_id": 163}}, {"type": "Feature", "geometry": {"type": "Polygon", "coordinates": [[[1408.0992077898736, 70.80051688230895], [1405.8388298277791, 71.13447688225676], [1405.5439979197558, 70.91183688242339], [1401.9077377203353, 50.98555688210993], [1404.6595021956855, 50.42895688232875], [1408.0992077898736, 70.80051688230895]]]}, "properties": {"id": 487, "height_m": 12.0, "levels": 4, "category": "residencial", "extrude": true, "manzana_id": 149}}, {"type": "Feature", "geometry": {"type": "Polygon", "coordinates": [[[1408.0992077898736, 70.80051688230895], [1404.6595021956855, 50.42895688232875], [1412.0302998973175, 48.98179688242308], [1413.799291345807, 59.111916882158226], [1414.4872324646446, 62.67415688226066], [1414.683787069877, 64.12131688216633], [1415.5682827942965, 68.90807688234105], [1415.666560097087, 69.35335688240329], [1415.1751735834823, 69.46467688212223], [1408.0992077898736, 70.80051688230895]]]}, "properties": {"id": 488, "height_m": 15.0, "levels": 5, "category": "residencial", "extrude": true, "manzana_id": 149}}, {"type": "Feature", "geometry": {"type": "Polygon", "coordinates": [[[1408.9837035139437, 62.896796882489525], [1408.295762395106, 59.55719688222047], [1411.5389133840615, 59.00059688243928], [1412.1285772001086, 62.34019688231285], [1408.9837035139437, 62.896796882489525]]]}, "properties": {"id": 489, "height_m": 18.0, "levels": 6, "category": "residencial", "extrude": true, "manzana_id": 149}}, {"type": "Feature", "geometry": {"type": "Polygon", "coordinates": [[[1415.8631147023198, 58.666636882491474], [1414.0941232538305, 48.647836882475275], [1422.7425258906958, 46.978036882340746], [1424.4132400363944, 57.10815688247138], [1423.3321897067426, 57.21947688219032], [1415.8631147023198, 58.666636882491474]]]}, "properties": {"id": 490, "height_m": 9.0, "levels": 3, "category": "residencial", "extrude": true, "manzana_id": 149}}, {"type": "Feature", "geometry": {"type": "Polygon", "coordinates": [[[1413.799291345807, 59.111916882158226], [1412.0302998973175, 48.98179688242308], [1414.0941232538305, 48.647836882475275], [1415.8631147023198, 58.666636882491474], [1413.799291345807, 59.111916882158226]]]}, "properties": {"id": 491, "height_m": 12.0, "levels": 4, "category": "residencial", "extrude": true, "manzana_id": 149}}, {"type": "Feature", "geometry": {"type": "Polygon", "coordinates": [[[1414.683787069877, 64.12131688216633], [1414.4872324646446, 62.67415688226066], [1415.9613920051106, 62.34019688231285], [1416.157946610343, 63.89867688233295], [1425.3960130632554, 62.22887688219842], [1426.2805087873255, 67.34959688232095], [1422.7425258906958, 68.01751688221657], [1415.666560097087, 69.35335688240329], [1415.5682827942965, 68.90807688234105], [1414.683787069877, 64.12131688216633]]]}, "properties": {"id": 492, "height_m": 6.0, "levels": 2, "category": "residencial", "extrude": true, "manzana_id": 149}}, {"type": "Feature", "geometry": {"type": "Polygon", "coordinates": [[[1414.4872324646446, 62.67415688226066], [1413.799291345807, 59.111916882158226], [1415.8631147023198, 58.666636882491474], [1423.3321897067426, 57.21947688219032], [1424.4132400363944, 57.10815688247138], [1425.3960130632554, 62.22887688219842], [1416.157946610343, 63.89867688233295], [1415.9613920051106, 62.34019688231285], [1414.4872324646446, 62.67415688226066]]]}, "properties": {"id": 493, "height_m": 9.0, "levels": 3, "category": "residencial", "extrude": true, "manzana_id": 149}}, {"type": "Feature", "geometry": {"type": "Polygon", "coordinates": [[[1432.8650880676782, 55.99495688211803], [1431.7840377380264, 50.42895688232875], [1432.7668107648874, 50.317636882214316], [1431.9805923436081, 45.86483688238289], [1431.7840377380264, 44.862956882143976], [1441.7100453097762, 43.0818368822905], [1441.808322612567, 43.972396882414984], [1439.5479446504726, 44.417676882477224], [1438.5651716236116, 44.6403168823106], [1439.253112742449, 47.97991688218417], [1434.928911424191, 48.75915688219422], [1436.2065163590753, 55.327036882222416], [1433.847861094539, 55.772316882284656], [1433.6513064893065, 55.88363688239909], [1432.8650880676782, 55.99495688211803]]]}, "properties": {"id": 494, "height_m": 9.0, "levels": 3, "category": "residencial", "extrude": true, "manzana_id": 150}}, {"type": "Feature", "geometry": {"type": "Polygon", "coordinates": [[[1436.2065163590753, 55.327036882222416], [1434.928911424191, 48.75915688219422], [1439.253112742449, 47.97991688218417], [1438.5651716236116, 44.6403168823106], [1439.5479446504726, 44.417676882477224], [1441.808322612567, 43.972396882414984], [1441.9065999150087, 44.08371688213393], [1441.9065999150087, 44.417676882477224], [1442.5945410338463, 48.0912368822986], [1443.282482152684, 51.87611688223441], [1443.5773140607073, 53.32327688214008], [1443.6755913634981, 53.99119688243118], [1443.6755913634981, 53.99119688243118], [1442.1031545205904, 54.32515688237899], [1441.6117680069854, 51.76479688211998], [1438.270339715588, 52.432716882411086], [1438.6634489264025, 54.881756882160175], [1438.6634489264025, 54.881756882160175], [1437.1892893859365, 55.215716882107984], [1436.2065163590753, 55.327036882222416]]]}, "properties": {"id": 495, "height_m": 12.0, "levels": 4, "category": "residencial", "extrude": true, "manzana_id": 150}}, {"type": "Feature", "geometry": {"type": "Polygon", "coordinates": [[[1444.75664169315, 46.1987968823307], [1444.265255179545, 43.638436882467175], [1444.3635324823358, 43.638436882467175], [1451.7343301839678, 42.302596882280454], [1452.2257166975728, 44.862956882143976], [1444.75664169315, 46.1987968823307]]]}, "properties": {"id": 496, "height_m": 6.0, "levels": 2, "category": "residencial", "extrude": true, "manzana_id": 150}}, {"type": "Feature", "geometry": {"type": "Polygon", "coordinates": [[[1441.9065999150087, 44.417676882477224], [1441.9065999150087, 44.08371688213393], [1442.0048772177997, 44.08371688213393], [1444.265255179545, 43.638436882467175], [1444.75664169315, 46.1987968823307], [1452.2257166975728, 44.862956882143976], [1453.2084897244338, 50.09499688238094], [1450.3584479462925, 50.651596882162124], [1450.7515571571066, 52.65535688224446], [1449.4739522222224, 52.98931688219227], [1446.722187746872, 53.43459688225451], [1446.5256331416394, 53.43459688225451], [1446.1325239308253, 51.43083688217217], [1443.282482152684, 51.87611688223441], [1442.5945410338463, 48.0912368822986], [1441.9065999150087, 44.417676882477224]]]}, "properties": {"id": 497, "height_m": 9.0, "levels": 3, "category": "residencial", "extrude": true, "manzana_id": 150}}, {"type": "Feature", "geometry": {"type": "Polygon", "coordinates": [[[1451.7343301839678, 42.302596882280454], [1451.636052881526, 41.968636882332646], [1458.2206321615295, 40.85543688237479], [1460.0879009128098, 50.98555688210993], [1457.6309683454826, 51.43083688217217], [1453.601598935248, 52.21007688218222], [1453.503321632457, 51.65347688240104], [1453.2084897244338, 50.09499688238094], [1452.2257166975728, 44.862956882143976], [1451.7343301839678, 42.302596882280454]]]}, "properties": {"id": 498, "height_m": 6.0, "levels": 2, "category": "residencial", "extrude": true, "manzana_id": 150}}, {"type": "Feature", "geometry": {"type": "Polygon", "coordinates": [[[1460.0879009128098, 50.98555688210993], [1458.2206321615295, 40.85543688237479], [1460.6775647288564, 40.41015688231255], [1462.5448334801367, 50.54027688244318], [1460.874119334089, 50.87423688239099], [1460.0879009128098, 50.98555688210993]]]}, "properties": {"id": 499, "height_m": 9.0, "levels": 3, "category": "residencial", "extrude": true, "manzana_id": 150}}, {"type": "Feature", "geometry": {"type": "Polygon", "coordinates": [[[1460.6775647288564, 40.41015688231255], [1460.481010123624, 39.408276882469124], [1466.1810936795573, 38.40639688223021], [1466.37764828479, 39.408276882469124], [1465.5914298635107, 39.51959688218807], [1460.6775647288564, 40.41015688231255]]]}, "properties": {"id": 500, "height_m": 9.0, "levels": 3, "category": "residencial", "extrude": true, "manzana_id": 150}}, {"type": "Feature", "geometry": {"type": "Polygon", "coordinates": [[[1462.1517242693226, 48.31387688213198], [1460.6775647288564, 40.41015688231255], [1465.5914298635107, 39.51959688218807], [1466.37764828479, 39.408276882469124], [1467.1638667064183, 43.86107688230055], [1467.0655894036274, 43.972396882414984], [1468.0483624304884, 49.53839688220427], [1468.0483624304884, 49.53839688220427], [1467.4586986144418, 49.6497168823187], [1465.6897071659523, 49.98367688226651], [1465.1983206526966, 47.64595688223636], [1462.1517242693226, 48.31387688213198]]]}, "properties": {"id": 501, "height_m": 12.0, "levels": 4, "category": "residencial", "extrude": true, "manzana_id": 150}}, {"type": "Feature", "geometry": {"type": "Polygon", "coordinates": [[[1465.6897071659523, 49.98367688226651], [1464.7069341390913, 50.09499688238094], [1462.5448334801367, 50.54027688244318], [1462.1517242693226, 48.31387688213198], [1465.1983206526966, 47.64595688223636], [1465.6897071659523, 49.98367688226651]]]}, "properties": {"id": 502, "height_m": 15.0, "levels": 5, "category": "residencial", "extrude": true, "manzana_id": 150}}, {"type": "Feature", "geometry": {"type": "Polygon", "coordinates": [[[1468.0483624304884, 49.53839688220427], [1467.0655894036274, 43.972396882414984], [1467.1638667064183, 43.86107688230055], [1466.37764828479, 39.408276882469124], [1468.5397489440936, 39.07431688212583], [1468.834580852117, 38.962996882406884], [1469.6207992737454, 43.52711688235274], [1469.8173538789779, 43.41579688223831], [1470.800126905839, 48.98179688242308], [1470.4070176950247, 49.09311688214203], [1468.0483624304884, 49.53839688220427]]]}, "properties": {"id": 503, "height_m": 15.0, "levels": 5, "category": "residencial", "extrude": true, "manzana_id": 150}}, {"type": "Feature", "geometry": {"type": "Polygon", "coordinates": [[[1474.8294963160738, 37.96111688216797], [1472.6673956571192, 38.29507688211578], [1468.834580852117, 38.962996882406884], [1468.6380262468845, 37.96111688216797], [1474.6329417108411, 36.95923688232455], [1474.8294963160738, 37.96111688216797]]]}, "properties": {"id": 504, "height_m": 9.0, "levels": 3, "category": "residencial", "extrude": true, "manzana_id": 150}}, {"type": "Feature", "geometry": {"type": "Polygon", "coordinates": [[[1470.800126905839, 48.98179688242308], [1469.8173538789779, 43.41579688223831], [1469.6207992737454, 43.52711688235274], [1468.834580852117, 38.962996882406884], [1472.6673956571192, 38.29507688211578], [1474.5346644080503, 48.31387688213198], [1474.3381098028176, 48.31387688213198], [1473.2570594731658, 48.53651688236084], [1471.2915134194438, 48.98179688242308], [1470.800126905839, 48.98179688242308]]]}, "properties": {"id": 505, "height_m": 12.0, "levels": 4, "category": "residencial", "extrude": true, "manzana_id": 150}}, {"type": "Feature", "geometry": {"type": "Polygon", "coordinates": [[[1474.5346644080503, 48.31387688213198], [1472.6673956571192, 38.29507688211578], [1474.8294963160738, 37.96111688216797], [1475.0260509216553, 38.85167688229245], [1475.5174374349112, 41.412036882155974], [1476.696765067354, 47.97991688218417], [1475.222605526888, 48.202556882413035], [1474.5346644080503, 48.31387688213198], [1474.5346644080503, 48.31387688213198]]]}, "properties": {"id": 506, "height_m": 15.0, "levels": 5, "category": "residencial", "extrude": true, "manzana_id": 150}}, {"type": "Feature", "geometry": {"type": "Polygon", "coordinates": [[[1475.5174374349112, 41.412036882155974], [1475.0260509216553, 38.85167688229245], [1474.8294963160738, 37.96111688216797], [1496.0573936972485, 34.28755688234659], [1496.7453348160861, 37.96111688216797], [1496.843612118877, 38.40639688223021], [1497.728107842947, 44.08371688213393], [1497.334998632133, 44.19503688224836], [1493.0107973138747, 44.97427688225841], [1490.7504193517802, 45.41955688232065], [1489.0797052060816, 45.75351688226846], [1487.5072683631738, 45.97615688210183], [1486.917604547127, 43.0818368822905], [1487.7038229684065, 42.85919688245713], [1490.6521420493386, 42.413916882394886], [1492.4211334978281, 42.07995688244708], [1491.831469681432, 38.74035688217802], [1491.831469681432, 38.517716882344644], [1490.0624782332918, 38.74035688217802], [1487.1141591523597, 39.29695688235469], [1481.2175209911939, 40.41015688231255], [1481.8071848072407, 43.972396882414984], [1483.3796216501482, 43.638436882467175], [1483.969285466195, 46.64407688239294], [1478.072647305029, 47.757276882350794], [1476.696765067354, 47.97991688218417], [1475.5174374349112, 41.412036882155974]]]}, "properties": {"id": 507, "height_m": 9.0, "levels": 3, "category": "residencial", "extrude": true, "manzana_id": 150}}, {"type": "Feature", "geometry": {"type": "Polygon", "coordinates": [[[1481.8071848072407, 43.972396882414984], [1481.2175209911939, 40.41015688231255], [1487.1141591523597, 39.29695688235469], [1490.0624782332918, 38.74035688217802], [1491.831469681432, 38.517716882344644], [1491.831469681432, 38.74035688217802], [1492.4211334978281, 42.07995688244708], [1490.6521420493386, 42.413916882394886], [1487.7038229684065, 42.85919688245713], [1486.917604547127, 43.0818368822905], [1483.3796216501482, 43.638436882467175], [1481.8071848072407, 43.972396882414984]]]}, "properties": {"id": 508, "height_m": 12.0, "levels": 4, "category": "residencial", "extrude": true, "manzana_id": 150}}, {"type": "Feature", "geometry": {"type": "Polygon", "coordinates": [[[1488.2934867848023, 56.106276882232464], [1488.2934867848023, 55.99495688211803], [1492.5194108002697, 55.215716882107984], [1492.7159654058514, 56.217596882346896], [1488.490041390035, 57.10815688247138], [1488.2934867848023, 56.106276882232464]]]}, "properties": {"id": 509, "height_m": 6.0, "levels": 2, "category": "residencial", "extrude": true, "manzana_id": 150}}, {"type": "Feature", "geometry": {"type": "Polygon", "coordinates": [[[1495.0746206703877, 55.88363688239909], [1494.8780660648058, 54.77043688244123], [1499.1039900806225, 53.99119688243118], [1498.6126035670172, 51.2081968823388], [1499.693653896669, 50.98555688210993], [1500.3815950155067, 54.881756882160175], [1495.0746206703877, 55.88363688239909]]]}, "properties": {"id": 510, "height_m": 6.0, "levels": 2, "category": "residencial", "extrude": true, "manzana_id": 150}}, {"type": "Feature", "geometry": {"type": "Polygon", "coordinates": [[[1488.2934867848023, 55.99495688211803], [1487.7038229684065, 53.211956882421134], [1492.0280242870137, 52.432716882411086], [1492.5194108002697, 55.215716882107984], [1488.2934867848023, 55.99495688211803]]]}, "properties": {"id": 511, "height_m": 9.0, "levels": 3, "category": "residencial", "extrude": true, "manzana_id": 150}}, {"type": "Feature", "geometry": {"type": "Polygon", "coordinates": [[[1494.8780660648058, 54.77043688244123], [1494.38667955155, 51.987436882348845], [1498.6126035670172, 51.2081968823388], [1499.1039900806225, 53.99119688243118], [1494.8780660648058, 54.77043688244123]]]}, "properties": {"id": 512, "height_m": 9.0, "levels": 3, "category": "residencial", "extrude": true, "manzana_id": 150}}, {"type": "Feature", "geometry": {"type": "Polygon", "coordinates": [[[1498.6126035670172, 51.2081968823388], [1497.334998632133, 44.19503688224836], [1497.728107842947, 44.08371688213393], [1498.4160489617848, 43.972396882414984], [1499.693653896669, 50.98555688210993], [1498.6126035670172, 51.2081968823388]]]}, "properties": {"id": 513, "height_m": 9.0, "levels": 3, "category": "residencial", "extrude": true, "manzana_id": 150}}, {"type": "Feature", "geometry": {"type": "Polygon", "coordinates": [[[1487.7038229684065, 53.211956882421134], [1486.917604547127, 48.87047688230865], [1489.5710917196868, 48.42519688224641], [1489.0797052060816, 45.75351688226846], [1490.7504193517802, 45.41955688232065], [1491.340083168176, 48.647836882475275], [1493.6004611299213, 48.202556882413035], [1493.0107973138747, 44.97427688225841], [1497.334998632133, 44.19503688224836], [1498.6126035670172, 51.2081968823388], [1494.38667955155, 51.987436882348845], [1494.0918476435265, 50.317636882214316], [1491.7331923789905, 50.762916882276556], [1492.0280242870137, 52.432716882411086], [1487.7038229684065, 53.211956882421134]]]}, "properties": {"id": 514, "height_m": 12.0, "levels": 4, "category": "residencial", "extrude": true, "manzana_id": 150}}, {"type": "Feature", "geometry": {"type": "Polygon", "coordinates": [[[1486.917604547127, 48.87047688230865], [1486.426218033522, 46.1987968823307], [1487.5072683631738, 45.97615688210183], [1489.0797052060816, 45.75351688226846], [1489.5710917196868, 48.42519688224641], [1486.917604547127, 48.87047688230865]]]}, "properties": {"id": 515, "height_m": 15.0, "levels": 5, "category": "residencial", "extrude": true, "manzana_id": 150}}, {"type": "Feature", "geometry": {"type": "Polygon", "coordinates": [[[1492.0280242870137, 52.432716882411086], [1491.7331923789905, 50.762916882276556], [1494.0918476435265, 50.317636882214316], [1494.38667955155, 51.987436882348845], [1494.8780660648058, 54.77043688244123], [1492.5194108002697, 55.215716882107984], [1492.0280242870137, 52.432716882411086]]]}, "properties": {"id": 516, "height_m": 15.0, "levels": 5, "category": "residencial", "extrude": true, "manzana_id": 150}}, {"type": "Feature", "geometry": {"type": "Polygon", "coordinates": [[[1475.1243282244463, 51.43083688217217], [1474.5346644080503, 48.31387688213198], [1475.222605526888, 48.202556882413035], [1476.696765067354, 47.97991688218417], [1478.072647305029, 47.757276882350794], [1483.969285466195, 46.64407688239294], [1485.2468904014286, 46.42143688216407], [1486.426218033522, 46.1987968823307], [1486.917604547127, 48.87047688230865], [1487.7038229684065, 53.211956882421134], [1488.2934867848023, 55.99495688211803], [1488.2934867848023, 56.106276882232464], [1488.1952094820115, 56.106276882232464], [1487.0158818495688, 56.32891688246133], [1477.0898742781683, 58.1100368823148], [1476.4019331593306, 58.221356882429234], [1475.615714737702, 53.76855688220232], [1475.3208828296788, 52.65535688224446], [1475.1243282244463, 51.43083688217217]]]}, "properties": {"id": 517, "height_m": 3.0, "levels": 1, "category": "residencial", "extrude": true, "manzana_id": 150}}, {"type": "Feature", "geometry": {"type": "Polygon", "coordinates": [[[1465.2965979551382, 53.32327688214008], [1464.7069341390913, 50.09499688238094], [1467.4586986144418, 49.6497168823187], [1468.0483624304884, 49.53839688220427], [1468.6380262468845, 52.65535688224446], [1465.2965979551382, 53.32327688214008]]]}, "properties": {"id": 518, "height_m": 6.0, "levels": 2, "category": "residencial", "extrude": true, "manzana_id": 150}}, {"type": "Feature", "geometry": {"type": "Polygon", "coordinates": [[[1466.5742028903715, 59.891156882168275], [1465.7879844687432, 55.660996882170224], [1469.4242446681637, 54.881756882160175], [1469.7190765761873, 55.99495688211803], [1472.0777318407233, 55.54967688245128], [1471.881177235491, 54.54779688221237], [1475.615714737702, 53.76855688220232], [1476.4019331593306, 58.221356882429234], [1475.5174374349112, 58.33267688214818], [1466.5742028903715, 60.00247688228271], [1466.5742028903715, 59.891156882168275]]]}, "properties": {"id": 519, "height_m": 6.0, "levels": 2, "category": "residencial", "extrude": true, "manzana_id": 150}}, {"type": "Feature", "geometry": {"type": "Polygon", "coordinates": [[[1471.7828999326998, 52.09875688246328], [1471.2915134194438, 48.98179688242308], [1473.2570594731658, 48.53651688236084], [1474.3381098028176, 48.31387688213198], [1474.5346644080503, 48.31387688213198], [1475.1243282244463, 51.43083688217217], [1471.7828999326998, 52.09875688246328]]]}, "properties": {"id": 520, "height_m": 6.0, "levels": 2, "category": "residencial", "extrude": true, "manzana_id": 150}}, {"type": "Feature", "geometry": {"type": "Polygon", "coordinates": [[[1465.7879844687432, 55.660996882170224], [1465.2965979551382, 53.32327688214008], [1468.6380262468845, 52.65535688224446], [1471.7828999326998, 52.09875688246328], [1475.1243282244463, 51.43083688217217], [1475.3208828296788, 52.65535688224446], [1475.615714737702, 53.76855688220232], [1471.881177235491, 54.54779688221237], [1472.0777318407233, 55.54967688245128], [1469.7190765761873, 55.99495688211803], [1469.4242446681637, 54.881756882160175], [1465.7879844687432, 55.660996882170224]]]}, "properties": {"id": 521, "height_m": 9.0, "levels": 3, "category": "residencial", "extrude": true, "manzana_id": 150}}, {"type": "Feature", "geometry": {"type": "Polygon", "coordinates": [[[1454.486094659318, 57.33079688230475], [1453.601598935248, 52.21007688218222], [1457.6309683454826, 51.43083688217217], [1458.1223548590876, 54.32515688237899], [1461.4637831504851, 53.76855688220232], [1460.874119334089, 50.87423688239099], [1462.5448334801367, 50.54027688244318], [1464.7069341390913, 50.09499688238094], [1465.2965979551382, 53.32327688214008], [1465.7879844687432, 55.660996882170224], [1466.5742028903715, 59.891156882168275], [1465.7879844687432, 60.00247688228271], [1464.3138249282772, 60.336436882230515], [1463.5276065069977, 60.44775688234495], [1462.5448334801367, 60.55907688245938], [1461.8568923612993, 56.44023688218027], [1461.5620604529267, 54.99307688227461], [1460.5792874260658, 55.10439688238904], [1459.7930690047865, 55.215716882107984], [1460.0879009128098, 56.77419688212808], [1460.0879009128098, 56.88551688224251], [1459.3999597939721, 56.996836882356945], [1460.0879009128098, 61.00435688212613], [1459.2034051883904, 61.226996882354996], [1456.058531502575, 61.672276882417236], [1455.3705903837374, 61.89491688225061], [1455.2723130809466, 61.89491688225061], [1455.2723130809466, 61.672276882417236], [1454.6826492648997, 58.33267688214818], [1454.486094659318, 57.33079688230475]]]}, "properties": {"id": 522, "height_m": 9.0, "levels": 3, "category": "residencial", "extrude": true, "manzana_id": 150}}, {"type": "Feature", "geometry": {"type": "Polygon", "coordinates": [[[1460.0879009128098, 61.00435688212613], [1459.3999597939721, 56.996836882356945], [1460.0879009128098, 56.88551688224251], [1460.0879009128098, 56.77419688212808], [1461.8568923612993, 56.44023688218027], [1462.5448334801367, 60.55907688245938], [1460.0879009128098, 61.00435688212613]]]}, "properties": {"id": 523, "height_m": 12.0, "levels": 4, "category": "residencial", "extrude": true, "manzana_id": 150}}, {"type": "Feature", "geometry": {"type": "Polygon", "coordinates": [[[1445.4445828119876, 64.00999688244738], [1445.4445828119876, 63.89867688233295], [1448.196347287338, 63.45339688227071], [1455.3705903837374, 62.11755688247948], [1455.5671449889699, 63.1194368823229], [1445.64113741722, 64.90055688217637], [1445.64113741722, 64.90055688217637], [1445.4445828119876, 64.00999688244738]]]}, "properties": {"id": 524, "height_m": 6.0, "levels": 2, "category": "residencial", "extrude": true, "manzana_id": 150}}, {"type": "Feature", "geometry": {"type": "Polygon", "coordinates": [[[1444.5600870875683, 58.88927688232485], [1443.6755913634981, 53.99119688243118], [1446.5256331416394, 53.43459688225451], [1446.722187746872, 53.43459688225451], [1447.0170196548952, 54.77043688244123], [1449.7687841302459, 54.32515688237899], [1449.4739522222224, 52.98931688219227], [1450.7515571571066, 52.65535688224446], [1453.601598935248, 52.21007688218222], [1454.486094659318, 57.33079688230475], [1451.9308847895495, 57.77607688236699], [1452.127439394782, 58.88927688232485], [1454.6826492648997, 58.33267688214818], [1455.2723130809466, 61.672276882417236], [1455.2723130809466, 61.89491688225061], [1455.3705903837374, 61.89491688225061], [1455.3705903837374, 62.11755688247948], [1448.196347287338, 63.45339688227071], [1447.3118515629187, 58.33267688214818], [1444.5600870875683, 58.88927688232485]]]}, "properties": {"id": 525, "height_m": 9.0, "levels": 3, "category": "residencial", "extrude": true, "manzana_id": 150}}, {"type": "Feature", "geometry": {"type": "Polygon", "coordinates": [[[1445.3463055091968, 63.56471688238514], [1444.5600870875683, 58.88927688232485], [1447.3118515629187, 58.33267688214818], [1448.196347287338, 63.45339688227071], [1445.4445828119876, 63.89867688233295], [1445.3463055091968, 63.56471688238514]]]}, "properties": {"id": 526, "height_m": 12.0, "levels": 4, "category": "residencial", "extrude": true, "manzana_id": 150}}, {"type": "Feature", "geometry": {"type": "Polygon", "coordinates": [[[1440.7272722829152, 54.54779688221237], [1441.0221041909385, 56.66287688240914], [1438.9582808344258, 56.996836882356945], [1438.6634489264025, 54.881756882160175], [1438.6634489264025, 54.881756882160175], [1440.7272722829152, 54.54779688221237]]]}, "properties": {"id": 527, "height_m": 3.0, "levels": 1, "category": "residencial", "extrude": true, "manzana_id": 150}}, {"type": "Feature", "geometry": {"type": "Polygon", "coordinates": [[[1435.6168525430285, 66.68167688242534], [1434.6340795161677, 66.90431688225871], [1433.553029186516, 61.226996882354996], [1434.5358022133767, 61.115676882240564], [1435.420297937447, 65.79111688230086], [1435.6168525430285, 66.68167688242534]]]}, "properties": {"id": 528, "height_m": 6.0, "levels": 2, "category": "residencial", "extrude": true, "manzana_id": 150}}, {"type": "Feature", "geometry": {"type": "Polygon", "coordinates": [[[1435.6168525430285, 66.68167688242534], [1435.420297937447, 65.79111688230086], [1435.6168525430285, 65.67979688218642], [1443.1842048502422, 64.34395688239519], [1445.4445828119876, 63.89867688233295], [1445.4445828119876, 64.00999688244738], [1445.64113741722, 64.90055688217637], [1435.6168525430285, 66.68167688242534]]]}, "properties": {"id": 529, "height_m": 6.0, "levels": 2, "category": "residencial", "extrude": true, "manzana_id": 150}}, {"type": "Feature", "geometry": {"type": "Polygon", "coordinates": [[[1433.553029186516, 61.226996882354996], [1433.3564745809342, 59.891156882168275], [1434.3392476081442, 59.6685168823349], [1434.5358022133767, 61.115676882240564], [1433.553029186516, 61.226996882354996]]]}, "properties": {"id": 530, "height_m": 9.0, "levels": 3, "category": "residencial", "extrude": true, "manzana_id": 150}}, {"type": "Feature", "geometry": {"type": "Polygon", "coordinates": [[[1433.3564745809342, 59.891156882168275], [1432.6685334624458, 55.99495688211803], [1432.8650880676782, 55.99495688211803], [1433.6513064893065, 55.88363688239909], [1434.3392476081442, 59.6685168823349], [1433.3564745809342, 59.891156882168275]]]}, "properties": {"id": 531, "height_m": 9.0, "levels": 3, "category": "residencial", "extrude": true, "manzana_id": 150}}, {"type": "Feature", "geometry": {"type": "Polygon", "coordinates": [[[1435.420297937447, 65.79111688230086], [1434.5358022133767, 61.115676882240564], [1442.2997091258228, 59.6685168823349], [1443.1842048502422, 64.34395688239519], [1435.6168525430285, 65.67979688218642], [1435.420297937447, 65.79111688230086]]]}, "properties": {"id": 532, "height_m": 9.0, "levels": 3, "category": "residencial", "extrude": true, "manzana_id": 150}}, {"type": "Feature", "geometry": {"type": "Polygon", "coordinates": [[[1434.3392476081442, 59.6685168823349], [1433.6513064893065, 55.88363688239909], [1433.847861094539, 55.772316882284656], [1436.2065163590753, 55.327036882222416], [1437.1892893859365, 55.215716882107984], [1438.6634489264025, 54.881756882160175], [1438.9582808344258, 56.996836882356945], [1441.0221041909385, 56.66287688240914], [1440.7272722829152, 54.54779688221237], [1442.1031545205904, 54.32515688237899], [1443.6755913634981, 53.99119688243118], [1444.5600870875683, 58.88927688232485], [1445.3463055091968, 63.56471688238514], [1445.4445828119876, 63.89867688233295], [1443.1842048502422, 64.34395688239519], [1442.2997091258228, 59.6685168823349], [1434.5358022133767, 61.115676882240564], [1434.3392476081442, 59.6685168823349]]]}, "properties": {"id": 533, "height_m": 12.0, "levels": 4, "category": "residencial", "extrude": true, "manzana_id": 150}}, {"type": "Feature", "geometry": {"type": "Polygon", "coordinates": [[[1439.5479446504726, 96.40411688213064], [1435.7151298458195, 74.25143688229696], [1447.115296957686, 72.35899688232905], [1447.2135742604771, 73.24955688245353], [1436.894457477913, 75.030676882307], [1440.3341630721009, 95.0682768823394], [1450.653279854665, 93.39847688220487], [1450.8498344598977, 94.28903688232936], [1439.5479446504726, 96.40411688213064]]]}, "properties": {"id": 534, "height_m": 6.0, "levels": 2, "category": "residencial", "extrude": true, "manzana_id": 151}}, {"type": "Feature", "geometry": {"type": "Polygon", "coordinates": [[[1450.653279854665, 93.39847688220487], [1440.3341630721009, 95.0682768823394], [1436.894457477913, 75.030676882307], [1447.2135742604771, 73.24955688245353], [1448.5894564981522, 81.48723688222077], [1448.8842884061755, 83.26835688246973], [1448.8842884061755, 83.37967688218868], [1449.8670614330365, 88.61171688242564], [1450.3584479462925, 91.39471688212254], [1450.5550025518742, 92.61923688219483], [1450.653279854665, 93.06451688225707], [1450.653279854665, 93.1758368823715], [1450.653279854665, 93.28715688248593], [1450.653279854665, 93.39847688220487], [1450.653279854665, 93.39847688220487]]]}, "properties": {"id": 535, "height_m": 9.0, "levels": 3, "category": "residencial", "extrude": true, "manzana_id": 151}}, {"type": "Feature", "geometry": {"type": "Polygon", "coordinates": [[[1447.2135742604771, 73.24955688245353], [1447.115296957686, 72.35899688232905], [1449.4739522222224, 71.91371688226681], [1449.6705068274548, 72.91559688211024], [1447.2135742604771, 73.24955688245353]]]}, "properties": {"id": 536, "height_m": 12.0, "levels": 4, "category": "residencial", "extrude": true, "manzana_id": 151}}, {"type": "Feature", "geometry": {"type": "Polygon", "coordinates": [[[1457.532691042692, 74.02879688246358], [1454.092985448504, 74.58539688224477], [1453.6998762380388, 72.24767688221462], [1454.6826492648997, 72.02503688238124], [1457.1395818318779, 71.69107688243344], [1457.532691042692, 74.02879688246358]]]}, "properties": {"id": 537, "height_m": 12.0, "levels": 4, "category": "residencial", "extrude": true, "manzana_id": 151}}, {"type": "Feature", "geometry": {"type": "Polygon", "coordinates": [[[1454.6826492648997, 72.02503688238124], [1454.486094659318, 71.02315688214233], [1456.9430272266452, 70.68919688219452], [1457.1395818318779, 71.69107688243344], [1454.6826492648997, 72.02503688238124]]]}, "properties": {"id": 538, "height_m": 12.0, "levels": 4, "category": "residencial", "extrude": true, "manzana_id": 151}}, {"type": "Feature", "geometry": {"type": "Polygon", "coordinates": [[[1448.5894564981522, 81.48723688222077], [1447.2135742604771, 73.24955688245353], [1449.6705068274548, 72.91559688211024], [1453.6998762380388, 72.24767688221462], [1454.092985448504, 74.58539688224477], [1457.532691042692, 74.02879688246358], [1457.7292456482735, 75.25331688214038], [1457.9258002535062, 76.5891568823271], [1458.7120186751347, 81.37591688210634], [1458.7120186751347, 81.5985568823352], [1455.2723130809466, 82.15515688211639], [1455.2723130809466, 82.15515688211639], [1454.7809265673416, 79.37215688241949], [1451.9308847895495, 79.81743688248173], [1452.3239940003637, 82.60043688217863], [1452.4222713028053, 82.60043688217863], [1452.4222713028053, 82.71175688229306], [1452.4222713028053, 82.71175688229306], [1452.127439394782, 82.71175688229306], [1448.8842884061755, 83.37967688218868], [1448.8842884061755, 83.26835688246973], [1448.5894564981522, 81.48723688222077]]]}, "properties": {"id": 539, "height_m": 15.0, "levels": 5, "category": "residencial", "extrude": true, "manzana_id": 151}}, {"type": "Feature", "geometry": {"type": "Polygon", "coordinates": [[[1462.6431107825783, 80.93063688243959], [1462.6431107825783, 80.93063688243959], [1462.5448334801367, 80.59667688249178], [1462.2500015717642, 78.81555688224282], [1464.3138249282772, 78.48159688229501], [1464.6086568363005, 80.59667688249178], [1464.6086568363005, 80.59667688249178], [1463.331051901416, 80.81931688232515], [1462.6431107825783, 80.93063688243959], [1462.6431107825783, 80.93063688243959]]]}, "properties": {"id": 540, "height_m": 3.0, "levels": 1, "category": "residencial", "extrude": true, "manzana_id": 151}}, {"type": "Feature", "geometry": {"type": "Polygon", "coordinates": [[[1457.1395818318779, 71.69107688243344], [1456.9430272266452, 70.68919688219452], [1460.6775647288564, 70.0212768822989], [1460.874119334089, 71.02315688214233], [1460.7758420316475, 71.02315688214233], [1457.1395818318779, 71.69107688243344]]]}, "properties": {"id": 541, "height_m": 6.0, "levels": 2, "category": "residencial", "extrude": true, "manzana_id": 151}}, {"type": "Feature", "geometry": {"type": "Polygon", "coordinates": [[[1463.0362199933927, 70.68919688219452], [1462.9379426906019, 69.6873168823511], [1466.7707574956041, 69.01939688245548], [1466.9673121011858, 70.0212768822989], [1463.331051901416, 70.57787688247558], [1463.2327745989744, 70.68919688219452], [1463.0362199933927, 70.68919688219452]]]}, "properties": {"id": 542, "height_m": 6.0, "levels": 2, "category": "residencial", "extrude": true, "manzana_id": 151}}, {"type": "Feature", "geometry": {"type": "Polygon", "coordinates": [[[1457.532691042692, 74.02879688246358], [1457.1395818318779, 71.69107688243344], [1460.7758420316475, 71.02315688214233], [1461.365505847694, 74.58539688224477], [1461.5620604529267, 75.92123688243149], [1459.989623610019, 76.2551968823793], [1457.9258002535062, 76.5891568823271], [1457.7292456482735, 75.25331688214038], [1457.532691042692, 74.02879688246358]]]}, "properties": {"id": 543, "height_m": 9.0, "levels": 3, "category": "residencial", "extrude": true, "manzana_id": 151}}, {"type": "Feature", "geometry": {"type": "Polygon", "coordinates": [[[1463.9207157174628, 74.14011688218253], [1463.331051901416, 70.57787688247558], [1466.9673121011858, 70.0212768822989], [1467.5569759172326, 73.58351688240134], [1467.753530522465, 74.91935688219257], [1464.1172703230447, 75.47595688236925], [1463.9207157174628, 74.14011688218253]]]}, "properties": {"id": 544, "height_m": 9.0, "levels": 3, "category": "residencial", "extrude": true, "manzana_id": 151}}, {"type": "Feature", "geometry": {"type": "Polygon", "coordinates": [[[1458.8102959779253, 81.70987688244963], [1460.874119334089, 81.2645968823874], [1460.7758420316475, 81.2645968823874], [1459.989623610019, 76.2551968823793], [1461.5620604529267, 75.92123688243149], [1464.1172703230447, 75.47595688236925], [1467.753530522465, 74.91935688219257], [1468.6380262468845, 79.92875688220067], [1464.6086568363005, 80.59667688249178], [1464.6086568363005, 80.59667688249178], [1464.3138249282772, 78.48159688229501], [1462.2500015717642, 78.81555688224282], [1462.5448334801367, 80.59667688249178], [1462.6431107825783, 80.93063688243959], [1462.6431107825783, 80.93063688243959], [1462.6431107825783, 80.93063688243959], [1461.955169663741, 81.15327688227296], [1458.8102959779253, 81.70987688244963]]]}, "properties": {"id": 545, "height_m": 9.0, "levels": 3, "category": "residencial", "extrude": true, "manzana_id": 151}}, {"type": "Feature", "geometry": {"type": "Polygon", "coordinates": [[[1458.7120186751347, 81.37591688210634], [1457.9258002535062, 76.5891568823271], [1459.989623610019, 76.2551968823793], [1460.7758420316475, 81.2645968823874], [1460.874119334089, 81.2645968823874], [1458.8102959779253, 81.70987688244963], [1458.7120186751347, 81.5985568823352], [1458.7120186751347, 81.37591688210634]]]}, "properties": {"id": 546, "height_m": 12.0, "levels": 4, "category": "residencial", "extrude": true, "manzana_id": 151}}, {"type": "Feature", "geometry": {"type": "Polygon", "coordinates": [[[1461.365505847694, 74.58539688224477], [1460.7758420316475, 71.02315688214233], [1460.874119334089, 71.02315688214233], [1463.0362199933927, 70.68919688219452], [1463.2327745989744, 70.68919688219452], [1463.331051901416, 70.57787688247558], [1463.9207157174628, 74.14011688218253], [1464.1172703230447, 75.47595688236925], [1461.5620604529267, 75.92123688243149], [1461.365505847694, 74.58539688224477]]]}, "properties": {"id": 547, "height_m": 12.0, "levels": 4, "category": "residencial", "extrude": true, "manzana_id": 151}}, {"type": "Feature", "geometry": {"type": "Polygon", "coordinates": [[[1475.5174374349112, 78.81555688224282], [1472.6673956571192, 79.26083688230506], [1468.736303549326, 79.92875688220067], [1468.6380262468845, 79.92875688220067], [1467.753530522465, 74.91935688219257], [1467.5569759172326, 73.58351688240134], [1466.9673121011858, 70.0212768822989], [1471.0949588138621, 69.35335688240329], [1472.6673956571192, 69.01939688245548], [1473.4536140783985, 73.69483688212028], [1474.6329417108411, 73.47219688228691], [1475.5174374349112, 78.81555688224282]]]}, "properties": {"id": 548, "height_m": 3.0, "levels": 1, "category": "residencial", "extrude": true, "manzana_id": 151}}, {"type": "Feature", "geometry": {"type": "Polygon", "coordinates": [[[1475.5174374349112, 78.81555688224282], [1474.6329417108411, 73.47219688228691], [1473.4536140783985, 73.69483688212028], [1472.6673956571192, 69.01939688245548], [1475.222605526888, 68.68543688211219], [1475.5174374349112, 70.57787688247558], [1481.3157982936355, 69.6873168823511], [1481.5123528992171, 70.80051688230895], [1482.593403228869, 77.59103688217053], [1475.5174374349112, 78.81555688224282]]]}, "properties": {"id": 549, "height_m": 6.0, "levels": 2, "category": "residencial", "extrude": true, "manzana_id": 151}}, {"type": "Feature", "geometry": {"type": "Polygon", "coordinates": [[[1481.3157982936355, 69.6873168823511], [1475.5174374349112, 70.57787688247558], [1475.222605526888, 68.68543688211219], [1480.9226890828213, 67.68355688226876], [1481.3157982936355, 69.6873168823511]]]}, "properties": {"id": 550, "height_m": 3.0, "levels": 1, "category": "residencial", "extrude": true, "manzana_id": 151}}, {"type": "Feature", "geometry": {"type": "Polygon", "coordinates": [[[1486.5244953363128, 76.92311688227491], [1482.7899578341014, 77.59103688217053], [1482.593403228869, 77.59103688217053], [1481.5123528992171, 70.80051688230895], [1480.9226890828213, 67.68355688226876], [1481.7089075044496, 67.57223688215433], [1482.8882351368925, 67.34959688232095], [1483.8710081637532, 73.02691688222467], [1489.7676463249193, 72.02503688238124], [1488.8831506008491, 66.34771688247753], [1490.0624782332918, 66.12507688224866], [1490.848696654571, 66.01375688213423], [1492.4211334978281, 75.92123688243149], [1488.5883186928259, 76.5891568823271], [1487.998654876779, 73.36087688217248], [1485.9348315202662, 73.69483688212028], [1486.5244953363128, 76.92311688227491]]]}, "properties": {"id": 551, "height_m": 9.0, "levels": 3, "category": "residencial", "extrude": true, "manzana_id": 151}}, {"type": "Feature", "geometry": {"type": "Polygon", "coordinates": [[[1488.8831506008491, 66.34771688247753], [1489.7676463249193, 72.02503688238124], [1483.8710081637532, 73.02691688222467], [1482.8882351368925, 67.34959688232095], [1483.084789742125, 67.34959688232095], [1484.8537811906144, 67.01563688237314], [1486.917604547127, 66.68167688242534], [1488.7848732980583, 66.34771688247753], [1488.8831506008491, 66.34771688247753]]]}, "properties": {"id": 552, "height_m": 12.0, "levels": 4, "category": "residencial", "extrude": true, "manzana_id": 151}}, {"type": "Feature", "geometry": {"type": "Polygon", "coordinates": [[[1490.848696654571, 66.01375688213423], [1490.6521420493386, 65.0118768822908], [1493.4039065246889, 64.56659688222857], [1493.6004611299213, 65.56847688246748], [1490.848696654571, 66.01375688213423]]]}, "properties": {"id": 553, "height_m": 9.0, "levels": 3, "category": "residencial", "extrude": true, "manzana_id": 151}}, {"type": "Feature", "geometry": {"type": "Polygon", "coordinates": [[[1494.4849568543407, 65.45715688235305], [1494.288402248759, 64.45527688211413], [1498.9074354750408, 63.676036882104086], [1499.1039900806225, 64.677916882343], [1494.4849568543407, 65.45715688235305]]]}, "properties": {"id": 554, "height_m": 6.0, "levels": 2, "category": "residencial", "extrude": true, "manzana_id": 151}}, {"type": "Feature", "geometry": {"type": "Polygon", "coordinates": [[[1500.8729815291117, 64.78923688245743], [1500.8729815291117, 64.34395688239519], [1501.8557545559727, 64.23263688228076], [1502.1505864639962, 65.90243688241529], [1501.167813437135, 66.12507688224866], [1500.8729815291117, 64.78923688245743]]]}, "properties": {"id": 555, "height_m": 6.0, "levels": 2, "category": "residencial", "extrude": true, "manzana_id": 151}}, {"type": "Feature", "geometry": {"type": "Polygon", "coordinates": [[[1501.167813437135, 66.12507688224866], [1497.236721329342, 66.79299688214428], [1497.6298305401563, 69.24203688228886], [1495.1728979728293, 69.6873168823511], [1494.4849568543407, 65.45715688235305], [1499.1039900806225, 64.677916882343], [1499.3988219886458, 64.56659688222857], [1500.8729815291117, 64.34395688239519], [1500.8729815291117, 64.78923688245743], [1501.167813437135, 66.12507688224866]]]}, "properties": {"id": 557, "height_m": 9.0, "levels": 3, "category": "residencial", "extrude": true, "manzana_id": 151}}, {"type": "Feature", "geometry": {"type": "Polygon", "coordinates": [[[1502.1505864639962, 71.80239688215238], [1501.167813437135, 66.12507688224866], [1502.1505864639962, 65.90243688241529], [1503.133359490857, 71.579756882319], [1502.1505864639962, 71.80239688215238]]]}, "properties": {"id": 558, "height_m": 9.0, "levels": 3, "category": "residencial", "extrude": true, "manzana_id": 151}}, {"type": "Feature", "geometry": {"type": "Polygon", "coordinates": [[[1492.4211334978281, 75.92123688243149], [1490.848696654571, 66.01375688213423], [1493.6004611299213, 65.56847688246748], [1494.4849568543407, 65.45715688235305], [1495.1728979728293, 69.6873168823511], [1497.6298305401563, 69.24203688228886], [1497.236721329342, 66.79299688214428], [1501.167813437135, 66.12507688224866], [1502.1505864639962, 71.80239688215238], [1502.5436956748104, 74.25143688229696], [1496.352225605272, 75.25331688214038], [1492.4211334978281, 75.92123688243149]]]}, "properties": {"id": 559, "height_m": 12.0, "levels": 4, "category": "residencial", "extrude": true, "manzana_id": 151}}, {"type": "Feature", "geometry": {"type": "Polygon", "coordinates": [[[1502.5436956748104, 74.25143688229696], [1503.5264687016713, 74.02879688246358], [1505.3937374526024, 85.16079688243764], [1494.288402248759, 87.05323688240554], [1494.1901249459684, 86.05135688216663], [1497.4332759349238, 85.49475688238545], [1504.3126871232998, 84.38155688242759], [1502.5436956748104, 74.25143688229696], [1502.5436956748104, 74.25143688229696]]]}, "properties": {"id": 560, "height_m": 3.0, "levels": 1, "category": "residencial", "extrude": true, "manzana_id": 151}}, {"type": "Feature", "geometry": {"type": "Polygon", "coordinates": [[[1493.0107973138747, 79.26083688230506], [1492.6176881030606, 76.5891568823271], [1492.4211334978281, 75.92123688243149], [1496.352225605272, 75.25331688214038], [1496.352225605272, 75.25331688214038], [1496.843612118877, 78.25895688246163], [1503.0350821880663, 77.25707688222272], [1504.3126871232998, 84.38155688242759], [1497.5315532377144, 85.49475688238545], [1497.1384440269003, 83.26835688246973], [1493.7970157355032, 83.82495688225092], [1493.6987384327124, 83.60231688241754], [1493.4039065246889, 81.48723688222077], [1493.3056292218982, 81.15327688227296], [1496.0573936972485, 80.59667688249178], [1495.6642844864343, 78.81555688224282], [1493.0107973138747, 79.26083688230506]]]}, "properties": {"id": 561, "height_m": 6.0, "levels": 2, "category": "residencial", "extrude": true, "manzana_id": 151}}, {"type": "Feature", "geometry": {"type": "Polygon", "coordinates": [[[1493.3056292218982, 81.15327688227296], [1493.1090746166656, 79.59479688225287], [1493.0107973138747, 79.26083688230506], [1495.6642844864343, 78.81555688224282], [1496.0573936972485, 80.59667688249178], [1493.3056292218982, 81.15327688227296]]]}, "properties": {"id": 562, "height_m": 3.0, "levels": 1, "category": "residencial", "extrude": true, "manzana_id": 151}}, {"type": "Feature", "geometry": {"type": "Polygon", "coordinates": [[[1497.5315532377144, 85.49475688238545], [1497.4332759349238, 85.49475688238545], [1494.1901249459684, 86.05135688216663], [1493.7970157355032, 83.82495688225092], [1497.1384440269003, 83.26835688246973], [1497.5315532377144, 85.49475688238545]]]}, "properties": {"id": 563, "height_m": 9.0, "levels": 3, "category": "residencial", "extrude": true, "manzana_id": 151}}, {"type": "Feature", "geometry": {"type": "Polygon", "coordinates": [[[1496.843612118877, 78.25895688246163], [1496.352225605272, 75.25331688214038], [1502.5436956748104, 74.25143688229696], [1503.0350821880663, 77.25707688222272], [1496.843612118877, 78.25895688246163]]]}, "properties": {"id": 564, "height_m": 9.0, "levels": 3, "category": "residencial", "extrude": true, "manzana_id": 151}}, {"type": "Feature", "geometry": {"type": "Polygon", "coordinates": [[[1487.0158818495688, 87.27587688223892], [1485.9348315202662, 81.04195688215853], [1488.2934867848023, 80.70799688221072], [1489.3745371144541, 86.83059688217668], [1489.3745371144541, 86.94191688229111], [1488.1952094820115, 87.05323688240554], [1488.0969321792209, 87.05323688240554], [1487.0158818495688, 87.27587688223892]]]}, "properties": {"id": 565, "height_m": 12.0, "levels": 4, "category": "residencial", "extrude": true, "manzana_id": 151}}, {"type": "Feature", "geometry": {"type": "Polygon", "coordinates": [[[1488.2934867848023, 80.70799688221072], [1488.1952094820115, 80.26271688214848], [1488.1952094820115, 80.0400768823151], [1488.0969321792209, 79.81743688248173], [1487.6055456659647, 76.70047688244154], [1487.6055456659647, 76.70047688244154], [1492.4211334978281, 75.92123688243149], [1492.6176881030606, 76.5891568823271], [1493.1090746166656, 79.59479688225287], [1493.4039065246889, 81.48723688222077], [1493.6987384327124, 83.60231688241754], [1494.1901249459684, 86.05135688216663], [1493.3056292218982, 86.2739968823955], [1493.1090746166656, 86.2739968823955], [1489.4728144168957, 86.83059688217668], [1489.3745371144541, 86.83059688217668], [1488.2934867848023, 80.70799688221072]]]}, "properties": {"id": 566, "height_m": 9.0, "levels": 3, "category": "residencial", "extrude": true, "manzana_id": 151}}, {"type": "Feature", "geometry": {"type": "Polygon", "coordinates": [[[1471.3897907218857, 89.94755688221687], [1471.0949588138621, 89.94755688221687], [1470.4070176950247, 90.0588768823313], [1470.308740392583, 89.83623688210244], [1470.308740392583, 89.7249168823835], [1470.308740392583, 89.50227688215463], [1470.1121857870014, 88.27775688247783], [1469.6207992737454, 85.71739688221882], [1469.5225219709546, 84.82683688248983], [1469.4242446681637, 84.49287688214653], [1469.1294127601402, 83.1570368823553], [1468.6380262468845, 79.92875688220067], [1468.736303549326, 79.92875688220067], [1472.6673956571192, 79.26083688230506], [1473.2570594731658, 79.14951688219062], [1473.3553367759569, 79.14951688219062], [1473.4536140783985, 79.14951688219062], [1473.9450005920035, 82.04383688239744], [1474.0432778947945, 82.26647688223082], [1474.0432778947945, 82.60043688217863], [1474.1415551972361, 82.71175688229306], [1474.1415551972361, 82.93439688212644], [1475.222605526888, 89.27963688232126], [1475.1243282244463, 89.27963688232126], [1475.0260509216553, 89.27963688232126], [1471.3897907218857, 89.94755688221687]]]}, "properties": {"id": 567, "height_m": 9.0, "levels": 3, "category": "residencial", "extrude": true, "manzana_id": 151}}, {"type": "Feature", "geometry": {"type": "Polygon", "coordinates": [[[1475.222605526888, 89.27963688232126], [1474.1415551972361, 82.93439688212644], [1476.4019331593306, 82.60043688217863], [1477.4829834889824, 88.83435688225902], [1477.3847061861916, 88.83435688225902], [1477.3847061861916, 88.94567688237345], [1475.222605526888, 89.27963688232126]]]}, "properties": {"id": 568, "height_m": 12.0, "levels": 4, "category": "residencial", "extrude": true, "manzana_id": 151}}, {"type": "Feature", "geometry": {"type": "Polygon", "coordinates": [[[1476.4019331593306, 82.60043688217863], [1476.3036558565398, 82.37779688234525], [1476.3036558565398, 82.15515688211639], [1476.205378553749, 81.93251688228301], [1476.205378553749, 81.70987688244963], [1475.713992040493, 78.70423688212838], [1480.5295798723562, 77.92499688211834], [1482.593403228869, 77.59103688217053], [1482.7899578341014, 77.59103688217053], [1485.1486130986377, 77.14575688210829], [1485.2468904014286, 77.14575688210829], [1485.8365542174754, 80.15139688242954], [1485.8365542174754, 80.48535688237735], [1485.9348315202662, 80.70799688221072], [1485.9348315202662, 81.04195688215853], [1487.0158818495688, 87.27587688223892], [1486.917604547127, 87.27587688223892], [1483.1830670449158, 87.94379688213454], [1482.2002940180548, 88.05511688224897], [1481.3157982936355, 88.27775688247783], [1481.2175209911939, 88.27775688247783], [1480.4313025695653, 88.38907688219678], [1480.2347479639836, 88.38907688219678], [1479.2519749371227, 88.61171688242564], [1477.4829834889824, 88.83435688225902], [1476.4019331593306, 82.60043688217863]]]}, "properties": {"id": 569, "height_m": 9.0, "levels": 3, "category": "residencial", "extrude": true, "manzana_id": 151}}, {"type": "Feature", "geometry": {"type": "Polygon", "coordinates": [[[1459.3016824911815, 84.82683688248983], [1458.8102959779253, 81.70987688244963], [1461.955169663741, 81.15327688227296], [1462.6431107825783, 80.93063688243959], [1463.331051901416, 80.81931688232515], [1464.6086568363005, 80.59667688249178], [1468.6380262468845, 79.92875688220067], [1469.1294127601402, 83.1570368823553], [1469.4242446681637, 84.49287688214653], [1469.5225219709546, 84.82683688248983], [1469.6207992737454, 85.71739688221882], [1467.2621440092091, 86.05135688216663], [1468.0483624304884, 90.28151688216468], [1467.4586986144418, 90.39283688227911], [1465.5914298635107, 90.61547688211249], [1465.394875257929, 90.72679688222692], [1462.8396653881603, 91.17207688228916], [1460.481010123624, 91.6173568823514], [1460.481010123624, 91.50603688223697], [1460.481010123624, 91.39471688212254], [1460.382732820833, 91.17207688228916], [1460.2844555180423, 90.0588768823313], [1460.1861782152516, 89.94755688221687], [1460.1861782152516, 89.7249168823835], [1459.5965143992046, 86.49663688222887], [1459.5965143992046, 86.16267688228106], [1459.498237096763, 85.82871688233325], [1459.3016824911815, 84.82683688248983]]]}, "properties": {"id": 570, "height_m": 6.0, "levels": 2, "category": "residencial", "extrude": true, "manzana_id": 151}}, {"type": "Feature", "geometry": {"type": "Polygon", "coordinates": [[[1468.0483624304884, 90.28151688216468], [1467.2621440092091, 86.05135688216663], [1469.6207992737454, 85.71739688221882], [1470.1121857870014, 88.27775688247783], [1470.308740392583, 89.50227688215463], [1470.308740392583, 89.7249168823835], [1470.308740392583, 89.83623688210244], [1468.0483624304884, 90.28151688216468]]]}, "properties": {"id": 571, "height_m": 9.0, "levels": 3, "category": "residencial", "extrude": true, "manzana_id": 151}}, {"type": "Feature", "geometry": {"type": "Polygon", "coordinates": [[[1452.520548605596, 84.82683688248983], [1452.127439394782, 82.71175688229306], [1452.4222713028053, 82.71175688229306], [1452.8153805136196, 82.60043688217863], [1453.503321632457, 82.48911688245968], [1453.7981535404804, 84.60419688226096], [1452.520548605596, 84.82683688248983]]]}, "properties": {"id": 572, "height_m": 3.0, "levels": 1, "category": "residencial", "extrude": true, "manzana_id": 151}}, {"type": "Feature", "geometry": {"type": "Polygon", "coordinates": [[[1459.5965143992046, 86.16267688228106], [1457.3361364374593, 86.6079568823433], [1457.2378591346685, 86.05135688216663], [1457.1395818318779, 85.27211688215658], [1459.3016824911815, 84.82683688248983], [1459.498237096763, 85.82871688233325], [1459.5965143992046, 86.16267688228106]]]}, "properties": {"id": 573, "height_m": 3.0, "levels": 1, "category": "residencial", "extrude": true, "manzana_id": 151}}, {"type": "Feature", "geometry": {"type": "Polygon", "coordinates": [[[1458.6137413723438, 92.95319688214263], [1458.4171867671112, 91.95131688229921], [1460.481010123624, 91.6173568823514], [1460.6775647288564, 92.61923688219483], [1458.6137413723438, 92.95319688214263]]]}, "properties": {"id": 574, "height_m": 12.0, "levels": 4, "category": "residencial", "extrude": true, "manzana_id": 151}}, {"type": "Feature", "geometry": {"type": "Polygon", "coordinates": [[[1455.7636995945516, 93.39847688220487], [1455.5671449889699, 92.50791688247588], [1456.4516407130402, 92.28527688224702], [1458.4171867671112, 91.95131688229921], [1458.6137413723438, 92.95319688214263], [1455.7636995945516, 93.39847688220487]]]}, "properties": {"id": 575, "height_m": 12.0, "levels": 4, "category": "residencial", "extrude": true, "manzana_id": 151}}, {"type": "Feature", "geometry": {"type": "Polygon", "coordinates": [[[1450.8498344598977, 94.28903688232936], [1450.653279854665, 93.39847688220487], [1450.653279854665, 93.39847688220487], [1450.653279854665, 93.28715688248593], [1451.3412209735027, 93.1758368823715], [1453.0119351192013, 92.95319688214263], [1453.2084897244338, 93.84375688226712], [1450.8498344598977, 94.28903688232936]]]}, "properties": {"id": 576, "height_m": 12.0, "levels": 4, "category": "residencial", "extrude": true, "manzana_id": 151}}, {"type": "Feature", "geometry": {"type": "Polygon", "coordinates": [[[1456.4516407130402, 92.28527688224702], [1456.1568088050167, 90.72679688222692], [1460.2844555180423, 90.0588768823313], [1460.382732820833, 91.17207688228916], [1460.481010123624, 91.39471688212254], [1460.481010123624, 91.50603688223697], [1460.481010123624, 91.6173568823514], [1458.4171867671112, 91.95131688229921], [1456.4516407130402, 92.28527688224702]]]}, "properties": {"id": 577, "height_m": 15.0, "levels": 5, "category": "residencial", "extrude": true, "manzana_id": 151}}, {"type": "Feature", "geometry": {"type": "Polygon", "coordinates": [[[1449.8670614330365, 88.61171688242564], [1448.8842884061755, 83.37967688218868], [1452.127439394782, 82.71175688229306], [1452.520548605596, 84.82683688248983], [1453.7981535404804, 84.60419688226096], [1453.503321632457, 82.48911688245968], [1454.7809265673416, 82.26647688223082], [1455.2723130809466, 82.15515688211639], [1458.7120186751347, 81.5985568823352], [1458.8102959779253, 81.70987688244963], [1459.3016824911815, 84.82683688248983], [1457.1395818318779, 85.27211688215658], [1457.2378591346685, 86.05135688216663], [1457.3361364374593, 86.6079568823433], [1459.5965143992046, 86.16267688228106], [1459.5965143992046, 86.49663688222887], [1460.1861782152516, 89.7249168823835], [1460.1861782152516, 89.94755688221687], [1460.2844555180423, 90.0588768823313], [1456.1568088050167, 90.72679688222692], [1456.4516407130402, 92.28527688224702], [1455.5671449889699, 92.50791688247588], [1454.3878173568764, 92.61923688219483], [1453.0119351192013, 92.95319688214263], [1451.3412209735027, 93.1758368823715], [1450.653279854665, 93.28715688248593], [1450.653279854665, 93.1758368823715], [1450.653279854665, 93.06451688225707], [1450.5550025518742, 92.61923688219483], [1450.3584479462925, 91.39471688212254], [1449.8670614330365, 88.61171688242564]]]}, "properties": {"id": 578, "height_m": 15.0, "levels": 5, "category": "residencial", "extrude": true, "manzana_id": 151}}, {"type": "Feature", "geometry": {"type": "Polygon", "coordinates": [[[1453.3067670272246, 109.31723688235365], [1451.8326074867584, 109.65119688230146], [1451.5377755787351, 107.87007688244799], [1453.0119351192013, 107.64743688221913], [1453.0119351192013, 107.98139688216693], [1453.3067670272246, 109.31723688235365]]]}, "properties": {"id": 579, "height_m": 3.0, "levels": 1, "category": "residencial", "extrude": true, "manzana_id": 159}}, {"type": "Feature", "geometry": {"type": "Polygon", "coordinates": [[[1441.6117680069854, 106.6455568823757], [1441.1203814937294, 103.75123688216888], [1442.2014318230322, 103.63991688244994], [1442.3979864286139, 104.64179688229336], [1442.6928183366372, 106.42291688214684], [1441.6117680069854, 106.6455568823757]]]}, "properties": {"id": 580, "height_m": 9.0, "levels": 3, "category": "residencial", "extrude": true, "manzana_id": 159}}, {"type": "Feature", "geometry": {"type": "Polygon", "coordinates": [[[1442.2014318230322, 110.0964768823637], [1441.6117680069854, 106.6455568823757], [1442.6928183366372, 106.42291688214684], [1443.282482152684, 109.87383688213484], [1442.2014318230322, 110.0964768823637]]]}, "properties": {"id": 581, "height_m": 9.0, "levels": 3, "category": "residencial", "extrude": true, "manzana_id": 159}}, {"type": "Feature", "geometry": {"type": "Polygon", "coordinates": [[[1442.3979864286139, 104.64179688229336], [1442.2014318230322, 103.63991688244994], [1452.029162091991, 101.97011688231541], [1452.127439394782, 102.63803688221103], [1452.2257166975728, 102.86067688243989], [1452.2257166975728, 102.97199688215883], [1442.3979864286139, 104.64179688229336], [1442.3979864286139, 104.64179688229336]]]}, "properties": {"id": 582, "height_m": 9.0, "levels": 3, "category": "residencial", "extrude": true, "manzana_id": 159}}, {"type": "Feature", "geometry": {"type": "Polygon", "coordinates": [[[1442.6928183366372, 106.42291688214684], [1442.3979864286139, 104.64179688229336], [1442.3979864286139, 104.64179688229336], [1452.2257166975728, 102.97199688215883], [1452.2257166975728, 103.08331688227327], [1453.0119351192013, 107.64743688221913], [1451.5377755787351, 107.87007688244799], [1451.8326074867584, 109.65119688230146], [1453.3067670272246, 109.31723688235365], [1453.8964308432714, 112.87947688245609], [1444.0687005743123, 114.54927688219513], [1444.0687005743123, 114.54927688219513], [1443.9704232715217, 114.32663688236175], [1443.6755913634981, 112.65683688222722], [1443.282482152684, 109.87383688213484], [1442.6928183366372, 106.42291688214684]]]}, "properties": {"id": 583, "height_m": 12.0, "levels": 4, "category": "residencial", "extrude": true, "manzana_id": 159}}, {"type": "Feature", "geometry": {"type": "Polygon", "coordinates": [[[1457.8275229507153, 112.21155688216498], [1457.532691042692, 110.76439688225932], [1460.1861782152516, 110.31911688219708], [1460.481010123624, 111.76627688210274], [1458.6137413723438, 112.10023688244604], [1457.8275229507153, 112.21155688216498]]]}, "properties": {"id": 584, "height_m": 3.0, "levels": 1, "category": "residencial", "extrude": true, "manzana_id": 159}}, {"type": "Feature", "geometry": {"type": "Polygon", "coordinates": [[[1454.7809265673416, 102.41539688237765], [1454.6826492648997, 101.41351688213874], [1459.006850583158, 100.63427688212869], [1459.2034051883904, 101.74747688248203], [1458.3189094643203, 101.85879688220098], [1456.058531502575, 102.19275688214879], [1455.1740357781557, 102.41539688237765], [1454.7809265673416, 102.41539688237765]]]}, "properties": {"id": 585, "height_m": 6.0, "levels": 2, "category": "residencial", "extrude": true, "manzana_id": 159}}, {"type": "Feature", "geometry": {"type": "Polygon", "coordinates": [[[1452.029162091991, 101.97011688231541], [1452.029162091991, 101.85879688220098], [1454.6826492648997, 101.41351688213874], [1454.7809265673416, 102.41539688237765], [1452.2257166975728, 102.86067688243989], [1452.127439394782, 102.63803688221103], [1452.029162091991, 101.97011688231541]]]}, "properties": {"id": 586, "height_m": 9.0, "levels": 3, "category": "residencial", "extrude": true, "manzana_id": 159}}, {"type": "Feature", "geometry": {"type": "Polygon", "coordinates": [[[1455.3705903837374, 105.86631688236565], [1454.7809265673416, 102.41539688237765], [1455.1740357781557, 102.41539688237765], [1456.058531502575, 102.19275688214879], [1456.6481953186217, 105.64367688213679], [1455.3705903837374, 105.86631688236565]]]}, "properties": {"id": 587, "height_m": 9.0, "levels": 3, "category": "residencial", "extrude": true, "manzana_id": 159}}, {"type": "Feature", "geometry": {"type": "Polygon", "coordinates": [[[1459.2034051883904, 101.74747688248203], [1459.006850583158, 100.63427688212869], [1461.8568923612993, 100.18899688246194], [1461.955169663741, 100.96823688247198], [1462.0534469665317, 101.19087688230536], [1459.2034051883904, 101.74747688248203]]]}, "properties": {"id": 588, "height_m": 9.0, "levels": 3, "category": "residencial", "extrude": true, "manzana_id": 159}}, {"type": "Feature", "geometry": {"type": "Polygon", "coordinates": [[[1452.2257166975728, 102.97199688215883], [1452.2257166975728, 102.86067688243989], [1454.7809265673416, 102.41539688237765], [1455.3705903837374, 105.86631688236565], [1456.6481953186217, 105.64367688213679], [1456.058531502575, 102.19275688214879], [1458.3189094643203, 101.85879688220098], [1459.2034051883904, 101.74747688248203], [1462.0534469665317, 101.19087688230536], [1463.2327745989744, 108.31535688211474], [1459.989623610019, 108.87195688229141], [1460.1861782152516, 110.31911688219708], [1457.532691042692, 110.76439688225932], [1457.3361364374593, 109.42855688246809], [1455.0757584757139, 109.87383688213484], [1454.6826492648997, 107.64743688221913], [1453.0119351192013, 107.98139688216693], [1453.0119351192013, 107.64743688221913], [1452.2257166975728, 103.08331688227327], [1452.2257166975728, 102.97199688215883]]]}, "properties": {"id": 589, "height_m": 12.0, "levels": 4, "category": "residencial", "extrude": true, "manzana_id": 159}}, {"type": "Feature", "geometry": {"type": "Polygon", "coordinates": [[[1453.3067670272246, 109.31723688235365], [1453.0119351192013, 107.98139688216693], [1454.6826492648997, 107.64743688221913], [1455.0757584757139, 109.87383688213484], [1457.3361364374593, 109.42855688246809], [1457.532691042692, 110.76439688225932], [1457.8275229507153, 112.21155688216498], [1454.9774811729233, 112.76815688234166], [1453.8964308432714, 112.87947688245609], [1453.3067670272246, 109.31723688235365]]]}, "properties": {"id": 590, "height_m": 15.0, "levels": 5, "category": "residencial", "extrude": true, "manzana_id": 159}}, {"type": "Feature", "geometry": {"type": "Polygon", "coordinates": [[[1460.1861782152516, 110.31911688219708], [1459.989623610019, 108.87195688229141], [1463.2327745989744, 108.31535688211474], [1463.7241611122304, 111.32099688243599], [1463.6258838094395, 111.32099688243599], [1460.481010123624, 111.76627688210274], [1460.1861782152516, 110.31911688219708]]]}, "properties": {"id": 591, "height_m": 15.0, "levels": 5, "category": "residencial", "extrude": true, "manzana_id": 159}}, {"type": "Feature", "geometry": {"type": "Polygon", "coordinates": [[[1461.955169663741, 100.96823688247198], [1461.8568923612993, 100.18899688246194], [1473.3553367759569, 98.1852368823796], [1473.4536140783985, 98.96447688238965], [1461.955169663741, 100.96823688247198]]]}, "properties": {"id": 592, "height_m": 3.0, "levels": 1, "category": "residencial", "extrude": true, "manzana_id": 159}}, {"type": "Feature", "geometry": {"type": "Polygon", "coordinates": [[[1462.0534469665317, 101.19087688230536], [1461.955169663741, 100.96823688247198], [1473.4536140783985, 98.96447688238965], [1475.3208828296788, 109.31723688235365], [1470.800126905839, 110.0964768823637], [1465.5914298635107, 110.98703688248818], [1463.7241611122304, 111.32099688243599], [1463.2327745989744, 108.31535688211474], [1462.0534469665317, 101.19087688230536]]]}, "properties": {"id": 593, "height_m": 6.0, "levels": 2, "category": "residencial", "extrude": true, "manzana_id": 159}}, {"type": "Feature", "geometry": {"type": "Polygon", "coordinates": [[[1473.4536140783985, 98.96447688238965], [1473.3553367759569, 98.1852368823796], [1483.969285466195, 96.2927968824117], [1484.067562768986, 97.07203688242174], [1473.4536140783985, 98.96447688238965]]]}, "properties": {"id": 594, "height_m": 6.0, "levels": 2, "category": "residencial", "extrude": true, "manzana_id": 159}}, {"type": "Feature", "geometry": {"type": "Polygon", "coordinates": [[[1484.067562768986, 97.07203688242174], [1484.1658400717768, 97.40599688236955], [1485.6399996122427, 105.75499688225122], [1485.9348315202662, 107.42479688238575], [1481.2175209911939, 108.31535688211474], [1476.107101251307, 109.20591688223922], [1476.107101251307, 109.20591688223922], [1475.3208828296788, 109.42855688246809], [1475.3208828296788, 109.31723688235365], [1473.4536140783985, 98.96447688238965], [1484.067562768986, 97.07203688242174]]]}, "properties": {"id": 595, "height_m": 12.0, "levels": 4, "category": "residencial", "extrude": true, "manzana_id": 159}}, {"type": "Feature", "geometry": {"type": "Polygon", "coordinates": [[[1485.6399996122427, 105.75499688225122], [1484.1658400717768, 97.40599688236955], [1486.917604547127, 96.84939688219288], [1488.2934867848023, 105.19839688247004], [1485.6399996122427, 105.75499688225122]]]}, "properties": {"id": 596, "height_m": 3.0, "levels": 1, "category": "residencial", "extrude": true, "manzana_id": 159}}, {"type": "Feature", "geometry": {"type": "Polygon", "coordinates": [[[1490.0624782332918, 106.75687688249013], [1489.5710917196868, 104.41915688245999], [1493.3056292218982, 103.86255688228331], [1493.7970157355032, 106.08895688219903], [1490.0624782332918, 106.75687688249013]]]}, "properties": {"id": 597, "height_m": 3.0, "levels": 1, "category": "residencial", "extrude": true, "manzana_id": 159}}, {"type": "Feature", "geometry": {"type": "Polygon", "coordinates": [[[1484.1658400717768, 97.40599688236955], [1484.067562768986, 97.07203688242174], [1495.4677298812019, 95.0682768823394], [1495.5660071836435, 95.73619688223502], [1496.9418894213188, 104.30783688234555], [1497.1384440269003, 105.42103688230341], [1493.7970157355032, 106.08895688219903], [1493.3056292218982, 103.86255688228331], [1489.5710917196868, 104.41915688245999], [1490.0624782332918, 106.75687688249013], [1486.622772639104, 107.31347688227132], [1485.9348315202662, 107.42479688238575], [1485.6399996122427, 105.75499688225122], [1488.2934867848023, 105.19839688247004], [1486.917604547127, 96.84939688219288], [1484.1658400717768, 97.40599688236955]]]}, "properties": {"id": 598, "height_m": 6.0, "levels": 2, "category": "residencial", "extrude": true, "manzana_id": 159}}, {"type": "Feature", "geometry": {"type": "Polygon", "coordinates": [[[1497.1384440269003, 105.42103688230341], [1496.9418894213188, 104.30783688234555], [1499.5953765938784, 103.97387688239775], [1499.9884858046926, 106.53423688226127], [1497.4332759349238, 106.97951688232351], [1497.1384440269003, 105.42103688230341]]]}, "properties": {"id": 599, "height_m": 6.0, "levels": 2, "category": "residencial", "extrude": true, "manzana_id": 159}}, {"type": "Feature", "geometry": {"type": "Polygon", "coordinates": [[[1495.4677298812019, 95.0682768823394], [1495.3694525784108, 94.7343168823916], [1505.19718284737, 93.06451688225707], [1505.3937374526024, 94.06639688249598], [1498.1212170537613, 95.29091688217278], [1495.762561789225, 95.73619688223502], [1495.5660071836435, 95.73619688223502], [1495.4677298812019, 95.0682768823394]]]}, "properties": {"id": 600, "height_m": 6.0, "levels": 2, "category": "residencial", "extrude": true, "manzana_id": 159}}, {"type": "Feature", "geometry": {"type": "Polygon", "coordinates": [[[1498.9074354750408, 115.99643688249628], [1498.9074354750408, 115.55115688243404], [1499.693653896669, 115.43983688231961], [1501.4626453451585, 115.1058768823718], [1508.735165744349, 113.88135688229951], [1508.9317203495814, 114.88323688214294], [1499.0057127778314, 116.55303688227747], [1498.9074354750408, 115.99643688249628]]]}, "properties": {"id": 601, "height_m": 6.0, "levels": 2, "category": "residencial", "extrude": true, "manzana_id": 159}}, {"type": "Feature", "geometry": {"type": "Polygon", "coordinates": [[[1506.8678969930684, 102.74935688232546], [1506.8678969930684, 102.52671688249208], [1505.7868466634168, 96.40411688213064], [1506.7696196902775, 96.18147688229726], [1507.8506700199296, 102.74935688232546], [1506.8678969930684, 102.86067688243989], [1506.8678969930684, 102.74935688232546]]]}, "properties": {"id": 602, "height_m": 6.0, "levels": 2, "category": "residencial", "extrude": true, "manzana_id": 159}}, {"type": "Feature", "geometry": {"type": "Polygon", "coordinates": [[[1507.2610062038827, 105.30971688218898], [1507.2610062038827, 105.0870768823556], [1508.2437792307437, 104.86443688212674], [1509.3248295603955, 111.43231688215494], [1508.3420565335346, 111.6549568823838], [1507.2610062038827, 105.30971688218898]]]}, "properties": {"id": 603, "height_m": 6.0, "levels": 2, "category": "residencial", "extrude": true, "manzana_id": 159}}, {"type": "Feature", "geometry": {"type": "Polygon", "coordinates": [[[1499.5953765938784, 103.97387688239775], [1498.1212170537613, 95.29091688217278], [1505.3937374526024, 94.06639688249598], [1505.7868466634168, 96.40411688213064], [1506.8678969930684, 102.52671688249208], [1506.8678969930684, 102.74935688232546], [1502.1505864639962, 103.5285968823355], [1502.5436956748104, 106.08895688219903], [1507.2610062038827, 105.30971688218898], [1508.3420565335346, 111.6549568823838], [1508.735165744349, 113.88135688229951], [1501.4626453451585, 115.1058768823718], [1499.9884858046926, 106.53423688226127], [1499.5953765938784, 103.97387688239775]]]}, "properties": {"id": 604, "height_m": 12.0, "levels": 4, "category": "residencial", "extrude": true, "manzana_id": 159}}, {"type": "Feature", "geometry": {"type": "Polygon", "coordinates": [[[1496.9418894213188, 104.30783688234555], [1495.5660071836435, 95.73619688223502], [1495.762561789225, 95.73619688223502], [1498.1212170537613, 95.29091688217278], [1499.5953765938784, 103.97387688239775], [1496.9418894213188, 104.30783688234555]]]}, "properties": {"id": 605, "height_m": 15.0, "levels": 5, "category": "residencial", "extrude": true, "manzana_id": 159}}, {"type": "Feature", "geometry": {"type": "Polygon", "coordinates": [[[1497.9246624481796, 110.20779688247814], [1497.4332759349238, 106.97951688232351], [1499.9884858046926, 106.53423688226127], [1501.4626453451585, 115.1058768823718], [1499.693653896669, 115.43983688231961], [1498.9074354750408, 115.55115688243404], [1497.9246624481796, 110.20779688247814]]]}, "properties": {"id": 606, "height_m": 15.0, "levels": 5, "category": "residencial", "extrude": true, "manzana_id": 159}}, {"type": "Feature", "geometry": {"type": "Polygon", "coordinates": [[[1507.2610062038827, 105.30971688218898], [1502.5436956748104, 106.08895688219903], [1502.1505864639962, 103.5285968823355], [1506.8678969930684, 102.74935688232546], [1506.8678969930684, 102.86067688243989], [1506.9661742958594, 103.30595688210664], [1507.2610062038827, 105.0870768823556], [1507.2610062038827, 105.30971688218898]]]}, "properties": {"id": 607, "height_m": 15.0, "levels": 5, "category": "residencial", "extrude": true, "manzana_id": 159}}, {"type": "Feature", "geometry": {"type": "Polygon", "coordinates": [[[1487.7038229684065, 113.2134368824039], [1486.622772639104, 107.31347688227132], [1490.0624782332918, 106.75687688249013], [1493.7970157355032, 106.08895688219903], [1497.1384440269003, 105.42103688230341], [1497.4332759349238, 106.97951688232351], [1497.9246624481796, 110.20779688247814], [1494.5832341567825, 110.76439688225932], [1495.5660071836435, 116.55303688227747], [1488.490041390035, 117.77755688234976], [1488.391764087244, 117.55491688212089], [1488.2934867848023, 117.10963688245414], [1487.7038229684065, 113.2134368824039]]]}, "properties": {"id": 608, "height_m": 3.0, "levels": 1, "category": "residencial", "extrude": true, "manzana_id": 159}}, {"type": "Feature", "geometry": {"type": "Polygon", "coordinates": [[[1495.5660071836435, 116.55303688227747], [1494.5832341567825, 110.76439688225932], [1497.9246624481796, 110.20779688247814], [1498.9074354750408, 115.55115688243404], [1498.9074354750408, 115.99643688249628], [1495.5660071836435, 116.55303688227747]]]}, "properties": {"id": 609, "height_m": 3.0, "levels": 1, "category": "residencial", "extrude": true, "manzana_id": 159}}, {"type": "Feature", "geometry": {"type": "Polygon", "coordinates": [[[1476.107101251307, 109.20591688223922], [1481.2175209911939, 108.31535688211474], [1482.986512439334, 118.66811688247424], [1477.9743700022384, 119.55867688220323], [1476.107101251307, 109.20591688223922], [1476.107101251307, 109.20591688223922]]]}, "properties": {"id": 610, "height_m": 3.0, "levels": 1, "category": "residencial", "extrude": true, "manzana_id": 159}}, {"type": "Feature", "geometry": {"type": "Polygon", "coordinates": [[[1482.986512439334, 118.66811688247424], [1481.2175209911939, 108.31535688211474], [1485.9348315202662, 107.42479688238575], [1486.622772639104, 107.31347688227132], [1487.7038229684065, 113.2134368824039], [1488.2934867848023, 117.10963688245414], [1488.391764087244, 117.55491688212089], [1488.490041390035, 117.77755688234976], [1482.986512439334, 118.66811688247424]]]}, "properties": {"id": 611, "height_m": 3.0, "levels": 1, "category": "residencial", "extrude": true, "manzana_id": 159}}, {"type": "Feature", "geometry": {"type": "Polygon", "coordinates": [[[1465.5914298635107, 110.98703688248818], [1470.800126905839, 110.0964768823637], [1475.3208828296788, 109.31723688235365], [1475.3208828296788, 109.42855688246809], [1476.107101251307, 109.20591688223922], [1477.9743700022384, 119.55867688220323], [1474.0432778947945, 120.22659688249433], [1473.0605048679333, 114.21531688224732], [1470.1121857870014, 114.771916882424], [1471.0949588138621, 120.67187688216109], [1467.1638667064183, 121.33979688245219], [1465.5914298635107, 110.98703688248818], [1465.5914298635107, 110.98703688248818]]]}, "properties": {"id": 612, "height_m": 3.0, "levels": 1, "category": "residencial", "extrude": true, "manzana_id": 159}}, {"type": "Feature", "geometry": {"type": "Polygon", "coordinates": [[[1471.0949588138621, 120.67187688216109], [1470.1121857870014, 114.771916882424], [1473.0605048679333, 114.21531688224732], [1474.0432778947945, 120.22659688249433], [1471.0949588138621, 120.67187688216109]]]}, "properties": {"id": 613, "height_m": 6.0, "levels": 2, "category": "residencial", "extrude": true, "manzana_id": 159}}, {"type": "Feature", "geometry": {"type": "Polygon", "coordinates": [[[1461.7586150585082, 111.54363688226937], [1462.2500015717642, 114.43795688247619], [1459.3016824911815, 114.99455688225737], [1458.8102959779253, 112.10023688244604], [1460.481010123624, 111.76627688210274], [1461.7586150585082, 111.54363688226937]]]}, "properties": {"id": 614, "height_m": 3.0, "levels": 1, "category": "residencial", "extrude": true, "manzana_id": 159}}, {"type": "Feature", "geometry": {"type": "Polygon", "coordinates": [[[1456.1568088050167, 118.77943688219318], [1454.9774811729233, 112.76815688234166], [1457.8275229507153, 112.21155688216498], [1458.6137413723438, 112.10023688244604], [1458.8102959779253, 112.10023688244604], [1459.3016824911815, 114.99455688225737], [1462.2500015717642, 114.43795688247619], [1461.7586150585082, 111.54363688226937], [1463.6258838094395, 111.32099688243599], [1463.7241611122304, 111.32099688243599], [1465.5914298635107, 110.98703688248818], [1465.5914298635107, 110.98703688248818], [1467.1638667064183, 121.33979688245219], [1463.9207157174628, 121.89639688223338], [1463.331051901416, 118.44547688224537], [1462.8396653881603, 119.11339688214099], [1462.3482788745553, 119.55867688220323], [1462.1517242693226, 119.7813168824321], [1461.7586150585082, 120.00395688226547], [1461.4637831504851, 120.00395688226547], [1461.1689512424616, 120.00395688226547], [1460.1861782152516, 119.89263688215104], [1459.7930690047865, 119.7813168824321], [1459.2034051883904, 119.55867688220323], [1458.7120186751347, 119.33603688236985], [1458.5154640695528, 118.33415688213094], [1456.1568088050167, 118.77943688219318]]]}, "properties": {"id": 615, "height_m": 9.0, "levels": 3, "category": "residencial", "extrude": true, "manzana_id": 159}}, {"type": "Feature", "geometry": {"type": "Polygon", "coordinates": [[[1459.3016824911815, 122.78695688235786], [1456.9430272266452, 123.2322368824201], [1456.1568088050167, 118.77943688219318], [1458.5154640695528, 118.33415688213094], [1458.7120186751347, 119.33603688236985], [1459.3016824911815, 122.78695688235786]]]}, "properties": {"id": 616, "height_m": 12.0, "levels": 4, "category": "residencial", "extrude": true, "manzana_id": 159}}, {"type": "Feature", "geometry": {"type": "Polygon", "coordinates": [[[1458.7120186751347, 119.33603688236985], [1459.2034051883904, 119.55867688220323], [1459.7930690047865, 119.7813168824321], [1460.1861782152516, 119.89263688215104], [1461.1689512424616, 120.00395688226547], [1461.4637831504851, 120.00395688226547], [1461.7586150585082, 120.00395688226547], [1462.1517242693226, 119.7813168824321], [1462.3482788745553, 119.55867688220323], [1462.8396653881603, 119.11339688214099], [1463.331051901416, 118.44547688224537], [1463.9207157174628, 121.89639688223338], [1459.3016824911815, 122.78695688235786], [1458.7120186751347, 119.33603688236985]]]}, "properties": {"id": 617, "height_m": 6.0, "levels": 2, "category": "residencial", "extrude": true, "manzana_id": 159}}, {"type": "Feature", "geometry": {"type": "Polygon", "coordinates": [[[1456.9430272266452, 123.2322368824201], [1457.1395818318779, 124.12279688214909], [1445.739414720011, 126.015236882117], [1443.5773140607073, 114.66059688230956], [1444.0687005743123, 114.54927688219513], [1444.5600870875683, 114.54927688219513], [1444.9531962983824, 116.99831688233971], [1446.5256331416394, 124.90203688215914], [1456.9430272266452, 123.12091688230566], [1456.9430272266452, 123.2322368824201]]]}, "properties": {"id": 618, "height_m": 6.0, "levels": 2, "category": "residencial", "extrude": true, "manzana_id": 159}}, {"type": "Feature", "geometry": {"type": "Polygon", "coordinates": [[[1444.9531962983824, 116.99831688233971], [1444.5600870875683, 114.54927688219513], [1451.8326074867584, 113.32475688212284], [1451.9308847895495, 113.43607688223727], [1452.3239940003637, 115.77379688226742], [1444.9531962983824, 116.99831688233971]]]}, "properties": {"id": 619, "height_m": 12.0, "levels": 4, "category": "residencial", "extrude": true, "manzana_id": 159}}, {"type": "Feature", "geometry": {"type": "Polygon", "coordinates": [[[1456.9430272266452, 123.12091688230566], [1446.5256331416394, 124.90203688215914], [1444.9531962983824, 116.99831688233971], [1452.3239940003637, 115.77379688226742], [1452.4222713028053, 116.44171688216304], [1455.3705903837374, 115.88511688238185], [1454.8792038701324, 112.99079688217503], [1451.9308847895495, 113.43607688223727], [1451.8326074867584, 113.32475688212284], [1453.8964308432714, 112.87947688245609], [1454.9774811729233, 112.76815688234166], [1456.1568088050167, 118.77943688219318], [1456.9430272266452, 123.12091688230566]]]}, "properties": {"id": 620, "height_m": 9.0, "levels": 3, "category": "residencial", "extrude": true, "manzana_id": 159}}, {"type": "Feature", "geometry": {"type": "Polygon", "coordinates": [[[1452.3239940003637, 115.77379688226742], [1451.9308847895495, 113.43607688223727], [1454.8792038701324, 112.99079688217503], [1455.3705903837374, 115.88511688238185], [1452.4222713028053, 116.44171688216304], [1452.3239940003637, 115.77379688226742]]]}, "properties": {"id": 621, "height_m": 3.0, "levels": 1, "category": "residencial", "extrude": true, "manzana_id": 159}}, {"type": "Feature", "geometry": {"type": "Polygon", "coordinates": [[[1412.5216864109227, 110.65307688214489], [1412.325131805341, 109.65119688230146], [1422.7425258906958, 107.5361168821047], [1422.8408031931374, 108.5379968823436], [1422.8408031931374, 108.5379968823436], [1422.7425258906958, 108.5379968823436], [1412.5216864109227, 110.65307688214489]]]}, "properties": {"id": 622, "height_m": 6.0, "levels": 2, "category": "residencial", "extrude": true, "manzana_id": 155}}, {"type": "Feature", "geometry": {"type": "Polygon", "coordinates": [[[1413.6027367405745, 116.99831688233971], [1412.5216864109227, 110.65307688214489], [1422.7425258906958, 108.5379968823436], [1422.8408031931374, 108.5379968823436], [1422.8408031931374, 108.5379968823436], [1423.4304670095335, 111.6549568823838], [1423.528744311975, 112.21155688216498], [1423.8235762203478, 114.43795688247619], [1423.9218535227894, 114.66059688230956], [1424.0201308255803, 115.21719688248623], [1424.0201308255803, 115.21719688248623], [1413.6027367405745, 116.99831688233971]]]}, "properties": {"id": 623, "height_m": 9.0, "levels": 3, "category": "residencial", "extrude": true, "manzana_id": 155}}, {"type": "Feature", "geometry": {"type": "Polygon", "coordinates": [[[1414.0941232538305, 119.89263688215104], [1413.7010140430161, 117.77755688234976], [1413.6027367405745, 116.99831688233971], [1424.0201308255803, 115.21719688248623], [1424.0201308255803, 115.21719688248623], [1424.5115173391853, 118.11151688229756], [1421.5631982582531, 118.66811688247424], [1416.4527785183666, 119.55867688220323], [1415.4700054915056, 119.66999688231766], [1414.683787069877, 119.7813168824321], [1414.0941232538305, 119.89263688215104]]]}, "properties": {"id": 624, "height_m": 12.0, "levels": 4, "category": "residencial", "extrude": true, "manzana_id": 155}}, {"type": "Feature", "geometry": {"type": "Polygon", "coordinates": [[[1412.6199637137136, 117.10963688245414], [1411.3423587784798, 109.7625168824159], [1412.325131805341, 109.65119688230146], [1412.5216864109227, 110.65307688214489], [1413.6027367405745, 116.99831688233971], [1412.6199637137136, 117.10963688245414]]]}, "properties": {"id": 625, "height_m": 6.0, "levels": 2, "category": "residencial", "extrude": true, "manzana_id": 155}}, {"type": "Feature", "geometry": {"type": "Polygon", "coordinates": [[[1424.0201308255803, 115.21719688248623], [1423.9218535227894, 114.66059688230956], [1423.8235762203478, 114.43795688247619], [1423.528744311975, 112.21155688216498], [1423.4304670095335, 111.6549568823838], [1422.8408031931374, 108.5379968823436], [1424.2166854308127, 108.31535688211474], [1427.4598364197682, 107.64743688221913], [1429.032273262676, 107.31347688227132], [1432.7668107648874, 106.6455568823757], [1433.4547518837248, 110.20779688247814], [1433.553029186516, 110.98703688248818], [1434.1426930025625, 114.10399688213289], [1429.2288278682577, 114.99455688225737], [1429.6219370787228, 117.33227688228752], [1424.6097946416269, 118.11151688229756], [1424.5115173391853, 118.11151688229756], [1424.0201308255803, 115.21719688248623]]]}, "properties": {"id": 626, "height_m": 6.0, "levels": 2, "category": "residencial", "extrude": true, "manzana_id": 155}}, {"type": "Feature", "geometry": {"type": "Polygon", "coordinates": [[[1429.6219370787228, 117.33227688228752], [1429.2288278682577, 114.99455688225737], [1434.1426930025625, 114.10399688213289], [1434.1426930025625, 114.10399688213289], [1434.5358022133767, 116.44171688216304], [1429.7202143815134, 117.22095688217308], [1429.6219370787228, 117.22095688217308], [1429.6219370787228, 117.33227688228752]]]}, "properties": {"id": 627, "height_m": 9.0, "levels": 3, "category": "residencial", "extrude": true, "manzana_id": 155}}, {"type": "Feature", "geometry": {"type": "Polygon", "coordinates": [[[1425.4942903660462, 123.78883688220128], [1425.1994584576737, 122.11903688246224], [1427.1650045117447, 121.78507688211894], [1427.4598364197682, 123.45487688225347], [1425.4942903660462, 123.78883688220128]]]}, "properties": {"id": 628, "height_m": 3.0, "levels": 1, "category": "residencial", "extrude": true, "manzana_id": 155}}, {"type": "Feature", "geometry": {"type": "Polygon", "coordinates": [[[1436.3047936618661, 127.35107688230372], [1426.3787860901164, 129.02087688243824], [1426.2805087873255, 128.575596882376], [1426.182231484884, 128.01899688219933], [1431.2926512247705, 127.12843688247034], [1431.882315040817, 127.01711688235591], [1436.2065163590753, 126.34919688246029], [1436.3047936618661, 127.35107688230372]]]}, "properties": {"id": 629, "height_m": 9.0, "levels": 3, "category": "residencial", "extrude": true, "manzana_id": 155}}, {"type": "Feature", "geometry": {"type": "Polygon", "coordinates": [[[1435.0271887269819, 119.55867688220323], [1434.5358022133767, 116.44171688216304], [1435.5185752402379, 116.21907688232966], [1436.5013482670988, 122.11903688246224], [1435.5185752402379, 122.23035688218118], [1435.1254660294235, 120.1152768823799], [1435.0271887269819, 119.55867688220323]]]}, "properties": {"id": 630, "height_m": 9.0, "levels": 3, "category": "residencial", "extrude": true, "manzana_id": 155}}, {"type": "Feature", "geometry": {"type": "Polygon", "coordinates": [[[1430.2116008951186, 121.0058368821089], [1429.6219370787228, 117.33227688228752], [1429.6219370787228, 117.22095688217308], [1429.7202143815134, 117.22095688217308], [1434.5358022133767, 116.44171688216304], [1435.0271887269819, 119.55867688220323], [1435.1254660294235, 120.1152768823799], [1430.2116008951186, 121.0058368821089]]]}, "properties": {"id": 631, "height_m": 12.0, "levels": 4, "category": "residencial", "extrude": true, "manzana_id": 155}}, {"type": "Feature", "geometry": {"type": "Polygon", "coordinates": [[[1431.2926512247705, 127.12843688247034], [1430.6047101059328, 123.12091688230566], [1435.5185752402379, 122.23035688218118], [1435.6168525430285, 123.00959688219123], [1435.911684451052, 124.7907168824402], [1436.2065163590753, 126.34919688246029], [1431.882315040817, 127.01711688235591], [1431.2926512247705, 127.12843688247034]]]}, "properties": {"id": 632, "height_m": 12.0, "levels": 4, "category": "residencial", "extrude": true, "manzana_id": 155}}, {"type": "Feature", "geometry": {"type": "Polygon", "coordinates": [[[1424.708071944418, 119.55867688220323], [1424.5115173391853, 118.11151688229756], [1424.6097946416269, 118.11151688229756], [1429.6219370787228, 117.33227688228752], [1430.2116008951186, 121.0058368821089], [1435.1254660294235, 120.1152768823799], [1435.5185752402379, 122.23035688218118], [1430.6047101059328, 123.12091688230566], [1431.2926512247705, 127.12843688247034], [1426.182231484884, 128.01899688219933], [1425.4942903660462, 124.23411688226352], [1425.4942903660462, 123.78883688220128], [1427.4598364197682, 123.45487688225347], [1427.1650045117447, 121.78507688211894], [1425.1994584576737, 122.11903688246224], [1425.002903852441, 121.11715688222333], [1424.708071944418, 119.55867688220323]]]}, "properties": {"id": 633, "height_m": 15.0, "levels": 5, "category": "residencial", "extrude": true, "manzana_id": 155}}, {"type": "Feature", "geometry": {"type": "Polygon", "coordinates": [[[1414.782064372668, 120.78319688227552], [1414.683787069877, 119.89263688215104], [1414.683787069877, 119.7813168824321], [1415.4700054915056, 119.66999688231766], [1415.8631147023198, 122.00771688234781], [1421.9563074690673, 121.0058368821089], [1422.0545847718583, 121.56243688228557], [1425.002903852441, 121.11715688222333], [1425.1994584576737, 122.11903688246224], [1425.4942903660462, 123.78883688220128], [1425.4942903660462, 124.23411688226352], [1426.182231484884, 128.01899688219933], [1425.1994584576737, 128.2416368824282], [1418.1234926640652, 129.466156882105], [1418.4183245720885, 129.24351688227162], [1418.713156480461, 129.02087688243824], [1418.9097110856935, 128.79823688220938], [1419.0079883884844, 128.575596882376], [1419.106265690926, 128.2416368824282], [1419.106265690926, 128.01899688219933], [1419.106265690926, 127.68503688225152], [1418.811433782903, 126.23787688234586], [1417.337274242786, 126.46051688217923], [1417.0424423347624, 126.46051688217923], [1416.7476104263899, 126.57183688229367], [1416.5510558211574, 126.79447688212704], [1416.3545012159248, 127.01711688235591], [1416.2562239131341, 127.23975688218928], [1416.0596693075522, 127.46239688241815], [1415.9613920051106, 127.90767688248039], [1414.782064372668, 120.78319688227552]]]}, "properties": {"id": 635, "height_m": 9.0, "levels": 3, "category": "residencial", "extrude": true, "manzana_id": 155}}, {"type": "Feature", "geometry": {"type": "Polygon", "coordinates": [[[1416.157946610343, 128.575596882376], [1415.9613920051106, 127.90767688248039], [1416.0596693075522, 127.46239688241815], [1416.2562239131341, 127.23975688218928], [1416.3545012159248, 127.01711688235591], [1416.5510558211574, 126.79447688212704], [1416.7476104263899, 126.57183688229367], [1417.0424423347624, 126.46051688217923], [1417.337274242786, 126.46051688217923], [1418.811433782903, 126.23787688234586], [1419.106265690926, 127.68503688225152], [1419.106265690926, 128.01899688219933], [1419.106265690926, 128.2416368824282], [1419.0079883884844, 128.575596882376], [1418.9097110856935, 128.79823688220938], [1418.713156480461, 129.02087688243824], [1418.4183245720885, 129.24351688227162], [1418.1234926640652, 129.466156882105], [1417.5338288480184, 129.57747688221943], [1417.0424423347624, 129.466156882105], [1416.6493331239483, 129.24351688227162], [1416.4527785183666, 129.02087688243824], [1416.157946610343, 128.575596882376]]]}, "properties": {"id": 636, "height_m": 12.0, "levels": 4, "category": "residencial", "extrude": true, "manzana_id": 155}}, {"type": "Feature", "geometry": {"type": "Polygon", "coordinates": [[[1421.9563074690673, 121.0058368821089], [1415.8631147023198, 122.00771688234781], [1415.4700054915056, 119.66999688231766], [1416.4527785183666, 119.55867688220323], [1421.5631982582531, 118.66811688247424], [1421.9563074690673, 121.0058368821089]]]}, "properties": {"id": 637, "height_m": 12.0, "levels": 4, "category": "residencial", "extrude": true, "manzana_id": 155}}, {"type": "Feature", "geometry": {"type": "Polygon", "coordinates": [[[1421.4649209554623, 98.74183688216078], [1411.5389133840615, 100.41163688229531], [1408.1974850926645, 80.59667688249178], [1418.0252153616234, 78.92687688235725], [1419.695929507322, 88.83435688225902], [1420.2855933233689, 92.28527688224702], [1420.8752571394155, 95.29091688217278], [1421.4649209554623, 98.74183688216078]]]}, "properties": {"id": 638, "height_m": 3.0, "levels": 1, "category": "residencial", "extrude": true, "manzana_id": 152}}, {"type": "Feature", "geometry": {"type": "Polygon", "coordinates": [[[1422.4476939826725, 88.38907688219678], [1422.0545847718583, 85.60607688210439], [1423.1356351015102, 85.38343688227101], [1423.6270216147661, 88.1664368823634], [1422.4476939826725, 88.38907688219678]]]}, "properties": {"id": 639, "height_m": 3.0, "levels": 1, "category": "residencial", "extrude": true, "manzana_id": 152}}, {"type": "Feature", "geometry": {"type": "Polygon", "coordinates": [[[1424.9046265496504, 77.70235688228496], [1424.8063492472086, 76.70047688244154], [1428.7374413546527, 76.03255688215043], [1430.6047101059328, 86.94191688229111], [1429.6219370787228, 87.16455688212449], [1429.032273262676, 83.82495688225092], [1427.8529456305823, 77.25707688222272], [1424.9046265496504, 77.70235688228496]]]}, "properties": {"id": 640, "height_m": 6.0, "levels": 2, "category": "residencial", "extrude": true, "manzana_id": 152}}, {"type": "Feature", "geometry": {"type": "Polygon", "coordinates": [[[1422.0545847718583, 85.60607688210439], [1421.5631982582531, 82.71175688229306], [1421.0718117449971, 82.82307688240749], [1420.3838706261597, 78.48159688229501], [1424.9046265496504, 77.70235688228496], [1427.8529456305823, 77.25707688222272], [1429.032273262676, 83.82495688225092], [1429.6219370787228, 87.16455688212449], [1429.523659776281, 87.16455688212449], [1427.8529456305823, 87.38719688235335], [1423.6270216147661, 88.1664368823634], [1423.1356351015102, 85.38343688227101], [1422.0545847718583, 85.60607688210439]]]}, "properties": {"id": 641, "height_m": 9.0, "levels": 3, "category": "residencial", "extrude": true, "manzana_id": 152}}, {"type": "Feature", "geometry": {"type": "Polygon", "coordinates": [[[1419.695929507322, 88.83435688225902], [1418.0252153616234, 78.92687688235725], [1420.1873160205778, 78.59291688240944], [1420.3838706261597, 78.48159688229501], [1421.0718117449971, 82.82307688240749], [1421.5631982582531, 82.71175688229306], [1422.0545847718583, 85.60607688210439], [1422.4476939826725, 88.38907688219678], [1419.695929507322, 88.83435688225902]]]}, "properties": {"id": 642, "height_m": 12.0, "levels": 4, "category": "residencial", "extrude": true, "manzana_id": 152}}, {"type": "Feature", "geometry": {"type": "Polygon", "coordinates": [[[1420.8752571394155, 95.29091688217278], [1420.2855933233689, 92.28527688224702], [1423.2339124039518, 91.72867688246583], [1423.8235762203478, 94.7343168823916], [1420.8752571394155, 95.29091688217278]]]}, "properties": {"id": 643, "height_m": 3.0, "levels": 1, "category": "residencial", "extrude": true, "manzana_id": 152}}, {"type": "Feature", "geometry": {"type": "Polygon", "coordinates": [[[1432.2754242516314, 96.84939688219288], [1432.373701554073, 97.85127688243179], [1421.5631982582531, 99.7437168823997], [1421.4649209554623, 98.74183688216078], [1421.5631982582531, 98.74183688216078], [1429.523659776281, 97.29467688225512], [1431.2926512247705, 97.07203688242174], [1432.2754242516314, 96.84939688219288]]]}, "properties": {"id": 644, "height_m": 6.0, "levels": 2, "category": "residencial", "extrude": true, "manzana_id": 152}}, {"type": "Feature", "geometry": {"type": "Polygon", "coordinates": [[[1430.2116008951186, 90.94943688245579], [1429.6219370787228, 87.16455688212449], [1430.6047101059328, 86.94191688229111], [1432.2754242516314, 96.84939688219288], [1431.2926512247705, 97.07203688242174], [1430.6047101059328, 93.1758368823715], [1430.2116008951186, 90.94943688245579]]]}, "properties": {"id": 645, "height_m": 9.0, "levels": 3, "category": "residencial", "extrude": true, "manzana_id": 152}}, {"type": "Feature", "geometry": {"type": "Polygon", "coordinates": [[[1430.2116008951186, 90.94943688245579], [1428.4426094466291, 91.2833968824036], [1427.8529456305823, 87.38719688235335], [1429.523659776281, 87.16455688212449], [1429.6219370787228, 87.16455688212449], [1430.2116008951186, 90.94943688245579]]]}, "properties": {"id": 646, "height_m": 12.0, "levels": 4, "category": "residencial", "extrude": true, "manzana_id": 152}}, {"type": "Feature", "geometry": {"type": "Polygon", "coordinates": [[[1429.523659776281, 97.29467688225512], [1428.8357186574435, 93.5097968823193], [1430.6047101059328, 93.1758368823715], [1431.2926512247705, 97.07203688242174], [1429.523659776281, 97.29467688225512]]]}, "properties": {"id": 647, "height_m": 12.0, "levels": 4, "category": "residencial", "extrude": true, "manzana_id": 152}}, {"type": "Feature", "geometry": {"type": "Polygon", "coordinates": [[[1420.2855933233689, 92.28527688224702], [1419.695929507322, 88.83435688225902], [1422.4476939826725, 88.38907688219678], [1423.6270216147661, 88.1664368823634], [1427.8529456305823, 87.38719688235335], [1428.4426094466291, 91.2833968824036], [1430.2116008951186, 90.94943688245579], [1430.6047101059328, 93.1758368823715], [1428.8357186574435, 93.5097968823193], [1429.523659776281, 97.29467688225512], [1421.5631982582531, 98.74183688216078], [1421.4649209554623, 98.74183688216078], [1420.8752571394155, 95.29091688217278], [1423.8235762203478, 94.7343168823916], [1423.2339124039518, 91.72867688246583], [1420.2855933233689, 92.28527688224702]]]}, "properties": {"id": 648, "height_m": 12.0, "levels": 4, "category": "residencial", "extrude": true, "manzana_id": 152}}, {"type": "Feature", "geometry": {"type": "Polygon", "coordinates": [[[1510.897266403303, 2.450036882444522], [1510.9955437060942, 2.450036882444522], [1512.4697032465601, 11.912236882284049], [1512.3714259437695, 11.912236882284049], [1501.8557545559727, 13.582036882418578], [1501.8557545559727, 13.582036882418578], [1501.167813437135, 9.129236882191663], [1500.4798723182976, 4.231156882297995], [1510.897266403303, 2.450036882444522]]]}, "properties": {"id": 649, "height_m": 9.0, "levels": 3, "category": "residencial", "extrude": true, "manzana_id": 165}}, {"type": "Feature", "geometry": {"type": "Polygon", "coordinates": [[[1515.8111315379574, 11.355636882107376], [1515.3197450243522, 8.683956882129422], [1518.268064104935, 8.23867688246267], [1518.6611733157495, 10.910356882440624], [1515.8111315379574, 11.355636882107376]]]}, "properties": {"id": 650, "height_m": 3.0, "levels": 1, "category": "residencial", "extrude": true, "manzana_id": 165}}, {"type": "Feature", "geometry": {"type": "Polygon", "coordinates": [[[1521.5112150938905, 4.676436882360235], [1514.2386946947004, 6.012276882151468], [1513.6490308786538, 3.006636882225706], [1513.5507535758627, 2.0047568823822814], [1520.823273975053, 0.7802368823099926], [1521.5112150938905, 4.676436882360235]]]}, "properties": {"id": 651, "height_m": 9.0, "levels": 3, "category": "residencial", "extrude": true, "manzana_id": 165}}, {"type": "Feature", "geometry": {"type": "Polygon", "coordinates": [[[1522.3957108179607, 10.24243688214952], [1522.3957108179607, 10.24243688214952], [1518.6611733157495, 10.910356882440624], [1518.268064104935, 8.23867688246267], [1515.3197450243522, 8.683956882129422], [1515.8111315379574, 11.355636882107376], [1512.567980549002, 11.912236882284049], [1512.4697032465601, 11.912236882284049], [1510.9955437060942, 2.450036882444522], [1510.9955437060942, 2.450036882444522], [1513.5507535758627, 2.0047568823822814], [1513.6490308786538, 3.006636882225706], [1514.2386946947004, 6.012276882151468], [1521.5112150938905, 4.676436882360235], [1522.3957108179607, 10.24243688214952]]]}, "properties": {"id": 652, "height_m": 12.0, "levels": 4, "category": "residencial", "extrude": true, "manzana_id": 165}}, {"type": "Feature", "geometry": {"type": "Polygon", "coordinates": [[[1521.0198285802858, 0.6689168821955604], [1531.142390757617, -1.0008831175434807], [1532.4199956925015, 8.572636882410478], [1532.4199956925015, 8.572636882410478], [1528.783735493081, 9.240556882306095], [1528.783735493081, 9.240556882306095], [1525.8354164121488, 9.685836882368335], [1522.4939881207517, 10.24243688214952], [1522.3957108179607, 10.24243688214952], [1521.5112150938905, 4.676436882360235], [1520.823273975053, 0.7802368823099926], [1521.0198285802858, 0.6689168821955604]]]}, "properties": {"id": 653, "height_m": 6.0, "levels": 2, "category": "residencial", "extrude": true, "manzana_id": 165}}, {"type": "Feature", "geometry": {"type": "Polygon", "coordinates": [[[1531.142390757617, -1.0008831175434807], [1530.9458361520356, -2.0027631177823935], [1540.8718437237853, -3.6725631175214346], [1540.9701210265762, -2.67068311767801], [1535.1717601678517, -1.6688031178345852], [1531.142390757617, -1.0008831175434807]]]}, "properties": {"id": 654, "height_m": 6.0, "levels": 2, "category": "residencial", "extrude": true, "manzana_id": 165}}, {"type": "Feature", "geometry": {"type": "Polygon", "coordinates": [[[1536.547642405527, 7.904716882119374], [1532.4199956925015, 8.572636882410478], [1531.142390757617, -1.0008831175434807], [1535.1717601678517, -1.6688031178345852], [1535.5648693786661, 0.5575968824766164], [1536.547642405527, 7.904716882119374]]]}, "properties": {"id": 655, "height_m": 12.0, "levels": 4, "category": "residencial", "extrude": true, "manzana_id": 165}}, {"type": "Feature", "geometry": {"type": "Polygon", "coordinates": [[[1535.5648693786661, 0.5575968824766164], [1535.1717601678517, -1.6688031178345852], [1540.9701210265762, -2.67068311767801], [1541.3632302370413, -0.33296311764786424], [1535.5648693786661, 0.5575968824766164]]]}, "properties": {"id": 656, "height_m": 9.0, "levels": 3, "category": "residencial", "extrude": true, "manzana_id": 165}}, {"type": "Feature", "geometry": {"type": "Polygon", "coordinates": [[[1536.547642405527, 7.904716882119374], [1535.5648693786661, 0.5575968824766164], [1541.3632302370413, -0.33296311764786424], [1542.5425578694837, 7.014156882390381], [1539.2994068808775, 7.459436882452621], [1538.021801945644, 7.6820768822859975], [1536.547642405527, 7.904716882119374]]]}, "properties": {"id": 657, "height_m": 12.0, "levels": 4, "category": "residencial", "extrude": true, "manzana_id": 165}}, {"type": "Feature", "geometry": {"type": "Polygon", "coordinates": [[[1541.3632302370413, -0.33296311764786424], [1540.9701210265762, -2.67068311767801], [1547.8495322146032, -3.895203117750299], [1548.6357506362315, 0.4462768823621843], [1551.6823470196052, 0.0009968822999439908], [1552.5668427440246, 5.455676882370284], [1549.225414452278, 5.900956882432524], [1546.2770953716952, 6.457556882213709], [1542.5425578694837, 7.014156882390381], [1541.3632302370413, -0.33296311764786424]]]}, "properties": {"id": 658, "height_m": 6.0, "levels": 2, "category": "residencial", "extrude": true, "manzana_id": 165}}, {"type": "Feature", "geometry": {"type": "Polygon", "coordinates": [[[1551.6823470196052, 0.0009968822999439908], [1548.6357506362315, 0.4462768823621843], [1547.8495322146032, -3.895203117750299], [1549.42196905786, -4.117843117583675], [1550.9944059007676, -4.340483117812539], [1551.6823470196052, 0.0009968822999439908]]]}, "properties": {"id": 659, "height_m": 9.0, "levels": 3, "category": "residencial", "extrude": true, "manzana_id": 165}}, {"type": "Feature", "geometry": {"type": "Polygon", "coordinates": [[[1544.1149947123915, 16.921636882292148], [1542.5425578694837, 7.014156882390381], [1546.2770953716952, 6.457556882213709], [1546.2770953716952, 6.457556882213709], [1546.7684818853004, 9.908476882201711], [1547.358145701347, 9.908476882201711], [1547.6529776093705, 11.57827688233624], [1547.1615910957655, 11.689596882450672], [1547.9478095173938, 16.25371688239653], [1544.1149947123915, 16.921636882292148]]]}, "properties": {"id": 660, "height_m": 12.0, "levels": 4, "category": "residencial", "extrude": true, "manzana_id": 165}}, {"type": "Feature", "geometry": {"type": "Polygon", "coordinates": [[[1549.3236917550691, 11.355636882107376], [1549.0288598470456, 9.574516882253903], [1549.7168009658833, 9.46319688213947], [1549.225414452278, 5.900956882432524], [1552.5668427440246, 5.455676882370284], [1554.1392795869324, 15.251836882157619], [1550.896128597977, 15.808436882334291], [1550.6012966899534, 15.919756882448723], [1549.8150782686741, 11.244316882388432], [1549.3236917550691, 11.355636882107376]]]}, "properties": {"id": 661, "height_m": 12.0, "levels": 4, "category": "residencial", "extrude": true, "manzana_id": 165}}, {"type": "Feature", "geometry": {"type": "Polygon", "coordinates": [[[1547.6529776093705, 11.57827688233624], [1547.358145701347, 9.908476882201711], [1549.0288598470456, 9.574516882253903], [1549.3236917550691, 11.355636882107376], [1547.6529776093705, 11.57827688233624]]]}, "properties": {"id": 662, "height_m": 15.0, "levels": 5, "category": "residencial", "extrude": true, "manzana_id": 165}}, {"type": "Feature", "geometry": {"type": "Polygon", "coordinates": [[[1547.9478095173938, 16.25371688239653], [1547.1615910957655, 11.689596882450672], [1547.6529776093705, 11.57827688233624], [1549.3236917550691, 11.355636882107376], [1549.8150782686741, 11.244316882388432], [1550.6012966899534, 15.919756882448723], [1547.9478095173938, 16.25371688239653]]]}, "properties": {"id": 663, "height_m": 15.0, "levels": 5, "category": "residencial", "extrude": true, "manzana_id": 165}}, {"type": "Feature", "geometry": {"type": "Polygon", "coordinates": [[[1522.788820028775, 12.580156882179665], [1522.3957108179607, 10.24243688214952], [1522.4939881207517, 10.24243688214952], [1525.8354164121488, 9.685836882368335], [1526.3268029257538, 12.580156882179665], [1529.176844703546, 12.134876882117425], [1528.783735493081, 9.240556882306095], [1528.783735493081, 9.240556882306095], [1532.4199956925015, 8.572636882410478], [1532.714827600525, 8.572636882410478], [1533.6976006273858, 17.923516882135573], [1533.7958779301769, 18.591436882426677], [1533.5993233245952, 18.591436882426677], [1530.4544496387796, 19.14803688220786], [1530.2578950331979, 19.14803688220786], [1530.0613404279654, 19.14803688220786], [1529.275122006337, 14.583916882262002], [1527.0147440445915, 15.029196882324243], [1527.8009624658707, 19.593316882270102], [1527.6044078606383, 19.593316882270102], [1527.4078532554056, 19.593316882270102], [1524.2629795692412, 20.149916882446774], [1524.0664249636595, 20.149916882446774], [1522.788820028775, 12.580156882179665]]]}, "properties": {"id": 664, "height_m": 12.0, "levels": 4, "category": "residencial", "extrude": true, "manzana_id": 165}}, {"type": "Feature", "geometry": {"type": "Polygon", "coordinates": [[[1527.8009624658707, 19.593316882270102], [1527.0147440445915, 15.029196882324243], [1529.275122006337, 14.583916882262002], [1530.0613404279654, 19.14803688220786], [1527.8009624658707, 19.593316882270102]]]}, "properties": {"id": 665, "height_m": 15.0, "levels": 5, "category": "residencial", "extrude": true, "manzana_id": 165}}, {"type": "Feature", "geometry": {"type": "Polygon", "coordinates": [[[1512.8628124570253, 14.027316882480818], [1512.4697032465601, 11.912236882284049], [1512.4697032465601, 11.912236882284049], [1512.567980549002, 11.912236882284049], [1515.8111315379574, 11.355636882107376], [1518.6611733157495, 10.910356882440624], [1522.3957108179607, 10.24243688214952], [1522.3957108179607, 10.24243688214952], [1522.788820028775, 12.468836882460721], [1512.8628124570253, 14.027316882480818]]]}, "properties": {"id": 666, "height_m": 15.0, "levels": 5, "category": "residencial", "extrude": true, "manzana_id": 165}}, {"type": "Feature", "geometry": {"type": "Polygon", "coordinates": [[[1514.1404173922588, 21.819716882185816], [1513.059367062607, 15.140516882438675], [1512.961089759816, 14.361276882428626], [1512.8628124570253, 14.027316882480818], [1522.788820028775, 12.468836882460721], [1522.788820028775, 12.580156882179665], [1524.0664249636595, 20.149916882446774], [1520.0370555534246, 20.81783688234239], [1519.2508371321453, 16.031076882167667], [1519.349114434587, 16.031076882167667], [1519.0542825265638, 14.138636882199762], [1516.8921818676092, 14.47259688214757], [1517.1870137756325, 16.365036882115476], [1517.2852910780744, 16.365036882115476], [1518.0715094997026, 21.1517968822902], [1514.1404173922588, 21.819716882185816]]]}, "properties": {"id": 667, "height_m": 12.0, "levels": 4, "category": "residencial", "extrude": true, "manzana_id": 165}}, {"type": "Feature", "geometry": {"type": "Polygon", "coordinates": [[[1524.0664249636595, 20.149916882446774], [1524.1647022664501, 21.1517968822902], [1518.268064104935, 22.153676882133624], [1514.3369719974914, 22.710276882310296], [1514.1404173922588, 21.819716882185816], [1518.0715094997026, 21.1517968822902], [1520.0370555534246, 20.81783688234239], [1524.0664249636595, 20.149916882446774]]]}, "properties": {"id": 668, "height_m": 9.0, "levels": 3, "category": "residencial", "extrude": true, "manzana_id": 165}}, {"type": "Feature", "geometry": {"type": "Polygon", "coordinates": [[[1518.0715094997026, 21.1517968822902], [1517.2852910780744, 16.365036882115476], [1519.2508371321453, 16.031076882167667], [1520.0370555534246, 20.81783688234239], [1518.0715094997026, 21.1517968822902]]]}, "properties": {"id": 669, "height_m": 15.0, "levels": 5, "category": "residencial", "extrude": true, "manzana_id": 165}}, {"type": "Feature", "geometry": {"type": "Polygon", "coordinates": [[[1511.5852075221408, 22.153676882133624], [1510.4058798900473, 15.585796882105427], [1513.059367062607, 15.140516882438675], [1514.1404173922588, 21.819716882185816], [1514.042140089468, 21.819716882185816], [1511.5852075221408, 22.153676882133624]]]}, "properties": {"id": 670, "height_m": 9.0, "levels": 3, "category": "residencial", "extrude": true, "manzana_id": 165}}, {"type": "Feature", "geometry": {"type": "Polygon", "coordinates": [[[1509.1282749548138, 14.91787688220981], [1507.064451598301, 15.251836882157619], [1506.671342387836, 12.914116882127473], [1506.671342387836, 12.80279688240853], [1509.1282749548138, 12.468836882460721], [1509.5213841656282, 14.91787688220981], [1509.1282749548138, 14.91787688220981]]]}, "properties": {"id": 671, "height_m": 3.0, "levels": 1, "category": "residencial", "extrude": true, "manzana_id": 165}}, {"type": "Feature", "geometry": {"type": "Polygon", "coordinates": [[[1502.5436956748104, 13.470716882304146], [1502.641972977252, 13.470716882304146], [1506.671342387836, 12.80279688240853], [1506.671342387836, 12.914116882127473], [1507.064451598301, 15.251836882157619], [1509.1282749548138, 14.91787688220981], [1509.5213841656282, 14.91787688220981], [1509.1282749548138, 12.468836882460721], [1512.3714259437695, 11.912236882284049], [1512.4697032465601, 11.912236882284049], [1512.4697032465601, 11.912236882284049], [1512.961089759816, 14.361276882428626], [1513.059367062607, 15.140516882438675], [1510.4058798900473, 15.585796882105427], [1511.5852075221408, 22.153676882133624], [1511.4869302193501, 22.264996882248056], [1504.3126871232998, 23.378196882205913], [1504.2144098205088, 23.378196882205913], [1504.2144098205088, 23.378196882205913], [1502.5436956748104, 13.470716882304146]]]}, "properties": {"id": 672, "height_m": 6.0, "levels": 2, "category": "residencial", "extrude": true, "manzana_id": 165}}, {"type": "Feature", "geometry": {"type": "Polygon", "coordinates": [[[1506.9661742958594, -34.17424311763227], [1506.7696196902775, -35.176123117871185], [1511.4869302193501, -35.955363117881234], [1516.3025180512132, -36.845923117610226], [1516.499072656795, -35.8440431177668], [1506.9661742958594, -34.17424311763227]]]}, "properties": {"id": 673, "height_m": 6.0, "levels": 2, "category": "residencial", "extrude": true, "manzana_id": 154}}, {"type": "Feature", "geometry": {"type": "Polygon", "coordinates": [[[1505.4920147553933, -33.28368311750779], [1505.3937374526024, -33.951603117798896], [1506.9661742958594, -34.17424311763227], [1516.499072656795, -35.8440431177668], [1517.9732321969118, -36.06668311760018], [1518.0715094997026, -35.8440431177668], [1518.1697868024935, -35.39876311770456], [1518.6611733157495, -32.05916311783099], [1519.349114434587, -28.385603117614124], [1519.8405009481921, -25.379963117688362], [1520.5284420670298, -21.261123117804743], [1517.383568380865, -20.70452311762807], [1517.2852910780744, -21.372443117523687], [1510.9955437060942, -20.370563117680263], [1511.093821008885, -19.591323117670214], [1507.9489473227204, -19.03472311788903], [1507.7523927171387, -19.925283117618022], [1507.162728901092, -23.487523117720457], [1505.4920147553933, -33.28368311750779]]]}, "properties": {"id": 674, "height_m": 9.0, "levels": 3, "category": "residencial", "extrude": true, "manzana_id": 154}}, {"type": "Feature", "geometry": {"type": "Polygon", "coordinates": [[[1511.2903756141175, -26.715803117875083], [1511.1920983113266, -27.495043117885132], [1510.7007117980706, -27.3837231177707], [1510.0127706792332, -31.279923117820942], [1512.2731486409784, -31.725203117883183], [1513.943862786677, -31.94784311771656], [1514.7300812083056, -27.272403117656268], [1511.2903756141175, -26.715803117875083]]]}, "properties": {"id": 675, "height_m": 12.0, "levels": 4, "category": "residencial", "extrude": true, "manzana_id": 154}}, {"type": "Feature", "geometry": {"type": "Polygon", "coordinates": [[[1536.8424743135506, -21.59508311775255], [1534.8769282598287, -32.50444311789323], [1543.427053593554, -34.06292311751784], [1544.2132720151826, -30.500683117810894], [1546.4736499769278, -30.834643117758702], [1546.5719272797187, -30.166723117863086], [1546.7684818853004, -30.166723117863086], [1547.9478095173938, -23.376203117606025], [1547.8495322146032, -23.376203117606025], [1538.1200792484349, -21.706403117866984], [1537.8252473404114, -21.706403117866984], [1537.039028918783, -21.59508311775255], [1536.8424743135506, -21.59508311775255]]]}, "properties": {"id": 676, "height_m": 6.0, "levels": 2, "category": "residencial", "extrude": true, "manzana_id": 154}}, {"type": "Feature", "geometry": {"type": "Polygon", "coordinates": [[[1550.0116328739068, -40.8534431177749], [1549.8150782686741, -41.855323117618326], [1555.8099937326308, -42.85720311785724], [1556.301380246236, -39.62892311770261], [1555.3186072190258, -39.51760311758818], [1554.9254980085607, -41.744003117503894], [1554.82722070577, -41.744003117503894], [1550.30646478193, -40.96476311788933], [1550.0116328739068, -40.8534431177749]]]}, "properties": {"id": 677, "height_m": 6.0, "levels": 2, "category": "residencial", "extrude": true, "manzana_id": 154}}, {"type": "Feature", "geometry": {"type": "Polygon", "coordinates": [[[1556.5962121542593, -31.94784311771656], [1556.1048256406543, -35.176123117871185], [1557.0875986675153, -35.28744311759013], [1557.5789851811203, -32.170483117549935], [1556.5962121542593, -31.94784311771656]]]}, "properties": {"id": 678, "height_m": 6.0, "levels": 2, "category": "residencial", "extrude": true, "manzana_id": 154}}, {"type": "Feature", "geometry": {"type": "Polygon", "coordinates": [[[1555.71171642984, -37.06856311783909], [1551.0926832035584, -36.28932311782904], [1550.30646478193, -40.96476311788933], [1554.82722070577, -41.744003117503894], [1554.9254980085607, -41.744003117503894], [1555.3186072190258, -39.51760311758818], [1555.71171642984, -37.06856311783909]]]}, "properties": {"id": 679, "height_m": 9.0, "levels": 3, "category": "residencial", "extrude": true, "manzana_id": 154}}, {"type": "Feature", "geometry": {"type": "Polygon", "coordinates": [[[1546.7684818853004, -30.27804311758203], [1545.6874315556486, -35.955363117881234], [1548.2426414254173, -36.400643117547986], [1547.5547003065797, -40.51948311782709], [1550.0116328739068, -40.8534431177749], [1550.30646478193, -40.96476311788933], [1551.0926832035584, -36.28932311782904], [1555.71171642984, -37.06856311783909], [1556.1048256406543, -35.176123117871185], [1556.5962121542593, -31.94784311771656], [1556.4979348514685, -31.94784311771656], [1546.7684818853004, -30.166723117863086], [1546.7684818853004, -30.27804311758203]]]}, "properties": {"id": 680, "height_m": 12.0, "levels": 4, "category": "residencial", "extrude": true, "manzana_id": 154}}, {"type": "Feature", "geometry": {"type": "Polygon", "coordinates": [[[1545.6874315556486, -35.955363117881234], [1544.999490436811, -40.07420311776485], [1545.0977677392525, -40.07420311776485], [1547.5547003065797, -40.51948311782709], [1548.2426414254173, -36.400643117547986], [1545.6874315556486, -35.955363117881234]]]}, "properties": {"id": 681, "height_m": 15.0, "levels": 5, "category": "residencial", "extrude": true, "manzana_id": 154}}, {"type": "Feature", "geometry": {"type": "Polygon", "coordinates": [[[1557.3824305755386, -27.3837231177707], [1556.5962121542593, -31.94784311771656], [1557.5789851811203, -32.170483117549935], [1557.5789851811203, -32.170483117549935], [1558.7583128132137, -25.26864311757393], [1557.7755397863527, -25.157323117854986], [1557.3824305755386, -27.3837231177707]]]}, "properties": {"id": 682, "height_m": 3.0, "levels": 1, "category": "residencial", "extrude": true, "manzana_id": 154}}, {"type": "Feature", "geometry": {"type": "Polygon", "coordinates": [[[1547.9478095173938, -23.376203117606025], [1546.7684818853004, -30.166723117863086], [1556.4979348514685, -31.94784311771656], [1556.5962121542593, -31.94784311771656], [1557.3824305755386, -27.3837231177707], [1553.254783862513, -26.715803117875083], [1553.6478930733272, -24.378083117844938], [1553.1565065600712, -24.378083117844938], [1550.797851295535, -23.932803117782697], [1550.404742084721, -25.936563117865035], [1549.3236917550691, -25.71392311763617], [1549.7168009658833, -23.710163117553833], [1547.9478095173938, -23.376203117606025]]]}, "properties": {"id": 683, "height_m": 6.0, "levels": 2, "category": "residencial", "extrude": true, "manzana_id": 154}}, {"type": "Feature", "geometry": {"type": "Polygon", "coordinates": [[[1553.6478930733272, -24.378083117844938], [1553.254783862513, -26.715803117875083], [1557.3824305755386, -27.3837231177707], [1557.7755397863527, -25.157323117854986], [1557.677262483562, -25.046003117740554], [1553.6478930733272, -24.378083117844938]]]}, "properties": {"id": 684, "height_m": 9.0, "levels": 3, "category": "residencial", "extrude": true, "manzana_id": 154}}, {"type": "Feature", "geometry": {"type": "Polygon", "coordinates": [[[1539.7907933941335, -11.798923117569728], [1538.1200792484349, -21.706403117866984], [1547.8495322146032, -23.376203117606025], [1547.9478095173938, -23.376203117606025], [1548.5374733334406, -19.591323117670214], [1549.6185236630924, -13.468723117704258], [1545.883986160881, -12.912123117527585], [1545.0977677392525, -17.476243117868933], [1542.7391124747164, -17.142283117525636], [1543.525330896345, -12.466843117860833], [1539.7907933941335, -11.798923117569728]]]}, "properties": {"id": 685, "height_m": 6.0, "levels": 2, "category": "residencial", "extrude": true, "manzana_id": 154}}, {"type": "Feature", "geometry": {"type": "Polygon", "coordinates": [[[1539.8890706969244, -10.908363117840736], [1539.7907933941335, -11.798923117569728], [1543.525330896345, -12.466843117860833], [1543.6236081991356, -12.466843117860833], [1543.7218855019266, -11.576283117736352], [1539.8890706969244, -10.908363117840736]]]}, "properties": {"id": 686, "height_m": 3.0, "levels": 1, "category": "residencial", "extrude": true, "manzana_id": 154}}, {"type": "Feature", "geometry": {"type": "Polygon", "coordinates": [[[1543.525330896345, -12.466843117860833], [1542.7391124747164, -17.142283117525636], [1545.0977677392525, -17.476243117868933], [1545.883986160881, -12.912123117527585], [1545.7857088580902, -12.800803117808641], [1543.6236081991356, -12.466843117860833], [1543.525330896345, -12.466843117860833]]]}, "properties": {"id": 687, "height_m": 9.0, "levels": 3, "category": "residencial", "extrude": true, "manzana_id": 154}}, {"type": "Feature", "geometry": {"type": "Polygon", "coordinates": [[[1549.6185236630924, -13.468723117704258], [1549.8150782686741, -12.578163117579777], [1545.883986160881, -11.91024311768416], [1545.7857088580902, -12.800803117808641], [1545.883986160881, -12.912123117527585], [1549.6185236630924, -13.468723117704258]]]}, "properties": {"id": 688, "height_m": 3.0, "levels": 1, "category": "residencial", "extrude": true, "manzana_id": 154}}, {"type": "Feature", "geometry": {"type": "Polygon", "coordinates": [[[1532.616550297734, -18.58944311782679], [1532.3217183897107, -20.70452311762807], [1532.8131049033157, -20.815843117742503], [1533.009659508548, -20.815843117742503], [1533.20621411413, -20.927163117856935], [1533.3044914165716, -20.927163117856935], [1534.2872644434326, -21.03848311757588], [1534.3855417462235, -21.03848311757588], [1534.680373654247, -18.923403117774598], [1532.616550297734, -18.58944311782679]]]}, "properties": {"id": 689, "height_m": 3.0, "levels": 1, "category": "residencial", "extrude": true, "manzana_id": 154}}, {"type": "Feature", "geometry": {"type": "Polygon", "coordinates": [[[1529.9630631251744, -10.129123117830687], [1533.6976006273858, -10.797043117726304], [1536.056255891922, -11.131003117674112], [1539.6925160913424, -11.798923117569728], [1539.7907933941335, -11.798923117569728], [1539.8890706969244, -10.797043117726304], [1530.0613404279654, -9.127243117591775], [1529.9630631251744, -10.129123117830687], [1529.9630631251744, -10.129123117830687]]]}, "properties": {"id": 690, "height_m": 3.0, "levels": 1, "category": "residencial", "extrude": true, "manzana_id": 154}}, {"type": "Feature", "geometry": {"type": "Polygon", "coordinates": [[[1529.9630631251744, -10.129123117830687], [1528.783735493081, -16.91964311769226], [1532.8131049033157, -17.587563117587877], [1532.616550297734, -18.58944311782679], [1534.680373654247, -18.923403117774598], [1534.3855417462235, -21.03848311757588], [1535.2700374702936, -21.261123117804743], [1537.039028918783, -21.59508311775255], [1537.8252473404114, -21.706403117866984], [1538.1200792484349, -21.706403117866984], [1539.7907933941335, -11.798923117569728], [1539.6925160913424, -11.798923117569728], [1536.056255891922, -11.131003117674112], [1535.2700374702936, -15.806443117734403], [1532.9113822057575, -15.361163117672163], [1533.6976006273858, -10.797043117726304], [1529.9630631251744, -10.129123117830687]]]}, "properties": {"id": 691, "height_m": 6.0, "levels": 2, "category": "residencial", "extrude": true, "manzana_id": 154}}, {"type": "Feature", "geometry": {"type": "Polygon", "coordinates": [[[1528.783735493081, -17.030963117806692], [1528.194071676685, -20.036603117732454], [1528.783735493081, -20.147923117846886], [1532.125163784478, -20.70452311762807], [1532.3217183897107, -20.70452311762807], [1532.616550297734, -18.58944311782679], [1532.8131049033157, -17.587563117587877], [1528.783735493081, -16.91964311769226], [1528.783735493081, -17.030963117806692]]]}, "properties": {"id": 692, "height_m": 9.0, "levels": 3, "category": "residencial", "extrude": true, "manzana_id": 154}}, {"type": "Feature", "geometry": {"type": "Polygon", "coordinates": [[[1533.6976006273858, -10.797043117726304], [1532.9113822057575, -15.361163117672163], [1535.2700374702936, -15.806443117734403], [1536.056255891922, -11.131003117674112], [1533.6976006273858, -10.797043117726304]]]}, "properties": {"id": 693, "height_m": 9.0, "levels": 3, "category": "residencial", "extrude": true, "manzana_id": 154}}, {"type": "Feature", "geometry": {"type": "Polygon", "coordinates": [[[1524.754366082497, -19.480003117555782], [1525.1474752933113, -17.25360311764007], [1523.5750384504036, -16.91964311769226], [1523.1819292395894, -16.91964311769226], [1522.788820028775, -19.146043117607974], [1524.2629795692412, -19.368683117836838], [1524.754366082497, -19.480003117555782], [1524.754366082497, -19.480003117555782]]]}, "properties": {"id": 694, "height_m": 3.0, "levels": 1, "category": "residencial", "extrude": true, "manzana_id": 154}}, {"type": "Feature", "geometry": {"type": "Polygon", "coordinates": [[[1530.0613404279654, -9.127243117591775], [1520.0370555534246, -7.457443117852733], [1519.8405009481921, -8.348003117581726], [1523.5750384504036, -9.01592311787283], [1523.6733157531944, -9.01592311787283], [1526.1302483201723, -9.461203117539583], [1529.766508519942, -10.129123117830687], [1529.9630631251744, -10.129123117830687], [1530.0613404279654, -9.127243117591775]]]}, "properties": {"id": 695, "height_m": 6.0, "levels": 2, "category": "residencial", "extrude": true, "manzana_id": 154}}, {"type": "Feature", "geometry": {"type": "Polygon", "coordinates": [[[1519.1525598293545, -12.3555231177464], [1518.1697868024935, -18.25548311787898], [1520.5284420670298, -18.700763117545733], [1520.6267193698206, -18.700763117545733], [1520.921551277844, -18.812083117660165], [1522.297433515519, -19.03472311788903], [1522.788820028775, -19.146043117607974], [1523.1819292395894, -16.91964311769226], [1523.5750384504036, -16.91964311769226], [1525.1474752933113, -17.25360311764007], [1524.754366082497, -19.480003117555782], [1527.113021347033, -19.81396311750359], [1528.0957943742433, -20.036603117732454], [1528.194071676685, -20.036603117732454], [1528.783735493081, -17.030963117806692], [1528.783735493081, -16.91964311769226], [1529.9630631251744, -10.129123117830687], [1529.9630631251744, -10.129123117830687], [1529.766508519942, -10.129123117830687], [1526.1302483201723, -9.461203117539583], [1525.344029898893, -14.02532311788093], [1524.1647022664501, -13.802683117652066], [1522.9853746343567, -13.58004311781869], [1523.6733157531944, -9.01592311787283], [1523.5750384504036, -9.01592311787283], [1519.8405009481921, -8.348003117581726], [1519.2508371321453, -11.798923117569728], [1519.1525598293545, -12.3555231177464]]]}, "properties": {"id": 696, "height_m": 9.0, "levels": 3, "category": "residencial", "extrude": true, "manzana_id": 154}}, {"type": "Feature", "geometry": {"type": "Polygon", "coordinates": [[[1523.6733157531944, -9.01592311787283], [1522.9853746343567, -13.58004311781869], [1524.1647022664501, -13.802683117652066], [1525.344029898893, -14.02532311788093], [1526.1302483201723, -9.461203117539583], [1523.6733157531944, -9.01592311787283]]]}, "properties": {"id": 697, "height_m": 12.0, "levels": 4, "category": "residencial", "extrude": true, "manzana_id": 154}}, {"type": "Feature", "geometry": {"type": "Polygon", "coordinates": [[[1508.3420565335346, -16.47436311763002], [1508.3420565335346, -16.585683117744452], [1512.1748713381876, -17.25360311764007], [1518.1697868024935, -18.25548311787898], [1518.1697868024935, -18.25548311787898], [1519.1525598293545, -12.3555231177464], [1512.961089759816, -11.242323117788544], [1513.6490308786538, -7.457443117852733], [1513.6490308786538, -7.346123117738301], [1513.6490308786538, -7.346123117738301], [1510.0127706792332, -6.678203117842685], [1510.0127706792332, -6.678203117842685], [1508.4403338359764, -16.251723117796644], [1508.3420565335346, -16.47436311763002]]]}, "properties": {"id": 698, "height_m": 6.0, "levels": 2, "category": "residencial", "extrude": true, "manzana_id": 154}}, {"type": "Feature", "geometry": {"type": "Polygon", "coordinates": [[[1513.6490308786538, -7.346123117738301], [1513.6490308786538, -7.346123117738301], [1513.6490308786538, -7.457443117852733], [1512.961089759816, -11.242323117788544], [1519.1525598293545, -12.3555231177464], [1519.2508371321453, -11.798923117569728], [1519.8405009481921, -8.348003117581726], [1519.7422236454013, -8.348003117581726], [1513.6490308786538, -7.346123117738301]]]}, "properties": {"id": 699, "height_m": 9.0, "levels": 3, "category": "residencial", "extrude": true, "manzana_id": 154}}, {"type": "Feature", "geometry": {"type": "Polygon", "coordinates": [[[1498.5143262645756, -14.915883117609923], [1497.5315532377144, -14.693243117776547], [1496.352225605272, -21.706403117866984], [1497.334998632133, -21.817723117585928], [1497.334998632133, -21.706403117866984], [1497.728107842947, -19.368683117836838], [1497.728107842947, -19.146043117607974], [1497.826385145738, -19.03472311788903], [1498.5143262645756, -14.915883117609923]]]}, "properties": {"id": 700, "height_m": 6.0, "levels": 2, "category": "residencial", "extrude": true, "manzana_id": 154}}, {"type": "Feature", "geometry": {"type": "Polygon", "coordinates": [[[1497.728107842947, -19.368683117836838], [1497.334998632133, -21.706403117866984], [1497.334998632133, -21.817723117585928], [1501.757477253182, -22.596963117595976], [1502.1505864639962, -20.147923117846886], [1497.728107842947, -19.368683117836838]]]}, "properties": {"id": 701, "height_m": 12.0, "levels": 4, "category": "residencial", "extrude": true, "manzana_id": 154}}, {"type": "Feature", "geometry": {"type": "Polygon", "coordinates": [[[1498.5143262645756, -14.915883117609923], [1497.826385145738, -19.03472311788903], [1497.728107842947, -19.146043117607974], [1497.728107842947, -19.368683117836838], [1502.1505864639962, -20.147923117846886], [1501.757477253182, -22.596963117595976], [1507.162728901092, -23.487523117720457], [1507.7523927171387, -19.925283117618022], [1505.6885693609752, -19.591323117670214], [1505.9834012689983, -18.032843117650117], [1508.0472246255113, -18.366803117597925], [1508.3420565335346, -16.585683117744452], [1498.5143262645756, -14.915883117609923]]]}, "properties": {"id": 702, "height_m": 9.0, "levels": 3, "category": "residencial", "extrude": true, "manzana_id": 154}}, {"type": "Feature", "geometry": {"type": "Polygon", "coordinates": [[[1519.8405009481921, -25.379963117688362], [1519.349114434587, -28.385603117614124], [1522.0026016071465, -28.830883117676365], [1522.5922654235426, -25.825243117750603], [1519.8405009481921, -25.379963117688362]]]}, "properties": {"id": 703, "height_m": 3.0, "levels": 1, "category": "residencial", "extrude": true, "manzana_id": 154}}, {"type": "Feature", "geometry": {"type": "Polygon", "coordinates": [[[1518.1697868024935, -35.39876311770456], [1518.0715094997026, -35.8440431177668], [1518.9560052237728, -35.955363117881234], [1525.6388618069163, -37.06856311783909], [1526.4250802281956, -37.29120311767247], [1529.3733993091278, -37.73648311773471], [1529.9630631251744, -37.84780311784914], [1530.2578950331979, -37.95912311756808], [1530.8475588492445, -34.39688311786114], [1522.9853746343567, -32.83840311784104], [1518.6611733157495, -32.05916311783099], [1518.1697868024935, -35.39876311770456]]]}, "properties": {"id": 704, "height_m": 9.0, "levels": 3, "category": "residencial", "extrude": true, "manzana_id": 154}}, {"type": "Feature", "geometry": {"type": "Polygon", "coordinates": [[[1519.349114434587, -28.385603117614124], [1518.6611733157495, -32.05916311783099], [1522.9853746343567, -32.83840311784104], [1530.8475588492445, -34.39688311786114], [1533.20621411413, -20.927163117856935], [1533.009659508548, -20.815843117742503], [1532.8131049033157, -20.815843117742503], [1532.3217183897107, -20.70452311762807], [1532.125163784478, -20.70452311762807], [1528.783735493081, -20.147923117846886], [1528.194071676685, -20.036603117732454], [1528.0957943742433, -20.036603117732454], [1527.113021347033, -19.81396311750359], [1526.7199121365682, -22.3743231177626], [1524.2629795692412, -22.040363117814792], [1524.754366082497, -19.480003117555782], [1524.2629795692412, -19.368683117836838], [1522.788820028775, -19.146043117607974], [1522.297433515519, -19.03472311788903], [1520.921551277844, -18.812083117660165], [1520.5284420670298, -21.261123117804743], [1519.8405009481921, -25.379963117688362], [1522.5922654235426, -25.825243117750603], [1522.0026016071465, -28.830883117676365], [1519.349114434587, -28.385603117614124]]]}, "properties": {"id": 705, "height_m": 12.0, "levels": 4, "category": "residencial", "extrude": true, "manzana_id": 154}}, {"type": "Feature", "geometry": {"type": "Polygon", "coordinates": [[[1506.08167857144, 37.62715688222016], [1505.098905544579, 31.504556882254207], [1511.5852075221408, 30.502676882410782], [1511.7817621277225, 31.393236882139774], [1506.2782331770218, 32.283796882264255], [1507.064451598301, 37.40451688238679], [1506.08167857144, 37.62715688222016]]]}, "properties": {"id": 706, "height_m": 3.0, "levels": 1, "category": "residencial", "extrude": true, "manzana_id": 166}}, {"type": "Feature", "geometry": {"type": "Polygon", "coordinates": [[[1507.8506700199296, 42.19127688216602], [1506.8678969930684, 42.413916882394886], [1506.08167857144, 37.62715688222016], [1507.064451598301, 37.40451688238679], [1507.8506700199296, 42.19127688216602]]]}, "properties": {"id": 707, "height_m": 6.0, "levels": 2, "category": "residencial", "extrude": true, "manzana_id": 166}}, {"type": "Feature", "geometry": {"type": "Polygon", "coordinates": [[[1507.064451598301, 37.40451688238679], [1506.2782331770218, 32.283796882264255], [1511.7817621277225, 31.393236882139774], [1512.567980549002, 36.62527688237674], [1507.064451598301, 37.40451688238679]]]}, "properties": {"id": 708, "height_m": 6.0, "levels": 2, "category": "residencial", "extrude": true, "manzana_id": 166}}, {"type": "Feature", "geometry": {"type": "Polygon", "coordinates": [[[1507.8506700199296, 42.19127688216602], [1507.064451598301, 37.40451688238679], [1512.567980549002, 36.62527688237674], [1511.7817621277225, 31.393236882139774], [1513.943862786677, 31.059276882191966], [1516.2042407487716, 30.725316882244158], [1516.400795354004, 31.61587688236864], [1514.042140089468, 31.949836882316447], [1515.4180223271433, 41.078076882208165], [1514.3369719974914, 41.1893968823226], [1511.3886529169083, 41.63467688238484], [1507.8506700199296, 42.19127688216602]]]}, "properties": {"id": 709, "height_m": 9.0, "levels": 3, "category": "residencial", "extrude": true, "manzana_id": 166}}, {"type": "Feature", "geometry": {"type": "Polygon", "coordinates": [[[1511.7817621277225, 31.393236882139774], [1511.5852075221408, 30.502676882410782], [1516.1059634459807, 29.723436882400733], [1516.2042407487716, 30.725316882244158], [1513.943862786677, 31.059276882191966], [1511.7817621277225, 31.393236882139774]]]}, "properties": {"id": 710, "height_m": 9.0, "levels": 3, "category": "residencial", "extrude": true, "manzana_id": 166}}, {"type": "Feature", "geometry": {"type": "Polygon", "coordinates": [[[1515.4180223271433, 41.078076882208165], [1514.042140089468, 31.949836882316447], [1516.400795354004, 31.61587688236864], [1517.7766775916793, 40.632796882145925], [1515.4180223271433, 41.078076882208165]]]}, "properties": {"id": 711, "height_m": 12.0, "levels": 4, "category": "residencial", "extrude": true, "manzana_id": 166}}, {"type": "Feature", "geometry": {"type": "Polygon", "coordinates": [[[1516.400795354004, 31.61587688236864], [1516.2042407487716, 30.725316882244158], [1526.2285256229632, 29.16683688222406], [1527.6044078606383, 37.96111688216797], [1527.8009624658707, 39.07431688212583], [1522.4939881207517, 39.96487688225031], [1517.7766775916793, 40.632796882145925], [1516.400795354004, 31.61587688236864]]]}, "properties": {"id": 712, "height_m": 6.0, "levels": 2, "category": "residencial", "extrude": true, "manzana_id": 166}}, {"type": "Feature", "geometry": {"type": "Polygon", "coordinates": [[[1527.6044078606383, 37.96111688216797], [1526.2285256229632, 29.16683688222406], [1533.6976006273858, 28.053636882266204], [1534.5820963514561, 33.39699688222211], [1537.039028918783, 32.95171688215987], [1537.7269700376207, 37.51583688210573], [1537.6286927348299, 37.51583688210573], [1535.7614239838988, 37.84979688244903], [1531.8303318764547, 38.517716882344644], [1527.8009624658707, 39.07431688212583], [1527.6044078606383, 37.96111688216797]]]}, "properties": {"id": 713, "height_m": 6.0, "levels": 2, "category": "residencial", "extrude": true, "manzana_id": 166}}, {"type": "Feature", "geometry": {"type": "Polygon", "coordinates": [[[1534.5820963514561, 33.39699688222211], [1533.6976006273858, 28.053636882266204], [1536.154533194713, 27.608356882203964], [1536.8424743135506, 31.838516882202015], [1537.039028918783, 32.95171688215987], [1534.5820963514561, 33.39699688222211]]]}, "properties": {"id": 714, "height_m": 9.0, "levels": 3, "category": "residencial", "extrude": true, "manzana_id": 166}}, {"type": "Feature", "geometry": {"type": "Polygon", "coordinates": [[[1537.7269700376207, 37.51583688210573], [1537.039028918783, 32.95171688215987], [1539.49596148611, 32.61775688221206], [1538.7097430644817, 27.274396882256156], [1546.1788180689043, 26.049876882183867], [1547.6529776093705, 35.95735688248112], [1543.8201628043682, 36.62527688237674], [1540.8718437237853, 37.07055688243898], [1537.7269700376207, 37.51583688210573]]]}, "properties": {"id": 715, "height_m": 6.0, "levels": 2, "category": "residencial", "extrude": true, "manzana_id": 166}}, {"type": "Feature", "geometry": {"type": "Polygon", "coordinates": [[[1536.8424743135506, 31.838516882202015], [1536.154533194713, 27.608356882203964], [1538.7097430644817, 27.274396882256156], [1539.49596148611, 32.61775688221206], [1537.039028918783, 32.95171688215987], [1536.8424743135506, 31.838516882202015]]]}, "properties": {"id": 716, "height_m": 9.0, "levels": 3, "category": "residencial", "extrude": true, "manzana_id": 166}}, {"type": "Feature", "geometry": {"type": "Polygon", "coordinates": [[[1559.249699326819, 44.30635688236279], [1557.677262483562, 34.398876882461025], [1560.8221361697267, 33.953596882398784], [1561.11696807775, 35.95735688248112], [1562.4928503154251, 35.73471688225226], [1562.6894049210068, 35.623396882137826], [1562.3945730129835, 33.73095688216992], [1567.6032700553117, 32.84039688244093], [1568.1929338713587, 36.068676882200066], [1567.3084381472884, 36.29131688242893], [1567.6032700553117, 38.183756882396835], [1565.2446147907756, 38.517716882344644], [1565.3428920935664, 38.85167688229245], [1565.1463374879847, 38.85167688229245], [1565.63772400159, 41.968636882332646], [1568.094656568917, 41.63467688238484], [1568.2912111741493, 42.85919688245713], [1566.030833212404, 43.30447688212388], [1559.249699326819, 44.30635688236279]]]}, "properties": {"id": 717, "height_m": 12.0, "levels": 4, "category": "residencial", "extrude": true, "manzana_id": 166}}, {"type": "Feature", "geometry": {"type": "Polygon", "coordinates": [[[1559.3479766296098, 45.30823688220622], [1559.249699326819, 44.30635688236279], [1566.030833212404, 43.30447688212388], [1566.1291105151947, 44.30635688236279], [1559.3479766296098, 45.30823688220622]]]}, "properties": {"id": 718, "height_m": 9.0, "levels": 3, "category": "residencial", "extrude": true, "manzana_id": 166}}, {"type": "Feature", "geometry": {"type": "Polygon", "coordinates": [[[1562.3945730129835, 33.73095688216992], [1562.6894049210068, 35.623396882137826], [1562.4928503154251, 35.73471688225226], [1561.11696807775, 35.95735688248112], [1560.8221361697267, 33.953596882398784], [1562.3945730129835, 33.73095688216992]]]}, "properties": {"id": 719, "height_m": 3.0, "levels": 1, "category": "residencial", "extrude": true, "manzana_id": 166}}, {"type": "Feature", "geometry": {"type": "Polygon", "coordinates": [[[1568.2912111741493, 42.85919688245713], [1568.094656568917, 41.63467688238484], [1565.63772400159, 41.968636882332646], [1565.1463374879847, 38.85167688229245], [1565.3428920935664, 38.85167688229245], [1565.2446147907756, 38.517716882344644], [1567.6032700553117, 38.183756882396835], [1567.3084381472884, 36.29131688242893], [1568.1929338713587, 36.068676882200066], [1569.1757068985687, 42.747876882342695], [1568.2912111741493, 42.85919688245713]]]}, "properties": {"id": 720, "height_m": 9.0, "levels": 3, "category": "residencial", "extrude": true, "manzana_id": 166}}, {"type": "Feature", "geometry": {"type": "Polygon", "coordinates": [[[1566.1291105151947, 44.30635688236279], [1566.030833212404, 43.30447688212388], [1568.2912111741493, 42.85919688245713], [1569.1757068985687, 42.747876882342695], [1568.1929338713587, 36.068676882200066], [1569.1757068985687, 35.95735688248112], [1570.3550345306624, 43.638436882467175], [1566.1291105151947, 44.30635688236279]]]}, "properties": {"id": 721, "height_m": 6.0, "levels": 2, "category": "residencial", "extrude": true, "manzana_id": 166}}, {"type": "Feature", "geometry": {"type": "Polygon", "coordinates": [[[1567.6032700553117, 32.84039688244093], [1568.5860430821729, 32.729076882326495], [1569.1757068985687, 35.95735688248112], [1568.1929338713587, 36.068676882200066], [1567.6032700553117, 32.84039688244093]]]}, "properties": {"id": 722, "height_m": 9.0, "levels": 3, "category": "residencial", "extrude": true, "manzana_id": 166}}, {"type": "Feature", "geometry": {"type": "Polygon", "coordinates": [[[1549.42196905786, 46.866716882226314], [1549.225414452278, 45.86483688238289], [1559.249699326819, 44.30635688236279], [1559.3479766296098, 45.30823688220622], [1549.42196905786, 46.866716882226314]]]}, "properties": {"id": 723, "height_m": 6.0, "levels": 2, "category": "residencial", "extrude": true, "manzana_id": 166}}, {"type": "Feature", "geometry": {"type": "Polygon", "coordinates": [[[1549.225414452278, 45.86483688238289], [1547.6529776093705, 35.95735688248112], [1551.0926832035584, 35.40075688230445], [1554.3358341921648, 34.95547688224221], [1557.677262483562, 34.398876882461025], [1559.249699326819, 44.30635688236279], [1549.225414452278, 45.86483688238289]]]}, "properties": {"id": 724, "height_m": 9.0, "levels": 3, "category": "residencial", "extrude": true, "manzana_id": 166}}, {"type": "Feature", "geometry": {"type": "Polygon", "coordinates": [[[1541.1666756318089, 39.07431688212583], [1540.8718437237853, 37.07055688243898], [1543.8201628043682, 36.62527688237674], [1544.1149947123915, 38.517716882344644], [1541.1666756318089, 39.07431688212583]]]}, "properties": {"id": 725, "height_m": 3.0, "levels": 1, "category": "residencial", "extrude": true, "manzana_id": 166}}, {"type": "Feature", "geometry": {"type": "Polygon", "coordinates": [[[1539.2994068808775, 48.42519688224641], [1539.2011295780867, 47.53463688212193], [1539.2994068808775, 47.423316882402986], [1541.559784842623, 47.08935688245518], [1549.0288598470456, 45.97615688210183], [1549.225414452278, 45.86483688238289], [1549.42196905786, 46.866716882226314], [1539.2994068808775, 48.42519688224641]]]}, "properties": {"id": 726, "height_m": 6.0, "levels": 2, "category": "residencial", "extrude": true, "manzana_id": 166}}, {"type": "Feature", "geometry": {"type": "Polygon", "coordinates": [[[1538.4149111564582, 42.85919688245713], [1537.6286927348299, 37.51583688210573], [1537.7269700376207, 37.51583688210573], [1540.8718437237853, 37.07055688243898], [1541.1666756318089, 39.07431688212583], [1544.1149947123915, 38.517716882344644], [1543.8201628043682, 36.62527688237674], [1547.6529776093705, 35.95735688248112], [1549.225414452278, 45.86483688238289], [1549.0288598470456, 45.97615688210183], [1541.559784842623, 47.08935688245518], [1540.8718437237853, 42.413916882394886], [1538.4149111564582, 42.85919688245713]]]}, "properties": {"id": 727, "height_m": 12.0, "levels": 4, "category": "residencial", "extrude": true, "manzana_id": 166}}, {"type": "Feature", "geometry": {"type": "Polygon", "coordinates": [[[1538.4149111564582, 42.97051688217607], [1538.4149111564582, 42.85919688245713], [1540.8718437237853, 42.413916882394886], [1541.559784842623, 47.08935688245518], [1539.2994068808775, 47.423316882402986], [1539.2011295780867, 47.53463688212193], [1538.4149111564582, 42.97051688217607]]]}, "properties": {"id": 728, "height_m": 15.0, "levels": 5, "category": "residencial", "extrude": true, "manzana_id": 166}}, {"type": "Feature", "geometry": {"type": "Polygon", "coordinates": [[[1529.275122006337, 48.98179688242308], [1527.8009624658707, 39.07431688212583], [1531.8303318764547, 38.517716882344644], [1535.7614239838988, 37.84979688244903], [1537.6286927348299, 37.51583688210573], [1538.4149111564582, 42.85919688245713], [1538.4149111564582, 42.97051688217607], [1539.2011295780867, 47.53463688212193], [1537.2355835243648, 47.757276882350794], [1531.7320545736638, 48.647836882475275], [1529.275122006337, 48.98179688242308]]]}, "properties": {"id": 729, "height_m": 6.0, "levels": 2, "category": "residencial", "extrude": true, "manzana_id": 166}}, {"type": "Feature", "geometry": {"type": "Polygon", "coordinates": [[[1529.275122006337, 48.98179688242308], [1529.4716766115696, 49.98367688226651], [1519.447391737378, 51.542156882286605], [1519.349114434587, 50.651596882162124], [1524.1647022664501, 49.872356882152076], [1529.275122006337, 48.98179688242308]]]}, "properties": {"id": 730, "height_m": 6.0, "levels": 2, "category": "residencial", "extrude": true, "manzana_id": 166}}, {"type": "Feature", "geometry": {"type": "Polygon", "coordinates": [[[1524.6560887800554, 39.6309168823025], [1525.1474752933113, 42.63655688222826], [1522.0026016071465, 43.30447688212388], [1521.4129377911, 40.07619688236474], [1522.4939881207517, 39.96487688225031], [1524.6560887800554, 39.6309168823025]]]}, "properties": {"id": 731, "height_m": 9.0, "levels": 3, "category": "residencial", "extrude": true, "manzana_id": 166}}, {"type": "Feature", "geometry": {"type": "Polygon", "coordinates": [[[1519.2508371321453, 50.317636882214316], [1517.7766775916793, 40.632796882145925], [1521.4129377911, 40.07619688236474], [1522.0026016071465, 43.30447688212388], [1525.1474752933113, 42.63655688222826], [1524.6560887800554, 39.6309168823025], [1527.8009624658707, 39.07431688212583], [1528.8820127955225, 46.532756882278505], [1521.6094923966816, 47.64595688223636], [1522.0026016071465, 49.872356882152076], [1519.2508371321453, 50.317636882214316]]]}, "properties": {"id": 732, "height_m": 12.0, "levels": 4, "category": "residencial", "extrude": true, "manzana_id": 166}}, {"type": "Feature", "geometry": {"type": "Polygon", "coordinates": [[[1519.349114434587, 50.651596882162124], [1519.2508371321453, 50.317636882214316], [1522.0026016071465, 49.872356882152076], [1521.6094923966816, 47.64595688223636], [1528.8820127955225, 46.532756882278505], [1529.275122006337, 48.98179688242308], [1524.1647022664501, 49.872356882152076], [1519.349114434587, 50.651596882162124]]]}, "properties": {"id": 733, "height_m": 9.0, "levels": 3, "category": "residencial", "extrude": true, "manzana_id": 166}}, {"type": "Feature", "geometry": {"type": "Polygon", "coordinates": [[[1514.8283585110962, 44.417676882477224], [1515.7128542351663, 44.19503688224836], [1516.2042407487716, 47.53463688212193], [1515.5162996299339, 47.64595688223636], [1515.909408840399, 50.651596882162124], [1512.8628124570253, 51.096876882224365], [1512.2731486409784, 47.868596882465226], [1511.4869302193501, 48.0912368822986], [1511.093821008885, 44.97427688225841], [1511.8800394301643, 44.862956882143976], [1514.8283585110962, 44.417676882477224]]]}, "properties": {"id": 734, "height_m": 12.0, "levels": 4, "category": "residencial", "extrude": true, "manzana_id": 166}}, {"type": "Feature", "geometry": {"type": "Polygon", "coordinates": [[[1509.3248295603955, 52.21007688218222], [1507.8506700199296, 42.19127688216602], [1511.3886529169083, 41.63467688238484], [1511.8800394301643, 44.862956882143976], [1511.093821008885, 44.97427688225841], [1511.4869302193501, 48.0912368822986], [1512.2731486409784, 47.868596882465226], [1512.8628124570253, 51.096876882224365], [1515.909408840399, 50.651596882162124], [1515.5162996299339, 47.64595688223636], [1516.2042407487716, 47.53463688212193], [1515.7128542351663, 44.19503688224836], [1514.8283585110962, 44.417676882477224], [1514.3369719974914, 41.1893968823226], [1515.4180223271433, 41.078076882208165], [1517.7766775916793, 40.632796882145925], [1519.349114434587, 50.651596882162124], [1509.3248295603955, 52.21007688218222]]]}, "properties": {"id": 735, "height_m": 9.0, "levels": 3, "category": "residencial", "extrude": true, "manzana_id": 166}}, {"type": "Feature", "geometry": {"type": "Polygon", "coordinates": [[[1546.1788180689043, 26.049876882183867], [1545.9822634636719, 25.047996882340442], [1549.9133555711157, 24.49139688216377], [1550.1099101766974, 25.38195688228825], [1549.6185236630924, 25.493276882402682], [1546.1788180689043, 26.049876882183867]]]}, "properties": {"id": 736, "height_m": 9.0, "levels": 3, "category": "residencial", "extrude": true, "manzana_id": 166}}, {"type": "Feature", "geometry": {"type": "Polygon", "coordinates": [[[1551.1909605063493, 35.40075688230445], [1551.0926832035584, 35.40075688230445], [1547.6529776093705, 35.95735688248112], [1546.1788180689043, 26.049876882183867], [1549.6185236630924, 25.493276882402682], [1550.1099101766974, 25.38195688228825], [1550.896128597977, 30.613996882129726], [1552.9599519544895, 30.280036882181918], [1552.1737335332105, 25.159316882454874], [1552.6651200464662, 25.047996882340442], [1556.1048256406543, 24.49139688216377], [1556.9893213647242, 29.94607688223411], [1557.2841532730968, 32.17247688214982], [1558.9548674187956, 31.949836882316447], [1567.3084381472884, 30.613996882129726], [1567.6032700553117, 32.84039688244093], [1567.50499275287, 32.84039688244093], [1557.677262483562, 34.398876882461025], [1554.3358341921648, 34.95547688224221], [1554.1392795869324, 34.95547688224221], [1553.746170376118, 31.949836882316447], [1550.6995739927443, 32.50643688249312], [1551.1909605063493, 35.40075688230445]]]}, "properties": {"id": 737, "height_m": 12.0, "levels": 4, "category": "residencial", "extrude": true, "manzana_id": 166}}, {"type": "Feature", "geometry": {"type": "Polygon", "coordinates": [[[1552.1737335332105, 25.159316882454874], [1552.9599519544895, 30.280036882181918], [1550.896128597977, 30.613996882129726], [1550.1099101766974, 25.38195688228825], [1552.1737335332105, 25.159316882454874]]]}, "properties": {"id": 738, "height_m": 15.0, "levels": 5, "category": "residencial", "extrude": true, "manzana_id": 166}}, {"type": "Feature", "geometry": {"type": "Polygon", "coordinates": [[[1552.1737335332105, 25.159316882454874], [1552.0754562304194, 24.15743688221596], [1556.0065483378635, 23.489516882320345], [1556.1048256406543, 24.49139688216377], [1552.6651200464662, 25.047996882340442], [1552.1737335332105, 25.159316882454874]]]}, "properties": {"id": 739, "height_m": 9.0, "levels": 3, "category": "residencial", "extrude": true, "manzana_id": 166}}, {"type": "Feature", "geometry": {"type": "Polygon", "coordinates": [[[1567.6032700553117, 32.84039688244093], [1567.3084381472884, 30.613996882129726], [1566.1291105151947, 22.932916882143672], [1556.1048256406543, 24.49139688216377], [1556.0065483378635, 23.489516882320345], [1566.9153289364742, 21.819716882185816], [1568.5860430821729, 32.729076882326495], [1567.6032700553117, 32.84039688244093]]]}, "properties": {"id": 740, "height_m": 6.0, "levels": 2, "category": "residencial", "extrude": true, "manzana_id": 166}}, {"type": "Feature", "geometry": {"type": "Polygon", "coordinates": [[[1556.9893213647242, 29.94607688223411], [1556.1048256406543, 24.49139688216377], [1566.1291105151947, 22.932916882143672], [1567.3084381472884, 30.613996882129726], [1558.9548674187956, 31.949836882316447], [1558.660035510772, 29.6121168822863], [1556.9893213647242, 29.94607688223411]]]}, "properties": {"id": 741, "height_m": 9.0, "levels": 3, "category": "residencial", "extrude": true, "manzana_id": 166}}, {"type": "Feature", "geometry": {"type": "Polygon", "coordinates": [[[1558.9548674187956, 31.949836882316447], [1557.2841532730968, 32.17247688214982], [1556.9893213647242, 29.94607688223411], [1558.660035510772, 29.6121168822863], [1558.9548674187956, 31.949836882316447]]]}, "properties": {"id": 742, "height_m": 3.0, "levels": 1, "category": "residencial", "extrude": true, "manzana_id": 166}}, {"type": "Feature", "geometry": {"type": "Polygon", "coordinates": [[[1545.6874315556486, 97.96259688215073], [1539.987347999715, 98.74183688216078], [1535.7614239838988, 67.90619688210214], [1550.1099101766974, 66.01375688213423], [1554.3358341921648, 96.84939688219288], [1550.1099101766974, 97.40599688236955], [1549.6185236630924, 94.62299688227716], [1545.0977677392525, 95.17959688245384], [1545.6874315556486, 97.96259688215073]]]}, "properties": {"id": 743, "height_m": 3.0, "levels": 1, "category": "residencial", "extrude": true, "manzana_id": 173}}, {"type": "Feature", "geometry": {"type": "Polygon", "coordinates": [[[1545.6874315556486, 97.96259688215073], [1545.0977677392525, 95.17959688245384], [1549.6185236630924, 94.62299688227716], [1550.1099101766974, 97.40599688236955], [1545.6874315556486, 97.96259688215073]]]}, "properties": {"id": 744, "height_m": 12.0, "levels": 4, "category": "residencial", "extrude": true, "manzana_id": 173}}, {"type": "Feature", "geometry": {"type": "Polygon", "coordinates": [[[1583.0328065777624, 26.383836882131675], [1583.1310838805534, 27.163076882141723], [1579.4948236807836, 27.830996882432828], [1579.2982690755512, 26.60647688236054], [1578.31549604869, 26.71779688247497], [1577.9223868378758, 24.49139688216377], [1578.9051598647368, 24.380076882444826], [1578.7086052595043, 23.155556882372537], [1582.3448654589247, 22.48763688247692], [1582.5414200641574, 23.26687688248697], [1583.0328065777624, 26.383836882131675]]]}, "properties": {"id": 745, "height_m": 12.0, "levels": 4, "category": "residencial", "extrude": true, "manzana_id": 171}}, {"type": "Feature", "geometry": {"type": "Polygon", "coordinates": [[[1575.4654542705487, 21.70839688246687], [1575.367176967758, 21.1517968822902], [1575.2688996653162, 20.929156882456823], [1576.1533953893863, 20.81783688234239], [1578.6103279567135, 20.37255688228015], [1581.85347894532, 19.815956882103478], [1584.3104115126466, 19.48199688215567], [1584.9000753286937, 19.370676882436726], [1585.194907236717, 19.259356882322294], [1585.194907236717, 19.259356882322294], [1585.784571053113, 22.710276882310296], [1582.5414200641574, 23.26687688248697], [1582.3448654589247, 22.48763688247692], [1578.7086052595043, 23.155556882372537], [1578.9051598647368, 24.380076882444826], [1577.9223868378758, 24.49139688216377], [1578.31549604869, 26.71779688247497], [1579.2982690755512, 26.60647688236054], [1579.4948236807836, 27.830996882432828], [1583.1310838805534, 27.163076882141723], [1583.0328065777624, 26.383836882131675], [1586.2759575663688, 25.82723688235049], [1586.8656213827649, 29.278156882338493], [1584.3104115126466, 29.723436882400733], [1583.3276384857859, 29.834756882119677], [1581.2638151292729, 30.168716882462974], [1577.0378911134567, 30.947956882473022], [1576.841336508224, 30.168716882462974], [1576.4482272974099, 27.608356882203964], [1575.858563481363, 24.268756882330393], [1575.4654542705487, 21.70839688246687]]]}, "properties": {"id": 746, "height_m": 9.0, "levels": 3, "category": "residencial", "extrude": true, "manzana_id": 171}}, {"type": "Feature", "geometry": {"type": "Polygon", "coordinates": [[[1586.1776802639272, 25.604596882121626], [1586.079402961136, 24.49139688216377], [1587.553562501253, 24.268756882330393], [1587.6518398040441, 25.270636882173818], [1586.1776802639272, 25.604596882121626]]]}, "properties": {"id": 747, "height_m": 3.0, "levels": 1, "category": "residencial", "extrude": true, "manzana_id": 171}}, {"type": "Feature", "geometry": {"type": "Polygon", "coordinates": [[[1590.5018815821852, 28.610236882442877], [1590.207049674162, 26.940436882308347], [1593.057091451954, 26.495156882246107], [1593.3519233599773, 28.164956882380636], [1590.6984361874179, 28.610236882442877], [1590.5018815821852, 28.610236882442877]]]}, "properties": {"id": 748, "height_m": 3.0, "levels": 1, "category": "residencial", "extrude": true, "manzana_id": 171}}, {"type": "Feature", "geometry": {"type": "Polygon", "coordinates": [[[1585.194907236717, 19.259356882322294], [1584.9983526314843, 18.25747688247887], [1594.8260829004435, 16.58767688234434], [1595.0226375060251, 17.589556882187765], [1592.6639822411398, 18.034836882250005], [1585.2931845395078, 19.259356882322294], [1585.194907236717, 19.259356882322294], [1585.194907236717, 19.259356882322294]]]}, "properties": {"id": 749, "height_m": 6.0, "levels": 2, "category": "residencial", "extrude": true, "manzana_id": 171}}, {"type": "Feature", "geometry": {"type": "Polygon", "coordinates": [[[1585.784571053113, 22.710276882310296], [1585.194907236717, 19.259356882322294], [1585.2931845395078, 19.259356882322294], [1592.6639822411398, 18.034836882250005], [1593.3519233599773, 22.264996882248056], [1595.7105786245136, 21.819716882185816], [1595.8088559273044, 22.376316882362488], [1596.6933516517236, 27.608356882203964], [1593.6467552683498, 28.053636882266204], [1593.3519233599773, 28.164956882380636], [1593.057091451954, 26.495156882246107], [1590.207049674162, 26.940436882308347], [1590.5018815821852, 28.610236882442877], [1587.0621759879973, 29.16683688222406], [1586.8656213827649, 29.278156882338493], [1586.2759575663688, 25.82723688235049], [1586.1776802639272, 25.604596882121626], [1587.6518398040441, 25.270636882173818], [1587.553562501253, 24.268756882330393], [1586.079402961136, 24.49139688216377], [1585.784571053113, 22.710276882310296]]]}, "properties": {"id": 750, "height_m": 9.0, "levels": 3, "category": "residencial", "extrude": true, "manzana_id": 171}}, {"type": "Feature", "geometry": {"type": "Polygon", "coordinates": [[[1593.3519233599773, 22.264996882248056], [1592.6639822411398, 18.034836882250005], [1595.0226375060251, 17.589556882187765], [1595.1209148084668, 17.923516882135573], [1595.7105786245136, 21.819716882185816], [1593.3519233599773, 22.264996882248056]]]}, "properties": {"id": 751, "height_m": 12.0, "levels": 4, "category": "residencial", "extrude": true, "manzana_id": 171}}, {"type": "Feature", "geometry": {"type": "Polygon", "coordinates": [[[1599.3468388242832, 27.163076882141723], [1599.2485615214923, 26.383836882131675], [1601.1158302727727, 26.049876882183867], [1601.2141075752143, 26.829116882193915], [1599.3468388242832, 27.163076882141723]]]}, "properties": {"id": 752, "height_m": 3.0, "levels": 1, "category": "residencial", "extrude": true, "manzana_id": 171}}, {"type": "Feature", "geometry": {"type": "Polygon", "coordinates": [[[1604.1624266561464, 26.27251688241273], [1603.5727628397506, 23.489516882320345], [1606.5210819206827, 22.932916882143672], [1607.1107457367293, 25.82723688235049], [1604.1624266561464, 26.27251688241273]]]}, "properties": {"id": 753, "height_m": 3.0, "levels": 1, "category": "residencial", "extrude": true, "manzana_id": 171}}, {"type": "Feature", "geometry": {"type": "Polygon", "coordinates": [[[1611.0418378441734, 25.159316882454874], [1610.8452832389407, 24.380076882444826], [1612.810829292663, 24.04611688210153], [1612.9091065954535, 24.825356882111578], [1611.0418378441734, 25.159316882454874]]]}, "properties": {"id": 754, "height_m": 3.0, "levels": 1, "category": "residencial", "extrude": true, "manzana_id": 171}}, {"type": "Feature", "geometry": {"type": "Polygon", "coordinates": [[[1599.2485615214923, 26.383836882131675], [1597.5778473757937, 17.144276882125524], [1602.3934352076571, 16.365036882115476], [1603.2779309317273, 21.1517968822902], [1606.1279727098686, 20.595196882113527], [1605.2434769854492, 15.808436882334291], [1614.5798207411524, 14.249956882314194], [1616.2505348868508, 24.268756882330393], [1612.9091065954535, 24.825356882111578], [1612.810829292663, 24.04611688210153], [1610.8452832389407, 24.380076882444826], [1611.0418378441734, 25.159316882454874], [1607.1107457367293, 25.82723688235049], [1606.5210819206827, 22.932916882143672], [1603.5727628397506, 23.489516882320345], [1604.1624266561464, 26.27251688241273], [1601.2141075752143, 26.829116882193915], [1601.1158302727727, 26.049876882183867], [1599.2485615214923, 26.383836882131675]]]}, "properties": {"id": 755, "height_m": 9.0, "levels": 3, "category": "residencial", "extrude": true, "manzana_id": 171}}, {"type": "Feature", "geometry": {"type": "Polygon", "coordinates": [[[1595.1209148084668, 17.923516882135573], [1595.0226375060251, 17.589556882187765], [1595.1209148084668, 17.589556882187765], [1597.5778473757937, 17.144276882125524], [1599.2485615214923, 26.383836882131675], [1599.3468388242832, 27.163076882141723], [1596.8899062569562, 27.49703688248502], [1596.6933516517236, 27.608356882203964], [1595.8088559273044, 22.376316882362488], [1595.7105786245136, 21.819716882185816], [1595.1209148084668, 17.923516882135573]]]}, "properties": {"id": 756, "height_m": 12.0, "levels": 4, "category": "residencial", "extrude": true, "manzana_id": 171}}, {"type": "Feature", "geometry": {"type": "Polygon", "coordinates": [[[1603.2779309317273, 21.1517968822902], [1602.3934352076571, 16.365036882115476], [1605.2434769854492, 15.808436882334291], [1606.1279727098686, 20.595196882113527], [1603.2779309317273, 21.1517968822902]]]}, "properties": {"id": 757, "height_m": 12.0, "levels": 4, "category": "residencial", "extrude": true, "manzana_id": 171}}, {"type": "Feature", "geometry": {"type": "Polygon", "coordinates": [[[1588.5363355284633, 39.18563688224026], [1586.8656213827649, 29.278156882338493], [1587.0621759879973, 29.16683688222406], [1590.5018815821852, 28.610236882442877], [1590.6984361874179, 28.610236882442877], [1593.3519233599773, 28.164956882380636], [1593.6467552683498, 28.053636882266204], [1596.6933516517236, 27.608356882203964], [1596.6933516517236, 27.608356882203964], [1596.8899062569562, 28.498916882328444], [1598.3640657974222, 37.18187688215792], [1598.462343099864, 37.51583688210573], [1588.5363355284633, 39.29695688235469], [1588.5363355284633, 39.18563688224026]]]}, "properties": {"id": 758, "height_m": 3.0, "levels": 1, "category": "residencial", "extrude": true, "manzana_id": 171}}, {"type": "Feature", "geometry": {"type": "Polygon", "coordinates": [[[1581.4603697345055, 31.72719688248307], [1581.2638151292729, 30.168716882462974], [1583.3276384857859, 29.834756882119677], [1583.5241930910183, 31.393236882139774], [1581.4603697345055, 31.72719688248307]]]}, "properties": {"id": 759, "height_m": 3.0, "levels": 1, "category": "residencial", "extrude": true, "manzana_id": 171}}, {"type": "Feature", "geometry": {"type": "Polygon", "coordinates": [[[1576.4482272974099, 33.619636882450976], [1575.9568407841539, 31.059276882191966], [1576.841336508224, 30.947956882473022], [1577.0378911134567, 30.947956882473022], [1577.4310003242708, 33.39699688222211], [1576.4482272974099, 33.619636882450976]]]}, "properties": {"id": 760, "height_m": 9.0, "levels": 3, "category": "residencial", "extrude": true, "manzana_id": 171}}, {"type": "Feature", "geometry": {"type": "Polygon", "coordinates": [[[1583.0328065777624, 41.078076882208165], [1577.824109535085, 41.968636882332646], [1577.1361684162473, 37.84979688244903], [1578.1189414431085, 37.62715688222016], [1578.6103279567135, 40.85543688237479], [1582.9345292749717, 40.07619688236474], [1583.0328065777624, 41.078076882208165]]]}, "properties": {"id": 761, "height_m": 9.0, "levels": 3, "category": "residencial", "extrude": true, "manzana_id": 171}}, {"type": "Feature", "geometry": {"type": "Polygon", "coordinates": [[[1577.4310003242708, 33.39699688222211], [1577.0378911134567, 30.947956882473022], [1581.2638151292729, 30.168716882462974], [1581.4603697345055, 31.72719688248307], [1583.5241930910183, 31.393236882139774], [1583.3276384857859, 29.834756882119677], [1584.3104115126466, 29.723436882400733], [1585.9811256583455, 39.6309168823025], [1582.9345292749717, 40.07619688236474], [1578.6103279567135, 40.85543688237479], [1578.1189414431085, 37.62715688222016], [1577.6275549298523, 34.73283688240883], [1577.4310003242708, 33.39699688222211]]]}, "properties": {"id": 762, "height_m": 12.0, "levels": 4, "category": "residencial", "extrude": true, "manzana_id": 171}}, {"type": "Feature", "geometry": {"type": "Polygon", "coordinates": [[[1583.0328065777624, 41.078076882208165], [1582.9345292749717, 40.07619688236474], [1585.9811256583455, 39.6309168823025], [1586.079402961136, 39.51959688218807], [1586.2759575663688, 40.52147688242698], [1583.0328065777624, 41.078076882208165]]]}, "properties": {"id": 763, "height_m": 9.0, "levels": 3, "category": "residencial", "extrude": true, "manzana_id": 171}}, {"type": "Feature", "geometry": {"type": "Polygon", "coordinates": [[[1585.9811256583455, 39.6309168823025], [1584.3104115126466, 29.723436882400733], [1586.8656213827649, 29.278156882338493], [1588.5363355284633, 39.18563688224026], [1586.079402961136, 39.51959688218807], [1585.9811256583455, 39.6309168823025]]]}, "properties": {"id": 764, "height_m": 15.0, "levels": 5, "category": "residencial", "extrude": true, "manzana_id": 171}}, {"type": "Feature", "geometry": {"type": "Polygon", "coordinates": [[[1582.5414200641574, 0.22363688213332011], [1582.0500335509014, -2.893323117511386], [1585.4897391450895, -3.4499231176880585], [1585.9811256583455, -0.33296311764786424], [1582.5414200641574, 0.22363688213332011]]]}, "properties": {"id": 765, "height_m": 3.0, "levels": 1, "category": "residencial", "extrude": true, "manzana_id": 170}}, {"type": "Feature", "geometry": {"type": "Polygon", "coordinates": [[[1578.2172187458993, 1.0028768821433687], [1577.3327230218292, -4.451803117531483], [1579.2982690755512, -4.7857631178747795], [1579.3965463783418, -4.117843117583675], [1581.85347894532, -4.563123117645915], [1582.0500335509014, -2.893323117511386], [1582.5414200641574, 0.22363688213332011], [1582.0500335509014, 0.3349568822477522], [1578.2172187458993, 1.0028768821433687]]]}, "properties": {"id": 766, "height_m": 12.0, "levels": 4, "category": "residencial", "extrude": true, "manzana_id": 170}}, {"type": "Feature", "geometry": {"type": "Polygon", "coordinates": [[[1591.8777638198603, -1.223523117772345], [1591.2881000034645, -1.1122031176579128], [1586.079402961136, -0.33296311764786424], [1585.9811256583455, -0.33296311764786424], [1585.4897391450895, -3.4499231176880585], [1582.0500335509014, -2.893323117511386], [1581.85347894532, -4.563123117645915], [1579.3965463783418, -4.117843117583675], [1579.2982690755512, -4.7857631178747795], [1577.3327230218292, -4.451803117531483], [1578.2172187458993, 1.0028768821433687], [1577.4310003242708, 1.1141968822578008], [1572.2223032819425, 1.8934368822678493], [1571.7309167683372, -0.8895631178245367], [1570.5515891362438, -8.014043117633918], [1589.3225539497425, -11.01968311755968], [1589.7156631605567, -11.01968311755968], [1590.3053269766037, -11.131003117674112], [1591.8777638198603, -1.223523117772345], [1591.8777638198603, -1.223523117772345]]]}, "properties": {"id": 767, "height_m": 9.0, "levels": 3, "category": "residencial", "extrude": true, "manzana_id": 170}}, {"type": "Feature", "geometry": {"type": "Polygon", "coordinates": [[[1611.6315016605693, -4.451803117531483], [1612.6142746874302, -4.674443117760347], [1614.3832661359197, 6.2349168823803325], [1603.5727628397506, 8.016036882233806], [1603.376208234518, 7.014156882390381], [1613.203938503477, 5.455676882370284], [1613.203938503477, 5.23303688214142], [1611.6315016605693, -4.451803117531483]]]}, "properties": {"id": 768, "height_m": 6.0, "levels": 2, "category": "residencial", "extrude": true, "manzana_id": 169}}, {"type": "Feature", "geometry": {"type": "Polygon", "coordinates": [[[1602.1968806020755, -0.22164311753343213], [1601.8037713916103, -2.893323117511386], [1601.902048694052, -2.893323117511386], [1604.5555358666115, -3.3386031175736264], [1604.9486450774257, -0.6669231175956725], [1602.1968806020755, -0.22164311753343213]]]}, "properties": {"id": 769, "height_m": 3.0, "levels": 1, "category": "residencial", "extrude": true, "manzana_id": 169}}, {"type": "Feature", "geometry": {"type": "Polygon", "coordinates": [[[1603.1796536289364, 5.67831688220366], [1602.1968806020755, -0.22164311753343213], [1604.9486450774257, -0.6669231175956725], [1605.9314181042866, 5.23303688214142], [1603.1796536289364, 5.67831688220366]]]}, "properties": {"id": 770, "height_m": 15.0, "levels": 5, "category": "residencial", "extrude": true, "manzana_id": 169}}, {"type": "Feature", "geometry": {"type": "Polygon", "coordinates": [[[1610.0590648173122, 6.012276882151468], [1603.376208234518, 7.014156882390381], [1603.376208234518, 6.902836882275949], [1603.1796536289364, 5.67831688220366], [1605.9314181042866, 5.23303688214142], [1604.9486450774257, -0.6669231175956725], [1604.5555358666115, -3.3386031175736264], [1611.6315016605693, -4.451803117531483], [1612.5159973846394, 1.1141968822578008], [1609.3711236984748, 1.5594768823200411], [1610.0590648173122, 6.012276882151468]]]}, "properties": {"id": 771, "height_m": 12.0, "levels": 4, "category": "residencial", "extrude": true, "manzana_id": 169}}, {"type": "Feature", "geometry": {"type": "Polygon", "coordinates": [[[1610.0590648173122, 6.012276882151468], [1609.3711236984748, 1.5594768823200411], [1612.5159973846394, 1.1141968822578008], [1613.203938503477, 5.23303688214142], [1613.203938503477, 5.455676882370284], [1610.0590648173122, 6.012276882151468]]]}, "properties": {"id": 772, "height_m": 9.0, "levels": 3, "category": "residencial", "extrude": true, "manzana_id": 169}}, {"type": "Feature", "geometry": {"type": "Polygon", "coordinates": [[[1593.5484779655592, 8.683956882129422], [1593.6467552683498, 9.685836882368335], [1572.9102444007801, 13.025436882241905], [1571.2395302550815, 2.1160768821012255], [1572.2223032819425, 1.8934368822678493], [1573.7947401248503, 11.912236882284049], [1582.148310853343, 10.465076882378384], [1582.246588156134, 10.465076882378384], [1582.9345292749717, 10.353756882263951], [1585.0966299342754, 10.019796882316143], [1588.1432263176491, 9.574516882253903], [1593.5484779655592, 8.683956882129422]]]}, "properties": {"id": 774, "height_m": 3.0, "levels": 1, "category": "residencial", "extrude": true, "manzana_id": 170}}, {"type": "Feature", "geometry": {"type": "Polygon", "coordinates": [[[1582.148310853343, 10.465076882378384], [1573.7947401248503, 11.912236882284049], [1572.2223032819425, 1.8934368822678493], [1577.4310003242708, 1.1141968822578008], [1577.6275549298523, 1.0028768821433687], [1577.9223868378758, 2.450036882444522], [1580.182764799621, 2.1160768821012255], [1580.182764799621, 2.1160768821012255], [1580.2810421024121, 2.672676882277898], [1582.3448654589247, 2.3387168823300897], [1582.3448654589247, 2.895316882111274], [1586.3742348691596, 2.3387168823300897], [1586.1776802639272, 1.2255168823722329], [1588.4380582256724, 0.7802368823099926], [1588.2415036200907, -0.6669231175956725], [1591.2881000034645, -1.1122031176579128], [1591.8777638198603, -1.223523117772345], [1591.8777638198603, -1.223523117772345], [1591.8777638198603, -1.223523117772345], [1591.8777638198603, -1.223523117772345], [1593.5484779655592, 8.683956882129422], [1588.1432263176491, 9.574516882253903], [1587.4552851988115, 5.566996882484716], [1584.5069661178793, 6.012276882151468], [1584.4086888154377, 5.121716882422476], [1581.362092432064, 5.67831688220366], [1582.148310853343, 10.465076882378384]]]}, "properties": {"id": 775, "height_m": 6.0, "levels": 2, "category": "residencial", "extrude": true, "manzana_id": 170}}, {"type": "Feature", "geometry": {"type": "Polygon", "coordinates": [[[1580.182764799621, 2.1160768821012255], [1580.182764799621, 2.1160768821012255], [1577.9223868378758, 2.450036882444522], [1577.6275549298523, 1.0028768821433687], [1578.2172187458993, 1.0028768821433687], [1582.0500335509014, 0.3349568822477522], [1582.5414200641574, 0.22363688213332011], [1585.9811256583455, -0.33296311764786424], [1586.079402961136, -0.33296311764786424], [1588.2415036200907, -0.6669231175956725], [1588.4380582256724, 0.7802368823099926], [1586.1776802639272, 1.2255168823722329], [1580.182764799621, 2.1160768821012255]]]}, "properties": {"id": 776, "height_m": 9.0, "levels": 3, "category": "residencial", "extrude": true, "manzana_id": 170}}, {"type": "Feature", "geometry": {"type": "Polygon", "coordinates": [[[1586.1776802639272, 1.2255168823722329], [1586.3742348691596, 2.3387168823300897], [1582.3448654589247, 2.895316882111274], [1582.3448654589247, 2.3387168823300897], [1580.2810421024121, 2.672676882277898], [1580.182764799621, 2.1160768821012255], [1586.1776802639272, 1.2255168823722329]]]}, "properties": {"id": 777, "height_m": 9.0, "levels": 3, "category": "residencial", "extrude": true, "manzana_id": 170}}, {"type": "Feature", "geometry": {"type": "Polygon", "coordinates": [[[1582.148310853343, 10.465076882378384], [1581.362092432064, 5.67831688220366], [1584.4086888154377, 5.121716882422476], [1584.5069661178793, 6.012276882151468], [1585.0966299342754, 10.019796882316143], [1582.9345292749717, 10.353756882263951], [1582.246588156134, 10.465076882378384], [1582.148310853343, 10.465076882378384]]]}, "properties": {"id": 778, "height_m": 9.0, "levels": 3, "category": "residencial", "extrude": true, "manzana_id": 170}}, {"type": "Feature", "geometry": {"type": "Polygon", "coordinates": [[[1585.0966299342754, 10.019796882316143], [1584.5069661178793, 6.012276882151468], [1587.4552851988115, 5.566996882484716], [1588.1432263176491, 9.574516882253903], [1585.0966299342754, 10.019796882316143]]]}, "properties": {"id": 779, "height_m": 9.0, "levels": 3, "category": "residencial", "extrude": true, "manzana_id": 170}}, {"type": "Feature", "geometry": {"type": "Polygon", "coordinates": [[[1579.0034371675276, -18.366803117597925], [1578.9051598647368, -18.812083117660165], [1578.2172187458993, -22.930923117543784], [1578.0206641406667, -23.59884311783489], [1577.2344457190381, -28.27428311789518], [1577.3327230218292, -28.27428311789518], [1577.3327230218292, -28.27428311789518], [1580.772428615668, -28.830883117676365], [1581.1655378264823, -26.49316311764622], [1583.9173023018325, -26.93844311770846], [1583.4259157885767, -29.387483117853037], [1584.5069661178793, -29.49880311757198], [1584.6052434206701, -29.49880311757198], [1586.2759575663688, -19.591323117670214], [1584.1138569074142, -19.257363117722406], [1579.0034371675276, -18.366803117597925]]]}, "properties": {"id": 780, "height_m": 12.0, "levels": 4, "category": "residencial", "extrude": true, "manzana_id": 168}}, {"type": "Feature", "geometry": {"type": "Polygon", "coordinates": [[[1579.1017144699692, -17.3649231177545], [1579.0034371675276, -18.366803117597925], [1584.1138569074142, -19.257363117722406], [1586.2759575663688, -19.591323117670214], [1588.6346128309049, -20.036603117732454], [1588.8311674364868, -20.036603117732454], [1588.9294447389284, -19.146043117607974], [1584.3104115126466, -18.25548311787898], [1579.1017144699692, -17.3649231177545]]]}, "properties": {"id": 782, "height_m": 9.0, "levels": 3, "category": "residencial", "extrude": true, "manzana_id": 168}}, {"type": "Feature", "geometry": {"type": "Polygon", "coordinates": [[[1583.4259157885767, -29.387483117853037], [1583.9173023018325, -26.93844311770846], [1581.1655378264823, -26.49316311764622], [1580.772428615668, -28.830883117676365], [1580.8707059184587, -28.942203117790797], [1583.4259157885767, -29.387483117853037]]]}, "properties": {"id": 783, "height_m": 3.0, "levels": 1, "category": "residencial", "extrude": true, "manzana_id": 168}}, {"type": "Feature", "geometry": {"type": "Polygon", "coordinates": [[[1586.2759575663688, -19.591323117670214], [1584.6052434206701, -29.49880311757198], [1587.0621759879973, -29.94408311763422], [1587.0621759879973, -29.94408311763422], [1588.4380582256724, -22.3743231177626], [1588.7328901336957, -20.25924311756583], [1588.8311674364868, -20.036603117732454], [1588.6346128309049, -20.036603117732454], [1586.2759575663688, -19.591323117670214]]]}, "properties": {"id": 784, "height_m": 15.0, "levels": 5, "category": "residencial", "extrude": true, "manzana_id": 168}}, {"type": "Feature", "geometry": {"type": "Polygon", "coordinates": [[[1572.0257486763608, -25.157323117854986], [1571.6326394655466, -27.272403117656268], [1572.1240259791518, -27.3837231177707], [1573.893017427641, -27.606363117604076], [1574.2861266384555, -25.491283117802794], [1572.0257486763608, -25.157323117854986]]]}, "properties": {"id": 785, "height_m": 3.0, "levels": 1, "category": "residencial", "extrude": true, "manzana_id": 168}}, {"type": "Feature", "geometry": {"type": "Polygon", "coordinates": [[[1567.8981019633352, -17.81020311781674], [1566.4239424232183, -26.270523117812843], [1567.4067154500792, -26.49316311764622], [1567.4067154500792, -26.381843117531787], [1568.8808749901962, -17.921523117535685], [1567.8981019633352, -17.81020311781674]]]}, "properties": {"id": 786, "height_m": 6.0, "levels": 2, "category": "residencial", "extrude": true, "manzana_id": 168}}, {"type": "Feature", "geometry": {"type": "Polygon", "coordinates": [[[1569.2739842010105, -15.58380311750554], [1569.0774295957779, -16.585683117744452], [1576.349949994619, -17.921523117535685], [1576.6447819029916, -17.921523117535685], [1576.7430592054332, -16.91964311769226], [1569.2739842010105, -15.58380311750554]]]}, "properties": {"id": 787, "height_m": 6.0, "levels": 2, "category": "residencial", "extrude": true, "manzana_id": 168}}, {"type": "Feature", "geometry": {"type": "Polygon", "coordinates": [[[1568.8808749901962, -17.921523117535685], [1567.4067154500792, -26.381843117531787], [1567.4067154500792, -26.49316311764622], [1567.4067154500792, -26.49316311764622], [1571.2395302550815, -27.161083117541835], [1571.6326394655466, -27.272403117656268], [1572.0257486763608, -25.157323117854986], [1574.2861266384555, -25.491283117802794], [1573.893017427641, -27.606363117604076], [1574.7775131517112, -27.82900311783294], [1574.875790454502, -27.82900311783294], [1576.6447819029916, -17.921523117535685], [1576.349949994619, -17.921523117535685], [1569.0774295957779, -16.585683117744452], [1568.8808749901962, -17.921523117535685]]]}, "properties": {"id": 788, "height_m": 9.0, "levels": 3, "category": "residencial", "extrude": true, "manzana_id": 168}}, {"type": "Feature", "geometry": {"type": "Polygon", "coordinates": [[[1576.6447819029916, -17.921523117535685], [1574.875790454502, -27.82900311783294], [1577.2344457190381, -28.27428311789518], [1578.0206641406667, -23.59884311783489], [1578.2172187458993, -22.930923117543784], [1578.9051598647368, -18.812083117660165], [1579.0034371675276, -18.366803117597925], [1576.6447819029916, -17.921523117535685]]]}, "properties": {"id": 789, "height_m": 12.0, "levels": 4, "category": "residencial", "extrude": true, "manzana_id": 168}}, {"type": "Feature", "geometry": {"type": "Polygon", "coordinates": [[[1601.8037713916103, -2.893323117511386], [1600.2313345483535, -12.800803117808641], [1610.0590648173122, -14.359283117828738], [1611.6315016605693, -4.7857631178747795], [1611.6315016605693, -4.451803117531483], [1604.5555358666115, -3.3386031175736264], [1601.902048694052, -2.893323117511386], [1601.8037713916103, -2.893323117511386]]]}, "properties": {"id": 790, "height_m": 6.0, "levels": 2, "category": "residencial", "extrude": true, "manzana_id": 169}}, {"type": "Feature", "geometry": {"type": "Polygon", "coordinates": [[[1573.5981855196178, -31.05728311759208], [1573.0085217032217, -34.285563117746705], [1576.0551180865955, -34.84216311752789], [1576.5465046002007, -32.05916311783099], [1576.6447819029916, -31.61388311776875], [1573.5981855196178, -31.05728311759208]]]}, "properties": {"id": 791, "height_m": 3.0, "levels": 1, "category": "residencial", "extrude": true, "manzana_id": 168}}, {"type": "Feature", "geometry": {"type": "Polygon", "coordinates": [[[1566.9153289364742, -29.05352311750974], [1564.3601190667055, -43.30248311752399], [1564.6549509747288, -43.30248311752399], [1573.303353611245, -44.86096311754409], [1574.0895720328738, -45.08360311777295], [1574.2861266384555, -45.08360311777295], [1575.7602861785722, -36.28932311782904], [1576.0551180865955, -34.84216311752789], [1573.0085217032217, -34.285563117746705], [1573.5981855196178, -31.05728311759208], [1576.6447819029916, -31.61388311776875], [1577.2344457190381, -28.27428311789518], [1574.875790454502, -27.82900311783294], [1574.7775131517112, -27.82900311783294], [1573.893017427641, -27.606363117604076], [1572.1240259791518, -27.3837231177707], [1571.6326394655466, -29.94408311763422], [1566.9153289364742, -29.05352311750974]]]}, "properties": {"id": 792, "height_m": 9.0, "levels": 3, "category": "residencial", "extrude": true, "manzana_id": 168}}, {"type": "Feature", "geometry": {"type": "Polygon", "coordinates": [[[1567.013606239265, -28.719563117561933], [1566.9153289364742, -29.05352311750974], [1571.6326394655466, -29.94408311763422], [1572.1240259791518, -27.3837231177707], [1571.6326394655466, -27.272403117656268], [1571.2395302550815, -27.161083117541835], [1567.4067154500792, -26.49316311764622], [1567.4067154500792, -26.49316311764622], [1567.013606239265, -28.719563117561933]]]}, "properties": {"id": 793, "height_m": 12.0, "levels": 4, "category": "residencial", "extrude": true, "manzana_id": 168}}, {"type": "Feature", "geometry": {"type": "Polygon", "coordinates": [[[1578.8068825619462, -39.406283117869236], [1581.755201642878, -39.85156311753599], [1582.148310853343, -37.4025231177869], [1579.1999917727603, -36.845923117610226], [1578.8068825619462, -39.406283117869236]]]}, "properties": {"id": 794, "height_m": 3.0, "levels": 1, "category": "residencial", "extrude": true, "manzana_id": 168}}, {"type": "Feature", "geometry": {"type": "Polygon", "coordinates": [[[1574.2861266384555, -45.08360311777295], [1574.0895720328738, -46.08548311761638], [1583.9173023018325, -47.755283117750906], [1584.1138569074142, -46.864723117626426], [1581.6569243400872, -46.419443117564185], [1581.0672605240404, -46.30812311784524], [1574.2861266384555, -45.08360311777295]]]}, "properties": {"id": 795, "height_m": 3.0, "levels": 1, "category": "residencial", "extrude": true, "manzana_id": 168}}, {"type": "Feature", "geometry": {"type": "Polygon", "coordinates": [[[1576.6447819029916, -31.61388311776875], [1576.5465046002007, -32.05916311783099], [1586.3742348691596, -33.72896311757003], [1586.4725121719503, -33.61764311785109], [1587.0621759879973, -29.94408311763422], [1587.0621759879973, -29.94408311763422], [1587.0621759879973, -29.94408311763422], [1584.5069661178793, -29.49880311757198], [1583.4259157885767, -29.387483117853037], [1580.8707059184587, -28.942203117790797], [1580.772428615668, -28.830883117676365], [1577.3327230218292, -28.27428311789518], [1577.3327230218292, -28.27428311789518], [1577.2344457190381, -28.27428311789518], [1576.6447819029916, -31.61388311776875]]]}, "properties": {"id": 796, "height_m": 3.0, "levels": 1, "category": "residencial", "extrude": true, "manzana_id": 168}}, {"type": "Feature", "geometry": {"type": "Polygon", "coordinates": [[[1575.7602861785722, -36.28932311782904], [1574.2861266384555, -45.08360311777295], [1581.0672605240404, -46.30812311784524], [1581.6569243400872, -46.419443117564185], [1583.229361182995, -37.625163117620275], [1585.686293750322, -38.070443117682515], [1586.3742348691596, -33.72896311757003], [1576.5465046002007, -32.05916311783099], [1576.0551180865955, -34.84216311752789], [1575.7602861785722, -36.28932311782904]]]}, "properties": {"id": 797, "height_m": 6.0, "levels": 2, "category": "residencial", "extrude": true, "manzana_id": 168}}, {"type": "Feature", "geometry": {"type": "Polygon", "coordinates": [[[1583.229361182995, -37.625163117620275], [1581.6569243400872, -46.419443117564185], [1584.1138569074142, -46.864723117626426], [1584.1138569074142, -46.419443117564185], [1585.3914618422987, -39.51760311758818], [1585.686293750322, -38.070443117682515], [1583.229361182995, -37.625163117620275]]]}, "properties": {"id": 798, "height_m": 9.0, "levels": 3, "category": "residencial", "extrude": true, "manzana_id": 168}}, {"type": "Feature", "geometry": {"type": "Polygon", "coordinates": [[[1587.0621759879973, -29.94408311763422], [1586.4725121719503, -33.61764311785109], [1589.617385857766, -34.17424311763227], [1589.8139404633478, -34.285563117746705], [1590.4036042793944, -30.612003117529838], [1587.2587305932298, -30.055403117748654], [1587.0621759879973, -29.94408311763422]]]}, "properties": {"id": 799, "height_m": 3.0, "levels": 1, "category": "residencial", "extrude": true, "manzana_id": 168}}, {"type": "Feature", "geometry": {"type": "Polygon", "coordinates": [[[1593.450200662768, -31.16860311770651], [1592.8605368467215, -34.84216311752789], [1592.9588141495124, -34.84216311752789], [1596.2019651381186, -35.39876311770456], [1596.595074348933, -33.61764311785109], [1596.7916289541654, -32.170483117549935], [1596.8899062569562, -31.725203117883183], [1596.7916289541654, -31.725203117883183], [1593.450200662768, -31.16860311770651]]]}, "properties": {"id": 800, "height_m": 3.0, "levels": 1, "category": "residencial", "extrude": true, "manzana_id": 168}}, {"type": "Feature", "geometry": {"type": "Polygon", "coordinates": [[[1585.0966299342754, -46.97604311774086], [1584.9000753286937, -47.97792311758428], [1587.7501171068348, -48.534523117760955], [1587.9466717120674, -47.53264311752204], [1587.7501171068348, -47.4213231178031], [1585.0966299342754, -46.97604311774086]]]}, "properties": {"id": 801, "height_m": 6.0, "levels": 2, "category": "residencial", "extrude": true, "manzana_id": 168}}, {"type": "Feature", "geometry": {"type": "Polygon", "coordinates": [[[1590.0104950685802, -47.86660311786534], [1589.8139404633478, -48.86848311770876], [1592.7622595439304, -49.425083117885436], [1592.9588141495124, -48.42320311764652], [1590.108772371371, -47.86660311786534], [1590.0104950685802, -47.86660311786534]]]}, "properties": {"id": 802, "height_m": 6.0, "levels": 2, "category": "residencial", "extrude": true, "manzana_id": 168}}, {"type": "Feature", "geometry": {"type": "Polygon", "coordinates": [[[1584.1138569074142, -46.419443117564185], [1584.1138569074142, -46.864723117626426], [1585.0966299342754, -46.97604311774086], [1587.7501171068348, -47.4213231178031], [1588.2415036200907, -44.63832311771071], [1590.600158884976, -45.08360311777295], [1590.108772371371, -47.86660311786534], [1592.9588141495124, -48.42320311764652], [1593.2536460575357, -48.42320311764652], [1593.7450325707916, -48.534523117760955], [1593.9415871763733, -48.534523117760955], [1594.924360203234, -42.74588311774281], [1596.2019651381186, -35.8440431177668], [1596.2019651381186, -35.39876311770456], [1592.9588141495124, -34.84216311752789], [1592.3691503331163, -38.070443117682515], [1591.3863773062556, -37.84780311784914], [1590.993268095441, -40.07420311776485], [1589.5191085553242, -39.740243117817045], [1589.9122177661386, -37.625163117620275], [1589.0277220417192, -37.51384311750584], [1589.617385857766, -34.17424311763227], [1586.4725121719503, -33.61764311785109], [1586.3742348691596, -33.72896311757003], [1585.686293750322, -38.070443117682515], [1585.3914618422987, -39.51760311758818], [1584.1138569074142, -46.419443117564185]]]}, "properties": {"id": 803, "height_m": 9.0, "levels": 3, "category": "residencial", "extrude": true, "manzana_id": 168}}, {"type": "Feature", "geometry": {"type": "Polygon", "coordinates": [[[1590.108772371371, -47.86660311786534], [1590.600158884976, -45.08360311777295], [1588.2415036200907, -44.63832311771071], [1587.7501171068348, -47.4213231178031], [1587.9466717120674, -47.53264311752204], [1590.0104950685802, -47.86660311786534], [1590.108772371371, -47.86660311786534]]]}, "properties": {"id": 804, "height_m": 12.0, "levels": 4, "category": "residencial", "extrude": true, "manzana_id": 168}}, {"type": "Feature", "geometry": {"type": "Polygon", "coordinates": [[[1589.617385857766, -34.17424311763227], [1589.0277220417192, -37.51384311750584], [1589.9122177661386, -37.625163117620275], [1589.5191085553242, -39.740243117817045], [1590.993268095441, -40.07420311776485], [1591.3863773062556, -37.84780311784914], [1592.3691503331163, -38.070443117682515], [1592.9588141495124, -34.84216311752789], [1592.8605368467215, -34.84216311752789], [1589.8139404633478, -34.285563117746705], [1589.617385857766, -34.17424311763227]]]}, "properties": {"id": 805, "height_m": 12.0, "levels": 4, "category": "residencial", "extrude": true, "manzana_id": 168}}, {"type": "Feature", "geometry": {"type": "Polygon", "coordinates": [[[1596.2019651381186, -35.39876311770456], [1596.2019651381186, -35.8440431177668], [1601.6072167860284, -36.845923117610226], [1600.427889153935, -43.85908311770066], [1604.7520904721932, -44.63832311771071], [1606.2262500126592, -36.73460311789128], [1602.0003259968428, -35.955363117881234], [1602.3934352076571, -34.39688311786114], [1602.6882671156804, -32.83840311784104], [1602.6882671156804, -32.72708311772661], [1600.427889153935, -32.3931231177788], [1596.8899062569562, -31.725203117883183], [1596.7916289541654, -32.170483117549935], [1596.595074348933, -33.61764311785109], [1596.2019651381186, -35.39876311770456]]]}, "properties": {"id": 806, "height_m": 6.0, "levels": 2, "category": "residencial", "extrude": true, "manzana_id": 168}}, {"type": "Feature", "geometry": {"type": "Polygon", "coordinates": [[[1596.2019651381186, -35.8440431177668], [1594.924360203234, -42.74588311774281], [1600.427889153935, -43.85908311770066], [1601.6072167860284, -36.845923117610226], [1596.2019651381186, -35.8440431177668]]]}, "properties": {"id": 807, "height_m": 9.0, "levels": 3, "category": "residencial", "extrude": true, "manzana_id": 168}}, {"type": "Feature", "geometry": {"type": "Polygon", "coordinates": [[[1602.6882671156804, -32.83840311784104], [1602.3934352076571, -34.39688311786114], [1602.0003259968428, -35.955363117881234], [1606.2262500126592, -36.73460311789128], [1606.7176365259152, -33.61764311785109], [1606.815913828706, -33.506323117736656], [1606.7176365259152, -33.506323117736656], [1603.376208234518, -32.83840311784104], [1602.6882671156804, -32.72708311772661], [1602.6882671156804, -32.83840311784104]]]}, "properties": {"id": 808, "height_m": 9.0, "levels": 3, "category": "residencial", "extrude": true, "manzana_id": 168}}, {"type": "Feature", "geometry": {"type": "Polygon", "coordinates": [[[1598.5606204026549, -21.48376311763812], [1596.7916289541654, -31.725203117883183], [1596.8899062569562, -31.725203117883183], [1600.427889153935, -32.3931231177788], [1601.0175529699818, -29.164843117624173], [1600.1330572455624, -28.942203117790797], [1600.9192756671912, -25.26864311757393], [1602.0003259968428, -25.491283117802794], [1602.1968806020755, -24.48940311756388], [1604.5555358666115, -24.934683117626122], [1604.358981261379, -25.936563117865035], [1605.440031591031, -26.15920311769841], [1604.7520904721932, -29.83276311751979], [1603.9658720505647, -29.721443117800845], [1603.376208234518, -32.83840311784104], [1606.7176365259152, -33.506323117736656], [1608.5849052771953, -23.26488311788708], [1608.4866279744047, -23.26488311788708], [1598.6588977054457, -21.59508311775255], [1598.5606204026549, -21.48376311763812]]]}, "properties": {"id": 809, "height_m": 9.0, "levels": 3, "category": "residencial", "extrude": true, "manzana_id": 168}}, {"type": "Feature", "geometry": {"type": "Polygon", "coordinates": [[[1603.9658720505647, -29.721443117800845], [1604.7520904721932, -29.83276311751979], [1605.440031591031, -26.15920311769841], [1604.358981261379, -25.936563117865035], [1604.5555358666115, -24.934683117626122], [1602.1968806020755, -24.48940311756388], [1602.0003259968428, -25.491283117802794], [1600.9192756671912, -25.26864311757393], [1600.1330572455624, -28.942203117790797], [1601.0175529699818, -29.164843117624173], [1603.9658720505647, -29.721443117800845]]]}, "properties": {"id": 810, "height_m": 12.0, "levels": 4, "category": "residencial", "extrude": true, "manzana_id": 168}}, {"type": "Feature", "geometry": {"type": "Polygon", "coordinates": [[[1593.057091451954, -31.05728311759208], [1593.450200662768, -28.830883117676365], [1591.1898227010229, -28.385603117614124], [1590.7967134902085, -30.612003117529838], [1593.057091451954, -31.05728311759208]]]}, "properties": {"id": 811, "height_m": 3.0, "levels": 1, "category": "residencial", "extrude": true, "manzana_id": 168}}, {"type": "Feature", "geometry": {"type": "Polygon", "coordinates": [[[1591.3863773062556, -19.257363117722406], [1589.0277220417192, -18.812083117660165], [1588.8311674364868, -19.81396311750359], [1588.9294447389284, -19.81396311750359], [1591.2881000034645, -20.25924311756583], [1591.3863773062556, -19.257363117722406]]]}, "properties": {"id": 812, "height_m": 9.0, "levels": 3, "category": "residencial", "extrude": true, "manzana_id": 168}}, {"type": "Feature", "geometry": {"type": "Polygon", "coordinates": [[[1596.3002424409094, -20.147923117846886], [1596.2019651381186, -21.03848311757588], [1598.5606204026549, -21.48376311763812], [1598.7571750082366, -20.481883117794695], [1596.3002424409094, -20.147923117846886]]]}, "properties": {"id": 813, "height_m": 9.0, "levels": 3, "category": "residencial", "extrude": true, "manzana_id": 168}}, {"type": "Feature", "geometry": {"type": "Polygon", "coordinates": [[[1587.0621759879973, -29.94408311763422], [1587.2587305932298, -30.055403117748654], [1590.4036042793944, -30.612003117529838], [1590.7967134902085, -30.612003117529838], [1591.1898227010229, -28.385603117614124], [1593.450200662768, -28.830883117676365], [1593.057091451954, -31.05728311759208], [1593.450200662768, -31.16860311770651], [1596.7916289541654, -31.725203117883183], [1598.5606204026549, -21.48376311763812], [1596.2019651381186, -21.03848311757588], [1595.0226375060251, -20.927163117856935], [1594.8260829004435, -20.815843117742503], [1594.039864478815, -25.60260311752174], [1591.7794865170697, -25.26864311757393], [1592.565704938698, -20.481883117794695], [1591.2881000034645, -20.25924311756583], [1588.9294447389284, -19.81396311750359], [1588.8311674364868, -19.81396311750359], [1588.8311674364868, -20.036603117732454], [1588.7328901336957, -20.25924311756583], [1588.4380582256724, -22.3743231177626], [1587.0621759879973, -29.94408311763422], [1587.0621759879973, -29.94408311763422]]]}, "properties": {"id": 814, "height_m": 12.0, "levels": 4, "category": "residencial", "extrude": true, "manzana_id": 168}}, {"type": "Feature", "geometry": {"type": "Polygon", "coordinates": [[[1592.565704938698, -20.481883117794695], [1591.7794865170697, -25.26864311757393], [1594.039864478815, -25.60260311752174], [1594.8260829004435, -20.815843117742503], [1592.6639822411398, -20.481883117794695], [1592.565704938698, -20.481883117794695]]]}, "properties": {"id": 815, "height_m": 15.0, "levels": 5, "category": "residencial", "extrude": true, "manzana_id": 168}}, {"type": "Feature", "geometry": {"type": "Polygon", "coordinates": [[[1636.0042727275597, -45.30624311760633], [1635.5128862139545, -47.643963117636474], [1637.773264176049, -48.089243117698715], [1638.1663733865141, -45.75152311766857], [1636.0042727275597, -45.30624311760633]]]}, "properties": {"id": 816, "height_m": 3.0, "levels": 1, "category": "residencial", "extrude": true, "manzana_id": 168}}, {"type": "Feature", "geometry": {"type": "Polygon", "coordinates": [[[1644.8492299696577, -55.992963117518144], [1645.7337256937278, -51.20620311773891], [1643.8664569427965, -50.8722431177911], [1642.8836839159358, -50.76092311767667], [1642.588852007563, -50.649603117562236], [1642.2940200995397, -52.319403117696766], [1641.8026335862837, -55.43636311773696], [1641.7043562834929, -55.8816431177992], [1644.8492299696577, -56.438243117580384], [1644.8492299696577, -55.992963117518144]]]}, "properties": {"id": 817, "height_m": 12.0, "levels": 4, "category": "residencial", "extrude": true, "manzana_id": 168}}, {"type": "Feature", "geometry": {"type": "Polygon", "coordinates": [[[1643.9647342452383, -45.52888311783519], [1643.4733477319824, -48.31188311753209], [1645.8320029965184, -48.75716311759433], [1646.4216668125653, -45.97416311789743], [1643.9647342452383, -45.52888311783519]]]}, "properties": {"id": 818, "height_m": 3.0, "levels": 1, "category": "residencial", "extrude": true, "manzana_id": 168}}, {"type": "Feature", "geometry": {"type": "Polygon", "coordinates": [[[1631.4835168037196, -53.65524311788349], [1631.4835168037196, -53.65524311788349], [1631.385239500929, -54.10052311755024], [1641.7043562834929, -55.8816431177992], [1641.8026335862837, -55.43636311773696], [1642.2940200995397, -52.319403117696766], [1642.588852007563, -50.649603117562236], [1642.8836839159358, -50.76092311767667], [1643.8664569427965, -50.8722431177911], [1645.7337256937278, -51.20620311773891], [1644.8492299696577, -55.992963117518144], [1644.8492299696577, -56.438243117580384], [1651.040700039196, -57.55144311753824], [1651.1389773416379, -56.99484311775706], [1651.6303638552426, -54.10052311755024], [1651.7286411580337, -53.65524311788349], [1652.2200276712897, -50.983563117510045], [1652.8096914873363, -47.08736311785529], [1646.4216668125653, -45.97416311789743], [1645.8320029965184, -48.75716311759433], [1643.4733477319824, -48.31188311753209], [1643.9647342452383, -45.52888311783519], [1642.9819612183774, -45.41756311772076], [1642.9819612183774, -45.41756311772076], [1633.1542309494184, -43.74776311758623], [1631.4835168037196, -53.65524311788349], [1631.4835168037196, -53.65524311788349]]]}, "properties": {"id": 819, "height_m": 9.0, "levels": 3, "category": "residencial", "extrude": true, "manzana_id": 168}}, {"type": "Feature", "geometry": {"type": "Polygon", "coordinates": [[[1664.209858599552, -49.09112311754214], [1663.9150266915287, -50.983563117510045], [1666.0771273504834, -51.31752311785334], [1666.4702365612975, -49.425083117885436], [1665.3891862316457, -49.313763117771], [1664.209858599552, -49.09112311754214]]]}, "properties": {"id": 820, "height_m": 3.0, "levels": 1, "category": "residencial", "extrude": true, "manzana_id": 168}}, {"type": "Feature", "geometry": {"type": "Polygon", "coordinates": [[[1671.9737655119982, -53.65524311788349], [1671.0892697879283, -53.543923117769054], [1670.8927151823464, -54.99108311767472], [1671.7772109067657, -55.10240311778915], [1671.9737655119982, -53.65524311788349]]]}, "properties": {"id": 821, "height_m": 3.0, "levels": 1, "category": "residencial", "extrude": true, "manzana_id": 168}}, {"type": "Feature", "geometry": {"type": "Polygon", "coordinates": [[[1655.6597332654776, -57.774083117767105], [1655.5614559626868, -58.77596311761053], [1659.885657281294, -59.55520311762058], [1660.0822118865265, -58.553323117777154], [1659.5908253729215, -58.44200311766272], [1659.394270767689, -58.44200311766272], [1655.6597332654776, -57.774083117767105]]]}, "properties": {"id": 822, "height_m": 6.0, "levels": 2, "category": "residencial", "extrude": true, "manzana_id": 168}}, {"type": "Feature", "geometry": {"type": "Polygon", "coordinates": [[[1651.1389773416379, -56.99484311775706], [1650.9424227364052, -57.99672311760048], [1655.5614559626868, -58.77596311761053], [1655.6597332654776, -57.774083117767105], [1651.1389773416379, -56.99484311775706]]]}, "properties": {"id": 823, "height_m": 6.0, "levels": 2, "category": "residencial", "extrude": true, "manzana_id": 168}}, {"type": "Feature", "geometry": {"type": "Polygon", "coordinates": [[[1667.1581776801352, -59.77784311784944], [1667.0599003773443, -60.77972311769287], [1670.696160577114, -61.33632311786954], [1670.8927151823464, -60.33444311763063], [1667.1581776801352, -59.77784311784944]]]}, "properties": {"id": 824, "height_m": 6.0, "levels": 2, "category": "residencial", "extrude": true, "manzana_id": 168}}, {"type": "Feature", "geometry": {"type": "Polygon", "coordinates": [[[1671.9737655119982, -53.543923117769054], [1669.9099421554856, -53.209963117821246], [1669.615110247462, -54.76844311784134], [1670.8927151823464, -54.99108311767472], [1671.0892697879283, -53.543923117769054], [1671.9737655119982, -53.65524311788349], [1671.9737655119982, -53.543923117769054]]]}, "properties": {"id": 825, "height_m": 6.0, "levels": 2, "category": "residencial", "extrude": true, "manzana_id": 168}}, {"type": "Feature", "geometry": {"type": "Polygon", "coordinates": [[[1651.6303638552426, -54.10052311755024], [1651.1389773416379, -56.99484311775706], [1655.6597332654776, -57.774083117767105], [1659.394270767689, -58.44200311766272], [1659.5908253729215, -58.44200311766272], [1660.0822118865265, -55.43636311773696], [1651.6303638552426, -54.10052311755024]]]}, "properties": {"id": 826, "height_m": 9.0, "levels": 3, "category": "residencial", "extrude": true, "manzana_id": 168}}, {"type": "Feature", "geometry": {"type": "Polygon", "coordinates": [[[1671.3841016959516, -57.4401231178193], [1663.0305309671096, -55.992963117518144], [1662.5391444538536, -58.998603117839394], [1667.1581776801352, -59.77784311784944], [1670.8927151823464, -60.33444311763063], [1670.8927151823464, -60.223123117516195], [1671.3841016959516, -57.4401231178193]]]}, "properties": {"id": 827, "height_m": 9.0, "levels": 3, "category": "residencial", "extrude": true, "manzana_id": 168}}, {"type": "Feature", "geometry": {"type": "Polygon", "coordinates": [[[1652.8096914873363, -47.08736311785529], [1652.2200276712897, -50.983563117510045], [1651.7286411580337, -53.65524311788349], [1651.6303638552426, -54.10052311755024], [1660.0822118865265, -55.43636311773696], [1659.5908253729215, -58.44200311766272], [1660.0822118865265, -58.553323117777154], [1660.37704379455, -58.553323117777154], [1662.1460352430395, -58.88728311772496], [1662.342589848272, -58.88728311772496], [1662.4408671510628, -58.998603117839394], [1662.5391444538536, -58.998603117839394], [1663.0305309671096, -55.992963117518144], [1671.3841016959516, -57.4401231178193], [1671.678933603975, -55.659003117570336], [1671.7772109067657, -55.10240311778915], [1670.8927151823464, -54.99108311767472], [1669.615110247462, -54.76844311784134], [1669.9099421554856, -53.209963117821246], [1671.9737655119982, -53.543923117769054], [1672.1703201172309, -52.764683117759006], [1672.1703201172309, -52.653363117644574], [1672.5634293280452, -50.42696311772886], [1666.4702365612975, -49.425083117885436], [1666.0771273504834, -51.31752311785334], [1665.880572745251, -52.764683117759006], [1663.718472085947, -52.4307231178112], [1663.9150266915287, -50.983563117510045], [1662.6374217562952, -50.76092311767667], [1662.9322536646678, -48.86848311770876], [1662.6374217562952, -48.75716311759433], [1662.342589848272, -48.75716311759433], [1652.9079687901271, -47.08736311785529], [1652.8096914873363, -47.08736311785529]]]}, "properties": {"id": 828, "height_m": 12.0, "levels": 4, "category": "residencial", "extrude": true, "manzana_id": 168}}, {"type": "Feature", "geometry": {"type": "Polygon", "coordinates": [[[1662.9322536646678, -48.86848311770876], [1662.6374217562952, -50.76092311767667], [1663.9150266915287, -50.983563117510045], [1664.209858599552, -49.09112311754214], [1663.9150266915287, -48.979803117823195], [1662.9322536646678, -48.86848311770876]]]}, "properties": {"id": 829, "height_m": 9.0, "levels": 3, "category": "residencial", "extrude": true, "manzana_id": 168}}, {"type": "Feature", "geometry": {"type": "Polygon", "coordinates": [[[1657.6252793191995, -51.76280311752009], [1655.364901357454, -51.428843117572285], [1654.97179214664, -53.32128311754019], [1657.330447411176, -53.76656311760243], [1657.6252793191995, -51.76280311752009]]]}, "properties": {"id": 830, "height_m": 3.0, "levels": 1, "category": "residencial", "extrude": true, "manzana_id": 168}}, {"type": "Feature", "geometry": {"type": "Polygon", "coordinates": [[[1663.9150266915287, -50.983563117510045], [1663.718472085947, -52.4307231178112], [1665.880572745251, -52.764683117759006], [1666.0771273504834, -51.31752311785334], [1663.9150266915287, -50.983563117510045]]]}, "properties": {"id": 831, "height_m": 9.0, "levels": 3, "category": "residencial", "extrude": true, "manzana_id": 168}}, {"type": "Feature", "geometry": {"type": "Polygon", "coordinates": [[[1670.8927151823464, -60.33444311763063], [1670.696160577114, -61.33632311786954], [1680.523890846073, -63.00612311760858], [1680.7204454513055, -62.00424311776516], [1670.8927151823464, -60.33444311763063]]]}, "properties": {"id": 832, "height_m": 3.0, "levels": 1, "category": "residencial", "extrude": true, "manzana_id": 168}}, {"type": "Feature", "geometry": {"type": "Polygon", "coordinates": [[[1674.135866171302, -60.668403117578436], [1674.8238072901395, -56.21560311774701], [1671.678933603975, -55.659003117570336], [1671.3841016959516, -57.4401231178193], [1670.8927151823464, -60.223123117516195], [1670.8927151823464, -60.33444311763063], [1674.135866171302, -60.8910431178073], [1674.135866171302, -60.668403117578436]]]}, "properties": {"id": 833, "height_m": 6.0, "levels": 2, "category": "residencial", "extrude": true, "manzana_id": 168}}, {"type": "Feature", "geometry": {"type": "Polygon", "coordinates": [[[1682.391159597004, -52.20808311758233], [1682.391159597004, -52.09676311786339], [1672.5634293280452, -50.42696311772886], [1672.5634293280452, -50.42696311772886], [1672.1703201172309, -52.653363117644574], [1672.1703201172309, -52.764683117759006], [1671.9737655119982, -53.543923117769054], [1671.9737655119982, -53.65524311788349], [1671.7772109067657, -55.10240311778915], [1671.678933603975, -55.659003117570336], [1674.8238072901395, -56.21560311774701], [1674.135866171302, -60.668403117578436], [1674.135866171302, -60.8910431178073], [1680.7204454513055, -62.00424311776516], [1680.7204454513055, -62.00424311776516], [1681.015277359329, -60.44576311774506], [1682.391159597004, -52.20808311758233]]]}, "properties": {"id": 834, "height_m": 6.0, "levels": 2, "category": "residencial", "extrude": true, "manzana_id": 168}}, {"type": "Feature", "geometry": {"type": "Polygon", "coordinates": [[[1680.7204454513055, -62.00424311776516], [1680.523890846073, -63.00612311760858], [1690.4498984178226, -64.67592311774311], [1690.5481757202645, -63.6740431175042], [1686.2239744020064, -63.00612311760858], [1682.2928822945623, -62.338203117712965], [1680.7204454513055, -62.00424311776516]]]}, "properties": {"id": 835, "height_m": 6.0, "levels": 2, "category": "residencial", "extrude": true, "manzana_id": 168}}, {"type": "Feature", "geometry": {"type": "Polygon", "coordinates": [[[1684.0618737427028, -42.189283117566134], [1682.5877142025856, -51.20620311773891], [1682.391159597004, -52.20808311758233], [1681.015277359329, -60.44576311774506], [1680.7204454513055, -62.00424311776516], [1682.2928822945623, -62.338203117712965], [1686.2239744020064, -63.00612311760858], [1687.6981339424724, -54.21184311766467], [1692.0223352607306, -54.87976311756029], [1692.4154444715448, -52.764683117759006], [1689.368848088171, -52.20808311758233], [1690.8430076282878, -43.41380311763842], [1684.356705650726, -42.300603117680566], [1684.0618737427028, -42.189283117566134]]]}, "properties": {"id": 836, "height_m": 12.0, "levels": 4, "category": "residencial", "extrude": true, "manzana_id": 168}}, {"type": "Feature", "geometry": {"type": "Polygon", "coordinates": [[[1684.0618737427028, -42.189283117566134], [1684.356705650726, -42.300603117680566], [1690.8430076282878, -43.41380311763842], [1693.8896040116617, -43.85908311770066], [1694.0861586172432, -42.96852311757618], [1684.2584283482845, -41.29872311783714], [1684.0618737427028, -42.189283117566134]]]}, "properties": {"id": 837, "height_m": 6.0, "levels": 2, "category": "residencial", "extrude": true, "manzana_id": 168}}, {"type": "Feature", "geometry": {"type": "Polygon", "coordinates": [[[1692.0223352607306, -54.87976311756029], [1687.6981339424724, -54.21184311766467], [1686.2239744020064, -63.00612311760858], [1690.5481757202645, -63.6740431175042], [1690.7447303258461, -62.783483117775205], [1692.0223352607306, -55.213723117508096], [1692.0223352607306, -54.87976311756029]]]}, "properties": {"id": 838, "height_m": 9.0, "levels": 3, "category": "residencial", "extrude": true, "manzana_id": 168}}, {"type": "Feature", "geometry": {"type": "Polygon", "coordinates": [[[1690.8430076282878, -43.41380311763842], [1689.368848088171, -52.20808311758233], [1692.4154444715448, -52.764683117759006], [1692.4154444715448, -52.653363117644574], [1693.693049406429, -44.86096311754409], [1693.8896040116617, -43.85908311770066], [1690.8430076282878, -43.41380311763842]]]}, "properties": {"id": 839, "height_m": 9.0, "levels": 3, "category": "residencial", "extrude": true, "manzana_id": 168}}, {"type": "Feature", "geometry": {"type": "Polygon", "coordinates": [[[1692.0223352607306, -54.87976311756029], [1692.0223352607306, -55.213723117508096], [1690.7447303258461, -62.783483117775205], [1691.7275033527071, -62.89480311788964], [1693.0051082875914, -55.10240311778915], [1692.0223352607306, -54.87976311756029]]]}, "properties": {"id": 840, "height_m": 6.0, "levels": 2, "category": "residencial", "extrude": true, "manzana_id": 168}}, {"type": "Feature", "geometry": {"type": "Polygon", "coordinates": [[[1693.693049406429, -44.86096311754409], [1692.4154444715448, -52.653363117644574], [1692.4154444715448, -52.764683117759006], [1693.3982174984058, -52.87600311787344], [1694.6758224332903, -45.08360311777295], [1693.693049406429, -44.86096311754409]]]}, "properties": {"id": 841, "height_m": 6.0, "levels": 2, "category": "residencial", "extrude": true, "manzana_id": 168}}, {"type": "Feature", "geometry": {"type": "Polygon", "coordinates": [[[1674.2341434737436, -40.51948311782709], [1672.7599839336267, -49.20244311765657], [1672.7599839336267, -49.313763117771], [1672.6617066308359, -49.64772311771881], [1672.5634293280452, -50.42696311772886], [1679.8359497272354, -51.65148311780115], [1680.425613543282, -48.20056311781315], [1682.9808234134, -48.64584311787539], [1684.0618737427028, -42.189283117566134], [1680.1307816352587, -41.52136311767052], [1679.3445632136302, -46.53076311767862], [1677.2807398571174, -46.19680311773081], [1678.066958278746, -41.18740311772271], [1674.2341434737436, -40.51948311782709]]]}, "properties": {"id": 842, "height_m": 6.0, "levels": 2, "category": "residencial", "extrude": true, "manzana_id": 168}}, {"type": "Feature", "geometry": {"type": "Polygon", "coordinates": [[[1678.066958278746, -41.18740311772271], [1677.2807398571174, -46.19680311773081], [1679.3445632136302, -46.53076311767862], [1680.1307816352587, -41.52136311767052], [1678.066958278746, -41.18740311772271]]]}, "properties": {"id": 843, "height_m": 9.0, "levels": 3, "category": "residencial", "extrude": true, "manzana_id": 168}}, {"type": "Feature", "geometry": {"type": "Polygon", "coordinates": [[[1682.9808234134, -48.64584311787539], [1680.425613543282, -48.20056311781315], [1679.8359497272354, -51.65148311780115], [1682.391159597004, -52.09676311786339], [1682.5877142025856, -51.20620311773891], [1682.9808234134, -48.64584311787539]]]}, "properties": {"id": 844, "height_m": 3.0, "levels": 1, "category": "residencial", "extrude": true, "manzana_id": 168}}, {"type": "Feature", "geometry": {"type": "Polygon", "coordinates": [[[1664.4064132047847, -38.849683117692564], [1663.6201947835054, -43.079843117690615], [1662.735699059086, -48.20056311781315], [1662.6374217562952, -48.75716311759433], [1662.9322536646678, -48.86848311770876], [1663.9150266915287, -48.979803117823195], [1664.209858599552, -49.09112311754214], [1665.3891862316457, -49.313763117771], [1666.4702365612975, -49.425083117885436], [1672.5634293280452, -50.42696311772886], [1672.6617066308359, -49.64772311771881], [1672.7599839336267, -49.313763117771], [1672.7599839336267, -49.20244311765657], [1674.2341434737436, -40.51948311782709], [1664.4064132047847, -38.849683117692564]]]}, "properties": {"id": 845, "height_m": 6.0, "levels": 2, "category": "residencial", "extrude": true, "manzana_id": 168}}, {"type": "Feature", "geometry": {"type": "Polygon", "coordinates": [[[1644.2595661536109, -37.73648311773471], [1642.9819612183774, -45.194923117887384], [1642.9819612183774, -45.41756311772076], [1643.9647342452383, -45.52888311783519], [1646.4216668125653, -45.97416311789743], [1646.6182214181472, -46.08548311761638], [1647.011330628612, -43.41380311763842], [1649.56654049873, -43.85908311770066], [1649.1734312879157, -46.53076311767862], [1652.8096914873363, -47.08736311785529], [1652.9079687901271, -47.08736311785529], [1656.5442289895477, -47.755283117750906], [1656.9373382003619, -45.194923117887384], [1659.4925480704796, -45.64020311755414], [1659.0994388596655, -48.20056311781315], [1662.342589848272, -48.75716311759433], [1662.6374217562952, -48.75716311759433], [1662.735699059086, -48.20056311781315], [1663.6201947835054, -43.079843117690615], [1664.0133039939703, -41.07608311760828], [1659.6891026757123, -40.40816311771266], [1660.0822118865265, -38.18176311779695], [1654.6769602386164, -37.29120311767247], [1648.8785993798924, -36.28932311782904], [1648.485490169078, -38.515723117744756], [1644.2595661536109, -37.73648311773471]]]}, "properties": {"id": 846, "height_m": 12.0, "levels": 4, "category": "residencial", "extrude": true, "manzana_id": 168}}, {"type": "Feature", "geometry": {"type": "Polygon", "coordinates": [[[1644.652675364076, -35.51008311781899], [1644.2595661536109, -37.73648311773471], [1648.485490169078, -38.515723117744756], [1648.8785993798924, -36.28932311782904], [1644.652675364076, -35.51008311781899]]]}, "properties": {"id": 847, "height_m": 9.0, "levels": 3, "category": "residencial", "extrude": true, "manzana_id": 168}}, {"type": "Feature", "geometry": {"type": "Polygon", "coordinates": [[[1644.8492299696577, -34.50820311758008], [1644.652675364076, -35.51008311781899], [1648.8785993798924, -36.28932311782904], [1654.6769602386164, -37.29120311767247], [1660.0822118865265, -38.18176311779695], [1664.4064132047847, -38.849683117692564], [1664.5046905075756, -37.95912311756808], [1644.8492299696577, -34.50820311758008]]]}, "properties": {"id": 848, "height_m": 6.0, "levels": 2, "category": "residencial", "extrude": true, "manzana_id": 168}}, {"type": "Feature", "geometry": {"type": "Polygon", "coordinates": [[[1649.1734312879157, -46.53076311767862], [1649.56654049873, -43.85908311770066], [1647.011330628612, -43.41380311763842], [1646.6182214181472, -46.08548311761638], [1649.1734312879157, -46.53076311767862]]]}, "properties": {"id": 849, "height_m": 3.0, "levels": 1, "category": "residencial", "extrude": true, "manzana_id": 168}}, {"type": "Feature", "geometry": {"type": "Polygon", "coordinates": [[[1659.0994388596655, -48.20056311781315], [1659.4925480704796, -45.64020311755414], [1656.9373382003619, -45.194923117887384], [1656.5442289895477, -47.755283117750906], [1659.0994388596655, -48.20056311781315]]]}, "properties": {"id": 850, "height_m": 3.0, "levels": 1, "category": "residencial", "extrude": true, "manzana_id": 168}}, {"type": "Feature", "geometry": {"type": "Polygon", "coordinates": [[[1660.0822118865265, -38.18176311779695], [1659.6891026757123, -40.40816311771266], [1664.0133039939703, -41.07608311760828], [1664.4064132047847, -38.849683117692564], [1660.0822118865265, -38.18176311779695]]]}, "properties": {"id": 851, "height_m": 9.0, "levels": 3, "category": "residencial", "extrude": true, "manzana_id": 168}}, {"type": "Feature", "geometry": {"type": "Polygon", "coordinates": [[[1634.8249450951168, -33.840283117684464], [1634.3335585818609, -36.400643117547986], [1633.1542309494184, -43.74776311758623], [1633.1542309494184, -43.74776311758623], [1642.9819612183774, -45.41756311772076], [1642.9819612183774, -45.194923117887384], [1643.8664569427965, -40.40816311771266], [1641.8026335862837, -40.07420311776485], [1642.588852007563, -35.176123117871185], [1641.9009108887253, -35.06480311775675], [1639.738810229771, -34.730843117808945], [1634.923222397908, -33.840283117684464], [1634.8249450951168, -33.840283117684464]]]}, "properties": {"id": 852, "height_m": 6.0, "levels": 2, "category": "residencial", "extrude": true, "manzana_id": 168}}, {"type": "Feature", "geometry": {"type": "Polygon", "coordinates": [[[1634.923222397908, -32.83840311784104], [1634.8249450951168, -33.840283117684464], [1634.923222397908, -33.840283117684464], [1639.738810229771, -34.730843117808945], [1639.9353648350034, -33.72896311757003], [1634.923222397908, -32.83840311784104]]]}, "properties": {"id": 853, "height_m": 3.0, "levels": 1, "category": "residencial", "extrude": true, "manzana_id": 168}}, {"type": "Feature", "geometry": {"type": "Polygon", "coordinates": [[[1642.588852007563, -35.176123117871185], [1641.8026335862837, -40.07420311776485], [1643.8664569427965, -40.40816311771266], [1644.652675364076, -35.51008311781899], [1642.588852007563, -35.176123117871185]]]}, "properties": {"id": 854, "height_m": 9.0, "levels": 3, "category": "residencial", "extrude": true, "manzana_id": 168}}, {"type": "Feature", "geometry": {"type": "Polygon", "coordinates": [[[1624.8989375237163, -32.170483117549935], [1623.2282233776684, -42.07796311784719], [1623.2282233776684, -42.07796311784719], [1633.1542309494184, -43.74776311758623], [1634.0387266738378, -38.29308311751589], [1631.8766260145342, -37.95912311756808], [1632.6628444361625, -33.506323117736656], [1629.8128026580212, -33.061043117674416], [1625.2920467341814, -32.28180311766437], [1624.997214826158, -32.170483117549935], [1624.8989375237163, -32.170483117549935]]]}, "properties": {"id": 855, "height_m": 9.0, "levels": 3, "category": "residencial", "extrude": true, "manzana_id": 168}}, {"type": "Feature", "geometry": {"type": "Polygon", "coordinates": [[[1625.0954921289488, -31.16860311770651], [1624.8989375237163, -32.170483117549935], [1624.997214826158, -32.170483117549935], [1625.2920467341814, -32.28180311766437], [1629.8128026580212, -33.061043117674416], [1630.0093572632536, -32.05916311783099], [1625.0954921289488, -31.16860311770651]]]}, "properties": {"id": 856, "height_m": 6.0, "levels": 2, "category": "residencial", "extrude": true, "manzana_id": 168}}, {"type": "Feature", "geometry": {"type": "Polygon", "coordinates": [[[1632.6628444361625, -33.506323117736656], [1631.8766260145342, -37.95912311756808], [1634.0387266738378, -38.29308311751589], [1634.3335585818609, -36.400643117547986], [1634.8249450951168, -33.840283117684464], [1632.761121738604, -33.506323117736656], [1632.6628444361625, -33.506323117736656]]]}, "properties": {"id": 857, "height_m": 12.0, "levels": 4, "category": "residencial", "extrude": true, "manzana_id": 168}}, {"type": "Feature", "geometry": {"type": "Polygon", "coordinates": [[[1624.8989375237163, -32.170483117549935], [1625.0954921289488, -31.16860311770651], [1614.2849888331289, -29.387483117853037], [1612.4177200818485, -40.185523117879285], [1613.4004931087095, -40.40816311771266], [1613.4004931087095, -40.40816311771266], [1613.4987704115003, -39.96288311765042], [1615.0712072544081, -30.500683117810894], [1622.7368368644127, -31.836523117602127], [1624.8989375237163, -32.170483117549935]]]}, "properties": {"id": 858, "height_m": 6.0, "levels": 2, "category": "residencial", "extrude": true, "manzana_id": 168}}, {"type": "Feature", "geometry": {"type": "Polygon", "coordinates": [[[1622.7368368644127, -31.836523117602127], [1615.0712072544081, -30.500683117810894], [1613.4987704115003, -39.96288311765042], [1613.4004931087095, -40.40816311771266], [1613.4004931087095, -40.40816311771266], [1623.2282233776684, -42.07796311784719], [1623.2282233776684, -42.07796311784719], [1624.1127191020878, -37.179883117558035], [1621.9506184427842, -36.73460311789128], [1622.7368368644127, -31.836523117602127]]]}, "properties": {"id": 859, "height_m": 9.0, "levels": 3, "category": "residencial", "extrude": true, "manzana_id": 168}}, {"type": "Feature", "geometry": {"type": "Polygon", "coordinates": [[[1622.7368368644127, -31.836523117602127], [1621.9506184427842, -36.73460311789128], [1624.1127191020878, -37.179883117558035], [1624.8989375237163, -32.170483117549935], [1622.7368368644127, -31.836523117602127]]]}, "properties": {"id": 860, "height_m": 12.0, "levels": 4, "category": "residencial", "extrude": true, "manzana_id": 168}}, {"type": "Feature", "geometry": {"type": "Polygon", "coordinates": [[[1580.9689832212498, 66.5703568823109], [1577.1361684162473, 67.23827688220652], [1575.2688996653162, 56.106276882232464], [1579.0034371675276, 55.43835688233685], [1580.9689832212498, 66.5703568823109]]]}, "properties": {"id": 861, "height_m": 3.0, "levels": 1, "category": "residencial", "extrude": true, "manzana_id": 172}}, {"type": "Feature", "geometry": {"type": "Polygon", "coordinates": [[[1580.9689832212498, 66.5703568823109], [1579.0034371675276, 55.43835688233685], [1607.2090230395204, 50.651596882162124], [1607.9952414607997, 56.32891688246133], [1608.781459882428, 56.217596882346896], [1608.4866279744047, 55.327036882222416], [1608.4866279744047, 54.21383688226456], [1608.5849052771953, 53.43459688225451], [1608.5849052771953, 53.211956882421134], [1608.9780144876604, 52.21007688218222], [1609.4694010012656, 51.31951688245323], [1610.1573421201033, 50.54027688244318], [1610.9435605417316, 49.98367688226651], [1611.8280562658017, 49.53839688220427], [1612.9091065954535, 49.20443688225646], [1613.8918796223147, 49.20443688225646], [1615.7591483732458, 49.872356882152076], [1616.643644097665, 50.317636882214316], [1617.3315852165026, 50.98555688210993], [1618.0195263353403, 51.76479688211998], [1618.4126355461544, 52.766676882358894], [1618.707467454178, 53.657236882483375], [1618.8057447566196, 55.660996882170224], [1618.510912848596, 56.66287688240914], [1618.0195263353403, 57.55343688213813], [1617.3315852165026, 58.33267688214818], [1616.545366794874, 58.88927688232485], [1615.6608710708042, 59.445876882106035], [1614.678098043943, 59.6685168823349], [1614.0884342275472, 59.77983688244933], [1614.2849888331289, 60.11379688239714], [1612.0246108710344, 60.44775688234495], [1612.9091065954535, 65.56847688246748], [1613.105661200686, 66.5703568823109], [1609.9607875148706, 67.12695688248758], [1609.5676783040565, 64.45527688211413], [1606.1279727098686, 62.34019688231285], [1580.9689832212498, 66.5703568823109]]]}, "properties": {"id": 862, "height_m": 6.0, "levels": 2, "category": "residencial", "extrude": true, "manzana_id": 172}}, {"type": "Feature", "geometry": {"type": "Polygon", "coordinates": [[[1591.7794865170697, 127.57371688213709], [1587.9466717120674, 128.2416368824282], [1586.079402961136, 117.10963688245414], [1589.8139404633478, 116.44171688216304], [1591.7794865170697, 127.57371688213709]]]}, "properties": {"id": 863, "height_m": 3.0, "levels": 1, "category": "residencial", "extrude": true, "manzana_id": 172}}, {"type": "Feature", "geometry": {"type": "Polygon", "coordinates": [[[1591.7794865170697, 127.57371688213709], [1589.8139404633478, 116.44171688216304], [1615.0712072544081, 112.10023688244604], [1617.528139821735, 108.5379968823436], [1617.036753308479, 105.97763688248008], [1620.083349691853, 105.53235688241784], [1621.066122718714, 111.43231688215494], [1623.7196098912734, 110.98703688248818], [1624.014441799297, 111.87759688221718], [1624.7023829181346, 111.87759688221718], [1625.6851559449956, 111.87759688221718], [1626.6679289718566, 112.21155688216498], [1627.552424696276, 112.65683688222722], [1628.3386431175552, 113.32475688212284], [1628.928306933951, 114.10399688213289], [1629.5179707499979, 114.88323688214294], [1629.911079960812, 116.88699688222528], [1629.7145253552303, 117.88887688246419], [1629.419693447207, 118.89075688230761], [1628.928306933951, 119.7813168824321], [1628.2403658151134, 120.44923688232771], [1627.454147393485, 121.11715688222333], [1626.5696516694147, 121.6737568824], [1625.2920467341814, 121.89639688223338], [1624.2109964048786, 121.89639688223338], [1623.2282233776684, 121.6737568824], [1622.3437276535985, 121.22847688233776], [1621.5575092319698, 120.67187688216109], [1620.8695681131323, 119.89263688215104], [1620.2799042970855, 119.11339688214099], [1619.9850723890622, 118.11151688229756], [1619.8867950862714, 117.66623688223532], [1619.2971312702246, 117.77755688234976], [1619.8867950862714, 122.78695688235786], [1591.7794865170697, 127.57371688213709]]]}, "properties": {"id": 864, "height_m": 6.0, "levels": 2, "category": "residencial", "extrude": true, "manzana_id": 172}}, {"type": "Feature", "geometry": {"type": "Polygon", "coordinates": [[[1607.5038549475437, 93.95507688238155], [1606.7176365259152, 88.38907688219678], [1604.4572585641697, 88.61171688242564], [1603.8675947477739, 84.15891688219872], [1606.0296954070775, 83.82495688225092], [1605.2434769854492, 78.37027688218058], [1609.8625102120798, 77.70235688228496], [1609.665955606498, 75.92123688243149], [1615.8574256760367, 75.030676882307], [1616.15225758406, 76.81179688216048], [1620.9678454159232, 76.14387688226486], [1621.6557865347609, 80.70799688221072], [1623.3265006804593, 80.48535688237735], [1624.2109964048786, 86.6079568823433], [1622.540282258831, 86.94191688229111], [1623.2282233776684, 91.72867688246583], [1618.4126355461544, 92.39659688236145], [1618.707467454178, 94.06639688249598], [1613.7936023195236, 94.84563688211054], [1613.5970477142912, 93.06451688225707], [1607.5038549475437, 93.95507688238155]]]}, "properties": {"id": 865, "height_m": 3.0, "levels": 1, "category": "residencial", "extrude": true, "manzana_id": 172}}, {"type": "Feature", "geometry": {"type": "Polygon", "coordinates": [[[1610.2556194228941, 69.01939688245548], [1609.9607875148706, 67.12695688248758], [1613.105661200686, 66.5703568823109], [1612.9091065954535, 65.56847688246748], [1612.0246108710344, 60.44775688234495], [1614.2849888331289, 60.11379688239714], [1619.5919631782479, 59.111916882158226], [1620.9678454159232, 67.23827688220652], [1617.9212490325494, 67.79487688238319], [1610.2556194228941, 69.01939688245548]]]}, "properties": {"id": 866, "height_m": 9.0, "levels": 3, "category": "residencial", "extrude": true, "manzana_id": 172}}, {"type": "Feature", "geometry": {"type": "Polygon", "coordinates": [[[1617.9212490325494, 67.79487688238319], [1618.510912848596, 71.46843688220457], [1610.9435605417316, 72.69295688227686], [1610.2556194228941, 69.01939688245548], [1617.9212490325494, 67.79487688238319]]]}, "properties": {"id": 867, "height_m": 6.0, "levels": 2, "category": "residencial", "extrude": true, "manzana_id": 172}}, {"type": "Feature", "geometry": {"type": "Polygon", "coordinates": [[[1616.741921400456, 103.97387688239775], [1616.0539802816184, 100.30031688218088], [1623.7196098912734, 98.96447688238965], [1624.3092737073205, 102.63803688221103], [1616.741921400456, 103.97387688239775]]]}, "properties": {"id": 868, "height_m": 6.0, "levels": 2, "category": "residencial", "extrude": true, "manzana_id": 172}}, {"type": "Feature", "geometry": {"type": "Polygon", "coordinates": [[[1617.036753308479, 105.97763688248008], [1616.741921400456, 103.97387688239775], [1624.3092737073205, 102.63803688221103], [1627.355870090694, 102.19275688214879], [1628.7317523283693, 110.20779688247814], [1623.7196098912734, 110.98703688248818], [1621.066122718714, 111.43231688215494], [1620.083349691853, 105.53235688241784], [1617.036753308479, 105.97763688248008]]]}, "properties": {"id": 869, "height_m": 9.0, "levels": 3, "category": "residencial", "extrude": true, "manzana_id": 172}}, {"type": "Feature", "geometry": {"type": "Polygon", "coordinates": [[[1682.9808234134, 9.129236882191663], [1681.3101092673521, -0.5556031178767284], [1685.7325878884012, -3.1159631177402503], [1690.2533438122412, 4.8990768821936115], [1682.9808234134, 9.129236882191663]]]}, "properties": {"id": 870, "height_m": 8.0, "levels": 0, "category": "residencial", "extrude": true, "manzana_id": 174}}, {"type": "Feature", "geometry": {"type": "Polygon", "coordinates": [[[1640.9181378618646, 31.28191688242083], [1635.5128862139545, 20.038596882332342], [1629.3214161447654, 21.1517968822902], [1623.8178871940645, -12.800803117808641], [1664.0133039939703, -19.257363117722406], [1663.6201947835054, -21.706403117866984], [1672.5634293280452, -26.715803117875083], [1685.7325878884012, -3.1159631177402503], [1681.3101092673521, -0.5556031178767284], [1682.9808234134, 9.129236882191663], [1683.8653191374701, 15.029196882324243], [1683.8653191374701, 15.69711688221986], [1683.5704872294468, 16.25371688239653], [1683.0791007158416, 16.698996882458772], [1682.5877142025856, 17.03295688240658], [1681.8997730837482, 17.03295688240658], [1681.3101092673521, 16.921636882292148], [1680.8187227540964, 16.698996882458772], [1680.3273362404914, 16.25371688239653], [1680.1307816352587, 15.585796882105427], [1680.0325043324679, 15.474476882386483], [1660.37704379455, 19.036716882488918], [1660.7701530053641, 21.374436882123575], [1641.9009108887253, 30.83663688235859], [1641.3112470726787, 31.1705968823064], [1640.9181378618646, 31.28191688242083]]]}, "properties": {"id": 871, "height_m": 3.0, "levels": 1, "category": "publico", "extrude": true, "manzana_id": 174}}, {"type": "Feature", "geometry": {"type": "Polygon", "coordinates": [[[1647.109607931403, 116.88699688222528], [1647.109607931403, 116.77567688211084], [1643.5716250347732, 97.29467688225512], [1647.994103655822, 96.51543688224507], [1666.4702365612975, 92.95319688214263], [1670.204774063509, 112.54551688211279], [1647.109607931403, 116.88699688222528]]]}, "properties": {"id": 872, "height_m": 3.0, "levels": 1, "category": "restauracion", "extrude": true, "manzana_id": 175}}, {"type": "Feature", "geometry": {"type": "Polygon", "coordinates": [[[1643.5716250347732, 97.29467688225512], [1641.9009108887253, 88.27775688247783], [1695.3637635521277, 78.25895688246163], [1696.9362003950355, 87.16455688212449], [1674.3324207765345, 91.50603688223697], [1678.066958278746, 111.09835688220713], [1670.204774063509, 112.54551688211279], [1666.4702365612975, 92.95319688214263], [1647.994103655822, 96.51543688224507], [1643.5716250347732, 97.29467688225512]]]}, "properties": {"id": 873, "height_m": 6.0, "levels": 2, "category": "residencial", "extrude": true, "manzana_id": 175}}, {"type": "Feature", "geometry": {"type": "Polygon", "coordinates": [[[1678.066958278746, 111.09835688220713], [1674.3324207765345, 91.50603688223697], [1696.9362003950355, 87.16455688212449], [1700.4741832920145, 107.09083688243794], [1678.066958278746, 111.09835688220713]]]}, "properties": {"id": 874, "height_m": 3.0, "levels": 1, "category": "residencial", "extrude": true, "manzana_id": 175}}]}